target_period,series_code,analysis_column,series_name_tr,role,native_frequency,target_frequency,aggregation,value,value_status,source_observation_count,non_null_observation_count,missing_observation_count,first_source_period,last_source_period,source_period_end_max,expected_source_observation_count,absent_source_period_count,missing_source_periods,is_complete,completeness_status,selected_source_period,selected_source_period_end,valid_source_period_end_min,valid_source_period_end_max,staleness_days,representation,value_frequency,is_derived,source_series_code,derivation_operation,derivation_factor
2020-01,DERIVED.BIST.GOLD.TL.GR,DERIVED_BIST_GOLD_TL_GR,"BIST Altın Kapanış Fiyatı (TL/gram, TP.ALTINPIYASA.KAP02 / 1000)",alternative_asset_primary_tl_per_gram,DERIVED,monthly,scale_after_last,303.8,available_calendar_unverified,23,22,1,2020-01-01,2020-01-31,2020-01-31,,,null,,calendar_unverified,2020-01-31,2020-01-31,2020-01-02,2020-01-31,0.0,target_period_aggregate,monthly,True,TP.ALTINPIYASA.KAP02,scale,0.001
2020-01,TP.ALTINPIYASA.KAP02,TP_ALTINPIYASA_KAP02,Altın - Kapanış Fiyatı  - TL/kg,alternative_asset_primary,İŞ GÜNÜ,monthly,last,303800.0,available_calendar_unverified,23,22,1,2020-01-01,2020-01-31,2020-01-31,,,null,,calendar_unverified,2020-01-31,2020-01-31,2020-01-02,2020-01-31,0.0,target_period_aggregate,monthly,False,,,
2020-01,TP.ALTINPIYASA.KAP05,TP_ALTINPIYASA_KAP05,Altın - Kapanış Fiyatı  - TL/gr,alternative_asset_legacy_crosscheck,İŞ GÜNÜ,monthly,last,297.5,available_calendar_unverified,23,1,22,2020-01-01,2020-01-31,2020-01-31,,,null,,calendar_unverified,2020-01-24,2020-01-24,2020-01-24,2020-01-24,7.0,target_period_aggregate,monthly,False,,,
2020-01,TP.MK.F.BILESIK,TP_MK_F_BILESIK,"(FİYAT) BİST 100 Endeks (XU100), Kapanış Fiyatlarına Göre (Ocak 1986=0,01)",equity_market,İŞ GÜNÜ,monthly,last,1191.4,available_calendar_unverified,23,22,1,2020-01-01,2020-01-31,2020-01-31,,,null,,calendar_unverified,2020-01-31,2020-01-31,2020-01-02,2020-01-31,0.0,target_period_aggregate,monthly,False,,,
2020-02,DERIVED.BIST.GOLD.TL.GR,DERIVED_BIST_GOLD_TL_GR,"BIST Altın Kapanış Fiyatı (TL/gram, TP.ALTINPIYASA.KAP02 / 1000)",alternative_asset_primary_tl_per_gram,DERIVED,monthly,scale_after_last,324.5,available_calendar_unverified,20,20,0,2020-02-03,2020-02-28,2020-02-28,,,null,,calendar_unverified,2020-02-28,2020-02-28,2020-02-03,2020-02-28,1.0,target_period_aggregate,monthly,True,TP.ALTINPIYASA.KAP02,scale,0.001
2020-02,TP.ALTINPIYASA.KAP02,TP_ALTINPIYASA_KAP02,Altın - Kapanış Fiyatı  - TL/kg,alternative_asset_primary,İŞ GÜNÜ,monthly,last,324500.0,available_calendar_unverified,20,20,0,2020-02-03,2020-02-28,2020-02-28,,,null,,calendar_unverified,2020-02-28,2020-02-28,2020-02-03,2020-02-28,1.0,target_period_aggregate,monthly,False,,,
2020-02,TP.ALTINPIYASA.KAP05,TP_ALTINPIYASA_KAP05,Altın - Kapanış Fiyatı  - TL/gr,alternative_asset_legacy_crosscheck,İŞ GÜNÜ,monthly,last,,source_missing,20,0,20,2020-02-03,2020-02-28,2020-02-28,,,null,,calendar_unverified,,,,,,target_period_aggregate,monthly,False,,,
2020-02,TP.MK.F.BILESIK,TP_MK_F_BILESIK,"(FİYAT) BİST 100 Endeks (XU100), Kapanış Fiyatlarına Göre (Ocak 1986=0,01)",equity_market,İŞ GÜNÜ,monthly,last,1059.94,available_calendar_unverified,20,20,0,2020-02-03,2020-02-28,2020-02-28,,,null,,calendar_unverified,2020-02-28,2020-02-28,2020-02-03,2020-02-28,1.0,target_period_aggregate,monthly,False,,,
2020-03,DERIVED.BIST.GOLD.TL.GR,DERIVED_BIST_GOLD_TL_GR,"BIST Altın Kapanış Fiyatı (TL/gram, TP.ALTINPIYASA.KAP02 / 1000)",alternative_asset_primary_tl_per_gram,DERIVED,monthly,scale_after_last,343.0,available_calendar_unverified,22,22,0,2020-03-02,2020-03-31,2020-03-31,,,null,,calendar_unverified,2020-03-31,2020-03-31,2020-03-02,2020-03-31,0.0,target_period_aggregate,monthly,True,TP.ALTINPIYASA.KAP02,scale,0.001
2020-03,TP.ALTINPIYASA.KAP02,TP_ALTINPIYASA_KAP02,Altın - Kapanış Fiyatı  - TL/kg,alternative_asset_primary,İŞ GÜNÜ,monthly,last,343000.0,available_calendar_unverified,22,22,0,2020-03-02,2020-03-31,2020-03-31,,,null,,calendar_unverified,2020-03-31,2020-03-31,2020-03-02,2020-03-31,0.0,target_period_aggregate,monthly,False,,,
2020-03,TP.ALTINPIYASA.KAP05,TP_ALTINPIYASA_KAP05,Altın - Kapanış Fiyatı  - TL/gr,alternative_asset_legacy_crosscheck,İŞ GÜNÜ,monthly,last,,source_missing,22,0,22,2020-03-02,2020-03-31,2020-03-31,,,null,,calendar_unverified,,,,,,target_period_aggregate,monthly,False,,,
2020-03,TP.MK.F.BILESIK,TP_MK_F_BILESIK,"(FİYAT) BİST 100 Endeks (XU100), Kapanış Fiyatlarına Göre (Ocak 1986=0,01)",equity_market,İŞ GÜNÜ,monthly,last,896.44,available_calendar_unverified,22,22,0,2020-03-02,2020-03-31,2020-03-31,,,null,,calendar_unverified,2020-03-31,2020-03-31,2020-03-02,2020-03-31,0.0,target_period_aggregate,monthly,False,,,
2020-04,DERIVED.BIST.GOLD.TL.GR,DERIVED_BIST_GOLD_TL_GR,"BIST Altın Kapanış Fiyatı (TL/gram, TP.ALTINPIYASA.KAP02 / 1000)",alternative_asset_primary_tl_per_gram,DERIVED,monthly,scale_after_last,384.86,available_calendar_unverified,22,21,1,2020-04-01,2020-04-30,2020-04-30,,,null,,calendar_unverified,2020-04-30,2020-04-30,2020-04-01,2020-04-30,0.0,target_period_aggregate,monthly,True,TP.ALTINPIYASA.KAP02,scale,0.001
2020-04,TP.ALTINPIYASA.KAP02,TP_ALTINPIYASA_KAP02,Altın - Kapanış Fiyatı  - TL/kg,alternative_asset_primary,İŞ GÜNÜ,monthly,last,384860.0,available_calendar_unverified,22,21,1,2020-04-01,2020-04-30,2020-04-30,,,null,,calendar_unverified,2020-04-30,2020-04-30,2020-04-01,2020-04-30,0.0,target_period_aggregate,monthly,False,,,
2020-04,TP.ALTINPIYASA.KAP05,TP_ALTINPIYASA_KAP05,Altın - Kapanış Fiyatı  - TL/gr,alternative_asset_legacy_crosscheck,İŞ GÜNÜ,monthly,last,383.4,available_calendar_unverified,22,1,21,2020-04-01,2020-04-30,2020-04-30,,,null,,calendar_unverified,2020-04-28,2020-04-28,2020-04-28,2020-04-28,2.0,target_period_aggregate,monthly,False,,,
2020-04,TP.MK.F.BILESIK,TP_MK_F_BILESIK,"(FİYAT) BİST 100 Endeks (XU100), Kapanış Fiyatlarına Göre (Ocak 1986=0,01)",equity_market,İŞ GÜNÜ,monthly,last,1011.1,available_calendar_unverified,22,21,1,2020-04-01,2020-04-30,2020-04-30,,,null,,calendar_unverified,2020-04-30,2020-04-30,2020-04-01,2020-04-30,0.0,target_period_aggregate,monthly,False,,,
2020-05,DERIVED.BIST.GOLD.TL.GR,DERIVED_BIST_GOLD_TL_GR,"BIST Altın Kapanış Fiyatı (TL/gram, TP.ALTINPIYASA.KAP02 / 1000)",alternative_asset_primary_tl_per_gram,DERIVED,monthly,scale_after_last,379.5,available_calendar_unverified,21,17,4,2020-05-01,2020-05-29,2020-05-29,,,null,,calendar_unverified,2020-05-29,2020-05-29,2020-05-04,2020-05-29,2.0,target_period_aggregate,monthly,True,TP.ALTINPIYASA.KAP02,scale,0.001
2020-05,TP.ALTINPIYASA.KAP02,TP_ALTINPIYASA_KAP02,Altın - Kapanış Fiyatı  - TL/kg,alternative_asset_primary,İŞ GÜNÜ,monthly,last,379500.0,available_calendar_unverified,21,17,4,2020-05-01,2020-05-29,2020-05-29,,,null,,calendar_unverified,2020-05-29,2020-05-29,2020-05-04,2020-05-29,2.0,target_period_aggregate,monthly,False,,,
2020-05,TP.ALTINPIYASA.KAP05,TP_ALTINPIYASA_KAP05,Altın - Kapanış Fiyatı  - TL/gr,alternative_asset_legacy_crosscheck,İŞ GÜNÜ,monthly,last,395.5,available_calendar_unverified,21,1,20,2020-05-01,2020-05-29,2020-05-29,,,null,,calendar_unverified,2020-05-07,2020-05-07,2020-05-07,2020-05-07,24.0,target_period_aggregate,monthly,False,,,
2020-05,TP.MK.F.BILESIK,TP_MK_F_BILESIK,"(FİYAT) BİST 100 Endeks (XU100), Kapanış Fiyatlarına Göre (Ocak 1986=0,01)",equity_market,İŞ GÜNÜ,monthly,last,1055.2,available_calendar_unverified,21,17,4,2020-05-01,2020-05-29,2020-05-29,,,null,,calendar_unverified,2020-05-29,2020-05-29,2020-05-04,2020-05-29,2.0,target_period_aggregate,monthly,False,,,
2020-06,DERIVED.BIST.GOLD.TL.GR,DERIVED_BIST_GOLD_TL_GR,"BIST Altın Kapanış Fiyatı (TL/gram, TP.ALTINPIYASA.KAP02 / 1000)",alternative_asset_primary_tl_per_gram,DERIVED,monthly,scale_after_last,390.0,available_calendar_unverified,22,22,0,2020-06-01,2020-06-30,2020-06-30,,,null,,calendar_unverified,2020-06-30,2020-06-30,2020-06-01,2020-06-30,0.0,target_period_aggregate,monthly,True,TP.ALTINPIYASA.KAP02,scale,0.001
2020-06,TP.ALTINPIYASA.KAP02,TP_ALTINPIYASA_KAP02,Altın - Kapanış Fiyatı  - TL/kg,alternative_asset_primary,İŞ GÜNÜ,monthly,last,390000.0,available_calendar_unverified,22,22,0,2020-06-01,2020-06-30,2020-06-30,,,null,,calendar_unverified,2020-06-30,2020-06-30,2020-06-01,2020-06-30,0.0,target_period_aggregate,monthly,False,,,
2020-06,TP.ALTINPIYASA.KAP05,TP_ALTINPIYASA_KAP05,Altın - Kapanış Fiyatı  - TL/gr,alternative_asset_legacy_crosscheck,İŞ GÜNÜ,monthly,last,381.0,available_calendar_unverified,22,2,20,2020-06-01,2020-06-30,2020-06-30,,,null,,calendar_unverified,2020-06-02,2020-06-02,2020-06-01,2020-06-02,28.0,target_period_aggregate,monthly,False,,,
2020-06,TP.MK.F.BILESIK,TP_MK_F_BILESIK,"(FİYAT) BİST 100 Endeks (XU100), Kapanış Fiyatlarına Göre (Ocak 1986=0,01)",equity_market,İŞ GÜNÜ,monthly,last,1165.25,available_calendar_unverified,22,22,0,2020-06-01,2020-06-30,2020-06-30,,,null,,calendar_unverified,2020-06-30,2020-06-30,2020-06-01,2020-06-30,0.0,target_period_aggregate,monthly,False,,,
2020-07,DERIVED.BIST.GOLD.TL.GR,DERIVED_BIST_GOLD_TL_GR,"BIST Altın Kapanış Fiyatı (TL/gram, TP.ALTINPIYASA.KAP02 / 1000)",alternative_asset_primary_tl_per_gram,DERIVED,monthly,scale_after_last,441.5,available_calendar_unverified,23,20,3,2020-07-01,2020-07-31,2020-07-31,,,null,,calendar_unverified,2020-07-29,2020-07-29,2020-07-01,2020-07-29,2.0,target_period_aggregate,monthly,True,TP.ALTINPIYASA.KAP02,scale,0.001
2020-07,TP.ALTINPIYASA.KAP02,TP_ALTINPIYASA_KAP02,Altın - Kapanış Fiyatı  - TL/kg,alternative_asset_primary,İŞ GÜNÜ,monthly,last,441500.0,available_calendar_unverified,23,20,3,2020-07-01,2020-07-31,2020-07-31,,,null,,calendar_unverified,2020-07-29,2020-07-29,2020-07-01,2020-07-29,2.0,target_period_aggregate,monthly,False,,,
2020-07,TP.ALTINPIYASA.KAP05,TP_ALTINPIYASA_KAP05,Altın - Kapanış Fiyatı  - TL/gr,alternative_asset_legacy_crosscheck,İŞ GÜNÜ,monthly,last,390.0,available_calendar_unverified,23,1,22,2020-07-01,2020-07-31,2020-07-31,,,null,,calendar_unverified,2020-07-03,2020-07-03,2020-07-03,2020-07-03,28.0,target_period_aggregate,monthly,False,,,
2020-07,TP.MK.F.BILESIK,TP_MK_F_BILESIK,"(FİYAT) BİST 100 Endeks (XU100), Kapanış Fiyatlarına Göre (Ocak 1986=0,01)",equity_market,İŞ GÜNÜ,monthly,last,1126.9,available_calendar_unverified,23,21,2,2020-07-01,2020-07-31,2020-07-31,,,null,,calendar_unverified,2020-07-30,2020-07-30,2020-07-01,2020-07-30,1.0,target_period_aggregate,monthly,False,,,
2020-08,DERIVED.BIST.GOLD.TL.GR,DERIVED_BIST_GOLD_TL_GR,"BIST Altın Kapanış Fiyatı (TL/gram, TP.ALTINPIYASA.KAP02 / 1000)",alternative_asset_primary_tl_per_gram,DERIVED,monthly,scale_after_last,464.515,available_calendar_unverified,21,20,1,2020-08-03,2020-08-31,2020-08-31,,,null,,calendar_unverified,2020-08-31,2020-08-31,2020-08-04,2020-08-31,0.0,target_period_aggregate,monthly,True,TP.ALTINPIYASA.KAP02,scale,0.001
2020-08,TP.ALTINPIYASA.KAP02,TP_ALTINPIYASA_KAP02,Altın - Kapanış Fiyatı  - TL/kg,alternative_asset_primary,İŞ GÜNÜ,monthly,last,464515.0,available_calendar_unverified,21,20,1,2020-08-03,2020-08-31,2020-08-31,,,null,,calendar_unverified,2020-08-31,2020-08-31,2020-08-04,2020-08-31,0.0,target_period_aggregate,monthly,False,,,
2020-08,TP.ALTINPIYASA.KAP05,TP_ALTINPIYASA_KAP05,Altın - Kapanış Fiyatı  - TL/gr,alternative_asset_legacy_crosscheck,İŞ GÜNÜ,monthly,last,,source_missing,21,0,21,2020-08-03,2020-08-31,2020-08-31,,,null,,calendar_unverified,,,,,,target_period_aggregate,monthly,False,,,
2020-08,TP.MK.F.BILESIK,TP_MK_F_BILESIK,"(FİYAT) BİST 100 Endeks (XU100), Kapanış Fiyatlarına Göre (Ocak 1986=0,01)",equity_market,İŞ GÜNÜ,monthly,last,1078.61,available_calendar_unverified,21,20,1,2020-08-03,2020-08-31,2020-08-31,,,null,,calendar_unverified,2020-08-31,2020-08-31,2020-08-04,2020-08-31,0.0,target_period_aggregate,monthly,False,,,
2020-09,DERIVED.BIST.GOLD.TL.GR,DERIVED_BIST_GOLD_TL_GR,"BIST Altın Kapanış Fiyatı (TL/gram, TP.ALTINPIYASA.KAP02 / 1000)",alternative_asset_primary_tl_per_gram,DERIVED,monthly,scale_after_last,472.0,available_calendar_unverified,22,22,0,2020-09-01,2020-09-30,2020-09-30,,,null,,calendar_unverified,2020-09-30,2020-09-30,2020-09-01,2020-09-30,0.0,target_period_aggregate,monthly,True,TP.ALTINPIYASA.KAP02,scale,0.001
2020-09,TP.ALTINPIYASA.KAP02,TP_ALTINPIYASA_KAP02,Altın - Kapanış Fiyatı  - TL/kg,alternative_asset_primary,İŞ GÜNÜ,monthly,last,472000.0,available_calendar_unverified,22,22,0,2020-09-01,2020-09-30,2020-09-30,,,null,,calendar_unverified,2020-09-30,2020-09-30,2020-09-01,2020-09-30,0.0,target_period_aggregate,monthly,False,,,
2020-09,TP.ALTINPIYASA.KAP05,TP_ALTINPIYASA_KAP05,Altın - Kapanış Fiyatı  - TL/gr,alternative_asset_legacy_crosscheck,İŞ GÜNÜ,monthly,last,,source_missing,22,0,22,2020-09-01,2020-09-30,2020-09-30,,,null,,calendar_unverified,,,,,,target_period_aggregate,monthly,False,,,
2020-09,TP.MK.F.BILESIK,TP_MK_F_BILESIK,"(FİYAT) BİST 100 Endeks (XU100), Kapanış Fiyatlarına Göre (Ocak 1986=0,01)",equity_market,İŞ GÜNÜ,monthly,last,1145.24,available_calendar_unverified,22,22,0,2020-09-01,2020-09-30,2020-09-30,,,null,,calendar_unverified,2020-09-30,2020-09-30,2020-09-01,2020-09-30,0.0,target_period_aggregate,monthly,False,,,
2020-10,DERIVED.BIST.GOLD.TL.GR,DERIVED_BIST_GOLD_TL_GR,"BIST Altın Kapanış Fiyatı (TL/gram, TP.ALTINPIYASA.KAP02 / 1000)",alternative_asset_primary_tl_per_gram,DERIVED,monthly,scale_after_last,507.8,available_calendar_unverified,22,20,2,2020-10-01,2020-10-30,2020-10-30,,,null,,calendar_unverified,2020-10-30,2020-10-30,2020-10-01,2020-10-30,1.0,target_period_aggregate,monthly,True,TP.ALTINPIYASA.KAP02,scale,0.001
2020-10,TP.ALTINPIYASA.KAP02,TP_ALTINPIYASA_KAP02,Altın - Kapanış Fiyatı  - TL/kg,alternative_asset_primary,İŞ GÜNÜ,monthly,last,507800.0,available_calendar_unverified,22,20,2,2020-10-01,2020-10-30,2020-10-30,,,null,,calendar_unverified,2020-10-30,2020-10-30,2020-10-01,2020-10-30,1.0,target_period_aggregate,monthly,False,,,
2020-10,TP.ALTINPIYASA.KAP05,TP_ALTINPIYASA_KAP05,Altın - Kapanış Fiyatı  - TL/gr,alternative_asset_legacy_crosscheck,İŞ GÜNÜ,monthly,last,482.0,available_calendar_unverified,22,2,20,2020-10-01,2020-10-30,2020-10-30,,,null,,calendar_unverified,2020-10-19,2020-10-19,2020-10-06,2020-10-19,12.0,target_period_aggregate,monthly,False,,,
2020-10,TP.MK.F.BILESIK,TP_MK_F_BILESIK,"(FİYAT) BİST 100 Endeks (XU100), Kapanış Fiyatlarına Göre (Ocak 1986=0,01)",equity_market,İŞ GÜNÜ,monthly,last,1112.37,available_calendar_unverified,22,21,1,2020-10-01,2020-10-30,2020-10-30,,,null,,calendar_unverified,2020-10-30,2020-10-30,2020-10-01,2020-10-30,1.0,target_period_aggregate,monthly,False,,,
2020-11,DERIVED.BIST.GOLD.TL.GR,DERIVED_BIST_GOLD_TL_GR,"BIST Altın Kapanış Fiyatı (TL/gram, TP.ALTINPIYASA.KAP02 / 1000)",alternative_asset_primary_tl_per_gram,DERIVED,monthly,scale_after_last,438.0,available_calendar_unverified,21,21,0,2020-11-02,2020-11-30,2020-11-30,,,null,,calendar_unverified,2020-11-30,2020-11-30,2020-11-02,2020-11-30,0.0,target_period_aggregate,monthly,True,TP.ALTINPIYASA.KAP02,scale,0.001
2020-11,TP.ALTINPIYASA.KAP02,TP_ALTINPIYASA_KAP02,Altın - Kapanış Fiyatı  - TL/kg,alternative_asset_primary,İŞ GÜNÜ,monthly,last,438000.0,available_calendar_unverified,21,21,0,2020-11-02,2020-11-30,2020-11-30,,,null,,calendar_unverified,2020-11-30,2020-11-30,2020-11-02,2020-11-30,0.0,target_period_aggregate,monthly,False,,,
2020-11,TP.ALTINPIYASA.KAP05,TP_ALTINPIYASA_KAP05,Altın - Kapanış Fiyatı  - TL/gr,alternative_asset_legacy_crosscheck,İŞ GÜNÜ,monthly,last,455.0,available_calendar_unverified,21,2,19,2020-11-02,2020-11-30,2020-11-30,,,null,,calendar_unverified,2020-11-27,2020-11-27,2020-11-26,2020-11-27,3.0,target_period_aggregate,monthly,False,,,
2020-11,TP.MK.F.BILESIK,TP_MK_F_BILESIK,"(FİYAT) BİST 100 Endeks (XU100), Kapanış Fiyatlarına Göre (Ocak 1986=0,01)",equity_market,İŞ GÜNÜ,monthly,last,1283.58,available_calendar_unverified,21,21,0,2020-11-02,2020-11-30,2020-11-30,,,null,,calendar_unverified,2020-11-30,2020-11-30,2020-11-02,2020-11-30,0.0,target_period_aggregate,monthly,False,,,
2020-12,DERIVED.BIST.GOLD.TL.GR,DERIVED_BIST_GOLD_TL_GR,"BIST Altın Kapanış Fiyatı (TL/gram, TP.ALTINPIYASA.KAP02 / 1000)",alternative_asset_primary_tl_per_gram,DERIVED,monthly,scale_after_last,452.3,available_calendar_unverified,23,23,0,2020-12-01,2020-12-31,2020-12-31,,,null,,calendar_unverified,2020-12-31,2020-12-31,2020-12-01,2020-12-31,0.0,target_period_aggregate,monthly,True,TP.ALTINPIYASA.KAP02,scale,0.001
2020-12,TP.ALTINPIYASA.KAP02,TP_ALTINPIYASA_KAP02,Altın - Kapanış Fiyatı  - TL/kg,alternative_asset_primary,İŞ GÜNÜ,monthly,last,452300.0,available_calendar_unverified,23,23,0,2020-12-01,2020-12-31,2020-12-31,,,null,,calendar_unverified,2020-12-31,2020-12-31,2020-12-01,2020-12-31,0.0,target_period_aggregate,monthly,False,,,
2020-12,TP.ALTINPIYASA.KAP05,TP_ALTINPIYASA_KAP05,Altın - Kapanış Fiyatı  - TL/gr,alternative_asset_legacy_crosscheck,İŞ GÜNÜ,monthly,last,456.0,available_calendar_unverified,23,1,22,2020-12-01,2020-12-31,2020-12-31,,,null,,calendar_unverified,2020-12-25,2020-12-25,2020-12-25,2020-12-25,6.0,target_period_aggregate,monthly,False,,,
2020-12,TP.MK.F.BILESIK,TP_MK_F_BILESIK,"(FİYAT) BİST 100 Endeks (XU100), Kapanış Fiyatlarına Göre (Ocak 1986=0,01)",equity_market,İŞ GÜNÜ,monthly,last,1476.72,available_calendar_unverified,23,23,0,2020-12-01,2020-12-31,2020-12-31,,,null,,calendar_unverified,2020-12-31,2020-12-31,2020-12-01,2020-12-31,0.0,target_period_aggregate,monthly,False,,,
2021-01,DERIVED.BIST.GOLD.TL.GR,DERIVED_BIST_GOLD_TL_GR,"BIST Altın Kapanış Fiyatı (TL/gram, TP.ALTINPIYASA.KAP02 / 1000)",alternative_asset_primary_tl_per_gram,DERIVED,monthly,scale_after_last,436.2,available_calendar_unverified,21,20,1,2021-01-01,2021-01-29,2021-01-29,,,null,,calendar_unverified,2021-01-29,2021-01-29,2021-01-04,2021-01-29,2.0,target_period_aggregate,monthly,True,TP.ALTINPIYASA.KAP02,scale,0.001
2021-01,TP.ALTINPIYASA.KAP02,TP_ALTINPIYASA_KAP02,Altın - Kapanış Fiyatı  - TL/kg,alternative_asset_primary,İŞ GÜNÜ,monthly,last,436200.0,available_calendar_unverified,21,20,1,2021-01-01,2021-01-29,2021-01-29,,,null,,calendar_unverified,2021-01-29,2021-01-29,2021-01-04,2021-01-29,2.0,target_period_aggregate,monthly,False,,,
2021-01,TP.ALTINPIYASA.KAP05,TP_ALTINPIYASA_KAP05,Altın - Kapanış Fiyatı  - TL/gr,alternative_asset_legacy_crosscheck,İŞ GÜNÜ,monthly,last,,source_missing,21,0,21,2021-01-01,2021-01-29,2021-01-29,,,null,,calendar_unverified,,,,,,target_period_aggregate,monthly,False,,,
2021-01,TP.MK.F.BILESIK,TP_MK_F_BILESIK,"(FİYAT) BİST 100 Endeks (XU100), Kapanış Fiyatlarına Göre (Ocak 1986=0,01)",equity_market,İŞ GÜNÜ,monthly,last,1473.45,available_calendar_unverified,21,20,1,2021-01-01,2021-01-29,2021-01-29,,,null,,calendar_unverified,2021-01-29,2021-01-29,2021-01-04,2021-01-29,2.0,target_period_aggregate,monthly,False,,,
2021-02,DERIVED.BIST.GOLD.TL.GR,DERIVED_BIST_GOLD_TL_GR,"BIST Altın Kapanış Fiyatı (TL/gram, TP.ALTINPIYASA.KAP02 / 1000)",alternative_asset_primary_tl_per_gram,DERIVED,monthly,scale_after_last,419.1,available_calendar_unverified,20,20,0,2021-02-01,2021-02-26,2021-02-26,,,null,,calendar_unverified,2021-02-26,2021-02-26,2021-02-01,2021-02-26,2.0,target_period_aggregate,monthly,True,TP.ALTINPIYASA.KAP02,scale,0.001
2021-02,TP.ALTINPIYASA.KAP02,TP_ALTINPIYASA_KAP02,Altın - Kapanış Fiyatı  - TL/kg,alternative_asset_primary,İŞ GÜNÜ,monthly,last,419100.0,available_calendar_unverified,20,20,0,2021-02-01,2021-02-26,2021-02-26,,,null,,calendar_unverified,2021-02-26,2021-02-26,2021-02-01,2021-02-26,2.0,target_period_aggregate,monthly,False,,,
2021-02,TP.ALTINPIYASA.KAP05,TP_ALTINPIYASA_KAP05,Altın - Kapanış Fiyatı  - TL/gr,alternative_asset_legacy_crosscheck,İŞ GÜNÜ,monthly,last,420.0,available_calendar_unverified,20,3,17,2021-02-01,2021-02-26,2021-02-26,,,null,,calendar_unverified,2021-02-09,2021-02-09,2021-02-04,2021-02-09,19.0,target_period_aggregate,monthly,False,,,
2021-02,TP.MK.F.BILESIK,TP_MK_F_BILESIK,"(FİYAT) BİST 100 Endeks (XU100), Kapanış Fiyatlarına Göre (Ocak 1986=0,01)",equity_market,İŞ GÜNÜ,monthly,last,1471.39,available_calendar_unverified,20,20,0,2021-02-01,2021-02-26,2021-02-26,,,null,,calendar_unverified,2021-02-26,2021-02-26,2021-02-01,2021-02-26,2.0,target_period_aggregate,monthly,False,,,
2021-03,DERIVED.BIST.GOLD.TL.GR,DERIVED_BIST_GOLD_TL_GR,"BIST Altın Kapanış Fiyatı (TL/gram, TP.ALTINPIYASA.KAP02 / 1000)",alternative_asset_primary_tl_per_gram,DERIVED,monthly,scale_after_last,446.0,available_calendar_unverified,23,23,0,2021-03-01,2021-03-31,2021-03-31,,,null,,calendar_unverified,2021-03-31,2021-03-31,2021-03-01,2021-03-31,0.0,target_period_aggregate,monthly,True,TP.ALTINPIYASA.KAP02,scale,0.001
2021-03,TP.ALTINPIYASA.KAP02,TP_ALTINPIYASA_KAP02,Altın - Kapanış Fiyatı  - TL/kg,alternative_asset_primary,İŞ GÜNÜ,monthly,last,446000.0,available_calendar_unverified,23,23,0,2021-03-01,2021-03-31,2021-03-31,,,null,,calendar_unverified,2021-03-31,2021-03-31,2021-03-01,2021-03-31,0.0,target_period_aggregate,monthly,False,,,
2021-03,TP.ALTINPIYASA.KAP05,TP_ALTINPIYASA_KAP05,Altın - Kapanış Fiyatı  - TL/gr,alternative_asset_legacy_crosscheck,İŞ GÜNÜ,monthly,last,452.3,available_calendar_unverified,23,2,21,2021-03-01,2021-03-31,2021-03-31,,,null,,calendar_unverified,2021-03-31,2021-03-31,2021-03-24,2021-03-31,0.0,target_period_aggregate,monthly,False,,,
2021-03,TP.MK.F.BILESIK,TP_MK_F_BILESIK,"(FİYAT) BİST 100 Endeks (XU100), Kapanış Fiyatlarına Göre (Ocak 1986=0,01)",equity_market,İŞ GÜNÜ,monthly,last,1391.73,available_calendar_unverified,23,23,0,2021-03-01,2021-03-31,2021-03-31,,,null,,calendar_unverified,2021-03-31,2021-03-31,2021-03-01,2021-03-31,0.0,target_period_aggregate,monthly,False,,,
2021-04,DERIVED.BIST.GOLD.TL.GR,DERIVED_BIST_GOLD_TL_GR,"BIST Altın Kapanış Fiyatı (TL/gram, TP.ALTINPIYASA.KAP02 / 1000)",alternative_asset_primary_tl_per_gram,DERIVED,monthly,scale_after_last,469.8,available_calendar_unverified,22,21,1,2021-04-01,2021-04-30,2021-04-30,,,null,,calendar_unverified,2021-04-30,2021-04-30,2021-04-01,2021-04-30,0.0,target_period_aggregate,monthly,True,TP.ALTINPIYASA.KAP02,scale,0.001
2021-04,TP.ALTINPIYASA.KAP02,TP_ALTINPIYASA_KAP02,Altın - Kapanış Fiyatı  - TL/kg,alternative_asset_primary,İŞ GÜNÜ,monthly,last,469800.0,available_calendar_unverified,22,21,1,2021-04-01,2021-04-30,2021-04-30,,,null,,calendar_unverified,2021-04-30,2021-04-30,2021-04-01,2021-04-30,0.0,target_period_aggregate,monthly,False,,,
2021-04,TP.ALTINPIYASA.KAP05,TP_ALTINPIYASA_KAP05,Altın - Kapanış Fiyatı  - TL/gr,alternative_asset_legacy_crosscheck,İŞ GÜNÜ,monthly,last,467.0,available_calendar_unverified,22,1,21,2021-04-01,2021-04-30,2021-04-30,,,null,,calendar_unverified,2021-04-28,2021-04-28,2021-04-28,2021-04-28,2.0,target_period_aggregate,monthly,False,,,
2021-04,TP.MK.F.BILESIK,TP_MK_F_BILESIK,"(FİYAT) BİST 100 Endeks (XU100), Kapanış Fiyatlarına Göre (Ocak 1986=0,01)",equity_market,İŞ GÜNÜ,monthly,last,1397.82,available_calendar_unverified,22,21,1,2021-04-01,2021-04-30,2021-04-30,,,null,,calendar_unverified,2021-04-30,2021-04-30,2021-04-01,2021-04-30,0.0,target_period_aggregate,monthly,False,,,
2021-05,DERIVED.BIST.GOLD.TL.GR,DERIVED_BIST_GOLD_TL_GR,"BIST Altın Kapanış Fiyatı (TL/gram, TP.ALTINPIYASA.KAP02 / 1000)",alternative_asset_primary_tl_per_gram,DERIVED,monthly,scale_after_last,516.0,available_calendar_unverified,21,17,4,2021-05-03,2021-05-31,2021-05-31,,,null,,calendar_unverified,2021-05-31,2021-05-31,2021-05-03,2021-05-31,0.0,target_period_aggregate,monthly,True,TP.ALTINPIYASA.KAP02,scale,0.001
2021-05,TP.ALTINPIYASA.KAP02,TP_ALTINPIYASA_KAP02,Altın - Kapanış Fiyatı  - TL/kg,alternative_asset_primary,İŞ GÜNÜ,monthly,last,516000.0,available_calendar_unverified,21,17,4,2021-05-03,2021-05-31,2021-05-31,,,null,,calendar_unverified,2021-05-31,2021-05-31,2021-05-03,2021-05-31,0.0,target_period_aggregate,monthly,False,,,
2021-05,TP.ALTINPIYASA.KAP05,TP_ALTINPIYASA_KAP05,Altın - Kapanış Fiyatı  - TL/gr,alternative_asset_legacy_crosscheck,İŞ GÜNÜ,monthly,last,,source_missing,21,0,21,2021-05-03,2021-05-31,2021-05-31,,,null,,calendar_unverified,,,,,,target_period_aggregate,monthly,False,,,
2021-05,TP.MK.F.BILESIK,TP_MK_F_BILESIK,"(FİYAT) BİST 100 Endeks (XU100), Kapanış Fiyatlarına Göre (Ocak 1986=0,01)",equity_market,İŞ GÜNÜ,monthly,last,1420.49,available_calendar_unverified,21,18,3,2021-05-03,2021-05-31,2021-05-31,,,null,,calendar_unverified,2021-05-31,2021-05-31,2021-05-03,2021-05-31,0.0,target_period_aggregate,monthly,False,,,
2021-06,DERIVED.BIST.GOLD.TL.GR,DERIVED_BIST_GOLD_TL_GR,"BIST Altın Kapanış Fiyatı (TL/gram, TP.ALTINPIYASA.KAP02 / 1000)",alternative_asset_primary_tl_per_gram,DERIVED,monthly,scale_after_last,492.0,available_calendar_unverified,22,22,0,2021-06-01,2021-06-30,2021-06-30,,,null,,calendar_unverified,2021-06-30,2021-06-30,2021-06-01,2021-06-30,0.0,target_period_aggregate,monthly,True,TP.ALTINPIYASA.KAP02,scale,0.001
2021-06,TP.ALTINPIYASA.KAP02,TP_ALTINPIYASA_KAP02,Altın - Kapanış Fiyatı  - TL/kg,alternative_asset_primary,İŞ GÜNÜ,monthly,last,492000.0,available_calendar_unverified,22,22,0,2021-06-01,2021-06-30,2021-06-30,,,null,,calendar_unverified,2021-06-30,2021-06-30,2021-06-01,2021-06-30,0.0,target_period_aggregate,monthly,False,,,
2021-06,TP.ALTINPIYASA.KAP05,TP_ALTINPIYASA_KAP05,Altın - Kapanış Fiyatı  - TL/gr,alternative_asset_legacy_crosscheck,İŞ GÜNÜ,monthly,last,505.0,available_calendar_unverified,22,3,19,2021-06-01,2021-06-30,2021-06-30,,,null,,calendar_unverified,2021-06-17,2021-06-17,2021-06-11,2021-06-17,13.0,target_period_aggregate,monthly,False,,,
2021-06,TP.MK.F.BILESIK,TP_MK_F_BILESIK,"(FİYAT) BİST 100 Endeks (XU100), Kapanış Fiyatlarına Göre (Ocak 1986=0,01)",equity_market,İŞ GÜNÜ,monthly,last,1356.34,available_calendar_unverified,22,22,0,2021-06-01,2021-06-30,2021-06-30,,,null,,calendar_unverified,2021-06-30,2021-06-30,2021-06-01,2021-06-30,0.0,target_period_aggregate,monthly,False,,,
2021-07,DERIVED.BIST.GOLD.TL.GR,DERIVED_BIST_GOLD_TL_GR,"BIST Altın Kapanış Fiyatı (TL/gram, TP.ALTINPIYASA.KAP02 / 1000)",alternative_asset_primary_tl_per_gram,DERIVED,monthly,scale_after_last,491.0,available_calendar_unverified,22,16,6,2021-07-01,2021-07-30,2021-07-30,,,null,,calendar_unverified,2021-07-30,2021-07-30,2021-07-01,2021-07-30,1.0,target_period_aggregate,monthly,True,TP.ALTINPIYASA.KAP02,scale,0.001
2021-07,TP.ALTINPIYASA.KAP02,TP_ALTINPIYASA_KAP02,Altın - Kapanış Fiyatı  - TL/kg,alternative_asset_primary,İŞ GÜNÜ,monthly,last,491000.0,available_calendar_unverified,22,16,6,2021-07-01,2021-07-30,2021-07-30,,,null,,calendar_unverified,2021-07-30,2021-07-30,2021-07-01,2021-07-30,1.0,target_period_aggregate,monthly,False,,,
2021-07,TP.ALTINPIYASA.KAP05,TP_ALTINPIYASA_KAP05,Altın - Kapanış Fiyatı  - TL/gr,alternative_asset_legacy_crosscheck,İŞ GÜNÜ,monthly,last,492.0,available_calendar_unverified,22,1,21,2021-07-01,2021-07-30,2021-07-30,,,null,,calendar_unverified,2021-07-27,2021-07-27,2021-07-27,2021-07-27,4.0,target_period_aggregate,monthly,False,,,
2021-07,TP.MK.F.BILESIK,TP_MK_F_BILESIK,"(FİYAT) BİST 100 Endeks (XU100), Kapanış Fiyatlarına Göre (Ocak 1986=0,01)",equity_market,İŞ GÜNÜ,monthly,last,1392.91,available_calendar_unverified,22,17,5,2021-07-01,2021-07-30,2021-07-30,,,null,,calendar_unverified,2021-07-30,2021-07-30,2021-07-01,2021-07-30,1.0,target_period_aggregate,monthly,False,,,
2021-08,DERIVED.BIST.GOLD.TL.GR,DERIVED_BIST_GOLD_TL_GR,"BIST Altın Kapanış Fiyatı (TL/gram, TP.ALTINPIYASA.KAP02 / 1000)",alternative_asset_primary_tl_per_gram,DERIVED,monthly,scale_after_last,481.0,available_calendar_unverified,22,21,1,2021-08-02,2021-08-31,2021-08-31,,,null,,calendar_unverified,2021-08-31,2021-08-31,2021-08-02,2021-08-31,0.0,target_period_aggregate,monthly,True,TP.ALTINPIYASA.KAP02,scale,0.001
2021-08,TP.ALTINPIYASA.KAP02,TP_ALTINPIYASA_KAP02,Altın - Kapanış Fiyatı  - TL/kg,alternative_asset_primary,İŞ GÜNÜ,monthly,last,481000.0,available_calendar_unverified,22,21,1,2021-08-02,2021-08-31,2021-08-31,,,null,,calendar_unverified,2021-08-31,2021-08-31,2021-08-02,2021-08-31,0.0,target_period_aggregate,monthly,False,,,
2021-08,TP.ALTINPIYASA.KAP05,TP_ALTINPIYASA_KAP05,Altın - Kapanış Fiyatı  - TL/gr,alternative_asset_legacy_crosscheck,İŞ GÜNÜ,monthly,last,,source_missing,22,0,22,2021-08-02,2021-08-31,2021-08-31,,,null,,calendar_unverified,,,,,,target_period_aggregate,monthly,False,,,
2021-08,TP.MK.F.BILESIK,TP_MK_F_BILESIK,"(FİYAT) BİST 100 Endeks (XU100), Kapanış Fiyatlarına Göre (Ocak 1986=0,01)",equity_market,İŞ GÜNÜ,monthly,last,1472.07,available_calendar_unverified,22,21,1,2021-08-02,2021-08-31,2021-08-31,,,null,,calendar_unverified,2021-08-31,2021-08-31,2021-08-02,2021-08-31,0.0,target_period_aggregate,monthly,False,,,
2021-09,DERIVED.BIST.GOLD.TL.GR,DERIVED_BIST_GOLD_TL_GR,"BIST Altın Kapanış Fiyatı (TL/gram, TP.ALTINPIYASA.KAP02 / 1000)",alternative_asset_primary_tl_per_gram,DERIVED,monthly,scale_after_last,494.5,available_calendar_unverified,22,22,0,2021-09-01,2021-09-30,2021-09-30,,,null,,calendar_unverified,2021-09-30,2021-09-30,2021-09-01,2021-09-30,0.0,target_period_aggregate,monthly,True,TP.ALTINPIYASA.KAP02,scale,0.001
2021-09,TP.ALTINPIYASA.KAP02,TP_ALTINPIYASA_KAP02,Altın - Kapanış Fiyatı  - TL/kg,alternative_asset_primary,İŞ GÜNÜ,monthly,last,494500.0,available_calendar_unverified,22,22,0,2021-09-01,2021-09-30,2021-09-30,,,null,,calendar_unverified,2021-09-30,2021-09-30,2021-09-01,2021-09-30,0.0,target_period_aggregate,monthly,False,,,
2021-09,TP.ALTINPIYASA.KAP05,TP_ALTINPIYASA_KAP05,Altın - Kapanış Fiyatı  - TL/gr,alternative_asset_legacy_crosscheck,İŞ GÜNÜ,monthly,last,495.0,available_calendar_unverified,22,2,20,2021-09-01,2021-09-30,2021-09-30,,,null,,calendar_unverified,2021-09-27,2021-09-27,2021-09-08,2021-09-27,3.0,target_period_aggregate,monthly,False,,,
2021-09,TP.MK.F.BILESIK,TP_MK_F_BILESIK,"(FİYAT) BİST 100 Endeks (XU100), Kapanış Fiyatlarına Göre (Ocak 1986=0,01)",equity_market,İŞ GÜNÜ,monthly,last,1406.39,available_calendar_unverified,22,22,0,2021-09-01,2021-09-30,2021-09-30,,,null,,calendar_unverified,2021-09-30,2021-09-30,2021-09-01,2021-09-30,0.0,target_period_aggregate,monthly,False,,,
2021-10,DERIVED.BIST.GOLD.TL.GR,DERIVED_BIST_GOLD_TL_GR,"BIST Altın Kapanış Fiyatı (TL/gram, TP.ALTINPIYASA.KAP02 / 1000)",alternative_asset_primary_tl_per_gram,DERIVED,monthly,scale_after_last,545.46,available_calendar_unverified,21,19,2,2021-10-01,2021-10-29,2021-10-29,,,null,,calendar_unverified,2021-10-27,2021-10-27,2021-10-01,2021-10-27,4.0,target_period_aggregate,monthly,True,TP.ALTINPIYASA.KAP02,scale,0.001
2021-10,TP.ALTINPIYASA.KAP02,TP_ALTINPIYASA_KAP02,Altın - Kapanış Fiyatı  - TL/kg,alternative_asset_primary,İŞ GÜNÜ,monthly,last,545460.0,available_calendar_unverified,21,19,2,2021-10-01,2021-10-29,2021-10-29,,,null,,calendar_unverified,2021-10-27,2021-10-27,2021-10-01,2021-10-27,4.0,target_period_aggregate,monthly,False,,,
2021-10,TP.ALTINPIYASA.KAP05,TP_ALTINPIYASA_KAP05,Altın - Kapanış Fiyatı  - TL/gr,alternative_asset_legacy_crosscheck,İŞ GÜNÜ,monthly,last,528.25,available_calendar_unverified,21,1,20,2021-10-01,2021-10-29,2021-10-29,,,null,,calendar_unverified,2021-10-15,2021-10-15,2021-10-15,2021-10-15,16.0,target_period_aggregate,monthly,False,,,
2021-10,TP.MK.F.BILESIK,TP_MK_F_BILESIK,"(FİYAT) BİST 100 Endeks (XU100), Kapanış Fiyatlarına Göre (Ocak 1986=0,01)",equity_market,İŞ GÜNÜ,monthly,last,1522.04,available_calendar_unverified,21,20,1,2021-10-01,2021-10-29,2021-10-29,,,null,,calendar_unverified,2021-10-28,2021-10-28,2021-10-01,2021-10-28,3.0,target_period_aggregate,monthly,False,,,
2021-11,DERIVED.BIST.GOLD.TL.GR,DERIVED_BIST_GOLD_TL_GR,"BIST Altın Kapanış Fiyatı (TL/gram, TP.ALTINPIYASA.KAP02 / 1000)",alternative_asset_primary_tl_per_gram,DERIVED,monthly,scale_after_last,758.1800000000001,available_calendar_unverified,22,22,0,2021-11-01,2021-11-30,2021-11-30,,,null,,calendar_unverified,2021-11-30,2021-11-30,2021-11-01,2021-11-30,0.0,target_period_aggregate,monthly,True,TP.ALTINPIYASA.KAP02,scale,0.001
2021-11,TP.ALTINPIYASA.KAP02,TP_ALTINPIYASA_KAP02,Altın - Kapanış Fiyatı  - TL/kg,alternative_asset_primary,İŞ GÜNÜ,monthly,last,758180.0,available_calendar_unverified,22,22,0,2021-11-01,2021-11-30,2021-11-30,,,null,,calendar_unverified,2021-11-30,2021-11-30,2021-11-01,2021-11-30,0.0,target_period_aggregate,monthly,False,,,
2021-11,TP.ALTINPIYASA.KAP05,TP_ALTINPIYASA_KAP05,Altın - Kapanış Fiyatı  - TL/gr,alternative_asset_legacy_crosscheck,İŞ GÜNÜ,monthly,last,659.0,available_calendar_unverified,22,2,20,2021-11-01,2021-11-30,2021-11-30,,,null,,calendar_unverified,2021-11-22,2021-11-22,2021-11-11,2021-11-22,8.0,target_period_aggregate,monthly,False,,,
2021-11,TP.MK.F.BILESIK,TP_MK_F_BILESIK,"(FİYAT) BİST 100 Endeks (XU100), Kapanış Fiyatlarına Göre (Ocak 1986=0,01)",equity_market,İŞ GÜNÜ,monthly,last,1809.65,available_calendar_unverified,22,22,0,2021-11-01,2021-11-30,2021-11-30,,,null,,calendar_unverified,2021-11-30,2021-11-30,2021-11-01,2021-11-30,0.0,target_period_aggregate,monthly,False,,,
2021-12,DERIVED.BIST.GOLD.TL.GR,DERIVED_BIST_GOLD_TL_GR,"BIST Altın Kapanış Fiyatı (TL/gram, TP.ALTINPIYASA.KAP02 / 1000)",alternative_asset_primary_tl_per_gram,DERIVED,monthly,scale_after_last,776.0,available_calendar_unverified,23,23,0,2021-12-01,2021-12-31,2021-12-31,,,null,,calendar_unverified,2021-12-31,2021-12-31,2021-12-01,2021-12-31,0.0,target_period_aggregate,monthly,True,TP.ALTINPIYASA.KAP02,scale,0.001
2021-12,TP.ALTINPIYASA.KAP02,TP_ALTINPIYASA_KAP02,Altın - Kapanış Fiyatı  - TL/kg,alternative_asset_primary,İŞ GÜNÜ,monthly,last,776000.0,available_calendar_unverified,23,23,0,2021-12-01,2021-12-31,2021-12-31,,,null,,calendar_unverified,2021-12-31,2021-12-31,2021-12-01,2021-12-31,0.0,target_period_aggregate,monthly,False,,,
2021-12,TP.ALTINPIYASA.KAP05,TP_ALTINPIYASA_KAP05,Altın - Kapanış Fiyatı  - TL/gr,alternative_asset_legacy_crosscheck,İŞ GÜNÜ,monthly,last,776.0,available_calendar_unverified,23,6,17,2021-12-01,2021-12-31,2021-12-31,,,null,,calendar_unverified,2021-12-31,2021-12-31,2021-12-02,2021-12-31,0.0,target_period_aggregate,monthly,False,,,
2021-12,TP.MK.F.BILESIK,TP_MK_F_BILESIK,"(FİYAT) BİST 100 Endeks (XU100), Kapanış Fiyatlarına Göre (Ocak 1986=0,01)",equity_market,İŞ GÜNÜ,monthly,last,1857.65,available_calendar_unverified,23,23,0,2021-12-01,2021-12-31,2021-12-31,,,null,,calendar_unverified,2021-12-31,2021-12-31,2021-12-01,2021-12-31,0.0,target_period_aggregate,monthly,False,,,
2022-01,DERIVED.BIST.GOLD.TL.GR,DERIVED_BIST_GOLD_TL_GR,"BIST Altın Kapanış Fiyatı (TL/gram, TP.ALTINPIYASA.KAP02 / 1000)",alternative_asset_primary_tl_per_gram,DERIVED,monthly,scale_after_last,764.0,available_calendar_unverified,21,21,0,2022-01-03,2022-01-31,2022-01-31,,,null,,calendar_unverified,2022-01-31,2022-01-31,2022-01-03,2022-01-31,0.0,target_period_aggregate,monthly,True,TP.ALTINPIYASA.KAP02,scale,0.001
2022-01,TP.ALTINPIYASA.KAP02,TP_ALTINPIYASA_KAP02,Altın - Kapanış Fiyatı  - TL/kg,alternative_asset_primary,İŞ GÜNÜ,monthly,last,764000.0,available_calendar_unverified,21,21,0,2022-01-03,2022-01-31,2022-01-31,,,null,,calendar_unverified,2022-01-31,2022-01-31,2022-01-03,2022-01-31,0.0,target_period_aggregate,monthly,False,,,
2022-01,TP.ALTINPIYASA.KAP05,TP_ALTINPIYASA_KAP05,Altın - Kapanış Fiyatı  - TL/gr,alternative_asset_legacy_crosscheck,İŞ GÜNÜ,monthly,last,764.0,available_calendar_unverified,21,9,12,2022-01-03,2022-01-31,2022-01-31,,,null,,calendar_unverified,2022-01-31,2022-01-31,2022-01-05,2022-01-31,0.0,target_period_aggregate,monthly,False,,,
2022-01,TP.MK.F.BILESIK,TP_MK_F_BILESIK,"(FİYAT) BİST 100 Endeks (XU100), Kapanış Fiyatlarına Göre (Ocak 1986=0,01)",equity_market,İŞ GÜNÜ,monthly,last,2003.2,available_calendar_unverified,21,21,0,2022-01-03,2022-01-31,2022-01-31,,,null,,calendar_unverified,2022-01-31,2022-01-31,2022-01-03,2022-01-31,0.0,target_period_aggregate,monthly,False,,,
2022-02,DERIVED.BIST.GOLD.TL.GR,DERIVED_BIST_GOLD_TL_GR,"BIST Altın Kapanış Fiyatı (TL/gram, TP.ALTINPIYASA.KAP02 / 1000)",alternative_asset_primary_tl_per_gram,DERIVED,monthly,scale_after_last,839.0,available_calendar_unverified,20,20,0,2022-02-01,2022-02-28,2022-02-28,,,null,,calendar_unverified,2022-02-28,2022-02-28,2022-02-01,2022-02-28,0.0,target_period_aggregate,monthly,True,TP.ALTINPIYASA.KAP02,scale,0.001
2022-02,TP.ALTINPIYASA.KAP02,TP_ALTINPIYASA_KAP02,Altın - Kapanış Fiyatı  - TL/kg,alternative_asset_primary,İŞ GÜNÜ,monthly,last,839000.0,available_calendar_unverified,20,20,0,2022-02-01,2022-02-28,2022-02-28,,,null,,calendar_unverified,2022-02-28,2022-02-28,2022-02-01,2022-02-28,0.0,target_period_aggregate,monthly,False,,,
2022-02,TP.ALTINPIYASA.KAP05,TP_ALTINPIYASA_KAP05,Altın - Kapanış Fiyatı  - TL/gr,alternative_asset_legacy_crosscheck,İŞ GÜNÜ,monthly,last,854.0,available_calendar_unverified,20,13,7,2022-02-01,2022-02-28,2022-02-28,,,null,,calendar_unverified,2022-02-28,2022-02-28,2022-02-01,2022-02-28,0.0,target_period_aggregate,monthly,False,,,
2022-02,TP.MK.F.BILESIK,TP_MK_F_BILESIK,"(FİYAT) BİST 100 Endeks (XU100), Kapanış Fiyatlarına Göre (Ocak 1986=0,01)",equity_market,İŞ GÜNÜ,monthly,last,1946.19,available_calendar_unverified,20,20,0,2022-02-01,2022-02-28,2022-02-28,,,null,,calendar_unverified,2022-02-28,2022-02-28,2022-02-01,2022-02-28,0.0,target_period_aggregate,monthly,False,,,
2022-03,DERIVED.BIST.GOLD.TL.GR,DERIVED_BIST_GOLD_TL_GR,"BIST Altın Kapanış Fiyatı (TL/gram, TP.ALTINPIYASA.KAP02 / 1000)",alternative_asset_primary_tl_per_gram,DERIVED,monthly,scale_after_last,911.5,available_calendar_unverified,23,23,0,2022-03-01,2022-03-31,2022-03-31,,,null,,calendar_unverified,2022-03-31,2022-03-31,2022-03-01,2022-03-31,0.0,target_period_aggregate,monthly,True,TP.ALTINPIYASA.KAP02,scale,0.001
2022-03,TP.ALTINPIYASA.KAP02,TP_ALTINPIYASA_KAP02,Altın - Kapanış Fiyatı  - TL/kg,alternative_asset_primary,İŞ GÜNÜ,monthly,last,911500.0,available_calendar_unverified,23,23,0,2022-03-01,2022-03-31,2022-03-31,,,null,,calendar_unverified,2022-03-31,2022-03-31,2022-03-01,2022-03-31,0.0,target_period_aggregate,monthly,False,,,
2022-03,TP.ALTINPIYASA.KAP05,TP_ALTINPIYASA_KAP05,Altın - Kapanış Fiyatı  - TL/gr,alternative_asset_legacy_crosscheck,İŞ GÜNÜ,monthly,last,886.0,available_calendar_unverified,23,10,13,2022-03-01,2022-03-31,2022-03-31,,,null,,calendar_unverified,2022-03-29,2022-03-29,2022-03-02,2022-03-29,2.0,target_period_aggregate,monthly,False,,,
2022-03,TP.MK.F.BILESIK,TP_MK_F_BILESIK,"(FİYAT) BİST 100 Endeks (XU100), Kapanış Fiyatlarına Göre (Ocak 1986=0,01)",equity_market,İŞ GÜNÜ,monthly,last,2233.3,available_calendar_unverified,23,23,0,2022-03-01,2022-03-31,2022-03-31,,,null,,calendar_unverified,2022-03-31,2022-03-31,2022-03-01,2022-03-31,0.0,target_period_aggregate,monthly,False,,,
2022-04,DERIVED.BIST.GOLD.TL.GR,DERIVED_BIST_GOLD_TL_GR,"BIST Altın Kapanış Fiyatı (TL/gram, TP.ALTINPIYASA.KAP02 / 1000)",alternative_asset_primary_tl_per_gram,DERIVED,monthly,scale_after_last,915.0,available_calendar_unverified,21,21,0,2022-04-01,2022-04-29,2022-04-29,,,null,,calendar_unverified,2022-04-29,2022-04-29,2022-04-01,2022-04-29,1.0,target_period_aggregate,monthly,True,TP.ALTINPIYASA.KAP02,scale,0.001
2022-04,TP.ALTINPIYASA.KAP02,TP_ALTINPIYASA_KAP02,Altın - Kapanış Fiyatı  - TL/kg,alternative_asset_primary,İŞ GÜNÜ,monthly,last,915000.0,available_calendar_unverified,21,21,0,2022-04-01,2022-04-29,2022-04-29,,,null,,calendar_unverified,2022-04-29,2022-04-29,2022-04-01,2022-04-29,1.0,target_period_aggregate,monthly,False,,,
2022-04,TP.ALTINPIYASA.KAP05,TP_ALTINPIYASA_KAP05,Altın - Kapanış Fiyatı  - TL/gr,alternative_asset_legacy_crosscheck,İŞ GÜNÜ,monthly,last,923.2,available_calendar_unverified,21,5,16,2022-04-01,2022-04-29,2022-04-29,,,null,,calendar_unverified,2022-04-21,2022-04-21,2022-04-07,2022-04-21,9.0,target_period_aggregate,monthly,False,,,
2022-04,TP.MK.F.BILESIK,TP_MK_F_BILESIK,"(FİYAT) BİST 100 Endeks (XU100), Kapanış Fiyatlarına Göre (Ocak 1986=0,01)",equity_market,İŞ GÜNÜ,monthly,last,2430.55,available_calendar_unverified,21,21,0,2022-04-01,2022-04-29,2022-04-29,,,null,,calendar_unverified,2022-04-29,2022-04-29,2022-04-01,2022-04-29,1.0,target_period_aggregate,monthly,False,,,
2022-05,DERIVED.BIST.GOLD.TL.GR,DERIVED_BIST_GOLD_TL_GR,"BIST Altın Kapanış Fiyatı (TL/gram, TP.ALTINPIYASA.KAP02 / 1000)",alternative_asset_primary_tl_per_gram,DERIVED,monthly,scale_after_last,968.0,available_calendar_unverified,22,18,4,2022-05-02,2022-05-31,2022-05-31,,,null,,calendar_unverified,2022-05-31,2022-05-31,2022-05-05,2022-05-31,0.0,target_period_aggregate,monthly,True,TP.ALTINPIYASA.KAP02,scale,0.001
2022-05,TP.ALTINPIYASA.KAP02,TP_ALTINPIYASA_KAP02,Altın - Kapanış Fiyatı  - TL/kg,alternative_asset_primary,İŞ GÜNÜ,monthly,last,968000.0,available_calendar_unverified,22,18,4,2022-05-02,2022-05-31,2022-05-31,,,null,,calendar_unverified,2022-05-31,2022-05-31,2022-05-05,2022-05-31,0.0,target_period_aggregate,monthly,False,,,
2022-05,TP.ALTINPIYASA.KAP05,TP_ALTINPIYASA_KAP05,Altın - Kapanış Fiyatı  - TL/gr,alternative_asset_legacy_crosscheck,İŞ GÜNÜ,monthly,last,968.0,available_calendar_unverified,22,10,12,2022-05-02,2022-05-31,2022-05-31,,,null,,calendar_unverified,2022-05-31,2022-05-31,2022-05-05,2022-05-31,0.0,target_period_aggregate,monthly,False,,,
2022-05,TP.MK.F.BILESIK,TP_MK_F_BILESIK,"(FİYAT) BİST 100 Endeks (XU100), Kapanış Fiyatlarına Göre (Ocak 1986=0,01)",equity_market,İŞ GÜNÜ,monthly,last,2547.09,available_calendar_unverified,22,18,4,2022-05-02,2022-05-31,2022-05-31,,,null,,calendar_unverified,2022-05-31,2022-05-31,2022-05-05,2022-05-31,0.0,target_period_aggregate,monthly,False,,,
2022-06,DERIVED.BIST.GOLD.TL.GR,DERIVED_BIST_GOLD_TL_GR,"BIST Altın Kapanış Fiyatı (TL/gram, TP.ALTINPIYASA.KAP02 / 1000)",alternative_asset_primary_tl_per_gram,DERIVED,monthly,scale_after_last,971.0,available_calendar_unverified,22,22,0,2022-06-01,2022-06-30,2022-06-30,,,null,,calendar_unverified,2022-06-30,2022-06-30,2022-06-01,2022-06-30,0.0,target_period_aggregate,monthly,True,TP.ALTINPIYASA.KAP02,scale,0.001
2022-06,TP.ALTINPIYASA.KAP02,TP_ALTINPIYASA_KAP02,Altın - Kapanış Fiyatı  - TL/kg,alternative_asset_primary,İŞ GÜNÜ,monthly,last,971000.0,available_calendar_unverified,22,22,0,2022-06-01,2022-06-30,2022-06-30,,,null,,calendar_unverified,2022-06-30,2022-06-30,2022-06-01,2022-06-30,0.0,target_period_aggregate,monthly,False,,,
2022-06,TP.ALTINPIYASA.KAP05,TP_ALTINPIYASA_KAP05,Altın - Kapanış Fiyatı  - TL/gr,alternative_asset_legacy_crosscheck,İŞ GÜNÜ,monthly,last,966.0,available_calendar_unverified,22,16,6,2022-06-01,2022-06-30,2022-06-30,,,null,,calendar_unverified,2022-06-30,2022-06-30,2022-06-02,2022-06-30,0.0,target_period_aggregate,monthly,False,,,
2022-06,TP.MK.F.BILESIK,TP_MK_F_BILESIK,"(FİYAT) BİST 100 Endeks (XU100), Kapanış Fiyatlarına Göre (Ocak 1986=0,01)",equity_market,İŞ GÜNÜ,monthly,last,2405.36,available_calendar_unverified,22,22,0,2022-06-01,2022-06-30,2022-06-30,,,null,,calendar_unverified,2022-06-30,2022-06-30,2022-06-01,2022-06-30,0.0,target_period_aggregate,monthly,False,,,
2022-07,DERIVED.BIST.GOLD.TL.GR,DERIVED_BIST_GOLD_TL_GR,"BIST Altın Kapanış Fiyatı (TL/gram, TP.ALTINPIYASA.KAP02 / 1000)",alternative_asset_primary_tl_per_gram,DERIVED,monthly,scale_after_last,1010.0,available_calendar_unverified,21,17,4,2022-07-01,2022-07-29,2022-07-29,,,null,,calendar_unverified,2022-07-29,2022-07-29,2022-07-01,2022-07-29,2.0,target_period_aggregate,monthly,True,TP.ALTINPIYASA.KAP02,scale,0.001
2022-07,TP.ALTINPIYASA.KAP02,TP_ALTINPIYASA_KAP02,Altın - Kapanış Fiyatı  - TL/kg,alternative_asset_primary,İŞ GÜNÜ,monthly,last,1010000.0,available_calendar_unverified,21,17,4,2022-07-01,2022-07-29,2022-07-29,,,null,,calendar_unverified,2022-07-29,2022-07-29,2022-07-01,2022-07-29,2.0,target_period_aggregate,monthly,False,,,
2022-07,TP.ALTINPIYASA.KAP05,TP_ALTINPIYASA_KAP05,Altın - Kapanış Fiyatı  - TL/gr,alternative_asset_legacy_crosscheck,İŞ GÜNÜ,monthly,last,1002.0,available_calendar_unverified,21,10,11,2022-07-01,2022-07-29,2022-07-29,,,null,,calendar_unverified,2022-07-29,2022-07-29,2022-07-05,2022-07-29,2.0,target_period_aggregate,monthly,False,,,
2022-07,TP.MK.F.BILESIK,TP_MK_F_BILESIK,"(FİYAT) BİST 100 Endeks (XU100), Kapanış Fiyatlarına Göre (Ocak 1986=0,01)",equity_market,İŞ GÜNÜ,monthly,last,2592.38,available_calendar_unverified,21,18,3,2022-07-01,2022-07-29,2022-07-29,,,null,,calendar_unverified,2022-07-29,2022-07-29,2022-07-01,2022-07-29,2.0,target_period_aggregate,monthly,False,,,
2022-08,DERIVED.BIST.GOLD.TL.GR,DERIVED_BIST_GOLD_TL_GR,"BIST Altın Kapanış Fiyatı (TL/gram, TP.ALTINPIYASA.KAP02 / 1000)",alternative_asset_primary_tl_per_gram,DERIVED,monthly,scale_after_last,992.0,available_calendar_unverified,23,22,1,2022-08-01,2022-08-31,2022-08-31,,,null,,calendar_unverified,2022-08-31,2022-08-31,2022-08-01,2022-08-31,0.0,target_period_aggregate,monthly,True,TP.ALTINPIYASA.KAP02,scale,0.001
2022-08,TP.ALTINPIYASA.KAP02,TP_ALTINPIYASA_KAP02,Altın - Kapanış Fiyatı  - TL/kg,alternative_asset_primary,İŞ GÜNÜ,monthly,last,992000.0,available_calendar_unverified,23,22,1,2022-08-01,2022-08-31,2022-08-31,,,null,,calendar_unverified,2022-08-31,2022-08-31,2022-08-01,2022-08-31,0.0,target_period_aggregate,monthly,False,,,
2022-08,TP.ALTINPIYASA.KAP05,TP_ALTINPIYASA_KAP05,Altın - Kapanış Fiyatı  - TL/gr,alternative_asset_legacy_crosscheck,İŞ GÜNÜ,monthly,last,993.0,available_calendar_unverified,23,5,18,2022-08-01,2022-08-31,2022-08-31,,,null,,calendar_unverified,2022-08-31,2022-08-31,2022-08-01,2022-08-31,0.0,target_period_aggregate,monthly,False,,,
2022-08,TP.MK.F.BILESIK,TP_MK_F_BILESIK,"(FİYAT) BİST 100 Endeks (XU100), Kapanış Fiyatlarına Göre (Ocak 1986=0,01)",equity_market,İŞ GÜNÜ,monthly,last,3171.21,available_calendar_unverified,23,22,1,2022-08-01,2022-08-31,2022-08-31,,,null,,calendar_unverified,2022-08-31,2022-08-31,2022-08-01,2022-08-31,0.0,target_period_aggregate,monthly,False,,,
2022-09,DERIVED.BIST.GOLD.TL.GR,DERIVED_BIST_GOLD_TL_GR,"BIST Altın Kapanış Fiyatı (TL/gram, TP.ALTINPIYASA.KAP02 / 1000)",alternative_asset_primary_tl_per_gram,DERIVED,monthly,scale_after_last,1002.0,available_calendar_unverified,22,22,0,2022-09-01,2022-09-30,2022-09-30,,,null,,calendar_unverified,2022-09-30,2022-09-30,2022-09-01,2022-09-30,0.0,target_period_aggregate,monthly,True,TP.ALTINPIYASA.KAP02,scale,0.001
2022-09,TP.ALTINPIYASA.KAP02,TP_ALTINPIYASA_KAP02,Altın - Kapanış Fiyatı  - TL/kg,alternative_asset_primary,İŞ GÜNÜ,monthly,last,1002000.0,available_calendar_unverified,22,22,0,2022-09-01,2022-09-30,2022-09-30,,,null,,calendar_unverified,2022-09-30,2022-09-30,2022-09-01,2022-09-30,0.0,target_period_aggregate,monthly,False,,,
2022-09,TP.ALTINPIYASA.KAP05,TP_ALTINPIYASA_KAP05,Altın - Kapanış Fiyatı  - TL/gr,alternative_asset_legacy_crosscheck,İŞ GÜNÜ,monthly,last,973.0,available_calendar_unverified,22,6,16,2022-09-01,2022-09-30,2022-09-30,,,null,,calendar_unverified,2022-09-29,2022-09-29,2022-09-09,2022-09-29,1.0,target_period_aggregate,monthly,False,,,
2022-09,TP.MK.F.BILESIK,TP_MK_F_BILESIK,"(FİYAT) BİST 100 Endeks (XU100), Kapanış Fiyatlarına Göre (Ocak 1986=0,01)",equity_market,İŞ GÜNÜ,monthly,last,3179.99,available_calendar_unverified,22,22,0,2022-09-01,2022-09-30,2022-09-30,,,null,,calendar_unverified,2022-09-30,2022-09-30,2022-09-01,2022-09-30,0.0,target_period_aggregate,monthly,False,,,
2022-10,DERIVED.BIST.GOLD.TL.GR,DERIVED_BIST_GOLD_TL_GR,"BIST Altın Kapanış Fiyatı (TL/gram, TP.ALTINPIYASA.KAP02 / 1000)",alternative_asset_primary_tl_per_gram,DERIVED,monthly,scale_after_last,972.0,available_calendar_unverified,21,20,1,2022-10-03,2022-10-31,2022-10-31,,,null,,calendar_unverified,2022-10-31,2022-10-31,2022-10-03,2022-10-31,0.0,target_period_aggregate,monthly,True,TP.ALTINPIYASA.KAP02,scale,0.001
2022-10,TP.ALTINPIYASA.KAP02,TP_ALTINPIYASA_KAP02,Altın - Kapanış Fiyatı  - TL/kg,alternative_asset_primary,İŞ GÜNÜ,monthly,last,972000.0,available_calendar_unverified,21,20,1,2022-10-03,2022-10-31,2022-10-31,,,null,,calendar_unverified,2022-10-31,2022-10-31,2022-10-03,2022-10-31,0.0,target_period_aggregate,monthly,False,,,
2022-10,TP.ALTINPIYASA.KAP05,TP_ALTINPIYASA_KAP05,Altın - Kapanış Fiyatı  - TL/gr,alternative_asset_legacy_crosscheck,İŞ GÜNÜ,monthly,last,960.3,available_calendar_unverified,21,3,18,2022-10-03,2022-10-31,2022-10-31,,,null,,calendar_unverified,2022-10-21,2022-10-21,2022-10-03,2022-10-21,10.0,target_period_aggregate,monthly,False,,,
2022-10,TP.MK.F.BILESIK,TP_MK_F_BILESIK,"(FİYAT) BİST 100 Endeks (XU100), Kapanış Fiyatlarına Göre (Ocak 1986=0,01)",equity_market,İŞ GÜNÜ,monthly,last,3978.96,available_calendar_unverified,21,21,0,2022-10-03,2022-10-31,2022-10-31,,,null,,calendar_unverified,2022-10-31,2022-10-31,2022-10-03,2022-10-31,0.0,target_period_aggregate,monthly,False,,,
2022-11,DERIVED.BIST.GOLD.TL.GR,DERIVED_BIST_GOLD_TL_GR,"BIST Altın Kapanış Fiyatı (TL/gram, TP.ALTINPIYASA.KAP02 / 1000)",alternative_asset_primary_tl_per_gram,DERIVED,monthly,scale_after_last,1058.0,available_calendar_unverified,22,22,0,2022-11-01,2022-11-30,2022-11-30,,,null,,calendar_unverified,2022-11-30,2022-11-30,2022-11-01,2022-11-30,0.0,target_period_aggregate,monthly,True,TP.ALTINPIYASA.KAP02,scale,0.001
2022-11,TP.ALTINPIYASA.KAP02,TP_ALTINPIYASA_KAP02,Altın - Kapanış Fiyatı  - TL/kg,alternative_asset_primary,İŞ GÜNÜ,monthly,last,1058000.0,available_calendar_unverified,22,22,0,2022-11-01,2022-11-30,2022-11-30,,,null,,calendar_unverified,2022-11-30,2022-11-30,2022-11-01,2022-11-30,0.0,target_period_aggregate,monthly,False,,,
2022-11,TP.ALTINPIYASA.KAP05,TP_ALTINPIYASA_KAP05,Altın - Kapanış Fiyatı  - TL/gr,alternative_asset_legacy_crosscheck,İŞ GÜNÜ,monthly,last,1058.0,available_calendar_unverified,22,12,10,2022-11-01,2022-11-30,2022-11-30,,,null,,calendar_unverified,2022-11-30,2022-11-30,2022-11-01,2022-11-30,0.0,target_period_aggregate,monthly,False,,,
2022-11,TP.MK.F.BILESIK,TP_MK_F_BILESIK,"(FİYAT) BİST 100 Endeks (XU100), Kapanış Fiyatlarına Göre (Ocak 1986=0,01)",equity_market,İŞ GÜNÜ,monthly,last,4977.64,available_calendar_unverified,22,22,0,2022-11-01,2022-11-30,2022-11-30,,,null,,calendar_unverified,2022-11-30,2022-11-30,2022-11-01,2022-11-30,0.0,target_period_aggregate,monthly,False,,,
2022-12,DERIVED.BIST.GOLD.TL.GR,DERIVED_BIST_GOLD_TL_GR,"BIST Altın Kapanış Fiyatı (TL/gram, TP.ALTINPIYASA.KAP02 / 1000)",alternative_asset_primary_tl_per_gram,DERIVED,monthly,scale_after_last,1107.0,available_calendar_unverified,22,22,0,2022-12-01,2022-12-30,2022-12-30,,,null,,calendar_unverified,2022-12-30,2022-12-30,2022-12-01,2022-12-30,1.0,target_period_aggregate,monthly,True,TP.ALTINPIYASA.KAP02,scale,0.001
2022-12,TP.ALTINPIYASA.KAP02,TP_ALTINPIYASA_KAP02,Altın - Kapanış Fiyatı  - TL/kg,alternative_asset_primary,İŞ GÜNÜ,monthly,last,1107000.0,available_calendar_unverified,22,22,0,2022-12-01,2022-12-30,2022-12-30,,,null,,calendar_unverified,2022-12-30,2022-12-30,2022-12-01,2022-12-30,1.0,target_period_aggregate,monthly,False,,,
2022-12,TP.ALTINPIYASA.KAP05,TP_ALTINPIYASA_KAP05,Altın - Kapanış Fiyatı  - TL/gr,alternative_asset_legacy_crosscheck,İŞ GÜNÜ,monthly,last,1086.0,available_calendar_unverified,22,1,21,2022-12-01,2022-12-30,2022-12-30,,,null,,calendar_unverified,2022-12-30,2022-12-30,2022-12-30,2022-12-30,1.0,target_period_aggregate,monthly,False,,,
2022-12,TP.MK.F.BILESIK,TP_MK_F_BILESIK,"(FİYAT) BİST 100 Endeks (XU100), Kapanış Fiyatlarına Göre (Ocak 1986=0,01)",equity_market,İŞ GÜNÜ,monthly,last,5509.16,available_calendar_unverified,22,22,0,2022-12-01,2022-12-30,2022-12-30,,,null,,calendar_unverified,2022-12-30,2022-12-30,2022-12-01,2022-12-30,1.0,target_period_aggregate,monthly,False,,,
2023-01,DERIVED.BIST.GOLD.TL.GR,DERIVED_BIST_GOLD_TL_GR,"BIST Altın Kapanış Fiyatı (TL/gram, TP.ALTINPIYASA.KAP02 / 1000)",alternative_asset_primary_tl_per_gram,DERIVED,monthly,scale_after_last,1162.0,available_calendar_unverified,22,22,0,2023-01-02,2023-01-31,2023-01-31,,,null,,calendar_unverified,2023-01-31,2023-01-31,2023-01-02,2023-01-31,0.0,target_period_aggregate,monthly,True,TP.ALTINPIYASA.KAP02,scale,0.001
2023-01,TP.ALTINPIYASA.KAP02,TP_ALTINPIYASA_KAP02,Altın - Kapanış Fiyatı  - TL/kg,alternative_asset_primary,İŞ GÜNÜ,monthly,last,1162000.0,available_calendar_unverified,22,22,0,2023-01-02,2023-01-31,2023-01-31,,,null,,calendar_unverified,2023-01-31,2023-01-31,2023-01-02,2023-01-31,0.0,target_period_aggregate,monthly,False,,,
2023-01,TP.ALTINPIYASA.KAP05,TP_ALTINPIYASA_KAP05,Altın - Kapanış Fiyatı  - TL/gr,alternative_asset_legacy_crosscheck,İŞ GÜNÜ,monthly,last,1140.0,available_calendar_unverified,22,7,15,2023-01-02,2023-01-31,2023-01-31,,,null,,calendar_unverified,2023-01-31,2023-01-31,2023-01-03,2023-01-31,0.0,target_period_aggregate,monthly,False,,,
2023-01,TP.MK.F.BILESIK,TP_MK_F_BILESIK,"(FİYAT) BİST 100 Endeks (XU100), Kapanış Fiyatlarına Göre (Ocak 1986=0,01)",equity_market,İŞ GÜNÜ,monthly,last,4976.55,available_calendar_unverified,22,22,0,2023-01-02,2023-01-31,2023-01-31,,,null,,calendar_unverified,2023-01-31,2023-01-31,2023-01-02,2023-01-31,0.0,target_period_aggregate,monthly,False,,,
2023-02,DERIVED.BIST.GOLD.TL.GR,DERIVED_BIST_GOLD_TL_GR,"BIST Altın Kapanış Fiyatı (TL/gram, TP.ALTINPIYASA.KAP02 / 1000)",alternative_asset_primary_tl_per_gram,DERIVED,monthly,scale_after_last,1089.5,available_calendar_unverified,20,20,0,2023-02-01,2023-02-28,2023-02-28,,,null,,calendar_unverified,2023-02-28,2023-02-28,2023-02-01,2023-02-28,0.0,target_period_aggregate,monthly,True,TP.ALTINPIYASA.KAP02,scale,0.001
2023-02,TP.ALTINPIYASA.KAP02,TP_ALTINPIYASA_KAP02,Altın - Kapanış Fiyatı  - TL/kg,alternative_asset_primary,İŞ GÜNÜ,monthly,last,1089500.0,available_calendar_unverified,20,20,0,2023-02-01,2023-02-28,2023-02-28,,,null,,calendar_unverified,2023-02-28,2023-02-28,2023-02-01,2023-02-28,0.0,target_period_aggregate,monthly,False,,,
2023-02,TP.ALTINPIYASA.KAP05,TP_ALTINPIYASA_KAP05,Altın - Kapanış Fiyatı  - TL/gr,alternative_asset_legacy_crosscheck,İŞ GÜNÜ,monthly,last,,source_missing,20,0,20,2023-02-01,2023-02-28,2023-02-28,,,null,,calendar_unverified,,,,,,target_period_aggregate,monthly,False,,,
2023-02,TP.MK.F.BILESIK,TP_MK_F_BILESIK,"(FİYAT) BİST 100 Endeks (XU100), Kapanış Fiyatlarına Göre (Ocak 1986=0,01)",equity_market,İŞ GÜNÜ,monthly,last,5237.33,available_calendar_unverified,20,15,5,2023-02-01,2023-02-28,2023-02-28,,,null,,calendar_unverified,2023-02-28,2023-02-28,2023-02-01,2023-02-28,0.0,target_period_aggregate,monthly,False,,,
2023-03,DERIVED.BIST.GOLD.TL.GR,DERIVED_BIST_GOLD_TL_GR,"BIST Altın Kapanış Fiyatı (TL/gram, TP.ALTINPIYASA.KAP02 / 1000)",alternative_asset_primary_tl_per_gram,DERIVED,monthly,scale_after_last,1238.8,available_calendar_unverified,23,23,0,2023-03-01,2023-03-31,2023-03-31,,,null,,calendar_unverified,2023-03-31,2023-03-31,2023-03-01,2023-03-31,0.0,target_period_aggregate,monthly,True,TP.ALTINPIYASA.KAP02,scale,0.001
2023-03,TP.ALTINPIYASA.KAP02,TP_ALTINPIYASA_KAP02,Altın - Kapanış Fiyatı  - TL/kg,alternative_asset_primary,İŞ GÜNÜ,monthly,last,1238800.0,available_calendar_unverified,23,23,0,2023-03-01,2023-03-31,2023-03-31,,,null,,calendar_unverified,2023-03-31,2023-03-31,2023-03-01,2023-03-31,0.0,target_period_aggregate,monthly,False,,,
2023-03,TP.ALTINPIYASA.KAP05,TP_ALTINPIYASA_KAP05,Altın - Kapanış Fiyatı  - TL/gr,alternative_asset_legacy_crosscheck,İŞ GÜNÜ,monthly,last,1198.0,available_calendar_unverified,23,4,19,2023-03-01,2023-03-31,2023-03-31,,,null,,calendar_unverified,2023-03-29,2023-03-29,2023-03-03,2023-03-29,2.0,target_period_aggregate,monthly,False,,,
2023-03,TP.MK.F.BILESIK,TP_MK_F_BILESIK,"(FİYAT) BİST 100 Endeks (XU100), Kapanış Fiyatlarına Göre (Ocak 1986=0,01)",equity_market,İŞ GÜNÜ,monthly,last,4812.93,available_calendar_unverified,23,23,0,2023-03-01,2023-03-31,2023-03-31,,,null,,calendar_unverified,2023-03-31,2023-03-31,2023-03-01,2023-03-31,0.0,target_period_aggregate,monthly,False,,,
2023-04,DERIVED.BIST.GOLD.TL.GR,DERIVED_BIST_GOLD_TL_GR,"BIST Altın Kapanış Fiyatı (TL/gram, TP.ALTINPIYASA.KAP02 / 1000)",alternative_asset_primary_tl_per_gram,DERIVED,monthly,scale_after_last,1345.0,available_calendar_unverified,20,18,2,2023-04-03,2023-04-28,2023-04-28,,,null,,calendar_unverified,2023-04-28,2023-04-28,2023-04-03,2023-04-28,2.0,target_period_aggregate,monthly,True,TP.ALTINPIYASA.KAP02,scale,0.001
2023-04,TP.ALTINPIYASA.KAP02,TP_ALTINPIYASA_KAP02,Altın - Kapanış Fiyatı  - TL/kg,alternative_asset_primary,İŞ GÜNÜ,monthly,last,1345000.0,available_calendar_unverified,20,18,2,2023-04-03,2023-04-28,2023-04-28,,,null,,calendar_unverified,2023-04-28,2023-04-28,2023-04-03,2023-04-28,2.0,target_period_aggregate,monthly,False,,,
2023-04,TP.ALTINPIYASA.KAP05,TP_ALTINPIYASA_KAP05,Altın - Kapanış Fiyatı  - TL/gr,alternative_asset_legacy_crosscheck,İŞ GÜNÜ,monthly,last,1229.0,available_calendar_unverified,20,7,13,2023-04-03,2023-04-28,2023-04-28,,,null,,calendar_unverified,2023-04-28,2023-04-28,2023-04-11,2023-04-28,2.0,target_period_aggregate,monthly,False,,,
2023-04,TP.MK.F.BILESIK,TP_MK_F_BILESIK,"(FİYAT) BİST 100 Endeks (XU100), Kapanış Fiyatlarına Göre (Ocak 1986=0,01)",equity_market,İŞ GÜNÜ,monthly,last,4617.93,available_calendar_unverified,20,19,1,2023-04-03,2023-04-28,2023-04-28,,,null,,calendar_unverified,2023-04-28,2023-04-28,2023-04-03,2023-04-28,2.0,target_period_aggregate,monthly,False,,,
2023-05,DERIVED.BIST.GOLD.TL.GR,DERIVED_BIST_GOLD_TL_GR,"BIST Altın Kapanış Fiyatı (TL/gram, TP.ALTINPIYASA.KAP02 / 1000)",alternative_asset_primary_tl_per_gram,DERIVED,monthly,scale_after_last,1366.0,available_calendar_unverified,23,21,2,2023-05-01,2023-05-31,2023-05-31,,,null,,calendar_unverified,2023-05-31,2023-05-31,2023-05-02,2023-05-31,0.0,target_period_aggregate,monthly,True,TP.ALTINPIYASA.KAP02,scale,0.001
2023-05,TP.ALTINPIYASA.KAP02,TP_ALTINPIYASA_KAP02,Altın - Kapanış Fiyatı  - TL/kg,alternative_asset_primary,İŞ GÜNÜ,monthly,last,1366000.0,available_calendar_unverified,23,21,2,2023-05-01,2023-05-31,2023-05-31,,,null,,calendar_unverified,2023-05-31,2023-05-31,2023-05-02,2023-05-31,0.0,target_period_aggregate,monthly,False,,,
2023-05,TP.ALTINPIYASA.KAP05,TP_ALTINPIYASA_KAP05,Altın - Kapanış Fiyatı  - TL/gr,alternative_asset_legacy_crosscheck,İŞ GÜNÜ,monthly,last,1280.0,available_calendar_unverified,23,3,20,2023-05-01,2023-05-31,2023-05-31,,,null,,calendar_unverified,2023-05-24,2023-05-24,2023-05-02,2023-05-24,7.0,target_period_aggregate,monthly,False,,,
2023-05,TP.MK.F.BILESIK,TP_MK_F_BILESIK,"(FİYAT) BİST 100 Endeks (XU100), Kapanış Fiyatlarına Göre (Ocak 1986=0,01)",equity_market,İŞ GÜNÜ,monthly,last,4886.91,available_calendar_unverified,23,21,2,2023-05-01,2023-05-31,2023-05-31,,,null,,calendar_unverified,2023-05-31,2023-05-31,2023-05-02,2023-05-31,0.0,target_period_aggregate,monthly,False,,,
2023-06,DERIVED.BIST.GOLD.TL.GR,DERIVED_BIST_GOLD_TL_GR,"BIST Altın Kapanış Fiyatı (TL/gram, TP.ALTINPIYASA.KAP02 / 1000)",alternative_asset_primary_tl_per_gram,DERIVED,monthly,scale_after_last,1608.0,available_calendar_unverified,22,18,4,2023-06-01,2023-06-30,2023-06-30,,,null,,calendar_unverified,2023-06-26,2023-06-26,2023-06-01,2023-06-26,4.0,target_period_aggregate,monthly,True,TP.ALTINPIYASA.KAP02,scale,0.001
2023-06,TP.ALTINPIYASA.KAP02,TP_ALTINPIYASA_KAP02,Altın - Kapanış Fiyatı  - TL/kg,alternative_asset_primary,İŞ GÜNÜ,monthly,last,1608000.0,available_calendar_unverified,22,18,4,2023-06-01,2023-06-30,2023-06-30,,,null,,calendar_unverified,2023-06-26,2023-06-26,2023-06-01,2023-06-26,4.0,target_period_aggregate,monthly,False,,,
2023-06,TP.ALTINPIYASA.KAP05,TP_ALTINPIYASA_KAP05,Altın - Kapanış Fiyatı  - TL/gr,alternative_asset_legacy_crosscheck,İŞ GÜNÜ,monthly,last,,source_missing,22,0,22,2023-06-01,2023-06-30,2023-06-30,,,null,,calendar_unverified,,,,,,target_period_aggregate,monthly,False,,,
2023-06,TP.MK.F.BILESIK,TP_MK_F_BILESIK,"(FİYAT) BİST 100 Endeks (XU100), Kapanış Fiyatlarına Göre (Ocak 1986=0,01)",equity_market,İŞ GÜNÜ,monthly,last,5759.11,available_calendar_unverified,22,19,3,2023-06-01,2023-06-30,2023-06-30,,,null,,calendar_unverified,2023-06-27,2023-06-27,2023-06-01,2023-06-27,3.0,target_period_aggregate,monthly,False,,,
2023-07,DERIVED.BIST.GOLD.TL.GR,DERIVED_BIST_GOLD_TL_GR,"BIST Altın Kapanış Fiyatı (TL/gram, TP.ALTINPIYASA.KAP02 / 1000)",alternative_asset_primary_tl_per_gram,DERIVED,monthly,scale_after_last,1701.0,available_calendar_unverified,21,21,0,2023-07-03,2023-07-31,2023-07-31,,,null,,calendar_unverified,2023-07-31,2023-07-31,2023-07-03,2023-07-31,0.0,target_period_aggregate,monthly,True,TP.ALTINPIYASA.KAP02,scale,0.001
2023-07,TP.ALTINPIYASA.KAP02,TP_ALTINPIYASA_KAP02,Altın - Kapanış Fiyatı  - TL/kg,alternative_asset_primary,İŞ GÜNÜ,monthly,last,1701000.0,available_calendar_unverified,21,21,0,2023-07-03,2023-07-31,2023-07-31,,,null,,calendar_unverified,2023-07-31,2023-07-31,2023-07-03,2023-07-31,0.0,target_period_aggregate,monthly,False,,,
2023-07,TP.ALTINPIYASA.KAP05,TP_ALTINPIYASA_KAP05,Altın - Kapanış Fiyatı  - TL/gr,alternative_asset_legacy_crosscheck,İŞ GÜNÜ,monthly,last,1718.0,available_calendar_unverified,21,4,17,2023-07-03,2023-07-31,2023-07-31,,,null,,calendar_unverified,2023-07-24,2023-07-24,2023-07-14,2023-07-24,7.0,target_period_aggregate,monthly,False,,,
2023-07,TP.MK.F.BILESIK,TP_MK_F_BILESIK,"(FİYAT) BİST 100 Endeks (XU100), Kapanış Fiyatlarına Göre (Ocak 1986=0,01)",equity_market,İŞ GÜNÜ,monthly,last,7216.96,available_calendar_unverified,21,21,0,2023-07-03,2023-07-31,2023-07-31,,,null,,calendar_unverified,2023-07-31,2023-07-31,2023-07-03,2023-07-31,0.0,target_period_aggregate,monthly,False,,,
2023-08,DERIVED.BIST.GOLD.TL.GR,DERIVED_BIST_GOLD_TL_GR,"BIST Altın Kapanış Fiyatı (TL/gram, TP.ALTINPIYASA.KAP02 / 1000)",alternative_asset_primary_tl_per_gram,DERIVED,monthly,scale_after_last,1680.0,available_calendar_unverified,23,22,1,2023-08-01,2023-08-31,2023-08-31,,,null,,calendar_unverified,2023-08-31,2023-08-31,2023-08-01,2023-08-31,0.0,target_period_aggregate,monthly,True,TP.ALTINPIYASA.KAP02,scale,0.001
2023-08,TP.ALTINPIYASA.KAP02,TP_ALTINPIYASA_KAP02,Altın - Kapanış Fiyatı  - TL/kg,alternative_asset_primary,İŞ GÜNÜ,monthly,last,1680000.0,available_calendar_unverified,23,22,1,2023-08-01,2023-08-31,2023-08-31,,,null,,calendar_unverified,2023-08-31,2023-08-31,2023-08-01,2023-08-31,0.0,target_period_aggregate,monthly,False,,,
2023-08,TP.ALTINPIYASA.KAP05,TP_ALTINPIYASA_KAP05,Altın - Kapanış Fiyatı  - TL/gr,alternative_asset_legacy_crosscheck,İŞ GÜNÜ,monthly,last,,source_missing,23,0,23,2023-08-01,2023-08-31,2023-08-31,,,null,,calendar_unverified,,,,,,target_period_aggregate,monthly,False,,,
2023-08,TP.MK.F.BILESIK,TP_MK_F_BILESIK,"(FİYAT) BİST 100 Endeks (XU100), Kapanış Fiyatlarına Göre (Ocak 1986=0,01)",equity_market,İŞ GÜNÜ,monthly,last,7917.93,available_calendar_unverified,23,22,1,2023-08-01,2023-08-31,2023-08-31,,,null,,calendar_unverified,2023-08-31,2023-08-31,2023-08-01,2023-08-31,0.0,target_period_aggregate,monthly,False,,,
2023-09,DERIVED.BIST.GOLD.TL.GR,DERIVED_BIST_GOLD_TL_GR,"BIST Altın Kapanış Fiyatı (TL/gram, TP.ALTINPIYASA.KAP02 / 1000)",alternative_asset_primary_tl_per_gram,DERIVED,monthly,scale_after_last,1686.75,available_calendar_unverified,21,21,0,2023-09-01,2023-09-29,2023-09-29,,,null,,calendar_unverified,2023-09-29,2023-09-29,2023-09-01,2023-09-29,1.0,target_period_aggregate,monthly,True,TP.ALTINPIYASA.KAP02,scale,0.001
2023-09,TP.ALTINPIYASA.KAP02,TP_ALTINPIYASA_KAP02,Altın - Kapanış Fiyatı  - TL/kg,alternative_asset_primary,İŞ GÜNÜ,monthly,last,1686750.0,available_calendar_unverified,21,21,0,2023-09-01,2023-09-29,2023-09-29,,,null,,calendar_unverified,2023-09-29,2023-09-29,2023-09-01,2023-09-29,1.0,target_period_aggregate,monthly,False,,,
2023-09,TP.ALTINPIYASA.KAP05,TP_ALTINPIYASA_KAP05,Altın - Kapanış Fiyatı  - TL/gr,alternative_asset_legacy_crosscheck,İŞ GÜNÜ,monthly,last,1675.0,available_calendar_unverified,21,1,20,2023-09-01,2023-09-29,2023-09-29,,,null,,calendar_unverified,2023-09-21,2023-09-21,2023-09-21,2023-09-21,9.0,target_period_aggregate,monthly,False,,,
2023-09,TP.MK.F.BILESIK,TP_MK_F_BILESIK,"(FİYAT) BİST 100 Endeks (XU100), Kapanış Fiyatlarına Göre (Ocak 1986=0,01)",equity_market,İŞ GÜNÜ,monthly,last,8334.94,available_calendar_unverified,21,21,0,2023-09-01,2023-09-29,2023-09-29,,,null,,calendar_unverified,2023-09-29,2023-09-29,2023-09-01,2023-09-29,1.0,target_period_aggregate,monthly,False,,,
2023-10,DERIVED.BIST.GOLD.TL.GR,DERIVED_BIST_GOLD_TL_GR,"BIST Altın Kapanış Fiyatı (TL/gram, TP.ALTINPIYASA.KAP02 / 1000)",alternative_asset_primary_tl_per_gram,DERIVED,monthly,scale_after_last,1801.0,available_calendar_unverified,22,22,0,2023-10-02,2023-10-31,2023-10-31,,,null,,calendar_unverified,2023-10-31,2023-10-31,2023-10-02,2023-10-31,0.0,target_period_aggregate,monthly,True,TP.ALTINPIYASA.KAP02,scale,0.001
2023-10,TP.ALTINPIYASA.KAP02,TP_ALTINPIYASA_KAP02,Altın - Kapanış Fiyatı  - TL/kg,alternative_asset_primary,İŞ GÜNÜ,monthly,last,1801000.0,available_calendar_unverified,22,22,0,2023-10-02,2023-10-31,2023-10-31,,,null,,calendar_unverified,2023-10-31,2023-10-31,2023-10-02,2023-10-31,0.0,target_period_aggregate,monthly,False,,,
2023-10,TP.ALTINPIYASA.KAP05,TP_ALTINPIYASA_KAP05,Altın - Kapanış Fiyatı  - TL/gr,alternative_asset_legacy_crosscheck,İŞ GÜNÜ,monthly,last,1793.0,available_calendar_unverified,22,5,17,2023-10-02,2023-10-31,2023-10-31,,,null,,calendar_unverified,2023-10-30,2023-10-30,2023-10-02,2023-10-30,1.0,target_period_aggregate,monthly,False,,,
2023-10,TP.MK.F.BILESIK,TP_MK_F_BILESIK,"(FİYAT) BİST 100 Endeks (XU100), Kapanış Fiyatlarına Göre (Ocak 1986=0,01)",equity_market,İŞ GÜNÜ,monthly,last,7514.1,available_calendar_unverified,22,22,0,2023-10-02,2023-10-31,2023-10-31,,,null,,calendar_unverified,2023-10-31,2023-10-31,2023-10-02,2023-10-31,0.0,target_period_aggregate,monthly,False,,,
2023-11,DERIVED.BIST.GOLD.TL.GR,DERIVED_BIST_GOLD_TL_GR,"BIST Altın Kapanış Fiyatı (TL/gram, TP.ALTINPIYASA.KAP02 / 1000)",alternative_asset_primary_tl_per_gram,DERIVED,monthly,scale_after_last,1923.512,available_calendar_unverified,22,22,0,2023-11-01,2023-11-30,2023-11-30,,,null,,calendar_unverified,2023-11-30,2023-11-30,2023-11-01,2023-11-30,0.0,target_period_aggregate,monthly,True,TP.ALTINPIYASA.KAP02,scale,0.001
2023-11,TP.ALTINPIYASA.KAP02,TP_ALTINPIYASA_KAP02,Altın - Kapanış Fiyatı  - TL/kg,alternative_asset_primary,İŞ GÜNÜ,monthly,last,1923512.0,available_calendar_unverified,22,22,0,2023-11-01,2023-11-30,2023-11-30,,,null,,calendar_unverified,2023-11-30,2023-11-30,2023-11-01,2023-11-30,0.0,target_period_aggregate,monthly,False,,,
2023-11,TP.ALTINPIYASA.KAP05,TP_ALTINPIYASA_KAP05,Altın - Kapanış Fiyatı  - TL/gr,alternative_asset_legacy_crosscheck,İŞ GÜNÜ,monthly,last,1872.0,available_calendar_unverified,22,10,12,2023-11-01,2023-11-30,2023-11-30,,,null,,calendar_unverified,2023-11-30,2023-11-30,2023-11-02,2023-11-30,0.0,target_period_aggregate,monthly,False,,,
2023-11,TP.MK.F.BILESIK,TP_MK_F_BILESIK,"(FİYAT) BİST 100 Endeks (XU100), Kapanış Fiyatlarına Göre (Ocak 1986=0,01)",equity_market,İŞ GÜNÜ,monthly,last,7948.6,available_calendar_unverified,22,22,0,2023-11-01,2023-11-30,2023-11-30,,,null,,calendar_unverified,2023-11-30,2023-11-30,2023-11-01,2023-11-30,0.0,target_period_aggregate,monthly,False,,,
2023-12,DERIVED.BIST.GOLD.TL.GR,DERIVED_BIST_GOLD_TL_GR,"BIST Altın Kapanış Fiyatı (TL/gram, TP.ALTINPIYASA.KAP02 / 1000)",alternative_asset_primary_tl_per_gram,DERIVED,monthly,scale_after_last,1960.0,available_calendar_unverified,21,21,0,2023-12-01,2023-12-29,2023-12-29,,,null,,calendar_unverified,2023-12-29,2023-12-29,2023-12-01,2023-12-29,2.0,target_period_aggregate,monthly,True,TP.ALTINPIYASA.KAP02,scale,0.001
2023-12,TP.ALTINPIYASA.KAP02,TP_ALTINPIYASA_KAP02,Altın - Kapanış Fiyatı  - TL/kg,alternative_asset_primary,İŞ GÜNÜ,monthly,last,1960000.0,available_calendar_unverified,21,21,0,2023-12-01,2023-12-29,2023-12-29,,,null,,calendar_unverified,2023-12-29,2023-12-29,2023-12-01,2023-12-29,2.0,target_period_aggregate,monthly,False,,,
2023-12,TP.ALTINPIYASA.KAP05,TP_ALTINPIYASA_KAP05,Altın - Kapanış Fiyatı  - TL/gr,alternative_asset_legacy_crosscheck,İŞ GÜNÜ,monthly,last,1975.0,available_calendar_unverified,21,7,14,2023-12-01,2023-12-29,2023-12-29,,,null,,calendar_unverified,2023-12-28,2023-12-28,2023-12-06,2023-12-28,3.0,target_period_aggregate,monthly,False,,,
2023-12,TP.MK.F.BILESIK,TP_MK_F_BILESIK,"(FİYAT) BİST 100 Endeks (XU100), Kapanış Fiyatlarına Göre (Ocak 1986=0,01)",equity_market,İŞ GÜNÜ,monthly,last,7470.18,available_calendar_unverified,21,21,0,2023-12-01,2023-12-29,2023-12-29,,,null,,calendar_unverified,2023-12-29,2023-12-29,2023-12-01,2023-12-29,2.0,target_period_aggregate,monthly,False,,,
2024-01,DERIVED.BIST.GOLD.TL.GR,DERIVED_BIST_GOLD_TL_GR,"BIST Altın Kapanış Fiyatı (TL/gram, TP.ALTINPIYASA.KAP02 / 1000)",alternative_asset_primary_tl_per_gram,DERIVED,monthly,scale_after_last,2052.0,available_calendar_unverified,23,22,1,2024-01-01,2024-01-31,2024-01-31,,,null,,calendar_unverified,2024-01-31,2024-01-31,2024-01-02,2024-01-31,0.0,target_period_aggregate,monthly,True,TP.ALTINPIYASA.KAP02,scale,0.001
2024-01,TP.ALTINPIYASA.KAP02,TP_ALTINPIYASA_KAP02,Altın - Kapanış Fiyatı  - TL/kg,alternative_asset_primary,İŞ GÜNÜ,monthly,last,2052000.0,available_calendar_unverified,23,22,1,2024-01-01,2024-01-31,2024-01-31,,,null,,calendar_unverified,2024-01-31,2024-01-31,2024-01-02,2024-01-31,0.0,target_period_aggregate,monthly,False,,,
2024-01,TP.ALTINPIYASA.KAP05,TP_ALTINPIYASA_KAP05,Altın - Kapanış Fiyatı  - TL/gr,alternative_asset_legacy_crosscheck,İŞ GÜNÜ,monthly,last,2000.0,available_calendar_unverified,23,1,22,2024-01-01,2024-01-31,2024-01-31,,,null,,calendar_unverified,2024-01-23,2024-01-23,2024-01-23,2024-01-23,8.0,target_period_aggregate,monthly,False,,,
2024-01,TP.MK.F.BILESIK,TP_MK_F_BILESIK,"(FİYAT) BİST 100 Endeks (XU100), Kapanış Fiyatlarına Göre (Ocak 1986=0,01)",equity_market,İŞ GÜNÜ,monthly,last,8496.66,available_calendar_unverified,23,22,1,2024-01-01,2024-01-31,2024-01-31,,,null,,calendar_unverified,2024-01-31,2024-01-31,2024-01-02,2024-01-31,0.0,target_period_aggregate,monthly,False,,,
2024-02,DERIVED.BIST.GOLD.TL.GR,DERIVED_BIST_GOLD_TL_GR,"BIST Altın Kapanış Fiyatı (TL/gram, TP.ALTINPIYASA.KAP02 / 1000)",alternative_asset_primary_tl_per_gram,DERIVED,monthly,scale_after_last,2117.8975,available_calendar_unverified,21,21,0,2024-02-01,2024-02-29,2024-02-29,,,null,,calendar_unverified,2024-02-29,2024-02-29,2024-02-01,2024-02-29,0.0,target_period_aggregate,monthly,True,TP.ALTINPIYASA.KAP02,scale,0.001
2024-02,TP.ALTINPIYASA.KAP02,TP_ALTINPIYASA_KAP02,Altın - Kapanış Fiyatı  - TL/kg,alternative_asset_primary,İŞ GÜNÜ,monthly,last,2117897.5,available_calendar_unverified,21,21,0,2024-02-01,2024-02-29,2024-02-29,,,null,,calendar_unverified,2024-02-29,2024-02-29,2024-02-01,2024-02-29,0.0,target_period_aggregate,monthly,False,,,
2024-02,TP.ALTINPIYASA.KAP05,TP_ALTINPIYASA_KAP05,Altın - Kapanış Fiyatı  - TL/gr,alternative_asset_legacy_crosscheck,İŞ GÜNÜ,monthly,last,2025.0,available_calendar_unverified,21,4,17,2024-02-01,2024-02-29,2024-02-29,,,null,,calendar_unverified,2024-02-28,2024-02-28,2024-02-15,2024-02-28,1.0,target_period_aggregate,monthly,False,,,
2024-02,TP.MK.F.BILESIK,TP_MK_F_BILESIK,"(FİYAT) BİST 100 Endeks (XU100), Kapanış Fiyatlarına Göre (Ocak 1986=0,01)",equity_market,İŞ GÜNÜ,monthly,last,9193.69,available_calendar_unverified,21,21,0,2024-02-01,2024-02-29,2024-02-29,,,null,,calendar_unverified,2024-02-29,2024-02-29,2024-02-01,2024-02-29,0.0,target_period_aggregate,monthly,False,,,
2024-03,DERIVED.BIST.GOLD.TL.GR,DERIVED_BIST_GOLD_TL_GR,"BIST Altın Kapanış Fiyatı (TL/gram, TP.ALTINPIYASA.KAP02 / 1000)",alternative_asset_primary_tl_per_gram,DERIVED,monthly,scale_after_last,2446.0,available_calendar_unverified,21,21,0,2024-03-01,2024-03-29,2024-03-29,,,null,,calendar_unverified,2024-03-29,2024-03-29,2024-03-01,2024-03-29,2.0,target_period_aggregate,monthly,True,TP.ALTINPIYASA.KAP02,scale,0.001
2024-03,TP.ALTINPIYASA.KAP02,TP_ALTINPIYASA_KAP02,Altın - Kapanış Fiyatı  - TL/kg,alternative_asset_primary,İŞ GÜNÜ,monthly,last,2446000.0,available_calendar_unverified,21,21,0,2024-03-01,2024-03-29,2024-03-29,,,null,,calendar_unverified,2024-03-29,2024-03-29,2024-03-01,2024-03-29,2.0,target_period_aggregate,monthly,False,,,
2024-03,TP.ALTINPIYASA.KAP05,TP_ALTINPIYASA_KAP05,Altın - Kapanış Fiyatı  - TL/gr,alternative_asset_legacy_crosscheck,İŞ GÜNÜ,monthly,last,2250.0,available_calendar_unverified,21,1,20,2024-03-01,2024-03-29,2024-03-29,,,null,,calendar_unverified,2024-03-22,2024-03-22,2024-03-22,2024-03-22,9.0,target_period_aggregate,monthly,False,,,
2024-03,TP.MK.F.BILESIK,TP_MK_F_BILESIK,"(FİYAT) BİST 100 Endeks (XU100), Kapanış Fiyatlarına Göre (Ocak 1986=0,01)",equity_market,İŞ GÜNÜ,monthly,last,9142.4,available_calendar_unverified,21,21,0,2024-03-01,2024-03-29,2024-03-29,,,null,,calendar_unverified,2024-03-29,2024-03-29,2024-03-01,2024-03-29,2.0,target_period_aggregate,monthly,False,,,
2024-04,DERIVED.BIST.GOLD.TL.GR,DERIVED_BIST_GOLD_TL_GR,"BIST Altın Kapanış Fiyatı (TL/gram, TP.ALTINPIYASA.KAP02 / 1000)",alternative_asset_primary_tl_per_gram,DERIVED,monthly,scale_after_last,2430.0,available_calendar_unverified,22,17,5,2024-04-01,2024-04-30,2024-04-30,,,null,,calendar_unverified,2024-04-30,2024-04-30,2024-04-01,2024-04-30,0.0,target_period_aggregate,monthly,True,TP.ALTINPIYASA.KAP02,scale,0.001
2024-04,TP.ALTINPIYASA.KAP02,TP_ALTINPIYASA_KAP02,Altın - Kapanış Fiyatı  - TL/kg,alternative_asset_primary,İŞ GÜNÜ,monthly,last,2430000.0,available_calendar_unverified,22,17,5,2024-04-01,2024-04-30,2024-04-30,,,null,,calendar_unverified,2024-04-30,2024-04-30,2024-04-01,2024-04-30,0.0,target_period_aggregate,monthly,False,,,
2024-04,TP.ALTINPIYASA.KAP05,TP_ALTINPIYASA_KAP05,Altın - Kapanış Fiyatı  - TL/gr,alternative_asset_legacy_crosscheck,İŞ GÜNÜ,monthly,last,2400.0,available_calendar_unverified,22,4,18,2024-04-01,2024-04-30,2024-04-30,,,null,,calendar_unverified,2024-04-30,2024-04-30,2024-04-05,2024-04-30,0.0,target_period_aggregate,monthly,False,,,
2024-04,TP.MK.F.BILESIK,TP_MK_F_BILESIK,"(FİYAT) BİST 100 Endeks (XU100), Kapanış Fiyatlarına Göre (Ocak 1986=0,01)",equity_market,İŞ GÜNÜ,monthly,last,10045.74,available_calendar_unverified,22,18,4,2024-04-01,2024-04-30,2024-04-30,,,null,,calendar_unverified,2024-04-30,2024-04-30,2024-04-01,2024-04-30,0.0,target_period_aggregate,monthly,False,,,
2024-05,DERIVED.BIST.GOLD.TL.GR,DERIVED_BIST_GOLD_TL_GR,"BIST Altın Kapanış Fiyatı (TL/gram, TP.ALTINPIYASA.KAP02 / 1000)",alternative_asset_primary_tl_per_gram,DERIVED,monthly,scale_after_last,2410.0,available_calendar_unverified,23,22,1,2024-05-01,2024-05-31,2024-05-31,,,null,,calendar_unverified,2024-05-31,2024-05-31,2024-05-02,2024-05-31,0.0,target_period_aggregate,monthly,True,TP.ALTINPIYASA.KAP02,scale,0.001
2024-05,TP.ALTINPIYASA.KAP02,TP_ALTINPIYASA_KAP02,Altın - Kapanış Fiyatı  - TL/kg,alternative_asset_primary,İŞ GÜNÜ,monthly,last,2410000.0,available_calendar_unverified,23,22,1,2024-05-01,2024-05-31,2024-05-31,,,null,,calendar_unverified,2024-05-31,2024-05-31,2024-05-02,2024-05-31,0.0,target_period_aggregate,monthly,False,,,
2024-05,TP.ALTINPIYASA.KAP05,TP_ALTINPIYASA_KAP05,Altın - Kapanış Fiyatı  - TL/gr,alternative_asset_legacy_crosscheck,İŞ GÜNÜ,monthly,last,2441.0,available_calendar_unverified,23,1,22,2024-05-01,2024-05-31,2024-05-31,,,null,,calendar_unverified,2024-05-29,2024-05-29,2024-05-29,2024-05-29,2.0,target_period_aggregate,monthly,False,,,
2024-05,TP.MK.F.BILESIK,TP_MK_F_BILESIK,"(FİYAT) BİST 100 Endeks (XU100), Kapanış Fiyatlarına Göre (Ocak 1986=0,01)",equity_market,İŞ GÜNÜ,monthly,last,10400.48,available_calendar_unverified,23,22,1,2024-05-01,2024-05-31,2024-05-31,,,null,,calendar_unverified,2024-05-31,2024-05-31,2024-05-02,2024-05-31,0.0,target_period_aggregate,monthly,False,,,
2024-06,DERIVED.BIST.GOLD.TL.GR,DERIVED_BIST_GOLD_TL_GR,"BIST Altın Kapanış Fiyatı (TL/gram, TP.ALTINPIYASA.KAP02 / 1000)",alternative_asset_primary_tl_per_gram,DERIVED,monthly,scale_after_last,2490.0,available_calendar_unverified,20,17,3,2024-06-03,2024-06-28,2024-06-28,,,null,,calendar_unverified,2024-06-28,2024-06-28,2024-06-03,2024-06-28,2.0,target_period_aggregate,monthly,True,TP.ALTINPIYASA.KAP02,scale,0.001
2024-06,TP.ALTINPIYASA.KAP02,TP_ALTINPIYASA_KAP02,Altın - Kapanış Fiyatı  - TL/kg,alternative_asset_primary,İŞ GÜNÜ,monthly,last,2490000.0,available_calendar_unverified,20,17,3,2024-06-03,2024-06-28,2024-06-28,,,null,,calendar_unverified,2024-06-28,2024-06-28,2024-06-03,2024-06-28,2.0,target_period_aggregate,monthly,False,,,
2024-06,TP.ALTINPIYASA.KAP05,TP_ALTINPIYASA_KAP05,Altın - Kapanış Fiyatı  - TL/gr,alternative_asset_legacy_crosscheck,İŞ GÜNÜ,monthly,last,2388.0,available_calendar_unverified,20,2,18,2024-06-03,2024-06-28,2024-06-28,,,null,,calendar_unverified,2024-06-13,2024-06-13,2024-06-03,2024-06-13,17.0,target_period_aggregate,monthly,False,,,
2024-06,TP.MK.F.BILESIK,TP_MK_F_BILESIK,"(FİYAT) BİST 100 Endeks (XU100), Kapanış Fiyatlarına Göre (Ocak 1986=0,01)",equity_market,İŞ GÜNÜ,monthly,last,10647.91,available_calendar_unverified,20,17,3,2024-06-03,2024-06-28,2024-06-28,,,null,,calendar_unverified,2024-06-28,2024-06-28,2024-06-03,2024-06-28,2.0,target_period_aggregate,monthly,False,,,
2024-07,DERIVED.BIST.GOLD.TL.GR,DERIVED_BIST_GOLD_TL_GR,"BIST Altın Kapanış Fiyatı (TL/gram, TP.ALTINPIYASA.KAP02 / 1000)",alternative_asset_primary_tl_per_gram,DERIVED,monthly,scale_after_last,2600.0,available_calendar_unverified,23,21,2,2024-07-01,2024-07-31,2024-07-31,,,null,,calendar_unverified,2024-07-31,2024-07-31,2024-07-01,2024-07-31,0.0,target_period_aggregate,monthly,True,TP.ALTINPIYASA.KAP02,scale,0.001
2024-07,TP.ALTINPIYASA.KAP02,TP_ALTINPIYASA_KAP02,Altın - Kapanış Fiyatı  - TL/kg,alternative_asset_primary,İŞ GÜNÜ,monthly,last,2600000.0,available_calendar_unverified,23,21,2,2024-07-01,2024-07-31,2024-07-31,,,null,,calendar_unverified,2024-07-31,2024-07-31,2024-07-01,2024-07-31,0.0,target_period_aggregate,monthly,False,,,
2024-07,TP.ALTINPIYASA.KAP05,TP_ALTINPIYASA_KAP05,Altın - Kapanış Fiyatı  - TL/gr,alternative_asset_legacy_crosscheck,İŞ GÜNÜ,monthly,last,2554.0,available_calendar_unverified,23,3,20,2024-07-01,2024-07-31,2024-07-31,,,null,,calendar_unverified,2024-07-31,2024-07-31,2024-07-11,2024-07-31,0.0,target_period_aggregate,monthly,False,,,
2024-07,TP.MK.F.BILESIK,TP_MK_F_BILESIK,"(FİYAT) BİST 100 Endeks (XU100), Kapanış Fiyatlarına Göre (Ocak 1986=0,01)",equity_market,İŞ GÜNÜ,monthly,last,10638.58,available_calendar_unverified,23,22,1,2024-07-01,2024-07-31,2024-07-31,,,null,,calendar_unverified,2024-07-31,2024-07-31,2024-07-01,2024-07-31,0.0,target_period_aggregate,monthly,False,,,
2024-08,DERIVED.BIST.GOLD.TL.GR,DERIVED_BIST_GOLD_TL_GR,"BIST Altın Kapanış Fiyatı (TL/gram, TP.ALTINPIYASA.KAP02 / 1000)",alternative_asset_primary_tl_per_gram,DERIVED,monthly,scale_after_last,2801.0,available_calendar_unverified,22,21,1,2024-08-01,2024-08-30,2024-08-30,,,null,,calendar_unverified,2024-08-29,2024-08-29,2024-08-01,2024-08-29,2.0,target_period_aggregate,monthly,True,TP.ALTINPIYASA.KAP02,scale,0.001
2024-08,TP.ALTINPIYASA.KAP02,TP_ALTINPIYASA_KAP02,Altın - Kapanış Fiyatı  - TL/kg,alternative_asset_primary,İŞ GÜNÜ,monthly,last,2801000.0,available_calendar_unverified,22,21,1,2024-08-01,2024-08-30,2024-08-30,,,null,,calendar_unverified,2024-08-29,2024-08-29,2024-08-01,2024-08-29,2.0,target_period_aggregate,monthly,False,,,
2024-08,TP.ALTINPIYASA.KAP05,TP_ALTINPIYASA_KAP05,Altın - Kapanış Fiyatı  - TL/gr,alternative_asset_legacy_crosscheck,İŞ GÜNÜ,monthly,last,,source_missing,22,0,22,2024-08-01,2024-08-30,2024-08-30,,,null,,calendar_unverified,,,,,,target_period_aggregate,monthly,False,,,
2024-08,TP.MK.F.BILESIK,TP_MK_F_BILESIK,"(FİYAT) BİST 100 Endeks (XU100), Kapanış Fiyatlarına Göre (Ocak 1986=0,01)",equity_market,İŞ GÜNÜ,monthly,last,9833.22,available_calendar_unverified,22,21,1,2024-08-01,2024-08-30,2024-08-30,,,null,,calendar_unverified,2024-08-29,2024-08-29,2024-08-01,2024-08-29,2.0,target_period_aggregate,monthly,False,,,
2024-09,DERIVED.BIST.GOLD.TL.GR,DERIVED_BIST_GOLD_TL_GR,"BIST Altın Kapanış Fiyatı (TL/gram, TP.ALTINPIYASA.KAP02 / 1000)",alternative_asset_primary_tl_per_gram,DERIVED,monthly,scale_after_last,3040.0,available_calendar_unverified,21,21,0,2024-09-02,2024-09-30,2024-09-30,,,null,,calendar_unverified,2024-09-30,2024-09-30,2024-09-02,2024-09-30,0.0,target_period_aggregate,monthly,True,TP.ALTINPIYASA.KAP02,scale,0.001
2024-09,TP.ALTINPIYASA.KAP02,TP_ALTINPIYASA_KAP02,Altın - Kapanış Fiyatı  - TL/kg,alternative_asset_primary,İŞ GÜNÜ,monthly,last,3040000.0,available_calendar_unverified,21,21,0,2024-09-02,2024-09-30,2024-09-30,,,null,,calendar_unverified,2024-09-30,2024-09-30,2024-09-02,2024-09-30,0.0,target_period_aggregate,monthly,False,,,
2024-09,TP.ALTINPIYASA.KAP05,TP_ALTINPIYASA_KAP05,Altın - Kapanış Fiyatı  - TL/gr,alternative_asset_legacy_crosscheck,İŞ GÜNÜ,monthly,last,2806.0,available_calendar_unverified,21,4,17,2024-09-02,2024-09-30,2024-09-30,,,null,,calendar_unverified,2024-09-19,2024-09-19,2024-09-11,2024-09-19,11.0,target_period_aggregate,monthly,False,,,
2024-09,TP.MK.F.BILESIK,TP_MK_F_BILESIK,"(FİYAT) BİST 100 Endeks (XU100), Kapanış Fiyatlarına Göre (Ocak 1986=0,01)",equity_market,İŞ GÜNÜ,monthly,last,9665.78,available_calendar_unverified,21,21,0,2024-09-02,2024-09-30,2024-09-30,,,null,,calendar_unverified,2024-09-30,2024-09-30,2024-09-02,2024-09-30,0.0,target_period_aggregate,monthly,False,,,
2024-10,DERIVED.BIST.GOLD.TL.GR,DERIVED_BIST_GOLD_TL_GR,"BIST Altın Kapanış Fiyatı (TL/gram, TP.ALTINPIYASA.KAP02 / 1000)",alternative_asset_primary_tl_per_gram,DERIVED,monthly,scale_after_last,3137.0,available_calendar_unverified,23,21,2,2024-10-01,2024-10-31,2024-10-31,,,null,,calendar_unverified,2024-10-31,2024-10-31,2024-10-01,2024-10-31,0.0,target_period_aggregate,monthly,True,TP.ALTINPIYASA.KAP02,scale,0.001
2024-10,TP.ALTINPIYASA.KAP02,TP_ALTINPIYASA_KAP02,Altın - Kapanış Fiyatı  - TL/kg,alternative_asset_primary,İŞ GÜNÜ,monthly,last,3137000.0,available_calendar_unverified,23,21,2,2024-10-01,2024-10-31,2024-10-31,,,null,,calendar_unverified,2024-10-31,2024-10-31,2024-10-01,2024-10-31,0.0,target_period_aggregate,monthly,False,,,
2024-10,TP.ALTINPIYASA.KAP05,TP_ALTINPIYASA_KAP05,Altın - Kapanış Fiyatı  - TL/gr,alternative_asset_legacy_crosscheck,İŞ GÜNÜ,monthly,last,2923.0,available_calendar_unverified,23,5,18,2024-10-01,2024-10-31,2024-10-31,,,null,,calendar_unverified,2024-10-17,2024-10-17,2024-10-04,2024-10-17,14.0,target_period_aggregate,monthly,False,,,
2024-10,TP.MK.F.BILESIK,TP_MK_F_BILESIK,"(FİYAT) BİST 100 Endeks (XU100), Kapanış Fiyatlarına Göre (Ocak 1986=0,01)",equity_market,İŞ GÜNÜ,monthly,last,8863.88,available_calendar_unverified,23,22,1,2024-10-01,2024-10-31,2024-10-31,,,null,,calendar_unverified,2024-10-31,2024-10-31,2024-10-01,2024-10-31,0.0,target_period_aggregate,monthly,False,,,
2024-11,DERIVED.BIST.GOLD.TL.GR,DERIVED_BIST_GOLD_TL_GR,"BIST Altın Kapanış Fiyatı (TL/gram, TP.ALTINPIYASA.KAP02 / 1000)",alternative_asset_primary_tl_per_gram,DERIVED,monthly,scale_after_last,3045.0,available_calendar_unverified,21,21,0,2024-11-01,2024-11-29,2024-11-29,,,null,,calendar_unverified,2024-11-29,2024-11-29,2024-11-01,2024-11-29,1.0,target_period_aggregate,monthly,True,TP.ALTINPIYASA.KAP02,scale,0.001
2024-11,TP.ALTINPIYASA.KAP02,TP_ALTINPIYASA_KAP02,Altın - Kapanış Fiyatı  - TL/kg,alternative_asset_primary,İŞ GÜNÜ,monthly,last,3045000.0,available_calendar_unverified,21,21,0,2024-11-01,2024-11-29,2024-11-29,,,null,,calendar_unverified,2024-11-29,2024-11-29,2024-11-01,2024-11-29,1.0,target_period_aggregate,monthly,False,,,
2024-11,TP.ALTINPIYASA.KAP05,TP_ALTINPIYASA_KAP05,Altın - Kapanış Fiyatı  - TL/gr,alternative_asset_legacy_crosscheck,İŞ GÜNÜ,monthly,last,2800.0,available_calendar_unverified,21,2,19,2024-11-01,2024-11-29,2024-11-29,,,null,,calendar_unverified,2024-11-14,2024-11-14,2024-11-13,2024-11-14,16.0,target_period_aggregate,monthly,False,,,
2024-11,TP.MK.F.BILESIK,TP_MK_F_BILESIK,"(FİYAT) BİST 100 Endeks (XU100), Kapanış Fiyatlarına Göre (Ocak 1986=0,01)",equity_market,İŞ GÜNÜ,monthly,last,9652.0,available_calendar_unverified,21,21,0,2024-11-01,2024-11-29,2024-11-29,,,null,,calendar_unverified,2024-11-29,2024-11-29,2024-11-01,2024-11-29,1.0,target_period_aggregate,monthly,False,,,
2024-12,DERIVED.BIST.GOLD.TL.GR,DERIVED_BIST_GOLD_TL_GR,"BIST Altın Kapanış Fiyatı (TL/gram, TP.ALTINPIYASA.KAP02 / 1000)",alternative_asset_primary_tl_per_gram,DERIVED,monthly,scale_after_last,3025.0,available_calendar_unverified,22,22,0,2024-12-02,2024-12-31,2024-12-31,,,null,,calendar_unverified,2024-12-31,2024-12-31,2024-12-02,2024-12-31,0.0,target_period_aggregate,monthly,True,TP.ALTINPIYASA.KAP02,scale,0.001
2024-12,TP.ALTINPIYASA.KAP02,TP_ALTINPIYASA_KAP02,Altın - Kapanış Fiyatı  - TL/kg,alternative_asset_primary,İŞ GÜNÜ,monthly,last,3025000.0,available_calendar_unverified,22,22,0,2024-12-02,2024-12-31,2024-12-31,,,null,,calendar_unverified,2024-12-31,2024-12-31,2024-12-02,2024-12-31,0.0,target_period_aggregate,monthly,False,,,
2024-12,TP.ALTINPIYASA.KAP05,TP_ALTINPIYASA_KAP05,Altın - Kapanış Fiyatı  - TL/gr,alternative_asset_legacy_crosscheck,İŞ GÜNÜ,monthly,last,2960.0,available_calendar_unverified,22,2,20,2024-12-02,2024-12-31,2024-12-31,,,null,,calendar_unverified,2024-12-25,2024-12-25,2024-12-03,2024-12-25,6.0,target_period_aggregate,monthly,False,,,
2024-12,TP.MK.F.BILESIK,TP_MK_F_BILESIK,"(FİYAT) BİST 100 Endeks (XU100), Kapanış Fiyatlarına Göre (Ocak 1986=0,01)",equity_market,İŞ GÜNÜ,monthly,last,9830.56,available_calendar_unverified,22,22,0,2024-12-02,2024-12-31,2024-12-31,,,null,,calendar_unverified,2024-12-31,2024-12-31,2024-12-02,2024-12-31,0.0,target_period_aggregate,monthly,False,,,
2025-01,DERIVED.BIST.GOLD.TL.GR,DERIVED_BIST_GOLD_TL_GR,"BIST Altın Kapanış Fiyatı (TL/gram, TP.ALTINPIYASA.KAP02 / 1000)",alternative_asset_primary_tl_per_gram,DERIVED,monthly,scale_after_last,3205.0,available_calendar_unverified,23,22,1,2025-01-01,2025-01-31,2025-01-31,,,null,,calendar_unverified,2025-01-31,2025-01-31,2025-01-02,2025-01-31,0.0,target_period_aggregate,monthly,True,TP.ALTINPIYASA.KAP02,scale,0.001
2025-01,TP.ALTINPIYASA.KAP02,TP_ALTINPIYASA_KAP02,Altın - Kapanış Fiyatı  - TL/kg,alternative_asset_primary,İŞ GÜNÜ,monthly,last,3205000.0,available_calendar_unverified,23,22,1,2025-01-01,2025-01-31,2025-01-31,,,null,,calendar_unverified,2025-01-31,2025-01-31,2025-01-02,2025-01-31,0.0,target_period_aggregate,monthly,False,,,
2025-01,TP.ALTINPIYASA.KAP05,TP_ALTINPIYASA_KAP05,Altın - Kapanış Fiyatı  - TL/gr,alternative_asset_legacy_crosscheck,İŞ GÜNÜ,monthly,last,3145.0,available_calendar_unverified,23,2,21,2025-01-01,2025-01-31,2025-01-31,,,null,,calendar_unverified,2025-01-29,2025-01-29,2025-01-16,2025-01-29,2.0,target_period_aggregate,monthly,False,,,
2025-01,TP.MK.F.BILESIK,TP_MK_F_BILESIK,"(FİYAT) BİST 100 Endeks (XU100), Kapanış Fiyatlarına Göre (Ocak 1986=0,01)",equity_market,İŞ GÜNÜ,monthly,last,10004.38,available_calendar_unverified,23,22,1,2025-01-01,2025-01-31,2025-01-31,,,null,,calendar_unverified,2025-01-31,2025-01-31,2025-01-02,2025-01-31,0.0,target_period_aggregate,monthly,False,,,
2025-02,DERIVED.BIST.GOLD.TL.GR,DERIVED_BIST_GOLD_TL_GR,"BIST Altın Kapanış Fiyatı (TL/gram, TP.ALTINPIYASA.KAP02 / 1000)",alternative_asset_primary_tl_per_gram,DERIVED,monthly,scale_after_last,3392.0,available_calendar_unverified,20,20,0,2025-02-03,2025-02-28,2025-02-28,,,null,,calendar_unverified,2025-02-28,2025-02-28,2025-02-03,2025-02-28,0.0,target_period_aggregate,monthly,True,TP.ALTINPIYASA.KAP02,scale,0.001
2025-02,TP.ALTINPIYASA.KAP02,TP_ALTINPIYASA_KAP02,Altın - Kapanış Fiyatı  - TL/kg,alternative_asset_primary,İŞ GÜNÜ,monthly,last,3392000.0,available_calendar_unverified,20,20,0,2025-02-03,2025-02-28,2025-02-28,,,null,,calendar_unverified,2025-02-28,2025-02-28,2025-02-03,2025-02-28,0.0,target_period_aggregate,monthly,False,,,
2025-02,TP.ALTINPIYASA.KAP05,TP_ALTINPIYASA_KAP05,Altın - Kapanış Fiyatı  - TL/gr,alternative_asset_legacy_crosscheck,İŞ GÜNÜ,monthly,last,3500.0,available_calendar_unverified,20,1,19,2025-02-03,2025-02-28,2025-02-28,,,null,,calendar_unverified,2025-02-26,2025-02-26,2025-02-26,2025-02-26,2.0,target_period_aggregate,monthly,False,,,
2025-02,TP.MK.F.BILESIK,TP_MK_F_BILESIK,"(FİYAT) BİST 100 Endeks (XU100), Kapanış Fiyatlarına Göre (Ocak 1986=0,01)",equity_market,İŞ GÜNÜ,monthly,last,9658.72,available_calendar_unverified,20,20,0,2025-02-03,2025-02-28,2025-02-28,,,null,,calendar_unverified,2025-02-28,2025-02-28,2025-02-03,2025-02-28,0.0,target_period_aggregate,monthly,False,,,
2025-03,DERIVED.BIST.GOLD.TL.GR,DERIVED_BIST_GOLD_TL_GR,"BIST Altın Kapanış Fiyatı (TL/gram, TP.ALTINPIYASA.KAP02 / 1000)",alternative_asset_primary_tl_per_gram,DERIVED,monthly,scale_after_last,3795.0,available_calendar_unverified,21,20,1,2025-03-03,2025-03-31,2025-03-31,,,null,,calendar_unverified,2025-03-28,2025-03-28,2025-03-03,2025-03-28,3.0,target_period_aggregate,monthly,True,TP.ALTINPIYASA.KAP02,scale,0.001
2025-03,TP.ALTINPIYASA.KAP02,TP_ALTINPIYASA_KAP02,Altın - Kapanış Fiyatı  - TL/kg,alternative_asset_primary,İŞ GÜNÜ,monthly,last,3795000.0,available_calendar_unverified,21,20,1,2025-03-03,2025-03-31,2025-03-31,,,null,,calendar_unverified,2025-03-28,2025-03-28,2025-03-03,2025-03-28,3.0,target_period_aggregate,monthly,False,,,
2025-03,TP.ALTINPIYASA.KAP05,TP_ALTINPIYASA_KAP05,Altın - Kapanış Fiyatı  - TL/gr,alternative_asset_legacy_crosscheck,İŞ GÜNÜ,monthly,last,3750.0,available_calendar_unverified,21,2,19,2025-03-03,2025-03-31,2025-03-31,,,null,,calendar_unverified,2025-03-27,2025-03-27,2025-03-07,2025-03-27,4.0,target_period_aggregate,monthly,False,,,
2025-03,TP.MK.F.BILESIK,TP_MK_F_BILESIK,"(FİYAT) BİST 100 Endeks (XU100), Kapanış Fiyatlarına Göre (Ocak 1986=0,01)",equity_market,İŞ GÜNÜ,monthly,last,9659.48,available_calendar_unverified,21,20,1,2025-03-03,2025-03-31,2025-03-31,,,null,,calendar_unverified,2025-03-28,2025-03-28,2025-03-03,2025-03-28,3.0,target_period_aggregate,monthly,False,,,
2025-04,DERIVED.BIST.GOLD.TL.GR,DERIVED_BIST_GOLD_TL_GR,"BIST Altın Kapanış Fiyatı (TL/gram, TP.ALTINPIYASA.KAP02 / 1000)",alternative_asset_primary_tl_per_gram,DERIVED,monthly,scale_after_last,4200.0,available_calendar_unverified,22,20,2,2025-04-01,2025-04-30,2025-04-30,,,null,,calendar_unverified,2025-04-30,2025-04-30,2025-04-02,2025-04-30,0.0,target_period_aggregate,monthly,True,TP.ALTINPIYASA.KAP02,scale,0.001
2025-04,TP.ALTINPIYASA.KAP02,TP_ALTINPIYASA_KAP02,Altın - Kapanış Fiyatı  - TL/kg,alternative_asset_primary,İŞ GÜNÜ,monthly,last,4200000.0,available_calendar_unverified,22,20,2,2025-04-01,2025-04-30,2025-04-30,,,null,,calendar_unverified,2025-04-30,2025-04-30,2025-04-02,2025-04-30,0.0,target_period_aggregate,monthly,False,,,
2025-04,TP.ALTINPIYASA.KAP05,TP_ALTINPIYASA_KAP05,Altın - Kapanış Fiyatı  - TL/gr,alternative_asset_legacy_crosscheck,İŞ GÜNÜ,monthly,last,4150.0,available_calendar_unverified,22,1,21,2025-04-01,2025-04-30,2025-04-30,,,null,,calendar_unverified,2025-04-25,2025-04-25,2025-04-25,2025-04-25,5.0,target_period_aggregate,monthly,False,,,
2025-04,TP.MK.F.BILESIK,TP_MK_F_BILESIK,"(FİYAT) BİST 100 Endeks (XU100), Kapanış Fiyatlarına Göre (Ocak 1986=0,01)",equity_market,İŞ GÜNÜ,monthly,last,9078.43,available_calendar_unverified,22,20,2,2025-04-01,2025-04-30,2025-04-30,,,null,,calendar_unverified,2025-04-30,2025-04-30,2025-04-02,2025-04-30,0.0,target_period_aggregate,monthly,False,,,
2025-05,DERIVED.BIST.GOLD.TL.GR,DERIVED_BIST_GOLD_TL_GR,"BIST Altın Kapanış Fiyatı (TL/gram, TP.ALTINPIYASA.KAP02 / 1000)",alternative_asset_primary_tl_per_gram,DERIVED,monthly,scale_after_last,4164.999,available_calendar_unverified,22,20,2,2025-05-01,2025-05-30,2025-05-30,,,null,,calendar_unverified,2025-05-30,2025-05-30,2025-05-02,2025-05-30,1.0,target_period_aggregate,monthly,True,TP.ALTINPIYASA.KAP02,scale,0.001
2025-05,TP.ALTINPIYASA.KAP02,TP_ALTINPIYASA_KAP02,Altın - Kapanış Fiyatı  - TL/kg,alternative_asset_primary,İŞ GÜNÜ,monthly,last,4164999.0,available_calendar_unverified,22,20,2,2025-05-01,2025-05-30,2025-05-30,,,null,,calendar_unverified,2025-05-30,2025-05-30,2025-05-02,2025-05-30,1.0,target_period_aggregate,monthly,False,,,
2025-05,TP.ALTINPIYASA.KAP05,TP_ALTINPIYASA_KAP05,Altın - Kapanış Fiyatı  - TL/gr,alternative_asset_legacy_crosscheck,İŞ GÜNÜ,monthly,last,,source_missing,22,0,22,2025-05-01,2025-05-30,2025-05-30,,,null,,calendar_unverified,,,,,,target_period_aggregate,monthly,False,,,
2025-05,TP.MK.F.BILESIK,TP_MK_F_BILESIK,"(FİYAT) BİST 100 Endeks (XU100), Kapanış Fiyatlarına Göre (Ocak 1986=0,01)",equity_market,İŞ GÜNÜ,monthly,last,9019.57,available_calendar_unverified,22,20,2,2025-05-01,2025-05-30,2025-05-30,,,null,,calendar_unverified,2025-05-30,2025-05-30,2025-05-02,2025-05-30,1.0,target_period_aggregate,monthly,False,,,
2025-06,DERIVED.BIST.GOLD.TL.GR,DERIVED_BIST_GOLD_TL_GR,"BIST Altın Kapanış Fiyatı (TL/gram, TP.ALTINPIYASA.KAP02 / 1000)",alternative_asset_primary_tl_per_gram,DERIVED,monthly,scale_after_last,4170.0,available_calendar_unverified,21,18,3,2025-06-02,2025-06-30,2025-06-30,,,null,,calendar_unverified,2025-06-30,2025-06-30,2025-06-02,2025-06-30,0.0,target_period_aggregate,monthly,True,TP.ALTINPIYASA.KAP02,scale,0.001
2025-06,TP.ALTINPIYASA.KAP02,TP_ALTINPIYASA_KAP02,Altın - Kapanış Fiyatı  - TL/kg,alternative_asset_primary,İŞ GÜNÜ,monthly,last,4170000.0,available_calendar_unverified,21,18,3,2025-06-02,2025-06-30,2025-06-30,,,null,,calendar_unverified,2025-06-30,2025-06-30,2025-06-02,2025-06-30,0.0,target_period_aggregate,monthly,False,,,
2025-06,TP.ALTINPIYASA.KAP05,TP_ALTINPIYASA_KAP05,Altın - Kapanış Fiyatı  - TL/gr,alternative_asset_legacy_crosscheck,İŞ GÜNÜ,monthly,last,,source_missing,21,0,21,2025-06-02,2025-06-30,2025-06-30,,,null,,calendar_unverified,,,,,,target_period_aggregate,monthly,False,,,
2025-06,TP.MK.F.BILESIK,TP_MK_F_BILESIK,"(FİYAT) BİST 100 Endeks (XU100), Kapanış Fiyatlarına Göre (Ocak 1986=0,01)",equity_market,İŞ GÜNÜ,monthly,last,9948.51,available_calendar_unverified,21,19,2,2025-06-02,2025-06-30,2025-06-30,,,null,,calendar_unverified,2025-06-30,2025-06-30,2025-06-02,2025-06-30,0.0,target_period_aggregate,monthly,False,,,
2025-07,DERIVED.BIST.GOLD.TL.GR,DERIVED_BIST_GOLD_TL_GR,"BIST Altın Kapanış Fiyatı (TL/gram, TP.ALTINPIYASA.KAP02 / 1000)",alternative_asset_primary_tl_per_gram,DERIVED,monthly,scale_after_last,4331.0,available_calendar_unverified,23,22,1,2025-07-01,2025-07-31,2025-07-31,,,null,,calendar_unverified,2025-07-31,2025-07-31,2025-07-01,2025-07-31,0.0,target_period_aggregate,monthly,True,TP.ALTINPIYASA.KAP02,scale,0.001
2025-07,TP.ALTINPIYASA.KAP02,TP_ALTINPIYASA_KAP02,Altın - Kapanış Fiyatı  - TL/kg,alternative_asset_primary,İŞ GÜNÜ,monthly,last,4331000.0,available_calendar_unverified,23,22,1,2025-07-01,2025-07-31,2025-07-31,,,null,,calendar_unverified,2025-07-31,2025-07-31,2025-07-01,2025-07-31,0.0,target_period_aggregate,monthly,False,,,
2025-07,TP.ALTINPIYASA.KAP05,TP_ALTINPIYASA_KAP05,Altın - Kapanış Fiyatı  - TL/gr,alternative_asset_legacy_crosscheck,İŞ GÜNÜ,monthly,last,4450.0,available_calendar_unverified,23,1,22,2025-07-01,2025-07-31,2025-07-31,,,null,,calendar_unverified,2025-07-23,2025-07-23,2025-07-23,2025-07-23,8.0,target_period_aggregate,monthly,False,,,
2025-07,TP.MK.F.BILESIK,TP_MK_F_BILESIK,"(FİYAT) BİST 100 Endeks (XU100), Kapanış Fiyatlarına Göre (Ocak 1986=0,01)",equity_market,İŞ GÜNÜ,monthly,last,10743.2,available_calendar_unverified,23,22,1,2025-07-01,2025-07-31,2025-07-31,,,null,,calendar_unverified,2025-07-31,2025-07-31,2025-07-01,2025-07-31,0.0,target_period_aggregate,monthly,False,,,
2025-08,DERIVED.BIST.GOLD.TL.GR,DERIVED_BIST_GOLD_TL_GR,"BIST Altın Kapanış Fiyatı (TL/gram, TP.ALTINPIYASA.KAP02 / 1000)",alternative_asset_primary_tl_per_gram,DERIVED,monthly,scale_after_last,4506.0,available_calendar_unverified,21,21,0,2025-08-01,2025-08-29,2025-08-29,,,null,,calendar_unverified,2025-08-29,2025-08-29,2025-08-01,2025-08-29,2.0,target_period_aggregate,monthly,True,TP.ALTINPIYASA.KAP02,scale,0.001
2025-08,TP.ALTINPIYASA.KAP02,TP_ALTINPIYASA_KAP02,Altın - Kapanış Fiyatı  - TL/kg,alternative_asset_primary,İŞ GÜNÜ,monthly,last,4506000.0,available_calendar_unverified,21,21,0,2025-08-01,2025-08-29,2025-08-29,,,null,,calendar_unverified,2025-08-29,2025-08-29,2025-08-01,2025-08-29,2.0,target_period_aggregate,monthly,False,,,
2025-08,TP.ALTINPIYASA.KAP05,TP_ALTINPIYASA_KAP05,Altın - Kapanış Fiyatı  - TL/gr,alternative_asset_legacy_crosscheck,İŞ GÜNÜ,monthly,last,4404.0,available_calendar_unverified,21,1,20,2025-08-01,2025-08-29,2025-08-29,,,null,,calendar_unverified,2025-08-13,2025-08-13,2025-08-13,2025-08-13,18.0,target_period_aggregate,monthly,False,,,
2025-08,TP.MK.F.BILESIK,TP_MK_F_BILESIK,"(FİYAT) BİST 100 Endeks (XU100), Kapanış Fiyatlarına Göre (Ocak 1986=0,01)",equity_market,İŞ GÜNÜ,monthly,last,11288.05,available_calendar_unverified,21,21,0,2025-08-01,2025-08-29,2025-08-29,,,null,,calendar_unverified,2025-08-29,2025-08-29,2025-08-01,2025-08-29,2.0,target_period_aggregate,monthly,False,,,
2025-09,DERIVED.BIST.GOLD.TL.GR,DERIVED_BIST_GOLD_TL_GR,"BIST Altın Kapanış Fiyatı (TL/gram, TP.ALTINPIYASA.KAP02 / 1000)",alternative_asset_primary_tl_per_gram,DERIVED,monthly,scale_after_last,5215.0,available_calendar_unverified,22,22,0,2025-09-01,2025-09-30,2025-09-30,,,null,,calendar_unverified,2025-09-30,2025-09-30,2025-09-01,2025-09-30,0.0,target_period_aggregate,monthly,True,TP.ALTINPIYASA.KAP02,scale,0.001
2025-09,TP.ALTINPIYASA.KAP02,TP_ALTINPIYASA_KAP02,Altın - Kapanış Fiyatı  - TL/kg,alternative_asset_primary,İŞ GÜNÜ,monthly,last,5215000.0,available_calendar_unverified,22,22,0,2025-09-01,2025-09-30,2025-09-30,,,null,,calendar_unverified,2025-09-30,2025-09-30,2025-09-01,2025-09-30,0.0,target_period_aggregate,monthly,False,,,
2025-09,TP.ALTINPIYASA.KAP05,TP_ALTINPIYASA_KAP05,Altın - Kapanış Fiyatı  - TL/gr,alternative_asset_legacy_crosscheck,İŞ GÜNÜ,monthly,last,,source_missing,22,0,22,2025-09-01,2025-09-30,2025-09-30,,,null,,calendar_unverified,,,,,,target_period_aggregate,monthly,False,,,
2025-09,TP.MK.F.BILESIK,TP_MK_F_BILESIK,"(FİYAT) BİST 100 Endeks (XU100), Kapanış Fiyatlarına Göre (Ocak 1986=0,01)",equity_market,İŞ GÜNÜ,monthly,last,11012.12,available_calendar_unverified,22,22,0,2025-09-01,2025-09-30,2025-09-30,,,null,,calendar_unverified,2025-09-30,2025-09-30,2025-09-01,2025-09-30,0.0,target_period_aggregate,monthly,False,,,
2025-10,DERIVED.BIST.GOLD.TL.GR,DERIVED_BIST_GOLD_TL_GR,"BIST Altın Kapanış Fiyatı (TL/gram, TP.ALTINPIYASA.KAP02 / 1000)",alternative_asset_primary_tl_per_gram,DERIVED,monthly,scale_after_last,5660.0,available_calendar_unverified,23,21,2,2025-10-01,2025-10-31,2025-10-31,,,null,,calendar_unverified,2025-10-31,2025-10-31,2025-10-01,2025-10-31,0.0,target_period_aggregate,monthly,True,TP.ALTINPIYASA.KAP02,scale,0.001
2025-10,TP.ALTINPIYASA.KAP02,TP_ALTINPIYASA_KAP02,Altın - Kapanış Fiyatı  - TL/kg,alternative_asset_primary,İŞ GÜNÜ,monthly,last,5660000.0,available_calendar_unverified,23,21,2,2025-10-01,2025-10-31,2025-10-31,,,null,,calendar_unverified,2025-10-31,2025-10-31,2025-10-01,2025-10-31,0.0,target_period_aggregate,monthly,False,,,
2025-10,TP.ALTINPIYASA.KAP05,TP_ALTINPIYASA_KAP05,Altın - Kapanış Fiyatı  - TL/gr,alternative_asset_legacy_crosscheck,İŞ GÜNÜ,monthly,last,,source_missing,23,0,23,2025-10-01,2025-10-31,2025-10-31,,,null,,calendar_unverified,,,,,,target_period_aggregate,monthly,False,,,
2025-10,TP.MK.F.BILESIK,TP_MK_F_BILESIK,"(FİYAT) BİST 100 Endeks (XU100), Kapanış Fiyatlarına Göre (Ocak 1986=0,01)",equity_market,İŞ GÜNÜ,monthly,last,10971.52,available_calendar_unverified,23,22,1,2025-10-01,2025-10-31,2025-10-31,,,null,,calendar_unverified,2025-10-31,2025-10-31,2025-10-01,2025-10-31,0.0,target_period_aggregate,monthly,False,,,
2025-11,DERIVED.BIST.GOLD.TL.GR,DERIVED_BIST_GOLD_TL_GR,"BIST Altın Kapanış Fiyatı (TL/gram, TP.ALTINPIYASA.KAP02 / 1000)",alternative_asset_primary_tl_per_gram,DERIVED,monthly,scale_after_last,5785.0,available_calendar_unverified,20,20,0,2025-11-03,2025-11-28,2025-11-28,,,null,,calendar_unverified,2025-11-28,2025-11-28,2025-11-03,2025-11-28,2.0,target_period_aggregate,monthly,True,TP.ALTINPIYASA.KAP02,scale,0.001
2025-11,TP.ALTINPIYASA.KAP02,TP_ALTINPIYASA_KAP02,Altın - Kapanış Fiyatı  - TL/kg,alternative_asset_primary,İŞ GÜNÜ,monthly,last,5785000.0,available_calendar_unverified,20,20,0,2025-11-03,2025-11-28,2025-11-28,,,null,,calendar_unverified,2025-11-28,2025-11-28,2025-11-03,2025-11-28,2.0,target_period_aggregate,monthly,False,,,
2025-11,TP.ALTINPIYASA.KAP05,TP_ALTINPIYASA_KAP05,Altın - Kapanış Fiyatı  - TL/gr,alternative_asset_legacy_crosscheck,İŞ GÜNÜ,monthly,last,5750.0,available_calendar_unverified,20,1,19,2025-11-03,2025-11-28,2025-11-28,,,null,,calendar_unverified,2025-11-24,2025-11-24,2025-11-24,2025-11-24,6.0,target_period_aggregate,monthly,False,,,
2025-11,TP.MK.F.BILESIK,TP_MK_F_BILESIK,"(FİYAT) BİST 100 Endeks (XU100), Kapanış Fiyatlarına Göre (Ocak 1986=0,01)",equity_market,İŞ GÜNÜ,monthly,last,10898.7,available_calendar_unverified,20,20,0,2025-11-03,2025-11-28,2025-11-28,,,null,,calendar_unverified,2025-11-28,2025-11-28,2025-11-03,2025-11-28,2.0,target_period_aggregate,monthly,False,,,
2025-12,DERIVED.BIST.GOLD.TL.GR,DERIVED_BIST_GOLD_TL_GR,"BIST Altın Kapanış Fiyatı (TL/gram, TP.ALTINPIYASA.KAP02 / 1000)",alternative_asset_primary_tl_per_gram,DERIVED,monthly,scale_after_last,6197.999,available_calendar_unverified,23,23,0,2025-12-01,2025-12-31,2025-12-31,,,null,,calendar_unverified,2025-12-31,2025-12-31,2025-12-01,2025-12-31,0.0,target_period_aggregate,monthly,True,TP.ALTINPIYASA.KAP02,scale,0.001
2025-12,TP.ALTINPIYASA.KAP02,TP_ALTINPIYASA_KAP02,Altın - Kapanış Fiyatı  - TL/kg,alternative_asset_primary,İŞ GÜNÜ,monthly,last,6197999.0,available_calendar_unverified,23,23,0,2025-12-01,2025-12-31,2025-12-31,,,null,,calendar_unverified,2025-12-31,2025-12-31,2025-12-01,2025-12-31,0.0,target_period_aggregate,monthly,False,,,
2025-12,TP.ALTINPIYASA.KAP05,TP_ALTINPIYASA_KAP05,Altın - Kapanış Fiyatı  - TL/gr,alternative_asset_legacy_crosscheck,İŞ GÜNÜ,monthly,last,,source_missing,23,0,23,2025-12-01,2025-12-31,2025-12-31,,,null,,calendar_unverified,,,,,,target_period_aggregate,monthly,False,,,
2025-12,TP.MK.F.BILESIK,TP_MK_F_BILESIK,"(FİYAT) BİST 100 Endeks (XU100), Kapanış Fiyatlarına Göre (Ocak 1986=0,01)",equity_market,İŞ GÜNÜ,monthly,last,11261.52,available_calendar_unverified,23,23,0,2025-12-01,2025-12-31,2025-12-31,,,null,,calendar_unverified,2025-12-31,2025-12-31,2025-12-01,2025-12-31,0.0,target_period_aggregate,monthly,False,,,
2026-01,DERIVED.BIST.GOLD.TL.GR,DERIVED_BIST_GOLD_TL_GR,"BIST Altın Kapanış Fiyatı (TL/gram, TP.ALTINPIYASA.KAP02 / 1000)",alternative_asset_primary_tl_per_gram,DERIVED,monthly,scale_after_last,7480.0,available_calendar_unverified,22,21,1,2026-01-01,2026-01-30,2026-01-30,,,null,,calendar_unverified,2026-01-30,2026-01-30,2026-01-02,2026-01-30,1.0,target_period_aggregate,monthly,True,TP.ALTINPIYASA.KAP02,scale,0.001
2026-01,TP.ALTINPIYASA.KAP02,TP_ALTINPIYASA_KAP02,Altın - Kapanış Fiyatı  - TL/kg,alternative_asset_primary,İŞ GÜNÜ,monthly,last,7480000.0,available_calendar_unverified,22,21,1,2026-01-01,2026-01-30,2026-01-30,,,null,,calendar_unverified,2026-01-30,2026-01-30,2026-01-02,2026-01-30,1.0,target_period_aggregate,monthly,False,,,
2026-01,TP.ALTINPIYASA.KAP05,TP_ALTINPIYASA_KAP05,Altın - Kapanış Fiyatı  - TL/gr,alternative_asset_legacy_crosscheck,İŞ GÜNÜ,monthly,last,,source_missing,22,0,22,2026-01-01,2026-01-30,2026-01-30,,,null,,calendar_unverified,,,,,,target_period_aggregate,monthly,False,,,
2026-01,TP.MK.F.BILESIK,TP_MK_F_BILESIK,"(FİYAT) BİST 100 Endeks (XU100), Kapanış Fiyatlarına Göre (Ocak 1986=0,01)",equity_market,İŞ GÜNÜ,monthly,last,13838.29,available_calendar_unverified,22,21,1,2026-01-01,2026-01-30,2026-01-30,,,null,,calendar_unverified,2026-01-30,2026-01-30,2026-01-02,2026-01-30,1.0,target_period_aggregate,monthly,False,,,
2026-02,DERIVED.BIST.GOLD.TL.GR,DERIVED_BIST_GOLD_TL_GR,"BIST Altın Kapanış Fiyatı (TL/gram, TP.ALTINPIYASA.KAP02 / 1000)",alternative_asset_primary_tl_per_gram,DERIVED,monthly,scale_after_last,7400.0,available_calendar_unverified,20,20,0,2026-02-02,2026-02-27,2026-02-27,,,null,,calendar_unverified,2026-02-27,2026-02-27,2026-02-02,2026-02-27,1.0,target_period_aggregate,monthly,True,TP.ALTINPIYASA.KAP02,scale,0.001
2026-02,TP.ALTINPIYASA.KAP02,TP_ALTINPIYASA_KAP02,Altın - Kapanış Fiyatı  - TL/kg,alternative_asset_primary,İŞ GÜNÜ,monthly,last,7400000.0,available_calendar_unverified,20,20,0,2026-02-02,2026-02-27,2026-02-27,,,null,,calendar_unverified,2026-02-27,2026-02-27,2026-02-02,2026-02-27,1.0,target_period_aggregate,monthly,False,,,
2026-02,TP.ALTINPIYASA.KAP05,TP_ALTINPIYASA_KAP05,Altın - Kapanış Fiyatı  - TL/gr,alternative_asset_legacy_crosscheck,İŞ GÜNÜ,monthly,last,,source_missing,20,0,20,2026-02-02,2026-02-27,2026-02-27,,,null,,calendar_unverified,,,,,,target_period_aggregate,monthly,False,,,
2026-02,TP.MK.F.BILESIK,TP_MK_F_BILESIK,"(FİYAT) BİST 100 Endeks (XU100), Kapanış Fiyatlarına Göre (Ocak 1986=0,01)",equity_market,İŞ GÜNÜ,monthly,last,13717.81,available_calendar_unverified,20,20,0,2026-02-02,2026-02-27,2026-02-27,,,null,,calendar_unverified,2026-02-27,2026-02-27,2026-02-02,2026-02-27,1.0,target_period_aggregate,monthly,False,,,
2026-03,DERIVED.BIST.GOLD.TL.GR,DERIVED_BIST_GOLD_TL_GR,"BIST Altın Kapanış Fiyatı (TL/gram, TP.ALTINPIYASA.KAP02 / 1000)",alternative_asset_primary_tl_per_gram,DERIVED,monthly,scale_after_last,6624.899,available_calendar_unverified,22,20,2,2026-03-02,2026-03-31,2026-03-31,,,null,,calendar_unverified,2026-03-31,2026-03-31,2026-03-02,2026-03-31,0.0,target_period_aggregate,monthly,True,TP.ALTINPIYASA.KAP02,scale,0.001
2026-03,TP.ALTINPIYASA.KAP02,TP_ALTINPIYASA_KAP02,Altın - Kapanış Fiyatı  - TL/kg,alternative_asset_primary,İŞ GÜNÜ,monthly,last,6624899.0,available_calendar_unverified,22,20,2,2026-03-02,2026-03-31,2026-03-31,,,null,,calendar_unverified,2026-03-31,2026-03-31,2026-03-02,2026-03-31,0.0,target_period_aggregate,monthly,False,,,
2026-03,TP.ALTINPIYASA.KAP05,TP_ALTINPIYASA_KAP05,Altın - Kapanış Fiyatı  - TL/gr,alternative_asset_legacy_crosscheck,İŞ GÜNÜ,monthly,last,,source_missing,22,0,22,2026-03-02,2026-03-31,2026-03-31,,,null,,calendar_unverified,,,,,,target_period_aggregate,monthly,False,,,
2026-03,TP.MK.F.BILESIK,TP_MK_F_BILESIK,"(FİYAT) BİST 100 Endeks (XU100), Kapanış Fiyatlarına Göre (Ocak 1986=0,01)",equity_market,İŞ GÜNÜ,monthly,last,12790.98,available_calendar_unverified,22,21,1,2026-03-02,2026-03-31,2026-03-31,,,null,,calendar_unverified,2026-03-31,2026-03-31,2026-03-02,2026-03-31,0.0,target_period_aggregate,monthly,False,,,
2026-04,DERIVED.BIST.GOLD.TL.GR,DERIVED_BIST_GOLD_TL_GR,"BIST Altın Kapanış Fiyatı (TL/gram, TP.ALTINPIYASA.KAP02 / 1000)",alternative_asset_primary_tl_per_gram,DERIVED,monthly,scale_after_last,6712.0,available_calendar_unverified,22,21,1,2026-04-01,2026-04-30,2026-04-30,,,null,,calendar_unverified,2026-04-30,2026-04-30,2026-04-01,2026-04-30,0.0,target_period_aggregate,monthly,True,TP.ALTINPIYASA.KAP02,scale,0.001
2026-04,TP.ALTINPIYASA.KAP02,TP_ALTINPIYASA_KAP02,Altın - Kapanış Fiyatı  - TL/kg,alternative_asset_primary,İŞ GÜNÜ,monthly,last,6712000.0,available_calendar_unverified,22,21,1,2026-04-01,2026-04-30,2026-04-30,,,null,,calendar_unverified,2026-04-30,2026-04-30,2026-04-01,2026-04-30,0.0,target_period_aggregate,monthly,False,,,
2026-04,TP.ALTINPIYASA.KAP05,TP_ALTINPIYASA_KAP05,Altın - Kapanış Fiyatı  - TL/gr,alternative_asset_legacy_crosscheck,İŞ GÜNÜ,monthly,last,,source_missing,22,0,22,2026-04-01,2026-04-30,2026-04-30,,,null,,calendar_unverified,,,,,,target_period_aggregate,monthly,False,,,
2026-04,TP.MK.F.BILESIK,TP_MK_F_BILESIK,"(FİYAT) BİST 100 Endeks (XU100), Kapanış Fiyatlarına Göre (Ocak 1986=0,01)",equity_market,İŞ GÜNÜ,monthly,last,14442.56,available_calendar_unverified,22,21,1,2026-04-01,2026-04-30,2026-04-30,,,null,,calendar_unverified,2026-04-30,2026-04-30,2026-04-01,2026-04-30,0.0,target_period_aggregate,monthly,False,,,
2026-05,DERIVED.BIST.GOLD.TL.GR,DERIVED_BIST_GOLD_TL_GR,"BIST Altın Kapanış Fiyatı (TL/gram, TP.ALTINPIYASA.KAP02 / 1000)",alternative_asset_primary_tl_per_gram,DERIVED,monthly,scale_after_last,6737.900000000001,available_calendar_unverified,21,15,6,2026-05-01,2026-05-29,2026-05-29,,,null,,calendar_unverified,2026-05-25,2026-05-25,2026-05-04,2026-05-25,6.0,target_period_aggregate,monthly,True,TP.ALTINPIYASA.KAP02,scale,0.001
2026-05,TP.ALTINPIYASA.KAP02,TP_ALTINPIYASA_KAP02,Altın - Kapanış Fiyatı  - TL/kg,alternative_asset_primary,İŞ GÜNÜ,monthly,last,6737900.0,available_calendar_unverified,21,15,6,2026-05-01,2026-05-29,2026-05-29,,,null,,calendar_unverified,2026-05-25,2026-05-25,2026-05-04,2026-05-25,6.0,target_period_aggregate,monthly,False,,,
2026-05,TP.ALTINPIYASA.KAP05,TP_ALTINPIYASA_KAP05,Altın - Kapanış Fiyatı  - TL/gr,alternative_asset_legacy_crosscheck,İŞ GÜNÜ,monthly,last,,source_missing,21,0,21,2026-05-01,2026-05-29,2026-05-29,,,null,,calendar_unverified,,,,,,target_period_aggregate,monthly,False,,,
2026-05,TP.MK.F.BILESIK,TP_MK_F_BILESIK,"(FİYAT) BİST 100 Endeks (XU100), Kapanış Fiyatlarına Göre (Ocak 1986=0,01)",equity_market,İŞ GÜNÜ,monthly,last,13662.75,available_calendar_unverified,21,16,5,2026-05-01,2026-05-29,2026-05-29,,,null,,calendar_unverified,2026-05-26,2026-05-26,2026-05-04,2026-05-26,5.0,target_period_aggregate,monthly,False,,,
2026-06,DERIVED.BIST.GOLD.TL.GR,DERIVED_BIST_GOLD_TL_GR,"BIST Altın Kapanış Fiyatı (TL/gram, TP.ALTINPIYASA.KAP02 / 1000)",alternative_asset_primary_tl_per_gram,DERIVED,monthly,scale_after_last,6051.5,available_calendar_unverified,22,22,0,2026-06-01,2026-06-30,2026-06-30,,,null,,calendar_unverified,2026-06-30,2026-06-30,2026-06-01,2026-06-30,0.0,target_period_aggregate,monthly,True,TP.ALTINPIYASA.KAP02,scale,0.001
2026-06,TP.ALTINPIYASA.KAP02,TP_ALTINPIYASA_KAP02,Altın - Kapanış Fiyatı  - TL/kg,alternative_asset_primary,İŞ GÜNÜ,monthly,last,6051500.0,available_calendar_unverified,22,22,0,2026-06-01,2026-06-30,2026-06-30,,,null,,calendar_unverified,2026-06-30,2026-06-30,2026-06-01,2026-06-30,0.0,target_period_aggregate,monthly,False,,,
2026-06,TP.ALTINPIYASA.KAP05,TP_ALTINPIYASA_KAP05,Altın - Kapanış Fiyatı  - TL/gr,alternative_asset_legacy_crosscheck,İŞ GÜNÜ,monthly,last,,source_missing,22,0,22,2026-06-01,2026-06-30,2026-06-30,,,null,,calendar_unverified,,,,,,target_period_aggregate,monthly,False,,,
2026-06,TP.MK.F.BILESIK,TP_MK_F_BILESIK,"(FİYAT) BİST 100 Endeks (XU100), Kapanış Fiyatlarına Göre (Ocak 1986=0,01)",equity_market,İŞ GÜNÜ,monthly,last,14121.83,available_calendar_unverified,22,22,0,2026-06-01,2026-06-30,2026-06-30,,,null,,calendar_unverified,2026-06-30,2026-06-30,2026-06-01,2026-06-30,0.0,target_period_aggregate,monthly,False,,,
