series_code,period,period_start,period_end,source_date_label,source_row_index,value,value_raw,is_missing,unix_time,role,reason,series_name_tr,series_name_en,group_code,native_frequency,unit,default_aggregation,source,source_request_file,source_request_sha256,source_response_file,source_response_sha256,missing_kind,coverage_position,is_structural_na,is_unresolved_missing
TP.AB.N06,2020-01-03,2020-01-03,2020-01-03,03-01-2020,1,243769705.0,243769705.00000000,False,1578006000,net_international_reserves,"TCMB haftalik vaziyet tablosundaki net uluslararasi rezervleri (2A) izlemek; arsivlenmis TP.AB.*06 varyantlari yerine guncel, arsiv-disi seri secildi.",2A Net Uluslararası Rezervler (1+2+3),2A Net International Reserves (1+2+3),bie_abstc2,HAFTALIK(CUMA),Bin TL,last,TCMB,raw/TP_AB_N06_2020-01-01_2020-12-31_request.json,2fafed9f28f7d8654b011d7650d8aa1b728f382b77bfb861cda2486a09632c7f,raw/TP_AB_N06_2020-01-01_2020-12-31_response.json.gz,6375759279b609bd569478527198ce6fbdedcd73efaf77dcaf0d664bc49c0289,observed,within_series_coverage,False,False
TP.AB.N06,2020-01-10,2020-01-10,2020-01-10,10-01-2020,2,221065422.0,221065422.00000000,False,1578610800,net_international_reserves,"TCMB haftalik vaziyet tablosundaki net uluslararasi rezervleri (2A) izlemek; arsivlenmis TP.AB.*06 varyantlari yerine guncel, arsiv-disi seri secildi.",2A Net Uluslararası Rezervler (1+2+3),2A Net International Reserves (1+2+3),bie_abstc2,HAFTALIK(CUMA),Bin TL,last,TCMB,raw/TP_AB_N06_2020-01-01_2020-12-31_request.json,2fafed9f28f7d8654b011d7650d8aa1b728f382b77bfb861cda2486a09632c7f,raw/TP_AB_N06_2020-01-01_2020-12-31_response.json.gz,6375759279b609bd569478527198ce6fbdedcd73efaf77dcaf0d664bc49c0289,observed,within_series_coverage,False,False
TP.AB.N06,2020-01-17,2020-01-17,2020-01-17,17-01-2020,3,222195242.0,222195242.00000000,False,1579215600,net_international_reserves,"TCMB haftalik vaziyet tablosundaki net uluslararasi rezervleri (2A) izlemek; arsivlenmis TP.AB.*06 varyantlari yerine guncel, arsiv-disi seri secildi.",2A Net Uluslararası Rezervler (1+2+3),2A Net International Reserves (1+2+3),bie_abstc2,HAFTALIK(CUMA),Bin TL,last,TCMB,raw/TP_AB_N06_2020-01-01_2020-12-31_request.json,2fafed9f28f7d8654b011d7650d8aa1b728f382b77bfb861cda2486a09632c7f,raw/TP_AB_N06_2020-01-01_2020-12-31_response.json.gz,6375759279b609bd569478527198ce6fbdedcd73efaf77dcaf0d664bc49c0289,observed,within_series_coverage,False,False
TP.AB.N06,2020-01-24,2020-01-24,2020-01-24,24-01-2020,4,223455823.0,223455823.00000000,False,1579820400,net_international_reserves,"TCMB haftalik vaziyet tablosundaki net uluslararasi rezervleri (2A) izlemek; arsivlenmis TP.AB.*06 varyantlari yerine guncel, arsiv-disi seri secildi.",2A Net Uluslararası Rezervler (1+2+3),2A Net International Reserves (1+2+3),bie_abstc2,HAFTALIK(CUMA),Bin TL,last,TCMB,raw/TP_AB_N06_2020-01-01_2020-12-31_request.json,2fafed9f28f7d8654b011d7650d8aa1b728f382b77bfb861cda2486a09632c7f,raw/TP_AB_N06_2020-01-01_2020-12-31_response.json.gz,6375759279b609bd569478527198ce6fbdedcd73efaf77dcaf0d664bc49c0289,observed,within_series_coverage,False,False
TP.AB.N06,2020-01-31,2020-01-31,2020-01-31,31-01-2020,5,220030068.0,220030068.00000000,False,1580425200,net_international_reserves,"TCMB haftalik vaziyet tablosundaki net uluslararasi rezervleri (2A) izlemek; arsivlenmis TP.AB.*06 varyantlari yerine guncel, arsiv-disi seri secildi.",2A Net Uluslararası Rezervler (1+2+3),2A Net International Reserves (1+2+3),bie_abstc2,HAFTALIK(CUMA),Bin TL,last,TCMB,raw/TP_AB_N06_2020-01-01_2020-12-31_request.json,2fafed9f28f7d8654b011d7650d8aa1b728f382b77bfb861cda2486a09632c7f,raw/TP_AB_N06_2020-01-01_2020-12-31_response.json.gz,6375759279b609bd569478527198ce6fbdedcd73efaf77dcaf0d664bc49c0289,observed,within_series_coverage,False,False
TP.AB.N06,2020-02-07,2020-02-07,2020-02-07,07-02-2020,6,214704094.0,214704094.00000000,False,1581030000,net_international_reserves,"TCMB haftalik vaziyet tablosundaki net uluslararasi rezervleri (2A) izlemek; arsivlenmis TP.AB.*06 varyantlari yerine guncel, arsiv-disi seri secildi.",2A Net Uluslararası Rezervler (1+2+3),2A Net International Reserves (1+2+3),bie_abstc2,HAFTALIK(CUMA),Bin TL,last,TCMB,raw/TP_AB_N06_2020-01-01_2020-12-31_request.json,2fafed9f28f7d8654b011d7650d8aa1b728f382b77bfb861cda2486a09632c7f,raw/TP_AB_N06_2020-01-01_2020-12-31_response.json.gz,6375759279b609bd569478527198ce6fbdedcd73efaf77dcaf0d664bc49c0289,observed,within_series_coverage,False,False
TP.AB.N06,2020-02-14,2020-02-14,2020-02-14,14-02-2020,7,227422371.0,227422371.00000000,False,1581634800,net_international_reserves,"TCMB haftalik vaziyet tablosundaki net uluslararasi rezervleri (2A) izlemek; arsivlenmis TP.AB.*06 varyantlari yerine guncel, arsiv-disi seri secildi.",2A Net Uluslararası Rezervler (1+2+3),2A Net International Reserves (1+2+3),bie_abstc2,HAFTALIK(CUMA),Bin TL,last,TCMB,raw/TP_AB_N06_2020-01-01_2020-12-31_request.json,2fafed9f28f7d8654b011d7650d8aa1b728f382b77bfb861cda2486a09632c7f,raw/TP_AB_N06_2020-01-01_2020-12-31_response.json.gz,6375759279b609bd569478527198ce6fbdedcd73efaf77dcaf0d664bc49c0289,observed,within_series_coverage,False,False
TP.AB.N06,2020-02-21,2020-02-21,2020-02-21,21-02-2020,8,210128816.0,210128816.00000000,False,1582239600,net_international_reserves,"TCMB haftalik vaziyet tablosundaki net uluslararasi rezervleri (2A) izlemek; arsivlenmis TP.AB.*06 varyantlari yerine guncel, arsiv-disi seri secildi.",2A Net Uluslararası Rezervler (1+2+3),2A Net International Reserves (1+2+3),bie_abstc2,HAFTALIK(CUMA),Bin TL,last,TCMB,raw/TP_AB_N06_2020-01-01_2020-12-31_request.json,2fafed9f28f7d8654b011d7650d8aa1b728f382b77bfb861cda2486a09632c7f,raw/TP_AB_N06_2020-01-01_2020-12-31_response.json.gz,6375759279b609bd569478527198ce6fbdedcd73efaf77dcaf0d664bc49c0289,observed,within_series_coverage,False,False
TP.AB.N06,2020-02-28,2020-02-28,2020-02-28,28-02-2020,9,234059592.0,234059592.00000000,False,1582844400,net_international_reserves,"TCMB haftalik vaziyet tablosundaki net uluslararasi rezervleri (2A) izlemek; arsivlenmis TP.AB.*06 varyantlari yerine guncel, arsiv-disi seri secildi.",2A Net Uluslararası Rezervler (1+2+3),2A Net International Reserves (1+2+3),bie_abstc2,HAFTALIK(CUMA),Bin TL,last,TCMB,raw/TP_AB_N06_2020-01-01_2020-12-31_request.json,2fafed9f28f7d8654b011d7650d8aa1b728f382b77bfb861cda2486a09632c7f,raw/TP_AB_N06_2020-01-01_2020-12-31_response.json.gz,6375759279b609bd569478527198ce6fbdedcd73efaf77dcaf0d664bc49c0289,observed,within_series_coverage,False,False
TP.AB.N06,2020-03-06,2020-03-06,2020-03-06,06-03-2020,10,225948571.0,225948571.00000000,False,1583449200,net_international_reserves,"TCMB haftalik vaziyet tablosundaki net uluslararasi rezervleri (2A) izlemek; arsivlenmis TP.AB.*06 varyantlari yerine guncel, arsiv-disi seri secildi.",2A Net Uluslararası Rezervler (1+2+3),2A Net International Reserves (1+2+3),bie_abstc2,HAFTALIK(CUMA),Bin TL,last,TCMB,raw/TP_AB_N06_2020-01-01_2020-12-31_request.json,2fafed9f28f7d8654b011d7650d8aa1b728f382b77bfb861cda2486a09632c7f,raw/TP_AB_N06_2020-01-01_2020-12-31_response.json.gz,6375759279b609bd569478527198ce6fbdedcd73efaf77dcaf0d664bc49c0289,observed,within_series_coverage,False,False
TP.AB.N06,2020-03-13,2020-03-13,2020-03-13,13-03-2020,11,213707325.0,213707325.00000000,False,1584054000,net_international_reserves,"TCMB haftalik vaziyet tablosundaki net uluslararasi rezervleri (2A) izlemek; arsivlenmis TP.AB.*06 varyantlari yerine guncel, arsiv-disi seri secildi.",2A Net Uluslararası Rezervler (1+2+3),2A Net International Reserves (1+2+3),bie_abstc2,HAFTALIK(CUMA),Bin TL,last,TCMB,raw/TP_AB_N06_2020-01-01_2020-12-31_request.json,2fafed9f28f7d8654b011d7650d8aa1b728f382b77bfb861cda2486a09632c7f,raw/TP_AB_N06_2020-01-01_2020-12-31_response.json.gz,6375759279b609bd569478527198ce6fbdedcd73efaf77dcaf0d664bc49c0289,observed,within_series_coverage,False,False
TP.AB.N06,2020-03-20,2020-03-20,2020-03-20,20-03-2020,12,200267213.0,200267213.00000000,False,1584658800,net_international_reserves,"TCMB haftalik vaziyet tablosundaki net uluslararasi rezervleri (2A) izlemek; arsivlenmis TP.AB.*06 varyantlari yerine guncel, arsiv-disi seri secildi.",2A Net Uluslararası Rezervler (1+2+3),2A Net International Reserves (1+2+3),bie_abstc2,HAFTALIK(CUMA),Bin TL,last,TCMB,raw/TP_AB_N06_2020-01-01_2020-12-31_request.json,2fafed9f28f7d8654b011d7650d8aa1b728f382b77bfb861cda2486a09632c7f,raw/TP_AB_N06_2020-01-01_2020-12-31_response.json.gz,6375759279b609bd569478527198ce6fbdedcd73efaf77dcaf0d664bc49c0289,observed,within_series_coverage,False,False
TP.AB.N06,2020-03-27,2020-03-27,2020-03-27,27-03-2020,13,210154127.0,210154127.00000000,False,1585263600,net_international_reserves,"TCMB haftalik vaziyet tablosundaki net uluslararasi rezervleri (2A) izlemek; arsivlenmis TP.AB.*06 varyantlari yerine guncel, arsiv-disi seri secildi.",2A Net Uluslararası Rezervler (1+2+3),2A Net International Reserves (1+2+3),bie_abstc2,HAFTALIK(CUMA),Bin TL,last,TCMB,raw/TP_AB_N06_2020-01-01_2020-12-31_request.json,2fafed9f28f7d8654b011d7650d8aa1b728f382b77bfb861cda2486a09632c7f,raw/TP_AB_N06_2020-01-01_2020-12-31_response.json.gz,6375759279b609bd569478527198ce6fbdedcd73efaf77dcaf0d664bc49c0289,observed,within_series_coverage,False,False
TP.AB.N06,2020-04-03,2020-04-03,2020-04-03,03-04-2020,14,180948194.0,180948194.00000000,False,1585864800,net_international_reserves,"TCMB haftalik vaziyet tablosundaki net uluslararasi rezervleri (2A) izlemek; arsivlenmis TP.AB.*06 varyantlari yerine guncel, arsiv-disi seri secildi.",2A Net Uluslararası Rezervler (1+2+3),2A Net International Reserves (1+2+3),bie_abstc2,HAFTALIK(CUMA),Bin TL,last,TCMB,raw/TP_AB_N06_2020-01-01_2020-12-31_request.json,2fafed9f28f7d8654b011d7650d8aa1b728f382b77bfb861cda2486a09632c7f,raw/TP_AB_N06_2020-01-01_2020-12-31_response.json.gz,6375759279b609bd569478527198ce6fbdedcd73efaf77dcaf0d664bc49c0289,observed,within_series_coverage,False,False
TP.AB.N06,2020-04-10,2020-04-10,2020-04-10,10-04-2020,15,177213118.0,177213118.00000000,False,1586469600,net_international_reserves,"TCMB haftalik vaziyet tablosundaki net uluslararasi rezervleri (2A) izlemek; arsivlenmis TP.AB.*06 varyantlari yerine guncel, arsiv-disi seri secildi.",2A Net Uluslararası Rezervler (1+2+3),2A Net International Reserves (1+2+3),bie_abstc2,HAFTALIK(CUMA),Bin TL,last,TCMB,raw/TP_AB_N06_2020-01-01_2020-12-31_request.json,2fafed9f28f7d8654b011d7650d8aa1b728f382b77bfb861cda2486a09632c7f,raw/TP_AB_N06_2020-01-01_2020-12-31_response.json.gz,6375759279b609bd569478527198ce6fbdedcd73efaf77dcaf0d664bc49c0289,observed,within_series_coverage,False,False
TP.AB.N06,2020-04-17,2020-04-17,2020-04-17,17-04-2020,16,179122151.0,179122151.00000000,False,1587074400,net_international_reserves,"TCMB haftalik vaziyet tablosundaki net uluslararasi rezervleri (2A) izlemek; arsivlenmis TP.AB.*06 varyantlari yerine guncel, arsiv-disi seri secildi.",2A Net Uluslararası Rezervler (1+2+3),2A Net International Reserves (1+2+3),bie_abstc2,HAFTALIK(CUMA),Bin TL,last,TCMB,raw/TP_AB_N06_2020-01-01_2020-12-31_request.json,2fafed9f28f7d8654b011d7650d8aa1b728f382b77bfb861cda2486a09632c7f,raw/TP_AB_N06_2020-01-01_2020-12-31_response.json.gz,6375759279b609bd569478527198ce6fbdedcd73efaf77dcaf0d664bc49c0289,observed,within_series_coverage,False,False
TP.AB.N06,2020-04-24,2020-04-24,2020-04-24,24-04-2020,17,175874625.0,175874625.00000000,False,1587679200,net_international_reserves,"TCMB haftalik vaziyet tablosundaki net uluslararasi rezervleri (2A) izlemek; arsivlenmis TP.AB.*06 varyantlari yerine guncel, arsiv-disi seri secildi.",2A Net Uluslararası Rezervler (1+2+3),2A Net International Reserves (1+2+3),bie_abstc2,HAFTALIK(CUMA),Bin TL,last,TCMB,raw/TP_AB_N06_2020-01-01_2020-12-31_request.json,2fafed9f28f7d8654b011d7650d8aa1b728f382b77bfb861cda2486a09632c7f,raw/TP_AB_N06_2020-01-01_2020-12-31_response.json.gz,6375759279b609bd569478527198ce6fbdedcd73efaf77dcaf0d664bc49c0289,observed,within_series_coverage,False,False
TP.AB.N06,2020-05-01,2020-05-01,2020-05-01,01-05-2020,18,195129833.0,195129833.00000000,False,1588284000,net_international_reserves,"TCMB haftalik vaziyet tablosundaki net uluslararasi rezervleri (2A) izlemek; arsivlenmis TP.AB.*06 varyantlari yerine guncel, arsiv-disi seri secildi.",2A Net Uluslararası Rezervler (1+2+3),2A Net International Reserves (1+2+3),bie_abstc2,HAFTALIK(CUMA),Bin TL,last,TCMB,raw/TP_AB_N06_2020-01-01_2020-12-31_request.json,2fafed9f28f7d8654b011d7650d8aa1b728f382b77bfb861cda2486a09632c7f,raw/TP_AB_N06_2020-01-01_2020-12-31_response.json.gz,6375759279b609bd569478527198ce6fbdedcd73efaf77dcaf0d664bc49c0289,observed,within_series_coverage,False,False
TP.AB.N06,2020-05-08,2020-05-08,2020-05-08,08-05-2020,19,187905960.0,187905960.00000000,False,1588888800,net_international_reserves,"TCMB haftalik vaziyet tablosundaki net uluslararasi rezervleri (2A) izlemek; arsivlenmis TP.AB.*06 varyantlari yerine guncel, arsiv-disi seri secildi.",2A Net Uluslararası Rezervler (1+2+3),2A Net International Reserves (1+2+3),bie_abstc2,HAFTALIK(CUMA),Bin TL,last,TCMB,raw/TP_AB_N06_2020-01-01_2020-12-31_request.json,2fafed9f28f7d8654b011d7650d8aa1b728f382b77bfb861cda2486a09632c7f,raw/TP_AB_N06_2020-01-01_2020-12-31_response.json.gz,6375759279b609bd569478527198ce6fbdedcd73efaf77dcaf0d664bc49c0289,observed,within_series_coverage,False,False
TP.AB.N06,2020-05-15,2020-05-15,2020-05-15,15-05-2020,20,180003357.0,180003357.00000000,False,1589493600,net_international_reserves,"TCMB haftalik vaziyet tablosundaki net uluslararasi rezervleri (2A) izlemek; arsivlenmis TP.AB.*06 varyantlari yerine guncel, arsiv-disi seri secildi.",2A Net Uluslararası Rezervler (1+2+3),2A Net International Reserves (1+2+3),bie_abstc2,HAFTALIK(CUMA),Bin TL,last,TCMB,raw/TP_AB_N06_2020-01-01_2020-12-31_request.json,2fafed9f28f7d8654b011d7650d8aa1b728f382b77bfb861cda2486a09632c7f,raw/TP_AB_N06_2020-01-01_2020-12-31_response.json.gz,6375759279b609bd569478527198ce6fbdedcd73efaf77dcaf0d664bc49c0289,observed,within_series_coverage,False,False
TP.AB.N06,2020-05-22,2020-05-22,2020-05-22,22-05-2020,21,217052258.0,217052258.00000000,False,1590098400,net_international_reserves,"TCMB haftalik vaziyet tablosundaki net uluslararasi rezervleri (2A) izlemek; arsivlenmis TP.AB.*06 varyantlari yerine guncel, arsiv-disi seri secildi.",2A Net Uluslararası Rezervler (1+2+3),2A Net International Reserves (1+2+3),bie_abstc2,HAFTALIK(CUMA),Bin TL,last,TCMB,raw/TP_AB_N06_2020-01-01_2020-12-31_request.json,2fafed9f28f7d8654b011d7650d8aa1b728f382b77bfb861cda2486a09632c7f,raw/TP_AB_N06_2020-01-01_2020-12-31_response.json.gz,6375759279b609bd569478527198ce6fbdedcd73efaf77dcaf0d664bc49c0289,observed,within_series_coverage,False,False
TP.AB.N06,2020-05-29,2020-05-29,2020-05-29,29-05-2020,22,224648607.0,224648607.00000000,False,1590703200,net_international_reserves,"TCMB haftalik vaziyet tablosundaki net uluslararasi rezervleri (2A) izlemek; arsivlenmis TP.AB.*06 varyantlari yerine guncel, arsiv-disi seri secildi.",2A Net Uluslararası Rezervler (1+2+3),2A Net International Reserves (1+2+3),bie_abstc2,HAFTALIK(CUMA),Bin TL,last,TCMB,raw/TP_AB_N06_2020-01-01_2020-12-31_request.json,2fafed9f28f7d8654b011d7650d8aa1b728f382b77bfb861cda2486a09632c7f,raw/TP_AB_N06_2020-01-01_2020-12-31_response.json.gz,6375759279b609bd569478527198ce6fbdedcd73efaf77dcaf0d664bc49c0289,observed,within_series_coverage,False,False
TP.AB.N06,2020-06-05,2020-06-05,2020-06-05,05-06-2020,23,212859656.0,212859656.00000000,False,1591308000,net_international_reserves,"TCMB haftalik vaziyet tablosundaki net uluslararasi rezervleri (2A) izlemek; arsivlenmis TP.AB.*06 varyantlari yerine guncel, arsiv-disi seri secildi.",2A Net Uluslararası Rezervler (1+2+3),2A Net International Reserves (1+2+3),bie_abstc2,HAFTALIK(CUMA),Bin TL,last,TCMB,raw/TP_AB_N06_2020-01-01_2020-12-31_request.json,2fafed9f28f7d8654b011d7650d8aa1b728f382b77bfb861cda2486a09632c7f,raw/TP_AB_N06_2020-01-01_2020-12-31_response.json.gz,6375759279b609bd569478527198ce6fbdedcd73efaf77dcaf0d664bc49c0289,observed,within_series_coverage,False,False
TP.AB.N06,2020-06-12,2020-06-12,2020-06-12,12-06-2020,24,214601429.0,214601429.00000000,False,1591912800,net_international_reserves,"TCMB haftalik vaziyet tablosundaki net uluslararasi rezervleri (2A) izlemek; arsivlenmis TP.AB.*06 varyantlari yerine guncel, arsiv-disi seri secildi.",2A Net Uluslararası Rezervler (1+2+3),2A Net International Reserves (1+2+3),bie_abstc2,HAFTALIK(CUMA),Bin TL,last,TCMB,raw/TP_AB_N06_2020-01-01_2020-12-31_request.json,2fafed9f28f7d8654b011d7650d8aa1b728f382b77bfb861cda2486a09632c7f,raw/TP_AB_N06_2020-01-01_2020-12-31_response.json.gz,6375759279b609bd569478527198ce6fbdedcd73efaf77dcaf0d664bc49c0289,observed,within_series_coverage,False,False
TP.AB.N06,2020-06-19,2020-06-19,2020-06-19,19-06-2020,25,215353247.0,215353247.00000000,False,1592517600,net_international_reserves,"TCMB haftalik vaziyet tablosundaki net uluslararasi rezervleri (2A) izlemek; arsivlenmis TP.AB.*06 varyantlari yerine guncel, arsiv-disi seri secildi.",2A Net Uluslararası Rezervler (1+2+3),2A Net International Reserves (1+2+3),bie_abstc2,HAFTALIK(CUMA),Bin TL,last,TCMB,raw/TP_AB_N06_2020-01-01_2020-12-31_request.json,2fafed9f28f7d8654b011d7650d8aa1b728f382b77bfb861cda2486a09632c7f,raw/TP_AB_N06_2020-01-01_2020-12-31_response.json.gz,6375759279b609bd569478527198ce6fbdedcd73efaf77dcaf0d664bc49c0289,observed,within_series_coverage,False,False
TP.AB.N06,2020-06-26,2020-06-26,2020-06-26,26-06-2020,26,199031673.0,199031673.00000000,False,1593122400,net_international_reserves,"TCMB haftalik vaziyet tablosundaki net uluslararasi rezervleri (2A) izlemek; arsivlenmis TP.AB.*06 varyantlari yerine guncel, arsiv-disi seri secildi.",2A Net Uluslararası Rezervler (1+2+3),2A Net International Reserves (1+2+3),bie_abstc2,HAFTALIK(CUMA),Bin TL,last,TCMB,raw/TP_AB_N06_2020-01-01_2020-12-31_request.json,2fafed9f28f7d8654b011d7650d8aa1b728f382b77bfb861cda2486a09632c7f,raw/TP_AB_N06_2020-01-01_2020-12-31_response.json.gz,6375759279b609bd569478527198ce6fbdedcd73efaf77dcaf0d664bc49c0289,observed,within_series_coverage,False,False
TP.AB.N06,2020-07-03,2020-07-03,2020-07-03,03-07-2020,27,206444377.0,206444377.00000000,False,1593727200,net_international_reserves,"TCMB haftalik vaziyet tablosundaki net uluslararasi rezervleri (2A) izlemek; arsivlenmis TP.AB.*06 varyantlari yerine guncel, arsiv-disi seri secildi.",2A Net Uluslararası Rezervler (1+2+3),2A Net International Reserves (1+2+3),bie_abstc2,HAFTALIK(CUMA),Bin TL,last,TCMB,raw/TP_AB_N06_2020-01-01_2020-12-31_request.json,2fafed9f28f7d8654b011d7650d8aa1b728f382b77bfb861cda2486a09632c7f,raw/TP_AB_N06_2020-01-01_2020-12-31_response.json.gz,6375759279b609bd569478527198ce6fbdedcd73efaf77dcaf0d664bc49c0289,observed,within_series_coverage,False,False
TP.AB.N06,2020-07-10,2020-07-10,2020-07-10,10-07-2020,28,220430466.0,220430466.00000000,False,1594332000,net_international_reserves,"TCMB haftalik vaziyet tablosundaki net uluslararasi rezervleri (2A) izlemek; arsivlenmis TP.AB.*06 varyantlari yerine guncel, arsiv-disi seri secildi.",2A Net Uluslararası Rezervler (1+2+3),2A Net International Reserves (1+2+3),bie_abstc2,HAFTALIK(CUMA),Bin TL,last,TCMB,raw/TP_AB_N06_2020-01-01_2020-12-31_request.json,2fafed9f28f7d8654b011d7650d8aa1b728f382b77bfb861cda2486a09632c7f,raw/TP_AB_N06_2020-01-01_2020-12-31_response.json.gz,6375759279b609bd569478527198ce6fbdedcd73efaf77dcaf0d664bc49c0289,observed,within_series_coverage,False,False
TP.AB.N06,2020-07-17,2020-07-17,2020-07-17,17-07-2020,29,212464004.0,212464004.00000000,False,1594936800,net_international_reserves,"TCMB haftalik vaziyet tablosundaki net uluslararasi rezervleri (2A) izlemek; arsivlenmis TP.AB.*06 varyantlari yerine guncel, arsiv-disi seri secildi.",2A Net Uluslararası Rezervler (1+2+3),2A Net International Reserves (1+2+3),bie_abstc2,HAFTALIK(CUMA),Bin TL,last,TCMB,raw/TP_AB_N06_2020-01-01_2020-12-31_request.json,2fafed9f28f7d8654b011d7650d8aa1b728f382b77bfb861cda2486a09632c7f,raw/TP_AB_N06_2020-01-01_2020-12-31_response.json.gz,6375759279b609bd569478527198ce6fbdedcd73efaf77dcaf0d664bc49c0289,observed,within_series_coverage,False,False
TP.AB.N06,2020-07-24,2020-07-24,2020-07-24,24-07-2020,30,196442312.0,196442312.00000000,False,1595541600,net_international_reserves,"TCMB haftalik vaziyet tablosundaki net uluslararasi rezervleri (2A) izlemek; arsivlenmis TP.AB.*06 varyantlari yerine guncel, arsiv-disi seri secildi.",2A Net Uluslararası Rezervler (1+2+3),2A Net International Reserves (1+2+3),bie_abstc2,HAFTALIK(CUMA),Bin TL,last,TCMB,raw/TP_AB_N06_2020-01-01_2020-12-31_request.json,2fafed9f28f7d8654b011d7650d8aa1b728f382b77bfb861cda2486a09632c7f,raw/TP_AB_N06_2020-01-01_2020-12-31_response.json.gz,6375759279b609bd569478527198ce6fbdedcd73efaf77dcaf0d664bc49c0289,observed,within_series_coverage,False,False
TP.AB.N06,2020-07-31,2020-07-31,2020-07-31,31-07-2020,31,183713535.0,183713535.00000000,False,1596146400,net_international_reserves,"TCMB haftalik vaziyet tablosundaki net uluslararasi rezervleri (2A) izlemek; arsivlenmis TP.AB.*06 varyantlari yerine guncel, arsiv-disi seri secildi.",2A Net Uluslararası Rezervler (1+2+3),2A Net International Reserves (1+2+3),bie_abstc2,HAFTALIK(CUMA),Bin TL,last,TCMB,raw/TP_AB_N06_2020-01-01_2020-12-31_request.json,2fafed9f28f7d8654b011d7650d8aa1b728f382b77bfb861cda2486a09632c7f,raw/TP_AB_N06_2020-01-01_2020-12-31_response.json.gz,6375759279b609bd569478527198ce6fbdedcd73efaf77dcaf0d664bc49c0289,observed,within_series_coverage,False,False
TP.AB.N06,2020-08-07,2020-08-07,2020-08-07,07-08-2020,32,198029924.0,198029924.00000000,False,1596751200,net_international_reserves,"TCMB haftalik vaziyet tablosundaki net uluslararasi rezervleri (2A) izlemek; arsivlenmis TP.AB.*06 varyantlari yerine guncel, arsiv-disi seri secildi.",2A Net Uluslararası Rezervler (1+2+3),2A Net International Reserves (1+2+3),bie_abstc2,HAFTALIK(CUMA),Bin TL,last,TCMB,raw/TP_AB_N06_2020-01-01_2020-12-31_request.json,2fafed9f28f7d8654b011d7650d8aa1b728f382b77bfb861cda2486a09632c7f,raw/TP_AB_N06_2020-01-01_2020-12-31_response.json.gz,6375759279b609bd569478527198ce6fbdedcd73efaf77dcaf0d664bc49c0289,observed,within_series_coverage,False,False
TP.AB.N06,2020-08-14,2020-08-14,2020-08-14,14-08-2020,33,210144783.0,210144783.00000000,False,1597356000,net_international_reserves,"TCMB haftalik vaziyet tablosundaki net uluslararasi rezervleri (2A) izlemek; arsivlenmis TP.AB.*06 varyantlari yerine guncel, arsiv-disi seri secildi.",2A Net Uluslararası Rezervler (1+2+3),2A Net International Reserves (1+2+3),bie_abstc2,HAFTALIK(CUMA),Bin TL,last,TCMB,raw/TP_AB_N06_2020-01-01_2020-12-31_request.json,2fafed9f28f7d8654b011d7650d8aa1b728f382b77bfb861cda2486a09632c7f,raw/TP_AB_N06_2020-01-01_2020-12-31_response.json.gz,6375759279b609bd569478527198ce6fbdedcd73efaf77dcaf0d664bc49c0289,observed,within_series_coverage,False,False
TP.AB.N06,2020-08-21,2020-08-21,2020-08-21,21-08-2020,34,205859591.0,205859591.00000000,False,1597960800,net_international_reserves,"TCMB haftalik vaziyet tablosundaki net uluslararasi rezervleri (2A) izlemek; arsivlenmis TP.AB.*06 varyantlari yerine guncel, arsiv-disi seri secildi.",2A Net Uluslararası Rezervler (1+2+3),2A Net International Reserves (1+2+3),bie_abstc2,HAFTALIK(CUMA),Bin TL,last,TCMB,raw/TP_AB_N06_2020-01-01_2020-12-31_request.json,2fafed9f28f7d8654b011d7650d8aa1b728f382b77bfb861cda2486a09632c7f,raw/TP_AB_N06_2020-01-01_2020-12-31_response.json.gz,6375759279b609bd569478527198ce6fbdedcd73efaf77dcaf0d664bc49c0289,observed,within_series_coverage,False,False
TP.AB.N06,2020-08-28,2020-08-28,2020-08-28,28-08-2020,35,169845091.0,169845091.00000000,False,1598565600,net_international_reserves,"TCMB haftalik vaziyet tablosundaki net uluslararasi rezervleri (2A) izlemek; arsivlenmis TP.AB.*06 varyantlari yerine guncel, arsiv-disi seri secildi.",2A Net Uluslararası Rezervler (1+2+3),2A Net International Reserves (1+2+3),bie_abstc2,HAFTALIK(CUMA),Bin TL,last,TCMB,raw/TP_AB_N06_2020-01-01_2020-12-31_request.json,2fafed9f28f7d8654b011d7650d8aa1b728f382b77bfb861cda2486a09632c7f,raw/TP_AB_N06_2020-01-01_2020-12-31_response.json.gz,6375759279b609bd569478527198ce6fbdedcd73efaf77dcaf0d664bc49c0289,observed,within_series_coverage,False,False
TP.AB.N06,2020-09-04,2020-09-04,2020-09-04,04-09-2020,36,137418888.0,137418888.00000000,False,1599170400,net_international_reserves,"TCMB haftalik vaziyet tablosundaki net uluslararasi rezervleri (2A) izlemek; arsivlenmis TP.AB.*06 varyantlari yerine guncel, arsiv-disi seri secildi.",2A Net Uluslararası Rezervler (1+2+3),2A Net International Reserves (1+2+3),bie_abstc2,HAFTALIK(CUMA),Bin TL,last,TCMB,raw/TP_AB_N06_2020-01-01_2020-12-31_request.json,2fafed9f28f7d8654b011d7650d8aa1b728f382b77bfb861cda2486a09632c7f,raw/TP_AB_N06_2020-01-01_2020-12-31_response.json.gz,6375759279b609bd569478527198ce6fbdedcd73efaf77dcaf0d664bc49c0289,observed,within_series_coverage,False,False
TP.AB.N06,2020-09-11,2020-09-11,2020-09-11,11-09-2020,37,149322844.0,149322844.00000000,False,1599775200,net_international_reserves,"TCMB haftalik vaziyet tablosundaki net uluslararasi rezervleri (2A) izlemek; arsivlenmis TP.AB.*06 varyantlari yerine guncel, arsiv-disi seri secildi.",2A Net Uluslararası Rezervler (1+2+3),2A Net International Reserves (1+2+3),bie_abstc2,HAFTALIK(CUMA),Bin TL,last,TCMB,raw/TP_AB_N06_2020-01-01_2020-12-31_request.json,2fafed9f28f7d8654b011d7650d8aa1b728f382b77bfb861cda2486a09632c7f,raw/TP_AB_N06_2020-01-01_2020-12-31_response.json.gz,6375759279b609bd569478527198ce6fbdedcd73efaf77dcaf0d664bc49c0289,observed,within_series_coverage,False,False
TP.AB.N06,2020-09-18,2020-09-18,2020-09-18,18-09-2020,38,141476830.0,141476830.00000000,False,1600380000,net_international_reserves,"TCMB haftalik vaziyet tablosundaki net uluslararasi rezervleri (2A) izlemek; arsivlenmis TP.AB.*06 varyantlari yerine guncel, arsiv-disi seri secildi.",2A Net Uluslararası Rezervler (1+2+3),2A Net International Reserves (1+2+3),bie_abstc2,HAFTALIK(CUMA),Bin TL,last,TCMB,raw/TP_AB_N06_2020-01-01_2020-12-31_request.json,2fafed9f28f7d8654b011d7650d8aa1b728f382b77bfb861cda2486a09632c7f,raw/TP_AB_N06_2020-01-01_2020-12-31_response.json.gz,6375759279b609bd569478527198ce6fbdedcd73efaf77dcaf0d664bc49c0289,observed,within_series_coverage,False,False
TP.AB.N06,2020-09-25,2020-09-25,2020-09-25,25-09-2020,39,129893102.0,129893102.00000000,False,1600984800,net_international_reserves,"TCMB haftalik vaziyet tablosundaki net uluslararasi rezervleri (2A) izlemek; arsivlenmis TP.AB.*06 varyantlari yerine guncel, arsiv-disi seri secildi.",2A Net Uluslararası Rezervler (1+2+3),2A Net International Reserves (1+2+3),bie_abstc2,HAFTALIK(CUMA),Bin TL,last,TCMB,raw/TP_AB_N06_2020-01-01_2020-12-31_request.json,2fafed9f28f7d8654b011d7650d8aa1b728f382b77bfb861cda2486a09632c7f,raw/TP_AB_N06_2020-01-01_2020-12-31_response.json.gz,6375759279b609bd569478527198ce6fbdedcd73efaf77dcaf0d664bc49c0289,observed,within_series_coverage,False,False
TP.AB.N06,2020-10-02,2020-10-02,2020-10-02,02-10-2020,40,129289827.0,129289827.00000000,False,1601589600,net_international_reserves,"TCMB haftalik vaziyet tablosundaki net uluslararasi rezervleri (2A) izlemek; arsivlenmis TP.AB.*06 varyantlari yerine guncel, arsiv-disi seri secildi.",2A Net Uluslararası Rezervler (1+2+3),2A Net International Reserves (1+2+3),bie_abstc2,HAFTALIK(CUMA),Bin TL,last,TCMB,raw/TP_AB_N06_2020-01-01_2020-12-31_request.json,2fafed9f28f7d8654b011d7650d8aa1b728f382b77bfb861cda2486a09632c7f,raw/TP_AB_N06_2020-01-01_2020-12-31_response.json.gz,6375759279b609bd569478527198ce6fbdedcd73efaf77dcaf0d664bc49c0289,observed,within_series_coverage,False,False
TP.AB.N06,2020-10-09,2020-10-09,2020-10-09,09-10-2020,41,134890834.0,134890834.00000000,False,1602194400,net_international_reserves,"TCMB haftalik vaziyet tablosundaki net uluslararasi rezervleri (2A) izlemek; arsivlenmis TP.AB.*06 varyantlari yerine guncel, arsiv-disi seri secildi.",2A Net Uluslararası Rezervler (1+2+3),2A Net International Reserves (1+2+3),bie_abstc2,HAFTALIK(CUMA),Bin TL,last,TCMB,raw/TP_AB_N06_2020-01-01_2020-12-31_request.json,2fafed9f28f7d8654b011d7650d8aa1b728f382b77bfb861cda2486a09632c7f,raw/TP_AB_N06_2020-01-01_2020-12-31_response.json.gz,6375759279b609bd569478527198ce6fbdedcd73efaf77dcaf0d664bc49c0289,observed,within_series_coverage,False,False
TP.AB.N06,2020-10-16,2020-10-16,2020-10-16,16-10-2020,42,145746993.0,145746993.00000000,False,1602799200,net_international_reserves,"TCMB haftalik vaziyet tablosundaki net uluslararasi rezervleri (2A) izlemek; arsivlenmis TP.AB.*06 varyantlari yerine guncel, arsiv-disi seri secildi.",2A Net Uluslararası Rezervler (1+2+3),2A Net International Reserves (1+2+3),bie_abstc2,HAFTALIK(CUMA),Bin TL,last,TCMB,raw/TP_AB_N06_2020-01-01_2020-12-31_request.json,2fafed9f28f7d8654b011d7650d8aa1b728f382b77bfb861cda2486a09632c7f,raw/TP_AB_N06_2020-01-01_2020-12-31_response.json.gz,6375759279b609bd569478527198ce6fbdedcd73efaf77dcaf0d664bc49c0289,observed,within_series_coverage,False,False
TP.AB.N06,2020-10-23,2020-10-23,2020-10-23,23-10-2020,43,165540699.0,165540699.00000000,False,1603404000,net_international_reserves,"TCMB haftalik vaziyet tablosundaki net uluslararasi rezervleri (2A) izlemek; arsivlenmis TP.AB.*06 varyantlari yerine guncel, arsiv-disi seri secildi.",2A Net Uluslararası Rezervler (1+2+3),2A Net International Reserves (1+2+3),bie_abstc2,HAFTALIK(CUMA),Bin TL,last,TCMB,raw/TP_AB_N06_2020-01-01_2020-12-31_request.json,2fafed9f28f7d8654b011d7650d8aa1b728f382b77bfb861cda2486a09632c7f,raw/TP_AB_N06_2020-01-01_2020-12-31_response.json.gz,6375759279b609bd569478527198ce6fbdedcd73efaf77dcaf0d664bc49c0289,observed,within_series_coverage,False,False
TP.AB.N06,2020-10-30,2020-10-30,2020-10-30,30-10-2020,44,153746726.0,153746726.00000000,False,1604012400,net_international_reserves,"TCMB haftalik vaziyet tablosundaki net uluslararasi rezervleri (2A) izlemek; arsivlenmis TP.AB.*06 varyantlari yerine guncel, arsiv-disi seri secildi.",2A Net Uluslararası Rezervler (1+2+3),2A Net International Reserves (1+2+3),bie_abstc2,HAFTALIK(CUMA),Bin TL,last,TCMB,raw/TP_AB_N06_2020-01-01_2020-12-31_request.json,2fafed9f28f7d8654b011d7650d8aa1b728f382b77bfb861cda2486a09632c7f,raw/TP_AB_N06_2020-01-01_2020-12-31_response.json.gz,6375759279b609bd569478527198ce6fbdedcd73efaf77dcaf0d664bc49c0289,observed,within_series_coverage,False,False
TP.AB.N06,2020-11-06,2020-11-06,2020-11-06,06-11-2020,45,165183704.0,165183704.00000000,False,1604617200,net_international_reserves,"TCMB haftalik vaziyet tablosundaki net uluslararasi rezervleri (2A) izlemek; arsivlenmis TP.AB.*06 varyantlari yerine guncel, arsiv-disi seri secildi.",2A Net Uluslararası Rezervler (1+2+3),2A Net International Reserves (1+2+3),bie_abstc2,HAFTALIK(CUMA),Bin TL,last,TCMB,raw/TP_AB_N06_2020-01-01_2020-12-31_request.json,2fafed9f28f7d8654b011d7650d8aa1b728f382b77bfb861cda2486a09632c7f,raw/TP_AB_N06_2020-01-01_2020-12-31_response.json.gz,6375759279b609bd569478527198ce6fbdedcd73efaf77dcaf0d664bc49c0289,observed,within_series_coverage,False,False
TP.AB.N06,2020-11-13,2020-11-13,2020-11-13,13-11-2020,46,127963195.0,127963195.00000000,False,1605222000,net_international_reserves,"TCMB haftalik vaziyet tablosundaki net uluslararasi rezervleri (2A) izlemek; arsivlenmis TP.AB.*06 varyantlari yerine guncel, arsiv-disi seri secildi.",2A Net Uluslararası Rezervler (1+2+3),2A Net International Reserves (1+2+3),bie_abstc2,HAFTALIK(CUMA),Bin TL,last,TCMB,raw/TP_AB_N06_2020-01-01_2020-12-31_request.json,2fafed9f28f7d8654b011d7650d8aa1b728f382b77bfb861cda2486a09632c7f,raw/TP_AB_N06_2020-01-01_2020-12-31_response.json.gz,6375759279b609bd569478527198ce6fbdedcd73efaf77dcaf0d664bc49c0289,observed,within_series_coverage,False,False
TP.AB.N06,2020-11-20,2020-11-20,2020-11-20,20-11-2020,47,141498506.0,141498506.00000000,False,1605826800,net_international_reserves,"TCMB haftalik vaziyet tablosundaki net uluslararasi rezervleri (2A) izlemek; arsivlenmis TP.AB.*06 varyantlari yerine guncel, arsiv-disi seri secildi.",2A Net Uluslararası Rezervler (1+2+3),2A Net International Reserves (1+2+3),bie_abstc2,HAFTALIK(CUMA),Bin TL,last,TCMB,raw/TP_AB_N06_2020-01-01_2020-12-31_request.json,2fafed9f28f7d8654b011d7650d8aa1b728f382b77bfb861cda2486a09632c7f,raw/TP_AB_N06_2020-01-01_2020-12-31_response.json.gz,6375759279b609bd569478527198ce6fbdedcd73efaf77dcaf0d664bc49c0289,observed,within_series_coverage,False,False
TP.AB.N06,2020-11-27,2020-11-27,2020-11-27,27-11-2020,48,108407673.0,108407673.00000000,False,1606431600,net_international_reserves,"TCMB haftalik vaziyet tablosundaki net uluslararasi rezervleri (2A) izlemek; arsivlenmis TP.AB.*06 varyantlari yerine guncel, arsiv-disi seri secildi.",2A Net Uluslararası Rezervler (1+2+3),2A Net International Reserves (1+2+3),bie_abstc2,HAFTALIK(CUMA),Bin TL,last,TCMB,raw/TP_AB_N06_2020-01-01_2020-12-31_request.json,2fafed9f28f7d8654b011d7650d8aa1b728f382b77bfb861cda2486a09632c7f,raw/TP_AB_N06_2020-01-01_2020-12-31_response.json.gz,6375759279b609bd569478527198ce6fbdedcd73efaf77dcaf0d664bc49c0289,observed,within_series_coverage,False,False
TP.AB.N06,2020-12-04,2020-12-04,2020-12-04,04-12-2020,49,122300007.0,122300007.00000000,False,1607036400,net_international_reserves,"TCMB haftalik vaziyet tablosundaki net uluslararasi rezervleri (2A) izlemek; arsivlenmis TP.AB.*06 varyantlari yerine guncel, arsiv-disi seri secildi.",2A Net Uluslararası Rezervler (1+2+3),2A Net International Reserves (1+2+3),bie_abstc2,HAFTALIK(CUMA),Bin TL,last,TCMB,raw/TP_AB_N06_2020-01-01_2020-12-31_request.json,2fafed9f28f7d8654b011d7650d8aa1b728f382b77bfb861cda2486a09632c7f,raw/TP_AB_N06_2020-01-01_2020-12-31_response.json.gz,6375759279b609bd569478527198ce6fbdedcd73efaf77dcaf0d664bc49c0289,observed,within_series_coverage,False,False
TP.AB.N06,2020-12-11,2020-12-11,2020-12-11,11-12-2020,50,122472516.0,122472516.00000000,False,1607641200,net_international_reserves,"TCMB haftalik vaziyet tablosundaki net uluslararasi rezervleri (2A) izlemek; arsivlenmis TP.AB.*06 varyantlari yerine guncel, arsiv-disi seri secildi.",2A Net Uluslararası Rezervler (1+2+3),2A Net International Reserves (1+2+3),bie_abstc2,HAFTALIK(CUMA),Bin TL,last,TCMB,raw/TP_AB_N06_2020-01-01_2020-12-31_request.json,2fafed9f28f7d8654b011d7650d8aa1b728f382b77bfb861cda2486a09632c7f,raw/TP_AB_N06_2020-01-01_2020-12-31_response.json.gz,6375759279b609bd569478527198ce6fbdedcd73efaf77dcaf0d664bc49c0289,observed,within_series_coverage,False,False
TP.AB.N06,2020-12-18,2020-12-18,2020-12-18,18-12-2020,51,132580567.0,132580567.00000000,False,1608246000,net_international_reserves,"TCMB haftalik vaziyet tablosundaki net uluslararasi rezervleri (2A) izlemek; arsivlenmis TP.AB.*06 varyantlari yerine guncel, arsiv-disi seri secildi.",2A Net Uluslararası Rezervler (1+2+3),2A Net International Reserves (1+2+3),bie_abstc2,HAFTALIK(CUMA),Bin TL,last,TCMB,raw/TP_AB_N06_2020-01-01_2020-12-31_request.json,2fafed9f28f7d8654b011d7650d8aa1b728f382b77bfb861cda2486a09632c7f,raw/TP_AB_N06_2020-01-01_2020-12-31_response.json.gz,6375759279b609bd569478527198ce6fbdedcd73efaf77dcaf0d664bc49c0289,observed,within_series_coverage,False,False
TP.AB.N06,2020-12-25,2020-12-25,2020-12-25,25-12-2020,52,118321410.0,118321410.00000000,False,1608850800,net_international_reserves,"TCMB haftalik vaziyet tablosundaki net uluslararasi rezervleri (2A) izlemek; arsivlenmis TP.AB.*06 varyantlari yerine guncel, arsiv-disi seri secildi.",2A Net Uluslararası Rezervler (1+2+3),2A Net International Reserves (1+2+3),bie_abstc2,HAFTALIK(CUMA),Bin TL,last,TCMB,raw/TP_AB_N06_2020-01-01_2020-12-31_request.json,2fafed9f28f7d8654b011d7650d8aa1b728f382b77bfb861cda2486a09632c7f,raw/TP_AB_N06_2020-01-01_2020-12-31_response.json.gz,6375759279b609bd569478527198ce6fbdedcd73efaf77dcaf0d664bc49c0289,observed,within_series_coverage,False,False
TP.AB.N06,2021-01-01,2021-01-01,2021-01-01,01-01-2021,1,100483725.0,100483725.00000000,False,1609455600,net_international_reserves,"TCMB haftalik vaziyet tablosundaki net uluslararasi rezervleri (2A) izlemek; arsivlenmis TP.AB.*06 varyantlari yerine guncel, arsiv-disi seri secildi.",2A Net Uluslararası Rezervler (1+2+3),2A Net International Reserves (1+2+3),bie_abstc2,HAFTALIK(CUMA),Bin TL,last,TCMB,raw/TP_AB_N06_2021-01-01_2021-12-31_request.json,a68676cd1f40076aae729ec11b1a09abf3961684fbcc4e6a47d205d5fc132721,raw/TP_AB_N06_2021-01-01_2021-12-31_response.json.gz,fe0965501ca74d1e0f102c3afdaff781a9abb13d7e618076b3585231bb08c091,observed,within_series_coverage,False,False
TP.AB.N06,2021-01-08,2021-01-08,2021-01-08,08-01-2021,2,99096618.0,99096618.00000000,False,1610060400,net_international_reserves,"TCMB haftalik vaziyet tablosundaki net uluslararasi rezervleri (2A) izlemek; arsivlenmis TP.AB.*06 varyantlari yerine guncel, arsiv-disi seri secildi.",2A Net Uluslararası Rezervler (1+2+3),2A Net International Reserves (1+2+3),bie_abstc2,HAFTALIK(CUMA),Bin TL,last,TCMB,raw/TP_AB_N06_2021-01-01_2021-12-31_request.json,a68676cd1f40076aae729ec11b1a09abf3961684fbcc4e6a47d205d5fc132721,raw/TP_AB_N06_2021-01-01_2021-12-31_response.json.gz,fe0965501ca74d1e0f102c3afdaff781a9abb13d7e618076b3585231bb08c091,observed,within_series_coverage,False,False
TP.AB.N06,2021-01-15,2021-01-15,2021-01-15,15-01-2021,3,84350736.0,84350736.00000000,False,1610665200,net_international_reserves,"TCMB haftalik vaziyet tablosundaki net uluslararasi rezervleri (2A) izlemek; arsivlenmis TP.AB.*06 varyantlari yerine guncel, arsiv-disi seri secildi.",2A Net Uluslararası Rezervler (1+2+3),2A Net International Reserves (1+2+3),bie_abstc2,HAFTALIK(CUMA),Bin TL,last,TCMB,raw/TP_AB_N06_2021-01-01_2021-12-31_request.json,a68676cd1f40076aae729ec11b1a09abf3961684fbcc4e6a47d205d5fc132721,raw/TP_AB_N06_2021-01-01_2021-12-31_response.json.gz,fe0965501ca74d1e0f102c3afdaff781a9abb13d7e618076b3585231bb08c091,observed,within_series_coverage,False,False
TP.AB.N06,2021-01-22,2021-01-22,2021-01-22,22-01-2021,4,82147865.0,82147865.00000000,False,1611270000,net_international_reserves,"TCMB haftalik vaziyet tablosundaki net uluslararasi rezervleri (2A) izlemek; arsivlenmis TP.AB.*06 varyantlari yerine guncel, arsiv-disi seri secildi.",2A Net Uluslararası Rezervler (1+2+3),2A Net International Reserves (1+2+3),bie_abstc2,HAFTALIK(CUMA),Bin TL,last,TCMB,raw/TP_AB_N06_2021-01-01_2021-12-31_request.json,a68676cd1f40076aae729ec11b1a09abf3961684fbcc4e6a47d205d5fc132721,raw/TP_AB_N06_2021-01-01_2021-12-31_response.json.gz,fe0965501ca74d1e0f102c3afdaff781a9abb13d7e618076b3585231bb08c091,observed,within_series_coverage,False,False
TP.AB.N06,2021-01-29,2021-01-29,2021-01-29,29-01-2021,5,101490254.0,101490254.00000000,False,1611874800,net_international_reserves,"TCMB haftalik vaziyet tablosundaki net uluslararasi rezervleri (2A) izlemek; arsivlenmis TP.AB.*06 varyantlari yerine guncel, arsiv-disi seri secildi.",2A Net Uluslararası Rezervler (1+2+3),2A Net International Reserves (1+2+3),bie_abstc2,HAFTALIK(CUMA),Bin TL,last,TCMB,raw/TP_AB_N06_2021-01-01_2021-12-31_request.json,a68676cd1f40076aae729ec11b1a09abf3961684fbcc4e6a47d205d5fc132721,raw/TP_AB_N06_2021-01-01_2021-12-31_response.json.gz,fe0965501ca74d1e0f102c3afdaff781a9abb13d7e618076b3585231bb08c091,observed,within_series_coverage,False,False
TP.AB.N06,2021-02-05,2021-02-05,2021-02-05,05-02-2021,6,100001439.0,100001439.00000000,False,1612479600,net_international_reserves,"TCMB haftalik vaziyet tablosundaki net uluslararasi rezervleri (2A) izlemek; arsivlenmis TP.AB.*06 varyantlari yerine guncel, arsiv-disi seri secildi.",2A Net Uluslararası Rezervler (1+2+3),2A Net International Reserves (1+2+3),bie_abstc2,HAFTALIK(CUMA),Bin TL,last,TCMB,raw/TP_AB_N06_2021-01-01_2021-12-31_request.json,a68676cd1f40076aae729ec11b1a09abf3961684fbcc4e6a47d205d5fc132721,raw/TP_AB_N06_2021-01-01_2021-12-31_response.json.gz,fe0965501ca74d1e0f102c3afdaff781a9abb13d7e618076b3585231bb08c091,observed,within_series_coverage,False,False
TP.AB.N06,2021-02-12,2021-02-12,2021-02-12,12-02-2021,7,94192051.0,94192051.00000000,False,1613084400,net_international_reserves,"TCMB haftalik vaziyet tablosundaki net uluslararasi rezervleri (2A) izlemek; arsivlenmis TP.AB.*06 varyantlari yerine guncel, arsiv-disi seri secildi.",2A Net Uluslararası Rezervler (1+2+3),2A Net International Reserves (1+2+3),bie_abstc2,HAFTALIK(CUMA),Bin TL,last,TCMB,raw/TP_AB_N06_2021-01-01_2021-12-31_request.json,a68676cd1f40076aae729ec11b1a09abf3961684fbcc4e6a47d205d5fc132721,raw/TP_AB_N06_2021-01-01_2021-12-31_response.json.gz,fe0965501ca74d1e0f102c3afdaff781a9abb13d7e618076b3585231bb08c091,observed,within_series_coverage,False,False
TP.AB.N06,2021-02-19,2021-02-19,2021-02-19,19-02-2021,8,84462023.0,84462023.00000000,False,1613689200,net_international_reserves,"TCMB haftalik vaziyet tablosundaki net uluslararasi rezervleri (2A) izlemek; arsivlenmis TP.AB.*06 varyantlari yerine guncel, arsiv-disi seri secildi.",2A Net Uluslararası Rezervler (1+2+3),2A Net International Reserves (1+2+3),bie_abstc2,HAFTALIK(CUMA),Bin TL,last,TCMB,raw/TP_AB_N06_2021-01-01_2021-12-31_request.json,a68676cd1f40076aae729ec11b1a09abf3961684fbcc4e6a47d205d5fc132721,raw/TP_AB_N06_2021-01-01_2021-12-31_response.json.gz,fe0965501ca74d1e0f102c3afdaff781a9abb13d7e618076b3585231bb08c091,observed,within_series_coverage,False,False
TP.AB.N06,2021-02-26,2021-02-26,2021-02-26,26-02-2021,9,100163593.0,100163593.00000000,False,1614294000,net_international_reserves,"TCMB haftalik vaziyet tablosundaki net uluslararasi rezervleri (2A) izlemek; arsivlenmis TP.AB.*06 varyantlari yerine guncel, arsiv-disi seri secildi.",2A Net Uluslararası Rezervler (1+2+3),2A Net International Reserves (1+2+3),bie_abstc2,HAFTALIK(CUMA),Bin TL,last,TCMB,raw/TP_AB_N06_2021-01-01_2021-12-31_request.json,a68676cd1f40076aae729ec11b1a09abf3961684fbcc4e6a47d205d5fc132721,raw/TP_AB_N06_2021-01-01_2021-12-31_response.json.gz,fe0965501ca74d1e0f102c3afdaff781a9abb13d7e618076b3585231bb08c091,observed,within_series_coverage,False,False
TP.AB.N06,2021-03-05,2021-03-05,2021-03-05,05-03-2021,10,86249417.0,86249417.00000000,False,1614898800,net_international_reserves,"TCMB haftalik vaziyet tablosundaki net uluslararasi rezervleri (2A) izlemek; arsivlenmis TP.AB.*06 varyantlari yerine guncel, arsiv-disi seri secildi.",2A Net Uluslararası Rezervler (1+2+3),2A Net International Reserves (1+2+3),bie_abstc2,HAFTALIK(CUMA),Bin TL,last,TCMB,raw/TP_AB_N06_2021-01-01_2021-12-31_request.json,a68676cd1f40076aae729ec11b1a09abf3961684fbcc4e6a47d205d5fc132721,raw/TP_AB_N06_2021-01-01_2021-12-31_response.json.gz,fe0965501ca74d1e0f102c3afdaff781a9abb13d7e618076b3585231bb08c091,observed,within_series_coverage,False,False
TP.AB.N06,2021-03-12,2021-03-12,2021-03-12,12-03-2021,11,81562105.0,81562105.00000000,False,1615503600,net_international_reserves,"TCMB haftalik vaziyet tablosundaki net uluslararasi rezervleri (2A) izlemek; arsivlenmis TP.AB.*06 varyantlari yerine guncel, arsiv-disi seri secildi.",2A Net Uluslararası Rezervler (1+2+3),2A Net International Reserves (1+2+3),bie_abstc2,HAFTALIK(CUMA),Bin TL,last,TCMB,raw/TP_AB_N06_2021-01-01_2021-12-31_request.json,a68676cd1f40076aae729ec11b1a09abf3961684fbcc4e6a47d205d5fc132721,raw/TP_AB_N06_2021-01-01_2021-12-31_response.json.gz,fe0965501ca74d1e0f102c3afdaff781a9abb13d7e618076b3585231bb08c091,observed,within_series_coverage,False,False
TP.AB.N06,2021-03-19,2021-03-19,2021-03-19,19-03-2021,12,101979306.0,101979306.00000000,False,1616108400,net_international_reserves,"TCMB haftalik vaziyet tablosundaki net uluslararasi rezervleri (2A) izlemek; arsivlenmis TP.AB.*06 varyantlari yerine guncel, arsiv-disi seri secildi.",2A Net Uluslararası Rezervler (1+2+3),2A Net International Reserves (1+2+3),bie_abstc2,HAFTALIK(CUMA),Bin TL,last,TCMB,raw/TP_AB_N06_2021-01-01_2021-12-31_request.json,a68676cd1f40076aae729ec11b1a09abf3961684fbcc4e6a47d205d5fc132721,raw/TP_AB_N06_2021-01-01_2021-12-31_response.json.gz,fe0965501ca74d1e0f102c3afdaff781a9abb13d7e618076b3585231bb08c091,observed,within_series_coverage,False,False
TP.AB.N06,2021-03-26,2021-03-26,2021-03-26,26-03-2021,13,101545716.0,101545716.00000000,False,1616713200,net_international_reserves,"TCMB haftalik vaziyet tablosundaki net uluslararasi rezervleri (2A) izlemek; arsivlenmis TP.AB.*06 varyantlari yerine guncel, arsiv-disi seri secildi.",2A Net Uluslararası Rezervler (1+2+3),2A Net International Reserves (1+2+3),bie_abstc2,HAFTALIK(CUMA),Bin TL,last,TCMB,raw/TP_AB_N06_2021-01-01_2021-12-31_request.json,a68676cd1f40076aae729ec11b1a09abf3961684fbcc4e6a47d205d5fc132721,raw/TP_AB_N06_2021-01-01_2021-12-31_response.json.gz,fe0965501ca74d1e0f102c3afdaff781a9abb13d7e618076b3585231bb08c091,observed,within_series_coverage,False,False
TP.AB.N06,2021-04-02,2021-04-02,2021-04-02,02-04-2021,14,87247124.0,87247124.00000000,False,1617310800,net_international_reserves,"TCMB haftalik vaziyet tablosundaki net uluslararasi rezervleri (2A) izlemek; arsivlenmis TP.AB.*06 varyantlari yerine guncel, arsiv-disi seri secildi.",2A Net Uluslararası Rezervler (1+2+3),2A Net International Reserves (1+2+3),bie_abstc2,HAFTALIK(CUMA),Bin TL,last,TCMB,raw/TP_AB_N06_2021-01-01_2021-12-31_request.json,a68676cd1f40076aae729ec11b1a09abf3961684fbcc4e6a47d205d5fc132721,raw/TP_AB_N06_2021-01-01_2021-12-31_response.json.gz,fe0965501ca74d1e0f102c3afdaff781a9abb13d7e618076b3585231bb08c091,observed,within_series_coverage,False,False
TP.AB.N06,2021-04-09,2021-04-09,2021-04-09,09-04-2021,15,80933092.0,80933092.00000000,False,1617915600,net_international_reserves,"TCMB haftalik vaziyet tablosundaki net uluslararasi rezervleri (2A) izlemek; arsivlenmis TP.AB.*06 varyantlari yerine guncel, arsiv-disi seri secildi.",2A Net Uluslararası Rezervler (1+2+3),2A Net International Reserves (1+2+3),bie_abstc2,HAFTALIK(CUMA),Bin TL,last,TCMB,raw/TP_AB_N06_2021-01-01_2021-12-31_request.json,a68676cd1f40076aae729ec11b1a09abf3961684fbcc4e6a47d205d5fc132721,raw/TP_AB_N06_2021-01-01_2021-12-31_response.json.gz,fe0965501ca74d1e0f102c3afdaff781a9abb13d7e618076b3585231bb08c091,observed,within_series_coverage,False,False
TP.AB.N06,2021-04-16,2021-04-16,2021-04-16,16-04-2021,16,85287989.0,85287989.00000000,False,1618520400,net_international_reserves,"TCMB haftalik vaziyet tablosundaki net uluslararasi rezervleri (2A) izlemek; arsivlenmis TP.AB.*06 varyantlari yerine guncel, arsiv-disi seri secildi.",2A Net Uluslararası Rezervler (1+2+3),2A Net International Reserves (1+2+3),bie_abstc2,HAFTALIK(CUMA),Bin TL,last,TCMB,raw/TP_AB_N06_2021-01-01_2021-12-31_request.json,a68676cd1f40076aae729ec11b1a09abf3961684fbcc4e6a47d205d5fc132721,raw/TP_AB_N06_2021-01-01_2021-12-31_response.json.gz,fe0965501ca74d1e0f102c3afdaff781a9abb13d7e618076b3585231bb08c091,observed,within_series_coverage,False,False
TP.AB.N06,2021-04-23,2021-04-23,2021-04-23,23-04-2021,17,92817291.0,92817291.00000000,False,1619125200,net_international_reserves,"TCMB haftalik vaziyet tablosundaki net uluslararasi rezervleri (2A) izlemek; arsivlenmis TP.AB.*06 varyantlari yerine guncel, arsiv-disi seri secildi.",2A Net Uluslararası Rezervler (1+2+3),2A Net International Reserves (1+2+3),bie_abstc2,HAFTALIK(CUMA),Bin TL,last,TCMB,raw/TP_AB_N06_2021-01-01_2021-12-31_request.json,a68676cd1f40076aae729ec11b1a09abf3961684fbcc4e6a47d205d5fc132721,raw/TP_AB_N06_2021-01-01_2021-12-31_response.json.gz,fe0965501ca74d1e0f102c3afdaff781a9abb13d7e618076b3585231bb08c091,observed,within_series_coverage,False,False
TP.AB.N06,2021-04-30,2021-04-30,2021-04-30,30-04-2021,18,97807340.0,97807340.00000000,False,1619730000,net_international_reserves,"TCMB haftalik vaziyet tablosundaki net uluslararasi rezervleri (2A) izlemek; arsivlenmis TP.AB.*06 varyantlari yerine guncel, arsiv-disi seri secildi.",2A Net Uluslararası Rezervler (1+2+3),2A Net International Reserves (1+2+3),bie_abstc2,HAFTALIK(CUMA),Bin TL,last,TCMB,raw/TP_AB_N06_2021-01-01_2021-12-31_request.json,a68676cd1f40076aae729ec11b1a09abf3961684fbcc4e6a47d205d5fc132721,raw/TP_AB_N06_2021-01-01_2021-12-31_response.json.gz,fe0965501ca74d1e0f102c3afdaff781a9abb13d7e618076b3585231bb08c091,observed,within_series_coverage,False,False
TP.AB.N06,2021-05-07,2021-05-07,2021-05-07,07-05-2021,19,100367792.0,100367792.00000000,False,1620334800,net_international_reserves,"TCMB haftalik vaziyet tablosundaki net uluslararasi rezervleri (2A) izlemek; arsivlenmis TP.AB.*06 varyantlari yerine guncel, arsiv-disi seri secildi.",2A Net Uluslararası Rezervler (1+2+3),2A Net International Reserves (1+2+3),bie_abstc2,HAFTALIK(CUMA),Bin TL,last,TCMB,raw/TP_AB_N06_2021-01-01_2021-12-31_request.json,a68676cd1f40076aae729ec11b1a09abf3961684fbcc4e6a47d205d5fc132721,raw/TP_AB_N06_2021-01-01_2021-12-31_response.json.gz,fe0965501ca74d1e0f102c3afdaff781a9abb13d7e618076b3585231bb08c091,observed,within_series_coverage,False,False
TP.AB.N06,2021-05-14,2021-05-14,2021-05-14,14-05-2021,20,105396456.0,105396456.00000000,False,1620939600,net_international_reserves,"TCMB haftalik vaziyet tablosundaki net uluslararasi rezervleri (2A) izlemek; arsivlenmis TP.AB.*06 varyantlari yerine guncel, arsiv-disi seri secildi.",2A Net Uluslararası Rezervler (1+2+3),2A Net International Reserves (1+2+3),bie_abstc2,HAFTALIK(CUMA),Bin TL,last,TCMB,raw/TP_AB_N06_2021-01-01_2021-12-31_request.json,a68676cd1f40076aae729ec11b1a09abf3961684fbcc4e6a47d205d5fc132721,raw/TP_AB_N06_2021-01-01_2021-12-31_response.json.gz,fe0965501ca74d1e0f102c3afdaff781a9abb13d7e618076b3585231bb08c091,observed,within_series_coverage,False,False
TP.AB.N06,2021-05-21,2021-05-21,2021-05-21,21-05-2021,21,113529475.0,113529475.00000000,False,1621544400,net_international_reserves,"TCMB haftalik vaziyet tablosundaki net uluslararasi rezervleri (2A) izlemek; arsivlenmis TP.AB.*06 varyantlari yerine guncel, arsiv-disi seri secildi.",2A Net Uluslararası Rezervler (1+2+3),2A Net International Reserves (1+2+3),bie_abstc2,HAFTALIK(CUMA),Bin TL,last,TCMB,raw/TP_AB_N06_2021-01-01_2021-12-31_request.json,a68676cd1f40076aae729ec11b1a09abf3961684fbcc4e6a47d205d5fc132721,raw/TP_AB_N06_2021-01-01_2021-12-31_response.json.gz,fe0965501ca74d1e0f102c3afdaff781a9abb13d7e618076b3585231bb08c091,observed,within_series_coverage,False,False
TP.AB.N06,2021-05-28,2021-05-28,2021-05-28,28-05-2021,22,104880622.0,104880622.00000000,False,1622149200,net_international_reserves,"TCMB haftalik vaziyet tablosundaki net uluslararasi rezervleri (2A) izlemek; arsivlenmis TP.AB.*06 varyantlari yerine guncel, arsiv-disi seri secildi.",2A Net Uluslararası Rezervler (1+2+3),2A Net International Reserves (1+2+3),bie_abstc2,HAFTALIK(CUMA),Bin TL,last,TCMB,raw/TP_AB_N06_2021-01-01_2021-12-31_request.json,a68676cd1f40076aae729ec11b1a09abf3961684fbcc4e6a47d205d5fc132721,raw/TP_AB_N06_2021-01-01_2021-12-31_response.json.gz,fe0965501ca74d1e0f102c3afdaff781a9abb13d7e618076b3585231bb08c091,observed,within_series_coverage,False,False
TP.AB.N06,2021-06-04,2021-06-04,2021-06-04,04-06-2021,23,126679277.0,126679277.00000000,False,1622754000,net_international_reserves,"TCMB haftalik vaziyet tablosundaki net uluslararasi rezervleri (2A) izlemek; arsivlenmis TP.AB.*06 varyantlari yerine guncel, arsiv-disi seri secildi.",2A Net Uluslararası Rezervler (1+2+3),2A Net International Reserves (1+2+3),bie_abstc2,HAFTALIK(CUMA),Bin TL,last,TCMB,raw/TP_AB_N06_2021-01-01_2021-12-31_request.json,a68676cd1f40076aae729ec11b1a09abf3961684fbcc4e6a47d205d5fc132721,raw/TP_AB_N06_2021-01-01_2021-12-31_response.json.gz,fe0965501ca74d1e0f102c3afdaff781a9abb13d7e618076b3585231bb08c091,observed,within_series_coverage,False,False
TP.AB.N06,2021-06-11,2021-06-11,2021-06-11,11-06-2021,24,127312643.0,127312643.00000000,False,1623358800,net_international_reserves,"TCMB haftalik vaziyet tablosundaki net uluslararasi rezervleri (2A) izlemek; arsivlenmis TP.AB.*06 varyantlari yerine guncel, arsiv-disi seri secildi.",2A Net Uluslararası Rezervler (1+2+3),2A Net International Reserves (1+2+3),bie_abstc2,HAFTALIK(CUMA),Bin TL,last,TCMB,raw/TP_AB_N06_2021-01-01_2021-12-31_request.json,a68676cd1f40076aae729ec11b1a09abf3961684fbcc4e6a47d205d5fc132721,raw/TP_AB_N06_2021-01-01_2021-12-31_response.json.gz,fe0965501ca74d1e0f102c3afdaff781a9abb13d7e618076b3585231bb08c091,observed,within_series_coverage,False,False
TP.AB.N06,2021-06-18,2021-06-18,2021-06-18,18-06-2021,25,159175280.0,159175280.00000000,False,1623963600,net_international_reserves,"TCMB haftalik vaziyet tablosundaki net uluslararasi rezervleri (2A) izlemek; arsivlenmis TP.AB.*06 varyantlari yerine guncel, arsiv-disi seri secildi.",2A Net Uluslararası Rezervler (1+2+3),2A Net International Reserves (1+2+3),bie_abstc2,HAFTALIK(CUMA),Bin TL,last,TCMB,raw/TP_AB_N06_2021-01-01_2021-12-31_request.json,a68676cd1f40076aae729ec11b1a09abf3961684fbcc4e6a47d205d5fc132721,raw/TP_AB_N06_2021-01-01_2021-12-31_response.json.gz,fe0965501ca74d1e0f102c3afdaff781a9abb13d7e618076b3585231bb08c091,observed,within_series_coverage,False,False
TP.AB.N06,2021-06-25,2021-06-25,2021-06-25,25-06-2021,26,181101279.0,181101279.00000000,False,1624568400,net_international_reserves,"TCMB haftalik vaziyet tablosundaki net uluslararasi rezervleri (2A) izlemek; arsivlenmis TP.AB.*06 varyantlari yerine guncel, arsiv-disi seri secildi.",2A Net Uluslararası Rezervler (1+2+3),2A Net International Reserves (1+2+3),bie_abstc2,HAFTALIK(CUMA),Bin TL,last,TCMB,raw/TP_AB_N06_2021-01-01_2021-12-31_request.json,a68676cd1f40076aae729ec11b1a09abf3961684fbcc4e6a47d205d5fc132721,raw/TP_AB_N06_2021-01-01_2021-12-31_response.json.gz,fe0965501ca74d1e0f102c3afdaff781a9abb13d7e618076b3585231bb08c091,observed,within_series_coverage,False,False
TP.AB.N06,2021-07-02,2021-07-02,2021-07-02,02-07-2021,27,177270810.0,177270810.00000000,False,1625173200,net_international_reserves,"TCMB haftalik vaziyet tablosundaki net uluslararasi rezervleri (2A) izlemek; arsivlenmis TP.AB.*06 varyantlari yerine guncel, arsiv-disi seri secildi.",2A Net Uluslararası Rezervler (1+2+3),2A Net International Reserves (1+2+3),bie_abstc2,HAFTALIK(CUMA),Bin TL,last,TCMB,raw/TP_AB_N06_2021-01-01_2021-12-31_request.json,a68676cd1f40076aae729ec11b1a09abf3961684fbcc4e6a47d205d5fc132721,raw/TP_AB_N06_2021-01-01_2021-12-31_response.json.gz,fe0965501ca74d1e0f102c3afdaff781a9abb13d7e618076b3585231bb08c091,observed,within_series_coverage,False,False
TP.AB.N06,2021-07-09,2021-07-09,2021-07-09,09-07-2021,28,201983147.0,201983147.00000000,False,1625778000,net_international_reserves,"TCMB haftalik vaziyet tablosundaki net uluslararasi rezervleri (2A) izlemek; arsivlenmis TP.AB.*06 varyantlari yerine guncel, arsiv-disi seri secildi.",2A Net Uluslararası Rezervler (1+2+3),2A Net International Reserves (1+2+3),bie_abstc2,HAFTALIK(CUMA),Bin TL,last,TCMB,raw/TP_AB_N06_2021-01-01_2021-12-31_request.json,a68676cd1f40076aae729ec11b1a09abf3961684fbcc4e6a47d205d5fc132721,raw/TP_AB_N06_2021-01-01_2021-12-31_response.json.gz,fe0965501ca74d1e0f102c3afdaff781a9abb13d7e618076b3585231bb08c091,observed,within_series_coverage,False,False
TP.AB.N06,2021-07-16,2021-07-16,2021-07-16,16-07-2021,29,207889771.0,207889771.00000000,False,1626382800,net_international_reserves,"TCMB haftalik vaziyet tablosundaki net uluslararasi rezervleri (2A) izlemek; arsivlenmis TP.AB.*06 varyantlari yerine guncel, arsiv-disi seri secildi.",2A Net Uluslararası Rezervler (1+2+3),2A Net International Reserves (1+2+3),bie_abstc2,HAFTALIK(CUMA),Bin TL,last,TCMB,raw/TP_AB_N06_2021-01-01_2021-12-31_request.json,a68676cd1f40076aae729ec11b1a09abf3961684fbcc4e6a47d205d5fc132721,raw/TP_AB_N06_2021-01-01_2021-12-31_response.json.gz,fe0965501ca74d1e0f102c3afdaff781a9abb13d7e618076b3585231bb08c091,observed,within_series_coverage,False,False
TP.AB.N06,2021-07-23,2021-07-23,2021-07-23,23-07-2021,30,202511158.0,202511158.00000000,False,1626987600,net_international_reserves,"TCMB haftalik vaziyet tablosundaki net uluslararasi rezervleri (2A) izlemek; arsivlenmis TP.AB.*06 varyantlari yerine guncel, arsiv-disi seri secildi.",2A Net Uluslararası Rezervler (1+2+3),2A Net International Reserves (1+2+3),bie_abstc2,HAFTALIK(CUMA),Bin TL,last,TCMB,raw/TP_AB_N06_2021-01-01_2021-12-31_request.json,a68676cd1f40076aae729ec11b1a09abf3961684fbcc4e6a47d205d5fc132721,raw/TP_AB_N06_2021-01-01_2021-12-31_response.json.gz,fe0965501ca74d1e0f102c3afdaff781a9abb13d7e618076b3585231bb08c091,observed,within_series_coverage,False,False
TP.AB.N06,2021-07-30,2021-07-30,2021-07-30,30-07-2021,31,209197431.0,209197431.00000000,False,1627592400,net_international_reserves,"TCMB haftalik vaziyet tablosundaki net uluslararasi rezervleri (2A) izlemek; arsivlenmis TP.AB.*06 varyantlari yerine guncel, arsiv-disi seri secildi.",2A Net Uluslararası Rezervler (1+2+3),2A Net International Reserves (1+2+3),bie_abstc2,HAFTALIK(CUMA),Bin TL,last,TCMB,raw/TP_AB_N06_2021-01-01_2021-12-31_request.json,a68676cd1f40076aae729ec11b1a09abf3961684fbcc4e6a47d205d5fc132721,raw/TP_AB_N06_2021-01-01_2021-12-31_response.json.gz,fe0965501ca74d1e0f102c3afdaff781a9abb13d7e618076b3585231bb08c091,observed,within_series_coverage,False,False
TP.AB.N06,2021-08-06,2021-08-06,2021-08-06,06-08-2021,32,214728082.0,214728082.00000000,False,1628197200,net_international_reserves,"TCMB haftalik vaziyet tablosundaki net uluslararasi rezervleri (2A) izlemek; arsivlenmis TP.AB.*06 varyantlari yerine guncel, arsiv-disi seri secildi.",2A Net Uluslararası Rezervler (1+2+3),2A Net International Reserves (1+2+3),bie_abstc2,HAFTALIK(CUMA),Bin TL,last,TCMB,raw/TP_AB_N06_2021-01-01_2021-12-31_request.json,a68676cd1f40076aae729ec11b1a09abf3961684fbcc4e6a47d205d5fc132721,raw/TP_AB_N06_2021-01-01_2021-12-31_response.json.gz,fe0965501ca74d1e0f102c3afdaff781a9abb13d7e618076b3585231bb08c091,observed,within_series_coverage,False,False
TP.AB.N06,2021-08-13,2021-08-13,2021-08-13,13-08-2021,33,206721144.0,206721144.00000000,False,1628802000,net_international_reserves,"TCMB haftalik vaziyet tablosundaki net uluslararasi rezervleri (2A) izlemek; arsivlenmis TP.AB.*06 varyantlari yerine guncel, arsiv-disi seri secildi.",2A Net Uluslararası Rezervler (1+2+3),2A Net International Reserves (1+2+3),bie_abstc2,HAFTALIK(CUMA),Bin TL,last,TCMB,raw/TP_AB_N06_2021-01-01_2021-12-31_request.json,a68676cd1f40076aae729ec11b1a09abf3961684fbcc4e6a47d205d5fc132721,raw/TP_AB_N06_2021-01-01_2021-12-31_response.json.gz,fe0965501ca74d1e0f102c3afdaff781a9abb13d7e618076b3585231bb08c091,observed,within_series_coverage,False,False
TP.AB.N06,2021-08-20,2021-08-20,2021-08-20,20-08-2021,34,219401386.0,219401386.00000000,False,1629406800,net_international_reserves,"TCMB haftalik vaziyet tablosundaki net uluslararasi rezervleri (2A) izlemek; arsivlenmis TP.AB.*06 varyantlari yerine guncel, arsiv-disi seri secildi.",2A Net Uluslararası Rezervler (1+2+3),2A Net International Reserves (1+2+3),bie_abstc2,HAFTALIK(CUMA),Bin TL,last,TCMB,raw/TP_AB_N06_2021-01-01_2021-12-31_request.json,a68676cd1f40076aae729ec11b1a09abf3961684fbcc4e6a47d205d5fc132721,raw/TP_AB_N06_2021-01-01_2021-12-31_response.json.gz,fe0965501ca74d1e0f102c3afdaff781a9abb13d7e618076b3585231bb08c091,observed,within_series_coverage,False,False
TP.AB.N06,2021-08-27,2021-08-27,2021-08-27,27-08-2021,35,221063642.0,221063642.00000000,False,1630011600,net_international_reserves,"TCMB haftalik vaziyet tablosundaki net uluslararasi rezervleri (2A) izlemek; arsivlenmis TP.AB.*06 varyantlari yerine guncel, arsiv-disi seri secildi.",2A Net Uluslararası Rezervler (1+2+3),2A Net International Reserves (1+2+3),bie_abstc2,HAFTALIK(CUMA),Bin TL,last,TCMB,raw/TP_AB_N06_2021-01-01_2021-12-31_request.json,a68676cd1f40076aae729ec11b1a09abf3961684fbcc4e6a47d205d5fc132721,raw/TP_AB_N06_2021-01-01_2021-12-31_response.json.gz,fe0965501ca74d1e0f102c3afdaff781a9abb13d7e618076b3585231bb08c091,observed,within_series_coverage,False,False
TP.AB.N06,2021-09-03,2021-09-03,2021-09-03,03-09-2021,36,230185417.0,230185417.00000000,False,1630616400,net_international_reserves,"TCMB haftalik vaziyet tablosundaki net uluslararasi rezervleri (2A) izlemek; arsivlenmis TP.AB.*06 varyantlari yerine guncel, arsiv-disi seri secildi.",2A Net Uluslararası Rezervler (1+2+3),2A Net International Reserves (1+2+3),bie_abstc2,HAFTALIK(CUMA),Bin TL,last,TCMB,raw/TP_AB_N06_2021-01-01_2021-12-31_request.json,a68676cd1f40076aae729ec11b1a09abf3961684fbcc4e6a47d205d5fc132721,raw/TP_AB_N06_2021-01-01_2021-12-31_response.json.gz,fe0965501ca74d1e0f102c3afdaff781a9abb13d7e618076b3585231bb08c091,observed,within_series_coverage,False,False
TP.AB.N06,2021-09-10,2021-09-10,2021-09-10,10-09-2021,37,244346296.0,244346296.00000000,False,1631221200,net_international_reserves,"TCMB haftalik vaziyet tablosundaki net uluslararasi rezervleri (2A) izlemek; arsivlenmis TP.AB.*06 varyantlari yerine guncel, arsiv-disi seri secildi.",2A Net Uluslararası Rezervler (1+2+3),2A Net International Reserves (1+2+3),bie_abstc2,HAFTALIK(CUMA),Bin TL,last,TCMB,raw/TP_AB_N06_2021-01-01_2021-12-31_request.json,a68676cd1f40076aae729ec11b1a09abf3961684fbcc4e6a47d205d5fc132721,raw/TP_AB_N06_2021-01-01_2021-12-31_response.json.gz,fe0965501ca74d1e0f102c3afdaff781a9abb13d7e618076b3585231bb08c091,observed,within_series_coverage,False,False
TP.AB.N06,2021-09-17,2021-09-17,2021-09-17,17-09-2021,38,239596353.0,239596353.00000000,False,1631826000,net_international_reserves,"TCMB haftalik vaziyet tablosundaki net uluslararasi rezervleri (2A) izlemek; arsivlenmis TP.AB.*06 varyantlari yerine guncel, arsiv-disi seri secildi.",2A Net Uluslararası Rezervler (1+2+3),2A Net International Reserves (1+2+3),bie_abstc2,HAFTALIK(CUMA),Bin TL,last,TCMB,raw/TP_AB_N06_2021-01-01_2021-12-31_request.json,a68676cd1f40076aae729ec11b1a09abf3961684fbcc4e6a47d205d5fc132721,raw/TP_AB_N06_2021-01-01_2021-12-31_response.json.gz,fe0965501ca74d1e0f102c3afdaff781a9abb13d7e618076b3585231bb08c091,observed,within_series_coverage,False,False
TP.AB.N06,2021-09-24,2021-09-24,2021-09-24,24-09-2021,39,263467121.0,263467121.00000000,False,1632430800,net_international_reserves,"TCMB haftalik vaziyet tablosundaki net uluslararasi rezervleri (2A) izlemek; arsivlenmis TP.AB.*06 varyantlari yerine guncel, arsiv-disi seri secildi.",2A Net Uluslararası Rezervler (1+2+3),2A Net International Reserves (1+2+3),bie_abstc2,HAFTALIK(CUMA),Bin TL,last,TCMB,raw/TP_AB_N06_2021-01-01_2021-12-31_request.json,a68676cd1f40076aae729ec11b1a09abf3961684fbcc4e6a47d205d5fc132721,raw/TP_AB_N06_2021-01-01_2021-12-31_response.json.gz,fe0965501ca74d1e0f102c3afdaff781a9abb13d7e618076b3585231bb08c091,observed,within_series_coverage,False,False
TP.AB.N06,2021-10-01,2021-10-01,2021-10-01,01-10-2021,40,259991455.0,259991455.00000000,False,1633035600,net_international_reserves,"TCMB haftalik vaziyet tablosundaki net uluslararasi rezervleri (2A) izlemek; arsivlenmis TP.AB.*06 varyantlari yerine guncel, arsiv-disi seri secildi.",2A Net Uluslararası Rezervler (1+2+3),2A Net International Reserves (1+2+3),bie_abstc2,HAFTALIK(CUMA),Bin TL,last,TCMB,raw/TP_AB_N06_2021-01-01_2021-12-31_request.json,a68676cd1f40076aae729ec11b1a09abf3961684fbcc4e6a47d205d5fc132721,raw/TP_AB_N06_2021-01-01_2021-12-31_response.json.gz,fe0965501ca74d1e0f102c3afdaff781a9abb13d7e618076b3585231bb08c091,observed,within_series_coverage,False,False
TP.AB.N06,2021-10-08,2021-10-08,2021-10-08,08-10-2021,41,262343160.0,262343160.00000000,False,1633640400,net_international_reserves,"TCMB haftalik vaziyet tablosundaki net uluslararasi rezervleri (2A) izlemek; arsivlenmis TP.AB.*06 varyantlari yerine guncel, arsiv-disi seri secildi.",2A Net Uluslararası Rezervler (1+2+3),2A Net International Reserves (1+2+3),bie_abstc2,HAFTALIK(CUMA),Bin TL,last,TCMB,raw/TP_AB_N06_2021-01-01_2021-12-31_request.json,a68676cd1f40076aae729ec11b1a09abf3961684fbcc4e6a47d205d5fc132721,raw/TP_AB_N06_2021-01-01_2021-12-31_response.json.gz,fe0965501ca74d1e0f102c3afdaff781a9abb13d7e618076b3585231bb08c091,observed,within_series_coverage,False,False
TP.AB.N06,2021-10-15,2021-10-15,2021-10-15,15-10-2021,42,293621396.0,293621396.00000000,False,1634245200,net_international_reserves,"TCMB haftalik vaziyet tablosundaki net uluslararasi rezervleri (2A) izlemek; arsivlenmis TP.AB.*06 varyantlari yerine guncel, arsiv-disi seri secildi.",2A Net Uluslararası Rezervler (1+2+3),2A Net International Reserves (1+2+3),bie_abstc2,HAFTALIK(CUMA),Bin TL,last,TCMB,raw/TP_AB_N06_2021-01-01_2021-12-31_request.json,a68676cd1f40076aae729ec11b1a09abf3961684fbcc4e6a47d205d5fc132721,raw/TP_AB_N06_2021-01-01_2021-12-31_response.json.gz,fe0965501ca74d1e0f102c3afdaff781a9abb13d7e618076b3585231bb08c091,observed,within_series_coverage,False,False
TP.AB.N06,2021-10-22,2021-10-22,2021-10-22,22-10-2021,43,301043507.0,301043507.00000000,False,1634850000,net_international_reserves,"TCMB haftalik vaziyet tablosundaki net uluslararasi rezervleri (2A) izlemek; arsivlenmis TP.AB.*06 varyantlari yerine guncel, arsiv-disi seri secildi.",2A Net Uluslararası Rezervler (1+2+3),2A Net International Reserves (1+2+3),bie_abstc2,HAFTALIK(CUMA),Bin TL,last,TCMB,raw/TP_AB_N06_2021-01-01_2021-12-31_request.json,a68676cd1f40076aae729ec11b1a09abf3961684fbcc4e6a47d205d5fc132721,raw/TP_AB_N06_2021-01-01_2021-12-31_response.json.gz,fe0965501ca74d1e0f102c3afdaff781a9abb13d7e618076b3585231bb08c091,observed,within_series_coverage,False,False
TP.AB.N06,2021-10-29,2021-10-29,2021-10-29,29-10-2021,44,309505093.0,309505093.00000000,False,1635454800,net_international_reserves,"TCMB haftalik vaziyet tablosundaki net uluslararasi rezervleri (2A) izlemek; arsivlenmis TP.AB.*06 varyantlari yerine guncel, arsiv-disi seri secildi.",2A Net Uluslararası Rezervler (1+2+3),2A Net International Reserves (1+2+3),bie_abstc2,HAFTALIK(CUMA),Bin TL,last,TCMB,raw/TP_AB_N06_2021-01-01_2021-12-31_request.json,a68676cd1f40076aae729ec11b1a09abf3961684fbcc4e6a47d205d5fc132721,raw/TP_AB_N06_2021-01-01_2021-12-31_response.json.gz,fe0965501ca74d1e0f102c3afdaff781a9abb13d7e618076b3585231bb08c091,observed,within_series_coverage,False,False
TP.AB.N06,2021-11-05,2021-11-05,2021-11-05,05-11-2021,45,308620441.0,308620441.00000000,False,1636059600,net_international_reserves,"TCMB haftalik vaziyet tablosundaki net uluslararasi rezervleri (2A) izlemek; arsivlenmis TP.AB.*06 varyantlari yerine guncel, arsiv-disi seri secildi.",2A Net Uluslararası Rezervler (1+2+3),2A Net International Reserves (1+2+3),bie_abstc2,HAFTALIK(CUMA),Bin TL,last,TCMB,raw/TP_AB_N06_2021-01-01_2021-12-31_request.json,a68676cd1f40076aae729ec11b1a09abf3961684fbcc4e6a47d205d5fc132721,raw/TP_AB_N06_2021-01-01_2021-12-31_response.json.gz,fe0965501ca74d1e0f102c3afdaff781a9abb13d7e618076b3585231bb08c091,observed,within_series_coverage,False,False
TP.AB.N06,2021-11-12,2021-11-12,2021-11-12,12-11-2021,46,283701877.0,283701877.00000000,False,1636664400,net_international_reserves,"TCMB haftalik vaziyet tablosundaki net uluslararasi rezervleri (2A) izlemek; arsivlenmis TP.AB.*06 varyantlari yerine guncel, arsiv-disi seri secildi.",2A Net Uluslararası Rezervler (1+2+3),2A Net International Reserves (1+2+3),bie_abstc2,HAFTALIK(CUMA),Bin TL,last,TCMB,raw/TP_AB_N06_2021-01-01_2021-12-31_request.json,a68676cd1f40076aae729ec11b1a09abf3961684fbcc4e6a47d205d5fc132721,raw/TP_AB_N06_2021-01-01_2021-12-31_response.json.gz,fe0965501ca74d1e0f102c3afdaff781a9abb13d7e618076b3585231bb08c091,observed,within_series_coverage,False,False
TP.AB.N06,2021-11-19,2021-11-19,2021-11-19,19-11-2021,47,269339958.0,269339958.00000000,False,1637269200,net_international_reserves,"TCMB haftalik vaziyet tablosundaki net uluslararasi rezervleri (2A) izlemek; arsivlenmis TP.AB.*06 varyantlari yerine guncel, arsiv-disi seri secildi.",2A Net Uluslararası Rezervler (1+2+3),2A Net International Reserves (1+2+3),bie_abstc2,HAFTALIK(CUMA),Bin TL,last,TCMB,raw/TP_AB_N06_2021-01-01_2021-12-31_request.json,a68676cd1f40076aae729ec11b1a09abf3961684fbcc4e6a47d205d5fc132721,raw/TP_AB_N06_2021-01-01_2021-12-31_response.json.gz,fe0965501ca74d1e0f102c3afdaff781a9abb13d7e618076b3585231bb08c091,observed,within_series_coverage,False,False
TP.AB.N06,2021-11-26,2021-11-26,2021-11-26,26-11-2021,48,295997130.0,295997130.00000000,False,1637874000,net_international_reserves,"TCMB haftalik vaziyet tablosundaki net uluslararasi rezervleri (2A) izlemek; arsivlenmis TP.AB.*06 varyantlari yerine guncel, arsiv-disi seri secildi.",2A Net Uluslararası Rezervler (1+2+3),2A Net International Reserves (1+2+3),bie_abstc2,HAFTALIK(CUMA),Bin TL,last,TCMB,raw/TP_AB_N06_2021-01-01_2021-12-31_request.json,a68676cd1f40076aae729ec11b1a09abf3961684fbcc4e6a47d205d5fc132721,raw/TP_AB_N06_2021-01-01_2021-12-31_response.json.gz,fe0965501ca74d1e0f102c3afdaff781a9abb13d7e618076b3585231bb08c091,observed,within_series_coverage,False,False
TP.AB.N06,2021-12-03,2021-12-03,2021-12-03,03-12-2021,49,301224948.0,301224948.00000000,False,1638478800,net_international_reserves,"TCMB haftalik vaziyet tablosundaki net uluslararasi rezervleri (2A) izlemek; arsivlenmis TP.AB.*06 varyantlari yerine guncel, arsiv-disi seri secildi.",2A Net Uluslararası Rezervler (1+2+3),2A Net International Reserves (1+2+3),bie_abstc2,HAFTALIK(CUMA),Bin TL,last,TCMB,raw/TP_AB_N06_2021-01-01_2021-12-31_request.json,a68676cd1f40076aae729ec11b1a09abf3961684fbcc4e6a47d205d5fc132721,raw/TP_AB_N06_2021-01-01_2021-12-31_response.json.gz,fe0965501ca74d1e0f102c3afdaff781a9abb13d7e618076b3585231bb08c091,observed,within_series_coverage,False,False
TP.AB.N06,2021-12-10,2021-12-10,2021-12-10,10-12-2021,50,291007933.0,291007933.00000000,False,1639083600,net_international_reserves,"TCMB haftalik vaziyet tablosundaki net uluslararasi rezervleri (2A) izlemek; arsivlenmis TP.AB.*06 varyantlari yerine guncel, arsiv-disi seri secildi.",2A Net Uluslararası Rezervler (1+2+3),2A Net International Reserves (1+2+3),bie_abstc2,HAFTALIK(CUMA),Bin TL,last,TCMB,raw/TP_AB_N06_2021-01-01_2021-12-31_request.json,a68676cd1f40076aae729ec11b1a09abf3961684fbcc4e6a47d205d5fc132721,raw/TP_AB_N06_2021-01-01_2021-12-31_response.json.gz,fe0965501ca74d1e0f102c3afdaff781a9abb13d7e618076b3585231bb08c091,observed,within_series_coverage,False,False
TP.AB.N06,2021-12-17,2021-12-17,2021-12-17,17-12-2021,51,185009181.0,185009181.00000000,False,1639688400,net_international_reserves,"TCMB haftalik vaziyet tablosundaki net uluslararasi rezervleri (2A) izlemek; arsivlenmis TP.AB.*06 varyantlari yerine guncel, arsiv-disi seri secildi.",2A Net Uluslararası Rezervler (1+2+3),2A Net International Reserves (1+2+3),bie_abstc2,HAFTALIK(CUMA),Bin TL,last,TCMB,raw/TP_AB_N06_2021-01-01_2021-12-31_request.json,a68676cd1f40076aae729ec11b1a09abf3961684fbcc4e6a47d205d5fc132721,raw/TP_AB_N06_2021-01-01_2021-12-31_response.json.gz,fe0965501ca74d1e0f102c3afdaff781a9abb13d7e618076b3585231bb08c091,observed,within_series_coverage,False,False
TP.AB.N06,2021-12-24,2021-12-24,2021-12-24,24-12-2021,52,98788523.0,98788523.00000000,False,1640293200,net_international_reserves,"TCMB haftalik vaziyet tablosundaki net uluslararasi rezervleri (2A) izlemek; arsivlenmis TP.AB.*06 varyantlari yerine guncel, arsiv-disi seri secildi.",2A Net Uluslararası Rezervler (1+2+3),2A Net International Reserves (1+2+3),bie_abstc2,HAFTALIK(CUMA),Bin TL,last,TCMB,raw/TP_AB_N06_2021-01-01_2021-12-31_request.json,a68676cd1f40076aae729ec11b1a09abf3961684fbcc4e6a47d205d5fc132721,raw/TP_AB_N06_2021-01-01_2021-12-31_response.json.gz,fe0965501ca74d1e0f102c3afdaff781a9abb13d7e618076b3585231bb08c091,observed,within_series_coverage,False,False
TP.AB.N06,2021-12-31,2021-12-31,2021-12-31,31-12-2021,53,108219096.0,108219096.00000000,False,1640898000,net_international_reserves,"TCMB haftalik vaziyet tablosundaki net uluslararasi rezervleri (2A) izlemek; arsivlenmis TP.AB.*06 varyantlari yerine guncel, arsiv-disi seri secildi.",2A Net Uluslararası Rezervler (1+2+3),2A Net International Reserves (1+2+3),bie_abstc2,HAFTALIK(CUMA),Bin TL,last,TCMB,raw/TP_AB_N06_2021-01-01_2021-12-31_request.json,a68676cd1f40076aae729ec11b1a09abf3961684fbcc4e6a47d205d5fc132721,raw/TP_AB_N06_2021-01-01_2021-12-31_response.json.gz,fe0965501ca74d1e0f102c3afdaff781a9abb13d7e618076b3585231bb08c091,observed,within_series_coverage,False,False
TP.AB.N06,2022-01-07,2022-01-07,2022-01-07,07-01-2022,1,108359039.0,108359039.00000000,False,1641502800,net_international_reserves,"TCMB haftalik vaziyet tablosundaki net uluslararasi rezervleri (2A) izlemek; arsivlenmis TP.AB.*06 varyantlari yerine guncel, arsiv-disi seri secildi.",2A Net Uluslararası Rezervler (1+2+3),2A Net International Reserves (1+2+3),bie_abstc2,HAFTALIK(CUMA),Bin TL,last,TCMB,raw/TP_AB_N06_2022-01-01_2022-12-31_request.json,625d8762d5a89b3d247bc8df78a149f4e1d5ff01c63078a41ddead4be207cad7,raw/TP_AB_N06_2022-01-01_2022-12-31_response.json.gz,236300e68ce7c7093b337d7231059956654f203d287ca6f409743a5682265f0c,observed,within_series_coverage,False,False
TP.AB.N06,2022-01-14,2022-01-14,2022-01-14,14-01-2022,2,102191665.0,102191665.00000000,False,1642107600,net_international_reserves,"TCMB haftalik vaziyet tablosundaki net uluslararasi rezervleri (2A) izlemek; arsivlenmis TP.AB.*06 varyantlari yerine guncel, arsiv-disi seri secildi.",2A Net Uluslararası Rezervler (1+2+3),2A Net International Reserves (1+2+3),bie_abstc2,HAFTALIK(CUMA),Bin TL,last,TCMB,raw/TP_AB_N06_2022-01-01_2022-12-31_request.json,625d8762d5a89b3d247bc8df78a149f4e1d5ff01c63078a41ddead4be207cad7,raw/TP_AB_N06_2022-01-01_2022-12-31_response.json.gz,236300e68ce7c7093b337d7231059956654f203d287ca6f409743a5682265f0c,observed,within_series_coverage,False,False
TP.AB.N06,2022-01-21,2022-01-21,2022-01-21,21-01-2022,3,124609539.0,124609539.00000000,False,1642712400,net_international_reserves,"TCMB haftalik vaziyet tablosundaki net uluslararasi rezervleri (2A) izlemek; arsivlenmis TP.AB.*06 varyantlari yerine guncel, arsiv-disi seri secildi.",2A Net Uluslararası Rezervler (1+2+3),2A Net International Reserves (1+2+3),bie_abstc2,HAFTALIK(CUMA),Bin TL,last,TCMB,raw/TP_AB_N06_2022-01-01_2022-12-31_request.json,625d8762d5a89b3d247bc8df78a149f4e1d5ff01c63078a41ddead4be207cad7,raw/TP_AB_N06_2022-01-01_2022-12-31_response.json.gz,236300e68ce7c7093b337d7231059956654f203d287ca6f409743a5682265f0c,observed,within_series_coverage,False,False
TP.AB.N06,2022-01-28,2022-01-28,2022-01-28,28-01-2022,4,143166186.0,143166186.00000000,False,1643317200,net_international_reserves,"TCMB haftalik vaziyet tablosundaki net uluslararasi rezervleri (2A) izlemek; arsivlenmis TP.AB.*06 varyantlari yerine guncel, arsiv-disi seri secildi.",2A Net Uluslararası Rezervler (1+2+3),2A Net International Reserves (1+2+3),bie_abstc2,HAFTALIK(CUMA),Bin TL,last,TCMB,raw/TP_AB_N06_2022-01-01_2022-12-31_request.json,625d8762d5a89b3d247bc8df78a149f4e1d5ff01c63078a41ddead4be207cad7,raw/TP_AB_N06_2022-01-01_2022-12-31_response.json.gz,236300e68ce7c7093b337d7231059956654f203d287ca6f409743a5682265f0c,observed,within_series_coverage,False,False
TP.AB.N06,2022-02-04,2022-02-04,2022-02-04,04-02-2022,5,221360237.0,221360237.00000000,False,1643922000,net_international_reserves,"TCMB haftalik vaziyet tablosundaki net uluslararasi rezervleri (2A) izlemek; arsivlenmis TP.AB.*06 varyantlari yerine guncel, arsiv-disi seri secildi.",2A Net Uluslararası Rezervler (1+2+3),2A Net International Reserves (1+2+3),bie_abstc2,HAFTALIK(CUMA),Bin TL,last,TCMB,raw/TP_AB_N06_2022-01-01_2022-12-31_request.json,625d8762d5a89b3d247bc8df78a149f4e1d5ff01c63078a41ddead4be207cad7,raw/TP_AB_N06_2022-01-01_2022-12-31_response.json.gz,236300e68ce7c7093b337d7231059956654f203d287ca6f409743a5682265f0c,observed,within_series_coverage,False,False
TP.AB.N06,2022-02-11,2022-02-11,2022-02-11,11-02-2022,6,214034928.0,214034928.00000000,False,1644526800,net_international_reserves,"TCMB haftalik vaziyet tablosundaki net uluslararasi rezervleri (2A) izlemek; arsivlenmis TP.AB.*06 varyantlari yerine guncel, arsiv-disi seri secildi.",2A Net Uluslararası Rezervler (1+2+3),2A Net International Reserves (1+2+3),bie_abstc2,HAFTALIK(CUMA),Bin TL,last,TCMB,raw/TP_AB_N06_2022-01-01_2022-12-31_request.json,625d8762d5a89b3d247bc8df78a149f4e1d5ff01c63078a41ddead4be207cad7,raw/TP_AB_N06_2022-01-01_2022-12-31_response.json.gz,236300e68ce7c7093b337d7231059956654f203d287ca6f409743a5682265f0c,observed,within_series_coverage,False,False
TP.AB.N06,2022-02-18,2022-02-18,2022-02-18,18-02-2022,7,269382905.0,269382905.00000000,False,1645131600,net_international_reserves,"TCMB haftalik vaziyet tablosundaki net uluslararasi rezervleri (2A) izlemek; arsivlenmis TP.AB.*06 varyantlari yerine guncel, arsiv-disi seri secildi.",2A Net Uluslararası Rezervler (1+2+3),2A Net International Reserves (1+2+3),bie_abstc2,HAFTALIK(CUMA),Bin TL,last,TCMB,raw/TP_AB_N06_2022-01-01_2022-12-31_request.json,625d8762d5a89b3d247bc8df78a149f4e1d5ff01c63078a41ddead4be207cad7,raw/TP_AB_N06_2022-01-01_2022-12-31_response.json.gz,236300e68ce7c7093b337d7231059956654f203d287ca6f409743a5682265f0c,observed,within_series_coverage,False,False
TP.AB.N06,2022-02-25,2022-02-25,2022-02-25,25-02-2022,8,258872645.0,258872645.00000000,False,1645736400,net_international_reserves,"TCMB haftalik vaziyet tablosundaki net uluslararasi rezervleri (2A) izlemek; arsivlenmis TP.AB.*06 varyantlari yerine guncel, arsiv-disi seri secildi.",2A Net Uluslararası Rezervler (1+2+3),2A Net International Reserves (1+2+3),bie_abstc2,HAFTALIK(CUMA),Bin TL,last,TCMB,raw/TP_AB_N06_2022-01-01_2022-12-31_request.json,625d8762d5a89b3d247bc8df78a149f4e1d5ff01c63078a41ddead4be207cad7,raw/TP_AB_N06_2022-01-01_2022-12-31_response.json.gz,236300e68ce7c7093b337d7231059956654f203d287ca6f409743a5682265f0c,observed,within_series_coverage,False,False
TP.AB.N06,2022-03-04,2022-03-04,2022-03-04,04-03-2022,9,256100561.0,256100561.00000000,False,1646341200,net_international_reserves,"TCMB haftalik vaziyet tablosundaki net uluslararasi rezervleri (2A) izlemek; arsivlenmis TP.AB.*06 varyantlari yerine guncel, arsiv-disi seri secildi.",2A Net Uluslararası Rezervler (1+2+3),2A Net International Reserves (1+2+3),bie_abstc2,HAFTALIK(CUMA),Bin TL,last,TCMB,raw/TP_AB_N06_2022-01-01_2022-12-31_request.json,625d8762d5a89b3d247bc8df78a149f4e1d5ff01c63078a41ddead4be207cad7,raw/TP_AB_N06_2022-01-01_2022-12-31_response.json.gz,236300e68ce7c7093b337d7231059956654f203d287ca6f409743a5682265f0c,observed,within_series_coverage,False,False
TP.AB.N06,2022-03-11,2022-03-11,2022-03-11,11-03-2022,10,233846914.0,233846914.00000000,False,1646946000,net_international_reserves,"TCMB haftalik vaziyet tablosundaki net uluslararasi rezervleri (2A) izlemek; arsivlenmis TP.AB.*06 varyantlari yerine guncel, arsiv-disi seri secildi.",2A Net Uluslararası Rezervler (1+2+3),2A Net International Reserves (1+2+3),bie_abstc2,HAFTALIK(CUMA),Bin TL,last,TCMB,raw/TP_AB_N06_2022-01-01_2022-12-31_request.json,625d8762d5a89b3d247bc8df78a149f4e1d5ff01c63078a41ddead4be207cad7,raw/TP_AB_N06_2022-01-01_2022-12-31_response.json.gz,236300e68ce7c7093b337d7231059956654f203d287ca6f409743a5682265f0c,observed,within_series_coverage,False,False
TP.AB.N06,2022-03-18,2022-03-18,2022-03-18,18-03-2022,11,252309328.0,252309328.00000000,False,1647550800,net_international_reserves,"TCMB haftalik vaziyet tablosundaki net uluslararasi rezervleri (2A) izlemek; arsivlenmis TP.AB.*06 varyantlari yerine guncel, arsiv-disi seri secildi.",2A Net Uluslararası Rezervler (1+2+3),2A Net International Reserves (1+2+3),bie_abstc2,HAFTALIK(CUMA),Bin TL,last,TCMB,raw/TP_AB_N06_2022-01-01_2022-12-31_request.json,625d8762d5a89b3d247bc8df78a149f4e1d5ff01c63078a41ddead4be207cad7,raw/TP_AB_N06_2022-01-01_2022-12-31_response.json.gz,236300e68ce7c7093b337d7231059956654f203d287ca6f409743a5682265f0c,observed,within_series_coverage,False,False
TP.AB.N06,2022-03-25,2022-03-25,2022-03-25,25-03-2022,12,236507703.0,236507703.00000000,False,1648155600,net_international_reserves,"TCMB haftalik vaziyet tablosundaki net uluslararasi rezervleri (2A) izlemek; arsivlenmis TP.AB.*06 varyantlari yerine guncel, arsiv-disi seri secildi.",2A Net Uluslararası Rezervler (1+2+3),2A Net International Reserves (1+2+3),bie_abstc2,HAFTALIK(CUMA),Bin TL,last,TCMB,raw/TP_AB_N06_2022-01-01_2022-12-31_request.json,625d8762d5a89b3d247bc8df78a149f4e1d5ff01c63078a41ddead4be207cad7,raw/TP_AB_N06_2022-01-01_2022-12-31_response.json.gz,236300e68ce7c7093b337d7231059956654f203d287ca6f409743a5682265f0c,observed,within_series_coverage,False,False
TP.AB.N06,2022-04-01,2022-04-01,2022-04-01,01-04-2022,13,240064785.0,240064785.00000000,False,1648760400,net_international_reserves,"TCMB haftalik vaziyet tablosundaki net uluslararasi rezervleri (2A) izlemek; arsivlenmis TP.AB.*06 varyantlari yerine guncel, arsiv-disi seri secildi.",2A Net Uluslararası Rezervler (1+2+3),2A Net International Reserves (1+2+3),bie_abstc2,HAFTALIK(CUMA),Bin TL,last,TCMB,raw/TP_AB_N06_2022-01-01_2022-12-31_request.json,625d8762d5a89b3d247bc8df78a149f4e1d5ff01c63078a41ddead4be207cad7,raw/TP_AB_N06_2022-01-01_2022-12-31_response.json.gz,236300e68ce7c7093b337d7231059956654f203d287ca6f409743a5682265f0c,observed,within_series_coverage,False,False
TP.AB.N06,2022-04-08,2022-04-08,2022-04-08,08-04-2022,14,269590517.0,269590517.00000000,False,1649365200,net_international_reserves,"TCMB haftalik vaziyet tablosundaki net uluslararasi rezervleri (2A) izlemek; arsivlenmis TP.AB.*06 varyantlari yerine guncel, arsiv-disi seri secildi.",2A Net Uluslararası Rezervler (1+2+3),2A Net International Reserves (1+2+3),bie_abstc2,HAFTALIK(CUMA),Bin TL,last,TCMB,raw/TP_AB_N06_2022-01-01_2022-12-31_request.json,625d8762d5a89b3d247bc8df78a149f4e1d5ff01c63078a41ddead4be207cad7,raw/TP_AB_N06_2022-01-01_2022-12-31_response.json.gz,236300e68ce7c7093b337d7231059956654f203d287ca6f409743a5682265f0c,observed,within_series_coverage,False,False
TP.AB.N06,2022-04-15,2022-04-15,2022-04-15,15-04-2022,15,279134724.0,279134724.00000000,False,1649970000,net_international_reserves,"TCMB haftalik vaziyet tablosundaki net uluslararasi rezervleri (2A) izlemek; arsivlenmis TP.AB.*06 varyantlari yerine guncel, arsiv-disi seri secildi.",2A Net Uluslararası Rezervler (1+2+3),2A Net International Reserves (1+2+3),bie_abstc2,HAFTALIK(CUMA),Bin TL,last,TCMB,raw/TP_AB_N06_2022-01-01_2022-12-31_request.json,625d8762d5a89b3d247bc8df78a149f4e1d5ff01c63078a41ddead4be207cad7,raw/TP_AB_N06_2022-01-01_2022-12-31_response.json.gz,236300e68ce7c7093b337d7231059956654f203d287ca6f409743a5682265f0c,observed,within_series_coverage,False,False
TP.AB.N06,2022-04-22,2022-04-22,2022-04-22,22-04-2022,16,251640377.0,251640377.00000000,False,1650574800,net_international_reserves,"TCMB haftalik vaziyet tablosundaki net uluslararasi rezervleri (2A) izlemek; arsivlenmis TP.AB.*06 varyantlari yerine guncel, arsiv-disi seri secildi.",2A Net Uluslararası Rezervler (1+2+3),2A Net International Reserves (1+2+3),bie_abstc2,HAFTALIK(CUMA),Bin TL,last,TCMB,raw/TP_AB_N06_2022-01-01_2022-12-31_request.json,625d8762d5a89b3d247bc8df78a149f4e1d5ff01c63078a41ddead4be207cad7,raw/TP_AB_N06_2022-01-01_2022-12-31_response.json.gz,236300e68ce7c7093b337d7231059956654f203d287ca6f409743a5682265f0c,observed,within_series_coverage,False,False
TP.AB.N06,2022-04-29,2022-04-29,2022-04-29,29-04-2022,17,251397070.0,251397070.00000000,False,1651179600,net_international_reserves,"TCMB haftalik vaziyet tablosundaki net uluslararasi rezervleri (2A) izlemek; arsivlenmis TP.AB.*06 varyantlari yerine guncel, arsiv-disi seri secildi.",2A Net Uluslararası Rezervler (1+2+3),2A Net International Reserves (1+2+3),bie_abstc2,HAFTALIK(CUMA),Bin TL,last,TCMB,raw/TP_AB_N06_2022-01-01_2022-12-31_request.json,625d8762d5a89b3d247bc8df78a149f4e1d5ff01c63078a41ddead4be207cad7,raw/TP_AB_N06_2022-01-01_2022-12-31_response.json.gz,236300e68ce7c7093b337d7231059956654f203d287ca6f409743a5682265f0c,observed,within_series_coverage,False,False
TP.AB.N06,2022-05-06,2022-05-06,2022-05-06,06-05-2022,18,222390501.0,222390501.00000000,False,1651784400,net_international_reserves,"TCMB haftalik vaziyet tablosundaki net uluslararasi rezervleri (2A) izlemek; arsivlenmis TP.AB.*06 varyantlari yerine guncel, arsiv-disi seri secildi.",2A Net Uluslararası Rezervler (1+2+3),2A Net International Reserves (1+2+3),bie_abstc2,HAFTALIK(CUMA),Bin TL,last,TCMB,raw/TP_AB_N06_2022-01-01_2022-12-31_request.json,625d8762d5a89b3d247bc8df78a149f4e1d5ff01c63078a41ddead4be207cad7,raw/TP_AB_N06_2022-01-01_2022-12-31_response.json.gz,236300e68ce7c7093b337d7231059956654f203d287ca6f409743a5682265f0c,observed,within_series_coverage,False,False
TP.AB.N06,2022-05-13,2022-05-13,2022-05-13,13-05-2022,19,176993543.0,176993543.00000000,False,1652389200,net_international_reserves,"TCMB haftalik vaziyet tablosundaki net uluslararasi rezervleri (2A) izlemek; arsivlenmis TP.AB.*06 varyantlari yerine guncel, arsiv-disi seri secildi.",2A Net Uluslararası Rezervler (1+2+3),2A Net International Reserves (1+2+3),bie_abstc2,HAFTALIK(CUMA),Bin TL,last,TCMB,raw/TP_AB_N06_2022-01-01_2022-12-31_request.json,625d8762d5a89b3d247bc8df78a149f4e1d5ff01c63078a41ddead4be207cad7,raw/TP_AB_N06_2022-01-01_2022-12-31_response.json.gz,236300e68ce7c7093b337d7231059956654f203d287ca6f409743a5682265f0c,observed,within_series_coverage,False,False
TP.AB.N06,2022-05-20,2022-05-20,2022-05-20,20-05-2022,20,152223298.0,152223298.00000000,False,1652994000,net_international_reserves,"TCMB haftalik vaziyet tablosundaki net uluslararasi rezervleri (2A) izlemek; arsivlenmis TP.AB.*06 varyantlari yerine guncel, arsiv-disi seri secildi.",2A Net Uluslararası Rezervler (1+2+3),2A Net International Reserves (1+2+3),bie_abstc2,HAFTALIK(CUMA),Bin TL,last,TCMB,raw/TP_AB_N06_2022-01-01_2022-12-31_request.json,625d8762d5a89b3d247bc8df78a149f4e1d5ff01c63078a41ddead4be207cad7,raw/TP_AB_N06_2022-01-01_2022-12-31_response.json.gz,236300e68ce7c7093b337d7231059956654f203d287ca6f409743a5682265f0c,observed,within_series_coverage,False,False
TP.AB.N06,2022-05-27,2022-05-27,2022-05-27,27-05-2022,21,199511076.0,199511076.00000000,False,1653598800,net_international_reserves,"TCMB haftalik vaziyet tablosundaki net uluslararasi rezervleri (2A) izlemek; arsivlenmis TP.AB.*06 varyantlari yerine guncel, arsiv-disi seri secildi.",2A Net Uluslararası Rezervler (1+2+3),2A Net International Reserves (1+2+3),bie_abstc2,HAFTALIK(CUMA),Bin TL,last,TCMB,raw/TP_AB_N06_2022-01-01_2022-12-31_request.json,625d8762d5a89b3d247bc8df78a149f4e1d5ff01c63078a41ddead4be207cad7,raw/TP_AB_N06_2022-01-01_2022-12-31_response.json.gz,236300e68ce7c7093b337d7231059956654f203d287ca6f409743a5682265f0c,observed,within_series_coverage,False,False
TP.AB.N06,2022-06-03,2022-06-03,2022-06-03,03-06-2022,22,172884800.0,172884800.00000000,False,1654203600,net_international_reserves,"TCMB haftalik vaziyet tablosundaki net uluslararasi rezervleri (2A) izlemek; arsivlenmis TP.AB.*06 varyantlari yerine guncel, arsiv-disi seri secildi.",2A Net Uluslararası Rezervler (1+2+3),2A Net International Reserves (1+2+3),bie_abstc2,HAFTALIK(CUMA),Bin TL,last,TCMB,raw/TP_AB_N06_2022-01-01_2022-12-31_request.json,625d8762d5a89b3d247bc8df78a149f4e1d5ff01c63078a41ddead4be207cad7,raw/TP_AB_N06_2022-01-01_2022-12-31_response.json.gz,236300e68ce7c7093b337d7231059956654f203d287ca6f409743a5682265f0c,observed,within_series_coverage,False,False
TP.AB.N06,2022-06-10,2022-06-10,2022-06-10,10-06-2022,23,140203341.0,140203341.00000000,False,1654808400,net_international_reserves,"TCMB haftalik vaziyet tablosundaki net uluslararasi rezervleri (2A) izlemek; arsivlenmis TP.AB.*06 varyantlari yerine guncel, arsiv-disi seri secildi.",2A Net Uluslararası Rezervler (1+2+3),2A Net International Reserves (1+2+3),bie_abstc2,HAFTALIK(CUMA),Bin TL,last,TCMB,raw/TP_AB_N06_2022-01-01_2022-12-31_request.json,625d8762d5a89b3d247bc8df78a149f4e1d5ff01c63078a41ddead4be207cad7,raw/TP_AB_N06_2022-01-01_2022-12-31_response.json.gz,236300e68ce7c7093b337d7231059956654f203d287ca6f409743a5682265f0c,observed,within_series_coverage,False,False
TP.AB.N06,2022-06-17,2022-06-17,2022-06-17,17-06-2022,24,127600671.0,127600671.00000000,False,1655413200,net_international_reserves,"TCMB haftalik vaziyet tablosundaki net uluslararasi rezervleri (2A) izlemek; arsivlenmis TP.AB.*06 varyantlari yerine guncel, arsiv-disi seri secildi.",2A Net Uluslararası Rezervler (1+2+3),2A Net International Reserves (1+2+3),bie_abstc2,HAFTALIK(CUMA),Bin TL,last,TCMB,raw/TP_AB_N06_2022-01-01_2022-12-31_request.json,625d8762d5a89b3d247bc8df78a149f4e1d5ff01c63078a41ddead4be207cad7,raw/TP_AB_N06_2022-01-01_2022-12-31_response.json.gz,236300e68ce7c7093b337d7231059956654f203d287ca6f409743a5682265f0c,observed,within_series_coverage,False,False
TP.AB.N06,2022-06-24,2022-06-24,2022-06-24,24-06-2022,25,130637471.0,130637471.00000000,False,1656018000,net_international_reserves,"TCMB haftalik vaziyet tablosundaki net uluslararasi rezervleri (2A) izlemek; arsivlenmis TP.AB.*06 varyantlari yerine guncel, arsiv-disi seri secildi.",2A Net Uluslararası Rezervler (1+2+3),2A Net International Reserves (1+2+3),bie_abstc2,HAFTALIK(CUMA),Bin TL,last,TCMB,raw/TP_AB_N06_2022-01-01_2022-12-31_request.json,625d8762d5a89b3d247bc8df78a149f4e1d5ff01c63078a41ddead4be207cad7,raw/TP_AB_N06_2022-01-01_2022-12-31_response.json.gz,236300e68ce7c7093b337d7231059956654f203d287ca6f409743a5682265f0c,observed,within_series_coverage,False,False
TP.AB.N06,2022-07-01,2022-07-01,2022-07-01,01-07-2022,26,125184709.0,125184709.00000000,False,1656622800,net_international_reserves,"TCMB haftalik vaziyet tablosundaki net uluslararasi rezervleri (2A) izlemek; arsivlenmis TP.AB.*06 varyantlari yerine guncel, arsiv-disi seri secildi.",2A Net Uluslararası Rezervler (1+2+3),2A Net International Reserves (1+2+3),bie_abstc2,HAFTALIK(CUMA),Bin TL,last,TCMB,raw/TP_AB_N06_2022-01-01_2022-12-31_request.json,625d8762d5a89b3d247bc8df78a149f4e1d5ff01c63078a41ddead4be207cad7,raw/TP_AB_N06_2022-01-01_2022-12-31_response.json.gz,236300e68ce7c7093b337d7231059956654f203d287ca6f409743a5682265f0c,observed,within_series_coverage,False,False
TP.AB.N06,2022-07-08,2022-07-08,2022-07-08,08-07-2022,27,104817759.0,104817759.00000000,False,1657227600,net_international_reserves,"TCMB haftalik vaziyet tablosundaki net uluslararasi rezervleri (2A) izlemek; arsivlenmis TP.AB.*06 varyantlari yerine guncel, arsiv-disi seri secildi.",2A Net Uluslararası Rezervler (1+2+3),2A Net International Reserves (1+2+3),bie_abstc2,HAFTALIK(CUMA),Bin TL,last,TCMB,raw/TP_AB_N06_2022-01-01_2022-12-31_request.json,625d8762d5a89b3d247bc8df78a149f4e1d5ff01c63078a41ddead4be207cad7,raw/TP_AB_N06_2022-01-01_2022-12-31_response.json.gz,236300e68ce7c7093b337d7231059956654f203d287ca6f409743a5682265f0c,observed,within_series_coverage,False,False
TP.AB.N06,2022-07-15,2022-07-15,2022-07-15,15-07-2022,28,110969784.0,110969784.00000000,False,1657832400,net_international_reserves,"TCMB haftalik vaziyet tablosundaki net uluslararasi rezervleri (2A) izlemek; arsivlenmis TP.AB.*06 varyantlari yerine guncel, arsiv-disi seri secildi.",2A Net Uluslararası Rezervler (1+2+3),2A Net International Reserves (1+2+3),bie_abstc2,HAFTALIK(CUMA),Bin TL,last,TCMB,raw/TP_AB_N06_2022-01-01_2022-12-31_request.json,625d8762d5a89b3d247bc8df78a149f4e1d5ff01c63078a41ddead4be207cad7,raw/TP_AB_N06_2022-01-01_2022-12-31_response.json.gz,236300e68ce7c7093b337d7231059956654f203d287ca6f409743a5682265f0c,observed,within_series_coverage,False,False
TP.AB.N06,2022-07-22,2022-07-22,2022-07-22,22-07-2022,29,118105414.0,118105414.00000000,False,1658437200,net_international_reserves,"TCMB haftalik vaziyet tablosundaki net uluslararasi rezervleri (2A) izlemek; arsivlenmis TP.AB.*06 varyantlari yerine guncel, arsiv-disi seri secildi.",2A Net Uluslararası Rezervler (1+2+3),2A Net International Reserves (1+2+3),bie_abstc2,HAFTALIK(CUMA),Bin TL,last,TCMB,raw/TP_AB_N06_2022-01-01_2022-12-31_request.json,625d8762d5a89b3d247bc8df78a149f4e1d5ff01c63078a41ddead4be207cad7,raw/TP_AB_N06_2022-01-01_2022-12-31_response.json.gz,236300e68ce7c7093b337d7231059956654f203d287ca6f409743a5682265f0c,observed,within_series_coverage,False,False
TP.AB.N06,2022-07-29,2022-07-29,2022-07-29,29-07-2022,30,163261090.0,163261090.00000000,False,1659042000,net_international_reserves,"TCMB haftalik vaziyet tablosundaki net uluslararasi rezervleri (2A) izlemek; arsivlenmis TP.AB.*06 varyantlari yerine guncel, arsiv-disi seri secildi.",2A Net Uluslararası Rezervler (1+2+3),2A Net International Reserves (1+2+3),bie_abstc2,HAFTALIK(CUMA),Bin TL,last,TCMB,raw/TP_AB_N06_2022-01-01_2022-12-31_request.json,625d8762d5a89b3d247bc8df78a149f4e1d5ff01c63078a41ddead4be207cad7,raw/TP_AB_N06_2022-01-01_2022-12-31_response.json.gz,236300e68ce7c7093b337d7231059956654f203d287ca6f409743a5682265f0c,observed,within_series_coverage,False,False
TP.AB.N06,2022-08-05,2022-08-05,2022-08-05,05-08-2022,31,211824218.0,211824218.00000000,False,1659646800,net_international_reserves,"TCMB haftalik vaziyet tablosundaki net uluslararasi rezervleri (2A) izlemek; arsivlenmis TP.AB.*06 varyantlari yerine guncel, arsiv-disi seri secildi.",2A Net Uluslararası Rezervler (1+2+3),2A Net International Reserves (1+2+3),bie_abstc2,HAFTALIK(CUMA),Bin TL,last,TCMB,raw/TP_AB_N06_2022-01-01_2022-12-31_request.json,625d8762d5a89b3d247bc8df78a149f4e1d5ff01c63078a41ddead4be207cad7,raw/TP_AB_N06_2022-01-01_2022-12-31_response.json.gz,236300e68ce7c7093b337d7231059956654f203d287ca6f409743a5682265f0c,observed,within_series_coverage,False,False
TP.AB.N06,2022-08-12,2022-08-12,2022-08-12,12-08-2022,32,281261933.0,281261933.00000000,False,1660251600,net_international_reserves,"TCMB haftalik vaziyet tablosundaki net uluslararasi rezervleri (2A) izlemek; arsivlenmis TP.AB.*06 varyantlari yerine guncel, arsiv-disi seri secildi.",2A Net Uluslararası Rezervler (1+2+3),2A Net International Reserves (1+2+3),bie_abstc2,HAFTALIK(CUMA),Bin TL,last,TCMB,raw/TP_AB_N06_2022-01-01_2022-12-31_request.json,625d8762d5a89b3d247bc8df78a149f4e1d5ff01c63078a41ddead4be207cad7,raw/TP_AB_N06_2022-01-01_2022-12-31_response.json.gz,236300e68ce7c7093b337d7231059956654f203d287ca6f409743a5682265f0c,observed,within_series_coverage,False,False
TP.AB.N06,2022-08-19,2022-08-19,2022-08-19,19-08-2022,33,249441908.0,249441908.00000000,False,1660856400,net_international_reserves,"TCMB haftalik vaziyet tablosundaki net uluslararasi rezervleri (2A) izlemek; arsivlenmis TP.AB.*06 varyantlari yerine guncel, arsiv-disi seri secildi.",2A Net Uluslararası Rezervler (1+2+3),2A Net International Reserves (1+2+3),bie_abstc2,HAFTALIK(CUMA),Bin TL,last,TCMB,raw/TP_AB_N06_2022-01-01_2022-12-31_request.json,625d8762d5a89b3d247bc8df78a149f4e1d5ff01c63078a41ddead4be207cad7,raw/TP_AB_N06_2022-01-01_2022-12-31_response.json.gz,236300e68ce7c7093b337d7231059956654f203d287ca6f409743a5682265f0c,observed,within_series_coverage,False,False
TP.AB.N06,2022-08-26,2022-08-26,2022-08-26,26-08-2022,34,228982769.0,228982769.00000000,False,1661461200,net_international_reserves,"TCMB haftalik vaziyet tablosundaki net uluslararasi rezervleri (2A) izlemek; arsivlenmis TP.AB.*06 varyantlari yerine guncel, arsiv-disi seri secildi.",2A Net Uluslararası Rezervler (1+2+3),2A Net International Reserves (1+2+3),bie_abstc2,HAFTALIK(CUMA),Bin TL,last,TCMB,raw/TP_AB_N06_2022-01-01_2022-12-31_request.json,625d8762d5a89b3d247bc8df78a149f4e1d5ff01c63078a41ddead4be207cad7,raw/TP_AB_N06_2022-01-01_2022-12-31_response.json.gz,236300e68ce7c7093b337d7231059956654f203d287ca6f409743a5682265f0c,observed,within_series_coverage,False,False
TP.AB.N06,2022-09-02,2022-09-02,2022-09-02,02-09-2022,35,256039621.0,256039621.00000000,False,1662066000,net_international_reserves,"TCMB haftalik vaziyet tablosundaki net uluslararasi rezervleri (2A) izlemek; arsivlenmis TP.AB.*06 varyantlari yerine guncel, arsiv-disi seri secildi.",2A Net Uluslararası Rezervler (1+2+3),2A Net International Reserves (1+2+3),bie_abstc2,HAFTALIK(CUMA),Bin TL,last,TCMB,raw/TP_AB_N06_2022-01-01_2022-12-31_request.json,625d8762d5a89b3d247bc8df78a149f4e1d5ff01c63078a41ddead4be207cad7,raw/TP_AB_N06_2022-01-01_2022-12-31_response.json.gz,236300e68ce7c7093b337d7231059956654f203d287ca6f409743a5682265f0c,observed,within_series_coverage,False,False
TP.AB.N06,2022-09-09,2022-09-09,2022-09-09,09-09-2022,36,256621401.0,256621401.00000000,False,1662670800,net_international_reserves,"TCMB haftalik vaziyet tablosundaki net uluslararasi rezervleri (2A) izlemek; arsivlenmis TP.AB.*06 varyantlari yerine guncel, arsiv-disi seri secildi.",2A Net Uluslararası Rezervler (1+2+3),2A Net International Reserves (1+2+3),bie_abstc2,HAFTALIK(CUMA),Bin TL,last,TCMB,raw/TP_AB_N06_2022-01-01_2022-12-31_request.json,625d8762d5a89b3d247bc8df78a149f4e1d5ff01c63078a41ddead4be207cad7,raw/TP_AB_N06_2022-01-01_2022-12-31_response.json.gz,236300e68ce7c7093b337d7231059956654f203d287ca6f409743a5682265f0c,observed,within_series_coverage,False,False
TP.AB.N06,2022-09-16,2022-09-16,2022-09-16,16-09-2022,37,220556539.0,220556539.00000000,False,1663275600,net_international_reserves,"TCMB haftalik vaziyet tablosundaki net uluslararasi rezervleri (2A) izlemek; arsivlenmis TP.AB.*06 varyantlari yerine guncel, arsiv-disi seri secildi.",2A Net Uluslararası Rezervler (1+2+3),2A Net International Reserves (1+2+3),bie_abstc2,HAFTALIK(CUMA),Bin TL,last,TCMB,raw/TP_AB_N06_2022-01-01_2022-12-31_request.json,625d8762d5a89b3d247bc8df78a149f4e1d5ff01c63078a41ddead4be207cad7,raw/TP_AB_N06_2022-01-01_2022-12-31_response.json.gz,236300e68ce7c7093b337d7231059956654f203d287ca6f409743a5682265f0c,observed,within_series_coverage,False,False
TP.AB.N06,2022-09-23,2022-09-23,2022-09-23,23-09-2022,38,177302733.0,177302733.00000000,False,1663880400,net_international_reserves,"TCMB haftalik vaziyet tablosundaki net uluslararasi rezervleri (2A) izlemek; arsivlenmis TP.AB.*06 varyantlari yerine guncel, arsiv-disi seri secildi.",2A Net Uluslararası Rezervler (1+2+3),2A Net International Reserves (1+2+3),bie_abstc2,HAFTALIK(CUMA),Bin TL,last,TCMB,raw/TP_AB_N06_2022-01-01_2022-12-31_request.json,625d8762d5a89b3d247bc8df78a149f4e1d5ff01c63078a41ddead4be207cad7,raw/TP_AB_N06_2022-01-01_2022-12-31_response.json.gz,236300e68ce7c7093b337d7231059956654f203d287ca6f409743a5682265f0c,observed,within_series_coverage,False,False
TP.AB.N06,2022-09-30,2022-09-30,2022-09-30,30-09-2022,39,179900087.0,179900087.00000000,False,1664485200,net_international_reserves,"TCMB haftalik vaziyet tablosundaki net uluslararasi rezervleri (2A) izlemek; arsivlenmis TP.AB.*06 varyantlari yerine guncel, arsiv-disi seri secildi.",2A Net Uluslararası Rezervler (1+2+3),2A Net International Reserves (1+2+3),bie_abstc2,HAFTALIK(CUMA),Bin TL,last,TCMB,raw/TP_AB_N06_2022-01-01_2022-12-31_request.json,625d8762d5a89b3d247bc8df78a149f4e1d5ff01c63078a41ddead4be207cad7,raw/TP_AB_N06_2022-01-01_2022-12-31_response.json.gz,236300e68ce7c7093b337d7231059956654f203d287ca6f409743a5682265f0c,observed,within_series_coverage,False,False
TP.AB.N06,2022-10-07,2022-10-07,2022-10-07,07-10-2022,40,230886163.0,230886163.00000000,False,1665090000,net_international_reserves,"TCMB haftalik vaziyet tablosundaki net uluslararasi rezervleri (2A) izlemek; arsivlenmis TP.AB.*06 varyantlari yerine guncel, arsiv-disi seri secildi.",2A Net Uluslararası Rezervler (1+2+3),2A Net International Reserves (1+2+3),bie_abstc2,HAFTALIK(CUMA),Bin TL,last,TCMB,raw/TP_AB_N06_2022-01-01_2022-12-31_request.json,625d8762d5a89b3d247bc8df78a149f4e1d5ff01c63078a41ddead4be207cad7,raw/TP_AB_N06_2022-01-01_2022-12-31_response.json.gz,236300e68ce7c7093b337d7231059956654f203d287ca6f409743a5682265f0c,observed,within_series_coverage,False,False
TP.AB.N06,2022-10-14,2022-10-14,2022-10-14,14-10-2022,41,261478205.0,261478205.00000000,False,1665694800,net_international_reserves,"TCMB haftalik vaziyet tablosundaki net uluslararasi rezervleri (2A) izlemek; arsivlenmis TP.AB.*06 varyantlari yerine guncel, arsiv-disi seri secildi.",2A Net Uluslararası Rezervler (1+2+3),2A Net International Reserves (1+2+3),bie_abstc2,HAFTALIK(CUMA),Bin TL,last,TCMB,raw/TP_AB_N06_2022-01-01_2022-12-31_request.json,625d8762d5a89b3d247bc8df78a149f4e1d5ff01c63078a41ddead4be207cad7,raw/TP_AB_N06_2022-01-01_2022-12-31_response.json.gz,236300e68ce7c7093b337d7231059956654f203d287ca6f409743a5682265f0c,observed,within_series_coverage,False,False
TP.AB.N06,2022-10-21,2022-10-21,2022-10-21,21-10-2022,42,214663172.0,214663172.00000000,False,1666299600,net_international_reserves,"TCMB haftalik vaziyet tablosundaki net uluslararasi rezervleri (2A) izlemek; arsivlenmis TP.AB.*06 varyantlari yerine guncel, arsiv-disi seri secildi.",2A Net Uluslararası Rezervler (1+2+3),2A Net International Reserves (1+2+3),bie_abstc2,HAFTALIK(CUMA),Bin TL,last,TCMB,raw/TP_AB_N06_2022-01-01_2022-12-31_request.json,625d8762d5a89b3d247bc8df78a149f4e1d5ff01c63078a41ddead4be207cad7,raw/TP_AB_N06_2022-01-01_2022-12-31_response.json.gz,236300e68ce7c7093b337d7231059956654f203d287ca6f409743a5682265f0c,observed,within_series_coverage,False,False
TP.AB.N06,2022-10-28,2022-10-28,2022-10-28,28-10-2022,43,249925107.0,249925107.00000000,False,1666904400,net_international_reserves,"TCMB haftalik vaziyet tablosundaki net uluslararasi rezervleri (2A) izlemek; arsivlenmis TP.AB.*06 varyantlari yerine guncel, arsiv-disi seri secildi.",2A Net Uluslararası Rezervler (1+2+3),2A Net International Reserves (1+2+3),bie_abstc2,HAFTALIK(CUMA),Bin TL,last,TCMB,raw/TP_AB_N06_2022-01-01_2022-12-31_request.json,625d8762d5a89b3d247bc8df78a149f4e1d5ff01c63078a41ddead4be207cad7,raw/TP_AB_N06_2022-01-01_2022-12-31_response.json.gz,236300e68ce7c7093b337d7231059956654f203d287ca6f409743a5682265f0c,observed,within_series_coverage,False,False
TP.AB.N06,2022-11-04,2022-11-04,2022-11-04,04-11-2022,44,270255331.0,270255331.00000000,False,1667509200,net_international_reserves,"TCMB haftalik vaziyet tablosundaki net uluslararasi rezervleri (2A) izlemek; arsivlenmis TP.AB.*06 varyantlari yerine guncel, arsiv-disi seri secildi.",2A Net Uluslararası Rezervler (1+2+3),2A Net International Reserves (1+2+3),bie_abstc2,HAFTALIK(CUMA),Bin TL,last,TCMB,raw/TP_AB_N06_2022-01-01_2022-12-31_request.json,625d8762d5a89b3d247bc8df78a149f4e1d5ff01c63078a41ddead4be207cad7,raw/TP_AB_N06_2022-01-01_2022-12-31_response.json.gz,236300e68ce7c7093b337d7231059956654f203d287ca6f409743a5682265f0c,observed,within_series_coverage,False,False
TP.AB.N06,2022-11-11,2022-11-11,2022-11-11,11-11-2022,45,338707322.0,338707322.00000000,False,1668114000,net_international_reserves,"TCMB haftalik vaziyet tablosundaki net uluslararasi rezervleri (2A) izlemek; arsivlenmis TP.AB.*06 varyantlari yerine guncel, arsiv-disi seri secildi.",2A Net Uluslararası Rezervler (1+2+3),2A Net International Reserves (1+2+3),bie_abstc2,HAFTALIK(CUMA),Bin TL,last,TCMB,raw/TP_AB_N06_2022-01-01_2022-12-31_request.json,625d8762d5a89b3d247bc8df78a149f4e1d5ff01c63078a41ddead4be207cad7,raw/TP_AB_N06_2022-01-01_2022-12-31_response.json.gz,236300e68ce7c7093b337d7231059956654f203d287ca6f409743a5682265f0c,observed,within_series_coverage,False,False
TP.AB.N06,2022-11-18,2022-11-18,2022-11-18,18-11-2022,46,348590049.0,348590049.00000000,False,1668718800,net_international_reserves,"TCMB haftalik vaziyet tablosundaki net uluslararasi rezervleri (2A) izlemek; arsivlenmis TP.AB.*06 varyantlari yerine guncel, arsiv-disi seri secildi.",2A Net Uluslararası Rezervler (1+2+3),2A Net International Reserves (1+2+3),bie_abstc2,HAFTALIK(CUMA),Bin TL,last,TCMB,raw/TP_AB_N06_2022-01-01_2022-12-31_request.json,625d8762d5a89b3d247bc8df78a149f4e1d5ff01c63078a41ddead4be207cad7,raw/TP_AB_N06_2022-01-01_2022-12-31_response.json.gz,236300e68ce7c7093b337d7231059956654f203d287ca6f409743a5682265f0c,observed,within_series_coverage,False,False
TP.AB.N06,2022-11-25,2022-11-25,2022-11-25,25-11-2022,47,362915053.0,362915053.00000000,False,1669323600,net_international_reserves,"TCMB haftalik vaziyet tablosundaki net uluslararasi rezervleri (2A) izlemek; arsivlenmis TP.AB.*06 varyantlari yerine guncel, arsiv-disi seri secildi.",2A Net Uluslararası Rezervler (1+2+3),2A Net International Reserves (1+2+3),bie_abstc2,HAFTALIK(CUMA),Bin TL,last,TCMB,raw/TP_AB_N06_2022-01-01_2022-12-31_request.json,625d8762d5a89b3d247bc8df78a149f4e1d5ff01c63078a41ddead4be207cad7,raw/TP_AB_N06_2022-01-01_2022-12-31_response.json.gz,236300e68ce7c7093b337d7231059956654f203d287ca6f409743a5682265f0c,observed,within_series_coverage,False,False
TP.AB.N06,2022-12-02,2022-12-02,2022-12-02,02-12-2022,48,430272695.0,430272695.00000000,False,1669928400,net_international_reserves,"TCMB haftalik vaziyet tablosundaki net uluslararasi rezervleri (2A) izlemek; arsivlenmis TP.AB.*06 varyantlari yerine guncel, arsiv-disi seri secildi.",2A Net Uluslararası Rezervler (1+2+3),2A Net International Reserves (1+2+3),bie_abstc2,HAFTALIK(CUMA),Bin TL,last,TCMB,raw/TP_AB_N06_2022-01-01_2022-12-31_request.json,625d8762d5a89b3d247bc8df78a149f4e1d5ff01c63078a41ddead4be207cad7,raw/TP_AB_N06_2022-01-01_2022-12-31_response.json.gz,236300e68ce7c7093b337d7231059956654f203d287ca6f409743a5682265f0c,observed,within_series_coverage,False,False
TP.AB.N06,2022-12-09,2022-12-09,2022-12-09,09-12-2022,49,498205852.0,498205852.00000000,False,1670533200,net_international_reserves,"TCMB haftalik vaziyet tablosundaki net uluslararasi rezervleri (2A) izlemek; arsivlenmis TP.AB.*06 varyantlari yerine guncel, arsiv-disi seri secildi.",2A Net Uluslararası Rezervler (1+2+3),2A Net International Reserves (1+2+3),bie_abstc2,HAFTALIK(CUMA),Bin TL,last,TCMB,raw/TP_AB_N06_2022-01-01_2022-12-31_request.json,625d8762d5a89b3d247bc8df78a149f4e1d5ff01c63078a41ddead4be207cad7,raw/TP_AB_N06_2022-01-01_2022-12-31_response.json.gz,236300e68ce7c7093b337d7231059956654f203d287ca6f409743a5682265f0c,observed,within_series_coverage,False,False
TP.AB.N06,2022-12-16,2022-12-16,2022-12-16,16-12-2022,50,523936576.0,523936576.00000000,False,1671138000,net_international_reserves,"TCMB haftalik vaziyet tablosundaki net uluslararasi rezervleri (2A) izlemek; arsivlenmis TP.AB.*06 varyantlari yerine guncel, arsiv-disi seri secildi.",2A Net Uluslararası Rezervler (1+2+3),2A Net International Reserves (1+2+3),bie_abstc2,HAFTALIK(CUMA),Bin TL,last,TCMB,raw/TP_AB_N06_2022-01-01_2022-12-31_request.json,625d8762d5a89b3d247bc8df78a149f4e1d5ff01c63078a41ddead4be207cad7,raw/TP_AB_N06_2022-01-01_2022-12-31_response.json.gz,236300e68ce7c7093b337d7231059956654f203d287ca6f409743a5682265f0c,observed,within_series_coverage,False,False
TP.AB.N06,2022-12-23,2022-12-23,2022-12-23,23-12-2022,51,497410081.0,497410081.00000000,False,1671742800,net_international_reserves,"TCMB haftalik vaziyet tablosundaki net uluslararasi rezervleri (2A) izlemek; arsivlenmis TP.AB.*06 varyantlari yerine guncel, arsiv-disi seri secildi.",2A Net Uluslararası Rezervler (1+2+3),2A Net International Reserves (1+2+3),bie_abstc2,HAFTALIK(CUMA),Bin TL,last,TCMB,raw/TP_AB_N06_2022-01-01_2022-12-31_request.json,625d8762d5a89b3d247bc8df78a149f4e1d5ff01c63078a41ddead4be207cad7,raw/TP_AB_N06_2022-01-01_2022-12-31_response.json.gz,236300e68ce7c7093b337d7231059956654f203d287ca6f409743a5682265f0c,observed,within_series_coverage,False,False
TP.AB.N06,2022-12-30,2022-12-30,2022-12-30,30-12-2022,52,514984319.0,514984319.00000000,False,1672347600,net_international_reserves,"TCMB haftalik vaziyet tablosundaki net uluslararasi rezervleri (2A) izlemek; arsivlenmis TP.AB.*06 varyantlari yerine guncel, arsiv-disi seri secildi.",2A Net Uluslararası Rezervler (1+2+3),2A Net International Reserves (1+2+3),bie_abstc2,HAFTALIK(CUMA),Bin TL,last,TCMB,raw/TP_AB_N06_2022-01-01_2022-12-31_request.json,625d8762d5a89b3d247bc8df78a149f4e1d5ff01c63078a41ddead4be207cad7,raw/TP_AB_N06_2022-01-01_2022-12-31_response.json.gz,236300e68ce7c7093b337d7231059956654f203d287ca6f409743a5682265f0c,observed,within_series_coverage,False,False
TP.AB.N06,2023-01-06,2023-01-06,2023-01-06,06-01-2023,1,455489463.0,455489463.00000000,False,1672952400,net_international_reserves,"TCMB haftalik vaziyet tablosundaki net uluslararasi rezervleri (2A) izlemek; arsivlenmis TP.AB.*06 varyantlari yerine guncel, arsiv-disi seri secildi.",2A Net Uluslararası Rezervler (1+2+3),2A Net International Reserves (1+2+3),bie_abstc2,HAFTALIK(CUMA),Bin TL,last,TCMB,raw/TP_AB_N06_2023-01-01_2023-12-31_request.json,263e8bab35fa0b526be52d90f427297e397f95def62338c4dc012f12e65d7902,raw/TP_AB_N06_2023-01-01_2023-12-31_response.json.gz,98c3b953bb091a0fa8c1ac0ead7aaaf629e14477652ef79c03e5e70de40bddee,observed,within_series_coverage,False,False
TP.AB.N06,2023-01-13,2023-01-13,2023-01-13,13-01-2023,2,466889616.0,466889616.00000000,False,1673557200,net_international_reserves,"TCMB haftalik vaziyet tablosundaki net uluslararasi rezervleri (2A) izlemek; arsivlenmis TP.AB.*06 varyantlari yerine guncel, arsiv-disi seri secildi.",2A Net Uluslararası Rezervler (1+2+3),2A Net International Reserves (1+2+3),bie_abstc2,HAFTALIK(CUMA),Bin TL,last,TCMB,raw/TP_AB_N06_2023-01-01_2023-12-31_request.json,263e8bab35fa0b526be52d90f427297e397f95def62338c4dc012f12e65d7902,raw/TP_AB_N06_2023-01-01_2023-12-31_response.json.gz,98c3b953bb091a0fa8c1ac0ead7aaaf629e14477652ef79c03e5e70de40bddee,observed,within_series_coverage,False,False
TP.AB.N06,2023-01-20,2023-01-20,2023-01-20,20-01-2023,3,501578843.0,501578843.00000000,False,1674162000,net_international_reserves,"TCMB haftalik vaziyet tablosundaki net uluslararasi rezervleri (2A) izlemek; arsivlenmis TP.AB.*06 varyantlari yerine guncel, arsiv-disi seri secildi.",2A Net Uluslararası Rezervler (1+2+3),2A Net International Reserves (1+2+3),bie_abstc2,HAFTALIK(CUMA),Bin TL,last,TCMB,raw/TP_AB_N06_2023-01-01_2023-12-31_request.json,263e8bab35fa0b526be52d90f427297e397f95def62338c4dc012f12e65d7902,raw/TP_AB_N06_2023-01-01_2023-12-31_response.json.gz,98c3b953bb091a0fa8c1ac0ead7aaaf629e14477652ef79c03e5e70de40bddee,observed,within_series_coverage,False,False
TP.AB.N06,2023-01-27,2023-01-27,2023-01-27,27-01-2023,4,484844233.0,484844233.00000000,False,1674766800,net_international_reserves,"TCMB haftalik vaziyet tablosundaki net uluslararasi rezervleri (2A) izlemek; arsivlenmis TP.AB.*06 varyantlari yerine guncel, arsiv-disi seri secildi.",2A Net Uluslararası Rezervler (1+2+3),2A Net International Reserves (1+2+3),bie_abstc2,HAFTALIK(CUMA),Bin TL,last,TCMB,raw/TP_AB_N06_2023-01-01_2023-12-31_request.json,263e8bab35fa0b526be52d90f427297e397f95def62338c4dc012f12e65d7902,raw/TP_AB_N06_2023-01-01_2023-12-31_response.json.gz,98c3b953bb091a0fa8c1ac0ead7aaaf629e14477652ef79c03e5e70de40bddee,observed,within_series_coverage,False,False
TP.AB.N06,2023-02-03,2023-02-03,2023-02-03,03-02-2023,5,509093998.0,509093998.00000000,False,1675371600,net_international_reserves,"TCMB haftalik vaziyet tablosundaki net uluslararasi rezervleri (2A) izlemek; arsivlenmis TP.AB.*06 varyantlari yerine guncel, arsiv-disi seri secildi.",2A Net Uluslararası Rezervler (1+2+3),2A Net International Reserves (1+2+3),bie_abstc2,HAFTALIK(CUMA),Bin TL,last,TCMB,raw/TP_AB_N06_2023-01-01_2023-12-31_request.json,263e8bab35fa0b526be52d90f427297e397f95def62338c4dc012f12e65d7902,raw/TP_AB_N06_2023-01-01_2023-12-31_response.json.gz,98c3b953bb091a0fa8c1ac0ead7aaaf629e14477652ef79c03e5e70de40bddee,observed,within_series_coverage,False,False
TP.AB.N06,2023-02-10,2023-02-10,2023-02-10,10-02-2023,6,459697691.0,459697691.00000000,False,1675976400,net_international_reserves,"TCMB haftalik vaziyet tablosundaki net uluslararasi rezervleri (2A) izlemek; arsivlenmis TP.AB.*06 varyantlari yerine guncel, arsiv-disi seri secildi.",2A Net Uluslararası Rezervler (1+2+3),2A Net International Reserves (1+2+3),bie_abstc2,HAFTALIK(CUMA),Bin TL,last,TCMB,raw/TP_AB_N06_2023-01-01_2023-12-31_request.json,263e8bab35fa0b526be52d90f427297e397f95def62338c4dc012f12e65d7902,raw/TP_AB_N06_2023-01-01_2023-12-31_response.json.gz,98c3b953bb091a0fa8c1ac0ead7aaaf629e14477652ef79c03e5e70de40bddee,observed,within_series_coverage,False,False
TP.AB.N06,2023-02-17,2023-02-17,2023-02-17,17-02-2023,7,402962120.0,402962120.00000000,False,1676581200,net_international_reserves,"TCMB haftalik vaziyet tablosundaki net uluslararasi rezervleri (2A) izlemek; arsivlenmis TP.AB.*06 varyantlari yerine guncel, arsiv-disi seri secildi.",2A Net Uluslararası Rezervler (1+2+3),2A Net International Reserves (1+2+3),bie_abstc2,HAFTALIK(CUMA),Bin TL,last,TCMB,raw/TP_AB_N06_2023-01-01_2023-12-31_request.json,263e8bab35fa0b526be52d90f427297e397f95def62338c4dc012f12e65d7902,raw/TP_AB_N06_2023-01-01_2023-12-31_response.json.gz,98c3b953bb091a0fa8c1ac0ead7aaaf629e14477652ef79c03e5e70de40bddee,observed,within_series_coverage,False,False
TP.AB.N06,2023-02-24,2023-02-24,2023-02-24,24-02-2023,8,380789546.0,380789546.00000000,False,1677186000,net_international_reserves,"TCMB haftalik vaziyet tablosundaki net uluslararasi rezervleri (2A) izlemek; arsivlenmis TP.AB.*06 varyantlari yerine guncel, arsiv-disi seri secildi.",2A Net Uluslararası Rezervler (1+2+3),2A Net International Reserves (1+2+3),bie_abstc2,HAFTALIK(CUMA),Bin TL,last,TCMB,raw/TP_AB_N06_2023-01-01_2023-12-31_request.json,263e8bab35fa0b526be52d90f427297e397f95def62338c4dc012f12e65d7902,raw/TP_AB_N06_2023-01-01_2023-12-31_response.json.gz,98c3b953bb091a0fa8c1ac0ead7aaaf629e14477652ef79c03e5e70de40bddee,observed,within_series_coverage,False,False
TP.AB.N06,2023-03-03,2023-03-03,2023-03-03,03-03-2023,9,390262226.0,390262226.00000000,False,1677790800,net_international_reserves,"TCMB haftalik vaziyet tablosundaki net uluslararasi rezervleri (2A) izlemek; arsivlenmis TP.AB.*06 varyantlari yerine guncel, arsiv-disi seri secildi.",2A Net Uluslararası Rezervler (1+2+3),2A Net International Reserves (1+2+3),bie_abstc2,HAFTALIK(CUMA),Bin TL,last,TCMB,raw/TP_AB_N06_2023-01-01_2023-12-31_request.json,263e8bab35fa0b526be52d90f427297e397f95def62338c4dc012f12e65d7902,raw/TP_AB_N06_2023-01-01_2023-12-31_response.json.gz,98c3b953bb091a0fa8c1ac0ead7aaaf629e14477652ef79c03e5e70de40bddee,observed,within_series_coverage,False,False
TP.AB.N06,2023-03-10,2023-03-10,2023-03-10,10-03-2023,10,353057192.0,353057192.00000000,False,1678395600,net_international_reserves,"TCMB haftalik vaziyet tablosundaki net uluslararasi rezervleri (2A) izlemek; arsivlenmis TP.AB.*06 varyantlari yerine guncel, arsiv-disi seri secildi.",2A Net Uluslararası Rezervler (1+2+3),2A Net International Reserves (1+2+3),bie_abstc2,HAFTALIK(CUMA),Bin TL,last,TCMB,raw/TP_AB_N06_2023-01-01_2023-12-31_request.json,263e8bab35fa0b526be52d90f427297e397f95def62338c4dc012f12e65d7902,raw/TP_AB_N06_2023-01-01_2023-12-31_response.json.gz,98c3b953bb091a0fa8c1ac0ead7aaaf629e14477652ef79c03e5e70de40bddee,observed,within_series_coverage,False,False
TP.AB.N06,2023-03-17,2023-03-17,2023-03-17,17-03-2023,11,379267225.0,379267225.00000000,False,1679000400,net_international_reserves,"TCMB haftalik vaziyet tablosundaki net uluslararasi rezervleri (2A) izlemek; arsivlenmis TP.AB.*06 varyantlari yerine guncel, arsiv-disi seri secildi.",2A Net Uluslararası Rezervler (1+2+3),2A Net International Reserves (1+2+3),bie_abstc2,HAFTALIK(CUMA),Bin TL,last,TCMB,raw/TP_AB_N06_2023-01-01_2023-12-31_request.json,263e8bab35fa0b526be52d90f427297e397f95def62338c4dc012f12e65d7902,raw/TP_AB_N06_2023-01-01_2023-12-31_response.json.gz,98c3b953bb091a0fa8c1ac0ead7aaaf629e14477652ef79c03e5e70de40bddee,observed,within_series_coverage,False,False
TP.AB.N06,2023-03-24,2023-03-24,2023-03-24,24-03-2023,12,360025144.0,360025144.00000000,False,1679605200,net_international_reserves,"TCMB haftalik vaziyet tablosundaki net uluslararasi rezervleri (2A) izlemek; arsivlenmis TP.AB.*06 varyantlari yerine guncel, arsiv-disi seri secildi.",2A Net Uluslararası Rezervler (1+2+3),2A Net International Reserves (1+2+3),bie_abstc2,HAFTALIK(CUMA),Bin TL,last,TCMB,raw/TP_AB_N06_2023-01-01_2023-12-31_request.json,263e8bab35fa0b526be52d90f427297e397f95def62338c4dc012f12e65d7902,raw/TP_AB_N06_2023-01-01_2023-12-31_response.json.gz,98c3b953bb091a0fa8c1ac0ead7aaaf629e14477652ef79c03e5e70de40bddee,observed,within_series_coverage,False,False
TP.AB.N06,2023-03-31,2023-03-31,2023-03-31,31-03-2023,13,353625802.0,353625802.00000000,False,1680210000,net_international_reserves,"TCMB haftalik vaziyet tablosundaki net uluslararasi rezervleri (2A) izlemek; arsivlenmis TP.AB.*06 varyantlari yerine guncel, arsiv-disi seri secildi.",2A Net Uluslararası Rezervler (1+2+3),2A Net International Reserves (1+2+3),bie_abstc2,HAFTALIK(CUMA),Bin TL,last,TCMB,raw/TP_AB_N06_2023-01-01_2023-12-31_request.json,263e8bab35fa0b526be52d90f427297e397f95def62338c4dc012f12e65d7902,raw/TP_AB_N06_2023-01-01_2023-12-31_response.json.gz,98c3b953bb091a0fa8c1ac0ead7aaaf629e14477652ef79c03e5e70de40bddee,observed,within_series_coverage,False,False
TP.AB.N06,2023-04-07,2023-04-07,2023-04-07,07-04-2023,14,264885281.0,264885281.00000000,False,1680814800,net_international_reserves,"TCMB haftalik vaziyet tablosundaki net uluslararasi rezervleri (2A) izlemek; arsivlenmis TP.AB.*06 varyantlari yerine guncel, arsiv-disi seri secildi.",2A Net Uluslararası Rezervler (1+2+3),2A Net International Reserves (1+2+3),bie_abstc2,HAFTALIK(CUMA),Bin TL,last,TCMB,raw/TP_AB_N06_2023-01-01_2023-12-31_request.json,263e8bab35fa0b526be52d90f427297e397f95def62338c4dc012f12e65d7902,raw/TP_AB_N06_2023-01-01_2023-12-31_response.json.gz,98c3b953bb091a0fa8c1ac0ead7aaaf629e14477652ef79c03e5e70de40bddee,observed,within_series_coverage,False,False
TP.AB.N06,2023-04-14,2023-04-14,2023-04-14,14-04-2023,15,232594186.0,232594186.00000000,False,1681419600,net_international_reserves,"TCMB haftalik vaziyet tablosundaki net uluslararasi rezervleri (2A) izlemek; arsivlenmis TP.AB.*06 varyantlari yerine guncel, arsiv-disi seri secildi.",2A Net Uluslararası Rezervler (1+2+3),2A Net International Reserves (1+2+3),bie_abstc2,HAFTALIK(CUMA),Bin TL,last,TCMB,raw/TP_AB_N06_2023-01-01_2023-12-31_request.json,263e8bab35fa0b526be52d90f427297e397f95def62338c4dc012f12e65d7902,raw/TP_AB_N06_2023-01-01_2023-12-31_response.json.gz,98c3b953bb091a0fa8c1ac0ead7aaaf629e14477652ef79c03e5e70de40bddee,observed,within_series_coverage,False,False
TP.AB.N06,2023-04-21,2023-04-21,2023-04-21,21-04-2023,16,160741918.0,160741918.00000000,False,1682024400,net_international_reserves,"TCMB haftalik vaziyet tablosundaki net uluslararasi rezervleri (2A) izlemek; arsivlenmis TP.AB.*06 varyantlari yerine guncel, arsiv-disi seri secildi.",2A Net Uluslararası Rezervler (1+2+3),2A Net International Reserves (1+2+3),bie_abstc2,HAFTALIK(CUMA),Bin TL,last,TCMB,raw/TP_AB_N06_2023-01-01_2023-12-31_request.json,263e8bab35fa0b526be52d90f427297e397f95def62338c4dc012f12e65d7902,raw/TP_AB_N06_2023-01-01_2023-12-31_response.json.gz,98c3b953bb091a0fa8c1ac0ead7aaaf629e14477652ef79c03e5e70de40bddee,observed,within_series_coverage,False,False
TP.AB.N06,2023-04-28,2023-04-28,2023-04-28,28-04-2023,17,123478169.0,123478169.00000000,False,1682629200,net_international_reserves,"TCMB haftalik vaziyet tablosundaki net uluslararasi rezervleri (2A) izlemek; arsivlenmis TP.AB.*06 varyantlari yerine guncel, arsiv-disi seri secildi.",2A Net Uluslararası Rezervler (1+2+3),2A Net International Reserves (1+2+3),bie_abstc2,HAFTALIK(CUMA),Bin TL,last,TCMB,raw/TP_AB_N06_2023-01-01_2023-12-31_request.json,263e8bab35fa0b526be52d90f427297e397f95def62338c4dc012f12e65d7902,raw/TP_AB_N06_2023-01-01_2023-12-31_response.json.gz,98c3b953bb091a0fa8c1ac0ead7aaaf629e14477652ef79c03e5e70de40bddee,observed,within_series_coverage,False,False
TP.AB.N06,2023-05-05,2023-05-05,2023-05-05,05-05-2023,18,131981696.0,131981696.00000000,False,1683234000,net_international_reserves,"TCMB haftalik vaziyet tablosundaki net uluslararasi rezervleri (2A) izlemek; arsivlenmis TP.AB.*06 varyantlari yerine guncel, arsiv-disi seri secildi.",2A Net Uluslararası Rezervler (1+2+3),2A Net International Reserves (1+2+3),bie_abstc2,HAFTALIK(CUMA),Bin TL,last,TCMB,raw/TP_AB_N06_2023-01-01_2023-12-31_request.json,263e8bab35fa0b526be52d90f427297e397f95def62338c4dc012f12e65d7902,raw/TP_AB_N06_2023-01-01_2023-12-31_response.json.gz,98c3b953bb091a0fa8c1ac0ead7aaaf629e14477652ef79c03e5e70de40bddee,observed,within_series_coverage,False,False
TP.AB.N06,2023-05-12,2023-05-12,2023-05-12,12-05-2023,19,45455385.0,45455385.00000000,False,1683838800,net_international_reserves,"TCMB haftalik vaziyet tablosundaki net uluslararasi rezervleri (2A) izlemek; arsivlenmis TP.AB.*06 varyantlari yerine guncel, arsiv-disi seri secildi.",2A Net Uluslararası Rezervler (1+2+3),2A Net International Reserves (1+2+3),bie_abstc2,HAFTALIK(CUMA),Bin TL,last,TCMB,raw/TP_AB_N06_2023-01-01_2023-12-31_request.json,263e8bab35fa0b526be52d90f427297e397f95def62338c4dc012f12e65d7902,raw/TP_AB_N06_2023-01-01_2023-12-31_response.json.gz,98c3b953bb091a0fa8c1ac0ead7aaaf629e14477652ef79c03e5e70de40bddee,observed,within_series_coverage,False,False
TP.AB.N06,2023-05-19,2023-05-19,2023-05-19,19-05-2023,20,-2989226.0,-2989226.00000000,False,1684443600,net_international_reserves,"TCMB haftalik vaziyet tablosundaki net uluslararasi rezervleri (2A) izlemek; arsivlenmis TP.AB.*06 varyantlari yerine guncel, arsiv-disi seri secildi.",2A Net Uluslararası Rezervler (1+2+3),2A Net International Reserves (1+2+3),bie_abstc2,HAFTALIK(CUMA),Bin TL,last,TCMB,raw/TP_AB_N06_2023-01-01_2023-12-31_request.json,263e8bab35fa0b526be52d90f427297e397f95def62338c4dc012f12e65d7902,raw/TP_AB_N06_2023-01-01_2023-12-31_response.json.gz,98c3b953bb091a0fa8c1ac0ead7aaaf629e14477652ef79c03e5e70de40bddee,observed,within_series_coverage,False,False
TP.AB.N06,2023-05-26,2023-05-26,2023-05-26,26-05-2023,21,-87663328.0,-87663328.00000000,False,1685048400,net_international_reserves,"TCMB haftalik vaziyet tablosundaki net uluslararasi rezervleri (2A) izlemek; arsivlenmis TP.AB.*06 varyantlari yerine guncel, arsiv-disi seri secildi.",2A Net Uluslararası Rezervler (1+2+3),2A Net International Reserves (1+2+3),bie_abstc2,HAFTALIK(CUMA),Bin TL,last,TCMB,raw/TP_AB_N06_2023-01-01_2023-12-31_request.json,263e8bab35fa0b526be52d90f427297e397f95def62338c4dc012f12e65d7902,raw/TP_AB_N06_2023-01-01_2023-12-31_response.json.gz,98c3b953bb091a0fa8c1ac0ead7aaaf629e14477652ef79c03e5e70de40bddee,observed,within_series_coverage,False,False
TP.AB.N06,2023-06-02,2023-06-02,2023-06-02,02-06-2023,22,-118235902.0,-118235902.00000000,False,1685653200,net_international_reserves,"TCMB haftalik vaziyet tablosundaki net uluslararasi rezervleri (2A) izlemek; arsivlenmis TP.AB.*06 varyantlari yerine guncel, arsiv-disi seri secildi.",2A Net Uluslararası Rezervler (1+2+3),2A Net International Reserves (1+2+3),bie_abstc2,HAFTALIK(CUMA),Bin TL,last,TCMB,raw/TP_AB_N06_2023-01-01_2023-12-31_request.json,263e8bab35fa0b526be52d90f427297e397f95def62338c4dc012f12e65d7902,raw/TP_AB_N06_2023-01-01_2023-12-31_response.json.gz,98c3b953bb091a0fa8c1ac0ead7aaaf629e14477652ef79c03e5e70de40bddee,observed,within_series_coverage,False,False
TP.AB.N06,2023-06-09,2023-06-09,2023-06-09,09-06-2023,23,-73944684.0,-73944684.00000000,False,1686258000,net_international_reserves,"TCMB haftalik vaziyet tablosundaki net uluslararasi rezervleri (2A) izlemek; arsivlenmis TP.AB.*06 varyantlari yerine guncel, arsiv-disi seri secildi.",2A Net Uluslararası Rezervler (1+2+3),2A Net International Reserves (1+2+3),bie_abstc2,HAFTALIK(CUMA),Bin TL,last,TCMB,raw/TP_AB_N06_2023-01-01_2023-12-31_request.json,263e8bab35fa0b526be52d90f427297e397f95def62338c4dc012f12e65d7902,raw/TP_AB_N06_2023-01-01_2023-12-31_response.json.gz,98c3b953bb091a0fa8c1ac0ead7aaaf629e14477652ef79c03e5e70de40bddee,observed,within_series_coverage,False,False
TP.AB.N06,2023-06-16,2023-06-16,2023-06-16,16-06-2023,24,11184097.0,11184097.00000000,False,1686862800,net_international_reserves,"TCMB haftalik vaziyet tablosundaki net uluslararasi rezervleri (2A) izlemek; arsivlenmis TP.AB.*06 varyantlari yerine guncel, arsiv-disi seri secildi.",2A Net Uluslararası Rezervler (1+2+3),2A Net International Reserves (1+2+3),bie_abstc2,HAFTALIK(CUMA),Bin TL,last,TCMB,raw/TP_AB_N06_2023-01-01_2023-12-31_request.json,263e8bab35fa0b526be52d90f427297e397f95def62338c4dc012f12e65d7902,raw/TP_AB_N06_2023-01-01_2023-12-31_response.json.gz,98c3b953bb091a0fa8c1ac0ead7aaaf629e14477652ef79c03e5e70de40bddee,observed,within_series_coverage,False,False
TP.AB.N06,2023-06-23,2023-06-23,2023-06-23,23-06-2023,25,217102320.0,217102320.00000000,False,1687467600,net_international_reserves,"TCMB haftalik vaziyet tablosundaki net uluslararasi rezervleri (2A) izlemek; arsivlenmis TP.AB.*06 varyantlari yerine guncel, arsiv-disi seri secildi.",2A Net Uluslararası Rezervler (1+2+3),2A Net International Reserves (1+2+3),bie_abstc2,HAFTALIK(CUMA),Bin TL,last,TCMB,raw/TP_AB_N06_2023-01-01_2023-12-31_request.json,263e8bab35fa0b526be52d90f427297e397f95def62338c4dc012f12e65d7902,raw/TP_AB_N06_2023-01-01_2023-12-31_response.json.gz,98c3b953bb091a0fa8c1ac0ead7aaaf629e14477652ef79c03e5e70de40bddee,observed,within_series_coverage,False,False
TP.AB.N06,2023-06-30,2023-06-30,2023-06-30,30-06-2023,26,253709124.0,253709124.00000000,False,1688072400,net_international_reserves,"TCMB haftalik vaziyet tablosundaki net uluslararasi rezervleri (2A) izlemek; arsivlenmis TP.AB.*06 varyantlari yerine guncel, arsiv-disi seri secildi.",2A Net Uluslararası Rezervler (1+2+3),2A Net International Reserves (1+2+3),bie_abstc2,HAFTALIK(CUMA),Bin TL,last,TCMB,raw/TP_AB_N06_2023-01-01_2023-12-31_request.json,263e8bab35fa0b526be52d90f427297e397f95def62338c4dc012f12e65d7902,raw/TP_AB_N06_2023-01-01_2023-12-31_response.json.gz,98c3b953bb091a0fa8c1ac0ead7aaaf629e14477652ef79c03e5e70de40bddee,observed,within_series_coverage,False,False
TP.AB.N06,2023-07-07,2023-07-07,2023-07-07,07-07-2023,27,342902108.0,342902108.00000000,False,1688677200,net_international_reserves,"TCMB haftalik vaziyet tablosundaki net uluslararasi rezervleri (2A) izlemek; arsivlenmis TP.AB.*06 varyantlari yerine guncel, arsiv-disi seri secildi.",2A Net Uluslararası Rezervler (1+2+3),2A Net International Reserves (1+2+3),bie_abstc2,HAFTALIK(CUMA),Bin TL,last,TCMB,raw/TP_AB_N06_2023-01-01_2023-12-31_request.json,263e8bab35fa0b526be52d90f427297e397f95def62338c4dc012f12e65d7902,raw/TP_AB_N06_2023-01-01_2023-12-31_response.json.gz,98c3b953bb091a0fa8c1ac0ead7aaaf629e14477652ef79c03e5e70de40bddee,observed,within_series_coverage,False,False
TP.AB.N06,2023-07-14,2023-07-14,2023-07-14,14-07-2023,28,345998933.0,345998933.00000000,False,1689282000,net_international_reserves,"TCMB haftalik vaziyet tablosundaki net uluslararasi rezervleri (2A) izlemek; arsivlenmis TP.AB.*06 varyantlari yerine guncel, arsiv-disi seri secildi.",2A Net Uluslararası Rezervler (1+2+3),2A Net International Reserves (1+2+3),bie_abstc2,HAFTALIK(CUMA),Bin TL,last,TCMB,raw/TP_AB_N06_2023-01-01_2023-12-31_request.json,263e8bab35fa0b526be52d90f427297e397f95def62338c4dc012f12e65d7902,raw/TP_AB_N06_2023-01-01_2023-12-31_response.json.gz,98c3b953bb091a0fa8c1ac0ead7aaaf629e14477652ef79c03e5e70de40bddee,observed,within_series_coverage,False,False
TP.AB.N06,2023-07-21,2023-07-21,2023-07-21,21-07-2023,29,367874052.0,367874052.00000000,False,1689886800,net_international_reserves,"TCMB haftalik vaziyet tablosundaki net uluslararasi rezervleri (2A) izlemek; arsivlenmis TP.AB.*06 varyantlari yerine guncel, arsiv-disi seri secildi.",2A Net Uluslararası Rezervler (1+2+3),2A Net International Reserves (1+2+3),bie_abstc2,HAFTALIK(CUMA),Bin TL,last,TCMB,raw/TP_AB_N06_2023-01-01_2023-12-31_request.json,263e8bab35fa0b526be52d90f427297e397f95def62338c4dc012f12e65d7902,raw/TP_AB_N06_2023-01-01_2023-12-31_response.json.gz,98c3b953bb091a0fa8c1ac0ead7aaaf629e14477652ef79c03e5e70de40bddee,observed,within_series_coverage,False,False
TP.AB.N06,2023-07-28,2023-07-28,2023-07-28,28-07-2023,30,293379923.0,293379923.00000000,False,1690491600,net_international_reserves,"TCMB haftalik vaziyet tablosundaki net uluslararasi rezervleri (2A) izlemek; arsivlenmis TP.AB.*06 varyantlari yerine guncel, arsiv-disi seri secildi.",2A Net Uluslararası Rezervler (1+2+3),2A Net International Reserves (1+2+3),bie_abstc2,HAFTALIK(CUMA),Bin TL,last,TCMB,raw/TP_AB_N06_2023-01-01_2023-12-31_request.json,263e8bab35fa0b526be52d90f427297e397f95def62338c4dc012f12e65d7902,raw/TP_AB_N06_2023-01-01_2023-12-31_response.json.gz,98c3b953bb091a0fa8c1ac0ead7aaaf629e14477652ef79c03e5e70de40bddee,observed,within_series_coverage,False,False
TP.AB.N06,2023-08-04,2023-08-04,2023-08-04,04-08-2023,31,423621687.0,423621687.00000000,False,1691096400,net_international_reserves,"TCMB haftalik vaziyet tablosundaki net uluslararasi rezervleri (2A) izlemek; arsivlenmis TP.AB.*06 varyantlari yerine guncel, arsiv-disi seri secildi.",2A Net Uluslararası Rezervler (1+2+3),2A Net International Reserves (1+2+3),bie_abstc2,HAFTALIK(CUMA),Bin TL,last,TCMB,raw/TP_AB_N06_2023-01-01_2023-12-31_request.json,263e8bab35fa0b526be52d90f427297e397f95def62338c4dc012f12e65d7902,raw/TP_AB_N06_2023-01-01_2023-12-31_response.json.gz,98c3b953bb091a0fa8c1ac0ead7aaaf629e14477652ef79c03e5e70de40bddee,observed,within_series_coverage,False,False
TP.AB.N06,2023-08-11,2023-08-11,2023-08-11,11-08-2023,32,425314553.0,425314553.00000000,False,1691701200,net_international_reserves,"TCMB haftalik vaziyet tablosundaki net uluslararasi rezervleri (2A) izlemek; arsivlenmis TP.AB.*06 varyantlari yerine guncel, arsiv-disi seri secildi.",2A Net Uluslararası Rezervler (1+2+3),2A Net International Reserves (1+2+3),bie_abstc2,HAFTALIK(CUMA),Bin TL,last,TCMB,raw/TP_AB_N06_2023-01-01_2023-12-31_request.json,263e8bab35fa0b526be52d90f427297e397f95def62338c4dc012f12e65d7902,raw/TP_AB_N06_2023-01-01_2023-12-31_response.json.gz,98c3b953bb091a0fa8c1ac0ead7aaaf629e14477652ef79c03e5e70de40bddee,observed,within_series_coverage,False,False
TP.AB.N06,2023-08-18,2023-08-18,2023-08-18,18-08-2023,33,425614421.0,425614421.00000000,False,1692306000,net_international_reserves,"TCMB haftalik vaziyet tablosundaki net uluslararasi rezervleri (2A) izlemek; arsivlenmis TP.AB.*06 varyantlari yerine guncel, arsiv-disi seri secildi.",2A Net Uluslararası Rezervler (1+2+3),2A Net International Reserves (1+2+3),bie_abstc2,HAFTALIK(CUMA),Bin TL,last,TCMB,raw/TP_AB_N06_2023-01-01_2023-12-31_request.json,263e8bab35fa0b526be52d90f427297e397f95def62338c4dc012f12e65d7902,raw/TP_AB_N06_2023-01-01_2023-12-31_response.json.gz,98c3b953bb091a0fa8c1ac0ead7aaaf629e14477652ef79c03e5e70de40bddee,observed,within_series_coverage,False,False
TP.AB.N06,2023-08-25,2023-08-25,2023-08-25,25-08-2023,34,388434280.0,388434280.00000000,False,1692910800,net_international_reserves,"TCMB haftalik vaziyet tablosundaki net uluslararasi rezervleri (2A) izlemek; arsivlenmis TP.AB.*06 varyantlari yerine guncel, arsiv-disi seri secildi.",2A Net Uluslararası Rezervler (1+2+3),2A Net International Reserves (1+2+3),bie_abstc2,HAFTALIK(CUMA),Bin TL,last,TCMB,raw/TP_AB_N06_2023-01-01_2023-12-31_request.json,263e8bab35fa0b526be52d90f427297e397f95def62338c4dc012f12e65d7902,raw/TP_AB_N06_2023-01-01_2023-12-31_response.json.gz,98c3b953bb091a0fa8c1ac0ead7aaaf629e14477652ef79c03e5e70de40bddee,observed,within_series_coverage,False,False
TP.AB.N06,2023-09-01,2023-09-01,2023-09-01,01-09-2023,35,430765800.0,430765800.00000000,False,1693515600,net_international_reserves,"TCMB haftalik vaziyet tablosundaki net uluslararasi rezervleri (2A) izlemek; arsivlenmis TP.AB.*06 varyantlari yerine guncel, arsiv-disi seri secildi.",2A Net Uluslararası Rezervler (1+2+3),2A Net International Reserves (1+2+3),bie_abstc2,HAFTALIK(CUMA),Bin TL,last,TCMB,raw/TP_AB_N06_2023-01-01_2023-12-31_request.json,263e8bab35fa0b526be52d90f427297e397f95def62338c4dc012f12e65d7902,raw/TP_AB_N06_2023-01-01_2023-12-31_response.json.gz,98c3b953bb091a0fa8c1ac0ead7aaaf629e14477652ef79c03e5e70de40bddee,observed,within_series_coverage,False,False
TP.AB.N06,2023-09-08,2023-09-08,2023-09-08,08-09-2023,36,436324451.0,436324451.00000000,False,1694120400,net_international_reserves,"TCMB haftalik vaziyet tablosundaki net uluslararasi rezervleri (2A) izlemek; arsivlenmis TP.AB.*06 varyantlari yerine guncel, arsiv-disi seri secildi.",2A Net Uluslararası Rezervler (1+2+3),2A Net International Reserves (1+2+3),bie_abstc2,HAFTALIK(CUMA),Bin TL,last,TCMB,raw/TP_AB_N06_2023-01-01_2023-12-31_request.json,263e8bab35fa0b526be52d90f427297e397f95def62338c4dc012f12e65d7902,raw/TP_AB_N06_2023-01-01_2023-12-31_response.json.gz,98c3b953bb091a0fa8c1ac0ead7aaaf629e14477652ef79c03e5e70de40bddee,observed,within_series_coverage,False,False
TP.AB.N06,2023-09-15,2023-09-15,2023-09-15,15-09-2023,37,473247879.0,473247879.00000000,False,1694725200,net_international_reserves,"TCMB haftalik vaziyet tablosundaki net uluslararasi rezervleri (2A) izlemek; arsivlenmis TP.AB.*06 varyantlari yerine guncel, arsiv-disi seri secildi.",2A Net Uluslararası Rezervler (1+2+3),2A Net International Reserves (1+2+3),bie_abstc2,HAFTALIK(CUMA),Bin TL,last,TCMB,raw/TP_AB_N06_2023-01-01_2023-12-31_request.json,263e8bab35fa0b526be52d90f427297e397f95def62338c4dc012f12e65d7902,raw/TP_AB_N06_2023-01-01_2023-12-31_response.json.gz,98c3b953bb091a0fa8c1ac0ead7aaaf629e14477652ef79c03e5e70de40bddee,observed,within_series_coverage,False,False
TP.AB.N06,2023-09-22,2023-09-22,2023-09-22,22-09-2023,38,648978676.0,648978676.00000000,False,1695330000,net_international_reserves,"TCMB haftalik vaziyet tablosundaki net uluslararasi rezervleri (2A) izlemek; arsivlenmis TP.AB.*06 varyantlari yerine guncel, arsiv-disi seri secildi.",2A Net Uluslararası Rezervler (1+2+3),2A Net International Reserves (1+2+3),bie_abstc2,HAFTALIK(CUMA),Bin TL,last,TCMB,raw/TP_AB_N06_2023-01-01_2023-12-31_request.json,263e8bab35fa0b526be52d90f427297e397f95def62338c4dc012f12e65d7902,raw/TP_AB_N06_2023-01-01_2023-12-31_response.json.gz,98c3b953bb091a0fa8c1ac0ead7aaaf629e14477652ef79c03e5e70de40bddee,observed,within_series_coverage,False,False
TP.AB.N06,2023-09-29,2023-09-29,2023-09-29,29-09-2023,39,564926772.0,564926772.00000000,False,1695934800,net_international_reserves,"TCMB haftalik vaziyet tablosundaki net uluslararasi rezervleri (2A) izlemek; arsivlenmis TP.AB.*06 varyantlari yerine guncel, arsiv-disi seri secildi.",2A Net Uluslararası Rezervler (1+2+3),2A Net International Reserves (1+2+3),bie_abstc2,HAFTALIK(CUMA),Bin TL,last,TCMB,raw/TP_AB_N06_2023-01-01_2023-12-31_request.json,263e8bab35fa0b526be52d90f427297e397f95def62338c4dc012f12e65d7902,raw/TP_AB_N06_2023-01-01_2023-12-31_response.json.gz,98c3b953bb091a0fa8c1ac0ead7aaaf629e14477652ef79c03e5e70de40bddee,observed,within_series_coverage,False,False
TP.AB.N06,2023-10-06,2023-10-06,2023-10-06,06-10-2023,40,570814239.0,570814239.00000000,False,1696539600,net_international_reserves,"TCMB haftalik vaziyet tablosundaki net uluslararasi rezervleri (2A) izlemek; arsivlenmis TP.AB.*06 varyantlari yerine guncel, arsiv-disi seri secildi.",2A Net Uluslararası Rezervler (1+2+3),2A Net International Reserves (1+2+3),bie_abstc2,HAFTALIK(CUMA),Bin TL,last,TCMB,raw/TP_AB_N06_2023-01-01_2023-12-31_request.json,263e8bab35fa0b526be52d90f427297e397f95def62338c4dc012f12e65d7902,raw/TP_AB_N06_2023-01-01_2023-12-31_response.json.gz,98c3b953bb091a0fa8c1ac0ead7aaaf629e14477652ef79c03e5e70de40bddee,observed,within_series_coverage,False,False
TP.AB.N06,2023-10-13,2023-10-13,2023-10-13,13-10-2023,41,611121563.0,611121563.00000000,False,1697144400,net_international_reserves,"TCMB haftalik vaziyet tablosundaki net uluslararasi rezervleri (2A) izlemek; arsivlenmis TP.AB.*06 varyantlari yerine guncel, arsiv-disi seri secildi.",2A Net Uluslararası Rezervler (1+2+3),2A Net International Reserves (1+2+3),bie_abstc2,HAFTALIK(CUMA),Bin TL,last,TCMB,raw/TP_AB_N06_2023-01-01_2023-12-31_request.json,263e8bab35fa0b526be52d90f427297e397f95def62338c4dc012f12e65d7902,raw/TP_AB_N06_2023-01-01_2023-12-31_response.json.gz,98c3b953bb091a0fa8c1ac0ead7aaaf629e14477652ef79c03e5e70de40bddee,observed,within_series_coverage,False,False
TP.AB.N06,2023-10-20,2023-10-20,2023-10-20,20-10-2023,42,630683902.0,630683902.00000000,False,1697749200,net_international_reserves,"TCMB haftalik vaziyet tablosundaki net uluslararasi rezervleri (2A) izlemek; arsivlenmis TP.AB.*06 varyantlari yerine guncel, arsiv-disi seri secildi.",2A Net Uluslararası Rezervler (1+2+3),2A Net International Reserves (1+2+3),bie_abstc2,HAFTALIK(CUMA),Bin TL,last,TCMB,raw/TP_AB_N06_2023-01-01_2023-12-31_request.json,263e8bab35fa0b526be52d90f427297e397f95def62338c4dc012f12e65d7902,raw/TP_AB_N06_2023-01-01_2023-12-31_response.json.gz,98c3b953bb091a0fa8c1ac0ead7aaaf629e14477652ef79c03e5e70de40bddee,observed,within_series_coverage,False,False
TP.AB.N06,2023-10-27,2023-10-27,2023-10-27,27-10-2023,43,706651630.0,706651630.00000000,False,1698354000,net_international_reserves,"TCMB haftalik vaziyet tablosundaki net uluslararasi rezervleri (2A) izlemek; arsivlenmis TP.AB.*06 varyantlari yerine guncel, arsiv-disi seri secildi.",2A Net Uluslararası Rezervler (1+2+3),2A Net International Reserves (1+2+3),bie_abstc2,HAFTALIK(CUMA),Bin TL,last,TCMB,raw/TP_AB_N06_2023-01-01_2023-12-31_request.json,263e8bab35fa0b526be52d90f427297e397f95def62338c4dc012f12e65d7902,raw/TP_AB_N06_2023-01-01_2023-12-31_response.json.gz,98c3b953bb091a0fa8c1ac0ead7aaaf629e14477652ef79c03e5e70de40bddee,observed,within_series_coverage,False,False
TP.AB.N06,2023-11-03,2023-11-03,2023-11-03,03-11-2023,44,700321800.0,700321800.00000000,False,1698958800,net_international_reserves,"TCMB haftalik vaziyet tablosundaki net uluslararasi rezervleri (2A) izlemek; arsivlenmis TP.AB.*06 varyantlari yerine guncel, arsiv-disi seri secildi.",2A Net Uluslararası Rezervler (1+2+3),2A Net International Reserves (1+2+3),bie_abstc2,HAFTALIK(CUMA),Bin TL,last,TCMB,raw/TP_AB_N06_2023-01-01_2023-12-31_request.json,263e8bab35fa0b526be52d90f427297e397f95def62338c4dc012f12e65d7902,raw/TP_AB_N06_2023-01-01_2023-12-31_response.json.gz,98c3b953bb091a0fa8c1ac0ead7aaaf629e14477652ef79c03e5e70de40bddee,observed,within_series_coverage,False,False
TP.AB.N06,2023-11-10,2023-11-10,2023-11-10,10-11-2023,45,724641437.0,724641437.00000000,False,1699563600,net_international_reserves,"TCMB haftalik vaziyet tablosundaki net uluslararasi rezervleri (2A) izlemek; arsivlenmis TP.AB.*06 varyantlari yerine guncel, arsiv-disi seri secildi.",2A Net Uluslararası Rezervler (1+2+3),2A Net International Reserves (1+2+3),bie_abstc2,HAFTALIK(CUMA),Bin TL,last,TCMB,raw/TP_AB_N06_2023-01-01_2023-12-31_request.json,263e8bab35fa0b526be52d90f427297e397f95def62338c4dc012f12e65d7902,raw/TP_AB_N06_2023-01-01_2023-12-31_response.json.gz,98c3b953bb091a0fa8c1ac0ead7aaaf629e14477652ef79c03e5e70de40bddee,observed,within_series_coverage,False,False
TP.AB.N06,2023-11-17,2023-11-17,2023-11-17,17-11-2023,46,830531495.0,830531495.00000000,False,1700168400,net_international_reserves,"TCMB haftalik vaziyet tablosundaki net uluslararasi rezervleri (2A) izlemek; arsivlenmis TP.AB.*06 varyantlari yerine guncel, arsiv-disi seri secildi.",2A Net Uluslararası Rezervler (1+2+3),2A Net International Reserves (1+2+3),bie_abstc2,HAFTALIK(CUMA),Bin TL,last,TCMB,raw/TP_AB_N06_2023-01-01_2023-12-31_request.json,263e8bab35fa0b526be52d90f427297e397f95def62338c4dc012f12e65d7902,raw/TP_AB_N06_2023-01-01_2023-12-31_response.json.gz,98c3b953bb091a0fa8c1ac0ead7aaaf629e14477652ef79c03e5e70de40bddee,observed,within_series_coverage,False,False
TP.AB.N06,2023-11-24,2023-11-24,2023-11-24,24-11-2023,47,1030453722.0,1030453722.00000000,False,1700773200,net_international_reserves,"TCMB haftalik vaziyet tablosundaki net uluslararasi rezervleri (2A) izlemek; arsivlenmis TP.AB.*06 varyantlari yerine guncel, arsiv-disi seri secildi.",2A Net Uluslararası Rezervler (1+2+3),2A Net International Reserves (1+2+3),bie_abstc2,HAFTALIK(CUMA),Bin TL,last,TCMB,raw/TP_AB_N06_2023-01-01_2023-12-31_request.json,263e8bab35fa0b526be52d90f427297e397f95def62338c4dc012f12e65d7902,raw/TP_AB_N06_2023-01-01_2023-12-31_response.json.gz,98c3b953bb091a0fa8c1ac0ead7aaaf629e14477652ef79c03e5e70de40bddee,observed,within_series_coverage,False,False
TP.AB.N06,2023-12-01,2023-12-01,2023-12-01,01-12-2023,48,1002287610.0,1002287610.00000000,False,1701378000,net_international_reserves,"TCMB haftalik vaziyet tablosundaki net uluslararasi rezervleri (2A) izlemek; arsivlenmis TP.AB.*06 varyantlari yerine guncel, arsiv-disi seri secildi.",2A Net Uluslararası Rezervler (1+2+3),2A Net International Reserves (1+2+3),bie_abstc2,HAFTALIK(CUMA),Bin TL,last,TCMB,raw/TP_AB_N06_2023-01-01_2023-12-31_request.json,263e8bab35fa0b526be52d90f427297e397f95def62338c4dc012f12e65d7902,raw/TP_AB_N06_2023-01-01_2023-12-31_response.json.gz,98c3b953bb091a0fa8c1ac0ead7aaaf629e14477652ef79c03e5e70de40bddee,observed,within_series_coverage,False,False
TP.AB.N06,2023-12-08,2023-12-08,2023-12-08,08-12-2023,49,1101620947.0,1101620947.00000000,False,1701982800,net_international_reserves,"TCMB haftalik vaziyet tablosundaki net uluslararasi rezervleri (2A) izlemek; arsivlenmis TP.AB.*06 varyantlari yerine guncel, arsiv-disi seri secildi.",2A Net Uluslararası Rezervler (1+2+3),2A Net International Reserves (1+2+3),bie_abstc2,HAFTALIK(CUMA),Bin TL,last,TCMB,raw/TP_AB_N06_2023-01-01_2023-12-31_request.json,263e8bab35fa0b526be52d90f427297e397f95def62338c4dc012f12e65d7902,raw/TP_AB_N06_2023-01-01_2023-12-31_response.json.gz,98c3b953bb091a0fa8c1ac0ead7aaaf629e14477652ef79c03e5e70de40bddee,observed,within_series_coverage,False,False
TP.AB.N06,2023-12-15,2023-12-15,2023-12-15,15-12-2023,50,1077452179.0,1077452179.00000000,False,1702587600,net_international_reserves,"TCMB haftalik vaziyet tablosundaki net uluslararasi rezervleri (2A) izlemek; arsivlenmis TP.AB.*06 varyantlari yerine guncel, arsiv-disi seri secildi.",2A Net Uluslararası Rezervler (1+2+3),2A Net International Reserves (1+2+3),bie_abstc2,HAFTALIK(CUMA),Bin TL,last,TCMB,raw/TP_AB_N06_2023-01-01_2023-12-31_request.json,263e8bab35fa0b526be52d90f427297e397f95def62338c4dc012f12e65d7902,raw/TP_AB_N06_2023-01-01_2023-12-31_response.json.gz,98c3b953bb091a0fa8c1ac0ead7aaaf629e14477652ef79c03e5e70de40bddee,observed,within_series_coverage,False,False
TP.AB.N06,2023-12-22,2023-12-22,2023-12-22,22-12-2023,51,1166102262.0,1166102262.00000000,False,1703192400,net_international_reserves,"TCMB haftalik vaziyet tablosundaki net uluslararasi rezervleri (2A) izlemek; arsivlenmis TP.AB.*06 varyantlari yerine guncel, arsiv-disi seri secildi.",2A Net Uluslararası Rezervler (1+2+3),2A Net International Reserves (1+2+3),bie_abstc2,HAFTALIK(CUMA),Bin TL,last,TCMB,raw/TP_AB_N06_2023-01-01_2023-12-31_request.json,263e8bab35fa0b526be52d90f427297e397f95def62338c4dc012f12e65d7902,raw/TP_AB_N06_2023-01-01_2023-12-31_response.json.gz,98c3b953bb091a0fa8c1ac0ead7aaaf629e14477652ef79c03e5e70de40bddee,observed,within_series_coverage,False,False
TP.AB.N06,2023-12-29,2023-12-29,2023-12-29,29-12-2023,52,1027379437.0,1027379437.00000000,False,1703797200,net_international_reserves,"TCMB haftalik vaziyet tablosundaki net uluslararasi rezervleri (2A) izlemek; arsivlenmis TP.AB.*06 varyantlari yerine guncel, arsiv-disi seri secildi.",2A Net Uluslararası Rezervler (1+2+3),2A Net International Reserves (1+2+3),bie_abstc2,HAFTALIK(CUMA),Bin TL,last,TCMB,raw/TP_AB_N06_2023-01-01_2023-12-31_request.json,263e8bab35fa0b526be52d90f427297e397f95def62338c4dc012f12e65d7902,raw/TP_AB_N06_2023-01-01_2023-12-31_response.json.gz,98c3b953bb091a0fa8c1ac0ead7aaaf629e14477652ef79c03e5e70de40bddee,observed,within_series_coverage,False,False
TP.AB.N06,2024-01-05,2024-01-05,2024-01-05,05-01-2024,1,959541520.0,959541520.00000000,False,1704402000,net_international_reserves,"TCMB haftalik vaziyet tablosundaki net uluslararasi rezervleri (2A) izlemek; arsivlenmis TP.AB.*06 varyantlari yerine guncel, arsiv-disi seri secildi.",2A Net Uluslararası Rezervler (1+2+3),2A Net International Reserves (1+2+3),bie_abstc2,HAFTALIK(CUMA),Bin TL,last,TCMB,raw/TP_AB_N06_2024-01-01_2024-12-31_request.json,7b7d4cd929fb9fe4a1cc8a2c9e7ccef6996409326845745eac166b41691e17f1,raw/TP_AB_N06_2024-01-01_2024-12-31_response.json.gz,c664ae3340cb76083a66e11e31048a42639cafa68bf62f468af69f560cfb6764,observed,within_series_coverage,False,False
TP.AB.N06,2024-01-12,2024-01-12,2024-01-12,12-01-2024,2,883683834.0,883683834.00000000,False,1705006800,net_international_reserves,"TCMB haftalik vaziyet tablosundaki net uluslararasi rezervleri (2A) izlemek; arsivlenmis TP.AB.*06 varyantlari yerine guncel, arsiv-disi seri secildi.",2A Net Uluslararası Rezervler (1+2+3),2A Net International Reserves (1+2+3),bie_abstc2,HAFTALIK(CUMA),Bin TL,last,TCMB,raw/TP_AB_N06_2024-01-01_2024-12-31_request.json,7b7d4cd929fb9fe4a1cc8a2c9e7ccef6996409326845745eac166b41691e17f1,raw/TP_AB_N06_2024-01-01_2024-12-31_response.json.gz,c664ae3340cb76083a66e11e31048a42639cafa68bf62f468af69f560cfb6764,observed,within_series_coverage,False,False
TP.AB.N06,2024-01-19,2024-01-19,2024-01-19,19-01-2024,3,711548217.0,711548217.00000000,False,1705611600,net_international_reserves,"TCMB haftalik vaziyet tablosundaki net uluslararasi rezervleri (2A) izlemek; arsivlenmis TP.AB.*06 varyantlari yerine guncel, arsiv-disi seri secildi.",2A Net Uluslararası Rezervler (1+2+3),2A Net International Reserves (1+2+3),bie_abstc2,HAFTALIK(CUMA),Bin TL,last,TCMB,raw/TP_AB_N06_2024-01-01_2024-12-31_request.json,7b7d4cd929fb9fe4a1cc8a2c9e7ccef6996409326845745eac166b41691e17f1,raw/TP_AB_N06_2024-01-01_2024-12-31_response.json.gz,c664ae3340cb76083a66e11e31048a42639cafa68bf62f468af69f560cfb6764,observed,within_series_coverage,False,False
TP.AB.N06,2024-01-26,2024-01-26,2024-01-26,26-01-2024,4,927028480.0,927028480.00000000,False,1706216400,net_international_reserves,"TCMB haftalik vaziyet tablosundaki net uluslararasi rezervleri (2A) izlemek; arsivlenmis TP.AB.*06 varyantlari yerine guncel, arsiv-disi seri secildi.",2A Net Uluslararası Rezervler (1+2+3),2A Net International Reserves (1+2+3),bie_abstc2,HAFTALIK(CUMA),Bin TL,last,TCMB,raw/TP_AB_N06_2024-01-01_2024-12-31_request.json,7b7d4cd929fb9fe4a1cc8a2c9e7ccef6996409326845745eac166b41691e17f1,raw/TP_AB_N06_2024-01-01_2024-12-31_response.json.gz,c664ae3340cb76083a66e11e31048a42639cafa68bf62f468af69f560cfb6764,observed,within_series_coverage,False,False
TP.AB.N06,2024-02-02,2024-02-02,2024-02-02,02-02-2024,5,849794407.0,849794407.00000000,False,1706821200,net_international_reserves,"TCMB haftalik vaziyet tablosundaki net uluslararasi rezervleri (2A) izlemek; arsivlenmis TP.AB.*06 varyantlari yerine guncel, arsiv-disi seri secildi.",2A Net Uluslararası Rezervler (1+2+3),2A Net International Reserves (1+2+3),bie_abstc2,HAFTALIK(CUMA),Bin TL,last,TCMB,raw/TP_AB_N06_2024-01-01_2024-12-31_request.json,7b7d4cd929fb9fe4a1cc8a2c9e7ccef6996409326845745eac166b41691e17f1,raw/TP_AB_N06_2024-01-01_2024-12-31_response.json.gz,c664ae3340cb76083a66e11e31048a42639cafa68bf62f468af69f560cfb6764,observed,within_series_coverage,False,False
TP.AB.N06,2024-02-09,2024-02-09,2024-02-09,09-02-2024,6,879465279.0,879465279.00000000,False,1707426000,net_international_reserves,"TCMB haftalik vaziyet tablosundaki net uluslararasi rezervleri (2A) izlemek; arsivlenmis TP.AB.*06 varyantlari yerine guncel, arsiv-disi seri secildi.",2A Net Uluslararası Rezervler (1+2+3),2A Net International Reserves (1+2+3),bie_abstc2,HAFTALIK(CUMA),Bin TL,last,TCMB,raw/TP_AB_N06_2024-01-01_2024-12-31_request.json,7b7d4cd929fb9fe4a1cc8a2c9e7ccef6996409326845745eac166b41691e17f1,raw/TP_AB_N06_2024-01-01_2024-12-31_response.json.gz,c664ae3340cb76083a66e11e31048a42639cafa68bf62f468af69f560cfb6764,observed,within_series_coverage,False,False
TP.AB.N06,2024-02-16,2024-02-16,2024-02-16,16-02-2024,7,873607161.0,873607161.00000000,False,1708030800,net_international_reserves,"TCMB haftalik vaziyet tablosundaki net uluslararasi rezervleri (2A) izlemek; arsivlenmis TP.AB.*06 varyantlari yerine guncel, arsiv-disi seri secildi.",2A Net Uluslararası Rezervler (1+2+3),2A Net International Reserves (1+2+3),bie_abstc2,HAFTALIK(CUMA),Bin TL,last,TCMB,raw/TP_AB_N06_2024-01-01_2024-12-31_request.json,7b7d4cd929fb9fe4a1cc8a2c9e7ccef6996409326845745eac166b41691e17f1,raw/TP_AB_N06_2024-01-01_2024-12-31_response.json.gz,c664ae3340cb76083a66e11e31048a42639cafa68bf62f468af69f560cfb6764,observed,within_series_coverage,False,False
TP.AB.N06,2024-02-23,2024-02-23,2024-02-23,23-02-2024,8,694859720.0,694859720.00000000,False,1708635600,net_international_reserves,"TCMB haftalik vaziyet tablosundaki net uluslararasi rezervleri (2A) izlemek; arsivlenmis TP.AB.*06 varyantlari yerine guncel, arsiv-disi seri secildi.",2A Net Uluslararası Rezervler (1+2+3),2A Net International Reserves (1+2+3),bie_abstc2,HAFTALIK(CUMA),Bin TL,last,TCMB,raw/TP_AB_N06_2024-01-01_2024-12-31_request.json,7b7d4cd929fb9fe4a1cc8a2c9e7ccef6996409326845745eac166b41691e17f1,raw/TP_AB_N06_2024-01-01_2024-12-31_response.json.gz,c664ae3340cb76083a66e11e31048a42639cafa68bf62f468af69f560cfb6764,observed,within_series_coverage,False,False
TP.AB.N06,2024-03-01,2024-03-01,2024-03-01,01-03-2024,9,638871418.0,638871418.00000000,False,1709240400,net_international_reserves,"TCMB haftalik vaziyet tablosundaki net uluslararasi rezervleri (2A) izlemek; arsivlenmis TP.AB.*06 varyantlari yerine guncel, arsiv-disi seri secildi.",2A Net Uluslararası Rezervler (1+2+3),2A Net International Reserves (1+2+3),bie_abstc2,HAFTALIK(CUMA),Bin TL,last,TCMB,raw/TP_AB_N06_2024-01-01_2024-12-31_request.json,7b7d4cd929fb9fe4a1cc8a2c9e7ccef6996409326845745eac166b41691e17f1,raw/TP_AB_N06_2024-01-01_2024-12-31_response.json.gz,c664ae3340cb76083a66e11e31048a42639cafa68bf62f468af69f560cfb6764,observed,within_series_coverage,False,False
TP.AB.N06,2024-03-08,2024-03-08,2024-03-08,08-03-2024,10,662375442.0,662375442.00000000,False,1709845200,net_international_reserves,"TCMB haftalik vaziyet tablosundaki net uluslararasi rezervleri (2A) izlemek; arsivlenmis TP.AB.*06 varyantlari yerine guncel, arsiv-disi seri secildi.",2A Net Uluslararası Rezervler (1+2+3),2A Net International Reserves (1+2+3),bie_abstc2,HAFTALIK(CUMA),Bin TL,last,TCMB,raw/TP_AB_N06_2024-01-01_2024-12-31_request.json,7b7d4cd929fb9fe4a1cc8a2c9e7ccef6996409326845745eac166b41691e17f1,raw/TP_AB_N06_2024-01-01_2024-12-31_response.json.gz,c664ae3340cb76083a66e11e31048a42639cafa68bf62f468af69f560cfb6764,observed,within_series_coverage,False,False
TP.AB.N06,2024-03-15,2024-03-15,2024-03-15,15-03-2024,11,629138982.0,629138982.00000000,False,1710450000,net_international_reserves,"TCMB haftalik vaziyet tablosundaki net uluslararasi rezervleri (2A) izlemek; arsivlenmis TP.AB.*06 varyantlari yerine guncel, arsiv-disi seri secildi.",2A Net Uluslararası Rezervler (1+2+3),2A Net International Reserves (1+2+3),bie_abstc2,HAFTALIK(CUMA),Bin TL,last,TCMB,raw/TP_AB_N06_2024-01-01_2024-12-31_request.json,7b7d4cd929fb9fe4a1cc8a2c9e7ccef6996409326845745eac166b41691e17f1,raw/TP_AB_N06_2024-01-01_2024-12-31_response.json.gz,c664ae3340cb76083a66e11e31048a42639cafa68bf62f468af69f560cfb6764,observed,within_series_coverage,False,False
TP.AB.N06,2024-03-22,2024-03-22,2024-03-22,22-03-2024,12,491307141.0,491307141.00000000,False,1711054800,net_international_reserves,"TCMB haftalik vaziyet tablosundaki net uluslararasi rezervleri (2A) izlemek; arsivlenmis TP.AB.*06 varyantlari yerine guncel, arsiv-disi seri secildi.",2A Net Uluslararası Rezervler (1+2+3),2A Net International Reserves (1+2+3),bie_abstc2,HAFTALIK(CUMA),Bin TL,last,TCMB,raw/TP_AB_N06_2024-01-01_2024-12-31_request.json,7b7d4cd929fb9fe4a1cc8a2c9e7ccef6996409326845745eac166b41691e17f1,raw/TP_AB_N06_2024-01-01_2024-12-31_response.json.gz,c664ae3340cb76083a66e11e31048a42639cafa68bf62f468af69f560cfb6764,observed,within_series_coverage,False,False
TP.AB.N06,2024-03-29,2024-03-29,2024-03-29,29-03-2024,13,498568314.0,498568314.00000000,False,1711659600,net_international_reserves,"TCMB haftalik vaziyet tablosundaki net uluslararasi rezervleri (2A) izlemek; arsivlenmis TP.AB.*06 varyantlari yerine guncel, arsiv-disi seri secildi.",2A Net Uluslararası Rezervler (1+2+3),2A Net International Reserves (1+2+3),bie_abstc2,HAFTALIK(CUMA),Bin TL,last,TCMB,raw/TP_AB_N06_2024-01-01_2024-12-31_request.json,7b7d4cd929fb9fe4a1cc8a2c9e7ccef6996409326845745eac166b41691e17f1,raw/TP_AB_N06_2024-01-01_2024-12-31_response.json.gz,c664ae3340cb76083a66e11e31048a42639cafa68bf62f468af69f560cfb6764,observed,within_series_coverage,False,False
TP.AB.N06,2024-04-05,2024-04-05,2024-04-05,05-04-2024,14,628798138.0,628798138.00000000,False,1712264400,net_international_reserves,"TCMB haftalik vaziyet tablosundaki net uluslararasi rezervleri (2A) izlemek; arsivlenmis TP.AB.*06 varyantlari yerine guncel, arsiv-disi seri secildi.",2A Net Uluslararası Rezervler (1+2+3),2A Net International Reserves (1+2+3),bie_abstc2,HAFTALIK(CUMA),Bin TL,last,TCMB,raw/TP_AB_N06_2024-01-01_2024-12-31_request.json,7b7d4cd929fb9fe4a1cc8a2c9e7ccef6996409326845745eac166b41691e17f1,raw/TP_AB_N06_2024-01-01_2024-12-31_response.json.gz,c664ae3340cb76083a66e11e31048a42639cafa68bf62f468af69f560cfb6764,observed,within_series_coverage,False,False
TP.AB.N06,2024-04-12,2024-04-12,2024-04-12,12-04-2024,15,669739028.0,669739028.00000000,False,1712869200,net_international_reserves,"TCMB haftalik vaziyet tablosundaki net uluslararasi rezervleri (2A) izlemek; arsivlenmis TP.AB.*06 varyantlari yerine guncel, arsiv-disi seri secildi.",2A Net Uluslararası Rezervler (1+2+3),2A Net International Reserves (1+2+3),bie_abstc2,HAFTALIK(CUMA),Bin TL,last,TCMB,raw/TP_AB_N06_2024-01-01_2024-12-31_request.json,7b7d4cd929fb9fe4a1cc8a2c9e7ccef6996409326845745eac166b41691e17f1,raw/TP_AB_N06_2024-01-01_2024-12-31_response.json.gz,c664ae3340cb76083a66e11e31048a42639cafa68bf62f468af69f560cfb6764,observed,within_series_coverage,False,False
TP.AB.N06,2024-04-19,2024-04-19,2024-04-19,19-04-2024,16,488580699.0,488580699.00000000,False,1713474000,net_international_reserves,"TCMB haftalik vaziyet tablosundaki net uluslararasi rezervleri (2A) izlemek; arsivlenmis TP.AB.*06 varyantlari yerine guncel, arsiv-disi seri secildi.",2A Net Uluslararası Rezervler (1+2+3),2A Net International Reserves (1+2+3),bie_abstc2,HAFTALIK(CUMA),Bin TL,last,TCMB,raw/TP_AB_N06_2024-01-01_2024-12-31_request.json,7b7d4cd929fb9fe4a1cc8a2c9e7ccef6996409326845745eac166b41691e17f1,raw/TP_AB_N06_2024-01-01_2024-12-31_response.json.gz,c664ae3340cb76083a66e11e31048a42639cafa68bf62f468af69f560cfb6764,observed,within_series_coverage,False,False
TP.AB.N06,2024-04-26,2024-04-26,2024-04-26,26-04-2024,17,454945726.0,454945726.00000000,False,1714078800,net_international_reserves,"TCMB haftalik vaziyet tablosundaki net uluslararasi rezervleri (2A) izlemek; arsivlenmis TP.AB.*06 varyantlari yerine guncel, arsiv-disi seri secildi.",2A Net Uluslararası Rezervler (1+2+3),2A Net International Reserves (1+2+3),bie_abstc2,HAFTALIK(CUMA),Bin TL,last,TCMB,raw/TP_AB_N06_2024-01-01_2024-12-31_request.json,7b7d4cd929fb9fe4a1cc8a2c9e7ccef6996409326845745eac166b41691e17f1,raw/TP_AB_N06_2024-01-01_2024-12-31_response.json.gz,c664ae3340cb76083a66e11e31048a42639cafa68bf62f468af69f560cfb6764,observed,within_series_coverage,False,False
TP.AB.N06,2024-05-03,2024-05-03,2024-05-03,03-05-2024,18,681262677.0,681262677.00000000,False,1714683600,net_international_reserves,"TCMB haftalik vaziyet tablosundaki net uluslararasi rezervleri (2A) izlemek; arsivlenmis TP.AB.*06 varyantlari yerine guncel, arsiv-disi seri secildi.",2A Net Uluslararası Rezervler (1+2+3),2A Net International Reserves (1+2+3),bie_abstc2,HAFTALIK(CUMA),Bin TL,last,TCMB,raw/TP_AB_N06_2024-01-01_2024-12-31_request.json,7b7d4cd929fb9fe4a1cc8a2c9e7ccef6996409326845745eac166b41691e17f1,raw/TP_AB_N06_2024-01-01_2024-12-31_response.json.gz,c664ae3340cb76083a66e11e31048a42639cafa68bf62f468af69f560cfb6764,observed,within_series_coverage,False,False
TP.AB.N06,2024-05-10,2024-05-10,2024-05-10,10-05-2024,19,993371991.0,993371991.00000000,False,1715288400,net_international_reserves,"TCMB haftalik vaziyet tablosundaki net uluslararasi rezervleri (2A) izlemek; arsivlenmis TP.AB.*06 varyantlari yerine guncel, arsiv-disi seri secildi.",2A Net Uluslararası Rezervler (1+2+3),2A Net International Reserves (1+2+3),bie_abstc2,HAFTALIK(CUMA),Bin TL,last,TCMB,raw/TP_AB_N06_2024-01-01_2024-12-31_request.json,7b7d4cd929fb9fe4a1cc8a2c9e7ccef6996409326845745eac166b41691e17f1,raw/TP_AB_N06_2024-01-01_2024-12-31_response.json.gz,c664ae3340cb76083a66e11e31048a42639cafa68bf62f468af69f560cfb6764,observed,within_series_coverage,False,False
TP.AB.N06,2024-05-17,2024-05-17,2024-05-17,17-05-2024,20,1088195880.0,1088195880.00000000,False,1715893200,net_international_reserves,"TCMB haftalik vaziyet tablosundaki net uluslararasi rezervleri (2A) izlemek; arsivlenmis TP.AB.*06 varyantlari yerine guncel, arsiv-disi seri secildi.",2A Net Uluslararası Rezervler (1+2+3),2A Net International Reserves (1+2+3),bie_abstc2,HAFTALIK(CUMA),Bin TL,last,TCMB,raw/TP_AB_N06_2024-01-01_2024-12-31_request.json,7b7d4cd929fb9fe4a1cc8a2c9e7ccef6996409326845745eac166b41691e17f1,raw/TP_AB_N06_2024-01-01_2024-12-31_response.json.gz,c664ae3340cb76083a66e11e31048a42639cafa68bf62f468af69f560cfb6764,observed,within_series_coverage,False,False
TP.AB.N06,2024-05-24,2024-05-24,2024-05-24,24-05-2024,21,1296889859.0,1296889859.00000000,False,1716498000,net_international_reserves,"TCMB haftalik vaziyet tablosundaki net uluslararasi rezervleri (2A) izlemek; arsivlenmis TP.AB.*06 varyantlari yerine guncel, arsiv-disi seri secildi.",2A Net Uluslararası Rezervler (1+2+3),2A Net International Reserves (1+2+3),bie_abstc2,HAFTALIK(CUMA),Bin TL,last,TCMB,raw/TP_AB_N06_2024-01-01_2024-12-31_request.json,7b7d4cd929fb9fe4a1cc8a2c9e7ccef6996409326845745eac166b41691e17f1,raw/TP_AB_N06_2024-01-01_2024-12-31_response.json.gz,c664ae3340cb76083a66e11e31048a42639cafa68bf62f468af69f560cfb6764,observed,within_series_coverage,False,False
TP.AB.N06,2024-05-31,2024-05-31,2024-05-31,31-05-2024,22,1466034312.0,1466034312.00000000,False,1717102800,net_international_reserves,"TCMB haftalik vaziyet tablosundaki net uluslararasi rezervleri (2A) izlemek; arsivlenmis TP.AB.*06 varyantlari yerine guncel, arsiv-disi seri secildi.",2A Net Uluslararası Rezervler (1+2+3),2A Net International Reserves (1+2+3),bie_abstc2,HAFTALIK(CUMA),Bin TL,last,TCMB,raw/TP_AB_N06_2024-01-01_2024-12-31_request.json,7b7d4cd929fb9fe4a1cc8a2c9e7ccef6996409326845745eac166b41691e17f1,raw/TP_AB_N06_2024-01-01_2024-12-31_response.json.gz,c664ae3340cb76083a66e11e31048a42639cafa68bf62f468af69f560cfb6764,observed,within_series_coverage,False,False
TP.AB.N06,2024-06-07,2024-06-07,2024-06-07,07-06-2024,23,1529231845.0,1529231845.00000000,False,1717707600,net_international_reserves,"TCMB haftalik vaziyet tablosundaki net uluslararasi rezervleri (2A) izlemek; arsivlenmis TP.AB.*06 varyantlari yerine guncel, arsiv-disi seri secildi.",2A Net Uluslararası Rezervler (1+2+3),2A Net International Reserves (1+2+3),bie_abstc2,HAFTALIK(CUMA),Bin TL,last,TCMB,raw/TP_AB_N06_2024-01-01_2024-12-31_request.json,7b7d4cd929fb9fe4a1cc8a2c9e7ccef6996409326845745eac166b41691e17f1,raw/TP_AB_N06_2024-01-01_2024-12-31_response.json.gz,c664ae3340cb76083a66e11e31048a42639cafa68bf62f468af69f560cfb6764,observed,within_series_coverage,False,False
TP.AB.N06,2024-06-14,2024-06-14,2024-06-14,14-06-2024,24,1514728273.0,1514728273.00000000,False,1718312400,net_international_reserves,"TCMB haftalik vaziyet tablosundaki net uluslararasi rezervleri (2A) izlemek; arsivlenmis TP.AB.*06 varyantlari yerine guncel, arsiv-disi seri secildi.",2A Net Uluslararası Rezervler (1+2+3),2A Net International Reserves (1+2+3),bie_abstc2,HAFTALIK(CUMA),Bin TL,last,TCMB,raw/TP_AB_N06_2024-01-01_2024-12-31_request.json,7b7d4cd929fb9fe4a1cc8a2c9e7ccef6996409326845745eac166b41691e17f1,raw/TP_AB_N06_2024-01-01_2024-12-31_response.json.gz,c664ae3340cb76083a66e11e31048a42639cafa68bf62f468af69f560cfb6764,observed,within_series_coverage,False,False
TP.AB.N06,2024-06-21,2024-06-21,2024-06-21,21-06-2024,25,1460793975.0,1460793975.00000000,False,1718917200,net_international_reserves,"TCMB haftalik vaziyet tablosundaki net uluslararasi rezervleri (2A) izlemek; arsivlenmis TP.AB.*06 varyantlari yerine guncel, arsiv-disi seri secildi.",2A Net Uluslararası Rezervler (1+2+3),2A Net International Reserves (1+2+3),bie_abstc2,HAFTALIK(CUMA),Bin TL,last,TCMB,raw/TP_AB_N06_2024-01-01_2024-12-31_request.json,7b7d4cd929fb9fe4a1cc8a2c9e7ccef6996409326845745eac166b41691e17f1,raw/TP_AB_N06_2024-01-01_2024-12-31_response.json.gz,c664ae3340cb76083a66e11e31048a42639cafa68bf62f468af69f560cfb6764,observed,within_series_coverage,False,False
TP.AB.N06,2024-06-28,2024-06-28,2024-06-28,28-06-2024,26,1293851269.0,1293851269.00000000,False,1719522000,net_international_reserves,"TCMB haftalik vaziyet tablosundaki net uluslararasi rezervleri (2A) izlemek; arsivlenmis TP.AB.*06 varyantlari yerine guncel, arsiv-disi seri secildi.",2A Net Uluslararası Rezervler (1+2+3),2A Net International Reserves (1+2+3),bie_abstc2,HAFTALIK(CUMA),Bin TL,last,TCMB,raw/TP_AB_N06_2024-01-01_2024-12-31_request.json,7b7d4cd929fb9fe4a1cc8a2c9e7ccef6996409326845745eac166b41691e17f1,raw/TP_AB_N06_2024-01-01_2024-12-31_response.json.gz,c664ae3340cb76083a66e11e31048a42639cafa68bf62f468af69f560cfb6764,observed,within_series_coverage,False,False
TP.AB.N06,2024-07-05,2024-07-05,2024-07-05,05-07-2024,27,1415662227.0,1415662227.00000000,False,1720126800,net_international_reserves,"TCMB haftalik vaziyet tablosundaki net uluslararasi rezervleri (2A) izlemek; arsivlenmis TP.AB.*06 varyantlari yerine guncel, arsiv-disi seri secildi.",2A Net Uluslararası Rezervler (1+2+3),2A Net International Reserves (1+2+3),bie_abstc2,HAFTALIK(CUMA),Bin TL,last,TCMB,raw/TP_AB_N06_2024-01-01_2024-12-31_request.json,7b7d4cd929fb9fe4a1cc8a2c9e7ccef6996409326845745eac166b41691e17f1,raw/TP_AB_N06_2024-01-01_2024-12-31_response.json.gz,c664ae3340cb76083a66e11e31048a42639cafa68bf62f468af69f560cfb6764,observed,within_series_coverage,False,False
TP.AB.N06,2024-07-12,2024-07-12,2024-07-12,12-07-2024,28,1566843197.0,1566843197.00000000,False,1720731600,net_international_reserves,"TCMB haftalik vaziyet tablosundaki net uluslararasi rezervleri (2A) izlemek; arsivlenmis TP.AB.*06 varyantlari yerine guncel, arsiv-disi seri secildi.",2A Net Uluslararası Rezervler (1+2+3),2A Net International Reserves (1+2+3),bie_abstc2,HAFTALIK(CUMA),Bin TL,last,TCMB,raw/TP_AB_N06_2024-01-01_2024-12-31_request.json,7b7d4cd929fb9fe4a1cc8a2c9e7ccef6996409326845745eac166b41691e17f1,raw/TP_AB_N06_2024-01-01_2024-12-31_response.json.gz,c664ae3340cb76083a66e11e31048a42639cafa68bf62f468af69f560cfb6764,observed,within_series_coverage,False,False
TP.AB.N06,2024-07-19,2024-07-19,2024-07-19,19-07-2024,29,1592127926.0,1592127926.00000000,False,1721336400,net_international_reserves,"TCMB haftalik vaziyet tablosundaki net uluslararasi rezervleri (2A) izlemek; arsivlenmis TP.AB.*06 varyantlari yerine guncel, arsiv-disi seri secildi.",2A Net Uluslararası Rezervler (1+2+3),2A Net International Reserves (1+2+3),bie_abstc2,HAFTALIK(CUMA),Bin TL,last,TCMB,raw/TP_AB_N06_2024-01-01_2024-12-31_request.json,7b7d4cd929fb9fe4a1cc8a2c9e7ccef6996409326845745eac166b41691e17f1,raw/TP_AB_N06_2024-01-01_2024-12-31_response.json.gz,c664ae3340cb76083a66e11e31048a42639cafa68bf62f468af69f560cfb6764,observed,within_series_coverage,False,False
TP.AB.N06,2024-07-26,2024-07-26,2024-07-26,26-07-2024,30,1569748164.0,1569748164.00000000,False,1721941200,net_international_reserves,"TCMB haftalik vaziyet tablosundaki net uluslararasi rezervleri (2A) izlemek; arsivlenmis TP.AB.*06 varyantlari yerine guncel, arsiv-disi seri secildi.",2A Net Uluslararası Rezervler (1+2+3),2A Net International Reserves (1+2+3),bie_abstc2,HAFTALIK(CUMA),Bin TL,last,TCMB,raw/TP_AB_N06_2024-01-01_2024-12-31_request.json,7b7d4cd929fb9fe4a1cc8a2c9e7ccef6996409326845745eac166b41691e17f1,raw/TP_AB_N06_2024-01-01_2024-12-31_response.json.gz,c664ae3340cb76083a66e11e31048a42639cafa68bf62f468af69f560cfb6764,observed,within_series_coverage,False,False
TP.AB.N06,2024-08-02,2024-08-02,2024-08-02,02-08-2024,31,1701908369.0,1701908369.00000000,False,1722546000,net_international_reserves,"TCMB haftalik vaziyet tablosundaki net uluslararasi rezervleri (2A) izlemek; arsivlenmis TP.AB.*06 varyantlari yerine guncel, arsiv-disi seri secildi.",2A Net Uluslararası Rezervler (1+2+3),2A Net International Reserves (1+2+3),bie_abstc2,HAFTALIK(CUMA),Bin TL,last,TCMB,raw/TP_AB_N06_2024-01-01_2024-12-31_request.json,7b7d4cd929fb9fe4a1cc8a2c9e7ccef6996409326845745eac166b41691e17f1,raw/TP_AB_N06_2024-01-01_2024-12-31_response.json.gz,c664ae3340cb76083a66e11e31048a42639cafa68bf62f468af69f560cfb6764,observed,within_series_coverage,False,False
TP.AB.N06,2024-08-09,2024-08-09,2024-08-09,09-08-2024,32,1568765982.0,1568765982.00000000,False,1723150800,net_international_reserves,"TCMB haftalik vaziyet tablosundaki net uluslararasi rezervleri (2A) izlemek; arsivlenmis TP.AB.*06 varyantlari yerine guncel, arsiv-disi seri secildi.",2A Net Uluslararası Rezervler (1+2+3),2A Net International Reserves (1+2+3),bie_abstc2,HAFTALIK(CUMA),Bin TL,last,TCMB,raw/TP_AB_N06_2024-01-01_2024-12-31_request.json,7b7d4cd929fb9fe4a1cc8a2c9e7ccef6996409326845745eac166b41691e17f1,raw/TP_AB_N06_2024-01-01_2024-12-31_response.json.gz,c664ae3340cb76083a66e11e31048a42639cafa68bf62f468af69f560cfb6764,observed,within_series_coverage,False,False
TP.AB.N06,2024-08-16,2024-08-16,2024-08-16,16-08-2024,33,1604360553.0,1604360553.00000000,False,1723755600,net_international_reserves,"TCMB haftalik vaziyet tablosundaki net uluslararasi rezervleri (2A) izlemek; arsivlenmis TP.AB.*06 varyantlari yerine guncel, arsiv-disi seri secildi.",2A Net Uluslararası Rezervler (1+2+3),2A Net International Reserves (1+2+3),bie_abstc2,HAFTALIK(CUMA),Bin TL,last,TCMB,raw/TP_AB_N06_2024-01-01_2024-12-31_request.json,7b7d4cd929fb9fe4a1cc8a2c9e7ccef6996409326845745eac166b41691e17f1,raw/TP_AB_N06_2024-01-01_2024-12-31_response.json.gz,c664ae3340cb76083a66e11e31048a42639cafa68bf62f468af69f560cfb6764,observed,within_series_coverage,False,False
TP.AB.N06,2024-08-23,2024-08-23,2024-08-23,23-08-2024,34,1478854872.0,1478854872.00000000,False,1724360400,net_international_reserves,"TCMB haftalik vaziyet tablosundaki net uluslararasi rezervleri (2A) izlemek; arsivlenmis TP.AB.*06 varyantlari yerine guncel, arsiv-disi seri secildi.",2A Net Uluslararası Rezervler (1+2+3),2A Net International Reserves (1+2+3),bie_abstc2,HAFTALIK(CUMA),Bin TL,last,TCMB,raw/TP_AB_N06_2024-01-01_2024-12-31_request.json,7b7d4cd929fb9fe4a1cc8a2c9e7ccef6996409326845745eac166b41691e17f1,raw/TP_AB_N06_2024-01-01_2024-12-31_response.json.gz,c664ae3340cb76083a66e11e31048a42639cafa68bf62f468af69f560cfb6764,observed,within_series_coverage,False,False
TP.AB.N06,2024-08-30,2024-08-30,2024-08-30,30-08-2024,35,1387014867.0,1387014867.00000000,False,1724965200,net_international_reserves,"TCMB haftalik vaziyet tablosundaki net uluslararasi rezervleri (2A) izlemek; arsivlenmis TP.AB.*06 varyantlari yerine guncel, arsiv-disi seri secildi.",2A Net Uluslararası Rezervler (1+2+3),2A Net International Reserves (1+2+3),bie_abstc2,HAFTALIK(CUMA),Bin TL,last,TCMB,raw/TP_AB_N06_2024-01-01_2024-12-31_request.json,7b7d4cd929fb9fe4a1cc8a2c9e7ccef6996409326845745eac166b41691e17f1,raw/TP_AB_N06_2024-01-01_2024-12-31_response.json.gz,c664ae3340cb76083a66e11e31048a42639cafa68bf62f468af69f560cfb6764,observed,within_series_coverage,False,False
TP.AB.N06,2024-09-06,2024-09-06,2024-09-06,06-09-2024,36,1347561723.0,1347561723.00000000,False,1725570000,net_international_reserves,"TCMB haftalik vaziyet tablosundaki net uluslararasi rezervleri (2A) izlemek; arsivlenmis TP.AB.*06 varyantlari yerine guncel, arsiv-disi seri secildi.",2A Net Uluslararası Rezervler (1+2+3),2A Net International Reserves (1+2+3),bie_abstc2,HAFTALIK(CUMA),Bin TL,last,TCMB,raw/TP_AB_N06_2024-01-01_2024-12-31_request.json,7b7d4cd929fb9fe4a1cc8a2c9e7ccef6996409326845745eac166b41691e17f1,raw/TP_AB_N06_2024-01-01_2024-12-31_response.json.gz,c664ae3340cb76083a66e11e31048a42639cafa68bf62f468af69f560cfb6764,observed,within_series_coverage,False,False
TP.AB.N06,2024-09-13,2024-09-13,2024-09-13,13-09-2024,37,1653491686.0,1653491686.00000000,False,1726174800,net_international_reserves,"TCMB haftalik vaziyet tablosundaki net uluslararasi rezervleri (2A) izlemek; arsivlenmis TP.AB.*06 varyantlari yerine guncel, arsiv-disi seri secildi.",2A Net Uluslararası Rezervler (1+2+3),2A Net International Reserves (1+2+3),bie_abstc2,HAFTALIK(CUMA),Bin TL,last,TCMB,raw/TP_AB_N06_2024-01-01_2024-12-31_request.json,7b7d4cd929fb9fe4a1cc8a2c9e7ccef6996409326845745eac166b41691e17f1,raw/TP_AB_N06_2024-01-01_2024-12-31_response.json.gz,c664ae3340cb76083a66e11e31048a42639cafa68bf62f468af69f560cfb6764,observed,within_series_coverage,False,False
TP.AB.N06,2024-09-20,2024-09-20,2024-09-20,20-09-2024,38,1759153857.0,1759153857.00000000,False,1726779600,net_international_reserves,"TCMB haftalik vaziyet tablosundaki net uluslararasi rezervleri (2A) izlemek; arsivlenmis TP.AB.*06 varyantlari yerine guncel, arsiv-disi seri secildi.",2A Net Uluslararası Rezervler (1+2+3),2A Net International Reserves (1+2+3),bie_abstc2,HAFTALIK(CUMA),Bin TL,last,TCMB,raw/TP_AB_N06_2024-01-01_2024-12-31_request.json,7b7d4cd929fb9fe4a1cc8a2c9e7ccef6996409326845745eac166b41691e17f1,raw/TP_AB_N06_2024-01-01_2024-12-31_response.json.gz,c664ae3340cb76083a66e11e31048a42639cafa68bf62f468af69f560cfb6764,observed,within_series_coverage,False,False
TP.AB.N06,2024-09-27,2024-09-27,2024-09-27,27-09-2024,39,1845288654.0,1845288654.00000000,False,1727384400,net_international_reserves,"TCMB haftalik vaziyet tablosundaki net uluslararasi rezervleri (2A) izlemek; arsivlenmis TP.AB.*06 varyantlari yerine guncel, arsiv-disi seri secildi.",2A Net Uluslararası Rezervler (1+2+3),2A Net International Reserves (1+2+3),bie_abstc2,HAFTALIK(CUMA),Bin TL,last,TCMB,raw/TP_AB_N06_2024-01-01_2024-12-31_request.json,7b7d4cd929fb9fe4a1cc8a2c9e7ccef6996409326845745eac166b41691e17f1,raw/TP_AB_N06_2024-01-01_2024-12-31_response.json.gz,c664ae3340cb76083a66e11e31048a42639cafa68bf62f468af69f560cfb6764,observed,within_series_coverage,False,False
TP.AB.N06,2024-10-04,2024-10-04,2024-10-04,04-10-2024,40,1913333528.0,1913333528.00000000,False,1727989200,net_international_reserves,"TCMB haftalik vaziyet tablosundaki net uluslararasi rezervleri (2A) izlemek; arsivlenmis TP.AB.*06 varyantlari yerine guncel, arsiv-disi seri secildi.",2A Net Uluslararası Rezervler (1+2+3),2A Net International Reserves (1+2+3),bie_abstc2,HAFTALIK(CUMA),Bin TL,last,TCMB,raw/TP_AB_N06_2024-01-01_2024-12-31_request.json,7b7d4cd929fb9fe4a1cc8a2c9e7ccef6996409326845745eac166b41691e17f1,raw/TP_AB_N06_2024-01-01_2024-12-31_response.json.gz,c664ae3340cb76083a66e11e31048a42639cafa68bf62f468af69f560cfb6764,observed,within_series_coverage,False,False
TP.AB.N06,2024-10-11,2024-10-11,2024-10-11,11-10-2024,41,1991523378.0,1991523378.00000000,False,1728594000,net_international_reserves,"TCMB haftalik vaziyet tablosundaki net uluslararasi rezervleri (2A) izlemek; arsivlenmis TP.AB.*06 varyantlari yerine guncel, arsiv-disi seri secildi.",2A Net Uluslararası Rezervler (1+2+3),2A Net International Reserves (1+2+3),bie_abstc2,HAFTALIK(CUMA),Bin TL,last,TCMB,raw/TP_AB_N06_2024-01-01_2024-12-31_request.json,7b7d4cd929fb9fe4a1cc8a2c9e7ccef6996409326845745eac166b41691e17f1,raw/TP_AB_N06_2024-01-01_2024-12-31_response.json.gz,c664ae3340cb76083a66e11e31048a42639cafa68bf62f468af69f560cfb6764,observed,within_series_coverage,False,False
TP.AB.N06,2024-10-18,2024-10-18,2024-10-18,18-10-2024,42,2069385832.0,2069385832.00000000,False,1729198800,net_international_reserves,"TCMB haftalik vaziyet tablosundaki net uluslararasi rezervleri (2A) izlemek; arsivlenmis TP.AB.*06 varyantlari yerine guncel, arsiv-disi seri secildi.",2A Net Uluslararası Rezervler (1+2+3),2A Net International Reserves (1+2+3),bie_abstc2,HAFTALIK(CUMA),Bin TL,last,TCMB,raw/TP_AB_N06_2024-01-01_2024-12-31_request.json,7b7d4cd929fb9fe4a1cc8a2c9e7ccef6996409326845745eac166b41691e17f1,raw/TP_AB_N06_2024-01-01_2024-12-31_response.json.gz,c664ae3340cb76083a66e11e31048a42639cafa68bf62f468af69f560cfb6764,observed,within_series_coverage,False,False
TP.AB.N06,2024-10-25,2024-10-25,2024-10-25,25-10-2024,43,2081850827.0,2081850827.00000000,False,1729803600,net_international_reserves,"TCMB haftalik vaziyet tablosundaki net uluslararasi rezervleri (2A) izlemek; arsivlenmis TP.AB.*06 varyantlari yerine guncel, arsiv-disi seri secildi.",2A Net Uluslararası Rezervler (1+2+3),2A Net International Reserves (1+2+3),bie_abstc2,HAFTALIK(CUMA),Bin TL,last,TCMB,raw/TP_AB_N06_2024-01-01_2024-12-31_request.json,7b7d4cd929fb9fe4a1cc8a2c9e7ccef6996409326845745eac166b41691e17f1,raw/TP_AB_N06_2024-01-01_2024-12-31_response.json.gz,c664ae3340cb76083a66e11e31048a42639cafa68bf62f468af69f560cfb6764,observed,within_series_coverage,False,False
TP.AB.N06,2024-11-01,2024-11-01,2024-11-01,01-11-2024,44,2090360541.0,2090360541.00000000,False,1730408400,net_international_reserves,"TCMB haftalik vaziyet tablosundaki net uluslararasi rezervleri (2A) izlemek; arsivlenmis TP.AB.*06 varyantlari yerine guncel, arsiv-disi seri secildi.",2A Net Uluslararası Rezervler (1+2+3),2A Net International Reserves (1+2+3),bie_abstc2,HAFTALIK(CUMA),Bin TL,last,TCMB,raw/TP_AB_N06_2024-01-01_2024-12-31_request.json,7b7d4cd929fb9fe4a1cc8a2c9e7ccef6996409326845745eac166b41691e17f1,raw/TP_AB_N06_2024-01-01_2024-12-31_response.json.gz,c664ae3340cb76083a66e11e31048a42639cafa68bf62f468af69f560cfb6764,observed,within_series_coverage,False,False
TP.AB.N06,2024-11-08,2024-11-08,2024-11-08,08-11-2024,45,2075677742.0,2075677742.00000000,False,1731013200,net_international_reserves,"TCMB haftalik vaziyet tablosundaki net uluslararasi rezervleri (2A) izlemek; arsivlenmis TP.AB.*06 varyantlari yerine guncel, arsiv-disi seri secildi.",2A Net Uluslararası Rezervler (1+2+3),2A Net International Reserves (1+2+3),bie_abstc2,HAFTALIK(CUMA),Bin TL,last,TCMB,raw/TP_AB_N06_2024-01-01_2024-12-31_request.json,7b7d4cd929fb9fe4a1cc8a2c9e7ccef6996409326845745eac166b41691e17f1,raw/TP_AB_N06_2024-01-01_2024-12-31_response.json.gz,c664ae3340cb76083a66e11e31048a42639cafa68bf62f468af69f560cfb6764,observed,within_series_coverage,False,False
TP.AB.N06,2024-11-15,2024-11-15,2024-11-15,15-11-2024,46,2025725633.0,2025725633.00000000,False,1731618000,net_international_reserves,"TCMB haftalik vaziyet tablosundaki net uluslararasi rezervleri (2A) izlemek; arsivlenmis TP.AB.*06 varyantlari yerine guncel, arsiv-disi seri secildi.",2A Net Uluslararası Rezervler (1+2+3),2A Net International Reserves (1+2+3),bie_abstc2,HAFTALIK(CUMA),Bin TL,last,TCMB,raw/TP_AB_N06_2024-01-01_2024-12-31_request.json,7b7d4cd929fb9fe4a1cc8a2c9e7ccef6996409326845745eac166b41691e17f1,raw/TP_AB_N06_2024-01-01_2024-12-31_response.json.gz,c664ae3340cb76083a66e11e31048a42639cafa68bf62f468af69f560cfb6764,observed,within_series_coverage,False,False
TP.AB.N06,2024-11-22,2024-11-22,2024-11-22,22-11-2024,47,2097350659.0,2097350659.00000000,False,1732222800,net_international_reserves,"TCMB haftalik vaziyet tablosundaki net uluslararasi rezervleri (2A) izlemek; arsivlenmis TP.AB.*06 varyantlari yerine guncel, arsiv-disi seri secildi.",2A Net Uluslararası Rezervler (1+2+3),2A Net International Reserves (1+2+3),bie_abstc2,HAFTALIK(CUMA),Bin TL,last,TCMB,raw/TP_AB_N06_2024-01-01_2024-12-31_request.json,7b7d4cd929fb9fe4a1cc8a2c9e7ccef6996409326845745eac166b41691e17f1,raw/TP_AB_N06_2024-01-01_2024-12-31_response.json.gz,c664ae3340cb76083a66e11e31048a42639cafa68bf62f468af69f560cfb6764,observed,within_series_coverage,False,False
TP.AB.N06,2024-11-29,2024-11-29,2024-11-29,29-11-2024,48,2218602999.0,2218602999.00000000,False,1732827600,net_international_reserves,"TCMB haftalik vaziyet tablosundaki net uluslararasi rezervleri (2A) izlemek; arsivlenmis TP.AB.*06 varyantlari yerine guncel, arsiv-disi seri secildi.",2A Net Uluslararası Rezervler (1+2+3),2A Net International Reserves (1+2+3),bie_abstc2,HAFTALIK(CUMA),Bin TL,last,TCMB,raw/TP_AB_N06_2024-01-01_2024-12-31_request.json,7b7d4cd929fb9fe4a1cc8a2c9e7ccef6996409326845745eac166b41691e17f1,raw/TP_AB_N06_2024-01-01_2024-12-31_response.json.gz,c664ae3340cb76083a66e11e31048a42639cafa68bf62f468af69f560cfb6764,observed,within_series_coverage,False,False
TP.AB.N06,2024-12-06,2024-12-06,2024-12-06,06-12-2024,49,2256445132.0,2256445132.00000000,False,1733432400,net_international_reserves,"TCMB haftalik vaziyet tablosundaki net uluslararasi rezervleri (2A) izlemek; arsivlenmis TP.AB.*06 varyantlari yerine guncel, arsiv-disi seri secildi.",2A Net Uluslararası Rezervler (1+2+3),2A Net International Reserves (1+2+3),bie_abstc2,HAFTALIK(CUMA),Bin TL,last,TCMB,raw/TP_AB_N06_2024-01-01_2024-12-31_request.json,7b7d4cd929fb9fe4a1cc8a2c9e7ccef6996409326845745eac166b41691e17f1,raw/TP_AB_N06_2024-01-01_2024-12-31_response.json.gz,c664ae3340cb76083a66e11e31048a42639cafa68bf62f468af69f560cfb6764,observed,within_series_coverage,False,False
TP.AB.N06,2024-12-13,2024-12-13,2024-12-13,13-12-2024,50,2280086866.0,2280086866.00000000,False,1734037200,net_international_reserves,"TCMB haftalik vaziyet tablosundaki net uluslararasi rezervleri (2A) izlemek; arsivlenmis TP.AB.*06 varyantlari yerine guncel, arsiv-disi seri secildi.",2A Net Uluslararası Rezervler (1+2+3),2A Net International Reserves (1+2+3),bie_abstc2,HAFTALIK(CUMA),Bin TL,last,TCMB,raw/TP_AB_N06_2024-01-01_2024-12-31_request.json,7b7d4cd929fb9fe4a1cc8a2c9e7ccef6996409326845745eac166b41691e17f1,raw/TP_AB_N06_2024-01-01_2024-12-31_response.json.gz,c664ae3340cb76083a66e11e31048a42639cafa68bf62f468af69f560cfb6764,observed,within_series_coverage,False,False
TP.AB.N06,2024-12-20,2024-12-20,2024-12-20,20-12-2024,51,2163797500.0,2163797500.00000000,False,1734642000,net_international_reserves,"TCMB haftalik vaziyet tablosundaki net uluslararasi rezervleri (2A) izlemek; arsivlenmis TP.AB.*06 varyantlari yerine guncel, arsiv-disi seri secildi.",2A Net Uluslararası Rezervler (1+2+3),2A Net International Reserves (1+2+3),bie_abstc2,HAFTALIK(CUMA),Bin TL,last,TCMB,raw/TP_AB_N06_2024-01-01_2024-12-31_request.json,7b7d4cd929fb9fe4a1cc8a2c9e7ccef6996409326845745eac166b41691e17f1,raw/TP_AB_N06_2024-01-01_2024-12-31_response.json.gz,c664ae3340cb76083a66e11e31048a42639cafa68bf62f468af69f560cfb6764,observed,within_series_coverage,False,False
TP.AB.N06,2024-12-27,2024-12-27,2024-12-27,27-12-2024,52,2239483153.0,2239483153.00000000,False,1735246800,net_international_reserves,"TCMB haftalik vaziyet tablosundaki net uluslararasi rezervleri (2A) izlemek; arsivlenmis TP.AB.*06 varyantlari yerine guncel, arsiv-disi seri secildi.",2A Net Uluslararası Rezervler (1+2+3),2A Net International Reserves (1+2+3),bie_abstc2,HAFTALIK(CUMA),Bin TL,last,TCMB,raw/TP_AB_N06_2024-01-01_2024-12-31_request.json,7b7d4cd929fb9fe4a1cc8a2c9e7ccef6996409326845745eac166b41691e17f1,raw/TP_AB_N06_2024-01-01_2024-12-31_response.json.gz,c664ae3340cb76083a66e11e31048a42639cafa68bf62f468af69f560cfb6764,observed,within_series_coverage,False,False
TP.AB.N06,2025-01-03,2025-01-03,2025-01-03,03-01-2025,1,2385594537.0,2385594537.00000000,False,1735851600,net_international_reserves,"TCMB haftalik vaziyet tablosundaki net uluslararasi rezervleri (2A) izlemek; arsivlenmis TP.AB.*06 varyantlari yerine guncel, arsiv-disi seri secildi.",2A Net Uluslararası Rezervler (1+2+3),2A Net International Reserves (1+2+3),bie_abstc2,HAFTALIK(CUMA),Bin TL,last,TCMB,raw/TP_AB_N06_2025-01-01_2025-12-31_request.json,fbbe80fad5597886790a1850f398e41b97478f4d3afaa5e1e71d30d31e96de93,raw/TP_AB_N06_2025-01-01_2025-12-31_response.json.gz,f283a10fe6a6bafe0cd13ea8a03aba80e3d85c7587f99e6084c7afa0933f174c,observed,within_series_coverage,False,False
TP.AB.N06,2025-01-10,2025-01-10,2025-01-10,10-01-2025,2,2470941839.0,2470941839.00000000,False,1736456400,net_international_reserves,"TCMB haftalik vaziyet tablosundaki net uluslararasi rezervleri (2A) izlemek; arsivlenmis TP.AB.*06 varyantlari yerine guncel, arsiv-disi seri secildi.",2A Net Uluslararası Rezervler (1+2+3),2A Net International Reserves (1+2+3),bie_abstc2,HAFTALIK(CUMA),Bin TL,last,TCMB,raw/TP_AB_N06_2025-01-01_2025-12-31_request.json,fbbe80fad5597886790a1850f398e41b97478f4d3afaa5e1e71d30d31e96de93,raw/TP_AB_N06_2025-01-01_2025-12-31_response.json.gz,f283a10fe6a6bafe0cd13ea8a03aba80e3d85c7587f99e6084c7afa0933f174c,observed,within_series_coverage,False,False
TP.AB.N06,2025-01-17,2025-01-17,2025-01-17,17-01-2025,3,2529953758.0,2529953758.00000000,False,1737061200,net_international_reserves,"TCMB haftalik vaziyet tablosundaki net uluslararasi rezervleri (2A) izlemek; arsivlenmis TP.AB.*06 varyantlari yerine guncel, arsiv-disi seri secildi.",2A Net Uluslararası Rezervler (1+2+3),2A Net International Reserves (1+2+3),bie_abstc2,HAFTALIK(CUMA),Bin TL,last,TCMB,raw/TP_AB_N06_2025-01-01_2025-12-31_request.json,fbbe80fad5597886790a1850f398e41b97478f4d3afaa5e1e71d30d31e96de93,raw/TP_AB_N06_2025-01-01_2025-12-31_response.json.gz,f283a10fe6a6bafe0cd13ea8a03aba80e3d85c7587f99e6084c7afa0933f174c,observed,within_series_coverage,False,False
TP.AB.N06,2025-01-24,2025-01-24,2025-01-24,24-01-2025,4,2623171185.0,2623171185.00000000,False,1737666000,net_international_reserves,"TCMB haftalik vaziyet tablosundaki net uluslararasi rezervleri (2A) izlemek; arsivlenmis TP.AB.*06 varyantlari yerine guncel, arsiv-disi seri secildi.",2A Net Uluslararası Rezervler (1+2+3),2A Net International Reserves (1+2+3),bie_abstc2,HAFTALIK(CUMA),Bin TL,last,TCMB,raw/TP_AB_N06_2025-01-01_2025-12-31_request.json,fbbe80fad5597886790a1850f398e41b97478f4d3afaa5e1e71d30d31e96de93,raw/TP_AB_N06_2025-01-01_2025-12-31_response.json.gz,f283a10fe6a6bafe0cd13ea8a03aba80e3d85c7587f99e6084c7afa0933f174c,observed,within_series_coverage,False,False
TP.AB.N06,2025-01-31,2025-01-31,2025-01-31,31-01-2025,5,2562390170.0,2562390170.00000000,False,1738270800,net_international_reserves,"TCMB haftalik vaziyet tablosundaki net uluslararasi rezervleri (2A) izlemek; arsivlenmis TP.AB.*06 varyantlari yerine guncel, arsiv-disi seri secildi.",2A Net Uluslararası Rezervler (1+2+3),2A Net International Reserves (1+2+3),bie_abstc2,HAFTALIK(CUMA),Bin TL,last,TCMB,raw/TP_AB_N06_2025-01-01_2025-12-31_request.json,fbbe80fad5597886790a1850f398e41b97478f4d3afaa5e1e71d30d31e96de93,raw/TP_AB_N06_2025-01-01_2025-12-31_response.json.gz,f283a10fe6a6bafe0cd13ea8a03aba80e3d85c7587f99e6084c7afa0933f174c,observed,within_series_coverage,False,False
TP.AB.N06,2025-02-07,2025-02-07,2025-02-07,07-02-2025,6,2591908986.0,2591908986.00000000,False,1738875600,net_international_reserves,"TCMB haftalik vaziyet tablosundaki net uluslararasi rezervleri (2A) izlemek; arsivlenmis TP.AB.*06 varyantlari yerine guncel, arsiv-disi seri secildi.",2A Net Uluslararası Rezervler (1+2+3),2A Net International Reserves (1+2+3),bie_abstc2,HAFTALIK(CUMA),Bin TL,last,TCMB,raw/TP_AB_N06_2025-01-01_2025-12-31_request.json,fbbe80fad5597886790a1850f398e41b97478f4d3afaa5e1e71d30d31e96de93,raw/TP_AB_N06_2025-01-01_2025-12-31_response.json.gz,f283a10fe6a6bafe0cd13ea8a03aba80e3d85c7587f99e6084c7afa0933f174c,observed,within_series_coverage,False,False
TP.AB.N06,2025-02-14,2025-02-14,2025-02-14,14-02-2025,7,2817155225.0,2817155225.00000000,False,1739480400,net_international_reserves,"TCMB haftalik vaziyet tablosundaki net uluslararasi rezervleri (2A) izlemek; arsivlenmis TP.AB.*06 varyantlari yerine guncel, arsiv-disi seri secildi.",2A Net Uluslararası Rezervler (1+2+3),2A Net International Reserves (1+2+3),bie_abstc2,HAFTALIK(CUMA),Bin TL,last,TCMB,raw/TP_AB_N06_2025-01-01_2025-12-31_request.json,fbbe80fad5597886790a1850f398e41b97478f4d3afaa5e1e71d30d31e96de93,raw/TP_AB_N06_2025-01-01_2025-12-31_response.json.gz,f283a10fe6a6bafe0cd13ea8a03aba80e3d85c7587f99e6084c7afa0933f174c,observed,within_series_coverage,False,False
TP.AB.N06,2025-02-21,2025-02-21,2025-02-21,21-02-2025,8,2609049521.0,2609049521.00000000,False,1740085200,net_international_reserves,"TCMB haftalik vaziyet tablosundaki net uluslararasi rezervleri (2A) izlemek; arsivlenmis TP.AB.*06 varyantlari yerine guncel, arsiv-disi seri secildi.",2A Net Uluslararası Rezervler (1+2+3),2A Net International Reserves (1+2+3),bie_abstc2,HAFTALIK(CUMA),Bin TL,last,TCMB,raw/TP_AB_N06_2025-01-01_2025-12-31_request.json,fbbe80fad5597886790a1850f398e41b97478f4d3afaa5e1e71d30d31e96de93,raw/TP_AB_N06_2025-01-01_2025-12-31_response.json.gz,f283a10fe6a6bafe0cd13ea8a03aba80e3d85c7587f99e6084c7afa0933f174c,observed,within_series_coverage,False,False
TP.AB.N06,2025-02-28,2025-02-28,2025-02-28,28-02-2025,9,2486991356.0,2486991356.00000000,False,1740690000,net_international_reserves,"TCMB haftalik vaziyet tablosundaki net uluslararasi rezervleri (2A) izlemek; arsivlenmis TP.AB.*06 varyantlari yerine guncel, arsiv-disi seri secildi.",2A Net Uluslararası Rezervler (1+2+3),2A Net International Reserves (1+2+3),bie_abstc2,HAFTALIK(CUMA),Bin TL,last,TCMB,raw/TP_AB_N06_2025-01-01_2025-12-31_request.json,fbbe80fad5597886790a1850f398e41b97478f4d3afaa5e1e71d30d31e96de93,raw/TP_AB_N06_2025-01-01_2025-12-31_response.json.gz,f283a10fe6a6bafe0cd13ea8a03aba80e3d85c7587f99e6084c7afa0933f174c,observed,within_series_coverage,False,False
TP.AB.N06,2025-03-07,2025-03-07,2025-03-07,07-03-2025,10,2701371244.0,2701371244.00000000,False,1741294800,net_international_reserves,"TCMB haftalik vaziyet tablosundaki net uluslararasi rezervleri (2A) izlemek; arsivlenmis TP.AB.*06 varyantlari yerine guncel, arsiv-disi seri secildi.",2A Net Uluslararası Rezervler (1+2+3),2A Net International Reserves (1+2+3),bie_abstc2,HAFTALIK(CUMA),Bin TL,last,TCMB,raw/TP_AB_N06_2025-01-01_2025-12-31_request.json,fbbe80fad5597886790a1850f398e41b97478f4d3afaa5e1e71d30d31e96de93,raw/TP_AB_N06_2025-01-01_2025-12-31_response.json.gz,f283a10fe6a6bafe0cd13ea8a03aba80e3d85c7587f99e6084c7afa0933f174c,observed,within_series_coverage,False,False
TP.AB.N06,2025-03-14,2025-03-14,2025-03-14,14-03-2025,11,2700242796.0,2700242796.00000000,False,1741899600,net_international_reserves,"TCMB haftalik vaziyet tablosundaki net uluslararasi rezervleri (2A) izlemek; arsivlenmis TP.AB.*06 varyantlari yerine guncel, arsiv-disi seri secildi.",2A Net Uluslararası Rezervler (1+2+3),2A Net International Reserves (1+2+3),bie_abstc2,HAFTALIK(CUMA),Bin TL,last,TCMB,raw/TP_AB_N06_2025-01-01_2025-12-31_request.json,fbbe80fad5597886790a1850f398e41b97478f4d3afaa5e1e71d30d31e96de93,raw/TP_AB_N06_2025-01-01_2025-12-31_response.json.gz,f283a10fe6a6bafe0cd13ea8a03aba80e3d85c7587f99e6084c7afa0933f174c,observed,within_series_coverage,False,False
TP.AB.N06,2025-03-21,2025-03-21,2025-03-21,21-03-2025,12,2354360032.0,2354360032.00000000,False,1742504400,net_international_reserves,"TCMB haftalik vaziyet tablosundaki net uluslararasi rezervleri (2A) izlemek; arsivlenmis TP.AB.*06 varyantlari yerine guncel, arsiv-disi seri secildi.",2A Net Uluslararası Rezervler (1+2+3),2A Net International Reserves (1+2+3),bie_abstc2,HAFTALIK(CUMA),Bin TL,last,TCMB,raw/TP_AB_N06_2025-01-01_2025-12-31_request.json,fbbe80fad5597886790a1850f398e41b97478f4d3afaa5e1e71d30d31e96de93,raw/TP_AB_N06_2025-01-01_2025-12-31_response.json.gz,f283a10fe6a6bafe0cd13ea8a03aba80e3d85c7587f99e6084c7afa0933f174c,observed,within_series_coverage,False,False
TP.AB.N06,2025-03-28,2025-03-28,2025-03-28,28-03-2025,13,2127337056.0,2127337056.00000000,False,1743109200,net_international_reserves,"TCMB haftalik vaziyet tablosundaki net uluslararasi rezervleri (2A) izlemek; arsivlenmis TP.AB.*06 varyantlari yerine guncel, arsiv-disi seri secildi.",2A Net Uluslararası Rezervler (1+2+3),2A Net International Reserves (1+2+3),bie_abstc2,HAFTALIK(CUMA),Bin TL,last,TCMB,raw/TP_AB_N06_2025-01-01_2025-12-31_request.json,fbbe80fad5597886790a1850f398e41b97478f4d3afaa5e1e71d30d31e96de93,raw/TP_AB_N06_2025-01-01_2025-12-31_response.json.gz,f283a10fe6a6bafe0cd13ea8a03aba80e3d85c7587f99e6084c7afa0933f174c,observed,within_series_coverage,False,False
TP.AB.N06,2025-04-04,2025-04-04,2025-04-04,04-04-2025,14,1844013965.0,1844013965.00000000,False,1743714000,net_international_reserves,"TCMB haftalik vaziyet tablosundaki net uluslararasi rezervleri (2A) izlemek; arsivlenmis TP.AB.*06 varyantlari yerine guncel, arsiv-disi seri secildi.",2A Net Uluslararası Rezervler (1+2+3),2A Net International Reserves (1+2+3),bie_abstc2,HAFTALIK(CUMA),Bin TL,last,TCMB,raw/TP_AB_N06_2025-01-01_2025-12-31_request.json,fbbe80fad5597886790a1850f398e41b97478f4d3afaa5e1e71d30d31e96de93,raw/TP_AB_N06_2025-01-01_2025-12-31_response.json.gz,f283a10fe6a6bafe0cd13ea8a03aba80e3d85c7587f99e6084c7afa0933f174c,observed,within_series_coverage,False,False
TP.AB.N06,2025-04-11,2025-04-11,2025-04-11,11-04-2025,15,1471966479.0,1471966479.00000000,False,1744318800,net_international_reserves,"TCMB haftalik vaziyet tablosundaki net uluslararasi rezervleri (2A) izlemek; arsivlenmis TP.AB.*06 varyantlari yerine guncel, arsiv-disi seri secildi.",2A Net Uluslararası Rezervler (1+2+3),2A Net International Reserves (1+2+3),bie_abstc2,HAFTALIK(CUMA),Bin TL,last,TCMB,raw/TP_AB_N06_2025-01-01_2025-12-31_request.json,fbbe80fad5597886790a1850f398e41b97478f4d3afaa5e1e71d30d31e96de93,raw/TP_AB_N06_2025-01-01_2025-12-31_response.json.gz,f283a10fe6a6bafe0cd13ea8a03aba80e3d85c7587f99e6084c7afa0933f174c,observed,within_series_coverage,False,False
TP.AB.N06,2025-04-18,2025-04-18,2025-04-18,18-04-2025,16,1470330405.0,1470330405.00000000,False,1744923600,net_international_reserves,"TCMB haftalik vaziyet tablosundaki net uluslararasi rezervleri (2A) izlemek; arsivlenmis TP.AB.*06 varyantlari yerine guncel, arsiv-disi seri secildi.",2A Net Uluslararası Rezervler (1+2+3),2A Net International Reserves (1+2+3),bie_abstc2,HAFTALIK(CUMA),Bin TL,last,TCMB,raw/TP_AB_N06_2025-01-01_2025-12-31_request.json,fbbe80fad5597886790a1850f398e41b97478f4d3afaa5e1e71d30d31e96de93,raw/TP_AB_N06_2025-01-01_2025-12-31_response.json.gz,f283a10fe6a6bafe0cd13ea8a03aba80e3d85c7587f99e6084c7afa0933f174c,observed,within_series_coverage,False,False
TP.AB.N06,2025-04-25,2025-04-25,2025-04-25,25-04-2025,17,1338474750.0,1338474750.00000000,False,1745528400,net_international_reserves,"TCMB haftalik vaziyet tablosundaki net uluslararasi rezervleri (2A) izlemek; arsivlenmis TP.AB.*06 varyantlari yerine guncel, arsiv-disi seri secildi.",2A Net Uluslararası Rezervler (1+2+3),2A Net International Reserves (1+2+3),bie_abstc2,HAFTALIK(CUMA),Bin TL,last,TCMB,raw/TP_AB_N06_2025-01-01_2025-12-31_request.json,fbbe80fad5597886790a1850f398e41b97478f4d3afaa5e1e71d30d31e96de93,raw/TP_AB_N06_2025-01-01_2025-12-31_response.json.gz,f283a10fe6a6bafe0cd13ea8a03aba80e3d85c7587f99e6084c7afa0933f174c,observed,within_series_coverage,False,False
TP.AB.N06,2025-05-02,2025-05-02,2025-05-02,02-05-2025,18,1258321780.0,1258321780.00000000,False,1746133200,net_international_reserves,"TCMB haftalik vaziyet tablosundaki net uluslararasi rezervleri (2A) izlemek; arsivlenmis TP.AB.*06 varyantlari yerine guncel, arsiv-disi seri secildi.",2A Net Uluslararası Rezervler (1+2+3),2A Net International Reserves (1+2+3),bie_abstc2,HAFTALIK(CUMA),Bin TL,last,TCMB,raw/TP_AB_N06_2025-01-01_2025-12-31_request.json,fbbe80fad5597886790a1850f398e41b97478f4d3afaa5e1e71d30d31e96de93,raw/TP_AB_N06_2025-01-01_2025-12-31_response.json.gz,f283a10fe6a6bafe0cd13ea8a03aba80e3d85c7587f99e6084c7afa0933f174c,observed,within_series_coverage,False,False
TP.AB.N06,2025-05-09,2025-05-09,2025-05-09,09-05-2025,19,1449060778.0,1449060778.00000000,False,1746738000,net_international_reserves,"TCMB haftalik vaziyet tablosundaki net uluslararasi rezervleri (2A) izlemek; arsivlenmis TP.AB.*06 varyantlari yerine guncel, arsiv-disi seri secildi.",2A Net Uluslararası Rezervler (1+2+3),2A Net International Reserves (1+2+3),bie_abstc2,HAFTALIK(CUMA),Bin TL,last,TCMB,raw/TP_AB_N06_2025-01-01_2025-12-31_request.json,fbbe80fad5597886790a1850f398e41b97478f4d3afaa5e1e71d30d31e96de93,raw/TP_AB_N06_2025-01-01_2025-12-31_response.json.gz,f283a10fe6a6bafe0cd13ea8a03aba80e3d85c7587f99e6084c7afa0933f174c,observed,within_series_coverage,False,False
TP.AB.N06,2025-05-16,2025-05-16,2025-05-16,16-05-2025,20,1544856245.0,1544856245.00000000,False,1747342800,net_international_reserves,"TCMB haftalik vaziyet tablosundaki net uluslararasi rezervleri (2A) izlemek; arsivlenmis TP.AB.*06 varyantlari yerine guncel, arsiv-disi seri secildi.",2A Net Uluslararası Rezervler (1+2+3),2A Net International Reserves (1+2+3),bie_abstc2,HAFTALIK(CUMA),Bin TL,last,TCMB,raw/TP_AB_N06_2025-01-01_2025-12-31_request.json,fbbe80fad5597886790a1850f398e41b97478f4d3afaa5e1e71d30d31e96de93,raw/TP_AB_N06_2025-01-01_2025-12-31_response.json.gz,f283a10fe6a6bafe0cd13ea8a03aba80e3d85c7587f99e6084c7afa0933f174c,observed,within_series_coverage,False,False
TP.AB.N06,2025-05-23,2025-05-23,2025-05-23,23-05-2025,21,1861070339.0,1861070339.00000000,False,1747947600,net_international_reserves,"TCMB haftalik vaziyet tablosundaki net uluslararasi rezervleri (2A) izlemek; arsivlenmis TP.AB.*06 varyantlari yerine guncel, arsiv-disi seri secildi.",2A Net Uluslararası Rezervler (1+2+3),2A Net International Reserves (1+2+3),bie_abstc2,HAFTALIK(CUMA),Bin TL,last,TCMB,raw/TP_AB_N06_2025-01-01_2025-12-31_request.json,fbbe80fad5597886790a1850f398e41b97478f4d3afaa5e1e71d30d31e96de93,raw/TP_AB_N06_2025-01-01_2025-12-31_response.json.gz,f283a10fe6a6bafe0cd13ea8a03aba80e3d85c7587f99e6084c7afa0933f174c,observed,within_series_coverage,False,False
TP.AB.N06,2025-05-30,2025-05-30,2025-05-30,30-05-2025,22,1926358554.0,1926358554.00000000,False,1748552400,net_international_reserves,"TCMB haftalik vaziyet tablosundaki net uluslararasi rezervleri (2A) izlemek; arsivlenmis TP.AB.*06 varyantlari yerine guncel, arsiv-disi seri secildi.",2A Net Uluslararası Rezervler (1+2+3),2A Net International Reserves (1+2+3),bie_abstc2,HAFTALIK(CUMA),Bin TL,last,TCMB,raw/TP_AB_N06_2025-01-01_2025-12-31_request.json,fbbe80fad5597886790a1850f398e41b97478f4d3afaa5e1e71d30d31e96de93,raw/TP_AB_N06_2025-01-01_2025-12-31_response.json.gz,f283a10fe6a6bafe0cd13ea8a03aba80e3d85c7587f99e6084c7afa0933f174c,observed,within_series_coverage,False,False
TP.AB.N06,2025-06-06,2025-06-06,2025-06-06,06-06-2025,23,2038139582.0,2038139582.00000000,False,1749157200,net_international_reserves,"TCMB haftalik vaziyet tablosundaki net uluslararasi rezervleri (2A) izlemek; arsivlenmis TP.AB.*06 varyantlari yerine guncel, arsiv-disi seri secildi.",2A Net Uluslararası Rezervler (1+2+3),2A Net International Reserves (1+2+3),bie_abstc2,HAFTALIK(CUMA),Bin TL,last,TCMB,raw/TP_AB_N06_2025-01-01_2025-12-31_request.json,fbbe80fad5597886790a1850f398e41b97478f4d3afaa5e1e71d30d31e96de93,raw/TP_AB_N06_2025-01-01_2025-12-31_response.json.gz,f283a10fe6a6bafe0cd13ea8a03aba80e3d85c7587f99e6084c7afa0933f174c,observed,within_series_coverage,False,False
TP.AB.N06,2025-06-13,2025-06-13,2025-06-13,13-06-2025,24,2149028494.0,2149028494.00000000,False,1749762000,net_international_reserves,"TCMB haftalik vaziyet tablosundaki net uluslararasi rezervleri (2A) izlemek; arsivlenmis TP.AB.*06 varyantlari yerine guncel, arsiv-disi seri secildi.",2A Net Uluslararası Rezervler (1+2+3),2A Net International Reserves (1+2+3),bie_abstc2,HAFTALIK(CUMA),Bin TL,last,TCMB,raw/TP_AB_N06_2025-01-01_2025-12-31_request.json,fbbe80fad5597886790a1850f398e41b97478f4d3afaa5e1e71d30d31e96de93,raw/TP_AB_N06_2025-01-01_2025-12-31_response.json.gz,f283a10fe6a6bafe0cd13ea8a03aba80e3d85c7587f99e6084c7afa0933f174c,observed,within_series_coverage,False,False
TP.AB.N06,2025-06-20,2025-06-20,2025-06-20,20-06-2025,25,1899988683.0,1899988683.00000000,False,1750366800,net_international_reserves,"TCMB haftalik vaziyet tablosundaki net uluslararasi rezervleri (2A) izlemek; arsivlenmis TP.AB.*06 varyantlari yerine guncel, arsiv-disi seri secildi.",2A Net Uluslararası Rezervler (1+2+3),2A Net International Reserves (1+2+3),bie_abstc2,HAFTALIK(CUMA),Bin TL,last,TCMB,raw/TP_AB_N06_2025-01-01_2025-12-31_request.json,fbbe80fad5597886790a1850f398e41b97478f4d3afaa5e1e71d30d31e96de93,raw/TP_AB_N06_2025-01-01_2025-12-31_response.json.gz,f283a10fe6a6bafe0cd13ea8a03aba80e3d85c7587f99e6084c7afa0933f174c,observed,within_series_coverage,False,False
TP.AB.N06,2025-06-27,2025-06-27,2025-06-27,27-06-2025,26,1840730572.0,1840730572.00000000,False,1750971600,net_international_reserves,"TCMB haftalik vaziyet tablosundaki net uluslararasi rezervleri (2A) izlemek; arsivlenmis TP.AB.*06 varyantlari yerine guncel, arsiv-disi seri secildi.",2A Net Uluslararası Rezervler (1+2+3),2A Net International Reserves (1+2+3),bie_abstc2,HAFTALIK(CUMA),Bin TL,last,TCMB,raw/TP_AB_N06_2025-01-01_2025-12-31_request.json,fbbe80fad5597886790a1850f398e41b97478f4d3afaa5e1e71d30d31e96de93,raw/TP_AB_N06_2025-01-01_2025-12-31_response.json.gz,f283a10fe6a6bafe0cd13ea8a03aba80e3d85c7587f99e6084c7afa0933f174c,observed,within_series_coverage,False,False
TP.AB.N06,2025-07-04,2025-07-04,2025-07-04,04-07-2025,27,2280155863.0,2280155863.00000000,False,1751576400,net_international_reserves,"TCMB haftalik vaziyet tablosundaki net uluslararasi rezervleri (2A) izlemek; arsivlenmis TP.AB.*06 varyantlari yerine guncel, arsiv-disi seri secildi.",2A Net Uluslararası Rezervler (1+2+3),2A Net International Reserves (1+2+3),bie_abstc2,HAFTALIK(CUMA),Bin TL,last,TCMB,raw/TP_AB_N06_2025-01-01_2025-12-31_request.json,fbbe80fad5597886790a1850f398e41b97478f4d3afaa5e1e71d30d31e96de93,raw/TP_AB_N06_2025-01-01_2025-12-31_response.json.gz,f283a10fe6a6bafe0cd13ea8a03aba80e3d85c7587f99e6084c7afa0933f174c,observed,within_series_coverage,False,False
TP.AB.N06,2025-07-11,2025-07-11,2025-07-11,11-07-2025,28,2390288158.0,2390288158.00000000,False,1752181200,net_international_reserves,"TCMB haftalik vaziyet tablosundaki net uluslararasi rezervleri (2A) izlemek; arsivlenmis TP.AB.*06 varyantlari yerine guncel, arsiv-disi seri secildi.",2A Net Uluslararası Rezervler (1+2+3),2A Net International Reserves (1+2+3),bie_abstc2,HAFTALIK(CUMA),Bin TL,last,TCMB,raw/TP_AB_N06_2025-01-01_2025-12-31_request.json,fbbe80fad5597886790a1850f398e41b97478f4d3afaa5e1e71d30d31e96de93,raw/TP_AB_N06_2025-01-01_2025-12-31_response.json.gz,f283a10fe6a6bafe0cd13ea8a03aba80e3d85c7587f99e6084c7afa0933f174c,observed,within_series_coverage,False,False
TP.AB.N06,2025-07-18,2025-07-18,2025-07-18,18-07-2025,29,2524616427.0,2524616427.00000000,False,1752786000,net_international_reserves,"TCMB haftalik vaziyet tablosundaki net uluslararasi rezervleri (2A) izlemek; arsivlenmis TP.AB.*06 varyantlari yerine guncel, arsiv-disi seri secildi.",2A Net Uluslararası Rezervler (1+2+3),2A Net International Reserves (1+2+3),bie_abstc2,HAFTALIK(CUMA),Bin TL,last,TCMB,raw/TP_AB_N06_2025-01-01_2025-12-31_request.json,fbbe80fad5597886790a1850f398e41b97478f4d3afaa5e1e71d30d31e96de93,raw/TP_AB_N06_2025-01-01_2025-12-31_response.json.gz,f283a10fe6a6bafe0cd13ea8a03aba80e3d85c7587f99e6084c7afa0933f174c,observed,within_series_coverage,False,False
TP.AB.N06,2025-07-25,2025-07-25,2025-07-25,25-07-2025,30,2603310961.0,2603310961.00000000,False,1753390800,net_international_reserves,"TCMB haftalik vaziyet tablosundaki net uluslararasi rezervleri (2A) izlemek; arsivlenmis TP.AB.*06 varyantlari yerine guncel, arsiv-disi seri secildi.",2A Net Uluslararası Rezervler (1+2+3),2A Net International Reserves (1+2+3),bie_abstc2,HAFTALIK(CUMA),Bin TL,last,TCMB,raw/TP_AB_N06_2025-01-01_2025-12-31_request.json,fbbe80fad5597886790a1850f398e41b97478f4d3afaa5e1e71d30d31e96de93,raw/TP_AB_N06_2025-01-01_2025-12-31_response.json.gz,f283a10fe6a6bafe0cd13ea8a03aba80e3d85c7587f99e6084c7afa0933f174c,observed,within_series_coverage,False,False
TP.AB.N06,2025-08-01,2025-08-01,2025-08-01,01-08-2025,31,2560356551.0,2560356551.00000000,False,1753995600,net_international_reserves,"TCMB haftalik vaziyet tablosundaki net uluslararasi rezervleri (2A) izlemek; arsivlenmis TP.AB.*06 varyantlari yerine guncel, arsiv-disi seri secildi.",2A Net Uluslararası Rezervler (1+2+3),2A Net International Reserves (1+2+3),bie_abstc2,HAFTALIK(CUMA),Bin TL,last,TCMB,raw/TP_AB_N06_2025-01-01_2025-12-31_request.json,fbbe80fad5597886790a1850f398e41b97478f4d3afaa5e1e71d30d31e96de93,raw/TP_AB_N06_2025-01-01_2025-12-31_response.json.gz,f283a10fe6a6bafe0cd13ea8a03aba80e3d85c7587f99e6084c7afa0933f174c,observed,within_series_coverage,False,False
TP.AB.N06,2025-08-08,2025-08-08,2025-08-08,08-08-2025,32,2742097391.0,2742097391.00000000,False,1754600400,net_international_reserves,"TCMB haftalik vaziyet tablosundaki net uluslararasi rezervleri (2A) izlemek; arsivlenmis TP.AB.*06 varyantlari yerine guncel, arsiv-disi seri secildi.",2A Net Uluslararası Rezervler (1+2+3),2A Net International Reserves (1+2+3),bie_abstc2,HAFTALIK(CUMA),Bin TL,last,TCMB,raw/TP_AB_N06_2025-01-01_2025-12-31_request.json,fbbe80fad5597886790a1850f398e41b97478f4d3afaa5e1e71d30d31e96de93,raw/TP_AB_N06_2025-01-01_2025-12-31_response.json.gz,f283a10fe6a6bafe0cd13ea8a03aba80e3d85c7587f99e6084c7afa0933f174c,observed,within_series_coverage,False,False
TP.AB.N06,2025-08-15,2025-08-15,2025-08-15,15-08-2025,33,2850125678.0,2850125678.00000000,False,1755205200,net_international_reserves,"TCMB haftalik vaziyet tablosundaki net uluslararasi rezervleri (2A) izlemek; arsivlenmis TP.AB.*06 varyantlari yerine guncel, arsiv-disi seri secildi.",2A Net Uluslararası Rezervler (1+2+3),2A Net International Reserves (1+2+3),bie_abstc2,HAFTALIK(CUMA),Bin TL,last,TCMB,raw/TP_AB_N06_2025-01-01_2025-12-31_request.json,fbbe80fad5597886790a1850f398e41b97478f4d3afaa5e1e71d30d31e96de93,raw/TP_AB_N06_2025-01-01_2025-12-31_response.json.gz,f283a10fe6a6bafe0cd13ea8a03aba80e3d85c7587f99e6084c7afa0933f174c,observed,within_series_coverage,False,False
TP.AB.N06,2025-08-22,2025-08-22,2025-08-22,22-08-2025,34,2931836278.0,2931836278.00000000,False,1755810000,net_international_reserves,"TCMB haftalik vaziyet tablosundaki net uluslararasi rezervleri (2A) izlemek; arsivlenmis TP.AB.*06 varyantlari yerine guncel, arsiv-disi seri secildi.",2A Net Uluslararası Rezervler (1+2+3),2A Net International Reserves (1+2+3),bie_abstc2,HAFTALIK(CUMA),Bin TL,last,TCMB,raw/TP_AB_N06_2025-01-01_2025-12-31_request.json,fbbe80fad5597886790a1850f398e41b97478f4d3afaa5e1e71d30d31e96de93,raw/TP_AB_N06_2025-01-01_2025-12-31_response.json.gz,f283a10fe6a6bafe0cd13ea8a03aba80e3d85c7587f99e6084c7afa0933f174c,observed,within_series_coverage,False,False
TP.AB.N06,2025-08-29,2025-08-29,2025-08-29,29-08-2025,35,3016834634.0,3016834634.00000000,False,1756414800,net_international_reserves,"TCMB haftalik vaziyet tablosundaki net uluslararasi rezervleri (2A) izlemek; arsivlenmis TP.AB.*06 varyantlari yerine guncel, arsiv-disi seri secildi.",2A Net Uluslararası Rezervler (1+2+3),2A Net International Reserves (1+2+3),bie_abstc2,HAFTALIK(CUMA),Bin TL,last,TCMB,raw/TP_AB_N06_2025-01-01_2025-12-31_request.json,fbbe80fad5597886790a1850f398e41b97478f4d3afaa5e1e71d30d31e96de93,raw/TP_AB_N06_2025-01-01_2025-12-31_response.json.gz,f283a10fe6a6bafe0cd13ea8a03aba80e3d85c7587f99e6084c7afa0933f174c,observed,within_series_coverage,False,False
TP.AB.N06,2025-09-05,2025-09-05,2025-09-05,05-09-2025,36,2925621764.0,2925621764.00000000,False,1757019600,net_international_reserves,"TCMB haftalik vaziyet tablosundaki net uluslararasi rezervleri (2A) izlemek; arsivlenmis TP.AB.*06 varyantlari yerine guncel, arsiv-disi seri secildi.",2A Net Uluslararası Rezervler (1+2+3),2A Net International Reserves (1+2+3),bie_abstc2,HAFTALIK(CUMA),Bin TL,last,TCMB,raw/TP_AB_N06_2025-01-01_2025-12-31_request.json,fbbe80fad5597886790a1850f398e41b97478f4d3afaa5e1e71d30d31e96de93,raw/TP_AB_N06_2025-01-01_2025-12-31_response.json.gz,f283a10fe6a6bafe0cd13ea8a03aba80e3d85c7587f99e6084c7afa0933f174c,observed,within_series_coverage,False,False
TP.AB.N06,2025-09-12,2025-09-12,2025-09-12,12-09-2025,37,2868332399.0,2868332399.00000000,False,1757624400,net_international_reserves,"TCMB haftalik vaziyet tablosundaki net uluslararasi rezervleri (2A) izlemek; arsivlenmis TP.AB.*06 varyantlari yerine guncel, arsiv-disi seri secildi.",2A Net Uluslararası Rezervler (1+2+3),2A Net International Reserves (1+2+3),bie_abstc2,HAFTALIK(CUMA),Bin TL,last,TCMB,raw/TP_AB_N06_2025-01-01_2025-12-31_request.json,fbbe80fad5597886790a1850f398e41b97478f4d3afaa5e1e71d30d31e96de93,raw/TP_AB_N06_2025-01-01_2025-12-31_response.json.gz,f283a10fe6a6bafe0cd13ea8a03aba80e3d85c7587f99e6084c7afa0933f174c,observed,within_series_coverage,False,False
TP.AB.N06,2025-09-19,2025-09-19,2025-09-19,19-09-2025,38,2903202255.0,2903202255.00000000,False,1758229200,net_international_reserves,"TCMB haftalik vaziyet tablosundaki net uluslararasi rezervleri (2A) izlemek; arsivlenmis TP.AB.*06 varyantlari yerine guncel, arsiv-disi seri secildi.",2A Net Uluslararası Rezervler (1+2+3),2A Net International Reserves (1+2+3),bie_abstc2,HAFTALIK(CUMA),Bin TL,last,TCMB,raw/TP_AB_N06_2025-01-01_2025-12-31_request.json,fbbe80fad5597886790a1850f398e41b97478f4d3afaa5e1e71d30d31e96de93,raw/TP_AB_N06_2025-01-01_2025-12-31_response.json.gz,f283a10fe6a6bafe0cd13ea8a03aba80e3d85c7587f99e6084c7afa0933f174c,observed,within_series_coverage,False,False
TP.AB.N06,2025-09-26,2025-09-26,2025-09-26,26-09-2025,39,3010334264.0,3010334264.00000000,False,1758834000,net_international_reserves,"TCMB haftalik vaziyet tablosundaki net uluslararasi rezervleri (2A) izlemek; arsivlenmis TP.AB.*06 varyantlari yerine guncel, arsiv-disi seri secildi.",2A Net Uluslararası Rezervler (1+2+3),2A Net International Reserves (1+2+3),bie_abstc2,HAFTALIK(CUMA),Bin TL,last,TCMB,raw/TP_AB_N06_2025-01-01_2025-12-31_request.json,fbbe80fad5597886790a1850f398e41b97478f4d3afaa5e1e71d30d31e96de93,raw/TP_AB_N06_2025-01-01_2025-12-31_response.json.gz,f283a10fe6a6bafe0cd13ea8a03aba80e3d85c7587f99e6084c7afa0933f174c,observed,within_series_coverage,False,False
TP.AB.N06,2025-10-03,2025-10-03,2025-10-03,03-10-2025,40,3124944722.0,3124944722.00000000,False,1759438800,net_international_reserves,"TCMB haftalik vaziyet tablosundaki net uluslararasi rezervleri (2A) izlemek; arsivlenmis TP.AB.*06 varyantlari yerine guncel, arsiv-disi seri secildi.",2A Net Uluslararası Rezervler (1+2+3),2A Net International Reserves (1+2+3),bie_abstc2,HAFTALIK(CUMA),Bin TL,last,TCMB,raw/TP_AB_N06_2025-01-01_2025-12-31_request.json,fbbe80fad5597886790a1850f398e41b97478f4d3afaa5e1e71d30d31e96de93,raw/TP_AB_N06_2025-01-01_2025-12-31_response.json.gz,f283a10fe6a6bafe0cd13ea8a03aba80e3d85c7587f99e6084c7afa0933f174c,observed,within_series_coverage,False,False
TP.AB.N06,2025-10-10,2025-10-10,2025-10-10,10-10-2025,41,3298723804.0,3298723804.00000000,False,1760043600,net_international_reserves,"TCMB haftalik vaziyet tablosundaki net uluslararasi rezervleri (2A) izlemek; arsivlenmis TP.AB.*06 varyantlari yerine guncel, arsiv-disi seri secildi.",2A Net Uluslararası Rezervler (1+2+3),2A Net International Reserves (1+2+3),bie_abstc2,HAFTALIK(CUMA),Bin TL,last,TCMB,raw/TP_AB_N06_2025-01-01_2025-12-31_request.json,fbbe80fad5597886790a1850f398e41b97478f4d3afaa5e1e71d30d31e96de93,raw/TP_AB_N06_2025-01-01_2025-12-31_response.json.gz,f283a10fe6a6bafe0cd13ea8a03aba80e3d85c7587f99e6084c7afa0933f174c,observed,within_series_coverage,False,False
TP.AB.N06,2025-10-17,2025-10-17,2025-10-17,17-10-2025,42,3325792509.0,3325792509.00000000,False,1760648400,net_international_reserves,"TCMB haftalik vaziyet tablosundaki net uluslararasi rezervleri (2A) izlemek; arsivlenmis TP.AB.*06 varyantlari yerine guncel, arsiv-disi seri secildi.",2A Net Uluslararası Rezervler (1+2+3),2A Net International Reserves (1+2+3),bie_abstc2,HAFTALIK(CUMA),Bin TL,last,TCMB,raw/TP_AB_N06_2025-01-01_2025-12-31_request.json,fbbe80fad5597886790a1850f398e41b97478f4d3afaa5e1e71d30d31e96de93,raw/TP_AB_N06_2025-01-01_2025-12-31_response.json.gz,f283a10fe6a6bafe0cd13ea8a03aba80e3d85c7587f99e6084c7afa0933f174c,observed,within_series_coverage,False,False
TP.AB.N06,2025-10-24,2025-10-24,2025-10-24,24-10-2025,43,2839699364.0,2839699364.00000000,False,1761253200,net_international_reserves,"TCMB haftalik vaziyet tablosundaki net uluslararasi rezervleri (2A) izlemek; arsivlenmis TP.AB.*06 varyantlari yerine guncel, arsiv-disi seri secildi.",2A Net Uluslararası Rezervler (1+2+3),2A Net International Reserves (1+2+3),bie_abstc2,HAFTALIK(CUMA),Bin TL,last,TCMB,raw/TP_AB_N06_2025-01-01_2025-12-31_request.json,fbbe80fad5597886790a1850f398e41b97478f4d3afaa5e1e71d30d31e96de93,raw/TP_AB_N06_2025-01-01_2025-12-31_response.json.gz,f283a10fe6a6bafe0cd13ea8a03aba80e3d85c7587f99e6084c7afa0933f174c,observed,within_series_coverage,False,False
TP.AB.N06,2025-10-31,2025-10-31,2025-10-31,31-10-2025,44,2903680157.0,2903680157.00000000,False,1761858000,net_international_reserves,"TCMB haftalik vaziyet tablosundaki net uluslararasi rezervleri (2A) izlemek; arsivlenmis TP.AB.*06 varyantlari yerine guncel, arsiv-disi seri secildi.",2A Net Uluslararası Rezervler (1+2+3),2A Net International Reserves (1+2+3),bie_abstc2,HAFTALIK(CUMA),Bin TL,last,TCMB,raw/TP_AB_N06_2025-01-01_2025-12-31_request.json,fbbe80fad5597886790a1850f398e41b97478f4d3afaa5e1e71d30d31e96de93,raw/TP_AB_N06_2025-01-01_2025-12-31_response.json.gz,f283a10fe6a6bafe0cd13ea8a03aba80e3d85c7587f99e6084c7afa0933f174c,observed,within_series_coverage,False,False
TP.AB.N06,2025-11-07,2025-11-07,2025-11-07,07-11-2025,45,3079285484.0,3079285484.00000000,False,1762462800,net_international_reserves,"TCMB haftalik vaziyet tablosundaki net uluslararasi rezervleri (2A) izlemek; arsivlenmis TP.AB.*06 varyantlari yerine guncel, arsiv-disi seri secildi.",2A Net Uluslararası Rezervler (1+2+3),2A Net International Reserves (1+2+3),bie_abstc2,HAFTALIK(CUMA),Bin TL,last,TCMB,raw/TP_AB_N06_2025-01-01_2025-12-31_request.json,fbbe80fad5597886790a1850f398e41b97478f4d3afaa5e1e71d30d31e96de93,raw/TP_AB_N06_2025-01-01_2025-12-31_response.json.gz,f283a10fe6a6bafe0cd13ea8a03aba80e3d85c7587f99e6084c7afa0933f174c,observed,within_series_coverage,False,False
TP.AB.N06,2025-11-14,2025-11-14,2025-11-14,14-11-2025,46,3043395381.0,3043395381.00000000,False,1763067600,net_international_reserves,"TCMB haftalik vaziyet tablosundaki net uluslararasi rezervleri (2A) izlemek; arsivlenmis TP.AB.*06 varyantlari yerine guncel, arsiv-disi seri secildi.",2A Net Uluslararası Rezervler (1+2+3),2A Net International Reserves (1+2+3),bie_abstc2,HAFTALIK(CUMA),Bin TL,last,TCMB,raw/TP_AB_N06_2025-01-01_2025-12-31_request.json,fbbe80fad5597886790a1850f398e41b97478f4d3afaa5e1e71d30d31e96de93,raw/TP_AB_N06_2025-01-01_2025-12-31_response.json.gz,f283a10fe6a6bafe0cd13ea8a03aba80e3d85c7587f99e6084c7afa0933f174c,observed,within_series_coverage,False,False
TP.AB.N06,2025-11-21,2025-11-21,2025-11-21,21-11-2025,47,2933639767.0,2933639767.00000000,False,1763672400,net_international_reserves,"TCMB haftalik vaziyet tablosundaki net uluslararasi rezervleri (2A) izlemek; arsivlenmis TP.AB.*06 varyantlari yerine guncel, arsiv-disi seri secildi.",2A Net Uluslararası Rezervler (1+2+3),2A Net International Reserves (1+2+3),bie_abstc2,HAFTALIK(CUMA),Bin TL,last,TCMB,raw/TP_AB_N06_2025-01-01_2025-12-31_request.json,fbbe80fad5597886790a1850f398e41b97478f4d3afaa5e1e71d30d31e96de93,raw/TP_AB_N06_2025-01-01_2025-12-31_response.json.gz,f283a10fe6a6bafe0cd13ea8a03aba80e3d85c7587f99e6084c7afa0933f174c,observed,within_series_coverage,False,False
TP.AB.N06,2025-11-28,2025-11-28,2025-11-28,28-11-2025,48,3055023239.0,3055023239.00000000,False,1764277200,net_international_reserves,"TCMB haftalik vaziyet tablosundaki net uluslararasi rezervleri (2A) izlemek; arsivlenmis TP.AB.*06 varyantlari yerine guncel, arsiv-disi seri secildi.",2A Net Uluslararası Rezervler (1+2+3),2A Net International Reserves (1+2+3),bie_abstc2,HAFTALIK(CUMA),Bin TL,last,TCMB,raw/TP_AB_N06_2025-01-01_2025-12-31_request.json,fbbe80fad5597886790a1850f398e41b97478f4d3afaa5e1e71d30d31e96de93,raw/TP_AB_N06_2025-01-01_2025-12-31_response.json.gz,f283a10fe6a6bafe0cd13ea8a03aba80e3d85c7587f99e6084c7afa0933f174c,observed,within_series_coverage,False,False
TP.AB.N06,2025-12-05,2025-12-05,2025-12-05,05-12-2025,49,3287412591.0,3287412591.00000000,False,1764882000,net_international_reserves,"TCMB haftalik vaziyet tablosundaki net uluslararasi rezervleri (2A) izlemek; arsivlenmis TP.AB.*06 varyantlari yerine guncel, arsiv-disi seri secildi.",2A Net Uluslararası Rezervler (1+2+3),2A Net International Reserves (1+2+3),bie_abstc2,HAFTALIK(CUMA),Bin TL,last,TCMB,raw/TP_AB_N06_2025-01-01_2025-12-31_request.json,fbbe80fad5597886790a1850f398e41b97478f4d3afaa5e1e71d30d31e96de93,raw/TP_AB_N06_2025-01-01_2025-12-31_response.json.gz,f283a10fe6a6bafe0cd13ea8a03aba80e3d85c7587f99e6084c7afa0933f174c,observed,within_series_coverage,False,False
TP.AB.N06,2025-12-12,2025-12-12,2025-12-12,12-12-2025,50,3385956914.0,3385956914.00000000,False,1765486800,net_international_reserves,"TCMB haftalik vaziyet tablosundaki net uluslararasi rezervleri (2A) izlemek; arsivlenmis TP.AB.*06 varyantlari yerine guncel, arsiv-disi seri secildi.",2A Net Uluslararası Rezervler (1+2+3),2A Net International Reserves (1+2+3),bie_abstc2,HAFTALIK(CUMA),Bin TL,last,TCMB,raw/TP_AB_N06_2025-01-01_2025-12-31_request.json,fbbe80fad5597886790a1850f398e41b97478f4d3afaa5e1e71d30d31e96de93,raw/TP_AB_N06_2025-01-01_2025-12-31_response.json.gz,f283a10fe6a6bafe0cd13ea8a03aba80e3d85c7587f99e6084c7afa0933f174c,observed,within_series_coverage,False,False
TP.AB.N06,2025-12-19,2025-12-19,2025-12-19,19-12-2025,51,3430939179.0,3430939179.00000000,False,1766091600,net_international_reserves,"TCMB haftalik vaziyet tablosundaki net uluslararasi rezervleri (2A) izlemek; arsivlenmis TP.AB.*06 varyantlari yerine guncel, arsiv-disi seri secildi.",2A Net Uluslararası Rezervler (1+2+3),2A Net International Reserves (1+2+3),bie_abstc2,HAFTALIK(CUMA),Bin TL,last,TCMB,raw/TP_AB_N06_2025-01-01_2025-12-31_request.json,fbbe80fad5597886790a1850f398e41b97478f4d3afaa5e1e71d30d31e96de93,raw/TP_AB_N06_2025-01-01_2025-12-31_response.json.gz,f283a10fe6a6bafe0cd13ea8a03aba80e3d85c7587f99e6084c7afa0933f174c,observed,within_series_coverage,False,False
TP.AB.N06,2025-12-26,2025-12-26,2025-12-26,26-12-2025,52,3411442167.0,3411442167.00000000,False,1766696400,net_international_reserves,"TCMB haftalik vaziyet tablosundaki net uluslararasi rezervleri (2A) izlemek; arsivlenmis TP.AB.*06 varyantlari yerine guncel, arsiv-disi seri secildi.",2A Net Uluslararası Rezervler (1+2+3),2A Net International Reserves (1+2+3),bie_abstc2,HAFTALIK(CUMA),Bin TL,last,TCMB,raw/TP_AB_N06_2025-01-01_2025-12-31_request.json,fbbe80fad5597886790a1850f398e41b97478f4d3afaa5e1e71d30d31e96de93,raw/TP_AB_N06_2025-01-01_2025-12-31_response.json.gz,f283a10fe6a6bafe0cd13ea8a03aba80e3d85c7587f99e6084c7afa0933f174c,observed,within_series_coverage,False,False
TP.AB.N06,2026-01-02,2026-01-02,2026-01-02,02-01-2026,1,3294203068.0,3294203068.00000000,False,1767301200,net_international_reserves,"TCMB haftalik vaziyet tablosundaki net uluslararasi rezervleri (2A) izlemek; arsivlenmis TP.AB.*06 varyantlari yerine guncel, arsiv-disi seri secildi.",2A Net Uluslararası Rezervler (1+2+3),2A Net International Reserves (1+2+3),bie_abstc2,HAFTALIK(CUMA),Bin TL,last,TCMB,raw/TP_AB_N06_2026-01-01_2026-06-30_request.json,b0eea14613ff5ccf578976beab68ea6ead32fc26231b55b14716c4cf6d5028c9,raw/TP_AB_N06_2026-01-01_2026-06-30_response.json.gz,902807405e70ac990deda7b32692d4f75781fd386eac71d60c8638d2899ae622,observed,within_series_coverage,False,False
TP.AB.N06,2026-01-09,2026-01-09,2026-01-09,09-01-2026,2,3563716686.0,3563716686.00000000,False,1767906000,net_international_reserves,"TCMB haftalik vaziyet tablosundaki net uluslararasi rezervleri (2A) izlemek; arsivlenmis TP.AB.*06 varyantlari yerine guncel, arsiv-disi seri secildi.",2A Net Uluslararası Rezervler (1+2+3),2A Net International Reserves (1+2+3),bie_abstc2,HAFTALIK(CUMA),Bin TL,last,TCMB,raw/TP_AB_N06_2026-01-01_2026-06-30_request.json,b0eea14613ff5ccf578976beab68ea6ead32fc26231b55b14716c4cf6d5028c9,raw/TP_AB_N06_2026-01-01_2026-06-30_response.json.gz,902807405e70ac990deda7b32692d4f75781fd386eac71d60c8638d2899ae622,observed,within_series_coverage,False,False
TP.AB.N06,2026-01-16,2026-01-16,2026-01-16,16-01-2026,3,3924054390.0,3924054390.00000000,False,1768510800,net_international_reserves,"TCMB haftalik vaziyet tablosundaki net uluslararasi rezervleri (2A) izlemek; arsivlenmis TP.AB.*06 varyantlari yerine guncel, arsiv-disi seri secildi.",2A Net Uluslararası Rezervler (1+2+3),2A Net International Reserves (1+2+3),bie_abstc2,HAFTALIK(CUMA),Bin TL,last,TCMB,raw/TP_AB_N06_2026-01-01_2026-06-30_request.json,b0eea14613ff5ccf578976beab68ea6ead32fc26231b55b14716c4cf6d5028c9,raw/TP_AB_N06_2026-01-01_2026-06-30_response.json.gz,902807405e70ac990deda7b32692d4f75781fd386eac71d60c8638d2899ae622,observed,within_series_coverage,False,False
TP.AB.N06,2026-01-23,2026-01-23,2026-01-23,23-01-2026,4,4208626460.0,4208626460.00000000,False,1769115600,net_international_reserves,"TCMB haftalik vaziyet tablosundaki net uluslararasi rezervleri (2A) izlemek; arsivlenmis TP.AB.*06 varyantlari yerine guncel, arsiv-disi seri secildi.",2A Net Uluslararası Rezervler (1+2+3),2A Net International Reserves (1+2+3),bie_abstc2,HAFTALIK(CUMA),Bin TL,last,TCMB,raw/TP_AB_N06_2026-01-01_2026-06-30_request.json,b0eea14613ff5ccf578976beab68ea6ead32fc26231b55b14716c4cf6d5028c9,raw/TP_AB_N06_2026-01-01_2026-06-30_response.json.gz,902807405e70ac990deda7b32692d4f75781fd386eac71d60c8638d2899ae622,observed,within_series_coverage,False,False
TP.AB.N06,2026-01-30,2026-01-30,2026-01-30,30-01-2026,5,4046632412.0,4046632412.00000000,False,1769720400,net_international_reserves,"TCMB haftalik vaziyet tablosundaki net uluslararasi rezervleri (2A) izlemek; arsivlenmis TP.AB.*06 varyantlari yerine guncel, arsiv-disi seri secildi.",2A Net Uluslararası Rezervler (1+2+3),2A Net International Reserves (1+2+3),bie_abstc2,HAFTALIK(CUMA),Bin TL,last,TCMB,raw/TP_AB_N06_2026-01-01_2026-06-30_request.json,b0eea14613ff5ccf578976beab68ea6ead32fc26231b55b14716c4cf6d5028c9,raw/TP_AB_N06_2026-01-01_2026-06-30_response.json.gz,902807405e70ac990deda7b32692d4f75781fd386eac71d60c8638d2899ae622,observed,within_series_coverage,False,False
TP.AB.N06,2026-02-06,2026-02-06,2026-02-06,06-02-2026,6,3965869980.0,3965869980.00000000,False,1770325200,net_international_reserves,"TCMB haftalik vaziyet tablosundaki net uluslararasi rezervleri (2A) izlemek; arsivlenmis TP.AB.*06 varyantlari yerine guncel, arsiv-disi seri secildi.",2A Net Uluslararası Rezervler (1+2+3),2A Net International Reserves (1+2+3),bie_abstc2,HAFTALIK(CUMA),Bin TL,last,TCMB,raw/TP_AB_N06_2026-01-01_2026-06-30_request.json,b0eea14613ff5ccf578976beab68ea6ead32fc26231b55b14716c4cf6d5028c9,raw/TP_AB_N06_2026-01-01_2026-06-30_response.json.gz,902807405e70ac990deda7b32692d4f75781fd386eac71d60c8638d2899ae622,observed,within_series_coverage,False,False
TP.AB.N06,2026-02-13,2026-02-13,2026-02-13,13-02-2026,7,4177026930.0,4177026930.00000000,False,1770930000,net_international_reserves,"TCMB haftalik vaziyet tablosundaki net uluslararasi rezervleri (2A) izlemek; arsivlenmis TP.AB.*06 varyantlari yerine guncel, arsiv-disi seri secildi.",2A Net Uluslararası Rezervler (1+2+3),2A Net International Reserves (1+2+3),bie_abstc2,HAFTALIK(CUMA),Bin TL,last,TCMB,raw/TP_AB_N06_2026-01-01_2026-06-30_request.json,b0eea14613ff5ccf578976beab68ea6ead32fc26231b55b14716c4cf6d5028c9,raw/TP_AB_N06_2026-01-01_2026-06-30_response.json.gz,902807405e70ac990deda7b32692d4f75781fd386eac71d60c8638d2899ae622,observed,within_series_coverage,False,False
TP.AB.N06,2026-02-20,2026-02-20,2026-02-20,20-02-2026,8,3896402629.0,3896402629.00000000,False,1771534800,net_international_reserves,"TCMB haftalik vaziyet tablosundaki net uluslararasi rezervleri (2A) izlemek; arsivlenmis TP.AB.*06 varyantlari yerine guncel, arsiv-disi seri secildi.",2A Net Uluslararası Rezervler (1+2+3),2A Net International Reserves (1+2+3),bie_abstc2,HAFTALIK(CUMA),Bin TL,last,TCMB,raw/TP_AB_N06_2026-01-01_2026-06-30_request.json,b0eea14613ff5ccf578976beab68ea6ead32fc26231b55b14716c4cf6d5028c9,raw/TP_AB_N06_2026-01-01_2026-06-30_response.json.gz,902807405e70ac990deda7b32692d4f75781fd386eac71d60c8638d2899ae622,observed,within_series_coverage,False,False
TP.AB.N06,2026-02-27,2026-02-27,2026-02-27,27-02-2026,9,4020112886.0,4020112886.00000000,False,1772139600,net_international_reserves,"TCMB haftalik vaziyet tablosundaki net uluslararasi rezervleri (2A) izlemek; arsivlenmis TP.AB.*06 varyantlari yerine guncel, arsiv-disi seri secildi.",2A Net Uluslararası Rezervler (1+2+3),2A Net International Reserves (1+2+3),bie_abstc2,HAFTALIK(CUMA),Bin TL,last,TCMB,raw/TP_AB_N06_2026-01-01_2026-06-30_request.json,b0eea14613ff5ccf578976beab68ea6ead32fc26231b55b14716c4cf6d5028c9,raw/TP_AB_N06_2026-01-01_2026-06-30_response.json.gz,902807405e70ac990deda7b32692d4f75781fd386eac71d60c8638d2899ae622,observed,within_series_coverage,False,False
TP.AB.N06,2026-03-06,2026-03-06,2026-03-06,06-03-2026,10,3459525961.0,3459525961.00000000,False,1772744400,net_international_reserves,"TCMB haftalik vaziyet tablosundaki net uluslararasi rezervleri (2A) izlemek; arsivlenmis TP.AB.*06 varyantlari yerine guncel, arsiv-disi seri secildi.",2A Net Uluslararası Rezervler (1+2+3),2A Net International Reserves (1+2+3),bie_abstc2,HAFTALIK(CUMA),Bin TL,last,TCMB,raw/TP_AB_N06_2026-01-01_2026-06-30_request.json,b0eea14613ff5ccf578976beab68ea6ead32fc26231b55b14716c4cf6d5028c9,raw/TP_AB_N06_2026-01-01_2026-06-30_response.json.gz,902807405e70ac990deda7b32692d4f75781fd386eac71d60c8638d2899ae622,observed,within_series_coverage,False,False
TP.AB.N06,2026-03-13,2026-03-13,2026-03-13,13-03-2026,11,3038345415.0,3038345415.00000000,False,1773349200,net_international_reserves,"TCMB haftalik vaziyet tablosundaki net uluslararasi rezervleri (2A) izlemek; arsivlenmis TP.AB.*06 varyantlari yerine guncel, arsiv-disi seri secildi.",2A Net Uluslararası Rezervler (1+2+3),2A Net International Reserves (1+2+3),bie_abstc2,HAFTALIK(CUMA),Bin TL,last,TCMB,raw/TP_AB_N06_2026-01-01_2026-06-30_request.json,b0eea14613ff5ccf578976beab68ea6ead32fc26231b55b14716c4cf6d5028c9,raw/TP_AB_N06_2026-01-01_2026-06-30_response.json.gz,902807405e70ac990deda7b32692d4f75781fd386eac71d60c8638d2899ae622,observed,within_series_coverage,False,False
TP.AB.N06,2026-03-20,2026-03-20,2026-03-20,20-03-2026,12,2533482727.0,2533482727.00000000,False,1773954000,net_international_reserves,"TCMB haftalik vaziyet tablosundaki net uluslararasi rezervleri (2A) izlemek; arsivlenmis TP.AB.*06 varyantlari yerine guncel, arsiv-disi seri secildi.",2A Net Uluslararası Rezervler (1+2+3),2A Net International Reserves (1+2+3),bie_abstc2,HAFTALIK(CUMA),Bin TL,last,TCMB,raw/TP_AB_N06_2026-01-01_2026-06-30_request.json,b0eea14613ff5ccf578976beab68ea6ead32fc26231b55b14716c4cf6d5028c9,raw/TP_AB_N06_2026-01-01_2026-06-30_response.json.gz,902807405e70ac990deda7b32692d4f75781fd386eac71d60c8638d2899ae622,observed,within_series_coverage,False,False
TP.AB.N06,2026-03-27,2026-03-27,2026-03-27,27-03-2026,13,1553491342.0,1553491342.00000000,False,1774558800,net_international_reserves,"TCMB haftalik vaziyet tablosundaki net uluslararasi rezervleri (2A) izlemek; arsivlenmis TP.AB.*06 varyantlari yerine guncel, arsiv-disi seri secildi.",2A Net Uluslararası Rezervler (1+2+3),2A Net International Reserves (1+2+3),bie_abstc2,HAFTALIK(CUMA),Bin TL,last,TCMB,raw/TP_AB_N06_2026-01-01_2026-06-30_request.json,b0eea14613ff5ccf578976beab68ea6ead32fc26231b55b14716c4cf6d5028c9,raw/TP_AB_N06_2026-01-01_2026-06-30_response.json.gz,902807405e70ac990deda7b32692d4f75781fd386eac71d60c8638d2899ae622,observed,within_series_coverage,False,False
TP.AB.N06,2026-04-03,2026-04-03,2026-04-03,03-04-2026,14,2027832666.0,2027832666.00000000,False,1775163600,net_international_reserves,"TCMB haftalik vaziyet tablosundaki net uluslararasi rezervleri (2A) izlemek; arsivlenmis TP.AB.*06 varyantlari yerine guncel, arsiv-disi seri secildi.",2A Net Uluslararası Rezervler (1+2+3),2A Net International Reserves (1+2+3),bie_abstc2,HAFTALIK(CUMA),Bin TL,last,TCMB,raw/TP_AB_N06_2026-01-01_2026-06-30_request.json,b0eea14613ff5ccf578976beab68ea6ead32fc26231b55b14716c4cf6d5028c9,raw/TP_AB_N06_2026-01-01_2026-06-30_response.json.gz,902807405e70ac990deda7b32692d4f75781fd386eac71d60c8638d2899ae622,observed,within_series_coverage,False,False
TP.AB.N06,2026-04-10,2026-04-10,2026-04-10,10-04-2026,15,2474380730.0,2474380730.00000000,False,1775768400,net_international_reserves,"TCMB haftalik vaziyet tablosundaki net uluslararasi rezervleri (2A) izlemek; arsivlenmis TP.AB.*06 varyantlari yerine guncel, arsiv-disi seri secildi.",2A Net Uluslararası Rezervler (1+2+3),2A Net International Reserves (1+2+3),bie_abstc2,HAFTALIK(CUMA),Bin TL,last,TCMB,raw/TP_AB_N06_2026-01-01_2026-06-30_request.json,b0eea14613ff5ccf578976beab68ea6ead32fc26231b55b14716c4cf6d5028c9,raw/TP_AB_N06_2026-01-01_2026-06-30_response.json.gz,902807405e70ac990deda7b32692d4f75781fd386eac71d60c8638d2899ae622,observed,within_series_coverage,False,False
TP.AB.N06,2026-04-17,2026-04-17,2026-04-17,17-04-2026,16,2608241313.0,2608241313.00000000,False,1776373200,net_international_reserves,"TCMB haftalik vaziyet tablosundaki net uluslararasi rezervleri (2A) izlemek; arsivlenmis TP.AB.*06 varyantlari yerine guncel, arsiv-disi seri secildi.",2A Net Uluslararası Rezervler (1+2+3),2A Net International Reserves (1+2+3),bie_abstc2,HAFTALIK(CUMA),Bin TL,last,TCMB,raw/TP_AB_N06_2026-01-01_2026-06-30_request.json,b0eea14613ff5ccf578976beab68ea6ead32fc26231b55b14716c4cf6d5028c9,raw/TP_AB_N06_2026-01-01_2026-06-30_response.json.gz,902807405e70ac990deda7b32692d4f75781fd386eac71d60c8638d2899ae622,observed,within_series_coverage,False,False
TP.AB.N06,2026-04-24,2026-04-24,2026-04-24,24-04-2026,17,2430218561.0,2430218561.00000000,False,1776978000,net_international_reserves,"TCMB haftalik vaziyet tablosundaki net uluslararasi rezervleri (2A) izlemek; arsivlenmis TP.AB.*06 varyantlari yerine guncel, arsiv-disi seri secildi.",2A Net Uluslararası Rezervler (1+2+3),2A Net International Reserves (1+2+3),bie_abstc2,HAFTALIK(CUMA),Bin TL,last,TCMB,raw/TP_AB_N06_2026-01-01_2026-06-30_request.json,b0eea14613ff5ccf578976beab68ea6ead32fc26231b55b14716c4cf6d5028c9,raw/TP_AB_N06_2026-01-01_2026-06-30_response.json.gz,902807405e70ac990deda7b32692d4f75781fd386eac71d60c8638d2899ae622,observed,within_series_coverage,False,False
TP.AB.N06,2026-05-01,2026-05-01,2026-05-01,01-05-2026,18,2413781313.0,2413781313.00000000,False,1777582800,net_international_reserves,"TCMB haftalik vaziyet tablosundaki net uluslararasi rezervleri (2A) izlemek; arsivlenmis TP.AB.*06 varyantlari yerine guncel, arsiv-disi seri secildi.",2A Net Uluslararası Rezervler (1+2+3),2A Net International Reserves (1+2+3),bie_abstc2,HAFTALIK(CUMA),Bin TL,last,TCMB,raw/TP_AB_N06_2026-01-01_2026-06-30_request.json,b0eea14613ff5ccf578976beab68ea6ead32fc26231b55b14716c4cf6d5028c9,raw/TP_AB_N06_2026-01-01_2026-06-30_response.json.gz,902807405e70ac990deda7b32692d4f75781fd386eac71d60c8638d2899ae622,observed,within_series_coverage,False,False
TP.AB.N06,2026-05-08,2026-05-08,2026-05-08,08-05-2026,19,2484427537.0,2484427537.00000000,False,1778187600,net_international_reserves,"TCMB haftalik vaziyet tablosundaki net uluslararasi rezervleri (2A) izlemek; arsivlenmis TP.AB.*06 varyantlari yerine guncel, arsiv-disi seri secildi.",2A Net Uluslararası Rezervler (1+2+3),2A Net International Reserves (1+2+3),bie_abstc2,HAFTALIK(CUMA),Bin TL,last,TCMB,raw/TP_AB_N06_2026-01-01_2026-06-30_request.json,b0eea14613ff5ccf578976beab68ea6ead32fc26231b55b14716c4cf6d5028c9,raw/TP_AB_N06_2026-01-01_2026-06-30_response.json.gz,902807405e70ac990deda7b32692d4f75781fd386eac71d60c8638d2899ae622,observed,within_series_coverage,False,False
TP.AB.N06,2026-05-15,2026-05-15,2026-05-15,15-05-2026,20,2363620984.0,2363620984.00000000,False,1778792400,net_international_reserves,"TCMB haftalik vaziyet tablosundaki net uluslararasi rezervleri (2A) izlemek; arsivlenmis TP.AB.*06 varyantlari yerine guncel, arsiv-disi seri secildi.",2A Net Uluslararası Rezervler (1+2+3),2A Net International Reserves (1+2+3),bie_abstc2,HAFTALIK(CUMA),Bin TL,last,TCMB,raw/TP_AB_N06_2026-01-01_2026-06-30_request.json,b0eea14613ff5ccf578976beab68ea6ead32fc26231b55b14716c4cf6d5028c9,raw/TP_AB_N06_2026-01-01_2026-06-30_response.json.gz,902807405e70ac990deda7b32692d4f75781fd386eac71d60c8638d2899ae622,observed,within_series_coverage,False,False
TP.AB.N06,2026-05-22,2026-05-22,2026-05-22,22-05-2026,21,2140997600.0,2140997600.00000000,False,1779397200,net_international_reserves,"TCMB haftalik vaziyet tablosundaki net uluslararasi rezervleri (2A) izlemek; arsivlenmis TP.AB.*06 varyantlari yerine guncel, arsiv-disi seri secildi.",2A Net Uluslararası Rezervler (1+2+3),2A Net International Reserves (1+2+3),bie_abstc2,HAFTALIK(CUMA),Bin TL,last,TCMB,raw/TP_AB_N06_2026-01-01_2026-06-30_request.json,b0eea14613ff5ccf578976beab68ea6ead32fc26231b55b14716c4cf6d5028c9,raw/TP_AB_N06_2026-01-01_2026-06-30_response.json.gz,902807405e70ac990deda7b32692d4f75781fd386eac71d60c8638d2899ae622,observed,within_series_coverage,False,False
TP.AB.N06,2026-05-29,2026-05-29,2026-05-29,29-05-2026,22,2090224631.0,2090224631.00000000,False,1780002000,net_international_reserves,"TCMB haftalik vaziyet tablosundaki net uluslararasi rezervleri (2A) izlemek; arsivlenmis TP.AB.*06 varyantlari yerine guncel, arsiv-disi seri secildi.",2A Net Uluslararası Rezervler (1+2+3),2A Net International Reserves (1+2+3),bie_abstc2,HAFTALIK(CUMA),Bin TL,last,TCMB,raw/TP_AB_N06_2026-01-01_2026-06-30_request.json,b0eea14613ff5ccf578976beab68ea6ead32fc26231b55b14716c4cf6d5028c9,raw/TP_AB_N06_2026-01-01_2026-06-30_response.json.gz,902807405e70ac990deda7b32692d4f75781fd386eac71d60c8638d2899ae622,observed,within_series_coverage,False,False
TP.AB.N06,2026-06-05,2026-06-05,2026-06-05,05-06-2026,23,2149443395.0,2149443395.00000000,False,1780606800,net_international_reserves,"TCMB haftalik vaziyet tablosundaki net uluslararasi rezervleri (2A) izlemek; arsivlenmis TP.AB.*06 varyantlari yerine guncel, arsiv-disi seri secildi.",2A Net Uluslararası Rezervler (1+2+3),2A Net International Reserves (1+2+3),bie_abstc2,HAFTALIK(CUMA),Bin TL,last,TCMB,raw/TP_AB_N06_2026-01-01_2026-06-30_request.json,b0eea14613ff5ccf578976beab68ea6ead32fc26231b55b14716c4cf6d5028c9,raw/TP_AB_N06_2026-01-01_2026-06-30_response.json.gz,902807405e70ac990deda7b32692d4f75781fd386eac71d60c8638d2899ae622,observed,within_series_coverage,False,False
TP.AB.N06,2026-06-12,2026-06-12,2026-06-12,12-06-2026,24,2076313835.0,2076313835.00000000,False,1781211600,net_international_reserves,"TCMB haftalik vaziyet tablosundaki net uluslararasi rezervleri (2A) izlemek; arsivlenmis TP.AB.*06 varyantlari yerine guncel, arsiv-disi seri secildi.",2A Net Uluslararası Rezervler (1+2+3),2A Net International Reserves (1+2+3),bie_abstc2,HAFTALIK(CUMA),Bin TL,last,TCMB,raw/TP_AB_N06_2026-01-01_2026-06-30_request.json,b0eea14613ff5ccf578976beab68ea6ead32fc26231b55b14716c4cf6d5028c9,raw/TP_AB_N06_2026-01-01_2026-06-30_response.json.gz,902807405e70ac990deda7b32692d4f75781fd386eac71d60c8638d2899ae622,observed,within_series_coverage,False,False
TP.AB.N06,2026-06-19,2026-06-19,2026-06-19,19-06-2026,25,2405391827.0,2405391827.00000000,False,1781816400,net_international_reserves,"TCMB haftalik vaziyet tablosundaki net uluslararasi rezervleri (2A) izlemek; arsivlenmis TP.AB.*06 varyantlari yerine guncel, arsiv-disi seri secildi.",2A Net Uluslararası Rezervler (1+2+3),2A Net International Reserves (1+2+3),bie_abstc2,HAFTALIK(CUMA),Bin TL,last,TCMB,raw/TP_AB_N06_2026-01-01_2026-06-30_request.json,b0eea14613ff5ccf578976beab68ea6ead32fc26231b55b14716c4cf6d5028c9,raw/TP_AB_N06_2026-01-01_2026-06-30_response.json.gz,902807405e70ac990deda7b32692d4f75781fd386eac71d60c8638d2899ae622,observed,within_series_coverage,False,False
TP.AB.N06,2026-06-26,2026-06-26,2026-06-26,26-06-2026,26,2107506637.0,2107506637.00000000,False,1782421200,net_international_reserves,"TCMB haftalik vaziyet tablosundaki net uluslararasi rezervleri (2A) izlemek; arsivlenmis TP.AB.*06 varyantlari yerine guncel, arsiv-disi seri secildi.",2A Net Uluslararası Rezervler (1+2+3),2A Net International Reserves (1+2+3),bie_abstc2,HAFTALIK(CUMA),Bin TL,last,TCMB,raw/TP_AB_N06_2026-01-01_2026-06-30_request.json,b0eea14613ff5ccf578976beab68ea6ead32fc26231b55b14716c4cf6d5028c9,raw/TP_AB_N06_2026-01-01_2026-06-30_response.json.gz,902807405e70ac990deda7b32692d4f75781fd386eac71d60c8638d2899ae622,observed,within_series_coverage,False,False
TP.AB.N07,2020-01-03,2020-01-03,2020-01-03,03-01-2020,1,627853026.0,627853026.00000000,False,1578006000,gross_fx_reserves,"TCMB haftalik vaziyet tablosundaki brut doviz rezervlerini (2A1) izlemek; arsivlenmis TP.AB.*07 varyantlari yerine guncel, arsiv-disi seri secildi.",2A1 Brüt Döviz Rezervleri,2A1 Gross Foreign Assets,bie_abstc2,HAFTALIK(CUMA),Bin TL,last,TCMB,raw/TP_AB_N07_2020-01-01_2020-12-31_request.json,f3e0456c827a37e8e79dc1baaedb35ae272983ee1c230a395028965b81f1c1af,raw/TP_AB_N07_2020-01-01_2020-12-31_response.json.gz,9acd94d86a6a59ab67ca7a03f894d439e429d7f11912ecca0f24ff239b920f75,observed,within_series_coverage,False,False
TP.AB.N07,2020-01-10,2020-01-10,2020-01-10,10-01-2020,2,625478854.0,625478854.00000000,False,1578610800,gross_fx_reserves,"TCMB haftalik vaziyet tablosundaki brut doviz rezervlerini (2A1) izlemek; arsivlenmis TP.AB.*07 varyantlari yerine guncel, arsiv-disi seri secildi.",2A1 Brüt Döviz Rezervleri,2A1 Gross Foreign Assets,bie_abstc2,HAFTALIK(CUMA),Bin TL,last,TCMB,raw/TP_AB_N07_2020-01-01_2020-12-31_request.json,f3e0456c827a37e8e79dc1baaedb35ae272983ee1c230a395028965b81f1c1af,raw/TP_AB_N07_2020-01-01_2020-12-31_response.json.gz,9acd94d86a6a59ab67ca7a03f894d439e429d7f11912ecca0f24ff239b920f75,observed,within_series_coverage,False,False
TP.AB.N07,2020-01-17,2020-01-17,2020-01-17,17-01-2020,3,625557662.0,625557662.00000000,False,1579215600,gross_fx_reserves,"TCMB haftalik vaziyet tablosundaki brut doviz rezervlerini (2A1) izlemek; arsivlenmis TP.AB.*07 varyantlari yerine guncel, arsiv-disi seri secildi.",2A1 Brüt Döviz Rezervleri,2A1 Gross Foreign Assets,bie_abstc2,HAFTALIK(CUMA),Bin TL,last,TCMB,raw/TP_AB_N07_2020-01-01_2020-12-31_request.json,f3e0456c827a37e8e79dc1baaedb35ae272983ee1c230a395028965b81f1c1af,raw/TP_AB_N07_2020-01-01_2020-12-31_response.json.gz,9acd94d86a6a59ab67ca7a03f894d439e429d7f11912ecca0f24ff239b920f75,observed,within_series_coverage,False,False
TP.AB.N07,2020-01-24,2020-01-24,2020-01-24,24-01-2020,4,618098071.0,618098071.00000000,False,1579820400,gross_fx_reserves,"TCMB haftalik vaziyet tablosundaki brut doviz rezervlerini (2A1) izlemek; arsivlenmis TP.AB.*07 varyantlari yerine guncel, arsiv-disi seri secildi.",2A1 Brüt Döviz Rezervleri,2A1 Gross Foreign Assets,bie_abstc2,HAFTALIK(CUMA),Bin TL,last,TCMB,raw/TP_AB_N07_2020-01-01_2020-12-31_request.json,f3e0456c827a37e8e79dc1baaedb35ae272983ee1c230a395028965b81f1c1af,raw/TP_AB_N07_2020-01-01_2020-12-31_response.json.gz,9acd94d86a6a59ab67ca7a03f894d439e429d7f11912ecca0f24ff239b920f75,observed,within_series_coverage,False,False
TP.AB.N07,2020-01-31,2020-01-31,2020-01-31,31-01-2020,5,612207819.0,612207819.00000000,False,1580425200,gross_fx_reserves,"TCMB haftalik vaziyet tablosundaki brut doviz rezervlerini (2A1) izlemek; arsivlenmis TP.AB.*07 varyantlari yerine guncel, arsiv-disi seri secildi.",2A1 Brüt Döviz Rezervleri,2A1 Gross Foreign Assets,bie_abstc2,HAFTALIK(CUMA),Bin TL,last,TCMB,raw/TP_AB_N07_2020-01-01_2020-12-31_request.json,f3e0456c827a37e8e79dc1baaedb35ae272983ee1c230a395028965b81f1c1af,raw/TP_AB_N07_2020-01-01_2020-12-31_response.json.gz,9acd94d86a6a59ab67ca7a03f894d439e429d7f11912ecca0f24ff239b920f75,observed,within_series_coverage,False,False
TP.AB.N07,2020-02-07,2020-02-07,2020-02-07,07-02-2020,6,615180835.0,615180835.00000000,False,1581030000,gross_fx_reserves,"TCMB haftalik vaziyet tablosundaki brut doviz rezervlerini (2A1) izlemek; arsivlenmis TP.AB.*07 varyantlari yerine guncel, arsiv-disi seri secildi.",2A1 Brüt Döviz Rezervleri,2A1 Gross Foreign Assets,bie_abstc2,HAFTALIK(CUMA),Bin TL,last,TCMB,raw/TP_AB_N07_2020-01-01_2020-12-31_request.json,f3e0456c827a37e8e79dc1baaedb35ae272983ee1c230a395028965b81f1c1af,raw/TP_AB_N07_2020-01-01_2020-12-31_response.json.gz,9acd94d86a6a59ab67ca7a03f894d439e429d7f11912ecca0f24ff239b920f75,observed,within_series_coverage,False,False
TP.AB.N07,2020-02-14,2020-02-14,2020-02-14,14-02-2020,7,629984474.0,629984474.00000000,False,1581634800,gross_fx_reserves,"TCMB haftalik vaziyet tablosundaki brut doviz rezervlerini (2A1) izlemek; arsivlenmis TP.AB.*07 varyantlari yerine guncel, arsiv-disi seri secildi.",2A1 Brüt Döviz Rezervleri,2A1 Gross Foreign Assets,bie_abstc2,HAFTALIK(CUMA),Bin TL,last,TCMB,raw/TP_AB_N07_2020-01-01_2020-12-31_request.json,f3e0456c827a37e8e79dc1baaedb35ae272983ee1c230a395028965b81f1c1af,raw/TP_AB_N07_2020-01-01_2020-12-31_response.json.gz,9acd94d86a6a59ab67ca7a03f894d439e429d7f11912ecca0f24ff239b920f75,observed,within_series_coverage,False,False
TP.AB.N07,2020-02-21,2020-02-21,2020-02-21,21-02-2020,8,625378147.0,625378147.00000000,False,1582239600,gross_fx_reserves,"TCMB haftalik vaziyet tablosundaki brut doviz rezervlerini (2A1) izlemek; arsivlenmis TP.AB.*07 varyantlari yerine guncel, arsiv-disi seri secildi.",2A1 Brüt Döviz Rezervleri,2A1 Gross Foreign Assets,bie_abstc2,HAFTALIK(CUMA),Bin TL,last,TCMB,raw/TP_AB_N07_2020-01-01_2020-12-31_request.json,f3e0456c827a37e8e79dc1baaedb35ae272983ee1c230a395028965b81f1c1af,raw/TP_AB_N07_2020-01-01_2020-12-31_response.json.gz,9acd94d86a6a59ab67ca7a03f894d439e429d7f11912ecca0f24ff239b920f75,observed,within_series_coverage,False,False
TP.AB.N07,2020-02-28,2020-02-28,2020-02-28,28-02-2020,9,665047416.0,665047416.00000000,False,1582844400,gross_fx_reserves,"TCMB haftalik vaziyet tablosundaki brut doviz rezervlerini (2A1) izlemek; arsivlenmis TP.AB.*07 varyantlari yerine guncel, arsiv-disi seri secildi.",2A1 Brüt Döviz Rezervleri,2A1 Gross Foreign Assets,bie_abstc2,HAFTALIK(CUMA),Bin TL,last,TCMB,raw/TP_AB_N07_2020-01-01_2020-12-31_request.json,f3e0456c827a37e8e79dc1baaedb35ae272983ee1c230a395028965b81f1c1af,raw/TP_AB_N07_2020-01-01_2020-12-31_response.json.gz,9acd94d86a6a59ab67ca7a03f894d439e429d7f11912ecca0f24ff239b920f75,observed,within_series_coverage,False,False
TP.AB.N07,2020-03-06,2020-03-06,2020-03-06,06-03-2020,10,650170157.0,650170157.00000000,False,1583449200,gross_fx_reserves,"TCMB haftalik vaziyet tablosundaki brut doviz rezervlerini (2A1) izlemek; arsivlenmis TP.AB.*07 varyantlari yerine guncel, arsiv-disi seri secildi.",2A1 Brüt Döviz Rezervleri,2A1 Gross Foreign Assets,bie_abstc2,HAFTALIK(CUMA),Bin TL,last,TCMB,raw/TP_AB_N07_2020-01-01_2020-12-31_request.json,f3e0456c827a37e8e79dc1baaedb35ae272983ee1c230a395028965b81f1c1af,raw/TP_AB_N07_2020-01-01_2020-12-31_response.json.gz,9acd94d86a6a59ab67ca7a03f894d439e429d7f11912ecca0f24ff239b920f75,observed,within_series_coverage,False,False
TP.AB.N07,2020-03-13,2020-03-13,2020-03-13,13-03-2020,11,649503210.0,649503210.00000000,False,1584054000,gross_fx_reserves,"TCMB haftalik vaziyet tablosundaki brut doviz rezervlerini (2A1) izlemek; arsivlenmis TP.AB.*07 varyantlari yerine guncel, arsiv-disi seri secildi.",2A1 Brüt Döviz Rezervleri,2A1 Gross Foreign Assets,bie_abstc2,HAFTALIK(CUMA),Bin TL,last,TCMB,raw/TP_AB_N07_2020-01-01_2020-12-31_request.json,f3e0456c827a37e8e79dc1baaedb35ae272983ee1c230a395028965b81f1c1af,raw/TP_AB_N07_2020-01-01_2020-12-31_response.json.gz,9acd94d86a6a59ab67ca7a03f894d439e429d7f11912ecca0f24ff239b920f75,observed,within_series_coverage,False,False
TP.AB.N07,2020-03-20,2020-03-20,2020-03-20,20-03-2020,12,609729406.0,609729406.00000000,False,1584658800,gross_fx_reserves,"TCMB haftalik vaziyet tablosundaki brut doviz rezervlerini (2A1) izlemek; arsivlenmis TP.AB.*07 varyantlari yerine guncel, arsiv-disi seri secildi.",2A1 Brüt Döviz Rezervleri,2A1 Gross Foreign Assets,bie_abstc2,HAFTALIK(CUMA),Bin TL,last,TCMB,raw/TP_AB_N07_2020-01-01_2020-12-31_request.json,f3e0456c827a37e8e79dc1baaedb35ae272983ee1c230a395028965b81f1c1af,raw/TP_AB_N07_2020-01-01_2020-12-31_response.json.gz,9acd94d86a6a59ab67ca7a03f894d439e429d7f11912ecca0f24ff239b920f75,observed,within_series_coverage,False,False
TP.AB.N07,2020-03-27,2020-03-27,2020-03-27,27-03-2020,13,616896641.0,616896641.00000000,False,1585263600,gross_fx_reserves,"TCMB haftalik vaziyet tablosundaki brut doviz rezervlerini (2A1) izlemek; arsivlenmis TP.AB.*07 varyantlari yerine guncel, arsiv-disi seri secildi.",2A1 Brüt Döviz Rezervleri,2A1 Gross Foreign Assets,bie_abstc2,HAFTALIK(CUMA),Bin TL,last,TCMB,raw/TP_AB_N07_2020-01-01_2020-12-31_request.json,f3e0456c827a37e8e79dc1baaedb35ae272983ee1c230a395028965b81f1c1af,raw/TP_AB_N07_2020-01-01_2020-12-31_response.json.gz,9acd94d86a6a59ab67ca7a03f894d439e429d7f11912ecca0f24ff239b920f75,observed,within_series_coverage,False,False
TP.AB.N07,2020-04-03,2020-04-03,2020-04-03,03-04-2020,14,598038322.0,598038322.00000000,False,1585864800,gross_fx_reserves,"TCMB haftalik vaziyet tablosundaki brut doviz rezervlerini (2A1) izlemek; arsivlenmis TP.AB.*07 varyantlari yerine guncel, arsiv-disi seri secildi.",2A1 Brüt Döviz Rezervleri,2A1 Gross Foreign Assets,bie_abstc2,HAFTALIK(CUMA),Bin TL,last,TCMB,raw/TP_AB_N07_2020-01-01_2020-12-31_request.json,f3e0456c827a37e8e79dc1baaedb35ae272983ee1c230a395028965b81f1c1af,raw/TP_AB_N07_2020-01-01_2020-12-31_response.json.gz,9acd94d86a6a59ab67ca7a03f894d439e429d7f11912ecca0f24ff239b920f75,observed,within_series_coverage,False,False
TP.AB.N07,2020-04-10,2020-04-10,2020-04-10,10-04-2020,15,600177073.0,600177073.00000000,False,1586469600,gross_fx_reserves,"TCMB haftalik vaziyet tablosundaki brut doviz rezervlerini (2A1) izlemek; arsivlenmis TP.AB.*07 varyantlari yerine guncel, arsiv-disi seri secildi.",2A1 Brüt Döviz Rezervleri,2A1 Gross Foreign Assets,bie_abstc2,HAFTALIK(CUMA),Bin TL,last,TCMB,raw/TP_AB_N07_2020-01-01_2020-12-31_request.json,f3e0456c827a37e8e79dc1baaedb35ae272983ee1c230a395028965b81f1c1af,raw/TP_AB_N07_2020-01-01_2020-12-31_response.json.gz,9acd94d86a6a59ab67ca7a03f894d439e429d7f11912ecca0f24ff239b920f75,observed,within_series_coverage,False,False
TP.AB.N07,2020-04-17,2020-04-17,2020-04-17,17-04-2020,16,608305029.0,608305029.00000000,False,1587074400,gross_fx_reserves,"TCMB haftalik vaziyet tablosundaki brut doviz rezervlerini (2A1) izlemek; arsivlenmis TP.AB.*07 varyantlari yerine guncel, arsiv-disi seri secildi.",2A1 Brüt Döviz Rezervleri,2A1 Gross Foreign Assets,bie_abstc2,HAFTALIK(CUMA),Bin TL,last,TCMB,raw/TP_AB_N07_2020-01-01_2020-12-31_request.json,f3e0456c827a37e8e79dc1baaedb35ae272983ee1c230a395028965b81f1c1af,raw/TP_AB_N07_2020-01-01_2020-12-31_response.json.gz,9acd94d86a6a59ab67ca7a03f894d439e429d7f11912ecca0f24ff239b920f75,observed,within_series_coverage,False,False
TP.AB.N07,2020-04-24,2020-04-24,2020-04-24,24-04-2020,17,603686468.0,603686468.00000000,False,1587679200,gross_fx_reserves,"TCMB haftalik vaziyet tablosundaki brut doviz rezervlerini (2A1) izlemek; arsivlenmis TP.AB.*07 varyantlari yerine guncel, arsiv-disi seri secildi.",2A1 Brüt Döviz Rezervleri,2A1 Gross Foreign Assets,bie_abstc2,HAFTALIK(CUMA),Bin TL,last,TCMB,raw/TP_AB_N07_2020-01-01_2020-12-31_request.json,f3e0456c827a37e8e79dc1baaedb35ae272983ee1c230a395028965b81f1c1af,raw/TP_AB_N07_2020-01-01_2020-12-31_response.json.gz,9acd94d86a6a59ab67ca7a03f894d439e429d7f11912ecca0f24ff239b920f75,observed,within_series_coverage,False,False
TP.AB.N07,2020-05-01,2020-05-01,2020-05-01,01-05-2020,18,602947417.0,602947417.00000000,False,1588284000,gross_fx_reserves,"TCMB haftalik vaziyet tablosundaki brut doviz rezervlerini (2A1) izlemek; arsivlenmis TP.AB.*07 varyantlari yerine guncel, arsiv-disi seri secildi.",2A1 Brüt Döviz Rezervleri,2A1 Gross Foreign Assets,bie_abstc2,HAFTALIK(CUMA),Bin TL,last,TCMB,raw/TP_AB_N07_2020-01-01_2020-12-31_request.json,f3e0456c827a37e8e79dc1baaedb35ae272983ee1c230a395028965b81f1c1af,raw/TP_AB_N07_2020-01-01_2020-12-31_response.json.gz,9acd94d86a6a59ab67ca7a03f894d439e429d7f11912ecca0f24ff239b920f75,observed,within_series_coverage,False,False
TP.AB.N07,2020-05-08,2020-05-08,2020-05-08,08-05-2020,19,620897718.0,620897718.00000000,False,1588888800,gross_fx_reserves,"TCMB haftalik vaziyet tablosundaki brut doviz rezervlerini (2A1) izlemek; arsivlenmis TP.AB.*07 varyantlari yerine guncel, arsiv-disi seri secildi.",2A1 Brüt Döviz Rezervleri,2A1 Gross Foreign Assets,bie_abstc2,HAFTALIK(CUMA),Bin TL,last,TCMB,raw/TP_AB_N07_2020-01-01_2020-12-31_request.json,f3e0456c827a37e8e79dc1baaedb35ae272983ee1c230a395028965b81f1c1af,raw/TP_AB_N07_2020-01-01_2020-12-31_response.json.gz,9acd94d86a6a59ab67ca7a03f894d439e429d7f11912ecca0f24ff239b920f75,observed,within_series_coverage,False,False
TP.AB.N07,2020-05-15,2020-05-15,2020-05-15,15-05-2020,20,588232460.0,588232460.00000000,False,1589493600,gross_fx_reserves,"TCMB haftalik vaziyet tablosundaki brut doviz rezervlerini (2A1) izlemek; arsivlenmis TP.AB.*07 varyantlari yerine guncel, arsiv-disi seri secildi.",2A1 Brüt Döviz Rezervleri,2A1 Gross Foreign Assets,bie_abstc2,HAFTALIK(CUMA),Bin TL,last,TCMB,raw/TP_AB_N07_2020-01-01_2020-12-31_request.json,f3e0456c827a37e8e79dc1baaedb35ae272983ee1c230a395028965b81f1c1af,raw/TP_AB_N07_2020-01-01_2020-12-31_response.json.gz,9acd94d86a6a59ab67ca7a03f894d439e429d7f11912ecca0f24ff239b920f75,observed,within_series_coverage,False,False
TP.AB.N07,2020-05-22,2020-05-22,2020-05-22,22-05-2020,21,628357018.0,628357018.00000000,False,1590098400,gross_fx_reserves,"TCMB haftalik vaziyet tablosundaki brut doviz rezervlerini (2A1) izlemek; arsivlenmis TP.AB.*07 varyantlari yerine guncel, arsiv-disi seri secildi.",2A1 Brüt Döviz Rezervleri,2A1 Gross Foreign Assets,bie_abstc2,HAFTALIK(CUMA),Bin TL,last,TCMB,raw/TP_AB_N07_2020-01-01_2020-12-31_request.json,f3e0456c827a37e8e79dc1baaedb35ae272983ee1c230a395028965b81f1c1af,raw/TP_AB_N07_2020-01-01_2020-12-31_response.json.gz,9acd94d86a6a59ab67ca7a03f894d439e429d7f11912ecca0f24ff239b920f75,observed,within_series_coverage,False,False
TP.AB.N07,2020-05-29,2020-05-29,2020-05-29,29-05-2020,22,619079351.0,619079351.00000000,False,1590703200,gross_fx_reserves,"TCMB haftalik vaziyet tablosundaki brut doviz rezervlerini (2A1) izlemek; arsivlenmis TP.AB.*07 varyantlari yerine guncel, arsiv-disi seri secildi.",2A1 Brüt Döviz Rezervleri,2A1 Gross Foreign Assets,bie_abstc2,HAFTALIK(CUMA),Bin TL,last,TCMB,raw/TP_AB_N07_2020-01-01_2020-12-31_request.json,f3e0456c827a37e8e79dc1baaedb35ae272983ee1c230a395028965b81f1c1af,raw/TP_AB_N07_2020-01-01_2020-12-31_response.json.gz,9acd94d86a6a59ab67ca7a03f894d439e429d7f11912ecca0f24ff239b920f75,observed,within_series_coverage,False,False
TP.AB.N07,2020-06-05,2020-06-05,2020-06-05,05-06-2020,23,623312505.0,623312505.00000000,False,1591308000,gross_fx_reserves,"TCMB haftalik vaziyet tablosundaki brut doviz rezervlerini (2A1) izlemek; arsivlenmis TP.AB.*07 varyantlari yerine guncel, arsiv-disi seri secildi.",2A1 Brüt Döviz Rezervleri,2A1 Gross Foreign Assets,bie_abstc2,HAFTALIK(CUMA),Bin TL,last,TCMB,raw/TP_AB_N07_2020-01-01_2020-12-31_request.json,f3e0456c827a37e8e79dc1baaedb35ae272983ee1c230a395028965b81f1c1af,raw/TP_AB_N07_2020-01-01_2020-12-31_response.json.gz,9acd94d86a6a59ab67ca7a03f894d439e429d7f11912ecca0f24ff239b920f75,observed,within_series_coverage,False,False
TP.AB.N07,2020-06-12,2020-06-12,2020-06-12,12-06-2020,24,632281549.0,632281549.00000000,False,1591912800,gross_fx_reserves,"TCMB haftalik vaziyet tablosundaki brut doviz rezervlerini (2A1) izlemek; arsivlenmis TP.AB.*07 varyantlari yerine guncel, arsiv-disi seri secildi.",2A1 Brüt Döviz Rezervleri,2A1 Gross Foreign Assets,bie_abstc2,HAFTALIK(CUMA),Bin TL,last,TCMB,raw/TP_AB_N07_2020-01-01_2020-12-31_request.json,f3e0456c827a37e8e79dc1baaedb35ae272983ee1c230a395028965b81f1c1af,raw/TP_AB_N07_2020-01-01_2020-12-31_response.json.gz,9acd94d86a6a59ab67ca7a03f894d439e429d7f11912ecca0f24ff239b920f75,observed,within_series_coverage,False,False
TP.AB.N07,2020-06-19,2020-06-19,2020-06-19,19-06-2020,25,628031107.0,628031107.00000000,False,1592517600,gross_fx_reserves,"TCMB haftalik vaziyet tablosundaki brut doviz rezervlerini (2A1) izlemek; arsivlenmis TP.AB.*07 varyantlari yerine guncel, arsiv-disi seri secildi.",2A1 Brüt Döviz Rezervleri,2A1 Gross Foreign Assets,bie_abstc2,HAFTALIK(CUMA),Bin TL,last,TCMB,raw/TP_AB_N07_2020-01-01_2020-12-31_request.json,f3e0456c827a37e8e79dc1baaedb35ae272983ee1c230a395028965b81f1c1af,raw/TP_AB_N07_2020-01-01_2020-12-31_response.json.gz,9acd94d86a6a59ab67ca7a03f894d439e429d7f11912ecca0f24ff239b920f75,observed,within_series_coverage,False,False
TP.AB.N07,2020-06-26,2020-06-26,2020-06-26,26-06-2020,26,618631361.0,618631361.00000000,False,1593122400,gross_fx_reserves,"TCMB haftalik vaziyet tablosundaki brut doviz rezervlerini (2A1) izlemek; arsivlenmis TP.AB.*07 varyantlari yerine guncel, arsiv-disi seri secildi.",2A1 Brüt Döviz Rezervleri,2A1 Gross Foreign Assets,bie_abstc2,HAFTALIK(CUMA),Bin TL,last,TCMB,raw/TP_AB_N07_2020-01-01_2020-12-31_request.json,f3e0456c827a37e8e79dc1baaedb35ae272983ee1c230a395028965b81f1c1af,raw/TP_AB_N07_2020-01-01_2020-12-31_response.json.gz,9acd94d86a6a59ab67ca7a03f894d439e429d7f11912ecca0f24ff239b920f75,observed,within_series_coverage,False,False
TP.AB.N07,2020-07-03,2020-07-03,2020-07-03,03-07-2020,27,620404336.0,620404336.00000000,False,1593727200,gross_fx_reserves,"TCMB haftalik vaziyet tablosundaki brut doviz rezervlerini (2A1) izlemek; arsivlenmis TP.AB.*07 varyantlari yerine guncel, arsiv-disi seri secildi.",2A1 Brüt Döviz Rezervleri,2A1 Gross Foreign Assets,bie_abstc2,HAFTALIK(CUMA),Bin TL,last,TCMB,raw/TP_AB_N07_2020-01-01_2020-12-31_request.json,f3e0456c827a37e8e79dc1baaedb35ae272983ee1c230a395028965b81f1c1af,raw/TP_AB_N07_2020-01-01_2020-12-31_response.json.gz,9acd94d86a6a59ab67ca7a03f894d439e429d7f11912ecca0f24ff239b920f75,observed,within_series_coverage,False,False
TP.AB.N07,2020-07-10,2020-07-10,2020-07-10,10-07-2020,28,618145379.0,618145379.00000000,False,1594332000,gross_fx_reserves,"TCMB haftalik vaziyet tablosundaki brut doviz rezervlerini (2A1) izlemek; arsivlenmis TP.AB.*07 varyantlari yerine guncel, arsiv-disi seri secildi.",2A1 Brüt Döviz Rezervleri,2A1 Gross Foreign Assets,bie_abstc2,HAFTALIK(CUMA),Bin TL,last,TCMB,raw/TP_AB_N07_2020-01-01_2020-12-31_request.json,f3e0456c827a37e8e79dc1baaedb35ae272983ee1c230a395028965b81f1c1af,raw/TP_AB_N07_2020-01-01_2020-12-31_response.json.gz,9acd94d86a6a59ab67ca7a03f894d439e429d7f11912ecca0f24ff239b920f75,observed,within_series_coverage,False,False
TP.AB.N07,2020-07-17,2020-07-17,2020-07-17,17-07-2020,29,613475797.0,613475797.00000000,False,1594936800,gross_fx_reserves,"TCMB haftalik vaziyet tablosundaki brut doviz rezervlerini (2A1) izlemek; arsivlenmis TP.AB.*07 varyantlari yerine guncel, arsiv-disi seri secildi.",2A1 Brüt Döviz Rezervleri,2A1 Gross Foreign Assets,bie_abstc2,HAFTALIK(CUMA),Bin TL,last,TCMB,raw/TP_AB_N07_2020-01-01_2020-12-31_request.json,f3e0456c827a37e8e79dc1baaedb35ae272983ee1c230a395028965b81f1c1af,raw/TP_AB_N07_2020-01-01_2020-12-31_response.json.gz,9acd94d86a6a59ab67ca7a03f894d439e429d7f11912ecca0f24ff239b920f75,observed,within_series_coverage,False,False
TP.AB.N07,2020-07-24,2020-07-24,2020-07-24,24-07-2020,30,637018344.0,637018344.00000000,False,1595541600,gross_fx_reserves,"TCMB haftalik vaziyet tablosundaki brut doviz rezervlerini (2A1) izlemek; arsivlenmis TP.AB.*07 varyantlari yerine guncel, arsiv-disi seri secildi.",2A1 Brüt Döviz Rezervleri,2A1 Gross Foreign Assets,bie_abstc2,HAFTALIK(CUMA),Bin TL,last,TCMB,raw/TP_AB_N07_2020-01-01_2020-12-31_request.json,f3e0456c827a37e8e79dc1baaedb35ae272983ee1c230a395028965b81f1c1af,raw/TP_AB_N07_2020-01-01_2020-12-31_response.json.gz,9acd94d86a6a59ab67ca7a03f894d439e429d7f11912ecca0f24ff239b920f75,observed,within_series_coverage,False,False
TP.AB.N07,2020-07-31,2020-07-31,2020-07-31,31-07-2020,31,627282957.0,627282957.00000000,False,1596146400,gross_fx_reserves,"TCMB haftalik vaziyet tablosundaki brut doviz rezervlerini (2A1) izlemek; arsivlenmis TP.AB.*07 varyantlari yerine guncel, arsiv-disi seri secildi.",2A1 Brüt Döviz Rezervleri,2A1 Gross Foreign Assets,bie_abstc2,HAFTALIK(CUMA),Bin TL,last,TCMB,raw/TP_AB_N07_2020-01-01_2020-12-31_request.json,f3e0456c827a37e8e79dc1baaedb35ae272983ee1c230a395028965b81f1c1af,raw/TP_AB_N07_2020-01-01_2020-12-31_response.json.gz,9acd94d86a6a59ab67ca7a03f894d439e429d7f11912ecca0f24ff239b920f75,observed,within_series_coverage,False,False
TP.AB.N07,2020-08-07,2020-08-07,2020-08-07,07-08-2020,32,658728569.0,658728569.00000000,False,1596751200,gross_fx_reserves,"TCMB haftalik vaziyet tablosundaki brut doviz rezervlerini (2A1) izlemek; arsivlenmis TP.AB.*07 varyantlari yerine guncel, arsiv-disi seri secildi.",2A1 Brüt Döviz Rezervleri,2A1 Gross Foreign Assets,bie_abstc2,HAFTALIK(CUMA),Bin TL,last,TCMB,raw/TP_AB_N07_2020-01-01_2020-12-31_request.json,f3e0456c827a37e8e79dc1baaedb35ae272983ee1c230a395028965b81f1c1af,raw/TP_AB_N07_2020-01-01_2020-12-31_response.json.gz,9acd94d86a6a59ab67ca7a03f894d439e429d7f11912ecca0f24ff239b920f75,observed,within_series_coverage,False,False
TP.AB.N07,2020-08-14,2020-08-14,2020-08-14,14-08-2020,33,646403409.0,646403409.00000000,False,1597356000,gross_fx_reserves,"TCMB haftalik vaziyet tablosundaki brut doviz rezervlerini (2A1) izlemek; arsivlenmis TP.AB.*07 varyantlari yerine guncel, arsiv-disi seri secildi.",2A1 Brüt Döviz Rezervleri,2A1 Gross Foreign Assets,bie_abstc2,HAFTALIK(CUMA),Bin TL,last,TCMB,raw/TP_AB_N07_2020-01-01_2020-12-31_request.json,f3e0456c827a37e8e79dc1baaedb35ae272983ee1c230a395028965b81f1c1af,raw/TP_AB_N07_2020-01-01_2020-12-31_response.json.gz,9acd94d86a6a59ab67ca7a03f894d439e429d7f11912ecca0f24ff239b920f75,observed,within_series_coverage,False,False
TP.AB.N07,2020-08-21,2020-08-21,2020-08-21,21-08-2020,34,648447679.0,648447679.00000000,False,1597960800,gross_fx_reserves,"TCMB haftalik vaziyet tablosundaki brut doviz rezervlerini (2A1) izlemek; arsivlenmis TP.AB.*07 varyantlari yerine guncel, arsiv-disi seri secildi.",2A1 Brüt Döviz Rezervleri,2A1 Gross Foreign Assets,bie_abstc2,HAFTALIK(CUMA),Bin TL,last,TCMB,raw/TP_AB_N07_2020-01-01_2020-12-31_request.json,f3e0456c827a37e8e79dc1baaedb35ae272983ee1c230a395028965b81f1c1af,raw/TP_AB_N07_2020-01-01_2020-12-31_response.json.gz,9acd94d86a6a59ab67ca7a03f894d439e429d7f11912ecca0f24ff239b920f75,observed,within_series_coverage,False,False
TP.AB.N07,2020-08-28,2020-08-28,2020-08-28,28-08-2020,35,620603407.0,620603407.00000000,False,1598565600,gross_fx_reserves,"TCMB haftalik vaziyet tablosundaki brut doviz rezervlerini (2A1) izlemek; arsivlenmis TP.AB.*07 varyantlari yerine guncel, arsiv-disi seri secildi.",2A1 Brüt Döviz Rezervleri,2A1 Gross Foreign Assets,bie_abstc2,HAFTALIK(CUMA),Bin TL,last,TCMB,raw/TP_AB_N07_2020-01-01_2020-12-31_request.json,f3e0456c827a37e8e79dc1baaedb35ae272983ee1c230a395028965b81f1c1af,raw/TP_AB_N07_2020-01-01_2020-12-31_response.json.gz,9acd94d86a6a59ab67ca7a03f894d439e429d7f11912ecca0f24ff239b920f75,observed,within_series_coverage,False,False
TP.AB.N07,2020-09-04,2020-09-04,2020-09-04,04-09-2020,36,649095606.0,649095606.00000000,False,1599170400,gross_fx_reserves,"TCMB haftalik vaziyet tablosundaki brut doviz rezervlerini (2A1) izlemek; arsivlenmis TP.AB.*07 varyantlari yerine guncel, arsiv-disi seri secildi.",2A1 Brüt Döviz Rezervleri,2A1 Gross Foreign Assets,bie_abstc2,HAFTALIK(CUMA),Bin TL,last,TCMB,raw/TP_AB_N07_2020-01-01_2020-12-31_request.json,f3e0456c827a37e8e79dc1baaedb35ae272983ee1c230a395028965b81f1c1af,raw/TP_AB_N07_2020-01-01_2020-12-31_response.json.gz,9acd94d86a6a59ab67ca7a03f894d439e429d7f11912ecca0f24ff239b920f75,observed,within_series_coverage,False,False
TP.AB.N07,2020-09-11,2020-09-11,2020-09-11,11-09-2020,37,658792250.0,658792250.00000000,False,1599775200,gross_fx_reserves,"TCMB haftalik vaziyet tablosundaki brut doviz rezervlerini (2A1) izlemek; arsivlenmis TP.AB.*07 varyantlari yerine guncel, arsiv-disi seri secildi.",2A1 Brüt Döviz Rezervleri,2A1 Gross Foreign Assets,bie_abstc2,HAFTALIK(CUMA),Bin TL,last,TCMB,raw/TP_AB_N07_2020-01-01_2020-12-31_request.json,f3e0456c827a37e8e79dc1baaedb35ae272983ee1c230a395028965b81f1c1af,raw/TP_AB_N07_2020-01-01_2020-12-31_response.json.gz,9acd94d86a6a59ab67ca7a03f894d439e429d7f11912ecca0f24ff239b920f75,observed,within_series_coverage,False,False
TP.AB.N07,2020-09-18,2020-09-18,2020-09-18,18-09-2020,38,650032671.0,650032671.00000000,False,1600380000,gross_fx_reserves,"TCMB haftalik vaziyet tablosundaki brut doviz rezervlerini (2A1) izlemek; arsivlenmis TP.AB.*07 varyantlari yerine guncel, arsiv-disi seri secildi.",2A1 Brüt Döviz Rezervleri,2A1 Gross Foreign Assets,bie_abstc2,HAFTALIK(CUMA),Bin TL,last,TCMB,raw/TP_AB_N07_2020-01-01_2020-12-31_request.json,f3e0456c827a37e8e79dc1baaedb35ae272983ee1c230a395028965b81f1c1af,raw/TP_AB_N07_2020-01-01_2020-12-31_response.json.gz,9acd94d86a6a59ab67ca7a03f894d439e429d7f11912ecca0f24ff239b920f75,observed,within_series_coverage,False,False
TP.AB.N07,2020-09-25,2020-09-25,2020-09-25,25-09-2020,39,641285212.0,641285212.00000000,False,1600984800,gross_fx_reserves,"TCMB haftalik vaziyet tablosundaki brut doviz rezervlerini (2A1) izlemek; arsivlenmis TP.AB.*07 varyantlari yerine guncel, arsiv-disi seri secildi.",2A1 Brüt Döviz Rezervleri,2A1 Gross Foreign Assets,bie_abstc2,HAFTALIK(CUMA),Bin TL,last,TCMB,raw/TP_AB_N07_2020-01-01_2020-12-31_request.json,f3e0456c827a37e8e79dc1baaedb35ae272983ee1c230a395028965b81f1c1af,raw/TP_AB_N07_2020-01-01_2020-12-31_response.json.gz,9acd94d86a6a59ab67ca7a03f894d439e429d7f11912ecca0f24ff239b920f75,observed,within_series_coverage,False,False
TP.AB.N07,2020-10-02,2020-10-02,2020-10-02,02-10-2020,40,644889899.0,644889899.00000000,False,1601589600,gross_fx_reserves,"TCMB haftalik vaziyet tablosundaki brut doviz rezervlerini (2A1) izlemek; arsivlenmis TP.AB.*07 varyantlari yerine guncel, arsiv-disi seri secildi.",2A1 Brüt Döviz Rezervleri,2A1 Gross Foreign Assets,bie_abstc2,HAFTALIK(CUMA),Bin TL,last,TCMB,raw/TP_AB_N07_2020-01-01_2020-12-31_request.json,f3e0456c827a37e8e79dc1baaedb35ae272983ee1c230a395028965b81f1c1af,raw/TP_AB_N07_2020-01-01_2020-12-31_response.json.gz,9acd94d86a6a59ab67ca7a03f894d439e429d7f11912ecca0f24ff239b920f75,observed,within_series_coverage,False,False
TP.AB.N07,2020-10-09,2020-10-09,2020-10-09,09-10-2020,41,661184855.0,661184855.00000000,False,1602194400,gross_fx_reserves,"TCMB haftalik vaziyet tablosundaki brut doviz rezervlerini (2A1) izlemek; arsivlenmis TP.AB.*07 varyantlari yerine guncel, arsiv-disi seri secildi.",2A1 Brüt Döviz Rezervleri,2A1 Gross Foreign Assets,bie_abstc2,HAFTALIK(CUMA),Bin TL,last,TCMB,raw/TP_AB_N07_2020-01-01_2020-12-31_request.json,f3e0456c827a37e8e79dc1baaedb35ae272983ee1c230a395028965b81f1c1af,raw/TP_AB_N07_2020-01-01_2020-12-31_response.json.gz,9acd94d86a6a59ab67ca7a03f894d439e429d7f11912ecca0f24ff239b920f75,observed,within_series_coverage,False,False
TP.AB.N07,2020-10-16,2020-10-16,2020-10-16,16-10-2020,42,677713046.0,677713046.00000000,False,1602799200,gross_fx_reserves,"TCMB haftalik vaziyet tablosundaki brut doviz rezervlerini (2A1) izlemek; arsivlenmis TP.AB.*07 varyantlari yerine guncel, arsiv-disi seri secildi.",2A1 Brüt Döviz Rezervleri,2A1 Gross Foreign Assets,bie_abstc2,HAFTALIK(CUMA),Bin TL,last,TCMB,raw/TP_AB_N07_2020-01-01_2020-12-31_request.json,f3e0456c827a37e8e79dc1baaedb35ae272983ee1c230a395028965b81f1c1af,raw/TP_AB_N07_2020-01-01_2020-12-31_response.json.gz,9acd94d86a6a59ab67ca7a03f894d439e429d7f11912ecca0f24ff239b920f75,observed,within_series_coverage,False,False
TP.AB.N07,2020-10-23,2020-10-23,2020-10-23,23-10-2020,43,690720984.0,690720984.00000000,False,1603404000,gross_fx_reserves,"TCMB haftalik vaziyet tablosundaki brut doviz rezervlerini (2A1) izlemek; arsivlenmis TP.AB.*07 varyantlari yerine guncel, arsiv-disi seri secildi.",2A1 Brüt Döviz Rezervleri,2A1 Gross Foreign Assets,bie_abstc2,HAFTALIK(CUMA),Bin TL,last,TCMB,raw/TP_AB_N07_2020-01-01_2020-12-31_request.json,f3e0456c827a37e8e79dc1baaedb35ae272983ee1c230a395028965b81f1c1af,raw/TP_AB_N07_2020-01-01_2020-12-31_response.json.gz,9acd94d86a6a59ab67ca7a03f894d439e429d7f11912ecca0f24ff239b920f75,observed,within_series_coverage,False,False
TP.AB.N07,2020-10-30,2020-10-30,2020-10-30,30-10-2020,44,686861720.0,686861720.00000000,False,1604012400,gross_fx_reserves,"TCMB haftalik vaziyet tablosundaki brut doviz rezervlerini (2A1) izlemek; arsivlenmis TP.AB.*07 varyantlari yerine guncel, arsiv-disi seri secildi.",2A1 Brüt Döviz Rezervleri,2A1 Gross Foreign Assets,bie_abstc2,HAFTALIK(CUMA),Bin TL,last,TCMB,raw/TP_AB_N07_2020-01-01_2020-12-31_request.json,f3e0456c827a37e8e79dc1baaedb35ae272983ee1c230a395028965b81f1c1af,raw/TP_AB_N07_2020-01-01_2020-12-31_response.json.gz,9acd94d86a6a59ab67ca7a03f894d439e429d7f11912ecca0f24ff239b920f75,observed,within_series_coverage,False,False
TP.AB.N07,2020-11-06,2020-11-06,2020-11-06,06-11-2020,45,721049687.0,721049687.00000000,False,1604617200,gross_fx_reserves,"TCMB haftalik vaziyet tablosundaki brut doviz rezervlerini (2A1) izlemek; arsivlenmis TP.AB.*07 varyantlari yerine guncel, arsiv-disi seri secildi.",2A1 Brüt Döviz Rezervleri,2A1 Gross Foreign Assets,bie_abstc2,HAFTALIK(CUMA),Bin TL,last,TCMB,raw/TP_AB_N07_2020-01-01_2020-12-31_request.json,f3e0456c827a37e8e79dc1baaedb35ae272983ee1c230a395028965b81f1c1af,raw/TP_AB_N07_2020-01-01_2020-12-31_response.json.gz,9acd94d86a6a59ab67ca7a03f894d439e429d7f11912ecca0f24ff239b920f75,observed,within_series_coverage,False,False
TP.AB.N07,2020-11-13,2020-11-13,2020-11-13,13-11-2020,46,642808222.0,642808222.00000000,False,1605222000,gross_fx_reserves,"TCMB haftalik vaziyet tablosundaki brut doviz rezervlerini (2A1) izlemek; arsivlenmis TP.AB.*07 varyantlari yerine guncel, arsiv-disi seri secildi.",2A1 Brüt Döviz Rezervleri,2A1 Gross Foreign Assets,bie_abstc2,HAFTALIK(CUMA),Bin TL,last,TCMB,raw/TP_AB_N07_2020-01-01_2020-12-31_request.json,f3e0456c827a37e8e79dc1baaedb35ae272983ee1c230a395028965b81f1c1af,raw/TP_AB_N07_2020-01-01_2020-12-31_response.json.gz,9acd94d86a6a59ab67ca7a03f894d439e429d7f11912ecca0f24ff239b920f75,observed,within_series_coverage,False,False
TP.AB.N07,2020-11-20,2020-11-20,2020-11-20,20-11-2020,47,653902858.0,653902858.00000000,False,1605826800,gross_fx_reserves,"TCMB haftalik vaziyet tablosundaki brut doviz rezervlerini (2A1) izlemek; arsivlenmis TP.AB.*07 varyantlari yerine guncel, arsiv-disi seri secildi.",2A1 Brüt Döviz Rezervleri,2A1 Gross Foreign Assets,bie_abstc2,HAFTALIK(CUMA),Bin TL,last,TCMB,raw/TP_AB_N07_2020-01-01_2020-12-31_request.json,f3e0456c827a37e8e79dc1baaedb35ae272983ee1c230a395028965b81f1c1af,raw/TP_AB_N07_2020-01-01_2020-12-31_response.json.gz,9acd94d86a6a59ab67ca7a03f894d439e429d7f11912ecca0f24ff239b920f75,observed,within_series_coverage,False,False
TP.AB.N07,2020-11-27,2020-11-27,2020-11-27,27-11-2020,48,666000635.0,666000635.00000000,False,1606431600,gross_fx_reserves,"TCMB haftalik vaziyet tablosundaki brut doviz rezervlerini (2A1) izlemek; arsivlenmis TP.AB.*07 varyantlari yerine guncel, arsiv-disi seri secildi.",2A1 Brüt Döviz Rezervleri,2A1 Gross Foreign Assets,bie_abstc2,HAFTALIK(CUMA),Bin TL,last,TCMB,raw/TP_AB_N07_2020-01-01_2020-12-31_request.json,f3e0456c827a37e8e79dc1baaedb35ae272983ee1c230a395028965b81f1c1af,raw/TP_AB_N07_2020-01-01_2020-12-31_response.json.gz,9acd94d86a6a59ab67ca7a03f894d439e429d7f11912ecca0f24ff239b920f75,observed,within_series_coverage,False,False
TP.AB.N07,2020-12-04,2020-12-04,2020-12-04,04-12-2020,49,681267699.0,681267699.00000000,False,1607036400,gross_fx_reserves,"TCMB haftalik vaziyet tablosundaki brut doviz rezervlerini (2A1) izlemek; arsivlenmis TP.AB.*07 varyantlari yerine guncel, arsiv-disi seri secildi.",2A1 Brüt Döviz Rezervleri,2A1 Gross Foreign Assets,bie_abstc2,HAFTALIK(CUMA),Bin TL,last,TCMB,raw/TP_AB_N07_2020-01-01_2020-12-31_request.json,f3e0456c827a37e8e79dc1baaedb35ae272983ee1c230a395028965b81f1c1af,raw/TP_AB_N07_2020-01-01_2020-12-31_response.json.gz,9acd94d86a6a59ab67ca7a03f894d439e429d7f11912ecca0f24ff239b920f75,observed,within_series_coverage,False,False
TP.AB.N07,2020-12-11,2020-12-11,2020-12-11,11-12-2020,50,693491836.0,693491836.00000000,False,1607641200,gross_fx_reserves,"TCMB haftalik vaziyet tablosundaki brut doviz rezervlerini (2A1) izlemek; arsivlenmis TP.AB.*07 varyantlari yerine guncel, arsiv-disi seri secildi.",2A1 Brüt Döviz Rezervleri,2A1 Gross Foreign Assets,bie_abstc2,HAFTALIK(CUMA),Bin TL,last,TCMB,raw/TP_AB_N07_2020-01-01_2020-12-31_request.json,f3e0456c827a37e8e79dc1baaedb35ae272983ee1c230a395028965b81f1c1af,raw/TP_AB_N07_2020-01-01_2020-12-31_response.json.gz,9acd94d86a6a59ab67ca7a03f894d439e429d7f11912ecca0f24ff239b920f75,observed,within_series_coverage,False,False
TP.AB.N07,2020-12-18,2020-12-18,2020-12-18,18-12-2020,51,712918191.0,712918191.00000000,False,1608246000,gross_fx_reserves,"TCMB haftalik vaziyet tablosundaki brut doviz rezervlerini (2A1) izlemek; arsivlenmis TP.AB.*07 varyantlari yerine guncel, arsiv-disi seri secildi.",2A1 Brüt Döviz Rezervleri,2A1 Gross Foreign Assets,bie_abstc2,HAFTALIK(CUMA),Bin TL,last,TCMB,raw/TP_AB_N07_2020-01-01_2020-12-31_request.json,f3e0456c827a37e8e79dc1baaedb35ae272983ee1c230a395028965b81f1c1af,raw/TP_AB_N07_2020-01-01_2020-12-31_response.json.gz,9acd94d86a6a59ab67ca7a03f894d439e429d7f11912ecca0f24ff239b920f75,observed,within_series_coverage,False,False
TP.AB.N07,2020-12-25,2020-12-25,2020-12-25,25-12-2020,52,722274315.0,722274315.00000000,False,1608850800,gross_fx_reserves,"TCMB haftalik vaziyet tablosundaki brut doviz rezervlerini (2A1) izlemek; arsivlenmis TP.AB.*07 varyantlari yerine guncel, arsiv-disi seri secildi.",2A1 Brüt Döviz Rezervleri,2A1 Gross Foreign Assets,bie_abstc2,HAFTALIK(CUMA),Bin TL,last,TCMB,raw/TP_AB_N07_2020-01-01_2020-12-31_request.json,f3e0456c827a37e8e79dc1baaedb35ae272983ee1c230a395028965b81f1c1af,raw/TP_AB_N07_2020-01-01_2020-12-31_response.json.gz,9acd94d86a6a59ab67ca7a03f894d439e429d7f11912ecca0f24ff239b920f75,observed,within_series_coverage,False,False
TP.AB.N07,2021-01-01,2021-01-01,2021-01-01,01-01-2021,1,685438709.0,685438709.00000000,False,1609455600,gross_fx_reserves,"TCMB haftalik vaziyet tablosundaki brut doviz rezervlerini (2A1) izlemek; arsivlenmis TP.AB.*07 varyantlari yerine guncel, arsiv-disi seri secildi.",2A1 Brüt Döviz Rezervleri,2A1 Gross Foreign Assets,bie_abstc2,HAFTALIK(CUMA),Bin TL,last,TCMB,raw/TP_AB_N07_2021-01-01_2021-12-31_request.json,b7cde05d7209d9f47cd8a89b8c041b020fe3d88b5151a03169a56b9227ecf840,raw/TP_AB_N07_2021-01-01_2021-12-31_response.json.gz,d8a86d4227230f0c85c8872ff61198a2d132dd3b627205cb258bcef404dbc7bf,observed,within_series_coverage,False,False
TP.AB.N07,2021-01-08,2021-01-08,2021-01-08,08-01-2021,2,674510212.0,674510212.00000000,False,1610060400,gross_fx_reserves,"TCMB haftalik vaziyet tablosundaki brut doviz rezervlerini (2A1) izlemek; arsivlenmis TP.AB.*07 varyantlari yerine guncel, arsiv-disi seri secildi.",2A1 Brüt Döviz Rezervleri,2A1 Gross Foreign Assets,bie_abstc2,HAFTALIK(CUMA),Bin TL,last,TCMB,raw/TP_AB_N07_2021-01-01_2021-12-31_request.json,b7cde05d7209d9f47cd8a89b8c041b020fe3d88b5151a03169a56b9227ecf840,raw/TP_AB_N07_2021-01-01_2021-12-31_response.json.gz,d8a86d4227230f0c85c8872ff61198a2d132dd3b627205cb258bcef404dbc7bf,observed,within_series_coverage,False,False
TP.AB.N07,2021-01-15,2021-01-15,2021-01-15,15-01-2021,3,666804834.0,666804834.00000000,False,1610665200,gross_fx_reserves,"TCMB haftalik vaziyet tablosundaki brut doviz rezervlerini (2A1) izlemek; arsivlenmis TP.AB.*07 varyantlari yerine guncel, arsiv-disi seri secildi.",2A1 Brüt Döviz Rezervleri,2A1 Gross Foreign Assets,bie_abstc2,HAFTALIK(CUMA),Bin TL,last,TCMB,raw/TP_AB_N07_2021-01-01_2021-12-31_request.json,b7cde05d7209d9f47cd8a89b8c041b020fe3d88b5151a03169a56b9227ecf840,raw/TP_AB_N07_2021-01-01_2021-12-31_response.json.gz,d8a86d4227230f0c85c8872ff61198a2d132dd3b627205cb258bcef404dbc7bf,observed,within_series_coverage,False,False
TP.AB.N07,2021-01-22,2021-01-22,2021-01-22,22-01-2021,4,690362724.0,690362724.00000000,False,1611270000,gross_fx_reserves,"TCMB haftalik vaziyet tablosundaki brut doviz rezervlerini (2A1) izlemek; arsivlenmis TP.AB.*07 varyantlari yerine guncel, arsiv-disi seri secildi.",2A1 Brüt Döviz Rezervleri,2A1 Gross Foreign Assets,bie_abstc2,HAFTALIK(CUMA),Bin TL,last,TCMB,raw/TP_AB_N07_2021-01-01_2021-12-31_request.json,b7cde05d7209d9f47cd8a89b8c041b020fe3d88b5151a03169a56b9227ecf840,raw/TP_AB_N07_2021-01-01_2021-12-31_response.json.gz,d8a86d4227230f0c85c8872ff61198a2d132dd3b627205cb258bcef404dbc7bf,observed,within_series_coverage,False,False
TP.AB.N07,2021-01-29,2021-01-29,2021-01-29,29-01-2021,5,705554598.0,705554598.00000000,False,1611874800,gross_fx_reserves,"TCMB haftalik vaziyet tablosundaki brut doviz rezervlerini (2A1) izlemek; arsivlenmis TP.AB.*07 varyantlari yerine guncel, arsiv-disi seri secildi.",2A1 Brüt Döviz Rezervleri,2A1 Gross Foreign Assets,bie_abstc2,HAFTALIK(CUMA),Bin TL,last,TCMB,raw/TP_AB_N07_2021-01-01_2021-12-31_request.json,b7cde05d7209d9f47cd8a89b8c041b020fe3d88b5151a03169a56b9227ecf840,raw/TP_AB_N07_2021-01-01_2021-12-31_response.json.gz,d8a86d4227230f0c85c8872ff61198a2d132dd3b627205cb258bcef404dbc7bf,observed,within_series_coverage,False,False
TP.AB.N07,2021-02-05,2021-02-05,2021-02-05,05-02-2021,6,682457849.0,682457849.00000000,False,1612479600,gross_fx_reserves,"TCMB haftalik vaziyet tablosundaki brut doviz rezervlerini (2A1) izlemek; arsivlenmis TP.AB.*07 varyantlari yerine guncel, arsiv-disi seri secildi.",2A1 Brüt Döviz Rezervleri,2A1 Gross Foreign Assets,bie_abstc2,HAFTALIK(CUMA),Bin TL,last,TCMB,raw/TP_AB_N07_2021-01-01_2021-12-31_request.json,b7cde05d7209d9f47cd8a89b8c041b020fe3d88b5151a03169a56b9227ecf840,raw/TP_AB_N07_2021-01-01_2021-12-31_response.json.gz,d8a86d4227230f0c85c8872ff61198a2d132dd3b627205cb258bcef404dbc7bf,observed,within_series_coverage,False,False
TP.AB.N07,2021-02-12,2021-02-12,2021-02-12,12-02-2021,7,674358976.0,674358976.00000000,False,1613084400,gross_fx_reserves,"TCMB haftalik vaziyet tablosundaki brut doviz rezervlerini (2A1) izlemek; arsivlenmis TP.AB.*07 varyantlari yerine guncel, arsiv-disi seri secildi.",2A1 Brüt Döviz Rezervleri,2A1 Gross Foreign Assets,bie_abstc2,HAFTALIK(CUMA),Bin TL,last,TCMB,raw/TP_AB_N07_2021-01-01_2021-12-31_request.json,b7cde05d7209d9f47cd8a89b8c041b020fe3d88b5151a03169a56b9227ecf840,raw/TP_AB_N07_2021-01-01_2021-12-31_response.json.gz,d8a86d4227230f0c85c8872ff61198a2d132dd3b627205cb258bcef404dbc7bf,observed,within_series_coverage,False,False
TP.AB.N07,2021-02-19,2021-02-19,2021-02-19,19-02-2021,8,655018030.0,655018030.00000000,False,1613689200,gross_fx_reserves,"TCMB haftalik vaziyet tablosundaki brut doviz rezervlerini (2A1) izlemek; arsivlenmis TP.AB.*07 varyantlari yerine guncel, arsiv-disi seri secildi.",2A1 Brüt Döviz Rezervleri,2A1 Gross Foreign Assets,bie_abstc2,HAFTALIK(CUMA),Bin TL,last,TCMB,raw/TP_AB_N07_2021-01-01_2021-12-31_request.json,b7cde05d7209d9f47cd8a89b8c041b020fe3d88b5151a03169a56b9227ecf840,raw/TP_AB_N07_2021-01-01_2021-12-31_response.json.gz,d8a86d4227230f0c85c8872ff61198a2d132dd3b627205cb258bcef404dbc7bf,observed,within_series_coverage,False,False
TP.AB.N07,2021-02-26,2021-02-26,2021-02-26,26-02-2021,9,685988815.0,685988815.00000000,False,1614294000,gross_fx_reserves,"TCMB haftalik vaziyet tablosundaki brut doviz rezervlerini (2A1) izlemek; arsivlenmis TP.AB.*07 varyantlari yerine guncel, arsiv-disi seri secildi.",2A1 Brüt Döviz Rezervleri,2A1 Gross Foreign Assets,bie_abstc2,HAFTALIK(CUMA),Bin TL,last,TCMB,raw/TP_AB_N07_2021-01-01_2021-12-31_request.json,b7cde05d7209d9f47cd8a89b8c041b020fe3d88b5151a03169a56b9227ecf840,raw/TP_AB_N07_2021-01-01_2021-12-31_response.json.gz,d8a86d4227230f0c85c8872ff61198a2d132dd3b627205cb258bcef404dbc7bf,observed,within_series_coverage,False,False
TP.AB.N07,2021-03-05,2021-03-05,2021-03-05,05-03-2021,10,684272688.0,684272688.00000000,False,1614898800,gross_fx_reserves,"TCMB haftalik vaziyet tablosundaki brut doviz rezervlerini (2A1) izlemek; arsivlenmis TP.AB.*07 varyantlari yerine guncel, arsiv-disi seri secildi.",2A1 Brüt Döviz Rezervleri,2A1 Gross Foreign Assets,bie_abstc2,HAFTALIK(CUMA),Bin TL,last,TCMB,raw/TP_AB_N07_2021-01-01_2021-12-31_request.json,b7cde05d7209d9f47cd8a89b8c041b020fe3d88b5151a03169a56b9227ecf840,raw/TP_AB_N07_2021-01-01_2021-12-31_response.json.gz,d8a86d4227230f0c85c8872ff61198a2d132dd3b627205cb258bcef404dbc7bf,observed,within_series_coverage,False,False
TP.AB.N07,2021-03-12,2021-03-12,2021-03-12,12-03-2021,11,683192600.0,683192600.00000000,False,1615503600,gross_fx_reserves,"TCMB haftalik vaziyet tablosundaki brut doviz rezervlerini (2A1) izlemek; arsivlenmis TP.AB.*07 varyantlari yerine guncel, arsiv-disi seri secildi.",2A1 Brüt Döviz Rezervleri,2A1 Gross Foreign Assets,bie_abstc2,HAFTALIK(CUMA),Bin TL,last,TCMB,raw/TP_AB_N07_2021-01-01_2021-12-31_request.json,b7cde05d7209d9f47cd8a89b8c041b020fe3d88b5151a03169a56b9227ecf840,raw/TP_AB_N07_2021-01-01_2021-12-31_response.json.gz,d8a86d4227230f0c85c8872ff61198a2d132dd3b627205cb258bcef404dbc7bf,observed,within_series_coverage,False,False
TP.AB.N07,2021-03-19,2021-03-19,2021-03-19,19-03-2021,12,695908732.0,695908732.00000000,False,1616108400,gross_fx_reserves,"TCMB haftalik vaziyet tablosundaki brut doviz rezervlerini (2A1) izlemek; arsivlenmis TP.AB.*07 varyantlari yerine guncel, arsiv-disi seri secildi.",2A1 Brüt Döviz Rezervleri,2A1 Gross Foreign Assets,bie_abstc2,HAFTALIK(CUMA),Bin TL,last,TCMB,raw/TP_AB_N07_2021-01-01_2021-12-31_request.json,b7cde05d7209d9f47cd8a89b8c041b020fe3d88b5151a03169a56b9227ecf840,raw/TP_AB_N07_2021-01-01_2021-12-31_response.json.gz,d8a86d4227230f0c85c8872ff61198a2d132dd3b627205cb258bcef404dbc7bf,observed,within_series_coverage,False,False
TP.AB.N07,2021-03-26,2021-03-26,2021-03-26,26-03-2021,13,721012039.0,721012039.00000000,False,1616713200,gross_fx_reserves,"TCMB haftalik vaziyet tablosundaki brut doviz rezervlerini (2A1) izlemek; arsivlenmis TP.AB.*07 varyantlari yerine guncel, arsiv-disi seri secildi.",2A1 Brüt Döviz Rezervleri,2A1 Gross Foreign Assets,bie_abstc2,HAFTALIK(CUMA),Bin TL,last,TCMB,raw/TP_AB_N07_2021-01-01_2021-12-31_request.json,b7cde05d7209d9f47cd8a89b8c041b020fe3d88b5151a03169a56b9227ecf840,raw/TP_AB_N07_2021-01-01_2021-12-31_response.json.gz,d8a86d4227230f0c85c8872ff61198a2d132dd3b627205cb258bcef404dbc7bf,observed,within_series_coverage,False,False
TP.AB.N07,2021-04-02,2021-04-02,2021-04-02,02-04-2021,14,715773697.0,715773697.00000000,False,1617310800,gross_fx_reserves,"TCMB haftalik vaziyet tablosundaki brut doviz rezervlerini (2A1) izlemek; arsivlenmis TP.AB.*07 varyantlari yerine guncel, arsiv-disi seri secildi.",2A1 Brüt Döviz Rezervleri,2A1 Gross Foreign Assets,bie_abstc2,HAFTALIK(CUMA),Bin TL,last,TCMB,raw/TP_AB_N07_2021-01-01_2021-12-31_request.json,b7cde05d7209d9f47cd8a89b8c041b020fe3d88b5151a03169a56b9227ecf840,raw/TP_AB_N07_2021-01-01_2021-12-31_response.json.gz,d8a86d4227230f0c85c8872ff61198a2d132dd3b627205cb258bcef404dbc7bf,observed,within_series_coverage,False,False
TP.AB.N07,2021-04-09,2021-04-09,2021-04-09,09-04-2021,15,729424640.0,729424640.00000000,False,1617915600,gross_fx_reserves,"TCMB haftalik vaziyet tablosundaki brut doviz rezervlerini (2A1) izlemek; arsivlenmis TP.AB.*07 varyantlari yerine guncel, arsiv-disi seri secildi.",2A1 Brüt Döviz Rezervleri,2A1 Gross Foreign Assets,bie_abstc2,HAFTALIK(CUMA),Bin TL,last,TCMB,raw/TP_AB_N07_2021-01-01_2021-12-31_request.json,b7cde05d7209d9f47cd8a89b8c041b020fe3d88b5151a03169a56b9227ecf840,raw/TP_AB_N07_2021-01-01_2021-12-31_response.json.gz,d8a86d4227230f0c85c8872ff61198a2d132dd3b627205cb258bcef404dbc7bf,observed,within_series_coverage,False,False
TP.AB.N07,2021-04-16,2021-04-16,2021-04-16,16-04-2021,16,722685784.0,722685784.00000000,False,1618520400,gross_fx_reserves,"TCMB haftalik vaziyet tablosundaki brut doviz rezervlerini (2A1) izlemek; arsivlenmis TP.AB.*07 varyantlari yerine guncel, arsiv-disi seri secildi.",2A1 Brüt Döviz Rezervleri,2A1 Gross Foreign Assets,bie_abstc2,HAFTALIK(CUMA),Bin TL,last,TCMB,raw/TP_AB_N07_2021-01-01_2021-12-31_request.json,b7cde05d7209d9f47cd8a89b8c041b020fe3d88b5151a03169a56b9227ecf840,raw/TP_AB_N07_2021-01-01_2021-12-31_response.json.gz,d8a86d4227230f0c85c8872ff61198a2d132dd3b627205cb258bcef404dbc7bf,observed,within_series_coverage,False,False
TP.AB.N07,2021-04-23,2021-04-23,2021-04-23,23-04-2021,17,723442565.0,723442565.00000000,False,1619125200,gross_fx_reserves,"TCMB haftalik vaziyet tablosundaki brut doviz rezervlerini (2A1) izlemek; arsivlenmis TP.AB.*07 varyantlari yerine guncel, arsiv-disi seri secildi.",2A1 Brüt Döviz Rezervleri,2A1 Gross Foreign Assets,bie_abstc2,HAFTALIK(CUMA),Bin TL,last,TCMB,raw/TP_AB_N07_2021-01-01_2021-12-31_request.json,b7cde05d7209d9f47cd8a89b8c041b020fe3d88b5151a03169a56b9227ecf840,raw/TP_AB_N07_2021-01-01_2021-12-31_response.json.gz,d8a86d4227230f0c85c8872ff61198a2d132dd3b627205cb258bcef404dbc7bf,observed,within_series_coverage,False,False
TP.AB.N07,2021-04-30,2021-04-30,2021-04-30,30-04-2021,18,719529288.0,719529288.00000000,False,1619730000,gross_fx_reserves,"TCMB haftalik vaziyet tablosundaki brut doviz rezervlerini (2A1) izlemek; arsivlenmis TP.AB.*07 varyantlari yerine guncel, arsiv-disi seri secildi.",2A1 Brüt Döviz Rezervleri,2A1 Gross Foreign Assets,bie_abstc2,HAFTALIK(CUMA),Bin TL,last,TCMB,raw/TP_AB_N07_2021-01-01_2021-12-31_request.json,b7cde05d7209d9f47cd8a89b8c041b020fe3d88b5151a03169a56b9227ecf840,raw/TP_AB_N07_2021-01-01_2021-12-31_response.json.gz,d8a86d4227230f0c85c8872ff61198a2d132dd3b627205cb258bcef404dbc7bf,observed,within_series_coverage,False,False
TP.AB.N07,2021-05-07,2021-05-07,2021-05-07,07-05-2021,19,751634702.0,751634702.00000000,False,1620334800,gross_fx_reserves,"TCMB haftalik vaziyet tablosundaki brut doviz rezervlerini (2A1) izlemek; arsivlenmis TP.AB.*07 varyantlari yerine guncel, arsiv-disi seri secildi.",2A1 Brüt Döviz Rezervleri,2A1 Gross Foreign Assets,bie_abstc2,HAFTALIK(CUMA),Bin TL,last,TCMB,raw/TP_AB_N07_2021-01-01_2021-12-31_request.json,b7cde05d7209d9f47cd8a89b8c041b020fe3d88b5151a03169a56b9227ecf840,raw/TP_AB_N07_2021-01-01_2021-12-31_response.json.gz,d8a86d4227230f0c85c8872ff61198a2d132dd3b627205cb258bcef404dbc7bf,observed,within_series_coverage,False,False
TP.AB.N07,2021-05-14,2021-05-14,2021-05-14,14-05-2021,20,763552515.0,763552515.00000000,False,1620939600,gross_fx_reserves,"TCMB haftalik vaziyet tablosundaki brut doviz rezervlerini (2A1) izlemek; arsivlenmis TP.AB.*07 varyantlari yerine guncel, arsiv-disi seri secildi.",2A1 Brüt Döviz Rezervleri,2A1 Gross Foreign Assets,bie_abstc2,HAFTALIK(CUMA),Bin TL,last,TCMB,raw/TP_AB_N07_2021-01-01_2021-12-31_request.json,b7cde05d7209d9f47cd8a89b8c041b020fe3d88b5151a03169a56b9227ecf840,raw/TP_AB_N07_2021-01-01_2021-12-31_response.json.gz,d8a86d4227230f0c85c8872ff61198a2d132dd3b627205cb258bcef404dbc7bf,observed,within_series_coverage,False,False
TP.AB.N07,2021-05-21,2021-05-21,2021-05-21,21-05-2021,21,775108581.0,775108581.00000000,False,1621544400,gross_fx_reserves,"TCMB haftalik vaziyet tablosundaki brut doviz rezervlerini (2A1) izlemek; arsivlenmis TP.AB.*07 varyantlari yerine guncel, arsiv-disi seri secildi.",2A1 Brüt Döviz Rezervleri,2A1 Gross Foreign Assets,bie_abstc2,HAFTALIK(CUMA),Bin TL,last,TCMB,raw/TP_AB_N07_2021-01-01_2021-12-31_request.json,b7cde05d7209d9f47cd8a89b8c041b020fe3d88b5151a03169a56b9227ecf840,raw/TP_AB_N07_2021-01-01_2021-12-31_response.json.gz,d8a86d4227230f0c85c8872ff61198a2d132dd3b627205cb258bcef404dbc7bf,observed,within_series_coverage,False,False
TP.AB.N07,2021-05-28,2021-05-28,2021-05-28,28-05-2021,22,782328374.0,782328374.00000000,False,1622149200,gross_fx_reserves,"TCMB haftalik vaziyet tablosundaki brut doviz rezervlerini (2A1) izlemek; arsivlenmis TP.AB.*07 varyantlari yerine guncel, arsiv-disi seri secildi.",2A1 Brüt Döviz Rezervleri,2A1 Gross Foreign Assets,bie_abstc2,HAFTALIK(CUMA),Bin TL,last,TCMB,raw/TP_AB_N07_2021-01-01_2021-12-31_request.json,b7cde05d7209d9f47cd8a89b8c041b020fe3d88b5151a03169a56b9227ecf840,raw/TP_AB_N07_2021-01-01_2021-12-31_response.json.gz,d8a86d4227230f0c85c8872ff61198a2d132dd3b627205cb258bcef404dbc7bf,observed,within_series_coverage,False,False
TP.AB.N07,2021-06-04,2021-06-04,2021-06-04,04-06-2021,23,809359511.0,809359511.00000000,False,1622754000,gross_fx_reserves,"TCMB haftalik vaziyet tablosundaki brut doviz rezervlerini (2A1) izlemek; arsivlenmis TP.AB.*07 varyantlari yerine guncel, arsiv-disi seri secildi.",2A1 Brüt Döviz Rezervleri,2A1 Gross Foreign Assets,bie_abstc2,HAFTALIK(CUMA),Bin TL,last,TCMB,raw/TP_AB_N07_2021-01-01_2021-12-31_request.json,b7cde05d7209d9f47cd8a89b8c041b020fe3d88b5151a03169a56b9227ecf840,raw/TP_AB_N07_2021-01-01_2021-12-31_response.json.gz,d8a86d4227230f0c85c8872ff61198a2d132dd3b627205cb258bcef404dbc7bf,observed,within_series_coverage,False,False
TP.AB.N07,2021-06-11,2021-06-11,2021-06-11,11-06-2021,24,810797290.0,810797290.00000000,False,1623358800,gross_fx_reserves,"TCMB haftalik vaziyet tablosundaki brut doviz rezervlerini (2A1) izlemek; arsivlenmis TP.AB.*07 varyantlari yerine guncel, arsiv-disi seri secildi.",2A1 Brüt Döviz Rezervleri,2A1 Gross Foreign Assets,bie_abstc2,HAFTALIK(CUMA),Bin TL,last,TCMB,raw/TP_AB_N07_2021-01-01_2021-12-31_request.json,b7cde05d7209d9f47cd8a89b8c041b020fe3d88b5151a03169a56b9227ecf840,raw/TP_AB_N07_2021-01-01_2021-12-31_response.json.gz,d8a86d4227230f0c85c8872ff61198a2d132dd3b627205cb258bcef404dbc7bf,observed,within_series_coverage,False,False
TP.AB.N07,2021-06-18,2021-06-18,2021-06-18,18-06-2021,25,840768036.0,840768036.00000000,False,1623963600,gross_fx_reserves,"TCMB haftalik vaziyet tablosundaki brut doviz rezervlerini (2A1) izlemek; arsivlenmis TP.AB.*07 varyantlari yerine guncel, arsiv-disi seri secildi.",2A1 Brüt Döviz Rezervleri,2A1 Gross Foreign Assets,bie_abstc2,HAFTALIK(CUMA),Bin TL,last,TCMB,raw/TP_AB_N07_2021-01-01_2021-12-31_request.json,b7cde05d7209d9f47cd8a89b8c041b020fe3d88b5151a03169a56b9227ecf840,raw/TP_AB_N07_2021-01-01_2021-12-31_response.json.gz,d8a86d4227230f0c85c8872ff61198a2d132dd3b627205cb258bcef404dbc7bf,observed,within_series_coverage,False,False
TP.AB.N07,2021-06-25,2021-06-25,2021-06-25,25-06-2021,26,868705425.0,868705425.00000000,False,1624568400,gross_fx_reserves,"TCMB haftalik vaziyet tablosundaki brut doviz rezervlerini (2A1) izlemek; arsivlenmis TP.AB.*07 varyantlari yerine guncel, arsiv-disi seri secildi.",2A1 Brüt Döviz Rezervleri,2A1 Gross Foreign Assets,bie_abstc2,HAFTALIK(CUMA),Bin TL,last,TCMB,raw/TP_AB_N07_2021-01-01_2021-12-31_request.json,b7cde05d7209d9f47cd8a89b8c041b020fe3d88b5151a03169a56b9227ecf840,raw/TP_AB_N07_2021-01-01_2021-12-31_response.json.gz,d8a86d4227230f0c85c8872ff61198a2d132dd3b627205cb258bcef404dbc7bf,observed,within_series_coverage,False,False
TP.AB.N07,2021-07-02,2021-07-02,2021-07-02,02-07-2021,27,870936494.0,870936494.00000000,False,1625173200,gross_fx_reserves,"TCMB haftalik vaziyet tablosundaki brut doviz rezervlerini (2A1) izlemek; arsivlenmis TP.AB.*07 varyantlari yerine guncel, arsiv-disi seri secildi.",2A1 Brüt Döviz Rezervleri,2A1 Gross Foreign Assets,bie_abstc2,HAFTALIK(CUMA),Bin TL,last,TCMB,raw/TP_AB_N07_2021-01-01_2021-12-31_request.json,b7cde05d7209d9f47cd8a89b8c041b020fe3d88b5151a03169a56b9227ecf840,raw/TP_AB_N07_2021-01-01_2021-12-31_response.json.gz,d8a86d4227230f0c85c8872ff61198a2d132dd3b627205cb258bcef404dbc7bf,observed,within_series_coverage,False,False
TP.AB.N07,2021-07-09,2021-07-09,2021-07-09,09-07-2021,28,905449982.0,905449982.00000000,False,1625778000,gross_fx_reserves,"TCMB haftalik vaziyet tablosundaki brut doviz rezervlerini (2A1) izlemek; arsivlenmis TP.AB.*07 varyantlari yerine guncel, arsiv-disi seri secildi.",2A1 Brüt Döviz Rezervleri,2A1 Gross Foreign Assets,bie_abstc2,HAFTALIK(CUMA),Bin TL,last,TCMB,raw/TP_AB_N07_2021-01-01_2021-12-31_request.json,b7cde05d7209d9f47cd8a89b8c041b020fe3d88b5151a03169a56b9227ecf840,raw/TP_AB_N07_2021-01-01_2021-12-31_response.json.gz,d8a86d4227230f0c85c8872ff61198a2d132dd3b627205cb258bcef404dbc7bf,observed,within_series_coverage,False,False
TP.AB.N07,2021-07-16,2021-07-16,2021-07-16,16-07-2021,29,904760700.0,904760700.00000000,False,1626382800,gross_fx_reserves,"TCMB haftalik vaziyet tablosundaki brut doviz rezervlerini (2A1) izlemek; arsivlenmis TP.AB.*07 varyantlari yerine guncel, arsiv-disi seri secildi.",2A1 Brüt Döviz Rezervleri,2A1 Gross Foreign Assets,bie_abstc2,HAFTALIK(CUMA),Bin TL,last,TCMB,raw/TP_AB_N07_2021-01-01_2021-12-31_request.json,b7cde05d7209d9f47cd8a89b8c041b020fe3d88b5151a03169a56b9227ecf840,raw/TP_AB_N07_2021-01-01_2021-12-31_response.json.gz,d8a86d4227230f0c85c8872ff61198a2d132dd3b627205cb258bcef404dbc7bf,observed,within_series_coverage,False,False
TP.AB.N07,2021-07-23,2021-07-23,2021-07-23,23-07-2021,30,890185876.0,890185876.00000000,False,1626987600,gross_fx_reserves,"TCMB haftalik vaziyet tablosundaki brut doviz rezervlerini (2A1) izlemek; arsivlenmis TP.AB.*07 varyantlari yerine guncel, arsiv-disi seri secildi.",2A1 Brüt Döviz Rezervleri,2A1 Gross Foreign Assets,bie_abstc2,HAFTALIK(CUMA),Bin TL,last,TCMB,raw/TP_AB_N07_2021-01-01_2021-12-31_request.json,b7cde05d7209d9f47cd8a89b8c041b020fe3d88b5151a03169a56b9227ecf840,raw/TP_AB_N07_2021-01-01_2021-12-31_response.json.gz,d8a86d4227230f0c85c8872ff61198a2d132dd3b627205cb258bcef404dbc7bf,observed,within_series_coverage,False,False
TP.AB.N07,2021-07-30,2021-07-30,2021-07-30,30-07-2021,31,899769882.0,899769882.00000000,False,1627592400,gross_fx_reserves,"TCMB haftalik vaziyet tablosundaki brut doviz rezervlerini (2A1) izlemek; arsivlenmis TP.AB.*07 varyantlari yerine guncel, arsiv-disi seri secildi.",2A1 Brüt Döviz Rezervleri,2A1 Gross Foreign Assets,bie_abstc2,HAFTALIK(CUMA),Bin TL,last,TCMB,raw/TP_AB_N07_2021-01-01_2021-12-31_request.json,b7cde05d7209d9f47cd8a89b8c041b020fe3d88b5151a03169a56b9227ecf840,raw/TP_AB_N07_2021-01-01_2021-12-31_response.json.gz,d8a86d4227230f0c85c8872ff61198a2d132dd3b627205cb258bcef404dbc7bf,observed,within_series_coverage,False,False
TP.AB.N07,2021-08-06,2021-08-06,2021-08-06,06-08-2021,32,930850318.0,930850318.00000000,False,1628197200,gross_fx_reserves,"TCMB haftalik vaziyet tablosundaki brut doviz rezervlerini (2A1) izlemek; arsivlenmis TP.AB.*07 varyantlari yerine guncel, arsiv-disi seri secildi.",2A1 Brüt Döviz Rezervleri,2A1 Gross Foreign Assets,bie_abstc2,HAFTALIK(CUMA),Bin TL,last,TCMB,raw/TP_AB_N07_2021-01-01_2021-12-31_request.json,b7cde05d7209d9f47cd8a89b8c041b020fe3d88b5151a03169a56b9227ecf840,raw/TP_AB_N07_2021-01-01_2021-12-31_response.json.gz,d8a86d4227230f0c85c8872ff61198a2d132dd3b627205cb258bcef404dbc7bf,observed,within_series_coverage,False,False
TP.AB.N07,2021-08-13,2021-08-13,2021-08-13,13-08-2021,33,919455199.0,919455199.00000000,False,1628802000,gross_fx_reserves,"TCMB haftalik vaziyet tablosundaki brut doviz rezervlerini (2A1) izlemek; arsivlenmis TP.AB.*07 varyantlari yerine guncel, arsiv-disi seri secildi.",2A1 Brüt Döviz Rezervleri,2A1 Gross Foreign Assets,bie_abstc2,HAFTALIK(CUMA),Bin TL,last,TCMB,raw/TP_AB_N07_2021-01-01_2021-12-31_request.json,b7cde05d7209d9f47cd8a89b8c041b020fe3d88b5151a03169a56b9227ecf840,raw/TP_AB_N07_2021-01-01_2021-12-31_response.json.gz,d8a86d4227230f0c85c8872ff61198a2d132dd3b627205cb258bcef404dbc7bf,observed,within_series_coverage,False,False
TP.AB.N07,2021-08-20,2021-08-20,2021-08-20,20-08-2021,34,925315017.0,925315017.00000000,False,1629406800,gross_fx_reserves,"TCMB haftalik vaziyet tablosundaki brut doviz rezervlerini (2A1) izlemek; arsivlenmis TP.AB.*07 varyantlari yerine guncel, arsiv-disi seri secildi.",2A1 Brüt Döviz Rezervleri,2A1 Gross Foreign Assets,bie_abstc2,HAFTALIK(CUMA),Bin TL,last,TCMB,raw/TP_AB_N07_2021-01-01_2021-12-31_request.json,b7cde05d7209d9f47cd8a89b8c041b020fe3d88b5151a03169a56b9227ecf840,raw/TP_AB_N07_2021-01-01_2021-12-31_response.json.gz,d8a86d4227230f0c85c8872ff61198a2d132dd3b627205cb258bcef404dbc7bf,observed,within_series_coverage,False,False
TP.AB.N07,2021-08-27,2021-08-27,2021-08-27,27-08-2021,35,989789215.0,989789215.00000000,False,1630011600,gross_fx_reserves,"TCMB haftalik vaziyet tablosundaki brut doviz rezervlerini (2A1) izlemek; arsivlenmis TP.AB.*07 varyantlari yerine guncel, arsiv-disi seri secildi.",2A1 Brüt Döviz Rezervleri,2A1 Gross Foreign Assets,bie_abstc2,HAFTALIK(CUMA),Bin TL,last,TCMB,raw/TP_AB_N07_2021-01-01_2021-12-31_request.json,b7cde05d7209d9f47cd8a89b8c041b020fe3d88b5151a03169a56b9227ecf840,raw/TP_AB_N07_2021-01-01_2021-12-31_response.json.gz,d8a86d4227230f0c85c8872ff61198a2d132dd3b627205cb258bcef404dbc7bf,observed,within_series_coverage,False,False
TP.AB.N07,2021-09-03,2021-09-03,2021-09-03,03-09-2021,36,986334907.0,986334907.00000000,False,1630616400,gross_fx_reserves,"TCMB haftalik vaziyet tablosundaki brut doviz rezervlerini (2A1) izlemek; arsivlenmis TP.AB.*07 varyantlari yerine guncel, arsiv-disi seri secildi.",2A1 Brüt Döviz Rezervleri,2A1 Gross Foreign Assets,bie_abstc2,HAFTALIK(CUMA),Bin TL,last,TCMB,raw/TP_AB_N07_2021-01-01_2021-12-31_request.json,b7cde05d7209d9f47cd8a89b8c041b020fe3d88b5151a03169a56b9227ecf840,raw/TP_AB_N07_2021-01-01_2021-12-31_response.json.gz,d8a86d4227230f0c85c8872ff61198a2d132dd3b627205cb258bcef404dbc7bf,observed,within_series_coverage,False,False
TP.AB.N07,2021-09-10,2021-09-10,2021-09-10,10-09-2021,37,1018446522.0,1018446522.00000000,False,1631221200,gross_fx_reserves,"TCMB haftalik vaziyet tablosundaki brut doviz rezervlerini (2A1) izlemek; arsivlenmis TP.AB.*07 varyantlari yerine guncel, arsiv-disi seri secildi.",2A1 Brüt Döviz Rezervleri,2A1 Gross Foreign Assets,bie_abstc2,HAFTALIK(CUMA),Bin TL,last,TCMB,raw/TP_AB_N07_2021-01-01_2021-12-31_request.json,b7cde05d7209d9f47cd8a89b8c041b020fe3d88b5151a03169a56b9227ecf840,raw/TP_AB_N07_2021-01-01_2021-12-31_response.json.gz,d8a86d4227230f0c85c8872ff61198a2d132dd3b627205cb258bcef404dbc7bf,observed,within_series_coverage,False,False
TP.AB.N07,2021-09-17,2021-09-17,2021-09-17,17-09-2021,38,1020833121.0,1020833121.00000000,False,1631826000,gross_fx_reserves,"TCMB haftalik vaziyet tablosundaki brut doviz rezervlerini (2A1) izlemek; arsivlenmis TP.AB.*07 varyantlari yerine guncel, arsiv-disi seri secildi.",2A1 Brüt Döviz Rezervleri,2A1 Gross Foreign Assets,bie_abstc2,HAFTALIK(CUMA),Bin TL,last,TCMB,raw/TP_AB_N07_2021-01-01_2021-12-31_request.json,b7cde05d7209d9f47cd8a89b8c041b020fe3d88b5151a03169a56b9227ecf840,raw/TP_AB_N07_2021-01-01_2021-12-31_response.json.gz,d8a86d4227230f0c85c8872ff61198a2d132dd3b627205cb258bcef404dbc7bf,observed,within_series_coverage,False,False
TP.AB.N07,2021-09-24,2021-09-24,2021-09-24,24-09-2021,39,1058103992.0,1058103992.00000000,False,1632430800,gross_fx_reserves,"TCMB haftalik vaziyet tablosundaki brut doviz rezervlerini (2A1) izlemek; arsivlenmis TP.AB.*07 varyantlari yerine guncel, arsiv-disi seri secildi.",2A1 Brüt Döviz Rezervleri,2A1 Gross Foreign Assets,bie_abstc2,HAFTALIK(CUMA),Bin TL,last,TCMB,raw/TP_AB_N07_2021-01-01_2021-12-31_request.json,b7cde05d7209d9f47cd8a89b8c041b020fe3d88b5151a03169a56b9227ecf840,raw/TP_AB_N07_2021-01-01_2021-12-31_response.json.gz,d8a86d4227230f0c85c8872ff61198a2d132dd3b627205cb258bcef404dbc7bf,observed,within_series_coverage,False,False
TP.AB.N07,2021-10-01,2021-10-01,2021-10-01,01-10-2021,40,1082104198.0,1082104198.00000000,False,1633035600,gross_fx_reserves,"TCMB haftalik vaziyet tablosundaki brut doviz rezervlerini (2A1) izlemek; arsivlenmis TP.AB.*07 varyantlari yerine guncel, arsiv-disi seri secildi.",2A1 Brüt Döviz Rezervleri,2A1 Gross Foreign Assets,bie_abstc2,HAFTALIK(CUMA),Bin TL,last,TCMB,raw/TP_AB_N07_2021-01-01_2021-12-31_request.json,b7cde05d7209d9f47cd8a89b8c041b020fe3d88b5151a03169a56b9227ecf840,raw/TP_AB_N07_2021-01-01_2021-12-31_response.json.gz,d8a86d4227230f0c85c8872ff61198a2d132dd3b627205cb258bcef404dbc7bf,observed,within_series_coverage,False,False
TP.AB.N07,2021-10-08,2021-10-08,2021-10-08,08-10-2021,41,1095415245.0,1095415245.00000000,False,1633640400,gross_fx_reserves,"TCMB haftalik vaziyet tablosundaki brut doviz rezervlerini (2A1) izlemek; arsivlenmis TP.AB.*07 varyantlari yerine guncel, arsiv-disi seri secildi.",2A1 Brüt Döviz Rezervleri,2A1 Gross Foreign Assets,bie_abstc2,HAFTALIK(CUMA),Bin TL,last,TCMB,raw/TP_AB_N07_2021-01-01_2021-12-31_request.json,b7cde05d7209d9f47cd8a89b8c041b020fe3d88b5151a03169a56b9227ecf840,raw/TP_AB_N07_2021-01-01_2021-12-31_response.json.gz,d8a86d4227230f0c85c8872ff61198a2d132dd3b627205cb258bcef404dbc7bf,observed,within_series_coverage,False,False
TP.AB.N07,2021-10-15,2021-10-15,2021-10-15,15-10-2021,42,1150857388.0,1150857388.00000000,False,1634245200,gross_fx_reserves,"TCMB haftalik vaziyet tablosundaki brut doviz rezervlerini (2A1) izlemek; arsivlenmis TP.AB.*07 varyantlari yerine guncel, arsiv-disi seri secildi.",2A1 Brüt Döviz Rezervleri,2A1 Gross Foreign Assets,bie_abstc2,HAFTALIK(CUMA),Bin TL,last,TCMB,raw/TP_AB_N07_2021-01-01_2021-12-31_request.json,b7cde05d7209d9f47cd8a89b8c041b020fe3d88b5151a03169a56b9227ecf840,raw/TP_AB_N07_2021-01-01_2021-12-31_response.json.gz,d8a86d4227230f0c85c8872ff61198a2d132dd3b627205cb258bcef404dbc7bf,observed,within_series_coverage,False,False
TP.AB.N07,2021-10-22,2021-10-22,2021-10-22,22-10-2021,43,1163543942.0,1163543942.00000000,False,1634850000,gross_fx_reserves,"TCMB haftalik vaziyet tablosundaki brut doviz rezervlerini (2A1) izlemek; arsivlenmis TP.AB.*07 varyantlari yerine guncel, arsiv-disi seri secildi.",2A1 Brüt Döviz Rezervleri,2A1 Gross Foreign Assets,bie_abstc2,HAFTALIK(CUMA),Bin TL,last,TCMB,raw/TP_AB_N07_2021-01-01_2021-12-31_request.json,b7cde05d7209d9f47cd8a89b8c041b020fe3d88b5151a03169a56b9227ecf840,raw/TP_AB_N07_2021-01-01_2021-12-31_response.json.gz,d8a86d4227230f0c85c8872ff61198a2d132dd3b627205cb258bcef404dbc7bf,observed,within_series_coverage,False,False
TP.AB.N07,2021-10-29,2021-10-29,2021-10-29,29-10-2021,44,1175173186.0,1175173186.00000000,False,1635454800,gross_fx_reserves,"TCMB haftalik vaziyet tablosundaki brut doviz rezervlerini (2A1) izlemek; arsivlenmis TP.AB.*07 varyantlari yerine guncel, arsiv-disi seri secildi.",2A1 Brüt Döviz Rezervleri,2A1 Gross Foreign Assets,bie_abstc2,HAFTALIK(CUMA),Bin TL,last,TCMB,raw/TP_AB_N07_2021-01-01_2021-12-31_request.json,b7cde05d7209d9f47cd8a89b8c041b020fe3d88b5151a03169a56b9227ecf840,raw/TP_AB_N07_2021-01-01_2021-12-31_response.json.gz,d8a86d4227230f0c85c8872ff61198a2d132dd3b627205cb258bcef404dbc7bf,observed,within_series_coverage,False,False
TP.AB.N07,2021-11-05,2021-11-05,2021-11-05,05-11-2021,45,1216920374.0,1216920374.00000000,False,1636059600,gross_fx_reserves,"TCMB haftalik vaziyet tablosundaki brut doviz rezervlerini (2A1) izlemek; arsivlenmis TP.AB.*07 varyantlari yerine guncel, arsiv-disi seri secildi.",2A1 Brüt Döviz Rezervleri,2A1 Gross Foreign Assets,bie_abstc2,HAFTALIK(CUMA),Bin TL,last,TCMB,raw/TP_AB_N07_2021-01-01_2021-12-31_request.json,b7cde05d7209d9f47cd8a89b8c041b020fe3d88b5151a03169a56b9227ecf840,raw/TP_AB_N07_2021-01-01_2021-12-31_response.json.gz,d8a86d4227230f0c85c8872ff61198a2d132dd3b627205cb258bcef404dbc7bf,observed,within_series_coverage,False,False
TP.AB.N07,2021-11-12,2021-11-12,2021-11-12,12-11-2021,46,1267992298.0,1267992298.00000000,False,1636664400,gross_fx_reserves,"TCMB haftalik vaziyet tablosundaki brut doviz rezervlerini (2A1) izlemek; arsivlenmis TP.AB.*07 varyantlari yerine guncel, arsiv-disi seri secildi.",2A1 Brüt Döviz Rezervleri,2A1 Gross Foreign Assets,bie_abstc2,HAFTALIK(CUMA),Bin TL,last,TCMB,raw/TP_AB_N07_2021-01-01_2021-12-31_request.json,b7cde05d7209d9f47cd8a89b8c041b020fe3d88b5151a03169a56b9227ecf840,raw/TP_AB_N07_2021-01-01_2021-12-31_response.json.gz,d8a86d4227230f0c85c8872ff61198a2d132dd3b627205cb258bcef404dbc7bf,observed,within_series_coverage,False,False
TP.AB.N07,2021-11-19,2021-11-19,2021-11-19,19-11-2021,47,1375256172.0,1375256172.00000000,False,1637269200,gross_fx_reserves,"TCMB haftalik vaziyet tablosundaki brut doviz rezervlerini (2A1) izlemek; arsivlenmis TP.AB.*07 varyantlari yerine guncel, arsiv-disi seri secildi.",2A1 Brüt Döviz Rezervleri,2A1 Gross Foreign Assets,bie_abstc2,HAFTALIK(CUMA),Bin TL,last,TCMB,raw/TP_AB_N07_2021-01-01_2021-12-31_request.json,b7cde05d7209d9f47cd8a89b8c041b020fe3d88b5151a03169a56b9227ecf840,raw/TP_AB_N07_2021-01-01_2021-12-31_response.json.gz,d8a86d4227230f0c85c8872ff61198a2d132dd3b627205cb258bcef404dbc7bf,observed,within_series_coverage,False,False
TP.AB.N07,2021-11-26,2021-11-26,2021-11-26,26-11-2021,48,1515720327.0,1515720327.00000000,False,1637874000,gross_fx_reserves,"TCMB haftalik vaziyet tablosundaki brut doviz rezervlerini (2A1) izlemek; arsivlenmis TP.AB.*07 varyantlari yerine guncel, arsiv-disi seri secildi.",2A1 Brüt Döviz Rezervleri,2A1 Gross Foreign Assets,bie_abstc2,HAFTALIK(CUMA),Bin TL,last,TCMB,raw/TP_AB_N07_2021-01-01_2021-12-31_request.json,b7cde05d7209d9f47cd8a89b8c041b020fe3d88b5151a03169a56b9227ecf840,raw/TP_AB_N07_2021-01-01_2021-12-31_response.json.gz,d8a86d4227230f0c85c8872ff61198a2d132dd3b627205cb258bcef404dbc7bf,observed,within_series_coverage,False,False
TP.AB.N07,2021-12-03,2021-12-03,2021-12-03,03-12-2021,49,1664945840.0,1664945840.00000000,False,1638478800,gross_fx_reserves,"TCMB haftalik vaziyet tablosundaki brut doviz rezervlerini (2A1) izlemek; arsivlenmis TP.AB.*07 varyantlari yerine guncel, arsiv-disi seri secildi.",2A1 Brüt Döviz Rezervleri,2A1 Gross Foreign Assets,bie_abstc2,HAFTALIK(CUMA),Bin TL,last,TCMB,raw/TP_AB_N07_2021-01-01_2021-12-31_request.json,b7cde05d7209d9f47cd8a89b8c041b020fe3d88b5151a03169a56b9227ecf840,raw/TP_AB_N07_2021-01-01_2021-12-31_response.json.gz,d8a86d4227230f0c85c8872ff61198a2d132dd3b627205cb258bcef404dbc7bf,observed,within_series_coverage,False,False
TP.AB.N07,2021-12-10,2021-12-10,2021-12-10,10-12-2021,50,1691145338.0,1691145338.00000000,False,1639083600,gross_fx_reserves,"TCMB haftalik vaziyet tablosundaki brut doviz rezervlerini (2A1) izlemek; arsivlenmis TP.AB.*07 varyantlari yerine guncel, arsiv-disi seri secildi.",2A1 Brüt Döviz Rezervleri,2A1 Gross Foreign Assets,bie_abstc2,HAFTALIK(CUMA),Bin TL,last,TCMB,raw/TP_AB_N07_2021-01-01_2021-12-31_request.json,b7cde05d7209d9f47cd8a89b8c041b020fe3d88b5151a03169a56b9227ecf840,raw/TP_AB_N07_2021-01-01_2021-12-31_response.json.gz,d8a86d4227230f0c85c8872ff61198a2d132dd3b627205cb258bcef404dbc7bf,observed,within_series_coverage,False,False
TP.AB.N07,2021-12-17,2021-12-17,2021-12-17,17-12-2021,51,1780336337.0,1780336337.00000000,False,1639688400,gross_fx_reserves,"TCMB haftalik vaziyet tablosundaki brut doviz rezervlerini (2A1) izlemek; arsivlenmis TP.AB.*07 varyantlari yerine guncel, arsiv-disi seri secildi.",2A1 Brüt Döviz Rezervleri,2A1 Gross Foreign Assets,bie_abstc2,HAFTALIK(CUMA),Bin TL,last,TCMB,raw/TP_AB_N07_2021-01-01_2021-12-31_request.json,b7cde05d7209d9f47cd8a89b8c041b020fe3d88b5151a03169a56b9227ecf840,raw/TP_AB_N07_2021-01-01_2021-12-31_response.json.gz,d8a86d4227230f0c85c8872ff61198a2d132dd3b627205cb258bcef404dbc7bf,observed,within_series_coverage,False,False
TP.AB.N07,2021-12-24,2021-12-24,2021-12-24,24-12-2021,52,1272074358.0,1272074358.00000000,False,1640293200,gross_fx_reserves,"TCMB haftalik vaziyet tablosundaki brut doviz rezervlerini (2A1) izlemek; arsivlenmis TP.AB.*07 varyantlari yerine guncel, arsiv-disi seri secildi.",2A1 Brüt Döviz Rezervleri,2A1 Gross Foreign Assets,bie_abstc2,HAFTALIK(CUMA),Bin TL,last,TCMB,raw/TP_AB_N07_2021-01-01_2021-12-31_request.json,b7cde05d7209d9f47cd8a89b8c041b020fe3d88b5151a03169a56b9227ecf840,raw/TP_AB_N07_2021-01-01_2021-12-31_response.json.gz,d8a86d4227230f0c85c8872ff61198a2d132dd3b627205cb258bcef404dbc7bf,observed,within_series_coverage,False,False
TP.AB.N07,2021-12-31,2021-12-31,2021-12-31,31-12-2021,53,1443673160.0,1443673160.00000000,False,1640898000,gross_fx_reserves,"TCMB haftalik vaziyet tablosundaki brut doviz rezervlerini (2A1) izlemek; arsivlenmis TP.AB.*07 varyantlari yerine guncel, arsiv-disi seri secildi.",2A1 Brüt Döviz Rezervleri,2A1 Gross Foreign Assets,bie_abstc2,HAFTALIK(CUMA),Bin TL,last,TCMB,raw/TP_AB_N07_2021-01-01_2021-12-31_request.json,b7cde05d7209d9f47cd8a89b8c041b020fe3d88b5151a03169a56b9227ecf840,raw/TP_AB_N07_2021-01-01_2021-12-31_response.json.gz,d8a86d4227230f0c85c8872ff61198a2d132dd3b627205cb258bcef404dbc7bf,observed,within_series_coverage,False,False
TP.AB.N07,2022-01-07,2022-01-07,2022-01-07,07-01-2022,1,1494818418.0,1494818418.00000000,False,1641502800,gross_fx_reserves,"TCMB haftalik vaziyet tablosundaki brut doviz rezervlerini (2A1) izlemek; arsivlenmis TP.AB.*07 varyantlari yerine guncel, arsiv-disi seri secildi.",2A1 Brüt Döviz Rezervleri,2A1 Gross Foreign Assets,bie_abstc2,HAFTALIK(CUMA),Bin TL,last,TCMB,raw/TP_AB_N07_2022-01-01_2022-12-31_request.json,ffadb57c64dbbb5840d0db64462e4638d6d06c028107ac861329abd85c2189dc,raw/TP_AB_N07_2022-01-01_2022-12-31_response.json.gz,a441b25406cf40f093cf6782c9985d982a65f58cc0a7aa85fef7b46c085976ac,observed,within_series_coverage,False,False
TP.AB.N07,2022-01-14,2022-01-14,2022-01-14,14-01-2022,2,1486113983.0,1486113983.00000000,False,1642107600,gross_fx_reserves,"TCMB haftalik vaziyet tablosundaki brut doviz rezervlerini (2A1) izlemek; arsivlenmis TP.AB.*07 varyantlari yerine guncel, arsiv-disi seri secildi.",2A1 Brüt Döviz Rezervleri,2A1 Gross Foreign Assets,bie_abstc2,HAFTALIK(CUMA),Bin TL,last,TCMB,raw/TP_AB_N07_2022-01-01_2022-12-31_request.json,ffadb57c64dbbb5840d0db64462e4638d6d06c028107ac861329abd85c2189dc,raw/TP_AB_N07_2022-01-01_2022-12-31_response.json.gz,a441b25406cf40f093cf6782c9985d982a65f58cc0a7aa85fef7b46c085976ac,observed,within_series_coverage,False,False
TP.AB.N07,2022-01-21,2022-01-21,2022-01-21,21-01-2022,3,1478887355.0,1478887355.00000000,False,1642712400,gross_fx_reserves,"TCMB haftalik vaziyet tablosundaki brut doviz rezervlerini (2A1) izlemek; arsivlenmis TP.AB.*07 varyantlari yerine guncel, arsiv-disi seri secildi.",2A1 Brüt Döviz Rezervleri,2A1 Gross Foreign Assets,bie_abstc2,HAFTALIK(CUMA),Bin TL,last,TCMB,raw/TP_AB_N07_2022-01-01_2022-12-31_request.json,ffadb57c64dbbb5840d0db64462e4638d6d06c028107ac861329abd85c2189dc,raw/TP_AB_N07_2022-01-01_2022-12-31_response.json.gz,a441b25406cf40f093cf6782c9985d982a65f58cc0a7aa85fef7b46c085976ac,observed,within_series_coverage,False,False
TP.AB.N07,2022-01-28,2022-01-28,2022-01-28,28-01-2022,4,1500852326.0,1500852326.00000000,False,1643317200,gross_fx_reserves,"TCMB haftalik vaziyet tablosundaki brut doviz rezervlerini (2A1) izlemek; arsivlenmis TP.AB.*07 varyantlari yerine guncel, arsiv-disi seri secildi.",2A1 Brüt Döviz Rezervleri,2A1 Gross Foreign Assets,bie_abstc2,HAFTALIK(CUMA),Bin TL,last,TCMB,raw/TP_AB_N07_2022-01-01_2022-12-31_request.json,ffadb57c64dbbb5840d0db64462e4638d6d06c028107ac861329abd85c2189dc,raw/TP_AB_N07_2022-01-01_2022-12-31_response.json.gz,a441b25406cf40f093cf6782c9985d982a65f58cc0a7aa85fef7b46c085976ac,observed,within_series_coverage,False,False
TP.AB.N07,2022-02-04,2022-02-04,2022-02-04,04-02-2022,5,1556606569.0,1556606569.00000000,False,1643922000,gross_fx_reserves,"TCMB haftalik vaziyet tablosundaki brut doviz rezervlerini (2A1) izlemek; arsivlenmis TP.AB.*07 varyantlari yerine guncel, arsiv-disi seri secildi.",2A1 Brüt Döviz Rezervleri,2A1 Gross Foreign Assets,bie_abstc2,HAFTALIK(CUMA),Bin TL,last,TCMB,raw/TP_AB_N07_2022-01-01_2022-12-31_request.json,ffadb57c64dbbb5840d0db64462e4638d6d06c028107ac861329abd85c2189dc,raw/TP_AB_N07_2022-01-01_2022-12-31_response.json.gz,a441b25406cf40f093cf6782c9985d982a65f58cc0a7aa85fef7b46c085976ac,observed,within_series_coverage,False,False
TP.AB.N07,2022-02-11,2022-02-11,2022-02-11,11-02-2022,6,1556996802.0,1556996802.00000000,False,1644526800,gross_fx_reserves,"TCMB haftalik vaziyet tablosundaki brut doviz rezervlerini (2A1) izlemek; arsivlenmis TP.AB.*07 varyantlari yerine guncel, arsiv-disi seri secildi.",2A1 Brüt Döviz Rezervleri,2A1 Gross Foreign Assets,bie_abstc2,HAFTALIK(CUMA),Bin TL,last,TCMB,raw/TP_AB_N07_2022-01-01_2022-12-31_request.json,ffadb57c64dbbb5840d0db64462e4638d6d06c028107ac861329abd85c2189dc,raw/TP_AB_N07_2022-01-01_2022-12-31_response.json.gz,a441b25406cf40f093cf6782c9985d982a65f58cc0a7aa85fef7b46c085976ac,observed,within_series_coverage,False,False
TP.AB.N07,2022-02-18,2022-02-18,2022-02-18,18-02-2022,7,1553772150.0,1553772150.00000000,False,1645131600,gross_fx_reserves,"TCMB haftalik vaziyet tablosundaki brut doviz rezervlerini (2A1) izlemek; arsivlenmis TP.AB.*07 varyantlari yerine guncel, arsiv-disi seri secildi.",2A1 Brüt Döviz Rezervleri,2A1 Gross Foreign Assets,bie_abstc2,HAFTALIK(CUMA),Bin TL,last,TCMB,raw/TP_AB_N07_2022-01-01_2022-12-31_request.json,ffadb57c64dbbb5840d0db64462e4638d6d06c028107ac861329abd85c2189dc,raw/TP_AB_N07_2022-01-01_2022-12-31_response.json.gz,a441b25406cf40f093cf6782c9985d982a65f58cc0a7aa85fef7b46c085976ac,observed,within_series_coverage,False,False
TP.AB.N07,2022-02-25,2022-02-25,2022-02-25,25-02-2022,8,1613418135.0,1613418135.00000000,False,1645736400,gross_fx_reserves,"TCMB haftalik vaziyet tablosundaki brut doviz rezervlerini (2A1) izlemek; arsivlenmis TP.AB.*07 varyantlari yerine guncel, arsiv-disi seri secildi.",2A1 Brüt Döviz Rezervleri,2A1 Gross Foreign Assets,bie_abstc2,HAFTALIK(CUMA),Bin TL,last,TCMB,raw/TP_AB_N07_2022-01-01_2022-12-31_request.json,ffadb57c64dbbb5840d0db64462e4638d6d06c028107ac861329abd85c2189dc,raw/TP_AB_N07_2022-01-01_2022-12-31_response.json.gz,a441b25406cf40f093cf6782c9985d982a65f58cc0a7aa85fef7b46c085976ac,observed,within_series_coverage,False,False
TP.AB.N07,2022-03-04,2022-03-04,2022-03-04,04-03-2022,9,1558602787.0,1558602787.00000000,False,1646341200,gross_fx_reserves,"TCMB haftalik vaziyet tablosundaki brut doviz rezervlerini (2A1) izlemek; arsivlenmis TP.AB.*07 varyantlari yerine guncel, arsiv-disi seri secildi.",2A1 Brüt Döviz Rezervleri,2A1 Gross Foreign Assets,bie_abstc2,HAFTALIK(CUMA),Bin TL,last,TCMB,raw/TP_AB_N07_2022-01-01_2022-12-31_request.json,ffadb57c64dbbb5840d0db64462e4638d6d06c028107ac861329abd85c2189dc,raw/TP_AB_N07_2022-01-01_2022-12-31_response.json.gz,a441b25406cf40f093cf6782c9985d982a65f58cc0a7aa85fef7b46c085976ac,observed,within_series_coverage,False,False
TP.AB.N07,2022-03-11,2022-03-11,2022-03-11,11-03-2022,10,1607953803.0,1607953803.00000000,False,1646946000,gross_fx_reserves,"TCMB haftalik vaziyet tablosundaki brut doviz rezervlerini (2A1) izlemek; arsivlenmis TP.AB.*07 varyantlari yerine guncel, arsiv-disi seri secildi.",2A1 Brüt Döviz Rezervleri,2A1 Gross Foreign Assets,bie_abstc2,HAFTALIK(CUMA),Bin TL,last,TCMB,raw/TP_AB_N07_2022-01-01_2022-12-31_request.json,ffadb57c64dbbb5840d0db64462e4638d6d06c028107ac861329abd85c2189dc,raw/TP_AB_N07_2022-01-01_2022-12-31_response.json.gz,a441b25406cf40f093cf6782c9985d982a65f58cc0a7aa85fef7b46c085976ac,observed,within_series_coverage,False,False
TP.AB.N07,2022-03-18,2022-03-18,2022-03-18,18-03-2022,11,1597465936.0,1597465936.00000000,False,1647550800,gross_fx_reserves,"TCMB haftalik vaziyet tablosundaki brut doviz rezervlerini (2A1) izlemek; arsivlenmis TP.AB.*07 varyantlari yerine guncel, arsiv-disi seri secildi.",2A1 Brüt Döviz Rezervleri,2A1 Gross Foreign Assets,bie_abstc2,HAFTALIK(CUMA),Bin TL,last,TCMB,raw/TP_AB_N07_2022-01-01_2022-12-31_request.json,ffadb57c64dbbb5840d0db64462e4638d6d06c028107ac861329abd85c2189dc,raw/TP_AB_N07_2022-01-01_2022-12-31_response.json.gz,a441b25406cf40f093cf6782c9985d982a65f58cc0a7aa85fef7b46c085976ac,observed,within_series_coverage,False,False
TP.AB.N07,2022-03-25,2022-03-25,2022-03-25,25-03-2022,12,1604371946.0,1604371946.00000000,False,1648155600,gross_fx_reserves,"TCMB haftalik vaziyet tablosundaki brut doviz rezervlerini (2A1) izlemek; arsivlenmis TP.AB.*07 varyantlari yerine guncel, arsiv-disi seri secildi.",2A1 Brüt Döviz Rezervleri,2A1 Gross Foreign Assets,bie_abstc2,HAFTALIK(CUMA),Bin TL,last,TCMB,raw/TP_AB_N07_2022-01-01_2022-12-31_request.json,ffadb57c64dbbb5840d0db64462e4638d6d06c028107ac861329abd85c2189dc,raw/TP_AB_N07_2022-01-01_2022-12-31_response.json.gz,a441b25406cf40f093cf6782c9985d982a65f58cc0a7aa85fef7b46c085976ac,observed,within_series_coverage,False,False
TP.AB.N07,2022-04-01,2022-04-01,2022-04-01,01-04-2022,13,1597761948.0,1597761948.00000000,False,1648760400,gross_fx_reserves,"TCMB haftalik vaziyet tablosundaki brut doviz rezervlerini (2A1) izlemek; arsivlenmis TP.AB.*07 varyantlari yerine guncel, arsiv-disi seri secildi.",2A1 Brüt Döviz Rezervleri,2A1 Gross Foreign Assets,bie_abstc2,HAFTALIK(CUMA),Bin TL,last,TCMB,raw/TP_AB_N07_2022-01-01_2022-12-31_request.json,ffadb57c64dbbb5840d0db64462e4638d6d06c028107ac861329abd85c2189dc,raw/TP_AB_N07_2022-01-01_2022-12-31_response.json.gz,a441b25406cf40f093cf6782c9985d982a65f58cc0a7aa85fef7b46c085976ac,observed,within_series_coverage,False,False
TP.AB.N07,2022-04-08,2022-04-08,2022-04-08,08-04-2022,14,1621775729.0,1621775729.00000000,False,1649365200,gross_fx_reserves,"TCMB haftalik vaziyet tablosundaki brut doviz rezervlerini (2A1) izlemek; arsivlenmis TP.AB.*07 varyantlari yerine guncel, arsiv-disi seri secildi.",2A1 Brüt Döviz Rezervleri,2A1 Gross Foreign Assets,bie_abstc2,HAFTALIK(CUMA),Bin TL,last,TCMB,raw/TP_AB_N07_2022-01-01_2022-12-31_request.json,ffadb57c64dbbb5840d0db64462e4638d6d06c028107ac861329abd85c2189dc,raw/TP_AB_N07_2022-01-01_2022-12-31_response.json.gz,a441b25406cf40f093cf6782c9985d982a65f58cc0a7aa85fef7b46c085976ac,observed,within_series_coverage,False,False
TP.AB.N07,2022-04-15,2022-04-15,2022-04-15,15-04-2022,15,1641705185.0,1641705185.00000000,False,1649970000,gross_fx_reserves,"TCMB haftalik vaziyet tablosundaki brut doviz rezervlerini (2A1) izlemek; arsivlenmis TP.AB.*07 varyantlari yerine guncel, arsiv-disi seri secildi.",2A1 Brüt Döviz Rezervleri,2A1 Gross Foreign Assets,bie_abstc2,HAFTALIK(CUMA),Bin TL,last,TCMB,raw/TP_AB_N07_2022-01-01_2022-12-31_request.json,ffadb57c64dbbb5840d0db64462e4638d6d06c028107ac861329abd85c2189dc,raw/TP_AB_N07_2022-01-01_2022-12-31_response.json.gz,a441b25406cf40f093cf6782c9985d982a65f58cc0a7aa85fef7b46c085976ac,observed,within_series_coverage,False,False
TP.AB.N07,2022-04-22,2022-04-22,2022-04-22,22-04-2022,16,1599950273.0,1599950273.00000000,False,1650574800,gross_fx_reserves,"TCMB haftalik vaziyet tablosundaki brut doviz rezervlerini (2A1) izlemek; arsivlenmis TP.AB.*07 varyantlari yerine guncel, arsiv-disi seri secildi.",2A1 Brüt Döviz Rezervleri,2A1 Gross Foreign Assets,bie_abstc2,HAFTALIK(CUMA),Bin TL,last,TCMB,raw/TP_AB_N07_2022-01-01_2022-12-31_request.json,ffadb57c64dbbb5840d0db64462e4638d6d06c028107ac861329abd85c2189dc,raw/TP_AB_N07_2022-01-01_2022-12-31_response.json.gz,a441b25406cf40f093cf6782c9985d982a65f58cc0a7aa85fef7b46c085976ac,observed,within_series_coverage,False,False
TP.AB.N07,2022-04-29,2022-04-29,2022-04-29,29-04-2022,17,1582559577.0,1582559577.00000000,False,1651179600,gross_fx_reserves,"TCMB haftalik vaziyet tablosundaki brut doviz rezervlerini (2A1) izlemek; arsivlenmis TP.AB.*07 varyantlari yerine guncel, arsiv-disi seri secildi.",2A1 Brüt Döviz Rezervleri,2A1 Gross Foreign Assets,bie_abstc2,HAFTALIK(CUMA),Bin TL,last,TCMB,raw/TP_AB_N07_2022-01-01_2022-12-31_request.json,ffadb57c64dbbb5840d0db64462e4638d6d06c028107ac861329abd85c2189dc,raw/TP_AB_N07_2022-01-01_2022-12-31_response.json.gz,a441b25406cf40f093cf6782c9985d982a65f58cc0a7aa85fef7b46c085976ac,observed,within_series_coverage,False,False
TP.AB.N07,2022-05-06,2022-05-06,2022-05-06,06-05-2022,18,1599578680.0,1599578680.00000000,False,1651784400,gross_fx_reserves,"TCMB haftalik vaziyet tablosundaki brut doviz rezervlerini (2A1) izlemek; arsivlenmis TP.AB.*07 varyantlari yerine guncel, arsiv-disi seri secildi.",2A1 Brüt Döviz Rezervleri,2A1 Gross Foreign Assets,bie_abstc2,HAFTALIK(CUMA),Bin TL,last,TCMB,raw/TP_AB_N07_2022-01-01_2022-12-31_request.json,ffadb57c64dbbb5840d0db64462e4638d6d06c028107ac861329abd85c2189dc,raw/TP_AB_N07_2022-01-01_2022-12-31_response.json.gz,a441b25406cf40f093cf6782c9985d982a65f58cc0a7aa85fef7b46c085976ac,observed,within_series_coverage,False,False
TP.AB.N07,2022-05-13,2022-05-13,2022-05-13,13-05-2022,19,1568011211.0,1568011211.00000000,False,1652389200,gross_fx_reserves,"TCMB haftalik vaziyet tablosundaki brut doviz rezervlerini (2A1) izlemek; arsivlenmis TP.AB.*07 varyantlari yerine guncel, arsiv-disi seri secildi.",2A1 Brüt Döviz Rezervleri,2A1 Gross Foreign Assets,bie_abstc2,HAFTALIK(CUMA),Bin TL,last,TCMB,raw/TP_AB_N07_2022-01-01_2022-12-31_request.json,ffadb57c64dbbb5840d0db64462e4638d6d06c028107ac861329abd85c2189dc,raw/TP_AB_N07_2022-01-01_2022-12-31_response.json.gz,a441b25406cf40f093cf6782c9985d982a65f58cc0a7aa85fef7b46c085976ac,observed,within_series_coverage,False,False
TP.AB.N07,2022-05-20,2022-05-20,2022-05-20,20-05-2022,20,1599273223.0,1599273223.00000000,False,1652994000,gross_fx_reserves,"TCMB haftalik vaziyet tablosundaki brut doviz rezervlerini (2A1) izlemek; arsivlenmis TP.AB.*07 varyantlari yerine guncel, arsiv-disi seri secildi.",2A1 Brüt Döviz Rezervleri,2A1 Gross Foreign Assets,bie_abstc2,HAFTALIK(CUMA),Bin TL,last,TCMB,raw/TP_AB_N07_2022-01-01_2022-12-31_request.json,ffadb57c64dbbb5840d0db64462e4638d6d06c028107ac861329abd85c2189dc,raw/TP_AB_N07_2022-01-01_2022-12-31_response.json.gz,a441b25406cf40f093cf6782c9985d982a65f58cc0a7aa85fef7b46c085976ac,observed,within_series_coverage,False,False
TP.AB.N07,2022-05-27,2022-05-27,2022-05-27,27-05-2022,21,1687328355.0,1687328355.00000000,False,1653598800,gross_fx_reserves,"TCMB haftalik vaziyet tablosundaki brut doviz rezervlerini (2A1) izlemek; arsivlenmis TP.AB.*07 varyantlari yerine guncel, arsiv-disi seri secildi.",2A1 Brüt Döviz Rezervleri,2A1 Gross Foreign Assets,bie_abstc2,HAFTALIK(CUMA),Bin TL,last,TCMB,raw/TP_AB_N07_2022-01-01_2022-12-31_request.json,ffadb57c64dbbb5840d0db64462e4638d6d06c028107ac861329abd85c2189dc,raw/TP_AB_N07_2022-01-01_2022-12-31_response.json.gz,a441b25406cf40f093cf6782c9985d982a65f58cc0a7aa85fef7b46c085976ac,observed,within_series_coverage,False,False
TP.AB.N07,2022-06-03,2022-06-03,2022-06-03,03-06-2022,22,1691969535.0,1691969535.00000000,False,1654203600,gross_fx_reserves,"TCMB haftalik vaziyet tablosundaki brut doviz rezervlerini (2A1) izlemek; arsivlenmis TP.AB.*07 varyantlari yerine guncel, arsiv-disi seri secildi.",2A1 Brüt Döviz Rezervleri,2A1 Gross Foreign Assets,bie_abstc2,HAFTALIK(CUMA),Bin TL,last,TCMB,raw/TP_AB_N07_2022-01-01_2022-12-31_request.json,ffadb57c64dbbb5840d0db64462e4638d6d06c028107ac861329abd85c2189dc,raw/TP_AB_N07_2022-01-01_2022-12-31_response.json.gz,a441b25406cf40f093cf6782c9985d982a65f58cc0a7aa85fef7b46c085976ac,observed,within_series_coverage,False,False
TP.AB.N07,2022-06-10,2022-06-10,2022-06-10,10-06-2022,23,1766555462.0,1766555462.00000000,False,1654808400,gross_fx_reserves,"TCMB haftalik vaziyet tablosundaki brut doviz rezervlerini (2A1) izlemek; arsivlenmis TP.AB.*07 varyantlari yerine guncel, arsiv-disi seri secildi.",2A1 Brüt Döviz Rezervleri,2A1 Gross Foreign Assets,bie_abstc2,HAFTALIK(CUMA),Bin TL,last,TCMB,raw/TP_AB_N07_2022-01-01_2022-12-31_request.json,ffadb57c64dbbb5840d0db64462e4638d6d06c028107ac861329abd85c2189dc,raw/TP_AB_N07_2022-01-01_2022-12-31_response.json.gz,a441b25406cf40f093cf6782c9985d982a65f58cc0a7aa85fef7b46c085976ac,observed,within_series_coverage,False,False
TP.AB.N07,2022-06-17,2022-06-17,2022-06-17,17-06-2022,24,1749878018.0,1749878018.00000000,False,1655413200,gross_fx_reserves,"TCMB haftalik vaziyet tablosundaki brut doviz rezervlerini (2A1) izlemek; arsivlenmis TP.AB.*07 varyantlari yerine guncel, arsiv-disi seri secildi.",2A1 Brüt Döviz Rezervleri,2A1 Gross Foreign Assets,bie_abstc2,HAFTALIK(CUMA),Bin TL,last,TCMB,raw/TP_AB_N07_2022-01-01_2022-12-31_request.json,ffadb57c64dbbb5840d0db64462e4638d6d06c028107ac861329abd85c2189dc,raw/TP_AB_N07_2022-01-01_2022-12-31_response.json.gz,a441b25406cf40f093cf6782c9985d982a65f58cc0a7aa85fef7b46c085976ac,observed,within_series_coverage,False,False
TP.AB.N07,2022-06-24,2022-06-24,2022-06-24,24-06-2022,25,1771569296.0,1771569296.00000000,False,1656018000,gross_fx_reserves,"TCMB haftalik vaziyet tablosundaki brut doviz rezervlerini (2A1) izlemek; arsivlenmis TP.AB.*07 varyantlari yerine guncel, arsiv-disi seri secildi.",2A1 Brüt Döviz Rezervleri,2A1 Gross Foreign Assets,bie_abstc2,HAFTALIK(CUMA),Bin TL,last,TCMB,raw/TP_AB_N07_2022-01-01_2022-12-31_request.json,ffadb57c64dbbb5840d0db64462e4638d6d06c028107ac861329abd85c2189dc,raw/TP_AB_N07_2022-01-01_2022-12-31_response.json.gz,a441b25406cf40f093cf6782c9985d982a65f58cc0a7aa85fef7b46c085976ac,observed,within_series_coverage,False,False
TP.AB.N07,2022-07-01,2022-07-01,2022-07-01,01-07-2022,26,1684865878.0,1684865878.00000000,False,1656622800,gross_fx_reserves,"TCMB haftalik vaziyet tablosundaki brut doviz rezervlerini (2A1) izlemek; arsivlenmis TP.AB.*07 varyantlari yerine guncel, arsiv-disi seri secildi.",2A1 Brüt Döviz Rezervleri,2A1 Gross Foreign Assets,bie_abstc2,HAFTALIK(CUMA),Bin TL,last,TCMB,raw/TP_AB_N07_2022-01-01_2022-12-31_request.json,ffadb57c64dbbb5840d0db64462e4638d6d06c028107ac861329abd85c2189dc,raw/TP_AB_N07_2022-01-01_2022-12-31_response.json.gz,a441b25406cf40f093cf6782c9985d982a65f58cc0a7aa85fef7b46c085976ac,observed,within_series_coverage,False,False
TP.AB.N07,2022-07-08,2022-07-08,2022-07-08,08-07-2022,27,1705757077.0,1705757077.00000000,False,1657227600,gross_fx_reserves,"TCMB haftalik vaziyet tablosundaki brut doviz rezervlerini (2A1) izlemek; arsivlenmis TP.AB.*07 varyantlari yerine guncel, arsiv-disi seri secildi.",2A1 Brüt Döviz Rezervleri,2A1 Gross Foreign Assets,bie_abstc2,HAFTALIK(CUMA),Bin TL,last,TCMB,raw/TP_AB_N07_2022-01-01_2022-12-31_request.json,ffadb57c64dbbb5840d0db64462e4638d6d06c028107ac861329abd85c2189dc,raw/TP_AB_N07_2022-01-01_2022-12-31_response.json.gz,a441b25406cf40f093cf6782c9985d982a65f58cc0a7aa85fef7b46c085976ac,observed,within_series_coverage,False,False
TP.AB.N07,2022-07-15,2022-07-15,2022-07-15,15-07-2022,28,1731087559.0,1731087559.00000000,False,1657832400,gross_fx_reserves,"TCMB haftalik vaziyet tablosundaki brut doviz rezervlerini (2A1) izlemek; arsivlenmis TP.AB.*07 varyantlari yerine guncel, arsiv-disi seri secildi.",2A1 Brüt Döviz Rezervleri,2A1 Gross Foreign Assets,bie_abstc2,HAFTALIK(CUMA),Bin TL,last,TCMB,raw/TP_AB_N07_2022-01-01_2022-12-31_request.json,ffadb57c64dbbb5840d0db64462e4638d6d06c028107ac861329abd85c2189dc,raw/TP_AB_N07_2022-01-01_2022-12-31_response.json.gz,a441b25406cf40f093cf6782c9985d982a65f58cc0a7aa85fef7b46c085976ac,observed,within_series_coverage,False,False
TP.AB.N07,2022-07-22,2022-07-22,2022-07-22,22-07-2022,29,1736751206.0,1736751206.00000000,False,1658437200,gross_fx_reserves,"TCMB haftalik vaziyet tablosundaki brut doviz rezervlerini (2A1) izlemek; arsivlenmis TP.AB.*07 varyantlari yerine guncel, arsiv-disi seri secildi.",2A1 Brüt Döviz Rezervleri,2A1 Gross Foreign Assets,bie_abstc2,HAFTALIK(CUMA),Bin TL,last,TCMB,raw/TP_AB_N07_2022-01-01_2022-12-31_request.json,ffadb57c64dbbb5840d0db64462e4638d6d06c028107ac861329abd85c2189dc,raw/TP_AB_N07_2022-01-01_2022-12-31_response.json.gz,a441b25406cf40f093cf6782c9985d982a65f58cc0a7aa85fef7b46c085976ac,observed,within_series_coverage,False,False
TP.AB.N07,2022-07-29,2022-07-29,2022-07-29,29-07-2022,30,1816408544.0,1816408544.00000000,False,1659042000,gross_fx_reserves,"TCMB haftalik vaziyet tablosundaki brut doviz rezervlerini (2A1) izlemek; arsivlenmis TP.AB.*07 varyantlari yerine guncel, arsiv-disi seri secildi.",2A1 Brüt Döviz Rezervleri,2A1 Gross Foreign Assets,bie_abstc2,HAFTALIK(CUMA),Bin TL,last,TCMB,raw/TP_AB_N07_2022-01-01_2022-12-31_request.json,ffadb57c64dbbb5840d0db64462e4638d6d06c028107ac861329abd85c2189dc,raw/TP_AB_N07_2022-01-01_2022-12-31_response.json.gz,a441b25406cf40f093cf6782c9985d982a65f58cc0a7aa85fef7b46c085976ac,observed,within_series_coverage,False,False
TP.AB.N07,2022-08-05,2022-08-05,2022-08-05,05-08-2022,31,1952081355.0,1952081355.00000000,False,1659646800,gross_fx_reserves,"TCMB haftalik vaziyet tablosundaki brut doviz rezervlerini (2A1) izlemek; arsivlenmis TP.AB.*07 varyantlari yerine guncel, arsiv-disi seri secildi.",2A1 Brüt Döviz Rezervleri,2A1 Gross Foreign Assets,bie_abstc2,HAFTALIK(CUMA),Bin TL,last,TCMB,raw/TP_AB_N07_2022-01-01_2022-12-31_request.json,ffadb57c64dbbb5840d0db64462e4638d6d06c028107ac861329abd85c2189dc,raw/TP_AB_N07_2022-01-01_2022-12-31_response.json.gz,a441b25406cf40f093cf6782c9985d982a65f58cc0a7aa85fef7b46c085976ac,observed,within_series_coverage,False,False
TP.AB.N07,2022-08-12,2022-08-12,2022-08-12,12-08-2022,32,2044679904.0,2044679904.00000000,False,1660251600,gross_fx_reserves,"TCMB haftalik vaziyet tablosundaki brut doviz rezervlerini (2A1) izlemek; arsivlenmis TP.AB.*07 varyantlari yerine guncel, arsiv-disi seri secildi.",2A1 Brüt Döviz Rezervleri,2A1 Gross Foreign Assets,bie_abstc2,HAFTALIK(CUMA),Bin TL,last,TCMB,raw/TP_AB_N07_2022-01-01_2022-12-31_request.json,ffadb57c64dbbb5840d0db64462e4638d6d06c028107ac861329abd85c2189dc,raw/TP_AB_N07_2022-01-01_2022-12-31_response.json.gz,a441b25406cf40f093cf6782c9985d982a65f58cc0a7aa85fef7b46c085976ac,observed,within_series_coverage,False,False
TP.AB.N07,2022-08-19,2022-08-19,2022-08-19,19-08-2022,33,2020776255.0,2020776255.00000000,False,1660856400,gross_fx_reserves,"TCMB haftalik vaziyet tablosundaki brut doviz rezervlerini (2A1) izlemek; arsivlenmis TP.AB.*07 varyantlari yerine guncel, arsiv-disi seri secildi.",2A1 Brüt Döviz Rezervleri,2A1 Gross Foreign Assets,bie_abstc2,HAFTALIK(CUMA),Bin TL,last,TCMB,raw/TP_AB_N07_2022-01-01_2022-12-31_request.json,ffadb57c64dbbb5840d0db64462e4638d6d06c028107ac861329abd85c2189dc,raw/TP_AB_N07_2022-01-01_2022-12-31_response.json.gz,a441b25406cf40f093cf6782c9985d982a65f58cc0a7aa85fef7b46c085976ac,observed,within_series_coverage,False,False
TP.AB.N07,2022-08-26,2022-08-26,2022-08-26,26-08-2022,34,2029511746.0,2029511746.00000000,False,1661461200,gross_fx_reserves,"TCMB haftalik vaziyet tablosundaki brut doviz rezervlerini (2A1) izlemek; arsivlenmis TP.AB.*07 varyantlari yerine guncel, arsiv-disi seri secildi.",2A1 Brüt Döviz Rezervleri,2A1 Gross Foreign Assets,bie_abstc2,HAFTALIK(CUMA),Bin TL,last,TCMB,raw/TP_AB_N07_2022-01-01_2022-12-31_request.json,ffadb57c64dbbb5840d0db64462e4638d6d06c028107ac861329abd85c2189dc,raw/TP_AB_N07_2022-01-01_2022-12-31_response.json.gz,a441b25406cf40f093cf6782c9985d982a65f58cc0a7aa85fef7b46c085976ac,observed,within_series_coverage,False,False
TP.AB.N07,2022-09-02,2022-09-02,2022-09-02,02-09-2022,35,2038225763.0,2038225763.00000000,False,1662066000,gross_fx_reserves,"TCMB haftalik vaziyet tablosundaki brut doviz rezervlerini (2A1) izlemek; arsivlenmis TP.AB.*07 varyantlari yerine guncel, arsiv-disi seri secildi.",2A1 Brüt Döviz Rezervleri,2A1 Gross Foreign Assets,bie_abstc2,HAFTALIK(CUMA),Bin TL,last,TCMB,raw/TP_AB_N07_2022-01-01_2022-12-31_request.json,ffadb57c64dbbb5840d0db64462e4638d6d06c028107ac861329abd85c2189dc,raw/TP_AB_N07_2022-01-01_2022-12-31_response.json.gz,a441b25406cf40f093cf6782c9985d982a65f58cc0a7aa85fef7b46c085976ac,observed,within_series_coverage,False,False
TP.AB.N07,2022-09-09,2022-09-09,2022-09-09,09-09-2022,36,2074577972.0,2074577972.00000000,False,1662670800,gross_fx_reserves,"TCMB haftalik vaziyet tablosundaki brut doviz rezervlerini (2A1) izlemek; arsivlenmis TP.AB.*07 varyantlari yerine guncel, arsiv-disi seri secildi.",2A1 Brüt Döviz Rezervleri,2A1 Gross Foreign Assets,bie_abstc2,HAFTALIK(CUMA),Bin TL,last,TCMB,raw/TP_AB_N07_2022-01-01_2022-12-31_request.json,ffadb57c64dbbb5840d0db64462e4638d6d06c028107ac861329abd85c2189dc,raw/TP_AB_N07_2022-01-01_2022-12-31_response.json.gz,a441b25406cf40f093cf6782c9985d982a65f58cc0a7aa85fef7b46c085976ac,observed,within_series_coverage,False,False
TP.AB.N07,2022-09-16,2022-09-16,2022-09-16,16-09-2022,37,2096581364.0,2096581364.00000000,False,1663275600,gross_fx_reserves,"TCMB haftalik vaziyet tablosundaki brut doviz rezervlerini (2A1) izlemek; arsivlenmis TP.AB.*07 varyantlari yerine guncel, arsiv-disi seri secildi.",2A1 Brüt Döviz Rezervleri,2A1 Gross Foreign Assets,bie_abstc2,HAFTALIK(CUMA),Bin TL,last,TCMB,raw/TP_AB_N07_2022-01-01_2022-12-31_request.json,ffadb57c64dbbb5840d0db64462e4638d6d06c028107ac861329abd85c2189dc,raw/TP_AB_N07_2022-01-01_2022-12-31_response.json.gz,a441b25406cf40f093cf6782c9985d982a65f58cc0a7aa85fef7b46c085976ac,observed,within_series_coverage,False,False
TP.AB.N07,2022-09-23,2022-09-23,2022-09-23,23-09-2022,38,2035573168.0,2035573168.00000000,False,1663880400,gross_fx_reserves,"TCMB haftalik vaziyet tablosundaki brut doviz rezervlerini (2A1) izlemek; arsivlenmis TP.AB.*07 varyantlari yerine guncel, arsiv-disi seri secildi.",2A1 Brüt Döviz Rezervleri,2A1 Gross Foreign Assets,bie_abstc2,HAFTALIK(CUMA),Bin TL,last,TCMB,raw/TP_AB_N07_2022-01-01_2022-12-31_request.json,ffadb57c64dbbb5840d0db64462e4638d6d06c028107ac861329abd85c2189dc,raw/TP_AB_N07_2022-01-01_2022-12-31_response.json.gz,a441b25406cf40f093cf6782c9985d982a65f58cc0a7aa85fef7b46c085976ac,observed,within_series_coverage,False,False
TP.AB.N07,2022-09-30,2022-09-30,2022-09-30,30-09-2022,39,1984322053.0,1984322053.00000000,False,1664485200,gross_fx_reserves,"TCMB haftalik vaziyet tablosundaki brut doviz rezervlerini (2A1) izlemek; arsivlenmis TP.AB.*07 varyantlari yerine guncel, arsiv-disi seri secildi.",2A1 Brüt Döviz Rezervleri,2A1 Gross Foreign Assets,bie_abstc2,HAFTALIK(CUMA),Bin TL,last,TCMB,raw/TP_AB_N07_2022-01-01_2022-12-31_request.json,ffadb57c64dbbb5840d0db64462e4638d6d06c028107ac861329abd85c2189dc,raw/TP_AB_N07_2022-01-01_2022-12-31_response.json.gz,a441b25406cf40f093cf6782c9985d982a65f58cc0a7aa85fef7b46c085976ac,observed,within_series_coverage,False,False
TP.AB.N07,2022-10-07,2022-10-07,2022-10-07,07-10-2022,40,2118540926.0,2118540926.00000000,False,1665090000,gross_fx_reserves,"TCMB haftalik vaziyet tablosundaki brut doviz rezervlerini (2A1) izlemek; arsivlenmis TP.AB.*07 varyantlari yerine guncel, arsiv-disi seri secildi.",2A1 Brüt Döviz Rezervleri,2A1 Gross Foreign Assets,bie_abstc2,HAFTALIK(CUMA),Bin TL,last,TCMB,raw/TP_AB_N07_2022-01-01_2022-12-31_request.json,ffadb57c64dbbb5840d0db64462e4638d6d06c028107ac861329abd85c2189dc,raw/TP_AB_N07_2022-01-01_2022-12-31_response.json.gz,a441b25406cf40f093cf6782c9985d982a65f58cc0a7aa85fef7b46c085976ac,observed,within_series_coverage,False,False
TP.AB.N07,2022-10-14,2022-10-14,2022-10-14,14-10-2022,41,2157220831.0,2157220831.00000000,False,1665694800,gross_fx_reserves,"TCMB haftalik vaziyet tablosundaki brut doviz rezervlerini (2A1) izlemek; arsivlenmis TP.AB.*07 varyantlari yerine guncel, arsiv-disi seri secildi.",2A1 Brüt Döviz Rezervleri,2A1 Gross Foreign Assets,bie_abstc2,HAFTALIK(CUMA),Bin TL,last,TCMB,raw/TP_AB_N07_2022-01-01_2022-12-31_request.json,ffadb57c64dbbb5840d0db64462e4638d6d06c028107ac861329abd85c2189dc,raw/TP_AB_N07_2022-01-01_2022-12-31_response.json.gz,a441b25406cf40f093cf6782c9985d982a65f58cc0a7aa85fef7b46c085976ac,observed,within_series_coverage,False,False
TP.AB.N07,2022-10-21,2022-10-21,2022-10-21,21-10-2022,42,2119442978.0,2119442978.00000000,False,1666299600,gross_fx_reserves,"TCMB haftalik vaziyet tablosundaki brut doviz rezervlerini (2A1) izlemek; arsivlenmis TP.AB.*07 varyantlari yerine guncel, arsiv-disi seri secildi.",2A1 Brüt Döviz Rezervleri,2A1 Gross Foreign Assets,bie_abstc2,HAFTALIK(CUMA),Bin TL,last,TCMB,raw/TP_AB_N07_2022-01-01_2022-12-31_request.json,ffadb57c64dbbb5840d0db64462e4638d6d06c028107ac861329abd85c2189dc,raw/TP_AB_N07_2022-01-01_2022-12-31_response.json.gz,a441b25406cf40f093cf6782c9985d982a65f58cc0a7aa85fef7b46c085976ac,observed,within_series_coverage,False,False
TP.AB.N07,2022-10-28,2022-10-28,2022-10-28,28-10-2022,43,2125615292.0,2125615292.00000000,False,1666904400,gross_fx_reserves,"TCMB haftalik vaziyet tablosundaki brut doviz rezervlerini (2A1) izlemek; arsivlenmis TP.AB.*07 varyantlari yerine guncel, arsiv-disi seri secildi.",2A1 Brüt Döviz Rezervleri,2A1 Gross Foreign Assets,bie_abstc2,HAFTALIK(CUMA),Bin TL,last,TCMB,raw/TP_AB_N07_2022-01-01_2022-12-31_request.json,ffadb57c64dbbb5840d0db64462e4638d6d06c028107ac861329abd85c2189dc,raw/TP_AB_N07_2022-01-01_2022-12-31_response.json.gz,a441b25406cf40f093cf6782c9985d982a65f58cc0a7aa85fef7b46c085976ac,observed,within_series_coverage,False,False
TP.AB.N07,2022-11-04,2022-11-04,2022-11-04,04-11-2022,44,2117576807.0,2117576807.00000000,False,1667509200,gross_fx_reserves,"TCMB haftalik vaziyet tablosundaki brut doviz rezervlerini (2A1) izlemek; arsivlenmis TP.AB.*07 varyantlari yerine guncel, arsiv-disi seri secildi.",2A1 Brüt Döviz Rezervleri,2A1 Gross Foreign Assets,bie_abstc2,HAFTALIK(CUMA),Bin TL,last,TCMB,raw/TP_AB_N07_2022-01-01_2022-12-31_request.json,ffadb57c64dbbb5840d0db64462e4638d6d06c028107ac861329abd85c2189dc,raw/TP_AB_N07_2022-01-01_2022-12-31_response.json.gz,a441b25406cf40f093cf6782c9985d982a65f58cc0a7aa85fef7b46c085976ac,observed,within_series_coverage,False,False
TP.AB.N07,2022-11-11,2022-11-11,2022-11-11,11-11-2022,45,2187854592.0,2187854592.00000000,False,1668114000,gross_fx_reserves,"TCMB haftalik vaziyet tablosundaki brut doviz rezervlerini (2A1) izlemek; arsivlenmis TP.AB.*07 varyantlari yerine guncel, arsiv-disi seri secildi.",2A1 Brüt Döviz Rezervleri,2A1 Gross Foreign Assets,bie_abstc2,HAFTALIK(CUMA),Bin TL,last,TCMB,raw/TP_AB_N07_2022-01-01_2022-12-31_request.json,ffadb57c64dbbb5840d0db64462e4638d6d06c028107ac861329abd85c2189dc,raw/TP_AB_N07_2022-01-01_2022-12-31_response.json.gz,a441b25406cf40f093cf6782c9985d982a65f58cc0a7aa85fef7b46c085976ac,observed,within_series_coverage,False,False
TP.AB.N07,2022-11-18,2022-11-18,2022-11-18,18-11-2022,46,2288750987.0,2288750987.00000000,False,1668718800,gross_fx_reserves,"TCMB haftalik vaziyet tablosundaki brut doviz rezervlerini (2A1) izlemek; arsivlenmis TP.AB.*07 varyantlari yerine guncel, arsiv-disi seri secildi.",2A1 Brüt Döviz Rezervleri,2A1 Gross Foreign Assets,bie_abstc2,HAFTALIK(CUMA),Bin TL,last,TCMB,raw/TP_AB_N07_2022-01-01_2022-12-31_request.json,ffadb57c64dbbb5840d0db64462e4638d6d06c028107ac861329abd85c2189dc,raw/TP_AB_N07_2022-01-01_2022-12-31_response.json.gz,a441b25406cf40f093cf6782c9985d982a65f58cc0a7aa85fef7b46c085976ac,observed,within_series_coverage,False,False
TP.AB.N07,2022-11-25,2022-11-25,2022-11-25,25-11-2022,47,2284899108.0,2284899108.00000000,False,1669323600,gross_fx_reserves,"TCMB haftalik vaziyet tablosundaki brut doviz rezervlerini (2A1) izlemek; arsivlenmis TP.AB.*07 varyantlari yerine guncel, arsiv-disi seri secildi.",2A1 Brüt Döviz Rezervleri,2A1 Gross Foreign Assets,bie_abstc2,HAFTALIK(CUMA),Bin TL,last,TCMB,raw/TP_AB_N07_2022-01-01_2022-12-31_request.json,ffadb57c64dbbb5840d0db64462e4638d6d06c028107ac861329abd85c2189dc,raw/TP_AB_N07_2022-01-01_2022-12-31_response.json.gz,a441b25406cf40f093cf6782c9985d982a65f58cc0a7aa85fef7b46c085976ac,observed,within_series_coverage,False,False
TP.AB.N07,2022-12-02,2022-12-02,2022-12-02,02-12-2022,48,2330184134.0,2330184134.00000000,False,1669928400,gross_fx_reserves,"TCMB haftalik vaziyet tablosundaki brut doviz rezervlerini (2A1) izlemek; arsivlenmis TP.AB.*07 varyantlari yerine guncel, arsiv-disi seri secildi.",2A1 Brüt Döviz Rezervleri,2A1 Gross Foreign Assets,bie_abstc2,HAFTALIK(CUMA),Bin TL,last,TCMB,raw/TP_AB_N07_2022-01-01_2022-12-31_request.json,ffadb57c64dbbb5840d0db64462e4638d6d06c028107ac861329abd85c2189dc,raw/TP_AB_N07_2022-01-01_2022-12-31_response.json.gz,a441b25406cf40f093cf6782c9985d982a65f58cc0a7aa85fef7b46c085976ac,observed,within_series_coverage,False,False
TP.AB.N07,2022-12-09,2022-12-09,2022-12-09,09-12-2022,49,2401539756.0,2401539756.00000000,False,1670533200,gross_fx_reserves,"TCMB haftalik vaziyet tablosundaki brut doviz rezervlerini (2A1) izlemek; arsivlenmis TP.AB.*07 varyantlari yerine guncel, arsiv-disi seri secildi.",2A1 Brüt Döviz Rezervleri,2A1 Gross Foreign Assets,bie_abstc2,HAFTALIK(CUMA),Bin TL,last,TCMB,raw/TP_AB_N07_2022-01-01_2022-12-31_request.json,ffadb57c64dbbb5840d0db64462e4638d6d06c028107ac861329abd85c2189dc,raw/TP_AB_N07_2022-01-01_2022-12-31_response.json.gz,a441b25406cf40f093cf6782c9985d982a65f58cc0a7aa85fef7b46c085976ac,observed,within_series_coverage,False,False
TP.AB.N07,2022-12-16,2022-12-16,2022-12-16,16-12-2022,50,2416016030.0,2416016030.00000000,False,1671138000,gross_fx_reserves,"TCMB haftalik vaziyet tablosundaki brut doviz rezervlerini (2A1) izlemek; arsivlenmis TP.AB.*07 varyantlari yerine guncel, arsiv-disi seri secildi.",2A1 Brüt Döviz Rezervleri,2A1 Gross Foreign Assets,bie_abstc2,HAFTALIK(CUMA),Bin TL,last,TCMB,raw/TP_AB_N07_2022-01-01_2022-12-31_request.json,ffadb57c64dbbb5840d0db64462e4638d6d06c028107ac861329abd85c2189dc,raw/TP_AB_N07_2022-01-01_2022-12-31_response.json.gz,a441b25406cf40f093cf6782c9985d982a65f58cc0a7aa85fef7b46c085976ac,observed,within_series_coverage,False,False
TP.AB.N07,2022-12-23,2022-12-23,2022-12-23,23-12-2022,51,2399521709.0,2399521709.00000000,False,1671742800,gross_fx_reserves,"TCMB haftalik vaziyet tablosundaki brut doviz rezervlerini (2A1) izlemek; arsivlenmis TP.AB.*07 varyantlari yerine guncel, arsiv-disi seri secildi.",2A1 Brüt Döviz Rezervleri,2A1 Gross Foreign Assets,bie_abstc2,HAFTALIK(CUMA),Bin TL,last,TCMB,raw/TP_AB_N07_2022-01-01_2022-12-31_request.json,ffadb57c64dbbb5840d0db64462e4638d6d06c028107ac861329abd85c2189dc,raw/TP_AB_N07_2022-01-01_2022-12-31_response.json.gz,a441b25406cf40f093cf6782c9985d982a65f58cc0a7aa85fef7b46c085976ac,observed,within_series_coverage,False,False
TP.AB.N07,2022-12-30,2022-12-30,2022-12-30,30-12-2022,52,2410923801.0,2410923801.00000000,False,1672347600,gross_fx_reserves,"TCMB haftalik vaziyet tablosundaki brut doviz rezervlerini (2A1) izlemek; arsivlenmis TP.AB.*07 varyantlari yerine guncel, arsiv-disi seri secildi.",2A1 Brüt Döviz Rezervleri,2A1 Gross Foreign Assets,bie_abstc2,HAFTALIK(CUMA),Bin TL,last,TCMB,raw/TP_AB_N07_2022-01-01_2022-12-31_request.json,ffadb57c64dbbb5840d0db64462e4638d6d06c028107ac861329abd85c2189dc,raw/TP_AB_N07_2022-01-01_2022-12-31_response.json.gz,a441b25406cf40f093cf6782c9985d982a65f58cc0a7aa85fef7b46c085976ac,observed,within_series_coverage,False,False
TP.AB.N07,2023-01-06,2023-01-06,2023-01-06,06-01-2023,1,2372386130.0,2372386130.00000000,False,1672952400,gross_fx_reserves,"TCMB haftalik vaziyet tablosundaki brut doviz rezervlerini (2A1) izlemek; arsivlenmis TP.AB.*07 varyantlari yerine guncel, arsiv-disi seri secildi.",2A1 Brüt Döviz Rezervleri,2A1 Gross Foreign Assets,bie_abstc2,HAFTALIK(CUMA),Bin TL,last,TCMB,raw/TP_AB_N07_2023-01-01_2023-12-31_request.json,168a19bbcbe414f68caa63769593c1b833c2b30a59dfa7003b6229c877df81ea,raw/TP_AB_N07_2023-01-01_2023-12-31_response.json.gz,3540b470f6d9992f04dcb9976953fc293dfc50d40ad508503cd48f9bba6fcc8f,observed,within_series_coverage,False,False
TP.AB.N07,2023-01-13,2023-01-13,2023-01-13,13-01-2023,2,2391462984.0,2391462984.00000000,False,1673557200,gross_fx_reserves,"TCMB haftalik vaziyet tablosundaki brut doviz rezervlerini (2A1) izlemek; arsivlenmis TP.AB.*07 varyantlari yerine guncel, arsiv-disi seri secildi.",2A1 Brüt Döviz Rezervleri,2A1 Gross Foreign Assets,bie_abstc2,HAFTALIK(CUMA),Bin TL,last,TCMB,raw/TP_AB_N07_2023-01-01_2023-12-31_request.json,168a19bbcbe414f68caa63769593c1b833c2b30a59dfa7003b6229c877df81ea,raw/TP_AB_N07_2023-01-01_2023-12-31_response.json.gz,3540b470f6d9992f04dcb9976953fc293dfc50d40ad508503cd48f9bba6fcc8f,observed,within_series_coverage,False,False
TP.AB.N07,2023-01-20,2023-01-20,2023-01-20,20-01-2023,3,2420839127.0,2420839127.00000000,False,1674162000,gross_fx_reserves,"TCMB haftalik vaziyet tablosundaki brut doviz rezervlerini (2A1) izlemek; arsivlenmis TP.AB.*07 varyantlari yerine guncel, arsiv-disi seri secildi.",2A1 Brüt Döviz Rezervleri,2A1 Gross Foreign Assets,bie_abstc2,HAFTALIK(CUMA),Bin TL,last,TCMB,raw/TP_AB_N07_2023-01-01_2023-12-31_request.json,168a19bbcbe414f68caa63769593c1b833c2b30a59dfa7003b6229c877df81ea,raw/TP_AB_N07_2023-01-01_2023-12-31_response.json.gz,3540b470f6d9992f04dcb9976953fc293dfc50d40ad508503cd48f9bba6fcc8f,observed,within_series_coverage,False,False
TP.AB.N07,2023-01-27,2023-01-27,2023-01-27,27-01-2023,4,2391912359.0,2391912359.00000000,False,1674766800,gross_fx_reserves,"TCMB haftalik vaziyet tablosundaki brut doviz rezervlerini (2A1) izlemek; arsivlenmis TP.AB.*07 varyantlari yerine guncel, arsiv-disi seri secildi.",2A1 Brüt Döviz Rezervleri,2A1 Gross Foreign Assets,bie_abstc2,HAFTALIK(CUMA),Bin TL,last,TCMB,raw/TP_AB_N07_2023-01-01_2023-12-31_request.json,168a19bbcbe414f68caa63769593c1b833c2b30a59dfa7003b6229c877df81ea,raw/TP_AB_N07_2023-01-01_2023-12-31_response.json.gz,3540b470f6d9992f04dcb9976953fc293dfc50d40ad508503cd48f9bba6fcc8f,observed,within_series_coverage,False,False
TP.AB.N07,2023-02-03,2023-02-03,2023-02-03,03-02-2023,5,2439378741.0,2439378741.00000000,False,1675371600,gross_fx_reserves,"TCMB haftalik vaziyet tablosundaki brut doviz rezervlerini (2A1) izlemek; arsivlenmis TP.AB.*07 varyantlari yerine guncel, arsiv-disi seri secildi.",2A1 Brüt Döviz Rezervleri,2A1 Gross Foreign Assets,bie_abstc2,HAFTALIK(CUMA),Bin TL,last,TCMB,raw/TP_AB_N07_2023-01-01_2023-12-31_request.json,168a19bbcbe414f68caa63769593c1b833c2b30a59dfa7003b6229c877df81ea,raw/TP_AB_N07_2023-01-01_2023-12-31_response.json.gz,3540b470f6d9992f04dcb9976953fc293dfc50d40ad508503cd48f9bba6fcc8f,observed,within_series_coverage,False,False
TP.AB.N07,2023-02-10,2023-02-10,2023-02-10,10-02-2023,6,2366751381.0,2366751381.00000000,False,1675976400,gross_fx_reserves,"TCMB haftalik vaziyet tablosundaki brut doviz rezervlerini (2A1) izlemek; arsivlenmis TP.AB.*07 varyantlari yerine guncel, arsiv-disi seri secildi.",2A1 Brüt Döviz Rezervleri,2A1 Gross Foreign Assets,bie_abstc2,HAFTALIK(CUMA),Bin TL,last,TCMB,raw/TP_AB_N07_2023-01-01_2023-12-31_request.json,168a19bbcbe414f68caa63769593c1b833c2b30a59dfa7003b6229c877df81ea,raw/TP_AB_N07_2023-01-01_2023-12-31_response.json.gz,3540b470f6d9992f04dcb9976953fc293dfc50d40ad508503cd48f9bba6fcc8f,observed,within_series_coverage,False,False
TP.AB.N07,2023-02-17,2023-02-17,2023-02-17,17-02-2023,7,2312098574.0,2312098574.00000000,False,1676581200,gross_fx_reserves,"TCMB haftalik vaziyet tablosundaki brut doviz rezervlerini (2A1) izlemek; arsivlenmis TP.AB.*07 varyantlari yerine guncel, arsiv-disi seri secildi.",2A1 Brüt Döviz Rezervleri,2A1 Gross Foreign Assets,bie_abstc2,HAFTALIK(CUMA),Bin TL,last,TCMB,raw/TP_AB_N07_2023-01-01_2023-12-31_request.json,168a19bbcbe414f68caa63769593c1b833c2b30a59dfa7003b6229c877df81ea,raw/TP_AB_N07_2023-01-01_2023-12-31_response.json.gz,3540b470f6d9992f04dcb9976953fc293dfc50d40ad508503cd48f9bba6fcc8f,observed,within_series_coverage,False,False
TP.AB.N07,2023-02-24,2023-02-24,2023-02-24,24-02-2023,8,2288179088.0,2288179088.00000000,False,1677186000,gross_fx_reserves,"TCMB haftalik vaziyet tablosundaki brut doviz rezervlerini (2A1) izlemek; arsivlenmis TP.AB.*07 varyantlari yerine guncel, arsiv-disi seri secildi.",2A1 Brüt Döviz Rezervleri,2A1 Gross Foreign Assets,bie_abstc2,HAFTALIK(CUMA),Bin TL,last,TCMB,raw/TP_AB_N07_2023-01-01_2023-12-31_request.json,168a19bbcbe414f68caa63769593c1b833c2b30a59dfa7003b6229c877df81ea,raw/TP_AB_N07_2023-01-01_2023-12-31_response.json.gz,3540b470f6d9992f04dcb9976953fc293dfc50d40ad508503cd48f9bba6fcc8f,observed,within_series_coverage,False,False
TP.AB.N07,2023-03-03,2023-03-03,2023-03-03,03-03-2023,9,2274249966.0,2274249966.00000000,False,1677790800,gross_fx_reserves,"TCMB haftalik vaziyet tablosundaki brut doviz rezervlerini (2A1) izlemek; arsivlenmis TP.AB.*07 varyantlari yerine guncel, arsiv-disi seri secildi.",2A1 Brüt Döviz Rezervleri,2A1 Gross Foreign Assets,bie_abstc2,HAFTALIK(CUMA),Bin TL,last,TCMB,raw/TP_AB_N07_2023-01-01_2023-12-31_request.json,168a19bbcbe414f68caa63769593c1b833c2b30a59dfa7003b6229c877df81ea,raw/TP_AB_N07_2023-01-01_2023-12-31_response.json.gz,3540b470f6d9992f04dcb9976953fc293dfc50d40ad508503cd48f9bba6fcc8f,observed,within_series_coverage,False,False
TP.AB.N07,2023-03-10,2023-03-10,2023-03-10,10-03-2023,10,2275151588.0,2275151588.00000000,False,1678395600,gross_fx_reserves,"TCMB haftalik vaziyet tablosundaki brut doviz rezervlerini (2A1) izlemek; arsivlenmis TP.AB.*07 varyantlari yerine guncel, arsiv-disi seri secildi.",2A1 Brüt Döviz Rezervleri,2A1 Gross Foreign Assets,bie_abstc2,HAFTALIK(CUMA),Bin TL,last,TCMB,raw/TP_AB_N07_2023-01-01_2023-12-31_request.json,168a19bbcbe414f68caa63769593c1b833c2b30a59dfa7003b6229c877df81ea,raw/TP_AB_N07_2023-01-01_2023-12-31_response.json.gz,3540b470f6d9992f04dcb9976953fc293dfc50d40ad508503cd48f9bba6fcc8f,observed,within_series_coverage,False,False
TP.AB.N07,2023-03-17,2023-03-17,2023-03-17,17-03-2023,11,2411461550.0,2411461550.00000000,False,1679000400,gross_fx_reserves,"TCMB haftalik vaziyet tablosundaki brut doviz rezervlerini (2A1) izlemek; arsivlenmis TP.AB.*07 varyantlari yerine guncel, arsiv-disi seri secildi.",2A1 Brüt Döviz Rezervleri,2A1 Gross Foreign Assets,bie_abstc2,HAFTALIK(CUMA),Bin TL,last,TCMB,raw/TP_AB_N07_2023-01-01_2023-12-31_request.json,168a19bbcbe414f68caa63769593c1b833c2b30a59dfa7003b6229c877df81ea,raw/TP_AB_N07_2023-01-01_2023-12-31_response.json.gz,3540b470f6d9992f04dcb9976953fc293dfc50d40ad508503cd48f9bba6fcc8f,observed,within_series_coverage,False,False
TP.AB.N07,2023-03-24,2023-03-24,2023-03-24,24-03-2023,12,2375652696.0,2375652696.00000000,False,1679605200,gross_fx_reserves,"TCMB haftalik vaziyet tablosundaki brut doviz rezervlerini (2A1) izlemek; arsivlenmis TP.AB.*07 varyantlari yerine guncel, arsiv-disi seri secildi.",2A1 Brüt Döviz Rezervleri,2A1 Gross Foreign Assets,bie_abstc2,HAFTALIK(CUMA),Bin TL,last,TCMB,raw/TP_AB_N07_2023-01-01_2023-12-31_request.json,168a19bbcbe414f68caa63769593c1b833c2b30a59dfa7003b6229c877df81ea,raw/TP_AB_N07_2023-01-01_2023-12-31_response.json.gz,3540b470f6d9992f04dcb9976953fc293dfc50d40ad508503cd48f9bba6fcc8f,observed,within_series_coverage,False,False
TP.AB.N07,2023-03-31,2023-03-31,2023-03-31,31-03-2023,13,2347521161.0,2347521161.00000000,False,1680210000,gross_fx_reserves,"TCMB haftalik vaziyet tablosundaki brut doviz rezervlerini (2A1) izlemek; arsivlenmis TP.AB.*07 varyantlari yerine guncel, arsiv-disi seri secildi.",2A1 Brüt Döviz Rezervleri,2A1 Gross Foreign Assets,bie_abstc2,HAFTALIK(CUMA),Bin TL,last,TCMB,raw/TP_AB_N07_2023-01-01_2023-12-31_request.json,168a19bbcbe414f68caa63769593c1b833c2b30a59dfa7003b6229c877df81ea,raw/TP_AB_N07_2023-01-01_2023-12-31_response.json.gz,3540b470f6d9992f04dcb9976953fc293dfc50d40ad508503cd48f9bba6fcc8f,observed,within_series_coverage,False,False
TP.AB.N07,2023-04-07,2023-04-07,2023-04-07,07-04-2023,14,2333228868.0,2333228868.00000000,False,1680814800,gross_fx_reserves,"TCMB haftalik vaziyet tablosundaki brut doviz rezervlerini (2A1) izlemek; arsivlenmis TP.AB.*07 varyantlari yerine guncel, arsiv-disi seri secildi.",2A1 Brüt Döviz Rezervleri,2A1 Gross Foreign Assets,bie_abstc2,HAFTALIK(CUMA),Bin TL,last,TCMB,raw/TP_AB_N07_2023-01-01_2023-12-31_request.json,168a19bbcbe414f68caa63769593c1b833c2b30a59dfa7003b6229c877df81ea,raw/TP_AB_N07_2023-01-01_2023-12-31_response.json.gz,3540b470f6d9992f04dcb9976953fc293dfc50d40ad508503cd48f9bba6fcc8f,observed,within_series_coverage,False,False
TP.AB.N07,2023-04-14,2023-04-14,2023-04-14,14-04-2023,15,2350319574.0,2350319574.00000000,False,1681419600,gross_fx_reserves,"TCMB haftalik vaziyet tablosundaki brut doviz rezervlerini (2A1) izlemek; arsivlenmis TP.AB.*07 varyantlari yerine guncel, arsiv-disi seri secildi.",2A1 Brüt Döviz Rezervleri,2A1 Gross Foreign Assets,bie_abstc2,HAFTALIK(CUMA),Bin TL,last,TCMB,raw/TP_AB_N07_2023-01-01_2023-12-31_request.json,168a19bbcbe414f68caa63769593c1b833c2b30a59dfa7003b6229c877df81ea,raw/TP_AB_N07_2023-01-01_2023-12-31_response.json.gz,3540b470f6d9992f04dcb9976953fc293dfc50d40ad508503cd48f9bba6fcc8f,observed,within_series_coverage,False,False
TP.AB.N07,2023-04-21,2023-04-21,2023-04-21,21-04-2023,16,2254497155.0,2254497155.00000000,False,1682024400,gross_fx_reserves,"TCMB haftalik vaziyet tablosundaki brut doviz rezervlerini (2A1) izlemek; arsivlenmis TP.AB.*07 varyantlari yerine guncel, arsiv-disi seri secildi.",2A1 Brüt Döviz Rezervleri,2A1 Gross Foreign Assets,bie_abstc2,HAFTALIK(CUMA),Bin TL,last,TCMB,raw/TP_AB_N07_2023-01-01_2023-12-31_request.json,168a19bbcbe414f68caa63769593c1b833c2b30a59dfa7003b6229c877df81ea,raw/TP_AB_N07_2023-01-01_2023-12-31_response.json.gz,3540b470f6d9992f04dcb9976953fc293dfc50d40ad508503cd48f9bba6fcc8f,observed,within_series_coverage,False,False
TP.AB.N07,2023-04-28,2023-04-28,2023-04-28,28-04-2023,17,2234382964.0,2234382964.00000000,False,1682629200,gross_fx_reserves,"TCMB haftalik vaziyet tablosundaki brut doviz rezervlerini (2A1) izlemek; arsivlenmis TP.AB.*07 varyantlari yerine guncel, arsiv-disi seri secildi.",2A1 Brüt Döviz Rezervleri,2A1 Gross Foreign Assets,bie_abstc2,HAFTALIK(CUMA),Bin TL,last,TCMB,raw/TP_AB_N07_2023-01-01_2023-12-31_request.json,168a19bbcbe414f68caa63769593c1b833c2b30a59dfa7003b6229c877df81ea,raw/TP_AB_N07_2023-01-01_2023-12-31_response.json.gz,3540b470f6d9992f04dcb9976953fc293dfc50d40ad508503cd48f9bba6fcc8f,observed,within_series_coverage,False,False
TP.AB.N07,2023-05-05,2023-05-05,2023-05-05,05-05-2023,18,2225564817.0,2225564817.00000000,False,1683234000,gross_fx_reserves,"TCMB haftalik vaziyet tablosundaki brut doviz rezervlerini (2A1) izlemek; arsivlenmis TP.AB.*07 varyantlari yerine guncel, arsiv-disi seri secildi.",2A1 Brüt Döviz Rezervleri,2A1 Gross Foreign Assets,bie_abstc2,HAFTALIK(CUMA),Bin TL,last,TCMB,raw/TP_AB_N07_2023-01-01_2023-12-31_request.json,168a19bbcbe414f68caa63769593c1b833c2b30a59dfa7003b6229c877df81ea,raw/TP_AB_N07_2023-01-01_2023-12-31_response.json.gz,3540b470f6d9992f04dcb9976953fc293dfc50d40ad508503cd48f9bba6fcc8f,observed,within_series_coverage,False,False
TP.AB.N07,2023-05-12,2023-05-12,2023-05-12,12-05-2023,19,2058006101.0,2058006101.00000000,False,1683838800,gross_fx_reserves,"TCMB haftalik vaziyet tablosundaki brut doviz rezervlerini (2A1) izlemek; arsivlenmis TP.AB.*07 varyantlari yerine guncel, arsiv-disi seri secildi.",2A1 Brüt Döviz Rezervleri,2A1 Gross Foreign Assets,bie_abstc2,HAFTALIK(CUMA),Bin TL,last,TCMB,raw/TP_AB_N07_2023-01-01_2023-12-31_request.json,168a19bbcbe414f68caa63769593c1b833c2b30a59dfa7003b6229c877df81ea,raw/TP_AB_N07_2023-01-01_2023-12-31_response.json.gz,3540b470f6d9992f04dcb9976953fc293dfc50d40ad508503cd48f9bba6fcc8f,observed,within_series_coverage,False,False
TP.AB.N07,2023-05-19,2023-05-19,2023-05-19,19-05-2023,20,2008728624.0,2008728624.00000000,False,1684443600,gross_fx_reserves,"TCMB haftalik vaziyet tablosundaki brut doviz rezervlerini (2A1) izlemek; arsivlenmis TP.AB.*07 varyantlari yerine guncel, arsiv-disi seri secildi.",2A1 Brüt Döviz Rezervleri,2A1 Gross Foreign Assets,bie_abstc2,HAFTALIK(CUMA),Bin TL,last,TCMB,raw/TP_AB_N07_2023-01-01_2023-12-31_request.json,168a19bbcbe414f68caa63769593c1b833c2b30a59dfa7003b6229c877df81ea,raw/TP_AB_N07_2023-01-01_2023-12-31_response.json.gz,3540b470f6d9992f04dcb9976953fc293dfc50d40ad508503cd48f9bba6fcc8f,observed,within_series_coverage,False,False
TP.AB.N07,2023-05-26,2023-05-26,2023-05-26,26-05-2023,21,1963540633.0,1963540633.00000000,False,1685048400,gross_fx_reserves,"TCMB haftalik vaziyet tablosundaki brut doviz rezervlerini (2A1) izlemek; arsivlenmis TP.AB.*07 varyantlari yerine guncel, arsiv-disi seri secildi.",2A1 Brüt Döviz Rezervleri,2A1 Gross Foreign Assets,bie_abstc2,HAFTALIK(CUMA),Bin TL,last,TCMB,raw/TP_AB_N07_2023-01-01_2023-12-31_request.json,168a19bbcbe414f68caa63769593c1b833c2b30a59dfa7003b6229c877df81ea,raw/TP_AB_N07_2023-01-01_2023-12-31_response.json.gz,3540b470f6d9992f04dcb9976953fc293dfc50d40ad508503cd48f9bba6fcc8f,observed,within_series_coverage,False,False
TP.AB.N07,2023-06-02,2023-06-02,2023-06-02,02-06-2023,22,2089522977.0,2089522977.00000000,False,1685653200,gross_fx_reserves,"TCMB haftalik vaziyet tablosundaki brut doviz rezervlerini (2A1) izlemek; arsivlenmis TP.AB.*07 varyantlari yerine guncel, arsiv-disi seri secildi.",2A1 Brüt Döviz Rezervleri,2A1 Gross Foreign Assets,bie_abstc2,HAFTALIK(CUMA),Bin TL,last,TCMB,raw/TP_AB_N07_2023-01-01_2023-12-31_request.json,168a19bbcbe414f68caa63769593c1b833c2b30a59dfa7003b6229c877df81ea,raw/TP_AB_N07_2023-01-01_2023-12-31_response.json.gz,3540b470f6d9992f04dcb9976953fc293dfc50d40ad508503cd48f9bba6fcc8f,observed,within_series_coverage,False,False
TP.AB.N07,2023-06-09,2023-06-09,2023-06-09,09-06-2023,23,2331448988.0,2331448988.00000000,False,1686258000,gross_fx_reserves,"TCMB haftalik vaziyet tablosundaki brut doviz rezervlerini (2A1) izlemek; arsivlenmis TP.AB.*07 varyantlari yerine guncel, arsiv-disi seri secildi.",2A1 Brüt Döviz Rezervleri,2A1 Gross Foreign Assets,bie_abstc2,HAFTALIK(CUMA),Bin TL,last,TCMB,raw/TP_AB_N07_2023-01-01_2023-12-31_request.json,168a19bbcbe414f68caa63769593c1b833c2b30a59dfa7003b6229c877df81ea,raw/TP_AB_N07_2023-01-01_2023-12-31_response.json.gz,3540b470f6d9992f04dcb9976953fc293dfc50d40ad508503cd48f9bba6fcc8f,observed,within_series_coverage,False,False
TP.AB.N07,2023-06-16,2023-06-16,2023-06-16,16-06-2023,24,2434804019.0,2434804019.00000000,False,1686862800,gross_fx_reserves,"TCMB haftalik vaziyet tablosundaki brut doviz rezervlerini (2A1) izlemek; arsivlenmis TP.AB.*07 varyantlari yerine guncel, arsiv-disi seri secildi.",2A1 Brüt Döviz Rezervleri,2A1 Gross Foreign Assets,bie_abstc2,HAFTALIK(CUMA),Bin TL,last,TCMB,raw/TP_AB_N07_2023-01-01_2023-12-31_request.json,168a19bbcbe414f68caa63769593c1b833c2b30a59dfa7003b6229c877df81ea,raw/TP_AB_N07_2023-01-01_2023-12-31_response.json.gz,3540b470f6d9992f04dcb9976953fc293dfc50d40ad508503cd48f9bba6fcc8f,observed,within_series_coverage,False,False
TP.AB.N07,2023-06-23,2023-06-23,2023-06-23,23-06-2023,25,2545312426.0,2545312426.00000000,False,1687467600,gross_fx_reserves,"TCMB haftalik vaziyet tablosundaki brut doviz rezervlerini (2A1) izlemek; arsivlenmis TP.AB.*07 varyantlari yerine guncel, arsiv-disi seri secildi.",2A1 Brüt Döviz Rezervleri,2A1 Gross Foreign Assets,bie_abstc2,HAFTALIK(CUMA),Bin TL,last,TCMB,raw/TP_AB_N07_2023-01-01_2023-12-31_request.json,168a19bbcbe414f68caa63769593c1b833c2b30a59dfa7003b6229c877df81ea,raw/TP_AB_N07_2023-01-01_2023-12-31_response.json.gz,3540b470f6d9992f04dcb9976953fc293dfc50d40ad508503cd48f9bba6fcc8f,observed,within_series_coverage,False,False
TP.AB.N07,2023-06-30,2023-06-30,2023-06-30,30-06-2023,26,2809090237.0,2809090237.00000000,False,1688072400,gross_fx_reserves,"TCMB haftalik vaziyet tablosundaki brut doviz rezervlerini (2A1) izlemek; arsivlenmis TP.AB.*07 varyantlari yerine guncel, arsiv-disi seri secildi.",2A1 Brüt Döviz Rezervleri,2A1 Gross Foreign Assets,bie_abstc2,HAFTALIK(CUMA),Bin TL,last,TCMB,raw/TP_AB_N07_2023-01-01_2023-12-31_request.json,168a19bbcbe414f68caa63769593c1b833c2b30a59dfa7003b6229c877df81ea,raw/TP_AB_N07_2023-01-01_2023-12-31_response.json.gz,3540b470f6d9992f04dcb9976953fc293dfc50d40ad508503cd48f9bba6fcc8f,observed,within_series_coverage,False,False
TP.AB.N07,2023-07-07,2023-07-07,2023-07-07,07-07-2023,27,2880646630.0,2880646630.00000000,False,1688677200,gross_fx_reserves,"TCMB haftalik vaziyet tablosundaki brut doviz rezervlerini (2A1) izlemek; arsivlenmis TP.AB.*07 varyantlari yerine guncel, arsiv-disi seri secildi.",2A1 Brüt Döviz Rezervleri,2A1 Gross Foreign Assets,bie_abstc2,HAFTALIK(CUMA),Bin TL,last,TCMB,raw/TP_AB_N07_2023-01-01_2023-12-31_request.json,168a19bbcbe414f68caa63769593c1b833c2b30a59dfa7003b6229c877df81ea,raw/TP_AB_N07_2023-01-01_2023-12-31_response.json.gz,3540b470f6d9992f04dcb9976953fc293dfc50d40ad508503cd48f9bba6fcc8f,observed,within_series_coverage,False,False
TP.AB.N07,2023-07-14,2023-07-14,2023-07-14,14-07-2023,28,2958231459.0,2958231459.00000000,False,1689282000,gross_fx_reserves,"TCMB haftalik vaziyet tablosundaki brut doviz rezervlerini (2A1) izlemek; arsivlenmis TP.AB.*07 varyantlari yerine guncel, arsiv-disi seri secildi.",2A1 Brüt Döviz Rezervleri,2A1 Gross Foreign Assets,bie_abstc2,HAFTALIK(CUMA),Bin TL,last,TCMB,raw/TP_AB_N07_2023-01-01_2023-12-31_request.json,168a19bbcbe414f68caa63769593c1b833c2b30a59dfa7003b6229c877df81ea,raw/TP_AB_N07_2023-01-01_2023-12-31_response.json.gz,3540b470f6d9992f04dcb9976953fc293dfc50d40ad508503cd48f9bba6fcc8f,observed,within_series_coverage,False,False
TP.AB.N07,2023-07-21,2023-07-21,2023-07-21,21-07-2023,29,3058291677.0,3058291677.00000000,False,1689886800,gross_fx_reserves,"TCMB haftalik vaziyet tablosundaki brut doviz rezervlerini (2A1) izlemek; arsivlenmis TP.AB.*07 varyantlari yerine guncel, arsiv-disi seri secildi.",2A1 Brüt Döviz Rezervleri,2A1 Gross Foreign Assets,bie_abstc2,HAFTALIK(CUMA),Bin TL,last,TCMB,raw/TP_AB_N07_2023-01-01_2023-12-31_request.json,168a19bbcbe414f68caa63769593c1b833c2b30a59dfa7003b6229c877df81ea,raw/TP_AB_N07_2023-01-01_2023-12-31_response.json.gz,3540b470f6d9992f04dcb9976953fc293dfc50d40ad508503cd48f9bba6fcc8f,observed,within_series_coverage,False,False
TP.AB.N07,2023-07-28,2023-07-28,2023-07-28,28-07-2023,30,3069073899.0,3069073899.00000000,False,1690491600,gross_fx_reserves,"TCMB haftalik vaziyet tablosundaki brut doviz rezervlerini (2A1) izlemek; arsivlenmis TP.AB.*07 varyantlari yerine guncel, arsiv-disi seri secildi.",2A1 Brüt Döviz Rezervleri,2A1 Gross Foreign Assets,bie_abstc2,HAFTALIK(CUMA),Bin TL,last,TCMB,raw/TP_AB_N07_2023-01-01_2023-12-31_request.json,168a19bbcbe414f68caa63769593c1b833c2b30a59dfa7003b6229c877df81ea,raw/TP_AB_N07_2023-01-01_2023-12-31_response.json.gz,3540b470f6d9992f04dcb9976953fc293dfc50d40ad508503cd48f9bba6fcc8f,observed,within_series_coverage,False,False
TP.AB.N07,2023-08-04,2023-08-04,2023-08-04,04-08-2023,31,3120196911.0,3120196911.00000000,False,1691096400,gross_fx_reserves,"TCMB haftalik vaziyet tablosundaki brut doviz rezervlerini (2A1) izlemek; arsivlenmis TP.AB.*07 varyantlari yerine guncel, arsiv-disi seri secildi.",2A1 Brüt Döviz Rezervleri,2A1 Gross Foreign Assets,bie_abstc2,HAFTALIK(CUMA),Bin TL,last,TCMB,raw/TP_AB_N07_2023-01-01_2023-12-31_request.json,168a19bbcbe414f68caa63769593c1b833c2b30a59dfa7003b6229c877df81ea,raw/TP_AB_N07_2023-01-01_2023-12-31_response.json.gz,3540b470f6d9992f04dcb9976953fc293dfc50d40ad508503cd48f9bba6fcc8f,observed,within_series_coverage,False,False
TP.AB.N07,2023-08-11,2023-08-11,2023-08-11,11-08-2023,32,3145498305.0,3145498305.00000000,False,1691701200,gross_fx_reserves,"TCMB haftalik vaziyet tablosundaki brut doviz rezervlerini (2A1) izlemek; arsivlenmis TP.AB.*07 varyantlari yerine guncel, arsiv-disi seri secildi.",2A1 Brüt Döviz Rezervleri,2A1 Gross Foreign Assets,bie_abstc2,HAFTALIK(CUMA),Bin TL,last,TCMB,raw/TP_AB_N07_2023-01-01_2023-12-31_request.json,168a19bbcbe414f68caa63769593c1b833c2b30a59dfa7003b6229c877df81ea,raw/TP_AB_N07_2023-01-01_2023-12-31_response.json.gz,3540b470f6d9992f04dcb9976953fc293dfc50d40ad508503cd48f9bba6fcc8f,observed,within_series_coverage,False,False
TP.AB.N07,2023-08-18,2023-08-18,2023-08-18,18-08-2023,33,3174114441.0,3174114441.00000000,False,1692306000,gross_fx_reserves,"TCMB haftalik vaziyet tablosundaki brut doviz rezervlerini (2A1) izlemek; arsivlenmis TP.AB.*07 varyantlari yerine guncel, arsiv-disi seri secildi.",2A1 Brüt Döviz Rezervleri,2A1 Gross Foreign Assets,bie_abstc2,HAFTALIK(CUMA),Bin TL,last,TCMB,raw/TP_AB_N07_2023-01-01_2023-12-31_request.json,168a19bbcbe414f68caa63769593c1b833c2b30a59dfa7003b6229c877df81ea,raw/TP_AB_N07_2023-01-01_2023-12-31_response.json.gz,3540b470f6d9992f04dcb9976953fc293dfc50d40ad508503cd48f9bba6fcc8f,observed,within_series_coverage,False,False
TP.AB.N07,2023-08-25,2023-08-25,2023-08-25,25-08-2023,34,3182976920.0,3182976920.00000000,False,1692910800,gross_fx_reserves,"TCMB haftalik vaziyet tablosundaki brut doviz rezervlerini (2A1) izlemek; arsivlenmis TP.AB.*07 varyantlari yerine guncel, arsiv-disi seri secildi.",2A1 Brüt Döviz Rezervleri,2A1 Gross Foreign Assets,bie_abstc2,HAFTALIK(CUMA),Bin TL,last,TCMB,raw/TP_AB_N07_2023-01-01_2023-12-31_request.json,168a19bbcbe414f68caa63769593c1b833c2b30a59dfa7003b6229c877df81ea,raw/TP_AB_N07_2023-01-01_2023-12-31_response.json.gz,3540b470f6d9992f04dcb9976953fc293dfc50d40ad508503cd48f9bba6fcc8f,observed,within_series_coverage,False,False
TP.AB.N07,2023-09-01,2023-09-01,2023-09-01,01-09-2023,35,3221438197.0,3221438197.00000000,False,1693515600,gross_fx_reserves,"TCMB haftalik vaziyet tablosundaki brut doviz rezervlerini (2A1) izlemek; arsivlenmis TP.AB.*07 varyantlari yerine guncel, arsiv-disi seri secildi.",2A1 Brüt Döviz Rezervleri,2A1 Gross Foreign Assets,bie_abstc2,HAFTALIK(CUMA),Bin TL,last,TCMB,raw/TP_AB_N07_2023-01-01_2023-12-31_request.json,168a19bbcbe414f68caa63769593c1b833c2b30a59dfa7003b6229c877df81ea,raw/TP_AB_N07_2023-01-01_2023-12-31_response.json.gz,3540b470f6d9992f04dcb9976953fc293dfc50d40ad508503cd48f9bba6fcc8f,observed,within_series_coverage,False,False
TP.AB.N07,2023-09-08,2023-09-08,2023-09-08,08-09-2023,36,3238816171.0,3238816171.00000000,False,1694120400,gross_fx_reserves,"TCMB haftalik vaziyet tablosundaki brut doviz rezervlerini (2A1) izlemek; arsivlenmis TP.AB.*07 varyantlari yerine guncel, arsiv-disi seri secildi.",2A1 Brüt Döviz Rezervleri,2A1 Gross Foreign Assets,bie_abstc2,HAFTALIK(CUMA),Bin TL,last,TCMB,raw/TP_AB_N07_2023-01-01_2023-12-31_request.json,168a19bbcbe414f68caa63769593c1b833c2b30a59dfa7003b6229c877df81ea,raw/TP_AB_N07_2023-01-01_2023-12-31_response.json.gz,3540b470f6d9992f04dcb9976953fc293dfc50d40ad508503cd48f9bba6fcc8f,observed,within_series_coverage,False,False
TP.AB.N07,2023-09-15,2023-09-15,2023-09-15,15-09-2023,37,3274538679.0,3274538679.00000000,False,1694725200,gross_fx_reserves,"TCMB haftalik vaziyet tablosundaki brut doviz rezervlerini (2A1) izlemek; arsivlenmis TP.AB.*07 varyantlari yerine guncel, arsiv-disi seri secildi.",2A1 Brüt Döviz Rezervleri,2A1 Gross Foreign Assets,bie_abstc2,HAFTALIK(CUMA),Bin TL,last,TCMB,raw/TP_AB_N07_2023-01-01_2023-12-31_request.json,168a19bbcbe414f68caa63769593c1b833c2b30a59dfa7003b6229c877df81ea,raw/TP_AB_N07_2023-01-01_2023-12-31_response.json.gz,3540b470f6d9992f04dcb9976953fc293dfc50d40ad508503cd48f9bba6fcc8f,observed,within_series_coverage,False,False
TP.AB.N07,2023-09-22,2023-09-22,2023-09-22,22-09-2023,38,3394349055.0,3394349055.00000000,False,1695330000,gross_fx_reserves,"TCMB haftalik vaziyet tablosundaki brut doviz rezervlerini (2A1) izlemek; arsivlenmis TP.AB.*07 varyantlari yerine guncel, arsiv-disi seri secildi.",2A1 Brüt Döviz Rezervleri,2A1 Gross Foreign Assets,bie_abstc2,HAFTALIK(CUMA),Bin TL,last,TCMB,raw/TP_AB_N07_2023-01-01_2023-12-31_request.json,168a19bbcbe414f68caa63769593c1b833c2b30a59dfa7003b6229c877df81ea,raw/TP_AB_N07_2023-01-01_2023-12-31_response.json.gz,3540b470f6d9992f04dcb9976953fc293dfc50d40ad508503cd48f9bba6fcc8f,observed,within_series_coverage,False,False
TP.AB.N07,2023-09-29,2023-09-29,2023-09-29,29-09-2023,39,3350292004.0,3350292004.00000000,False,1695934800,gross_fx_reserves,"TCMB haftalik vaziyet tablosundaki brut doviz rezervlerini (2A1) izlemek; arsivlenmis TP.AB.*07 varyantlari yerine guncel, arsiv-disi seri secildi.",2A1 Brüt Döviz Rezervleri,2A1 Gross Foreign Assets,bie_abstc2,HAFTALIK(CUMA),Bin TL,last,TCMB,raw/TP_AB_N07_2023-01-01_2023-12-31_request.json,168a19bbcbe414f68caa63769593c1b833c2b30a59dfa7003b6229c877df81ea,raw/TP_AB_N07_2023-01-01_2023-12-31_response.json.gz,3540b470f6d9992f04dcb9976953fc293dfc50d40ad508503cd48f9bba6fcc8f,observed,within_series_coverage,False,False
TP.AB.N07,2023-10-06,2023-10-06,2023-10-06,06-10-2023,40,3387601472.0,3387601472.00000000,False,1696539600,gross_fx_reserves,"TCMB haftalik vaziyet tablosundaki brut doviz rezervlerini (2A1) izlemek; arsivlenmis TP.AB.*07 varyantlari yerine guncel, arsiv-disi seri secildi.",2A1 Brüt Döviz Rezervleri,2A1 Gross Foreign Assets,bie_abstc2,HAFTALIK(CUMA),Bin TL,last,TCMB,raw/TP_AB_N07_2023-01-01_2023-12-31_request.json,168a19bbcbe414f68caa63769593c1b833c2b30a59dfa7003b6229c877df81ea,raw/TP_AB_N07_2023-01-01_2023-12-31_response.json.gz,3540b470f6d9992f04dcb9976953fc293dfc50d40ad508503cd48f9bba6fcc8f,observed,within_series_coverage,False,False
TP.AB.N07,2023-10-13,2023-10-13,2023-10-13,13-10-2023,41,3454620977.0,3454620977.00000000,False,1697144400,gross_fx_reserves,"TCMB haftalik vaziyet tablosundaki brut doviz rezervlerini (2A1) izlemek; arsivlenmis TP.AB.*07 varyantlari yerine guncel, arsiv-disi seri secildi.",2A1 Brüt Döviz Rezervleri,2A1 Gross Foreign Assets,bie_abstc2,HAFTALIK(CUMA),Bin TL,last,TCMB,raw/TP_AB_N07_2023-01-01_2023-12-31_request.json,168a19bbcbe414f68caa63769593c1b833c2b30a59dfa7003b6229c877df81ea,raw/TP_AB_N07_2023-01-01_2023-12-31_response.json.gz,3540b470f6d9992f04dcb9976953fc293dfc50d40ad508503cd48f9bba6fcc8f,observed,within_series_coverage,False,False
TP.AB.N07,2023-10-20,2023-10-20,2023-10-20,20-10-2023,42,3533162093.0,3533162093.00000000,False,1697749200,gross_fx_reserves,"TCMB haftalik vaziyet tablosundaki brut doviz rezervlerini (2A1) izlemek; arsivlenmis TP.AB.*07 varyantlari yerine guncel, arsiv-disi seri secildi.",2A1 Brüt Döviz Rezervleri,2A1 Gross Foreign Assets,bie_abstc2,HAFTALIK(CUMA),Bin TL,last,TCMB,raw/TP_AB_N07_2023-01-01_2023-12-31_request.json,168a19bbcbe414f68caa63769593c1b833c2b30a59dfa7003b6229c877df81ea,raw/TP_AB_N07_2023-01-01_2023-12-31_response.json.gz,3540b470f6d9992f04dcb9976953fc293dfc50d40ad508503cd48f9bba6fcc8f,observed,within_series_coverage,False,False
TP.AB.N07,2023-10-27,2023-10-27,2023-10-27,27-10-2023,43,3562179133.0,3562179133.00000000,False,1698354000,gross_fx_reserves,"TCMB haftalik vaziyet tablosundaki brut doviz rezervlerini (2A1) izlemek; arsivlenmis TP.AB.*07 varyantlari yerine guncel, arsiv-disi seri secildi.",2A1 Brüt Döviz Rezervleri,2A1 Gross Foreign Assets,bie_abstc2,HAFTALIK(CUMA),Bin TL,last,TCMB,raw/TP_AB_N07_2023-01-01_2023-12-31_request.json,168a19bbcbe414f68caa63769593c1b833c2b30a59dfa7003b6229c877df81ea,raw/TP_AB_N07_2023-01-01_2023-12-31_response.json.gz,3540b470f6d9992f04dcb9976953fc293dfc50d40ad508503cd48f9bba6fcc8f,observed,within_series_coverage,False,False
TP.AB.N07,2023-11-03,2023-11-03,2023-11-03,03-11-2023,44,3640454697.0,3640454697.00000000,False,1698958800,gross_fx_reserves,"TCMB haftalik vaziyet tablosundaki brut doviz rezervlerini (2A1) izlemek; arsivlenmis TP.AB.*07 varyantlari yerine guncel, arsiv-disi seri secildi.",2A1 Brüt Döviz Rezervleri,2A1 Gross Foreign Assets,bie_abstc2,HAFTALIK(CUMA),Bin TL,last,TCMB,raw/TP_AB_N07_2023-01-01_2023-12-31_request.json,168a19bbcbe414f68caa63769593c1b833c2b30a59dfa7003b6229c877df81ea,raw/TP_AB_N07_2023-01-01_2023-12-31_response.json.gz,3540b470f6d9992f04dcb9976953fc293dfc50d40ad508503cd48f9bba6fcc8f,observed,within_series_coverage,False,False
TP.AB.N07,2023-11-10,2023-11-10,2023-11-10,10-11-2023,45,3667665091.0,3667665091.00000000,False,1699563600,gross_fx_reserves,"TCMB haftalik vaziyet tablosundaki brut doviz rezervlerini (2A1) izlemek; arsivlenmis TP.AB.*07 varyantlari yerine guncel, arsiv-disi seri secildi.",2A1 Brüt Döviz Rezervleri,2A1 Gross Foreign Assets,bie_abstc2,HAFTALIK(CUMA),Bin TL,last,TCMB,raw/TP_AB_N07_2023-01-01_2023-12-31_request.json,168a19bbcbe414f68caa63769593c1b833c2b30a59dfa7003b6229c877df81ea,raw/TP_AB_N07_2023-01-01_2023-12-31_response.json.gz,3540b470f6d9992f04dcb9976953fc293dfc50d40ad508503cd48f9bba6fcc8f,observed,within_series_coverage,False,False
TP.AB.N07,2023-11-17,2023-11-17,2023-11-17,17-11-2023,46,3858331811.0,3858331811.00000000,False,1700168400,gross_fx_reserves,"TCMB haftalik vaziyet tablosundaki brut doviz rezervlerini (2A1) izlemek; arsivlenmis TP.AB.*07 varyantlari yerine guncel, arsiv-disi seri secildi.",2A1 Brüt Döviz Rezervleri,2A1 Gross Foreign Assets,bie_abstc2,HAFTALIK(CUMA),Bin TL,last,TCMB,raw/TP_AB_N07_2023-01-01_2023-12-31_request.json,168a19bbcbe414f68caa63769593c1b833c2b30a59dfa7003b6229c877df81ea,raw/TP_AB_N07_2023-01-01_2023-12-31_response.json.gz,3540b470f6d9992f04dcb9976953fc293dfc50d40ad508503cd48f9bba6fcc8f,observed,within_series_coverage,False,False
TP.AB.N07,2023-11-24,2023-11-24,2023-11-24,24-11-2023,47,3933484815.0,3933484815.00000000,False,1700773200,gross_fx_reserves,"TCMB haftalik vaziyet tablosundaki brut doviz rezervlerini (2A1) izlemek; arsivlenmis TP.AB.*07 varyantlari yerine guncel, arsiv-disi seri secildi.",2A1 Brüt Döviz Rezervleri,2A1 Gross Foreign Assets,bie_abstc2,HAFTALIK(CUMA),Bin TL,last,TCMB,raw/TP_AB_N07_2023-01-01_2023-12-31_request.json,168a19bbcbe414f68caa63769593c1b833c2b30a59dfa7003b6229c877df81ea,raw/TP_AB_N07_2023-01-01_2023-12-31_response.json.gz,3540b470f6d9992f04dcb9976953fc293dfc50d40ad508503cd48f9bba6fcc8f,observed,within_series_coverage,False,False
TP.AB.N07,2023-12-01,2023-12-01,2023-12-01,01-12-2023,48,4044875450.0,4044875450.00000000,False,1701378000,gross_fx_reserves,"TCMB haftalik vaziyet tablosundaki brut doviz rezervlerini (2A1) izlemek; arsivlenmis TP.AB.*07 varyantlari yerine guncel, arsiv-disi seri secildi.",2A1 Brüt Döviz Rezervleri,2A1 Gross Foreign Assets,bie_abstc2,HAFTALIK(CUMA),Bin TL,last,TCMB,raw/TP_AB_N07_2023-01-01_2023-12-31_request.json,168a19bbcbe414f68caa63769593c1b833c2b30a59dfa7003b6229c877df81ea,raw/TP_AB_N07_2023-01-01_2023-12-31_response.json.gz,3540b470f6d9992f04dcb9976953fc293dfc50d40ad508503cd48f9bba6fcc8f,observed,within_series_coverage,False,False
TP.AB.N07,2023-12-08,2023-12-08,2023-12-08,08-12-2023,49,4088021512.0,4088021512.00000000,False,1701982800,gross_fx_reserves,"TCMB haftalik vaziyet tablosundaki brut doviz rezervlerini (2A1) izlemek; arsivlenmis TP.AB.*07 varyantlari yerine guncel, arsiv-disi seri secildi.",2A1 Brüt Döviz Rezervleri,2A1 Gross Foreign Assets,bie_abstc2,HAFTALIK(CUMA),Bin TL,last,TCMB,raw/TP_AB_N07_2023-01-01_2023-12-31_request.json,168a19bbcbe414f68caa63769593c1b833c2b30a59dfa7003b6229c877df81ea,raw/TP_AB_N07_2023-01-01_2023-12-31_response.json.gz,3540b470f6d9992f04dcb9976953fc293dfc50d40ad508503cd48f9bba6fcc8f,observed,within_series_coverage,False,False
TP.AB.N07,2023-12-15,2023-12-15,2023-12-15,15-12-2023,50,4136158563.0,4136158563.00000000,False,1702587600,gross_fx_reserves,"TCMB haftalik vaziyet tablosundaki brut doviz rezervlerini (2A1) izlemek; arsivlenmis TP.AB.*07 varyantlari yerine guncel, arsiv-disi seri secildi.",2A1 Brüt Döviz Rezervleri,2A1 Gross Foreign Assets,bie_abstc2,HAFTALIK(CUMA),Bin TL,last,TCMB,raw/TP_AB_N07_2023-01-01_2023-12-31_request.json,168a19bbcbe414f68caa63769593c1b833c2b30a59dfa7003b6229c877df81ea,raw/TP_AB_N07_2023-01-01_2023-12-31_response.json.gz,3540b470f6d9992f04dcb9976953fc293dfc50d40ad508503cd48f9bba6fcc8f,observed,within_series_coverage,False,False
TP.AB.N07,2023-12-22,2023-12-22,2023-12-22,22-12-2023,51,4236850712.0,4236850712.00000000,False,1703192400,gross_fx_reserves,"TCMB haftalik vaziyet tablosundaki brut doviz rezervlerini (2A1) izlemek; arsivlenmis TP.AB.*07 varyantlari yerine guncel, arsiv-disi seri secildi.",2A1 Brüt Döviz Rezervleri,2A1 Gross Foreign Assets,bie_abstc2,HAFTALIK(CUMA),Bin TL,last,TCMB,raw/TP_AB_N07_2023-01-01_2023-12-31_request.json,168a19bbcbe414f68caa63769593c1b833c2b30a59dfa7003b6229c877df81ea,raw/TP_AB_N07_2023-01-01_2023-12-31_response.json.gz,3540b470f6d9992f04dcb9976953fc293dfc50d40ad508503cd48f9bba6fcc8f,observed,within_series_coverage,False,False
TP.AB.N07,2023-12-29,2023-12-29,2023-12-29,29-12-2023,52,4152586207.0,4152586207.00000000,False,1703797200,gross_fx_reserves,"TCMB haftalik vaziyet tablosundaki brut doviz rezervlerini (2A1) izlemek; arsivlenmis TP.AB.*07 varyantlari yerine guncel, arsiv-disi seri secildi.",2A1 Brüt Döviz Rezervleri,2A1 Gross Foreign Assets,bie_abstc2,HAFTALIK(CUMA),Bin TL,last,TCMB,raw/TP_AB_N07_2023-01-01_2023-12-31_request.json,168a19bbcbe414f68caa63769593c1b833c2b30a59dfa7003b6229c877df81ea,raw/TP_AB_N07_2023-01-01_2023-12-31_response.json.gz,3540b470f6d9992f04dcb9976953fc293dfc50d40ad508503cd48f9bba6fcc8f,observed,within_series_coverage,False,False
TP.AB.N07,2024-01-05,2024-01-05,2024-01-05,05-01-2024,1,4158568161.0,4158568161.00000000,False,1704402000,gross_fx_reserves,"TCMB haftalik vaziyet tablosundaki brut doviz rezervlerini (2A1) izlemek; arsivlenmis TP.AB.*07 varyantlari yerine guncel, arsiv-disi seri secildi.",2A1 Brüt Döviz Rezervleri,2A1 Gross Foreign Assets,bie_abstc2,HAFTALIK(CUMA),Bin TL,last,TCMB,raw/TP_AB_N07_2024-01-01_2024-12-31_request.json,dc69693375ebbae95665e6aa10803f61435feb3a52e8ba9ef0475484cfe4dc8b,raw/TP_AB_N07_2024-01-01_2024-12-31_response.json.gz,f87a6daa0769c0150a45117d69d0c1c18d58317e1acb2a91b0465967c725936d,observed,within_series_coverage,False,False
TP.AB.N07,2024-01-12,2024-01-12,2024-01-12,12-01-2024,2,4194003849.0,4194003849.00000000,False,1705006800,gross_fx_reserves,"TCMB haftalik vaziyet tablosundaki brut doviz rezervlerini (2A1) izlemek; arsivlenmis TP.AB.*07 varyantlari yerine guncel, arsiv-disi seri secildi.",2A1 Brüt Döviz Rezervleri,2A1 Gross Foreign Assets,bie_abstc2,HAFTALIK(CUMA),Bin TL,last,TCMB,raw/TP_AB_N07_2024-01-01_2024-12-31_request.json,dc69693375ebbae95665e6aa10803f61435feb3a52e8ba9ef0475484cfe4dc8b,raw/TP_AB_N07_2024-01-01_2024-12-31_response.json.gz,f87a6daa0769c0150a45117d69d0c1c18d58317e1acb2a91b0465967c725936d,observed,within_series_coverage,False,False
TP.AB.N07,2024-01-19,2024-01-19,2024-01-19,19-01-2024,3,4160790555.0,4160790555.00000000,False,1705611600,gross_fx_reserves,"TCMB haftalik vaziyet tablosundaki brut doviz rezervlerini (2A1) izlemek; arsivlenmis TP.AB.*07 varyantlari yerine guncel, arsiv-disi seri secildi.",2A1 Brüt Döviz Rezervleri,2A1 Gross Foreign Assets,bie_abstc2,HAFTALIK(CUMA),Bin TL,last,TCMB,raw/TP_AB_N07_2024-01-01_2024-12-31_request.json,dc69693375ebbae95665e6aa10803f61435feb3a52e8ba9ef0475484cfe4dc8b,raw/TP_AB_N07_2024-01-01_2024-12-31_response.json.gz,f87a6daa0769c0150a45117d69d0c1c18d58317e1acb2a91b0465967c725936d,observed,within_series_coverage,False,False
TP.AB.N07,2024-01-26,2024-01-26,2024-01-26,26-01-2024,4,4150625870.0,4150625870.00000000,False,1706216400,gross_fx_reserves,"TCMB haftalik vaziyet tablosundaki brut doviz rezervlerini (2A1) izlemek; arsivlenmis TP.AB.*07 varyantlari yerine guncel, arsiv-disi seri secildi.",2A1 Brüt Döviz Rezervleri,2A1 Gross Foreign Assets,bie_abstc2,HAFTALIK(CUMA),Bin TL,last,TCMB,raw/TP_AB_N07_2024-01-01_2024-12-31_request.json,dc69693375ebbae95665e6aa10803f61435feb3a52e8ba9ef0475484cfe4dc8b,raw/TP_AB_N07_2024-01-01_2024-12-31_response.json.gz,f87a6daa0769c0150a45117d69d0c1c18d58317e1acb2a91b0465967c725936d,observed,within_series_coverage,False,False
TP.AB.N07,2024-02-02,2024-02-02,2024-02-02,02-02-2024,5,4110731588.0,4110731588.00000000,False,1706821200,gross_fx_reserves,"TCMB haftalik vaziyet tablosundaki brut doviz rezervlerini (2A1) izlemek; arsivlenmis TP.AB.*07 varyantlari yerine guncel, arsiv-disi seri secildi.",2A1 Brüt Döviz Rezervleri,2A1 Gross Foreign Assets,bie_abstc2,HAFTALIK(CUMA),Bin TL,last,TCMB,raw/TP_AB_N07_2024-01-01_2024-12-31_request.json,dc69693375ebbae95665e6aa10803f61435feb3a52e8ba9ef0475484cfe4dc8b,raw/TP_AB_N07_2024-01-01_2024-12-31_response.json.gz,f87a6daa0769c0150a45117d69d0c1c18d58317e1acb2a91b0465967c725936d,observed,within_series_coverage,False,False
TP.AB.N07,2024-02-09,2024-02-09,2024-02-09,09-02-2024,6,4126011189.0,4126011189.00000000,False,1707426000,gross_fx_reserves,"TCMB haftalik vaziyet tablosundaki brut doviz rezervlerini (2A1) izlemek; arsivlenmis TP.AB.*07 varyantlari yerine guncel, arsiv-disi seri secildi.",2A1 Brüt Döviz Rezervleri,2A1 Gross Foreign Assets,bie_abstc2,HAFTALIK(CUMA),Bin TL,last,TCMB,raw/TP_AB_N07_2024-01-01_2024-12-31_request.json,dc69693375ebbae95665e6aa10803f61435feb3a52e8ba9ef0475484cfe4dc8b,raw/TP_AB_N07_2024-01-01_2024-12-31_response.json.gz,f87a6daa0769c0150a45117d69d0c1c18d58317e1acb2a91b0465967c725936d,observed,within_series_coverage,False,False
TP.AB.N07,2024-02-16,2024-02-16,2024-02-16,16-02-2024,7,4125656000.0,4125656000.00000000,False,1708030800,gross_fx_reserves,"TCMB haftalik vaziyet tablosundaki brut doviz rezervlerini (2A1) izlemek; arsivlenmis TP.AB.*07 varyantlari yerine guncel, arsiv-disi seri secildi.",2A1 Brüt Döviz Rezervleri,2A1 Gross Foreign Assets,bie_abstc2,HAFTALIK(CUMA),Bin TL,last,TCMB,raw/TP_AB_N07_2024-01-01_2024-12-31_request.json,dc69693375ebbae95665e6aa10803f61435feb3a52e8ba9ef0475484cfe4dc8b,raw/TP_AB_N07_2024-01-01_2024-12-31_response.json.gz,f87a6daa0769c0150a45117d69d0c1c18d58317e1acb2a91b0465967c725936d,observed,within_series_coverage,False,False
TP.AB.N07,2024-02-23,2024-02-23,2024-02-23,23-02-2024,8,4084774420.0,4084774420.00000000,False,1708635600,gross_fx_reserves,"TCMB haftalik vaziyet tablosundaki brut doviz rezervlerini (2A1) izlemek; arsivlenmis TP.AB.*07 varyantlari yerine guncel, arsiv-disi seri secildi.",2A1 Brüt Döviz Rezervleri,2A1 Gross Foreign Assets,bie_abstc2,HAFTALIK(CUMA),Bin TL,last,TCMB,raw/TP_AB_N07_2024-01-01_2024-12-31_request.json,dc69693375ebbae95665e6aa10803f61435feb3a52e8ba9ef0475484cfe4dc8b,raw/TP_AB_N07_2024-01-01_2024-12-31_response.json.gz,f87a6daa0769c0150a45117d69d0c1c18d58317e1acb2a91b0465967c725936d,observed,within_series_coverage,False,False
TP.AB.N07,2024-03-01,2024-03-01,2024-03-01,01-03-2024,9,4085934294.0,4085934294.00000000,False,1709240400,gross_fx_reserves,"TCMB haftalik vaziyet tablosundaki brut doviz rezervlerini (2A1) izlemek; arsivlenmis TP.AB.*07 varyantlari yerine guncel, arsiv-disi seri secildi.",2A1 Brüt Döviz Rezervleri,2A1 Gross Foreign Assets,bie_abstc2,HAFTALIK(CUMA),Bin TL,last,TCMB,raw/TP_AB_N07_2024-01-01_2024-12-31_request.json,dc69693375ebbae95665e6aa10803f61435feb3a52e8ba9ef0475484cfe4dc8b,raw/TP_AB_N07_2024-01-01_2024-12-31_response.json.gz,f87a6daa0769c0150a45117d69d0c1c18d58317e1acb2a91b0465967c725936d,observed,within_series_coverage,False,False
TP.AB.N07,2024-03-08,2024-03-08,2024-03-08,08-03-2024,10,4154559476.0,4154559476.00000000,False,1709845200,gross_fx_reserves,"TCMB haftalik vaziyet tablosundaki brut doviz rezervlerini (2A1) izlemek; arsivlenmis TP.AB.*07 varyantlari yerine guncel, arsiv-disi seri secildi.",2A1 Brüt Döviz Rezervleri,2A1 Gross Foreign Assets,bie_abstc2,HAFTALIK(CUMA),Bin TL,last,TCMB,raw/TP_AB_N07_2024-01-01_2024-12-31_request.json,dc69693375ebbae95665e6aa10803f61435feb3a52e8ba9ef0475484cfe4dc8b,raw/TP_AB_N07_2024-01-01_2024-12-31_response.json.gz,f87a6daa0769c0150a45117d69d0c1c18d58317e1acb2a91b0465967c725936d,observed,within_series_coverage,False,False
TP.AB.N07,2024-03-15,2024-03-15,2024-03-15,15-03-2024,11,4107468754.0,4107468754.00000000,False,1710450000,gross_fx_reserves,"TCMB haftalik vaziyet tablosundaki brut doviz rezervlerini (2A1) izlemek; arsivlenmis TP.AB.*07 varyantlari yerine guncel, arsiv-disi seri secildi.",2A1 Brüt Döviz Rezervleri,2A1 Gross Foreign Assets,bie_abstc2,HAFTALIK(CUMA),Bin TL,last,TCMB,raw/TP_AB_N07_2024-01-01_2024-12-31_request.json,dc69693375ebbae95665e6aa10803f61435feb3a52e8ba9ef0475484cfe4dc8b,raw/TP_AB_N07_2024-01-01_2024-12-31_response.json.gz,f87a6daa0769c0150a45117d69d0c1c18d58317e1acb2a91b0465967c725936d,observed,within_series_coverage,False,False
TP.AB.N07,2024-03-22,2024-03-22,2024-03-22,22-03-2024,12,4008302913.0,4008302913.00000000,False,1711054800,gross_fx_reserves,"TCMB haftalik vaziyet tablosundaki brut doviz rezervlerini (2A1) izlemek; arsivlenmis TP.AB.*07 varyantlari yerine guncel, arsiv-disi seri secildi.",2A1 Brüt Döviz Rezervleri,2A1 Gross Foreign Assets,bie_abstc2,HAFTALIK(CUMA),Bin TL,last,TCMB,raw/TP_AB_N07_2024-01-01_2024-12-31_request.json,dc69693375ebbae95665e6aa10803f61435feb3a52e8ba9ef0475484cfe4dc8b,raw/TP_AB_N07_2024-01-01_2024-12-31_response.json.gz,f87a6daa0769c0150a45117d69d0c1c18d58317e1acb2a91b0465967c725936d,observed,within_series_coverage,False,False
TP.AB.N07,2024-03-29,2024-03-29,2024-03-29,29-03-2024,13,3978902658.0,3978902658.00000000,False,1711659600,gross_fx_reserves,"TCMB haftalik vaziyet tablosundaki brut doviz rezervlerini (2A1) izlemek; arsivlenmis TP.AB.*07 varyantlari yerine guncel, arsiv-disi seri secildi.",2A1 Brüt Döviz Rezervleri,2A1 Gross Foreign Assets,bie_abstc2,HAFTALIK(CUMA),Bin TL,last,TCMB,raw/TP_AB_N07_2024-01-01_2024-12-31_request.json,dc69693375ebbae95665e6aa10803f61435feb3a52e8ba9ef0475484cfe4dc8b,raw/TP_AB_N07_2024-01-01_2024-12-31_response.json.gz,f87a6daa0769c0150a45117d69d0c1c18d58317e1acb2a91b0465967c725936d,observed,within_series_coverage,False,False
TP.AB.N07,2024-04-05,2024-04-05,2024-04-05,05-04-2024,14,4046564420.0,4046564420.00000000,False,1712264400,gross_fx_reserves,"TCMB haftalik vaziyet tablosundaki brut doviz rezervlerini (2A1) izlemek; arsivlenmis TP.AB.*07 varyantlari yerine guncel, arsiv-disi seri secildi.",2A1 Brüt Döviz Rezervleri,2A1 Gross Foreign Assets,bie_abstc2,HAFTALIK(CUMA),Bin TL,last,TCMB,raw/TP_AB_N07_2024-01-01_2024-12-31_request.json,dc69693375ebbae95665e6aa10803f61435feb3a52e8ba9ef0475484cfe4dc8b,raw/TP_AB_N07_2024-01-01_2024-12-31_response.json.gz,f87a6daa0769c0150a45117d69d0c1c18d58317e1acb2a91b0465967c725936d,observed,within_series_coverage,False,False
TP.AB.N07,2024-04-12,2024-04-12,2024-04-12,12-04-2024,15,4118571284.0,4118571284.00000000,False,1712869200,gross_fx_reserves,"TCMB haftalik vaziyet tablosundaki brut doviz rezervlerini (2A1) izlemek; arsivlenmis TP.AB.*07 varyantlari yerine guncel, arsiv-disi seri secildi.",2A1 Brüt Döviz Rezervleri,2A1 Gross Foreign Assets,bie_abstc2,HAFTALIK(CUMA),Bin TL,last,TCMB,raw/TP_AB_N07_2024-01-01_2024-12-31_request.json,dc69693375ebbae95665e6aa10803f61435feb3a52e8ba9ef0475484cfe4dc8b,raw/TP_AB_N07_2024-01-01_2024-12-31_response.json.gz,f87a6daa0769c0150a45117d69d0c1c18d58317e1acb2a91b0465967c725936d,observed,within_series_coverage,False,False
TP.AB.N07,2024-04-19,2024-04-19,2024-04-19,19-04-2024,16,4106148780.0,4106148780.00000000,False,1713474000,gross_fx_reserves,"TCMB haftalik vaziyet tablosundaki brut doviz rezervlerini (2A1) izlemek; arsivlenmis TP.AB.*07 varyantlari yerine guncel, arsiv-disi seri secildi.",2A1 Brüt Döviz Rezervleri,2A1 Gross Foreign Assets,bie_abstc2,HAFTALIK(CUMA),Bin TL,last,TCMB,raw/TP_AB_N07_2024-01-01_2024-12-31_request.json,dc69693375ebbae95665e6aa10803f61435feb3a52e8ba9ef0475484cfe4dc8b,raw/TP_AB_N07_2024-01-01_2024-12-31_response.json.gz,f87a6daa0769c0150a45117d69d0c1c18d58317e1acb2a91b0465967c725936d,observed,within_series_coverage,False,False
TP.AB.N07,2024-04-26,2024-04-26,2024-04-26,26-04-2024,17,4036927724.0,4036927724.00000000,False,1714078800,gross_fx_reserves,"TCMB haftalik vaziyet tablosundaki brut doviz rezervlerini (2A1) izlemek; arsivlenmis TP.AB.*07 varyantlari yerine guncel, arsiv-disi seri secildi.",2A1 Brüt Döviz Rezervleri,2A1 Gross Foreign Assets,bie_abstc2,HAFTALIK(CUMA),Bin TL,last,TCMB,raw/TP_AB_N07_2024-01-01_2024-12-31_request.json,dc69693375ebbae95665e6aa10803f61435feb3a52e8ba9ef0475484cfe4dc8b,raw/TP_AB_N07_2024-01-01_2024-12-31_response.json.gz,f87a6daa0769c0150a45117d69d0c1c18d58317e1acb2a91b0465967c725936d,observed,within_series_coverage,False,False
TP.AB.N07,2024-05-03,2024-05-03,2024-05-03,03-05-2024,18,4107140753.0,4107140753.00000000,False,1714683600,gross_fx_reserves,"TCMB haftalik vaziyet tablosundaki brut doviz rezervlerini (2A1) izlemek; arsivlenmis TP.AB.*07 varyantlari yerine guncel, arsiv-disi seri secildi.",2A1 Brüt Döviz Rezervleri,2A1 Gross Foreign Assets,bie_abstc2,HAFTALIK(CUMA),Bin TL,last,TCMB,raw/TP_AB_N07_2024-01-01_2024-12-31_request.json,dc69693375ebbae95665e6aa10803f61435feb3a52e8ba9ef0475484cfe4dc8b,raw/TP_AB_N07_2024-01-01_2024-12-31_response.json.gz,f87a6daa0769c0150a45117d69d0c1c18d58317e1acb2a91b0465967c725936d,observed,within_series_coverage,False,False
TP.AB.N07,2024-05-10,2024-05-10,2024-05-10,10-05-2024,19,4332059508.0,4332059508.00000000,False,1715288400,gross_fx_reserves,"TCMB haftalik vaziyet tablosundaki brut doviz rezervlerini (2A1) izlemek; arsivlenmis TP.AB.*07 varyantlari yerine guncel, arsiv-disi seri secildi.",2A1 Brüt Döviz Rezervleri,2A1 Gross Foreign Assets,bie_abstc2,HAFTALIK(CUMA),Bin TL,last,TCMB,raw/TP_AB_N07_2024-01-01_2024-12-31_request.json,dc69693375ebbae95665e6aa10803f61435feb3a52e8ba9ef0475484cfe4dc8b,raw/TP_AB_N07_2024-01-01_2024-12-31_response.json.gz,f87a6daa0769c0150a45117d69d0c1c18d58317e1acb2a91b0465967c725936d,observed,within_series_coverage,False,False
TP.AB.N07,2024-05-17,2024-05-17,2024-05-17,17-05-2024,20,4481380123.0,4481380123.00000000,False,1715893200,gross_fx_reserves,"TCMB haftalik vaziyet tablosundaki brut doviz rezervlerini (2A1) izlemek; arsivlenmis TP.AB.*07 varyantlari yerine guncel, arsiv-disi seri secildi.",2A1 Brüt Döviz Rezervleri,2A1 Gross Foreign Assets,bie_abstc2,HAFTALIK(CUMA),Bin TL,last,TCMB,raw/TP_AB_N07_2024-01-01_2024-12-31_request.json,dc69693375ebbae95665e6aa10803f61435feb3a52e8ba9ef0475484cfe4dc8b,raw/TP_AB_N07_2024-01-01_2024-12-31_response.json.gz,f87a6daa0769c0150a45117d69d0c1c18d58317e1acb2a91b0465967c725936d,observed,within_series_coverage,False,False
TP.AB.N07,2024-05-24,2024-05-24,2024-05-24,24-05-2024,21,4579243157.0,4579243157.00000000,False,1716498000,gross_fx_reserves,"TCMB haftalik vaziyet tablosundaki brut doviz rezervlerini (2A1) izlemek; arsivlenmis TP.AB.*07 varyantlari yerine guncel, arsiv-disi seri secildi.",2A1 Brüt Döviz Rezervleri,2A1 Gross Foreign Assets,bie_abstc2,HAFTALIK(CUMA),Bin TL,last,TCMB,raw/TP_AB_N07_2024-01-01_2024-12-31_request.json,dc69693375ebbae95665e6aa10803f61435feb3a52e8ba9ef0475484cfe4dc8b,raw/TP_AB_N07_2024-01-01_2024-12-31_response.json.gz,f87a6daa0769c0150a45117d69d0c1c18d58317e1acb2a91b0465967c725936d,observed,within_series_coverage,False,False
TP.AB.N07,2024-05-31,2024-05-31,2024-05-31,31-05-2024,22,4639808877.0,4639808877.00000000,False,1717102800,gross_fx_reserves,"TCMB haftalik vaziyet tablosundaki brut doviz rezervlerini (2A1) izlemek; arsivlenmis TP.AB.*07 varyantlari yerine guncel, arsiv-disi seri secildi.",2A1 Brüt Döviz Rezervleri,2A1 Gross Foreign Assets,bie_abstc2,HAFTALIK(CUMA),Bin TL,last,TCMB,raw/TP_AB_N07_2024-01-01_2024-12-31_request.json,dc69693375ebbae95665e6aa10803f61435feb3a52e8ba9ef0475484cfe4dc8b,raw/TP_AB_N07_2024-01-01_2024-12-31_response.json.gz,f87a6daa0769c0150a45117d69d0c1c18d58317e1acb2a91b0465967c725936d,observed,within_series_coverage,False,False
TP.AB.N07,2024-06-07,2024-06-07,2024-06-07,07-06-2024,23,4709995305.0,4709995305.00000000,False,1717707600,gross_fx_reserves,"TCMB haftalik vaziyet tablosundaki brut doviz rezervlerini (2A1) izlemek; arsivlenmis TP.AB.*07 varyantlari yerine guncel, arsiv-disi seri secildi.",2A1 Brüt Döviz Rezervleri,2A1 Gross Foreign Assets,bie_abstc2,HAFTALIK(CUMA),Bin TL,last,TCMB,raw/TP_AB_N07_2024-01-01_2024-12-31_request.json,dc69693375ebbae95665e6aa10803f61435feb3a52e8ba9ef0475484cfe4dc8b,raw/TP_AB_N07_2024-01-01_2024-12-31_response.json.gz,f87a6daa0769c0150a45117d69d0c1c18d58317e1acb2a91b0465967c725936d,observed,within_series_coverage,False,False
TP.AB.N07,2024-06-14,2024-06-14,2024-06-14,14-06-2024,24,4722582104.0,4722582104.00000000,False,1718312400,gross_fx_reserves,"TCMB haftalik vaziyet tablosundaki brut doviz rezervlerini (2A1) izlemek; arsivlenmis TP.AB.*07 varyantlari yerine guncel, arsiv-disi seri secildi.",2A1 Brüt Döviz Rezervleri,2A1 Gross Foreign Assets,bie_abstc2,HAFTALIK(CUMA),Bin TL,last,TCMB,raw/TP_AB_N07_2024-01-01_2024-12-31_request.json,dc69693375ebbae95665e6aa10803f61435feb3a52e8ba9ef0475484cfe4dc8b,raw/TP_AB_N07_2024-01-01_2024-12-31_response.json.gz,f87a6daa0769c0150a45117d69d0c1c18d58317e1acb2a91b0465967c725936d,observed,within_series_coverage,False,False
TP.AB.N07,2024-06-21,2024-06-21,2024-06-21,21-06-2024,25,4815530316.0,4815530316.00000000,False,1718917200,gross_fx_reserves,"TCMB haftalik vaziyet tablosundaki brut doviz rezervlerini (2A1) izlemek; arsivlenmis TP.AB.*07 varyantlari yerine guncel, arsiv-disi seri secildi.",2A1 Brüt Döviz Rezervleri,2A1 Gross Foreign Assets,bie_abstc2,HAFTALIK(CUMA),Bin TL,last,TCMB,raw/TP_AB_N07_2024-01-01_2024-12-31_request.json,dc69693375ebbae95665e6aa10803f61435feb3a52e8ba9ef0475484cfe4dc8b,raw/TP_AB_N07_2024-01-01_2024-12-31_response.json.gz,f87a6daa0769c0150a45117d69d0c1c18d58317e1acb2a91b0465967c725936d,observed,within_series_coverage,False,False
TP.AB.N07,2024-06-28,2024-06-28,2024-06-28,28-06-2024,26,4700779770.0,4700779770.00000000,False,1719522000,gross_fx_reserves,"TCMB haftalik vaziyet tablosundaki brut doviz rezervlerini (2A1) izlemek; arsivlenmis TP.AB.*07 varyantlari yerine guncel, arsiv-disi seri secildi.",2A1 Brüt Döviz Rezervleri,2A1 Gross Foreign Assets,bie_abstc2,HAFTALIK(CUMA),Bin TL,last,TCMB,raw/TP_AB_N07_2024-01-01_2024-12-31_request.json,dc69693375ebbae95665e6aa10803f61435feb3a52e8ba9ef0475484cfe4dc8b,raw/TP_AB_N07_2024-01-01_2024-12-31_response.json.gz,f87a6daa0769c0150a45117d69d0c1c18d58317e1acb2a91b0465967c725936d,observed,within_series_coverage,False,False
TP.AB.N07,2024-07-05,2024-07-05,2024-07-05,05-07-2024,27,4831995490.0,4831995490.00000000,False,1720126800,gross_fx_reserves,"TCMB haftalik vaziyet tablosundaki brut doviz rezervlerini (2A1) izlemek; arsivlenmis TP.AB.*07 varyantlari yerine guncel, arsiv-disi seri secildi.",2A1 Brüt Döviz Rezervleri,2A1 Gross Foreign Assets,bie_abstc2,HAFTALIK(CUMA),Bin TL,last,TCMB,raw/TP_AB_N07_2024-01-01_2024-12-31_request.json,dc69693375ebbae95665e6aa10803f61435feb3a52e8ba9ef0475484cfe4dc8b,raw/TP_AB_N07_2024-01-01_2024-12-31_response.json.gz,f87a6daa0769c0150a45117d69d0c1c18d58317e1acb2a91b0465967c725936d,observed,within_series_coverage,False,False
TP.AB.N07,2024-07-12,2024-07-12,2024-07-12,12-07-2024,28,5059282084.0,5059282084.00000000,False,1720731600,gross_fx_reserves,"TCMB haftalik vaziyet tablosundaki brut doviz rezervlerini (2A1) izlemek; arsivlenmis TP.AB.*07 varyantlari yerine guncel, arsiv-disi seri secildi.",2A1 Brüt Döviz Rezervleri,2A1 Gross Foreign Assets,bie_abstc2,HAFTALIK(CUMA),Bin TL,last,TCMB,raw/TP_AB_N07_2024-01-01_2024-12-31_request.json,dc69693375ebbae95665e6aa10803f61435feb3a52e8ba9ef0475484cfe4dc8b,raw/TP_AB_N07_2024-01-01_2024-12-31_response.json.gz,f87a6daa0769c0150a45117d69d0c1c18d58317e1acb2a91b0465967c725936d,observed,within_series_coverage,False,False
TP.AB.N07,2024-07-19,2024-07-19,2024-07-19,19-07-2024,29,5092600380.0,5092600380.00000000,False,1721336400,gross_fx_reserves,"TCMB haftalik vaziyet tablosundaki brut doviz rezervlerini (2A1) izlemek; arsivlenmis TP.AB.*07 varyantlari yerine guncel, arsiv-disi seri secildi.",2A1 Brüt Döviz Rezervleri,2A1 Gross Foreign Assets,bie_abstc2,HAFTALIK(CUMA),Bin TL,last,TCMB,raw/TP_AB_N07_2024-01-01_2024-12-31_request.json,dc69693375ebbae95665e6aa10803f61435feb3a52e8ba9ef0475484cfe4dc8b,raw/TP_AB_N07_2024-01-01_2024-12-31_response.json.gz,f87a6daa0769c0150a45117d69d0c1c18d58317e1acb2a91b0465967c725936d,observed,within_series_coverage,False,False
TP.AB.N07,2024-07-26,2024-07-26,2024-07-26,26-07-2024,30,4889372031.0,4889372031.00000000,False,1721941200,gross_fx_reserves,"TCMB haftalik vaziyet tablosundaki brut doviz rezervlerini (2A1) izlemek; arsivlenmis TP.AB.*07 varyantlari yerine guncel, arsiv-disi seri secildi.",2A1 Brüt Döviz Rezervleri,2A1 Gross Foreign Assets,bie_abstc2,HAFTALIK(CUMA),Bin TL,last,TCMB,raw/TP_AB_N07_2024-01-01_2024-12-31_request.json,dc69693375ebbae95665e6aa10803f61435feb3a52e8ba9ef0475484cfe4dc8b,raw/TP_AB_N07_2024-01-01_2024-12-31_response.json.gz,f87a6daa0769c0150a45117d69d0c1c18d58317e1acb2a91b0465967c725936d,observed,within_series_coverage,False,False
TP.AB.N07,2024-08-02,2024-08-02,2024-08-02,02-08-2024,31,4982233867.0,4982233867.00000000,False,1722546000,gross_fx_reserves,"TCMB haftalik vaziyet tablosundaki brut doviz rezervlerini (2A1) izlemek; arsivlenmis TP.AB.*07 varyantlari yerine guncel, arsiv-disi seri secildi.",2A1 Brüt Döviz Rezervleri,2A1 Gross Foreign Assets,bie_abstc2,HAFTALIK(CUMA),Bin TL,last,TCMB,raw/TP_AB_N07_2024-01-01_2024-12-31_request.json,dc69693375ebbae95665e6aa10803f61435feb3a52e8ba9ef0475484cfe4dc8b,raw/TP_AB_N07_2024-01-01_2024-12-31_response.json.gz,f87a6daa0769c0150a45117d69d0c1c18d58317e1acb2a91b0465967c725936d,observed,within_series_coverage,False,False
TP.AB.N07,2024-08-09,2024-08-09,2024-08-09,09-08-2024,32,5032572107.0,5032572107.00000000,False,1723150800,gross_fx_reserves,"TCMB haftalik vaziyet tablosundaki brut doviz rezervlerini (2A1) izlemek; arsivlenmis TP.AB.*07 varyantlari yerine guncel, arsiv-disi seri secildi.",2A1 Brüt Döviz Rezervleri,2A1 Gross Foreign Assets,bie_abstc2,HAFTALIK(CUMA),Bin TL,last,TCMB,raw/TP_AB_N07_2024-01-01_2024-12-31_request.json,dc69693375ebbae95665e6aa10803f61435feb3a52e8ba9ef0475484cfe4dc8b,raw/TP_AB_N07_2024-01-01_2024-12-31_response.json.gz,f87a6daa0769c0150a45117d69d0c1c18d58317e1acb2a91b0465967c725936d,observed,within_series_coverage,False,False
TP.AB.N07,2024-08-16,2024-08-16,2024-08-16,16-08-2024,33,5141949741.0,5141949741.00000000,False,1723755600,gross_fx_reserves,"TCMB haftalik vaziyet tablosundaki brut doviz rezervlerini (2A1) izlemek; arsivlenmis TP.AB.*07 varyantlari yerine guncel, arsiv-disi seri secildi.",2A1 Brüt Döviz Rezervleri,2A1 Gross Foreign Assets,bie_abstc2,HAFTALIK(CUMA),Bin TL,last,TCMB,raw/TP_AB_N07_2024-01-01_2024-12-31_request.json,dc69693375ebbae95665e6aa10803f61435feb3a52e8ba9ef0475484cfe4dc8b,raw/TP_AB_N07_2024-01-01_2024-12-31_response.json.gz,f87a6daa0769c0150a45117d69d0c1c18d58317e1acb2a91b0465967c725936d,observed,within_series_coverage,False,False
TP.AB.N07,2024-08-23,2024-08-23,2024-08-23,23-08-2024,34,5099598277.0,5099598277.00000000,False,1724360400,gross_fx_reserves,"TCMB haftalik vaziyet tablosundaki brut doviz rezervlerini (2A1) izlemek; arsivlenmis TP.AB.*07 varyantlari yerine guncel, arsiv-disi seri secildi.",2A1 Brüt Döviz Rezervleri,2A1 Gross Foreign Assets,bie_abstc2,HAFTALIK(CUMA),Bin TL,last,TCMB,raw/TP_AB_N07_2024-01-01_2024-12-31_request.json,dc69693375ebbae95665e6aa10803f61435feb3a52e8ba9ef0475484cfe4dc8b,raw/TP_AB_N07_2024-01-01_2024-12-31_response.json.gz,f87a6daa0769c0150a45117d69d0c1c18d58317e1acb2a91b0465967c725936d,observed,within_series_coverage,False,False
TP.AB.N07,2024-08-30,2024-08-30,2024-08-30,30-08-2024,35,5081160244.0,5081160244.00000000,False,1724965200,gross_fx_reserves,"TCMB haftalik vaziyet tablosundaki brut doviz rezervlerini (2A1) izlemek; arsivlenmis TP.AB.*07 varyantlari yerine guncel, arsiv-disi seri secildi.",2A1 Brüt Döviz Rezervleri,2A1 Gross Foreign Assets,bie_abstc2,HAFTALIK(CUMA),Bin TL,last,TCMB,raw/TP_AB_N07_2024-01-01_2024-12-31_request.json,dc69693375ebbae95665e6aa10803f61435feb3a52e8ba9ef0475484cfe4dc8b,raw/TP_AB_N07_2024-01-01_2024-12-31_response.json.gz,f87a6daa0769c0150a45117d69d0c1c18d58317e1acb2a91b0465967c725936d,observed,within_series_coverage,False,False
TP.AB.N07,2024-09-06,2024-09-06,2024-09-06,06-09-2024,36,4984781902.0,4984781902.00000000,False,1725570000,gross_fx_reserves,"TCMB haftalik vaziyet tablosundaki brut doviz rezervlerini (2A1) izlemek; arsivlenmis TP.AB.*07 varyantlari yerine guncel, arsiv-disi seri secildi.",2A1 Brüt Döviz Rezervleri,2A1 Gross Foreign Assets,bie_abstc2,HAFTALIK(CUMA),Bin TL,last,TCMB,raw/TP_AB_N07_2024-01-01_2024-12-31_request.json,dc69693375ebbae95665e6aa10803f61435feb3a52e8ba9ef0475484cfe4dc8b,raw/TP_AB_N07_2024-01-01_2024-12-31_response.json.gz,f87a6daa0769c0150a45117d69d0c1c18d58317e1acb2a91b0465967c725936d,observed,within_series_coverage,False,False
TP.AB.N07,2024-09-13,2024-09-13,2024-09-13,13-09-2024,37,5213312243.0,5213312243.00000000,False,1726174800,gross_fx_reserves,"TCMB haftalik vaziyet tablosundaki brut doviz rezervlerini (2A1) izlemek; arsivlenmis TP.AB.*07 varyantlari yerine guncel, arsiv-disi seri secildi.",2A1 Brüt Döviz Rezervleri,2A1 Gross Foreign Assets,bie_abstc2,HAFTALIK(CUMA),Bin TL,last,TCMB,raw/TP_AB_N07_2024-01-01_2024-12-31_request.json,dc69693375ebbae95665e6aa10803f61435feb3a52e8ba9ef0475484cfe4dc8b,raw/TP_AB_N07_2024-01-01_2024-12-31_response.json.gz,f87a6daa0769c0150a45117d69d0c1c18d58317e1acb2a91b0465967c725936d,observed,within_series_coverage,False,False
TP.AB.N07,2024-09-20,2024-09-20,2024-09-20,20-09-2024,38,5322073461.0,5322073461.00000000,False,1726779600,gross_fx_reserves,"TCMB haftalik vaziyet tablosundaki brut doviz rezervlerini (2A1) izlemek; arsivlenmis TP.AB.*07 varyantlari yerine guncel, arsiv-disi seri secildi.",2A1 Brüt Döviz Rezervleri,2A1 Gross Foreign Assets,bie_abstc2,HAFTALIK(CUMA),Bin TL,last,TCMB,raw/TP_AB_N07_2024-01-01_2024-12-31_request.json,dc69693375ebbae95665e6aa10803f61435feb3a52e8ba9ef0475484cfe4dc8b,raw/TP_AB_N07_2024-01-01_2024-12-31_response.json.gz,f87a6daa0769c0150a45117d69d0c1c18d58317e1acb2a91b0465967c725936d,observed,within_series_coverage,False,False
TP.AB.N07,2024-09-27,2024-09-27,2024-09-27,27-09-2024,39,5375261508.0,5375261508.00000000,False,1727384400,gross_fx_reserves,"TCMB haftalik vaziyet tablosundaki brut doviz rezervlerini (2A1) izlemek; arsivlenmis TP.AB.*07 varyantlari yerine guncel, arsiv-disi seri secildi.",2A1 Brüt Döviz Rezervleri,2A1 Gross Foreign Assets,bie_abstc2,HAFTALIK(CUMA),Bin TL,last,TCMB,raw/TP_AB_N07_2024-01-01_2024-12-31_request.json,dc69693375ebbae95665e6aa10803f61435feb3a52e8ba9ef0475484cfe4dc8b,raw/TP_AB_N07_2024-01-01_2024-12-31_response.json.gz,f87a6daa0769c0150a45117d69d0c1c18d58317e1acb2a91b0465967c725936d,observed,within_series_coverage,False,False
TP.AB.N07,2024-10-04,2024-10-04,2024-10-04,04-10-2024,40,5340863326.0,5340863326.00000000,False,1727989200,gross_fx_reserves,"TCMB haftalik vaziyet tablosundaki brut doviz rezervlerini (2A1) izlemek; arsivlenmis TP.AB.*07 varyantlari yerine guncel, arsiv-disi seri secildi.",2A1 Brüt Döviz Rezervleri,2A1 Gross Foreign Assets,bie_abstc2,HAFTALIK(CUMA),Bin TL,last,TCMB,raw/TP_AB_N07_2024-01-01_2024-12-31_request.json,dc69693375ebbae95665e6aa10803f61435feb3a52e8ba9ef0475484cfe4dc8b,raw/TP_AB_N07_2024-01-01_2024-12-31_response.json.gz,f87a6daa0769c0150a45117d69d0c1c18d58317e1acb2a91b0465967c725936d,observed,within_series_coverage,False,False
TP.AB.N07,2024-10-11,2024-10-11,2024-10-11,11-10-2024,41,5383658108.0,5383658108.00000000,False,1728594000,gross_fx_reserves,"TCMB haftalik vaziyet tablosundaki brut doviz rezervlerini (2A1) izlemek; arsivlenmis TP.AB.*07 varyantlari yerine guncel, arsiv-disi seri secildi.",2A1 Brüt Döviz Rezervleri,2A1 Gross Foreign Assets,bie_abstc2,HAFTALIK(CUMA),Bin TL,last,TCMB,raw/TP_AB_N07_2024-01-01_2024-12-31_request.json,dc69693375ebbae95665e6aa10803f61435feb3a52e8ba9ef0475484cfe4dc8b,raw/TP_AB_N07_2024-01-01_2024-12-31_response.json.gz,f87a6daa0769c0150a45117d69d0c1c18d58317e1acb2a91b0465967c725936d,observed,within_series_coverage,False,False
TP.AB.N07,2024-10-18,2024-10-18,2024-10-18,18-10-2024,42,5445732654.0,5445732654.00000000,False,1729198800,gross_fx_reserves,"TCMB haftalik vaziyet tablosundaki brut doviz rezervlerini (2A1) izlemek; arsivlenmis TP.AB.*07 varyantlari yerine guncel, arsiv-disi seri secildi.",2A1 Brüt Döviz Rezervleri,2A1 Gross Foreign Assets,bie_abstc2,HAFTALIK(CUMA),Bin TL,last,TCMB,raw/TP_AB_N07_2024-01-01_2024-12-31_request.json,dc69693375ebbae95665e6aa10803f61435feb3a52e8ba9ef0475484cfe4dc8b,raw/TP_AB_N07_2024-01-01_2024-12-31_response.json.gz,f87a6daa0769c0150a45117d69d0c1c18d58317e1acb2a91b0465967c725936d,observed,within_series_coverage,False,False
TP.AB.N07,2024-10-25,2024-10-25,2024-10-25,25-10-2024,43,5459036796.0,5459036796.00000000,False,1729803600,gross_fx_reserves,"TCMB haftalik vaziyet tablosundaki brut doviz rezervlerini (2A1) izlemek; arsivlenmis TP.AB.*07 varyantlari yerine guncel, arsiv-disi seri secildi.",2A1 Brüt Döviz Rezervleri,2A1 Gross Foreign Assets,bie_abstc2,HAFTALIK(CUMA),Bin TL,last,TCMB,raw/TP_AB_N07_2024-01-01_2024-12-31_request.json,dc69693375ebbae95665e6aa10803f61435feb3a52e8ba9ef0475484cfe4dc8b,raw/TP_AB_N07_2024-01-01_2024-12-31_response.json.gz,f87a6daa0769c0150a45117d69d0c1c18d58317e1acb2a91b0465967c725936d,observed,within_series_coverage,False,False
TP.AB.N07,2024-11-01,2024-11-01,2024-11-01,01-11-2024,44,5464531963.0,5464531963.00000000,False,1730408400,gross_fx_reserves,"TCMB haftalik vaziyet tablosundaki brut doviz rezervlerini (2A1) izlemek; arsivlenmis TP.AB.*07 varyantlari yerine guncel, arsiv-disi seri secildi.",2A1 Brüt Döviz Rezervleri,2A1 Gross Foreign Assets,bie_abstc2,HAFTALIK(CUMA),Bin TL,last,TCMB,raw/TP_AB_N07_2024-01-01_2024-12-31_request.json,dc69693375ebbae95665e6aa10803f61435feb3a52e8ba9ef0475484cfe4dc8b,raw/TP_AB_N07_2024-01-01_2024-12-31_response.json.gz,f87a6daa0769c0150a45117d69d0c1c18d58317e1acb2a91b0465967c725936d,observed,within_series_coverage,False,False
TP.AB.N07,2024-11-08,2024-11-08,2024-11-08,08-11-2024,45,5385030549.0,5385030549.00000000,False,1731013200,gross_fx_reserves,"TCMB haftalik vaziyet tablosundaki brut doviz rezervlerini (2A1) izlemek; arsivlenmis TP.AB.*07 varyantlari yerine guncel, arsiv-disi seri secildi.",2A1 Brüt Döviz Rezervleri,2A1 Gross Foreign Assets,bie_abstc2,HAFTALIK(CUMA),Bin TL,last,TCMB,raw/TP_AB_N07_2024-01-01_2024-12-31_request.json,dc69693375ebbae95665e6aa10803f61435feb3a52e8ba9ef0475484cfe4dc8b,raw/TP_AB_N07_2024-01-01_2024-12-31_response.json.gz,f87a6daa0769c0150a45117d69d0c1c18d58317e1acb2a91b0465967c725936d,observed,within_series_coverage,False,False
TP.AB.N07,2024-11-15,2024-11-15,2024-11-15,15-11-2024,46,5382662384.0,5382662384.00000000,False,1731618000,gross_fx_reserves,"TCMB haftalik vaziyet tablosundaki brut doviz rezervlerini (2A1) izlemek; arsivlenmis TP.AB.*07 varyantlari yerine guncel, arsiv-disi seri secildi.",2A1 Brüt Döviz Rezervleri,2A1 Gross Foreign Assets,bie_abstc2,HAFTALIK(CUMA),Bin TL,last,TCMB,raw/TP_AB_N07_2024-01-01_2024-12-31_request.json,dc69693375ebbae95665e6aa10803f61435feb3a52e8ba9ef0475484cfe4dc8b,raw/TP_AB_N07_2024-01-01_2024-12-31_response.json.gz,f87a6daa0769c0150a45117d69d0c1c18d58317e1acb2a91b0465967c725936d,observed,within_series_coverage,False,False
TP.AB.N07,2024-11-22,2024-11-22,2024-11-22,22-11-2024,47,5405278695.0,5405278695.00000000,False,1732222800,gross_fx_reserves,"TCMB haftalik vaziyet tablosundaki brut doviz rezervlerini (2A1) izlemek; arsivlenmis TP.AB.*07 varyantlari yerine guncel, arsiv-disi seri secildi.",2A1 Brüt Döviz Rezervleri,2A1 Gross Foreign Assets,bie_abstc2,HAFTALIK(CUMA),Bin TL,last,TCMB,raw/TP_AB_N07_2024-01-01_2024-12-31_request.json,dc69693375ebbae95665e6aa10803f61435feb3a52e8ba9ef0475484cfe4dc8b,raw/TP_AB_N07_2024-01-01_2024-12-31_response.json.gz,f87a6daa0769c0150a45117d69d0c1c18d58317e1acb2a91b0465967c725936d,observed,within_series_coverage,False,False
TP.AB.N07,2024-11-29,2024-11-29,2024-11-29,29-11-2024,48,5461923025.0,5461923025.00000000,False,1732827600,gross_fx_reserves,"TCMB haftalik vaziyet tablosundaki brut doviz rezervlerini (2A1) izlemek; arsivlenmis TP.AB.*07 varyantlari yerine guncel, arsiv-disi seri secildi.",2A1 Brüt Döviz Rezervleri,2A1 Gross Foreign Assets,bie_abstc2,HAFTALIK(CUMA),Bin TL,last,TCMB,raw/TP_AB_N07_2024-01-01_2024-12-31_request.json,dc69693375ebbae95665e6aa10803f61435feb3a52e8ba9ef0475484cfe4dc8b,raw/TP_AB_N07_2024-01-01_2024-12-31_response.json.gz,f87a6daa0769c0150a45117d69d0c1c18d58317e1acb2a91b0465967c725936d,observed,within_series_coverage,False,False
TP.AB.N07,2024-12-06,2024-12-06,2024-12-06,06-12-2024,49,5535922139.0,5535922139.00000000,False,1733432400,gross_fx_reserves,"TCMB haftalik vaziyet tablosundaki brut doviz rezervlerini (2A1) izlemek; arsivlenmis TP.AB.*07 varyantlari yerine guncel, arsiv-disi seri secildi.",2A1 Brüt Döviz Rezervleri,2A1 Gross Foreign Assets,bie_abstc2,HAFTALIK(CUMA),Bin TL,last,TCMB,raw/TP_AB_N07_2024-01-01_2024-12-31_request.json,dc69693375ebbae95665e6aa10803f61435feb3a52e8ba9ef0475484cfe4dc8b,raw/TP_AB_N07_2024-01-01_2024-12-31_response.json.gz,f87a6daa0769c0150a45117d69d0c1c18d58317e1acb2a91b0465967c725936d,observed,within_series_coverage,False,False
TP.AB.N07,2024-12-13,2024-12-13,2024-12-13,13-12-2024,50,5701230158.0,5701230158.00000000,False,1734037200,gross_fx_reserves,"TCMB haftalik vaziyet tablosundaki brut doviz rezervlerini (2A1) izlemek; arsivlenmis TP.AB.*07 varyantlari yerine guncel, arsiv-disi seri secildi.",2A1 Brüt Döviz Rezervleri,2A1 Gross Foreign Assets,bie_abstc2,HAFTALIK(CUMA),Bin TL,last,TCMB,raw/TP_AB_N07_2024-01-01_2024-12-31_request.json,dc69693375ebbae95665e6aa10803f61435feb3a52e8ba9ef0475484cfe4dc8b,raw/TP_AB_N07_2024-01-01_2024-12-31_response.json.gz,f87a6daa0769c0150a45117d69d0c1c18d58317e1acb2a91b0465967c725936d,observed,within_series_coverage,False,False
TP.AB.N07,2024-12-20,2024-12-20,2024-12-20,20-12-2024,51,5476860011.0,5476860011.00000000,False,1734642000,gross_fx_reserves,"TCMB haftalik vaziyet tablosundaki brut doviz rezervlerini (2A1) izlemek; arsivlenmis TP.AB.*07 varyantlari yerine guncel, arsiv-disi seri secildi.",2A1 Brüt Döviz Rezervleri,2A1 Gross Foreign Assets,bie_abstc2,HAFTALIK(CUMA),Bin TL,last,TCMB,raw/TP_AB_N07_2024-01-01_2024-12-31_request.json,dc69693375ebbae95665e6aa10803f61435feb3a52e8ba9ef0475484cfe4dc8b,raw/TP_AB_N07_2024-01-01_2024-12-31_response.json.gz,f87a6daa0769c0150a45117d69d0c1c18d58317e1acb2a91b0465967c725936d,observed,within_series_coverage,False,False
TP.AB.N07,2024-12-27,2024-12-27,2024-12-27,27-12-2024,52,5467505325.0,5467505325.00000000,False,1735246800,gross_fx_reserves,"TCMB haftalik vaziyet tablosundaki brut doviz rezervlerini (2A1) izlemek; arsivlenmis TP.AB.*07 varyantlari yerine guncel, arsiv-disi seri secildi.",2A1 Brüt Döviz Rezervleri,2A1 Gross Foreign Assets,bie_abstc2,HAFTALIK(CUMA),Bin TL,last,TCMB,raw/TP_AB_N07_2024-01-01_2024-12-31_request.json,dc69693375ebbae95665e6aa10803f61435feb3a52e8ba9ef0475484cfe4dc8b,raw/TP_AB_N07_2024-01-01_2024-12-31_response.json.gz,f87a6daa0769c0150a45117d69d0c1c18d58317e1acb2a91b0465967c725936d,observed,within_series_coverage,False,False
TP.AB.N07,2025-01-03,2025-01-03,2025-01-03,03-01-2025,1,5576442340.0,5576442340.00000000,False,1735851600,gross_fx_reserves,"TCMB haftalik vaziyet tablosundaki brut doviz rezervlerini (2A1) izlemek; arsivlenmis TP.AB.*07 varyantlari yerine guncel, arsiv-disi seri secildi.",2A1 Brüt Döviz Rezervleri,2A1 Gross Foreign Assets,bie_abstc2,HAFTALIK(CUMA),Bin TL,last,TCMB,raw/TP_AB_N07_2025-01-01_2025-12-31_request.json,f4d5d0f978995e934b1b47123fd0ce29ee6254a7f53d282794e883e81611c48c,raw/TP_AB_N07_2025-01-01_2025-12-31_response.json.gz,c52c858890487c877b97d61d0205ee5fabebda78d97f9c15d425345c3b2f2f27,observed,within_series_coverage,False,False
TP.AB.N07,2025-01-10,2025-01-10,2025-01-10,10-01-2025,2,5671698338.0,5671698338.00000000,False,1736456400,gross_fx_reserves,"TCMB haftalik vaziyet tablosundaki brut doviz rezervlerini (2A1) izlemek; arsivlenmis TP.AB.*07 varyantlari yerine guncel, arsiv-disi seri secildi.",2A1 Brüt Döviz Rezervleri,2A1 Gross Foreign Assets,bie_abstc2,HAFTALIK(CUMA),Bin TL,last,TCMB,raw/TP_AB_N07_2025-01-01_2025-12-31_request.json,f4d5d0f978995e934b1b47123fd0ce29ee6254a7f53d282794e883e81611c48c,raw/TP_AB_N07_2025-01-01_2025-12-31_response.json.gz,c52c858890487c877b97d61d0205ee5fabebda78d97f9c15d425345c3b2f2f27,observed,within_series_coverage,False,False
TP.AB.N07,2025-01-17,2025-01-17,2025-01-17,17-01-2025,3,5789843312.0,5789843312.00000000,False,1737061200,gross_fx_reserves,"TCMB haftalik vaziyet tablosundaki brut doviz rezervlerini (2A1) izlemek; arsivlenmis TP.AB.*07 varyantlari yerine guncel, arsiv-disi seri secildi.",2A1 Brüt Döviz Rezervleri,2A1 Gross Foreign Assets,bie_abstc2,HAFTALIK(CUMA),Bin TL,last,TCMB,raw/TP_AB_N07_2025-01-01_2025-12-31_request.json,f4d5d0f978995e934b1b47123fd0ce29ee6254a7f53d282794e883e81611c48c,raw/TP_AB_N07_2025-01-01_2025-12-31_response.json.gz,c52c858890487c877b97d61d0205ee5fabebda78d97f9c15d425345c3b2f2f27,observed,within_series_coverage,False,False
TP.AB.N07,2025-01-24,2025-01-24,2025-01-24,24-01-2025,4,5973122003.0,5973122003.00000000,False,1737666000,gross_fx_reserves,"TCMB haftalik vaziyet tablosundaki brut doviz rezervlerini (2A1) izlemek; arsivlenmis TP.AB.*07 varyantlari yerine guncel, arsiv-disi seri secildi.",2A1 Brüt Döviz Rezervleri,2A1 Gross Foreign Assets,bie_abstc2,HAFTALIK(CUMA),Bin TL,last,TCMB,raw/TP_AB_N07_2025-01-01_2025-12-31_request.json,f4d5d0f978995e934b1b47123fd0ce29ee6254a7f53d282794e883e81611c48c,raw/TP_AB_N07_2025-01-01_2025-12-31_response.json.gz,c52c858890487c877b97d61d0205ee5fabebda78d97f9c15d425345c3b2f2f27,observed,within_series_coverage,False,False
TP.AB.N07,2025-01-31,2025-01-31,2025-01-31,31-01-2025,5,5938256778.0,5938256778.00000000,False,1738270800,gross_fx_reserves,"TCMB haftalik vaziyet tablosundaki brut doviz rezervlerini (2A1) izlemek; arsivlenmis TP.AB.*07 varyantlari yerine guncel, arsiv-disi seri secildi.",2A1 Brüt Döviz Rezervleri,2A1 Gross Foreign Assets,bie_abstc2,HAFTALIK(CUMA),Bin TL,last,TCMB,raw/TP_AB_N07_2025-01-01_2025-12-31_request.json,f4d5d0f978995e934b1b47123fd0ce29ee6254a7f53d282794e883e81611c48c,raw/TP_AB_N07_2025-01-01_2025-12-31_response.json.gz,c52c858890487c877b97d61d0205ee5fabebda78d97f9c15d425345c3b2f2f27,observed,within_series_coverage,False,False
TP.AB.N07,2025-02-07,2025-02-07,2025-02-07,07-02-2025,6,6011567801.0,6011567801.00000000,False,1738875600,gross_fx_reserves,"TCMB haftalik vaziyet tablosundaki brut doviz rezervlerini (2A1) izlemek; arsivlenmis TP.AB.*07 varyantlari yerine guncel, arsiv-disi seri secildi.",2A1 Brüt Döviz Rezervleri,2A1 Gross Foreign Assets,bie_abstc2,HAFTALIK(CUMA),Bin TL,last,TCMB,raw/TP_AB_N07_2025-01-01_2025-12-31_request.json,f4d5d0f978995e934b1b47123fd0ce29ee6254a7f53d282794e883e81611c48c,raw/TP_AB_N07_2025-01-01_2025-12-31_response.json.gz,c52c858890487c877b97d61d0205ee5fabebda78d97f9c15d425345c3b2f2f27,observed,within_series_coverage,False,False
TP.AB.N07,2025-02-14,2025-02-14,2025-02-14,14-02-2025,7,6251338279.0,6251338279.00000000,False,1739480400,gross_fx_reserves,"TCMB haftalik vaziyet tablosundaki brut doviz rezervlerini (2A1) izlemek; arsivlenmis TP.AB.*07 varyantlari yerine guncel, arsiv-disi seri secildi.",2A1 Brüt Döviz Rezervleri,2A1 Gross Foreign Assets,bie_abstc2,HAFTALIK(CUMA),Bin TL,last,TCMB,raw/TP_AB_N07_2025-01-01_2025-12-31_request.json,f4d5d0f978995e934b1b47123fd0ce29ee6254a7f53d282794e883e81611c48c,raw/TP_AB_N07_2025-01-01_2025-12-31_response.json.gz,c52c858890487c877b97d61d0205ee5fabebda78d97f9c15d425345c3b2f2f27,observed,within_series_coverage,False,False
TP.AB.N07,2025-02-21,2025-02-21,2025-02-21,21-02-2025,8,6171957252.0,6171957252.00000000,False,1740085200,gross_fx_reserves,"TCMB haftalik vaziyet tablosundaki brut doviz rezervlerini (2A1) izlemek; arsivlenmis TP.AB.*07 varyantlari yerine guncel, arsiv-disi seri secildi.",2A1 Brüt Döviz Rezervleri,2A1 Gross Foreign Assets,bie_abstc2,HAFTALIK(CUMA),Bin TL,last,TCMB,raw/TP_AB_N07_2025-01-01_2025-12-31_request.json,f4d5d0f978995e934b1b47123fd0ce29ee6254a7f53d282794e883e81611c48c,raw/TP_AB_N07_2025-01-01_2025-12-31_response.json.gz,c52c858890487c877b97d61d0205ee5fabebda78d97f9c15d425345c3b2f2f27,observed,within_series_coverage,False,False
TP.AB.N07,2025-02-28,2025-02-28,2025-02-28,28-02-2025,9,6025282581.0,6025282581.00000000,False,1740690000,gross_fx_reserves,"TCMB haftalik vaziyet tablosundaki brut doviz rezervlerini (2A1) izlemek; arsivlenmis TP.AB.*07 varyantlari yerine guncel, arsiv-disi seri secildi.",2A1 Brüt Döviz Rezervleri,2A1 Gross Foreign Assets,bie_abstc2,HAFTALIK(CUMA),Bin TL,last,TCMB,raw/TP_AB_N07_2025-01-01_2025-12-31_request.json,f4d5d0f978995e934b1b47123fd0ce29ee6254a7f53d282794e883e81611c48c,raw/TP_AB_N07_2025-01-01_2025-12-31_response.json.gz,c52c858890487c877b97d61d0205ee5fabebda78d97f9c15d425345c3b2f2f27,observed,within_series_coverage,False,False
TP.AB.N07,2025-03-07,2025-03-07,2025-03-07,07-03-2025,10,6190704401.0,6190704401.00000000,False,1741294800,gross_fx_reserves,"TCMB haftalik vaziyet tablosundaki brut doviz rezervlerini (2A1) izlemek; arsivlenmis TP.AB.*07 varyantlari yerine guncel, arsiv-disi seri secildi.",2A1 Brüt Döviz Rezervleri,2A1 Gross Foreign Assets,bie_abstc2,HAFTALIK(CUMA),Bin TL,last,TCMB,raw/TP_AB_N07_2025-01-01_2025-12-31_request.json,f4d5d0f978995e934b1b47123fd0ce29ee6254a7f53d282794e883e81611c48c,raw/TP_AB_N07_2025-01-01_2025-12-31_response.json.gz,c52c858890487c877b97d61d0205ee5fabebda78d97f9c15d425345c3b2f2f27,observed,within_series_coverage,False,False
TP.AB.N07,2025-03-14,2025-03-14,2025-03-14,14-03-2025,11,6261481158.0,6261481158.00000000,False,1741899600,gross_fx_reserves,"TCMB haftalik vaziyet tablosundaki brut doviz rezervlerini (2A1) izlemek; arsivlenmis TP.AB.*07 varyantlari yerine guncel, arsiv-disi seri secildi.",2A1 Brüt Döviz Rezervleri,2A1 Gross Foreign Assets,bie_abstc2,HAFTALIK(CUMA),Bin TL,last,TCMB,raw/TP_AB_N07_2025-01-01_2025-12-31_request.json,f4d5d0f978995e934b1b47123fd0ce29ee6254a7f53d282794e883e81611c48c,raw/TP_AB_N07_2025-01-01_2025-12-31_response.json.gz,c52c858890487c877b97d61d0205ee5fabebda78d97f9c15d425345c3b2f2f27,observed,within_series_coverage,False,False
TP.AB.N07,2025-03-21,2025-03-21,2025-03-21,21-03-2025,12,6195385151.0,6195385151.00000000,False,1742504400,gross_fx_reserves,"TCMB haftalik vaziyet tablosundaki brut doviz rezervlerini (2A1) izlemek; arsivlenmis TP.AB.*07 varyantlari yerine guncel, arsiv-disi seri secildi.",2A1 Brüt Döviz Rezervleri,2A1 Gross Foreign Assets,bie_abstc2,HAFTALIK(CUMA),Bin TL,last,TCMB,raw/TP_AB_N07_2025-01-01_2025-12-31_request.json,f4d5d0f978995e934b1b47123fd0ce29ee6254a7f53d282794e883e81611c48c,raw/TP_AB_N07_2025-01-01_2025-12-31_response.json.gz,c52c858890487c877b97d61d0205ee5fabebda78d97f9c15d425345c3b2f2f27,observed,within_series_coverage,False,False
TP.AB.N07,2025-03-28,2025-03-28,2025-03-28,28-03-2025,13,5947832088.0,5947832088.00000000,False,1743109200,gross_fx_reserves,"TCMB haftalik vaziyet tablosundaki brut doviz rezervlerini (2A1) izlemek; arsivlenmis TP.AB.*07 varyantlari yerine guncel, arsiv-disi seri secildi.",2A1 Brüt Döviz Rezervleri,2A1 Gross Foreign Assets,bie_abstc2,HAFTALIK(CUMA),Bin TL,last,TCMB,raw/TP_AB_N07_2025-01-01_2025-12-31_request.json,f4d5d0f978995e934b1b47123fd0ce29ee6254a7f53d282794e883e81611c48c,raw/TP_AB_N07_2025-01-01_2025-12-31_response.json.gz,c52c858890487c877b97d61d0205ee5fabebda78d97f9c15d425345c3b2f2f27,observed,within_series_coverage,False,False
TP.AB.N07,2025-04-04,2025-04-04,2025-04-04,04-04-2025,14,5851944224.0,5851944224.00000000,False,1743714000,gross_fx_reserves,"TCMB haftalik vaziyet tablosundaki brut doviz rezervlerini (2A1) izlemek; arsivlenmis TP.AB.*07 varyantlari yerine guncel, arsiv-disi seri secildi.",2A1 Brüt Döviz Rezervleri,2A1 Gross Foreign Assets,bie_abstc2,HAFTALIK(CUMA),Bin TL,last,TCMB,raw/TP_AB_N07_2025-01-01_2025-12-31_request.json,f4d5d0f978995e934b1b47123fd0ce29ee6254a7f53d282794e883e81611c48c,raw/TP_AB_N07_2025-01-01_2025-12-31_response.json.gz,c52c858890487c877b97d61d0205ee5fabebda78d97f9c15d425345c3b2f2f27,observed,within_series_coverage,False,False
TP.AB.N07,2025-04-11,2025-04-11,2025-04-11,11-04-2025,15,5596102959.0,5596102959.00000000,False,1744318800,gross_fx_reserves,"TCMB haftalik vaziyet tablosundaki brut doviz rezervlerini (2A1) izlemek; arsivlenmis TP.AB.*07 varyantlari yerine guncel, arsiv-disi seri secildi.",2A1 Brüt Döviz Rezervleri,2A1 Gross Foreign Assets,bie_abstc2,HAFTALIK(CUMA),Bin TL,last,TCMB,raw/TP_AB_N07_2025-01-01_2025-12-31_request.json,f4d5d0f978995e934b1b47123fd0ce29ee6254a7f53d282794e883e81611c48c,raw/TP_AB_N07_2025-01-01_2025-12-31_response.json.gz,c52c858890487c877b97d61d0205ee5fabebda78d97f9c15d425345c3b2f2f27,observed,within_series_coverage,False,False
TP.AB.N07,2025-04-18,2025-04-18,2025-04-18,18-04-2025,16,5590096220.0,5590096220.00000000,False,1744923600,gross_fx_reserves,"TCMB haftalik vaziyet tablosundaki brut doviz rezervlerini (2A1) izlemek; arsivlenmis TP.AB.*07 varyantlari yerine guncel, arsiv-disi seri secildi.",2A1 Brüt Döviz Rezervleri,2A1 Gross Foreign Assets,bie_abstc2,HAFTALIK(CUMA),Bin TL,last,TCMB,raw/TP_AB_N07_2025-01-01_2025-12-31_request.json,f4d5d0f978995e934b1b47123fd0ce29ee6254a7f53d282794e883e81611c48c,raw/TP_AB_N07_2025-01-01_2025-12-31_response.json.gz,c52c858890487c877b97d61d0205ee5fabebda78d97f9c15d425345c3b2f2f27,observed,within_series_coverage,False,False
TP.AB.N07,2025-04-25,2025-04-25,2025-04-25,25-04-2025,17,5404125065.0,5404125065.00000000,False,1745528400,gross_fx_reserves,"TCMB haftalik vaziyet tablosundaki brut doviz rezervlerini (2A1) izlemek; arsivlenmis TP.AB.*07 varyantlari yerine guncel, arsiv-disi seri secildi.",2A1 Brüt Döviz Rezervleri,2A1 Gross Foreign Assets,bie_abstc2,HAFTALIK(CUMA),Bin TL,last,TCMB,raw/TP_AB_N07_2025-01-01_2025-12-31_request.json,f4d5d0f978995e934b1b47123fd0ce29ee6254a7f53d282794e883e81611c48c,raw/TP_AB_N07_2025-01-01_2025-12-31_response.json.gz,c52c858890487c877b97d61d0205ee5fabebda78d97f9c15d425345c3b2f2f27,observed,within_series_coverage,False,False
TP.AB.N07,2025-05-02,2025-05-02,2025-05-02,02-05-2025,18,5327088769.0,5327088769.00000000,False,1746133200,gross_fx_reserves,"TCMB haftalik vaziyet tablosundaki brut doviz rezervlerini (2A1) izlemek; arsivlenmis TP.AB.*07 varyantlari yerine guncel, arsiv-disi seri secildi.",2A1 Brüt Döviz Rezervleri,2A1 Gross Foreign Assets,bie_abstc2,HAFTALIK(CUMA),Bin TL,last,TCMB,raw/TP_AB_N07_2025-01-01_2025-12-31_request.json,f4d5d0f978995e934b1b47123fd0ce29ee6254a7f53d282794e883e81611c48c,raw/TP_AB_N07_2025-01-01_2025-12-31_response.json.gz,c52c858890487c877b97d61d0205ee5fabebda78d97f9c15d425345c3b2f2f27,observed,within_series_coverage,False,False
TP.AB.N07,2025-05-09,2025-05-09,2025-05-09,09-05-2025,19,5576952720.0,5576952720.00000000,False,1746738000,gross_fx_reserves,"TCMB haftalik vaziyet tablosundaki brut doviz rezervlerini (2A1) izlemek; arsivlenmis TP.AB.*07 varyantlari yerine guncel, arsiv-disi seri secildi.",2A1 Brüt Döviz Rezervleri,2A1 Gross Foreign Assets,bie_abstc2,HAFTALIK(CUMA),Bin TL,last,TCMB,raw/TP_AB_N07_2025-01-01_2025-12-31_request.json,f4d5d0f978995e934b1b47123fd0ce29ee6254a7f53d282794e883e81611c48c,raw/TP_AB_N07_2025-01-01_2025-12-31_response.json.gz,c52c858890487c877b97d61d0205ee5fabebda78d97f9c15d425345c3b2f2f27,observed,within_series_coverage,False,False
TP.AB.N07,2025-05-16,2025-05-16,2025-05-16,16-05-2025,20,5639184174.0,5639184174.00000000,False,1747342800,gross_fx_reserves,"TCMB haftalik vaziyet tablosundaki brut doviz rezervlerini (2A1) izlemek; arsivlenmis TP.AB.*07 varyantlari yerine guncel, arsiv-disi seri secildi.",2A1 Brüt Döviz Rezervleri,2A1 Gross Foreign Assets,bie_abstc2,HAFTALIK(CUMA),Bin TL,last,TCMB,raw/TP_AB_N07_2025-01-01_2025-12-31_request.json,f4d5d0f978995e934b1b47123fd0ce29ee6254a7f53d282794e883e81611c48c,raw/TP_AB_N07_2025-01-01_2025-12-31_response.json.gz,c52c858890487c877b97d61d0205ee5fabebda78d97f9c15d425345c3b2f2f27,observed,within_series_coverage,False,False
TP.AB.N07,2025-05-23,2025-05-23,2025-05-23,23-05-2025,21,5952582434.0,5952582434.00000000,False,1747947600,gross_fx_reserves,"TCMB haftalik vaziyet tablosundaki brut doviz rezervlerini (2A1) izlemek; arsivlenmis TP.AB.*07 varyantlari yerine guncel, arsiv-disi seri secildi.",2A1 Brüt Döviz Rezervleri,2A1 Gross Foreign Assets,bie_abstc2,HAFTALIK(CUMA),Bin TL,last,TCMB,raw/TP_AB_N07_2025-01-01_2025-12-31_request.json,f4d5d0f978995e934b1b47123fd0ce29ee6254a7f53d282794e883e81611c48c,raw/TP_AB_N07_2025-01-01_2025-12-31_response.json.gz,c52c858890487c877b97d61d0205ee5fabebda78d97f9c15d425345c3b2f2f27,observed,within_series_coverage,False,False
TP.AB.N07,2025-05-30,2025-05-30,2025-05-30,30-05-2025,22,5989820460.0,5989820460.00000000,False,1748552400,gross_fx_reserves,"TCMB haftalik vaziyet tablosundaki brut doviz rezervlerini (2A1) izlemek; arsivlenmis TP.AB.*07 varyantlari yerine guncel, arsiv-disi seri secildi.",2A1 Brüt Döviz Rezervleri,2A1 Gross Foreign Assets,bie_abstc2,HAFTALIK(CUMA),Bin TL,last,TCMB,raw/TP_AB_N07_2025-01-01_2025-12-31_request.json,f4d5d0f978995e934b1b47123fd0ce29ee6254a7f53d282794e883e81611c48c,raw/TP_AB_N07_2025-01-01_2025-12-31_response.json.gz,c52c858890487c877b97d61d0205ee5fabebda78d97f9c15d425345c3b2f2f27,observed,within_series_coverage,False,False
TP.AB.N07,2025-06-06,2025-06-06,2025-06-06,06-06-2025,23,6100750454.0,6100750454.00000000,False,1749157200,gross_fx_reserves,"TCMB haftalik vaziyet tablosundaki brut doviz rezervlerini (2A1) izlemek; arsivlenmis TP.AB.*07 varyantlari yerine guncel, arsiv-disi seri secildi.",2A1 Brüt Döviz Rezervleri,2A1 Gross Foreign Assets,bie_abstc2,HAFTALIK(CUMA),Bin TL,last,TCMB,raw/TP_AB_N07_2025-01-01_2025-12-31_request.json,f4d5d0f978995e934b1b47123fd0ce29ee6254a7f53d282794e883e81611c48c,raw/TP_AB_N07_2025-01-01_2025-12-31_response.json.gz,c52c858890487c877b97d61d0205ee5fabebda78d97f9c15d425345c3b2f2f27,observed,within_series_coverage,False,False
TP.AB.N07,2025-06-13,2025-06-13,2025-06-13,13-06-2025,24,6259379038.0,6259379038.00000000,False,1749762000,gross_fx_reserves,"TCMB haftalik vaziyet tablosundaki brut doviz rezervlerini (2A1) izlemek; arsivlenmis TP.AB.*07 varyantlari yerine guncel, arsiv-disi seri secildi.",2A1 Brüt Döviz Rezervleri,2A1 Gross Foreign Assets,bie_abstc2,HAFTALIK(CUMA),Bin TL,last,TCMB,raw/TP_AB_N07_2025-01-01_2025-12-31_request.json,f4d5d0f978995e934b1b47123fd0ce29ee6254a7f53d282794e883e81611c48c,raw/TP_AB_N07_2025-01-01_2025-12-31_response.json.gz,c52c858890487c877b97d61d0205ee5fabebda78d97f9c15d425345c3b2f2f27,observed,within_series_coverage,False,False
TP.AB.N07,2025-06-20,2025-06-20,2025-06-20,20-06-2025,25,6159488605.0,6159488605.00000000,False,1750366800,gross_fx_reserves,"TCMB haftalik vaziyet tablosundaki brut doviz rezervlerini (2A1) izlemek; arsivlenmis TP.AB.*07 varyantlari yerine guncel, arsiv-disi seri secildi.",2A1 Brüt Döviz Rezervleri,2A1 Gross Foreign Assets,bie_abstc2,HAFTALIK(CUMA),Bin TL,last,TCMB,raw/TP_AB_N07_2025-01-01_2025-12-31_request.json,f4d5d0f978995e934b1b47123fd0ce29ee6254a7f53d282794e883e81611c48c,raw/TP_AB_N07_2025-01-01_2025-12-31_response.json.gz,c52c858890487c877b97d61d0205ee5fabebda78d97f9c15d425345c3b2f2f27,observed,within_series_coverage,False,False
TP.AB.N07,2025-06-27,2025-06-27,2025-06-27,27-06-2025,26,6142297224.0,6142297224.00000000,False,1750971600,gross_fx_reserves,"TCMB haftalik vaziyet tablosundaki brut doviz rezervlerini (2A1) izlemek; arsivlenmis TP.AB.*07 varyantlari yerine guncel, arsiv-disi seri secildi.",2A1 Brüt Döviz Rezervleri,2A1 Gross Foreign Assets,bie_abstc2,HAFTALIK(CUMA),Bin TL,last,TCMB,raw/TP_AB_N07_2025-01-01_2025-12-31_request.json,f4d5d0f978995e934b1b47123fd0ce29ee6254a7f53d282794e883e81611c48c,raw/TP_AB_N07_2025-01-01_2025-12-31_response.json.gz,c52c858890487c877b97d61d0205ee5fabebda78d97f9c15d425345c3b2f2f27,observed,within_series_coverage,False,False
TP.AB.N07,2025-07-04,2025-07-04,2025-07-04,04-07-2025,27,6535272173.0,6535272173.00000000,False,1751576400,gross_fx_reserves,"TCMB haftalik vaziyet tablosundaki brut doviz rezervlerini (2A1) izlemek; arsivlenmis TP.AB.*07 varyantlari yerine guncel, arsiv-disi seri secildi.",2A1 Brüt Döviz Rezervleri,2A1 Gross Foreign Assets,bie_abstc2,HAFTALIK(CUMA),Bin TL,last,TCMB,raw/TP_AB_N07_2025-01-01_2025-12-31_request.json,f4d5d0f978995e934b1b47123fd0ce29ee6254a7f53d282794e883e81611c48c,raw/TP_AB_N07_2025-01-01_2025-12-31_response.json.gz,c52c858890487c877b97d61d0205ee5fabebda78d97f9c15d425345c3b2f2f27,observed,within_series_coverage,False,False
TP.AB.N07,2025-07-11,2025-07-11,2025-07-11,11-07-2025,28,6658584670.0,6658584670.00000000,False,1752181200,gross_fx_reserves,"TCMB haftalik vaziyet tablosundaki brut doviz rezervlerini (2A1) izlemek; arsivlenmis TP.AB.*07 varyantlari yerine guncel, arsiv-disi seri secildi.",2A1 Brüt Döviz Rezervleri,2A1 Gross Foreign Assets,bie_abstc2,HAFTALIK(CUMA),Bin TL,last,TCMB,raw/TP_AB_N07_2025-01-01_2025-12-31_request.json,f4d5d0f978995e934b1b47123fd0ce29ee6254a7f53d282794e883e81611c48c,raw/TP_AB_N07_2025-01-01_2025-12-31_response.json.gz,c52c858890487c877b97d61d0205ee5fabebda78d97f9c15d425345c3b2f2f27,observed,within_series_coverage,False,False
TP.AB.N07,2025-07-18,2025-07-18,2025-07-18,18-07-2025,29,6789450445.0,6789450445.00000000,False,1752786000,gross_fx_reserves,"TCMB haftalik vaziyet tablosundaki brut doviz rezervlerini (2A1) izlemek; arsivlenmis TP.AB.*07 varyantlari yerine guncel, arsiv-disi seri secildi.",2A1 Brüt Döviz Rezervleri,2A1 Gross Foreign Assets,bie_abstc2,HAFTALIK(CUMA),Bin TL,last,TCMB,raw/TP_AB_N07_2025-01-01_2025-12-31_request.json,f4d5d0f978995e934b1b47123fd0ce29ee6254a7f53d282794e883e81611c48c,raw/TP_AB_N07_2025-01-01_2025-12-31_response.json.gz,c52c858890487c877b97d61d0205ee5fabebda78d97f9c15d425345c3b2f2f27,observed,within_series_coverage,False,False
TP.AB.N07,2025-07-25,2025-07-25,2025-07-25,25-07-2025,30,6954224932.0,6954224932.00000000,False,1753390800,gross_fx_reserves,"TCMB haftalik vaziyet tablosundaki brut doviz rezervlerini (2A1) izlemek; arsivlenmis TP.AB.*07 varyantlari yerine guncel, arsiv-disi seri secildi.",2A1 Brüt Döviz Rezervleri,2A1 Gross Foreign Assets,bie_abstc2,HAFTALIK(CUMA),Bin TL,last,TCMB,raw/TP_AB_N07_2025-01-01_2025-12-31_request.json,f4d5d0f978995e934b1b47123fd0ce29ee6254a7f53d282794e883e81611c48c,raw/TP_AB_N07_2025-01-01_2025-12-31_response.json.gz,c52c858890487c877b97d61d0205ee5fabebda78d97f9c15d425345c3b2f2f27,observed,within_series_coverage,False,False
TP.AB.N07,2025-08-01,2025-08-01,2025-08-01,01-08-2025,31,6858835057.0,6858835057.00000000,False,1753995600,gross_fx_reserves,"TCMB haftalik vaziyet tablosundaki brut doviz rezervlerini (2A1) izlemek; arsivlenmis TP.AB.*07 varyantlari yerine guncel, arsiv-disi seri secildi.",2A1 Brüt Döviz Rezervleri,2A1 Gross Foreign Assets,bie_abstc2,HAFTALIK(CUMA),Bin TL,last,TCMB,raw/TP_AB_N07_2025-01-01_2025-12-31_request.json,f4d5d0f978995e934b1b47123fd0ce29ee6254a7f53d282794e883e81611c48c,raw/TP_AB_N07_2025-01-01_2025-12-31_response.json.gz,c52c858890487c877b97d61d0205ee5fabebda78d97f9c15d425345c3b2f2f27,observed,within_series_coverage,False,False
TP.AB.N07,2025-08-08,2025-08-08,2025-08-08,08-08-2025,32,7088975896.0,7088975896.00000000,False,1754600400,gross_fx_reserves,"TCMB haftalik vaziyet tablosundaki brut doviz rezervlerini (2A1) izlemek; arsivlenmis TP.AB.*07 varyantlari yerine guncel, arsiv-disi seri secildi.",2A1 Brüt Döviz Rezervleri,2A1 Gross Foreign Assets,bie_abstc2,HAFTALIK(CUMA),Bin TL,last,TCMB,raw/TP_AB_N07_2025-01-01_2025-12-31_request.json,f4d5d0f978995e934b1b47123fd0ce29ee6254a7f53d282794e883e81611c48c,raw/TP_AB_N07_2025-01-01_2025-12-31_response.json.gz,c52c858890487c877b97d61d0205ee5fabebda78d97f9c15d425345c3b2f2f27,observed,within_series_coverage,False,False
TP.AB.N07,2025-08-15,2025-08-15,2025-08-15,15-08-2025,33,7198554784.0,7198554784.00000000,False,1755205200,gross_fx_reserves,"TCMB haftalik vaziyet tablosundaki brut doviz rezervlerini (2A1) izlemek; arsivlenmis TP.AB.*07 varyantlari yerine guncel, arsiv-disi seri secildi.",2A1 Brüt Döviz Rezervleri,2A1 Gross Foreign Assets,bie_abstc2,HAFTALIK(CUMA),Bin TL,last,TCMB,raw/TP_AB_N07_2025-01-01_2025-12-31_request.json,f4d5d0f978995e934b1b47123fd0ce29ee6254a7f53d282794e883e81611c48c,raw/TP_AB_N07_2025-01-01_2025-12-31_response.json.gz,c52c858890487c877b97d61d0205ee5fabebda78d97f9c15d425345c3b2f2f27,observed,within_series_coverage,False,False
TP.AB.N07,2025-08-22,2025-08-22,2025-08-22,22-08-2025,34,7217339172.0,7217339172.00000000,False,1755810000,gross_fx_reserves,"TCMB haftalik vaziyet tablosundaki brut doviz rezervlerini (2A1) izlemek; arsivlenmis TP.AB.*07 varyantlari yerine guncel, arsiv-disi seri secildi.",2A1 Brüt Döviz Rezervleri,2A1 Gross Foreign Assets,bie_abstc2,HAFTALIK(CUMA),Bin TL,last,TCMB,raw/TP_AB_N07_2025-01-01_2025-12-31_request.json,f4d5d0f978995e934b1b47123fd0ce29ee6254a7f53d282794e883e81611c48c,raw/TP_AB_N07_2025-01-01_2025-12-31_response.json.gz,c52c858890487c877b97d61d0205ee5fabebda78d97f9c15d425345c3b2f2f27,observed,within_series_coverage,False,False
TP.AB.N07,2025-08-29,2025-08-29,2025-08-29,29-08-2025,35,7321088195.0,7321088195.00000000,False,1756414800,gross_fx_reserves,"TCMB haftalik vaziyet tablosundaki brut doviz rezervlerini (2A1) izlemek; arsivlenmis TP.AB.*07 varyantlari yerine guncel, arsiv-disi seri secildi.",2A1 Brüt Döviz Rezervleri,2A1 Gross Foreign Assets,bie_abstc2,HAFTALIK(CUMA),Bin TL,last,TCMB,raw/TP_AB_N07_2025-01-01_2025-12-31_request.json,f4d5d0f978995e934b1b47123fd0ce29ee6254a7f53d282794e883e81611c48c,raw/TP_AB_N07_2025-01-01_2025-12-31_response.json.gz,c52c858890487c877b97d61d0205ee5fabebda78d97f9c15d425345c3b2f2f27,observed,within_series_coverage,False,False
TP.AB.N07,2025-09-05,2025-09-05,2025-09-05,05-09-2025,36,7414494317.0,7414494317.00000000,False,1757019600,gross_fx_reserves,"TCMB haftalik vaziyet tablosundaki brut doviz rezervlerini (2A1) izlemek; arsivlenmis TP.AB.*07 varyantlari yerine guncel, arsiv-disi seri secildi.",2A1 Brüt Döviz Rezervleri,2A1 Gross Foreign Assets,bie_abstc2,HAFTALIK(CUMA),Bin TL,last,TCMB,raw/TP_AB_N07_2025-01-01_2025-12-31_request.json,f4d5d0f978995e934b1b47123fd0ce29ee6254a7f53d282794e883e81611c48c,raw/TP_AB_N07_2025-01-01_2025-12-31_response.json.gz,c52c858890487c877b97d61d0205ee5fabebda78d97f9c15d425345c3b2f2f27,observed,within_series_coverage,False,False
TP.AB.N07,2025-09-12,2025-09-12,2025-09-12,12-09-2025,37,7344041842.0,7344041842.00000000,False,1757624400,gross_fx_reserves,"TCMB haftalik vaziyet tablosundaki brut doviz rezervlerini (2A1) izlemek; arsivlenmis TP.AB.*07 varyantlari yerine guncel, arsiv-disi seri secildi.",2A1 Brüt Döviz Rezervleri,2A1 Gross Foreign Assets,bie_abstc2,HAFTALIK(CUMA),Bin TL,last,TCMB,raw/TP_AB_N07_2025-01-01_2025-12-31_request.json,f4d5d0f978995e934b1b47123fd0ce29ee6254a7f53d282794e883e81611c48c,raw/TP_AB_N07_2025-01-01_2025-12-31_response.json.gz,c52c858890487c877b97d61d0205ee5fabebda78d97f9c15d425345c3b2f2f27,observed,within_series_coverage,False,False
TP.AB.N07,2025-09-19,2025-09-19,2025-09-19,19-09-2025,38,7390291327.0,7390291327.00000000,False,1758229200,gross_fx_reserves,"TCMB haftalik vaziyet tablosundaki brut doviz rezervlerini (2A1) izlemek; arsivlenmis TP.AB.*07 varyantlari yerine guncel, arsiv-disi seri secildi.",2A1 Brüt Döviz Rezervleri,2A1 Gross Foreign Assets,bie_abstc2,HAFTALIK(CUMA),Bin TL,last,TCMB,raw/TP_AB_N07_2025-01-01_2025-12-31_request.json,f4d5d0f978995e934b1b47123fd0ce29ee6254a7f53d282794e883e81611c48c,raw/TP_AB_N07_2025-01-01_2025-12-31_response.json.gz,c52c858890487c877b97d61d0205ee5fabebda78d97f9c15d425345c3b2f2f27,observed,within_series_coverage,False,False
TP.AB.N07,2025-09-26,2025-09-26,2025-09-26,26-09-2025,39,7587964218.0,7587964218.00000000,False,1758834000,gross_fx_reserves,"TCMB haftalik vaziyet tablosundaki brut doviz rezervlerini (2A1) izlemek; arsivlenmis TP.AB.*07 varyantlari yerine guncel, arsiv-disi seri secildi.",2A1 Brüt Döviz Rezervleri,2A1 Gross Foreign Assets,bie_abstc2,HAFTALIK(CUMA),Bin TL,last,TCMB,raw/TP_AB_N07_2025-01-01_2025-12-31_request.json,f4d5d0f978995e934b1b47123fd0ce29ee6254a7f53d282794e883e81611c48c,raw/TP_AB_N07_2025-01-01_2025-12-31_response.json.gz,c52c858890487c877b97d61d0205ee5fabebda78d97f9c15d425345c3b2f2f27,observed,within_series_coverage,False,False
TP.AB.N07,2025-10-03,2025-10-03,2025-10-03,03-10-2025,40,7748378736.0,7748378736.00000000,False,1759438800,gross_fx_reserves,"TCMB haftalik vaziyet tablosundaki brut doviz rezervlerini (2A1) izlemek; arsivlenmis TP.AB.*07 varyantlari yerine guncel, arsiv-disi seri secildi.",2A1 Brüt Döviz Rezervleri,2A1 Gross Foreign Assets,bie_abstc2,HAFTALIK(CUMA),Bin TL,last,TCMB,raw/TP_AB_N07_2025-01-01_2025-12-31_request.json,f4d5d0f978995e934b1b47123fd0ce29ee6254a7f53d282794e883e81611c48c,raw/TP_AB_N07_2025-01-01_2025-12-31_response.json.gz,c52c858890487c877b97d61d0205ee5fabebda78d97f9c15d425345c3b2f2f27,observed,within_series_coverage,False,False
TP.AB.N07,2025-10-10,2025-10-10,2025-10-10,10-10-2025,41,7916638575.0,7916638575.00000000,False,1760043600,gross_fx_reserves,"TCMB haftalik vaziyet tablosundaki brut doviz rezervlerini (2A1) izlemek; arsivlenmis TP.AB.*07 varyantlari yerine guncel, arsiv-disi seri secildi.",2A1 Brüt Döviz Rezervleri,2A1 Gross Foreign Assets,bie_abstc2,HAFTALIK(CUMA),Bin TL,last,TCMB,raw/TP_AB_N07_2025-01-01_2025-12-31_request.json,f4d5d0f978995e934b1b47123fd0ce29ee6254a7f53d282794e883e81611c48c,raw/TP_AB_N07_2025-01-01_2025-12-31_response.json.gz,c52c858890487c877b97d61d0205ee5fabebda78d97f9c15d425345c3b2f2f27,observed,within_series_coverage,False,False
TP.AB.N07,2025-10-17,2025-10-17,2025-10-17,17-10-2025,42,8306723316.0,8306723316.00000000,False,1760648400,gross_fx_reserves,"TCMB haftalik vaziyet tablosundaki brut doviz rezervlerini (2A1) izlemek; arsivlenmis TP.AB.*07 varyantlari yerine guncel, arsiv-disi seri secildi.",2A1 Brüt Döviz Rezervleri,2A1 Gross Foreign Assets,bie_abstc2,HAFTALIK(CUMA),Bin TL,last,TCMB,raw/TP_AB_N07_2025-01-01_2025-12-31_request.json,f4d5d0f978995e934b1b47123fd0ce29ee6254a7f53d282794e883e81611c48c,raw/TP_AB_N07_2025-01-01_2025-12-31_response.json.gz,c52c858890487c877b97d61d0205ee5fabebda78d97f9c15d425345c3b2f2f27,observed,within_series_coverage,False,False
TP.AB.N07,2025-10-24,2025-10-24,2025-10-24,24-10-2025,43,7789558646.0,7789558646.00000000,False,1761253200,gross_fx_reserves,"TCMB haftalik vaziyet tablosundaki brut doviz rezervlerini (2A1) izlemek; arsivlenmis TP.AB.*07 varyantlari yerine guncel, arsiv-disi seri secildi.",2A1 Brüt Döviz Rezervleri,2A1 Gross Foreign Assets,bie_abstc2,HAFTALIK(CUMA),Bin TL,last,TCMB,raw/TP_AB_N07_2025-01-01_2025-12-31_request.json,f4d5d0f978995e934b1b47123fd0ce29ee6254a7f53d282794e883e81611c48c,raw/TP_AB_N07_2025-01-01_2025-12-31_response.json.gz,c52c858890487c877b97d61d0205ee5fabebda78d97f9c15d425345c3b2f2f27,observed,within_series_coverage,False,False
TP.AB.N07,2025-10-31,2025-10-31,2025-10-31,31-10-2025,44,7708616287.0,7708616287.00000000,False,1761858000,gross_fx_reserves,"TCMB haftalik vaziyet tablosundaki brut doviz rezervlerini (2A1) izlemek; arsivlenmis TP.AB.*07 varyantlari yerine guncel, arsiv-disi seri secildi.",2A1 Brüt Döviz Rezervleri,2A1 Gross Foreign Assets,bie_abstc2,HAFTALIK(CUMA),Bin TL,last,TCMB,raw/TP_AB_N07_2025-01-01_2025-12-31_request.json,f4d5d0f978995e934b1b47123fd0ce29ee6254a7f53d282794e883e81611c48c,raw/TP_AB_N07_2025-01-01_2025-12-31_response.json.gz,c52c858890487c877b97d61d0205ee5fabebda78d97f9c15d425345c3b2f2f27,observed,within_series_coverage,False,False
TP.AB.N07,2025-11-07,2025-11-07,2025-11-07,07-11-2025,45,7795743580.0,7795743580.00000000,False,1762462800,gross_fx_reserves,"TCMB haftalik vaziyet tablosundaki brut doviz rezervlerini (2A1) izlemek; arsivlenmis TP.AB.*07 varyantlari yerine guncel, arsiv-disi seri secildi.",2A1 Brüt Döviz Rezervleri,2A1 Gross Foreign Assets,bie_abstc2,HAFTALIK(CUMA),Bin TL,last,TCMB,raw/TP_AB_N07_2025-01-01_2025-12-31_request.json,f4d5d0f978995e934b1b47123fd0ce29ee6254a7f53d282794e883e81611c48c,raw/TP_AB_N07_2025-01-01_2025-12-31_response.json.gz,c52c858890487c877b97d61d0205ee5fabebda78d97f9c15d425345c3b2f2f27,observed,within_series_coverage,False,False
TP.AB.N07,2025-11-14,2025-11-14,2025-11-14,14-11-2025,46,7921025727.0,7921025727.00000000,False,1763067600,gross_fx_reserves,"TCMB haftalik vaziyet tablosundaki brut doviz rezervlerini (2A1) izlemek; arsivlenmis TP.AB.*07 varyantlari yerine guncel, arsiv-disi seri secildi.",2A1 Brüt Döviz Rezervleri,2A1 Gross Foreign Assets,bie_abstc2,HAFTALIK(CUMA),Bin TL,last,TCMB,raw/TP_AB_N07_2025-01-01_2025-12-31_request.json,f4d5d0f978995e934b1b47123fd0ce29ee6254a7f53d282794e883e81611c48c,raw/TP_AB_N07_2025-01-01_2025-12-31_response.json.gz,c52c858890487c877b97d61d0205ee5fabebda78d97f9c15d425345c3b2f2f27,observed,within_series_coverage,False,False
TP.AB.N07,2025-11-21,2025-11-21,2025-11-21,21-11-2025,47,7654664456.0,7654664456.00000000,False,1763672400,gross_fx_reserves,"TCMB haftalik vaziyet tablosundaki brut doviz rezervlerini (2A1) izlemek; arsivlenmis TP.AB.*07 varyantlari yerine guncel, arsiv-disi seri secildi.",2A1 Brüt Döviz Rezervleri,2A1 Gross Foreign Assets,bie_abstc2,HAFTALIK(CUMA),Bin TL,last,TCMB,raw/TP_AB_N07_2025-01-01_2025-12-31_request.json,f4d5d0f978995e934b1b47123fd0ce29ee6254a7f53d282794e883e81611c48c,raw/TP_AB_N07_2025-01-01_2025-12-31_response.json.gz,c52c858890487c877b97d61d0205ee5fabebda78d97f9c15d425345c3b2f2f27,observed,within_series_coverage,False,False
TP.AB.N07,2025-11-28,2025-11-28,2025-11-28,28-11-2025,48,7779182679.0,7779182679.00000000,False,1764277200,gross_fx_reserves,"TCMB haftalik vaziyet tablosundaki brut doviz rezervlerini (2A1) izlemek; arsivlenmis TP.AB.*07 varyantlari yerine guncel, arsiv-disi seri secildi.",2A1 Brüt Döviz Rezervleri,2A1 Gross Foreign Assets,bie_abstc2,HAFTALIK(CUMA),Bin TL,last,TCMB,raw/TP_AB_N07_2025-01-01_2025-12-31_request.json,f4d5d0f978995e934b1b47123fd0ce29ee6254a7f53d282794e883e81611c48c,raw/TP_AB_N07_2025-01-01_2025-12-31_response.json.gz,c52c858890487c877b97d61d0205ee5fabebda78d97f9c15d425345c3b2f2f27,observed,within_series_coverage,False,False
TP.AB.N07,2025-12-05,2025-12-05,2025-12-05,05-12-2025,49,7917600748.0,7917600748.00000000,False,1764882000,gross_fx_reserves,"TCMB haftalik vaziyet tablosundaki brut doviz rezervlerini (2A1) izlemek; arsivlenmis TP.AB.*07 varyantlari yerine guncel, arsiv-disi seri secildi.",2A1 Brüt Döviz Rezervleri,2A1 Gross Foreign Assets,bie_abstc2,HAFTALIK(CUMA),Bin TL,last,TCMB,raw/TP_AB_N07_2025-01-01_2025-12-31_request.json,f4d5d0f978995e934b1b47123fd0ce29ee6254a7f53d282794e883e81611c48c,raw/TP_AB_N07_2025-01-01_2025-12-31_response.json.gz,c52c858890487c877b97d61d0205ee5fabebda78d97f9c15d425345c3b2f2f27,observed,within_series_coverage,False,False
TP.AB.N07,2025-12-12,2025-12-12,2025-12-12,12-12-2025,50,8133074606.0,8133074606.00000000,False,1765486800,gross_fx_reserves,"TCMB haftalik vaziyet tablosundaki brut doviz rezervlerini (2A1) izlemek; arsivlenmis TP.AB.*07 varyantlari yerine guncel, arsiv-disi seri secildi.",2A1 Brüt Döviz Rezervleri,2A1 Gross Foreign Assets,bie_abstc2,HAFTALIK(CUMA),Bin TL,last,TCMB,raw/TP_AB_N07_2025-01-01_2025-12-31_request.json,f4d5d0f978995e934b1b47123fd0ce29ee6254a7f53d282794e883e81611c48c,raw/TP_AB_N07_2025-01-01_2025-12-31_response.json.gz,c52c858890487c877b97d61d0205ee5fabebda78d97f9c15d425345c3b2f2f27,observed,within_series_coverage,False,False
TP.AB.N07,2025-12-19,2025-12-19,2025-12-19,19-12-2025,51,8221181336.0,8221181336.00000000,False,1766091600,gross_fx_reserves,"TCMB haftalik vaziyet tablosundaki brut doviz rezervlerini (2A1) izlemek; arsivlenmis TP.AB.*07 varyantlari yerine guncel, arsiv-disi seri secildi.",2A1 Brüt Döviz Rezervleri,2A1 Gross Foreign Assets,bie_abstc2,HAFTALIK(CUMA),Bin TL,last,TCMB,raw/TP_AB_N07_2025-01-01_2025-12-31_request.json,f4d5d0f978995e934b1b47123fd0ce29ee6254a7f53d282794e883e81611c48c,raw/TP_AB_N07_2025-01-01_2025-12-31_response.json.gz,c52c858890487c877b97d61d0205ee5fabebda78d97f9c15d425345c3b2f2f27,observed,within_series_coverage,False,False
TP.AB.N07,2025-12-26,2025-12-26,2025-12-26,26-12-2025,52,8308838311.0,8308838311.00000000,False,1766696400,gross_fx_reserves,"TCMB haftalik vaziyet tablosundaki brut doviz rezervlerini (2A1) izlemek; arsivlenmis TP.AB.*07 varyantlari yerine guncel, arsiv-disi seri secildi.",2A1 Brüt Döviz Rezervleri,2A1 Gross Foreign Assets,bie_abstc2,HAFTALIK(CUMA),Bin TL,last,TCMB,raw/TP_AB_N07_2025-01-01_2025-12-31_request.json,f4d5d0f978995e934b1b47123fd0ce29ee6254a7f53d282794e883e81611c48c,raw/TP_AB_N07_2025-01-01_2025-12-31_response.json.gz,c52c858890487c877b97d61d0205ee5fabebda78d97f9c15d425345c3b2f2f27,observed,within_series_coverage,False,False
TP.AB.N07,2026-01-02,2026-01-02,2026-01-02,02-01-2026,1,8119424921.0,8119424921.00000000,False,1767301200,gross_fx_reserves,"TCMB haftalik vaziyet tablosundaki brut doviz rezervlerini (2A1) izlemek; arsivlenmis TP.AB.*07 varyantlari yerine guncel, arsiv-disi seri secildi.",2A1 Brüt Döviz Rezervleri,2A1 Gross Foreign Assets,bie_abstc2,HAFTALIK(CUMA),Bin TL,last,TCMB,raw/TP_AB_N07_2026-01-01_2026-06-30_request.json,1540c2fa3174b0d973909ab9c419cde58dc71a7a899cece01cb7f35b6583ee77,raw/TP_AB_N07_2026-01-01_2026-06-30_response.json.gz,879945f6051c576b815cc35270a389965d474c4de58231f4731b9a8993427f98,observed,within_series_coverage,False,False
TP.AB.N07,2026-01-09,2026-01-09,2026-01-09,09-01-2026,2,8444408052.0,8444408052.00000000,False,1767906000,gross_fx_reserves,"TCMB haftalik vaziyet tablosundaki brut doviz rezervlerini (2A1) izlemek; arsivlenmis TP.AB.*07 varyantlari yerine guncel, arsiv-disi seri secildi.",2A1 Brüt Döviz Rezervleri,2A1 Gross Foreign Assets,bie_abstc2,HAFTALIK(CUMA),Bin TL,last,TCMB,raw/TP_AB_N07_2026-01-01_2026-06-30_request.json,1540c2fa3174b0d973909ab9c419cde58dc71a7a899cece01cb7f35b6583ee77,raw/TP_AB_N07_2026-01-01_2026-06-30_response.json.gz,879945f6051c576b815cc35270a389965d474c4de58231f4731b9a8993427f98,observed,within_series_coverage,False,False
TP.AB.N07,2026-01-16,2026-01-16,2026-01-16,16-01-2026,3,8864891345.0,8864891345.00000000,False,1768510800,gross_fx_reserves,"TCMB haftalik vaziyet tablosundaki brut doviz rezervlerini (2A1) izlemek; arsivlenmis TP.AB.*07 varyantlari yerine guncel, arsiv-disi seri secildi.",2A1 Brüt Döviz Rezervleri,2A1 Gross Foreign Assets,bie_abstc2,HAFTALIK(CUMA),Bin TL,last,TCMB,raw/TP_AB_N07_2026-01-01_2026-06-30_request.json,1540c2fa3174b0d973909ab9c419cde58dc71a7a899cece01cb7f35b6583ee77,raw/TP_AB_N07_2026-01-01_2026-06-30_response.json.gz,879945f6051c576b815cc35270a389965d474c4de58231f4731b9a8993427f98,observed,within_series_coverage,False,False
TP.AB.N07,2026-01-23,2026-01-23,2026-01-23,23-01-2026,4,9339943818.0,9339943818.00000000,False,1769115600,gross_fx_reserves,"TCMB haftalik vaziyet tablosundaki brut doviz rezervlerini (2A1) izlemek; arsivlenmis TP.AB.*07 varyantlari yerine guncel, arsiv-disi seri secildi.",2A1 Brüt Döviz Rezervleri,2A1 Gross Foreign Assets,bie_abstc2,HAFTALIK(CUMA),Bin TL,last,TCMB,raw/TP_AB_N07_2026-01-01_2026-06-30_request.json,1540c2fa3174b0d973909ab9c419cde58dc71a7a899cece01cb7f35b6583ee77,raw/TP_AB_N07_2026-01-01_2026-06-30_response.json.gz,879945f6051c576b815cc35270a389965d474c4de58231f4731b9a8993427f98,observed,within_series_coverage,False,False
TP.AB.N07,2026-01-30,2026-01-30,2026-01-30,30-01-2026,5,9476609452.0,9476609452.00000000,False,1769720400,gross_fx_reserves,"TCMB haftalik vaziyet tablosundaki brut doviz rezervlerini (2A1) izlemek; arsivlenmis TP.AB.*07 varyantlari yerine guncel, arsiv-disi seri secildi.",2A1 Brüt Döviz Rezervleri,2A1 Gross Foreign Assets,bie_abstc2,HAFTALIK(CUMA),Bin TL,last,TCMB,raw/TP_AB_N07_2026-01-01_2026-06-30_request.json,1540c2fa3174b0d973909ab9c419cde58dc71a7a899cece01cb7f35b6583ee77,raw/TP_AB_N07_2026-01-01_2026-06-30_response.json.gz,879945f6051c576b815cc35270a389965d474c4de58231f4731b9a8993427f98,observed,within_series_coverage,False,False
TP.AB.N07,2026-02-06,2026-02-06,2026-02-06,06-02-2026,6,9036207862.0,9036207862.00000000,False,1770325200,gross_fx_reserves,"TCMB haftalik vaziyet tablosundaki brut doviz rezervlerini (2A1) izlemek; arsivlenmis TP.AB.*07 varyantlari yerine guncel, arsiv-disi seri secildi.",2A1 Brüt Döviz Rezervleri,2A1 Gross Foreign Assets,bie_abstc2,HAFTALIK(CUMA),Bin TL,last,TCMB,raw/TP_AB_N07_2026-01-01_2026-06-30_request.json,1540c2fa3174b0d973909ab9c419cde58dc71a7a899cece01cb7f35b6583ee77,raw/TP_AB_N07_2026-01-01_2026-06-30_response.json.gz,879945f6051c576b815cc35270a389965d474c4de58231f4731b9a8993427f98,observed,within_series_coverage,False,False
TP.AB.N07,2026-02-13,2026-02-13,2026-02-13,13-02-2026,7,9247922849.0,9247922849.00000000,False,1770930000,gross_fx_reserves,"TCMB haftalik vaziyet tablosundaki brut doviz rezervlerini (2A1) izlemek; arsivlenmis TP.AB.*07 varyantlari yerine guncel, arsiv-disi seri secildi.",2A1 Brüt Döviz Rezervleri,2A1 Gross Foreign Assets,bie_abstc2,HAFTALIK(CUMA),Bin TL,last,TCMB,raw/TP_AB_N07_2026-01-01_2026-06-30_request.json,1540c2fa3174b0d973909ab9c419cde58dc71a7a899cece01cb7f35b6583ee77,raw/TP_AB_N07_2026-01-01_2026-06-30_response.json.gz,879945f6051c576b815cc35270a389965d474c4de58231f4731b9a8993427f98,observed,within_series_coverage,False,False
TP.AB.N07,2026-02-20,2026-02-20,2026-02-20,20-02-2026,8,9024569094.0,9024569094.00000000,False,1771534800,gross_fx_reserves,"TCMB haftalik vaziyet tablosundaki brut doviz rezervlerini (2A1) izlemek; arsivlenmis TP.AB.*07 varyantlari yerine guncel, arsiv-disi seri secildi.",2A1 Brüt Döviz Rezervleri,2A1 Gross Foreign Assets,bie_abstc2,HAFTALIK(CUMA),Bin TL,last,TCMB,raw/TP_AB_N07_2026-01-01_2026-06-30_request.json,1540c2fa3174b0d973909ab9c419cde58dc71a7a899cece01cb7f35b6583ee77,raw/TP_AB_N07_2026-01-01_2026-06-30_response.json.gz,879945f6051c576b815cc35270a389965d474c4de58231f4731b9a8993427f98,observed,within_series_coverage,False,False
TP.AB.N07,2026-02-27,2026-02-27,2026-02-27,27-02-2026,9,9231325201.0,9231325201.00000000,False,1772139600,gross_fx_reserves,"TCMB haftalik vaziyet tablosundaki brut doviz rezervlerini (2A1) izlemek; arsivlenmis TP.AB.*07 varyantlari yerine guncel, arsiv-disi seri secildi.",2A1 Brüt Döviz Rezervleri,2A1 Gross Foreign Assets,bie_abstc2,HAFTALIK(CUMA),Bin TL,last,TCMB,raw/TP_AB_N07_2026-01-01_2026-06-30_request.json,1540c2fa3174b0d973909ab9c419cde58dc71a7a899cece01cb7f35b6583ee77,raw/TP_AB_N07_2026-01-01_2026-06-30_response.json.gz,879945f6051c576b815cc35270a389965d474c4de58231f4731b9a8993427f98,observed,within_series_coverage,False,False
TP.AB.N07,2026-03-06,2026-03-06,2026-03-06,06-03-2026,10,8693014181.0,8693014181.00000000,False,1772744400,gross_fx_reserves,"TCMB haftalik vaziyet tablosundaki brut doviz rezervlerini (2A1) izlemek; arsivlenmis TP.AB.*07 varyantlari yerine guncel, arsiv-disi seri secildi.",2A1 Brüt Döviz Rezervleri,2A1 Gross Foreign Assets,bie_abstc2,HAFTALIK(CUMA),Bin TL,last,TCMB,raw/TP_AB_N07_2026-01-01_2026-06-30_request.json,1540c2fa3174b0d973909ab9c419cde58dc71a7a899cece01cb7f35b6583ee77,raw/TP_AB_N07_2026-01-01_2026-06-30_response.json.gz,879945f6051c576b815cc35270a389965d474c4de58231f4731b9a8993427f98,observed,within_series_coverage,False,False
TP.AB.N07,2026-03-13,2026-03-13,2026-03-13,13-03-2026,11,8370518441.0,8370518441.00000000,False,1773349200,gross_fx_reserves,"TCMB haftalik vaziyet tablosundaki brut doviz rezervlerini (2A1) izlemek; arsivlenmis TP.AB.*07 varyantlari yerine guncel, arsiv-disi seri secildi.",2A1 Brüt Döviz Rezervleri,2A1 Gross Foreign Assets,bie_abstc2,HAFTALIK(CUMA),Bin TL,last,TCMB,raw/TP_AB_N07_2026-01-01_2026-06-30_request.json,1540c2fa3174b0d973909ab9c419cde58dc71a7a899cece01cb7f35b6583ee77,raw/TP_AB_N07_2026-01-01_2026-06-30_response.json.gz,879945f6051c576b815cc35270a389965d474c4de58231f4731b9a8993427f98,observed,within_series_coverage,False,False
TP.AB.N07,2026-03-20,2026-03-20,2026-03-20,20-03-2026,12,7851170014.0,7851170014.00000000,False,1773954000,gross_fx_reserves,"TCMB haftalik vaziyet tablosundaki brut doviz rezervlerini (2A1) izlemek; arsivlenmis TP.AB.*07 varyantlari yerine guncel, arsiv-disi seri secildi.",2A1 Brüt Döviz Rezervleri,2A1 Gross Foreign Assets,bie_abstc2,HAFTALIK(CUMA),Bin TL,last,TCMB,raw/TP_AB_N07_2026-01-01_2026-06-30_request.json,1540c2fa3174b0d973909ab9c419cde58dc71a7a899cece01cb7f35b6583ee77,raw/TP_AB_N07_2026-01-01_2026-06-30_response.json.gz,879945f6051c576b815cc35270a389965d474c4de58231f4731b9a8993427f98,observed,within_series_coverage,False,False
TP.AB.N07,2026-03-27,2026-03-27,2026-03-27,27-03-2026,13,6897344174.0,6897344174.00000000,False,1774558800,gross_fx_reserves,"TCMB haftalik vaziyet tablosundaki brut doviz rezervlerini (2A1) izlemek; arsivlenmis TP.AB.*07 varyantlari yerine guncel, arsiv-disi seri secildi.",2A1 Brüt Döviz Rezervleri,2A1 Gross Foreign Assets,bie_abstc2,HAFTALIK(CUMA),Bin TL,last,TCMB,raw/TP_AB_N07_2026-01-01_2026-06-30_request.json,1540c2fa3174b0d973909ab9c419cde58dc71a7a899cece01cb7f35b6583ee77,raw/TP_AB_N07_2026-01-01_2026-06-30_response.json.gz,879945f6051c576b815cc35270a389965d474c4de58231f4731b9a8993427f98,observed,within_series_coverage,False,False
TP.AB.N07,2026-04-03,2026-04-03,2026-04-03,03-04-2026,14,7198948150.0,7198948150.00000000,False,1775163600,gross_fx_reserves,"TCMB haftalik vaziyet tablosundaki brut doviz rezervlerini (2A1) izlemek; arsivlenmis TP.AB.*07 varyantlari yerine guncel, arsiv-disi seri secildi.",2A1 Brüt Döviz Rezervleri,2A1 Gross Foreign Assets,bie_abstc2,HAFTALIK(CUMA),Bin TL,last,TCMB,raw/TP_AB_N07_2026-01-01_2026-06-30_request.json,1540c2fa3174b0d973909ab9c419cde58dc71a7a899cece01cb7f35b6583ee77,raw/TP_AB_N07_2026-01-01_2026-06-30_response.json.gz,879945f6051c576b815cc35270a389965d474c4de58231f4731b9a8993427f98,observed,within_series_coverage,False,False
TP.AB.N07,2026-04-10,2026-04-10,2026-04-10,10-04-2026,15,7627394072.0,7627394072.00000000,False,1775768400,gross_fx_reserves,"TCMB haftalik vaziyet tablosundaki brut doviz rezervlerini (2A1) izlemek; arsivlenmis TP.AB.*07 varyantlari yerine guncel, arsiv-disi seri secildi.",2A1 Brüt Döviz Rezervleri,2A1 Gross Foreign Assets,bie_abstc2,HAFTALIK(CUMA),Bin TL,last,TCMB,raw/TP_AB_N07_2026-01-01_2026-06-30_request.json,1540c2fa3174b0d973909ab9c419cde58dc71a7a899cece01cb7f35b6583ee77,raw/TP_AB_N07_2026-01-01_2026-06-30_response.json.gz,879945f6051c576b815cc35270a389965d474c4de58231f4731b9a8993427f98,observed,within_series_coverage,False,False
TP.AB.N07,2026-04-17,2026-04-17,2026-04-17,17-04-2026,16,7815217541.0,7815217541.00000000,False,1776373200,gross_fx_reserves,"TCMB haftalik vaziyet tablosundaki brut doviz rezervlerini (2A1) izlemek; arsivlenmis TP.AB.*07 varyantlari yerine guncel, arsiv-disi seri secildi.",2A1 Brüt Döviz Rezervleri,2A1 Gross Foreign Assets,bie_abstc2,HAFTALIK(CUMA),Bin TL,last,TCMB,raw/TP_AB_N07_2026-01-01_2026-06-30_request.json,1540c2fa3174b0d973909ab9c419cde58dc71a7a899cece01cb7f35b6583ee77,raw/TP_AB_N07_2026-01-01_2026-06-30_response.json.gz,879945f6051c576b815cc35270a389965d474c4de58231f4731b9a8993427f98,observed,within_series_coverage,False,False
TP.AB.N07,2026-04-24,2026-04-24,2026-04-24,24-04-2026,17,7685158975.0,7685158975.00000000,False,1776978000,gross_fx_reserves,"TCMB haftalik vaziyet tablosundaki brut doviz rezervlerini (2A1) izlemek; arsivlenmis TP.AB.*07 varyantlari yerine guncel, arsiv-disi seri secildi.",2A1 Brüt Döviz Rezervleri,2A1 Gross Foreign Assets,bie_abstc2,HAFTALIK(CUMA),Bin TL,last,TCMB,raw/TP_AB_N07_2026-01-01_2026-06-30_request.json,1540c2fa3174b0d973909ab9c419cde58dc71a7a899cece01cb7f35b6583ee77,raw/TP_AB_N07_2026-01-01_2026-06-30_response.json.gz,879945f6051c576b815cc35270a389965d474c4de58231f4731b9a8993427f98,observed,within_series_coverage,False,False
TP.AB.N07,2026-05-01,2026-05-01,2026-05-01,01-05-2026,18,7463890653.0,7463890653.00000000,False,1777582800,gross_fx_reserves,"TCMB haftalik vaziyet tablosundaki brut doviz rezervlerini (2A1) izlemek; arsivlenmis TP.AB.*07 varyantlari yerine guncel, arsiv-disi seri secildi.",2A1 Brüt Döviz Rezervleri,2A1 Gross Foreign Assets,bie_abstc2,HAFTALIK(CUMA),Bin TL,last,TCMB,raw/TP_AB_N07_2026-01-01_2026-06-30_request.json,1540c2fa3174b0d973909ab9c419cde58dc71a7a899cece01cb7f35b6583ee77,raw/TP_AB_N07_2026-01-01_2026-06-30_response.json.gz,879945f6051c576b815cc35270a389965d474c4de58231f4731b9a8993427f98,observed,within_series_coverage,False,False
TP.AB.N07,2026-05-08,2026-05-08,2026-05-08,08-05-2026,19,7765715565.0,7765715565.00000000,False,1778187600,gross_fx_reserves,"TCMB haftalik vaziyet tablosundaki brut doviz rezervlerini (2A1) izlemek; arsivlenmis TP.AB.*07 varyantlari yerine guncel, arsiv-disi seri secildi.",2A1 Brüt Döviz Rezervleri,2A1 Gross Foreign Assets,bie_abstc2,HAFTALIK(CUMA),Bin TL,last,TCMB,raw/TP_AB_N07_2026-01-01_2026-06-30_request.json,1540c2fa3174b0d973909ab9c419cde58dc71a7a899cece01cb7f35b6583ee77,raw/TP_AB_N07_2026-01-01_2026-06-30_response.json.gz,879945f6051c576b815cc35270a389965d474c4de58231f4731b9a8993427f98,observed,within_series_coverage,False,False
TP.AB.N07,2026-05-15,2026-05-15,2026-05-15,15-05-2026,20,7663924277.0,7663924277.00000000,False,1778792400,gross_fx_reserves,"TCMB haftalik vaziyet tablosundaki brut doviz rezervlerini (2A1) izlemek; arsivlenmis TP.AB.*07 varyantlari yerine guncel, arsiv-disi seri secildi.",2A1 Brüt Döviz Rezervleri,2A1 Gross Foreign Assets,bie_abstc2,HAFTALIK(CUMA),Bin TL,last,TCMB,raw/TP_AB_N07_2026-01-01_2026-06-30_request.json,1540c2fa3174b0d973909ab9c419cde58dc71a7a899cece01cb7f35b6583ee77,raw/TP_AB_N07_2026-01-01_2026-06-30_response.json.gz,879945f6051c576b815cc35270a389965d474c4de58231f4731b9a8993427f98,observed,within_series_coverage,False,False
TP.AB.N07,2026-05-22,2026-05-22,2026-05-22,22-05-2026,21,7311782372.0,7311782372.00000000,False,1779397200,gross_fx_reserves,"TCMB haftalik vaziyet tablosundaki brut doviz rezervlerini (2A1) izlemek; arsivlenmis TP.AB.*07 varyantlari yerine guncel, arsiv-disi seri secildi.",2A1 Brüt Döviz Rezervleri,2A1 Gross Foreign Assets,bie_abstc2,HAFTALIK(CUMA),Bin TL,last,TCMB,raw/TP_AB_N07_2026-01-01_2026-06-30_request.json,1540c2fa3174b0d973909ab9c419cde58dc71a7a899cece01cb7f35b6583ee77,raw/TP_AB_N07_2026-01-01_2026-06-30_response.json.gz,879945f6051c576b815cc35270a389965d474c4de58231f4731b9a8993427f98,observed,within_series_coverage,False,False
TP.AB.N07,2026-05-29,2026-05-29,2026-05-29,29-05-2026,22,7285102140.0,7285102140.00000000,False,1780002000,gross_fx_reserves,"TCMB haftalik vaziyet tablosundaki brut doviz rezervlerini (2A1) izlemek; arsivlenmis TP.AB.*07 varyantlari yerine guncel, arsiv-disi seri secildi.",2A1 Brüt Döviz Rezervleri,2A1 Gross Foreign Assets,bie_abstc2,HAFTALIK(CUMA),Bin TL,last,TCMB,raw/TP_AB_N07_2026-01-01_2026-06-30_request.json,1540c2fa3174b0d973909ab9c419cde58dc71a7a899cece01cb7f35b6583ee77,raw/TP_AB_N07_2026-01-01_2026-06-30_response.json.gz,879945f6051c576b815cc35270a389965d474c4de58231f4731b9a8993427f98,observed,within_series_coverage,False,False
TP.AB.N07,2026-06-05,2026-06-05,2026-06-05,05-06-2026,23,7334863310.0,7334863310.00000000,False,1780606800,gross_fx_reserves,"TCMB haftalik vaziyet tablosundaki brut doviz rezervlerini (2A1) izlemek; arsivlenmis TP.AB.*07 varyantlari yerine guncel, arsiv-disi seri secildi.",2A1 Brüt Döviz Rezervleri,2A1 Gross Foreign Assets,bie_abstc2,HAFTALIK(CUMA),Bin TL,last,TCMB,raw/TP_AB_N07_2026-01-01_2026-06-30_request.json,1540c2fa3174b0d973909ab9c419cde58dc71a7a899cece01cb7f35b6583ee77,raw/TP_AB_N07_2026-01-01_2026-06-30_response.json.gz,879945f6051c576b815cc35270a389965d474c4de58231f4731b9a8993427f98,observed,within_series_coverage,False,False
TP.AB.N07,2026-06-12,2026-06-12,2026-06-12,12-06-2026,24,7023904145.0,7023904145.00000000,False,1781211600,gross_fx_reserves,"TCMB haftalik vaziyet tablosundaki brut doviz rezervlerini (2A1) izlemek; arsivlenmis TP.AB.*07 varyantlari yerine guncel, arsiv-disi seri secildi.",2A1 Brüt Döviz Rezervleri,2A1 Gross Foreign Assets,bie_abstc2,HAFTALIK(CUMA),Bin TL,last,TCMB,raw/TP_AB_N07_2026-01-01_2026-06-30_request.json,1540c2fa3174b0d973909ab9c419cde58dc71a7a899cece01cb7f35b6583ee77,raw/TP_AB_N07_2026-01-01_2026-06-30_response.json.gz,879945f6051c576b815cc35270a389965d474c4de58231f4731b9a8993427f98,observed,within_series_coverage,False,False
TP.AB.N07,2026-06-19,2026-06-19,2026-06-19,19-06-2026,25,7287359189.0,7287359189.00000000,False,1781816400,gross_fx_reserves,"TCMB haftalik vaziyet tablosundaki brut doviz rezervlerini (2A1) izlemek; arsivlenmis TP.AB.*07 varyantlari yerine guncel, arsiv-disi seri secildi.",2A1 Brüt Döviz Rezervleri,2A1 Gross Foreign Assets,bie_abstc2,HAFTALIK(CUMA),Bin TL,last,TCMB,raw/TP_AB_N07_2026-01-01_2026-06-30_request.json,1540c2fa3174b0d973909ab9c419cde58dc71a7a899cece01cb7f35b6583ee77,raw/TP_AB_N07_2026-01-01_2026-06-30_response.json.gz,879945f6051c576b815cc35270a389965d474c4de58231f4731b9a8993427f98,observed,within_series_coverage,False,False
TP.AB.N07,2026-06-26,2026-06-26,2026-06-26,26-06-2026,26,6945177860.0,6945177860.00000000,False,1782421200,gross_fx_reserves,"TCMB haftalik vaziyet tablosundaki brut doviz rezervlerini (2A1) izlemek; arsivlenmis TP.AB.*07 varyantlari yerine guncel, arsiv-disi seri secildi.",2A1 Brüt Döviz Rezervleri,2A1 Gross Foreign Assets,bie_abstc2,HAFTALIK(CUMA),Bin TL,last,TCMB,raw/TP_AB_N07_2026-01-01_2026-06-30_request.json,1540c2fa3174b0d973909ab9c419cde58dc71a7a899cece01cb7f35b6583ee77,raw/TP_AB_N07_2026-01-01_2026-06-30_response.json.gz,879945f6051c576b815cc35270a389965d474c4de58231f4731b9a8993427f98,observed,within_series_coverage,False,False
TP.BTO3,2020-01,2020-01-01,2020-01-31,2020-01,1,12928.0,12928.00000000,False,1577833200,bounced_check_count,Karsiliksiz cek adedini (aylik) izlemek; tutar serisiyle (TP.BTO4) birlikte odeme sistemleri istatistiklerinin iki tamamlayici olcusu.,Karşılıksız Çek Adedi,Volume of Bad Cheques,bie_btocek,AYLIK,,sum,İstanbul Takas ve Saklama Bankası A.Ş. (Takasbank),raw/TP_BTO3_2020-01-01_2026-06-30_request.json,33fa609f61894e1a268c7991d247ae7451446f35c0f20da57e9014c2ba034052,raw/TP_BTO3_2020-01-01_2026-06-30_response.json.gz,5a34445adb6157cd3dc7d4849200c49df9089e5399fd2a16721b05ed818ce2e6,observed,within_series_coverage,False,False
TP.BTO3,2020-02,2020-02-01,2020-02-29,2020-02,2,8449.0,8449.00000000,False,1580511600,bounced_check_count,Karsiliksiz cek adedini (aylik) izlemek; tutar serisiyle (TP.BTO4) birlikte odeme sistemleri istatistiklerinin iki tamamlayici olcusu.,Karşılıksız Çek Adedi,Volume of Bad Cheques,bie_btocek,AYLIK,,sum,İstanbul Takas ve Saklama Bankası A.Ş. (Takasbank),raw/TP_BTO3_2020-01-01_2026-06-30_request.json,33fa609f61894e1a268c7991d247ae7451446f35c0f20da57e9014c2ba034052,raw/TP_BTO3_2020-01-01_2026-06-30_response.json.gz,5a34445adb6157cd3dc7d4849200c49df9089e5399fd2a16721b05ed818ce2e6,observed,within_series_coverage,False,False
TP.BTO3,2020-03,2020-03-01,2020-03-31,2020-03,3,19262.0,19262.00000000,False,1583017200,bounced_check_count,Karsiliksiz cek adedini (aylik) izlemek; tutar serisiyle (TP.BTO4) birlikte odeme sistemleri istatistiklerinin iki tamamlayici olcusu.,Karşılıksız Çek Adedi,Volume of Bad Cheques,bie_btocek,AYLIK,,sum,İstanbul Takas ve Saklama Bankası A.Ş. (Takasbank),raw/TP_BTO3_2020-01-01_2026-06-30_request.json,33fa609f61894e1a268c7991d247ae7451446f35c0f20da57e9014c2ba034052,raw/TP_BTO3_2020-01-01_2026-06-30_response.json.gz,5a34445adb6157cd3dc7d4849200c49df9089e5399fd2a16721b05ed818ce2e6,observed,within_series_coverage,False,False
TP.BTO3,2020-04,2020-04-01,2020-04-30,2020-04,4,22342.0,22342.00000000,False,1585692000,bounced_check_count,Karsiliksiz cek adedini (aylik) izlemek; tutar serisiyle (TP.BTO4) birlikte odeme sistemleri istatistiklerinin iki tamamlayici olcusu.,Karşılıksız Çek Adedi,Volume of Bad Cheques,bie_btocek,AYLIK,,sum,İstanbul Takas ve Saklama Bankası A.Ş. (Takasbank),raw/TP_BTO3_2020-01-01_2026-06-30_request.json,33fa609f61894e1a268c7991d247ae7451446f35c0f20da57e9014c2ba034052,raw/TP_BTO3_2020-01-01_2026-06-30_response.json.gz,5a34445adb6157cd3dc7d4849200c49df9089e5399fd2a16721b05ed818ce2e6,observed,within_series_coverage,False,False
TP.BTO3,2020-05,2020-05-01,2020-05-31,2020-05,5,8859.0,8859.00000000,False,1588284000,bounced_check_count,Karsiliksiz cek adedini (aylik) izlemek; tutar serisiyle (TP.BTO4) birlikte odeme sistemleri istatistiklerinin iki tamamlayici olcusu.,Karşılıksız Çek Adedi,Volume of Bad Cheques,bie_btocek,AYLIK,,sum,İstanbul Takas ve Saklama Bankası A.Ş. (Takasbank),raw/TP_BTO3_2020-01-01_2026-06-30_request.json,33fa609f61894e1a268c7991d247ae7451446f35c0f20da57e9014c2ba034052,raw/TP_BTO3_2020-01-01_2026-06-30_response.json.gz,5a34445adb6157cd3dc7d4849200c49df9089e5399fd2a16721b05ed818ce2e6,observed,within_series_coverage,False,False
TP.BTO3,2020-06,2020-06-01,2020-06-30,2020-06,6,21128.0,21128.00000000,False,1590962400,bounced_check_count,Karsiliksiz cek adedini (aylik) izlemek; tutar serisiyle (TP.BTO4) birlikte odeme sistemleri istatistiklerinin iki tamamlayici olcusu.,Karşılıksız Çek Adedi,Volume of Bad Cheques,bie_btocek,AYLIK,,sum,İstanbul Takas ve Saklama Bankası A.Ş. (Takasbank),raw/TP_BTO3_2020-01-01_2026-06-30_request.json,33fa609f61894e1a268c7991d247ae7451446f35c0f20da57e9014c2ba034052,raw/TP_BTO3_2020-01-01_2026-06-30_response.json.gz,5a34445adb6157cd3dc7d4849200c49df9089e5399fd2a16721b05ed818ce2e6,observed,within_series_coverage,False,False
TP.BTO3,2020-07,2020-07-01,2020-07-31,2020-07,7,5043.0,5043.00000000,False,1593554400,bounced_check_count,Karsiliksiz cek adedini (aylik) izlemek; tutar serisiyle (TP.BTO4) birlikte odeme sistemleri istatistiklerinin iki tamamlayici olcusu.,Karşılıksız Çek Adedi,Volume of Bad Cheques,bie_btocek,AYLIK,,sum,İstanbul Takas ve Saklama Bankası A.Ş. (Takasbank),raw/TP_BTO3_2020-01-01_2026-06-30_request.json,33fa609f61894e1a268c7991d247ae7451446f35c0f20da57e9014c2ba034052,raw/TP_BTO3_2020-01-01_2026-06-30_response.json.gz,5a34445adb6157cd3dc7d4849200c49df9089e5399fd2a16721b05ed818ce2e6,observed,within_series_coverage,False,False
TP.BTO3,2020-08,2020-08-01,2020-08-31,2020-08,8,14556.0,14556.00000000,False,1596232800,bounced_check_count,Karsiliksiz cek adedini (aylik) izlemek; tutar serisiyle (TP.BTO4) birlikte odeme sistemleri istatistiklerinin iki tamamlayici olcusu.,Karşılıksız Çek Adedi,Volume of Bad Cheques,bie_btocek,AYLIK,,sum,İstanbul Takas ve Saklama Bankası A.Ş. (Takasbank),raw/TP_BTO3_2020-01-01_2026-06-30_request.json,33fa609f61894e1a268c7991d247ae7451446f35c0f20da57e9014c2ba034052,raw/TP_BTO3_2020-01-01_2026-06-30_response.json.gz,5a34445adb6157cd3dc7d4849200c49df9089e5399fd2a16721b05ed818ce2e6,observed,within_series_coverage,False,False
TP.BTO3,2020-09,2020-09-01,2020-09-30,2020-09,9,8186.0,8186.00000000,False,1598911200,bounced_check_count,Karsiliksiz cek adedini (aylik) izlemek; tutar serisiyle (TP.BTO4) birlikte odeme sistemleri istatistiklerinin iki tamamlayici olcusu.,Karşılıksız Çek Adedi,Volume of Bad Cheques,bie_btocek,AYLIK,,sum,İstanbul Takas ve Saklama Bankası A.Ş. (Takasbank),raw/TP_BTO3_2020-01-01_2026-06-30_request.json,33fa609f61894e1a268c7991d247ae7451446f35c0f20da57e9014c2ba034052,raw/TP_BTO3_2020-01-01_2026-06-30_response.json.gz,5a34445adb6157cd3dc7d4849200c49df9089e5399fd2a16721b05ed818ce2e6,observed,within_series_coverage,False,False
TP.BTO3,2020-10,2020-10-01,2020-10-31,2020-10,10,5627.0,5627.00000000,False,1601503200,bounced_check_count,Karsiliksiz cek adedini (aylik) izlemek; tutar serisiyle (TP.BTO4) birlikte odeme sistemleri istatistiklerinin iki tamamlayici olcusu.,Karşılıksız Çek Adedi,Volume of Bad Cheques,bie_btocek,AYLIK,,sum,İstanbul Takas ve Saklama Bankası A.Ş. (Takasbank),raw/TP_BTO3_2020-01-01_2026-06-30_request.json,33fa609f61894e1a268c7991d247ae7451446f35c0f20da57e9014c2ba034052,raw/TP_BTO3_2020-01-01_2026-06-30_response.json.gz,5a34445adb6157cd3dc7d4849200c49df9089e5399fd2a16721b05ed818ce2e6,observed,within_series_coverage,False,False
TP.BTO3,2020-11,2020-11-01,2020-11-30,2020-11,11,9818.0,9818.00000000,False,1604185200,bounced_check_count,Karsiliksiz cek adedini (aylik) izlemek; tutar serisiyle (TP.BTO4) birlikte odeme sistemleri istatistiklerinin iki tamamlayici olcusu.,Karşılıksız Çek Adedi,Volume of Bad Cheques,bie_btocek,AYLIK,,sum,İstanbul Takas ve Saklama Bankası A.Ş. (Takasbank),raw/TP_BTO3_2020-01-01_2026-06-30_request.json,33fa609f61894e1a268c7991d247ae7451446f35c0f20da57e9014c2ba034052,raw/TP_BTO3_2020-01-01_2026-06-30_response.json.gz,5a34445adb6157cd3dc7d4849200c49df9089e5399fd2a16721b05ed818ce2e6,observed,within_series_coverage,False,False
TP.BTO3,2020-12,2020-12-01,2020-12-31,2020-12,12,9004.0,9004.00000000,False,1606777200,bounced_check_count,Karsiliksiz cek adedini (aylik) izlemek; tutar serisiyle (TP.BTO4) birlikte odeme sistemleri istatistiklerinin iki tamamlayici olcusu.,Karşılıksız Çek Adedi,Volume of Bad Cheques,bie_btocek,AYLIK,,sum,İstanbul Takas ve Saklama Bankası A.Ş. (Takasbank),raw/TP_BTO3_2020-01-01_2026-06-30_request.json,33fa609f61894e1a268c7991d247ae7451446f35c0f20da57e9014c2ba034052,raw/TP_BTO3_2020-01-01_2026-06-30_response.json.gz,5a34445adb6157cd3dc7d4849200c49df9089e5399fd2a16721b05ed818ce2e6,observed,within_series_coverage,False,False
TP.BTO3,2021-01,2021-01-01,2021-01-31,2021-01,13,4866.0,4866.00000000,False,1609455600,bounced_check_count,Karsiliksiz cek adedini (aylik) izlemek; tutar serisiyle (TP.BTO4) birlikte odeme sistemleri istatistiklerinin iki tamamlayici olcusu.,Karşılıksız Çek Adedi,Volume of Bad Cheques,bie_btocek,AYLIK,,sum,İstanbul Takas ve Saklama Bankası A.Ş. (Takasbank),raw/TP_BTO3_2020-01-01_2026-06-30_request.json,33fa609f61894e1a268c7991d247ae7451446f35c0f20da57e9014c2ba034052,raw/TP_BTO3_2020-01-01_2026-06-30_response.json.gz,5a34445adb6157cd3dc7d4849200c49df9089e5399fd2a16721b05ed818ce2e6,observed,within_series_coverage,False,False
TP.BTO3,2021-02,2021-02-01,2021-02-28,2021-02,14,7514.0,7514.00000000,False,1612134000,bounced_check_count,Karsiliksiz cek adedini (aylik) izlemek; tutar serisiyle (TP.BTO4) birlikte odeme sistemleri istatistiklerinin iki tamamlayici olcusu.,Karşılıksız Çek Adedi,Volume of Bad Cheques,bie_btocek,AYLIK,,sum,İstanbul Takas ve Saklama Bankası A.Ş. (Takasbank),raw/TP_BTO3_2020-01-01_2026-06-30_request.json,33fa609f61894e1a268c7991d247ae7451446f35c0f20da57e9014c2ba034052,raw/TP_BTO3_2020-01-01_2026-06-30_response.json.gz,5a34445adb6157cd3dc7d4849200c49df9089e5399fd2a16721b05ed818ce2e6,observed,within_series_coverage,False,False
TP.BTO3,2021-03,2021-03-01,2021-03-31,2021-03,15,11437.0,11437.00000000,False,1614553200,bounced_check_count,Karsiliksiz cek adedini (aylik) izlemek; tutar serisiyle (TP.BTO4) birlikte odeme sistemleri istatistiklerinin iki tamamlayici olcusu.,Karşılıksız Çek Adedi,Volume of Bad Cheques,bie_btocek,AYLIK,,sum,İstanbul Takas ve Saklama Bankası A.Ş. (Takasbank),raw/TP_BTO3_2020-01-01_2026-06-30_request.json,33fa609f61894e1a268c7991d247ae7451446f35c0f20da57e9014c2ba034052,raw/TP_BTO3_2020-01-01_2026-06-30_response.json.gz,5a34445adb6157cd3dc7d4849200c49df9089e5399fd2a16721b05ed818ce2e6,observed,within_series_coverage,False,False
TP.BTO3,2021-04,2021-04-01,2021-04-30,2021-04,16,5089.0,5089.00000000,False,1617224400,bounced_check_count,Karsiliksiz cek adedini (aylik) izlemek; tutar serisiyle (TP.BTO4) birlikte odeme sistemleri istatistiklerinin iki tamamlayici olcusu.,Karşılıksız Çek Adedi,Volume of Bad Cheques,bie_btocek,AYLIK,,sum,İstanbul Takas ve Saklama Bankası A.Ş. (Takasbank),raw/TP_BTO3_2020-01-01_2026-06-30_request.json,33fa609f61894e1a268c7991d247ae7451446f35c0f20da57e9014c2ba034052,raw/TP_BTO3_2020-01-01_2026-06-30_response.json.gz,5a34445adb6157cd3dc7d4849200c49df9089e5399fd2a16721b05ed818ce2e6,observed,within_series_coverage,False,False
TP.BTO3,2021-05,2021-05-01,2021-05-31,2021-05,17,0.0,0.00000000,False,1619816400,bounced_check_count,Karsiliksiz cek adedini (aylik) izlemek; tutar serisiyle (TP.BTO4) birlikte odeme sistemleri istatistiklerinin iki tamamlayici olcusu.,Karşılıksız Çek Adedi,Volume of Bad Cheques,bie_btocek,AYLIK,,sum,İstanbul Takas ve Saklama Bankası A.Ş. (Takasbank),raw/TP_BTO3_2020-01-01_2026-06-30_request.json,33fa609f61894e1a268c7991d247ae7451446f35c0f20da57e9014c2ba034052,raw/TP_BTO3_2020-01-01_2026-06-30_response.json.gz,5a34445adb6157cd3dc7d4849200c49df9089e5399fd2a16721b05ed818ce2e6,observed,within_series_coverage,False,False
TP.BTO3,2021-06,2021-06-01,2021-06-30,2021-06,18,24319.0,24319.00000000,False,1622494800,bounced_check_count,Karsiliksiz cek adedini (aylik) izlemek; tutar serisiyle (TP.BTO4) birlikte odeme sistemleri istatistiklerinin iki tamamlayici olcusu.,Karşılıksız Çek Adedi,Volume of Bad Cheques,bie_btocek,AYLIK,,sum,İstanbul Takas ve Saklama Bankası A.Ş. (Takasbank),raw/TP_BTO3_2020-01-01_2026-06-30_request.json,33fa609f61894e1a268c7991d247ae7451446f35c0f20da57e9014c2ba034052,raw/TP_BTO3_2020-01-01_2026-06-30_response.json.gz,5a34445adb6157cd3dc7d4849200c49df9089e5399fd2a16721b05ed818ce2e6,observed,within_series_coverage,False,False
TP.BTO3,2021-07,2021-07-01,2021-07-31,2021-07,19,8813.0,8813.00000000,False,1625086800,bounced_check_count,Karsiliksiz cek adedini (aylik) izlemek; tutar serisiyle (TP.BTO4) birlikte odeme sistemleri istatistiklerinin iki tamamlayici olcusu.,Karşılıksız Çek Adedi,Volume of Bad Cheques,bie_btocek,AYLIK,,sum,İstanbul Takas ve Saklama Bankası A.Ş. (Takasbank),raw/TP_BTO3_2020-01-01_2026-06-30_request.json,33fa609f61894e1a268c7991d247ae7451446f35c0f20da57e9014c2ba034052,raw/TP_BTO3_2020-01-01_2026-06-30_response.json.gz,5a34445adb6157cd3dc7d4849200c49df9089e5399fd2a16721b05ed818ce2e6,observed,within_series_coverage,False,False
TP.BTO3,2021-08,2021-08-01,2021-08-31,2021-08,20,13333.0,13333.00000000,False,1627765200,bounced_check_count,Karsiliksiz cek adedini (aylik) izlemek; tutar serisiyle (TP.BTO4) birlikte odeme sistemleri istatistiklerinin iki tamamlayici olcusu.,Karşılıksız Çek Adedi,Volume of Bad Cheques,bie_btocek,AYLIK,,sum,İstanbul Takas ve Saklama Bankası A.Ş. (Takasbank),raw/TP_BTO3_2020-01-01_2026-06-30_request.json,33fa609f61894e1a268c7991d247ae7451446f35c0f20da57e9014c2ba034052,raw/TP_BTO3_2020-01-01_2026-06-30_response.json.gz,5a34445adb6157cd3dc7d4849200c49df9089e5399fd2a16721b05ed818ce2e6,observed,within_series_coverage,False,False
TP.BTO3,2021-09,2021-09-01,2021-09-30,2021-09,21,10111.0,10111.00000000,False,1630443600,bounced_check_count,Karsiliksiz cek adedini (aylik) izlemek; tutar serisiyle (TP.BTO4) birlikte odeme sistemleri istatistiklerinin iki tamamlayici olcusu.,Karşılıksız Çek Adedi,Volume of Bad Cheques,bie_btocek,AYLIK,,sum,İstanbul Takas ve Saklama Bankası A.Ş. (Takasbank),raw/TP_BTO3_2020-01-01_2026-06-30_request.json,33fa609f61894e1a268c7991d247ae7451446f35c0f20da57e9014c2ba034052,raw/TP_BTO3_2020-01-01_2026-06-30_response.json.gz,5a34445adb6157cd3dc7d4849200c49df9089e5399fd2a16721b05ed818ce2e6,observed,within_series_coverage,False,False
TP.BTO3,2021-10,2021-10-01,2021-10-31,2021-10,22,5457.0,5457.00000000,False,1633035600,bounced_check_count,Karsiliksiz cek adedini (aylik) izlemek; tutar serisiyle (TP.BTO4) birlikte odeme sistemleri istatistiklerinin iki tamamlayici olcusu.,Karşılıksız Çek Adedi,Volume of Bad Cheques,bie_btocek,AYLIK,,sum,İstanbul Takas ve Saklama Bankası A.Ş. (Takasbank),raw/TP_BTO3_2020-01-01_2026-06-30_request.json,33fa609f61894e1a268c7991d247ae7451446f35c0f20da57e9014c2ba034052,raw/TP_BTO3_2020-01-01_2026-06-30_response.json.gz,5a34445adb6157cd3dc7d4849200c49df9089e5399fd2a16721b05ed818ce2e6,observed,within_series_coverage,False,False
TP.BTO3,2021-11,2021-11-01,2021-11-30,2021-11,23,13182.0,13182.00000000,False,1635714000,bounced_check_count,Karsiliksiz cek adedini (aylik) izlemek; tutar serisiyle (TP.BTO4) birlikte odeme sistemleri istatistiklerinin iki tamamlayici olcusu.,Karşılıksız Çek Adedi,Volume of Bad Cheques,bie_btocek,AYLIK,,sum,İstanbul Takas ve Saklama Bankası A.Ş. (Takasbank),raw/TP_BTO3_2020-01-01_2026-06-30_request.json,33fa609f61894e1a268c7991d247ae7451446f35c0f20da57e9014c2ba034052,raw/TP_BTO3_2020-01-01_2026-06-30_response.json.gz,5a34445adb6157cd3dc7d4849200c49df9089e5399fd2a16721b05ed818ce2e6,observed,within_series_coverage,False,False
TP.BTO3,2021-12,2021-12-01,2021-12-31,2021-12,24,9353.0,9353.00000000,False,1638306000,bounced_check_count,Karsiliksiz cek adedini (aylik) izlemek; tutar serisiyle (TP.BTO4) birlikte odeme sistemleri istatistiklerinin iki tamamlayici olcusu.,Karşılıksız Çek Adedi,Volume of Bad Cheques,bie_btocek,AYLIK,,sum,İstanbul Takas ve Saklama Bankası A.Ş. (Takasbank),raw/TP_BTO3_2020-01-01_2026-06-30_request.json,33fa609f61894e1a268c7991d247ae7451446f35c0f20da57e9014c2ba034052,raw/TP_BTO3_2020-01-01_2026-06-30_response.json.gz,5a34445adb6157cd3dc7d4849200c49df9089e5399fd2a16721b05ed818ce2e6,observed,within_series_coverage,False,False
TP.BTO3,2022-01,2022-01-01,2022-01-31,2022-01,25,8466.0,8466.00000000,False,1640984400,bounced_check_count,Karsiliksiz cek adedini (aylik) izlemek; tutar serisiyle (TP.BTO4) birlikte odeme sistemleri istatistiklerinin iki tamamlayici olcusu.,Karşılıksız Çek Adedi,Volume of Bad Cheques,bie_btocek,AYLIK,,sum,İstanbul Takas ve Saklama Bankası A.Ş. (Takasbank),raw/TP_BTO3_2020-01-01_2026-06-30_request.json,33fa609f61894e1a268c7991d247ae7451446f35c0f20da57e9014c2ba034052,raw/TP_BTO3_2020-01-01_2026-06-30_response.json.gz,5a34445adb6157cd3dc7d4849200c49df9089e5399fd2a16721b05ed818ce2e6,observed,within_series_coverage,False,False
TP.BTO3,2022-02,2022-02-01,2022-02-28,2022-02,26,7847.0,7847.00000000,False,1643662800,bounced_check_count,Karsiliksiz cek adedini (aylik) izlemek; tutar serisiyle (TP.BTO4) birlikte odeme sistemleri istatistiklerinin iki tamamlayici olcusu.,Karşılıksız Çek Adedi,Volume of Bad Cheques,bie_btocek,AYLIK,,sum,İstanbul Takas ve Saklama Bankası A.Ş. (Takasbank),raw/TP_BTO3_2020-01-01_2026-06-30_request.json,33fa609f61894e1a268c7991d247ae7451446f35c0f20da57e9014c2ba034052,raw/TP_BTO3_2020-01-01_2026-06-30_response.json.gz,5a34445adb6157cd3dc7d4849200c49df9089e5399fd2a16721b05ed818ce2e6,observed,within_series_coverage,False,False
TP.BTO3,2022-03,2022-03-01,2022-03-31,2022-03,27,7635.0,7635.00000000,False,1646082000,bounced_check_count,Karsiliksiz cek adedini (aylik) izlemek; tutar serisiyle (TP.BTO4) birlikte odeme sistemleri istatistiklerinin iki tamamlayici olcusu.,Karşılıksız Çek Adedi,Volume of Bad Cheques,bie_btocek,AYLIK,,sum,İstanbul Takas ve Saklama Bankası A.Ş. (Takasbank),raw/TP_BTO3_2020-01-01_2026-06-30_request.json,33fa609f61894e1a268c7991d247ae7451446f35c0f20da57e9014c2ba034052,raw/TP_BTO3_2020-01-01_2026-06-30_response.json.gz,5a34445adb6157cd3dc7d4849200c49df9089e5399fd2a16721b05ed818ce2e6,observed,within_series_coverage,False,False
TP.BTO3,2022-04,2022-04-01,2022-04-30,2022-04,28,4454.0,4454.00000000,False,1648760400,bounced_check_count,Karsiliksiz cek adedini (aylik) izlemek; tutar serisiyle (TP.BTO4) birlikte odeme sistemleri istatistiklerinin iki tamamlayici olcusu.,Karşılıksız Çek Adedi,Volume of Bad Cheques,bie_btocek,AYLIK,,sum,İstanbul Takas ve Saklama Bankası A.Ş. (Takasbank),raw/TP_BTO3_2020-01-01_2026-06-30_request.json,33fa609f61894e1a268c7991d247ae7451446f35c0f20da57e9014c2ba034052,raw/TP_BTO3_2020-01-01_2026-06-30_response.json.gz,5a34445adb6157cd3dc7d4849200c49df9089e5399fd2a16721b05ed818ce2e6,observed,within_series_coverage,False,False
TP.BTO3,2022-05,2022-05-01,2022-05-31,2022-05,29,9636.0,9636.00000000,False,1651352400,bounced_check_count,Karsiliksiz cek adedini (aylik) izlemek; tutar serisiyle (TP.BTO4) birlikte odeme sistemleri istatistiklerinin iki tamamlayici olcusu.,Karşılıksız Çek Adedi,Volume of Bad Cheques,bie_btocek,AYLIK,,sum,İstanbul Takas ve Saklama Bankası A.Ş. (Takasbank),raw/TP_BTO3_2020-01-01_2026-06-30_request.json,33fa609f61894e1a268c7991d247ae7451446f35c0f20da57e9014c2ba034052,raw/TP_BTO3_2020-01-01_2026-06-30_response.json.gz,5a34445adb6157cd3dc7d4849200c49df9089e5399fd2a16721b05ed818ce2e6,observed,within_series_coverage,False,False
TP.BTO3,2022-06,2022-06-01,2022-06-30,2022-06,30,6313.0,6313.00000000,False,1654030800,bounced_check_count,Karsiliksiz cek adedini (aylik) izlemek; tutar serisiyle (TP.BTO4) birlikte odeme sistemleri istatistiklerinin iki tamamlayici olcusu.,Karşılıksız Çek Adedi,Volume of Bad Cheques,bie_btocek,AYLIK,,sum,İstanbul Takas ve Saklama Bankası A.Ş. (Takasbank),raw/TP_BTO3_2020-01-01_2026-06-30_request.json,33fa609f61894e1a268c7991d247ae7451446f35c0f20da57e9014c2ba034052,raw/TP_BTO3_2020-01-01_2026-06-30_response.json.gz,5a34445adb6157cd3dc7d4849200c49df9089e5399fd2a16721b05ed818ce2e6,observed,within_series_coverage,False,False
TP.BTO3,2022-07,2022-07-01,2022-07-31,2022-07,31,4200.0,4200.00000000,False,1656622800,bounced_check_count,Karsiliksiz cek adedini (aylik) izlemek; tutar serisiyle (TP.BTO4) birlikte odeme sistemleri istatistiklerinin iki tamamlayici olcusu.,Karşılıksız Çek Adedi,Volume of Bad Cheques,bie_btocek,AYLIK,,sum,İstanbul Takas ve Saklama Bankası A.Ş. (Takasbank),raw/TP_BTO3_2020-01-01_2026-06-30_request.json,33fa609f61894e1a268c7991d247ae7451446f35c0f20da57e9014c2ba034052,raw/TP_BTO3_2020-01-01_2026-06-30_response.json.gz,5a34445adb6157cd3dc7d4849200c49df9089e5399fd2a16721b05ed818ce2e6,observed,within_series_coverage,False,False
TP.BTO3,2022-08,2022-08-01,2022-08-31,2022-08,32,10109.0,10109.00000000,False,1659301200,bounced_check_count,Karsiliksiz cek adedini (aylik) izlemek; tutar serisiyle (TP.BTO4) birlikte odeme sistemleri istatistiklerinin iki tamamlayici olcusu.,Karşılıksız Çek Adedi,Volume of Bad Cheques,bie_btocek,AYLIK,,sum,İstanbul Takas ve Saklama Bankası A.Ş. (Takasbank),raw/TP_BTO3_2020-01-01_2026-06-30_request.json,33fa609f61894e1a268c7991d247ae7451446f35c0f20da57e9014c2ba034052,raw/TP_BTO3_2020-01-01_2026-06-30_response.json.gz,5a34445adb6157cd3dc7d4849200c49df9089e5399fd2a16721b05ed818ce2e6,observed,within_series_coverage,False,False
TP.BTO3,2022-09,2022-09-01,2022-09-30,2022-09,33,7267.0,7267.00000000,False,1661979600,bounced_check_count,Karsiliksiz cek adedini (aylik) izlemek; tutar serisiyle (TP.BTO4) birlikte odeme sistemleri istatistiklerinin iki tamamlayici olcusu.,Karşılıksız Çek Adedi,Volume of Bad Cheques,bie_btocek,AYLIK,,sum,İstanbul Takas ve Saklama Bankası A.Ş. (Takasbank),raw/TP_BTO3_2020-01-01_2026-06-30_request.json,33fa609f61894e1a268c7991d247ae7451446f35c0f20da57e9014c2ba034052,raw/TP_BTO3_2020-01-01_2026-06-30_response.json.gz,5a34445adb6157cd3dc7d4849200c49df9089e5399fd2a16721b05ed818ce2e6,observed,within_series_coverage,False,False
TP.BTO3,2022-10,2022-10-01,2022-10-31,2022-10,34,8040.0,8040.00000000,False,1664571600,bounced_check_count,Karsiliksiz cek adedini (aylik) izlemek; tutar serisiyle (TP.BTO4) birlikte odeme sistemleri istatistiklerinin iki tamamlayici olcusu.,Karşılıksız Çek Adedi,Volume of Bad Cheques,bie_btocek,AYLIK,,sum,İstanbul Takas ve Saklama Bankası A.Ş. (Takasbank),raw/TP_BTO3_2020-01-01_2026-06-30_request.json,33fa609f61894e1a268c7991d247ae7451446f35c0f20da57e9014c2ba034052,raw/TP_BTO3_2020-01-01_2026-06-30_response.json.gz,5a34445adb6157cd3dc7d4849200c49df9089e5399fd2a16721b05ed818ce2e6,observed,within_series_coverage,False,False
TP.BTO3,2022-11,2022-11-01,2022-11-30,2022-11,35,7978.0,7978.00000000,False,1667250000,bounced_check_count,Karsiliksiz cek adedini (aylik) izlemek; tutar serisiyle (TP.BTO4) birlikte odeme sistemleri istatistiklerinin iki tamamlayici olcusu.,Karşılıksız Çek Adedi,Volume of Bad Cheques,bie_btocek,AYLIK,,sum,İstanbul Takas ve Saklama Bankası A.Ş. (Takasbank),raw/TP_BTO3_2020-01-01_2026-06-30_request.json,33fa609f61894e1a268c7991d247ae7451446f35c0f20da57e9014c2ba034052,raw/TP_BTO3_2020-01-01_2026-06-30_response.json.gz,5a34445adb6157cd3dc7d4849200c49df9089e5399fd2a16721b05ed818ce2e6,observed,within_series_coverage,False,False
TP.BTO3,2022-12,2022-12-01,2022-12-31,2022-12,36,6260.0,6260.00000000,False,1669842000,bounced_check_count,Karsiliksiz cek adedini (aylik) izlemek; tutar serisiyle (TP.BTO4) birlikte odeme sistemleri istatistiklerinin iki tamamlayici olcusu.,Karşılıksız Çek Adedi,Volume of Bad Cheques,bie_btocek,AYLIK,,sum,İstanbul Takas ve Saklama Bankası A.Ş. (Takasbank),raw/TP_BTO3_2020-01-01_2026-06-30_request.json,33fa609f61894e1a268c7991d247ae7451446f35c0f20da57e9014c2ba034052,raw/TP_BTO3_2020-01-01_2026-06-30_response.json.gz,5a34445adb6157cd3dc7d4849200c49df9089e5399fd2a16721b05ed818ce2e6,observed,within_series_coverage,False,False
TP.BTO3,2023-01,2023-01-01,2023-01-31,2023-01,37,9018.0,9018.00000000,False,1672520400,bounced_check_count,Karsiliksiz cek adedini (aylik) izlemek; tutar serisiyle (TP.BTO4) birlikte odeme sistemleri istatistiklerinin iki tamamlayici olcusu.,Karşılıksız Çek Adedi,Volume of Bad Cheques,bie_btocek,AYLIK,,sum,İstanbul Takas ve Saklama Bankası A.Ş. (Takasbank),raw/TP_BTO3_2020-01-01_2026-06-30_request.json,33fa609f61894e1a268c7991d247ae7451446f35c0f20da57e9014c2ba034052,raw/TP_BTO3_2020-01-01_2026-06-30_response.json.gz,5a34445adb6157cd3dc7d4849200c49df9089e5399fd2a16721b05ed818ce2e6,observed,within_series_coverage,False,False
TP.BTO3,2023-02,2023-02-01,2023-02-28,2023-02,38,7033.0,7033.00000000,False,1675198800,bounced_check_count,Karsiliksiz cek adedini (aylik) izlemek; tutar serisiyle (TP.BTO4) birlikte odeme sistemleri istatistiklerinin iki tamamlayici olcusu.,Karşılıksız Çek Adedi,Volume of Bad Cheques,bie_btocek,AYLIK,,sum,İstanbul Takas ve Saklama Bankası A.Ş. (Takasbank),raw/TP_BTO3_2020-01-01_2026-06-30_request.json,33fa609f61894e1a268c7991d247ae7451446f35c0f20da57e9014c2ba034052,raw/TP_BTO3_2020-01-01_2026-06-30_response.json.gz,5a34445adb6157cd3dc7d4849200c49df9089e5399fd2a16721b05ed818ce2e6,observed,within_series_coverage,False,False
TP.BTO3,2023-03,2023-03-01,2023-03-31,2023-03,39,6692.0,6692.00000000,False,1677618000,bounced_check_count,Karsiliksiz cek adedini (aylik) izlemek; tutar serisiyle (TP.BTO4) birlikte odeme sistemleri istatistiklerinin iki tamamlayici olcusu.,Karşılıksız Çek Adedi,Volume of Bad Cheques,bie_btocek,AYLIK,,sum,İstanbul Takas ve Saklama Bankası A.Ş. (Takasbank),raw/TP_BTO3_2020-01-01_2026-06-30_request.json,33fa609f61894e1a268c7991d247ae7451446f35c0f20da57e9014c2ba034052,raw/TP_BTO3_2020-01-01_2026-06-30_response.json.gz,5a34445adb6157cd3dc7d4849200c49df9089e5399fd2a16721b05ed818ce2e6,observed,within_series_coverage,False,False
TP.BTO3,2023-04,2023-04-01,2023-04-30,2023-04,40,6328.0,6328.00000000,False,1680296400,bounced_check_count,Karsiliksiz cek adedini (aylik) izlemek; tutar serisiyle (TP.BTO4) birlikte odeme sistemleri istatistiklerinin iki tamamlayici olcusu.,Karşılıksız Çek Adedi,Volume of Bad Cheques,bie_btocek,AYLIK,,sum,İstanbul Takas ve Saklama Bankası A.Ş. (Takasbank),raw/TP_BTO3_2020-01-01_2026-06-30_request.json,33fa609f61894e1a268c7991d247ae7451446f35c0f20da57e9014c2ba034052,raw/TP_BTO3_2020-01-01_2026-06-30_response.json.gz,5a34445adb6157cd3dc7d4849200c49df9089e5399fd2a16721b05ed818ce2e6,observed,within_series_coverage,False,False
TP.BTO3,2023-05,2023-05-01,2023-05-31,2023-05,41,14489.0,14489.00000000,False,1682888400,bounced_check_count,Karsiliksiz cek adedini (aylik) izlemek; tutar serisiyle (TP.BTO4) birlikte odeme sistemleri istatistiklerinin iki tamamlayici olcusu.,Karşılıksız Çek Adedi,Volume of Bad Cheques,bie_btocek,AYLIK,,sum,İstanbul Takas ve Saklama Bankası A.Ş. (Takasbank),raw/TP_BTO3_2020-01-01_2026-06-30_request.json,33fa609f61894e1a268c7991d247ae7451446f35c0f20da57e9014c2ba034052,raw/TP_BTO3_2020-01-01_2026-06-30_response.json.gz,5a34445adb6157cd3dc7d4849200c49df9089e5399fd2a16721b05ed818ce2e6,observed,within_series_coverage,False,False
TP.BTO3,2023-06,2023-06-01,2023-06-30,2023-06,42,7009.0,7009.00000000,False,1685566800,bounced_check_count,Karsiliksiz cek adedini (aylik) izlemek; tutar serisiyle (TP.BTO4) birlikte odeme sistemleri istatistiklerinin iki tamamlayici olcusu.,Karşılıksız Çek Adedi,Volume of Bad Cheques,bie_btocek,AYLIK,,sum,İstanbul Takas ve Saklama Bankası A.Ş. (Takasbank),raw/TP_BTO3_2020-01-01_2026-06-30_request.json,33fa609f61894e1a268c7991d247ae7451446f35c0f20da57e9014c2ba034052,raw/TP_BTO3_2020-01-01_2026-06-30_response.json.gz,5a34445adb6157cd3dc7d4849200c49df9089e5399fd2a16721b05ed818ce2e6,observed,within_series_coverage,False,False
TP.BTO3,2023-07,2023-07-01,2023-07-31,2023-07,43,15153.0,15153.00000000,False,1688158800,bounced_check_count,Karsiliksiz cek adedini (aylik) izlemek; tutar serisiyle (TP.BTO4) birlikte odeme sistemleri istatistiklerinin iki tamamlayici olcusu.,Karşılıksız Çek Adedi,Volume of Bad Cheques,bie_btocek,AYLIK,,sum,İstanbul Takas ve Saklama Bankası A.Ş. (Takasbank),raw/TP_BTO3_2020-01-01_2026-06-30_request.json,33fa609f61894e1a268c7991d247ae7451446f35c0f20da57e9014c2ba034052,raw/TP_BTO3_2020-01-01_2026-06-30_response.json.gz,5a34445adb6157cd3dc7d4849200c49df9089e5399fd2a16721b05ed818ce2e6,observed,within_series_coverage,False,False
TP.BTO3,2023-08,2023-08-01,2023-08-31,2023-08,44,10151.0,10151.00000000,False,1690837200,bounced_check_count,Karsiliksiz cek adedini (aylik) izlemek; tutar serisiyle (TP.BTO4) birlikte odeme sistemleri istatistiklerinin iki tamamlayici olcusu.,Karşılıksız Çek Adedi,Volume of Bad Cheques,bie_btocek,AYLIK,,sum,İstanbul Takas ve Saklama Bankası A.Ş. (Takasbank),raw/TP_BTO3_2020-01-01_2026-06-30_request.json,33fa609f61894e1a268c7991d247ae7451446f35c0f20da57e9014c2ba034052,raw/TP_BTO3_2020-01-01_2026-06-30_response.json.gz,5a34445adb6157cd3dc7d4849200c49df9089e5399fd2a16721b05ed818ce2e6,observed,within_series_coverage,False,False
TP.BTO3,2023-09,2023-09-01,2023-09-30,2023-09,45,6236.0,6236.00000000,False,1693515600,bounced_check_count,Karsiliksiz cek adedini (aylik) izlemek; tutar serisiyle (TP.BTO4) birlikte odeme sistemleri istatistiklerinin iki tamamlayici olcusu.,Karşılıksız Çek Adedi,Volume of Bad Cheques,bie_btocek,AYLIK,,sum,İstanbul Takas ve Saklama Bankası A.Ş. (Takasbank),raw/TP_BTO3_2020-01-01_2026-06-30_request.json,33fa609f61894e1a268c7991d247ae7451446f35c0f20da57e9014c2ba034052,raw/TP_BTO3_2020-01-01_2026-06-30_response.json.gz,5a34445adb6157cd3dc7d4849200c49df9089e5399fd2a16721b05ed818ce2e6,observed,within_series_coverage,False,False
TP.BTO3,2023-10,2023-10-01,2023-10-31,2023-10,46,14270.0,14270.00000000,False,1696107600,bounced_check_count,Karsiliksiz cek adedini (aylik) izlemek; tutar serisiyle (TP.BTO4) birlikte odeme sistemleri istatistiklerinin iki tamamlayici olcusu.,Karşılıksız Çek Adedi,Volume of Bad Cheques,bie_btocek,AYLIK,,sum,İstanbul Takas ve Saklama Bankası A.Ş. (Takasbank),raw/TP_BTO3_2020-01-01_2026-06-30_request.json,33fa609f61894e1a268c7991d247ae7451446f35c0f20da57e9014c2ba034052,raw/TP_BTO3_2020-01-01_2026-06-30_response.json.gz,5a34445adb6157cd3dc7d4849200c49df9089e5399fd2a16721b05ed818ce2e6,observed,within_series_coverage,False,False
TP.BTO3,2023-11,2023-11-01,2023-11-30,2023-11,47,10268.0,10268.00000000,False,1698786000,bounced_check_count,Karsiliksiz cek adedini (aylik) izlemek; tutar serisiyle (TP.BTO4) birlikte odeme sistemleri istatistiklerinin iki tamamlayici olcusu.,Karşılıksız Çek Adedi,Volume of Bad Cheques,bie_btocek,AYLIK,,sum,İstanbul Takas ve Saklama Bankası A.Ş. (Takasbank),raw/TP_BTO3_2020-01-01_2026-06-30_request.json,33fa609f61894e1a268c7991d247ae7451446f35c0f20da57e9014c2ba034052,raw/TP_BTO3_2020-01-01_2026-06-30_response.json.gz,5a34445adb6157cd3dc7d4849200c49df9089e5399fd2a16721b05ed818ce2e6,observed,within_series_coverage,False,False
TP.BTO3,2023-12,2023-12-01,2023-12-31,2023-12,48,7791.0,7791.00000000,False,1701378000,bounced_check_count,Karsiliksiz cek adedini (aylik) izlemek; tutar serisiyle (TP.BTO4) birlikte odeme sistemleri istatistiklerinin iki tamamlayici olcusu.,Karşılıksız Çek Adedi,Volume of Bad Cheques,bie_btocek,AYLIK,,sum,İstanbul Takas ve Saklama Bankası A.Ş. (Takasbank),raw/TP_BTO3_2020-01-01_2026-06-30_request.json,33fa609f61894e1a268c7991d247ae7451446f35c0f20da57e9014c2ba034052,raw/TP_BTO3_2020-01-01_2026-06-30_response.json.gz,5a34445adb6157cd3dc7d4849200c49df9089e5399fd2a16721b05ed818ce2e6,observed,within_series_coverage,False,False
TP.BTO3,2024-01,2024-01-01,2024-01-31,2024-01,49,15828.0,15828.00000000,False,1704056400,bounced_check_count,Karsiliksiz cek adedini (aylik) izlemek; tutar serisiyle (TP.BTO4) birlikte odeme sistemleri istatistiklerinin iki tamamlayici olcusu.,Karşılıksız Çek Adedi,Volume of Bad Cheques,bie_btocek,AYLIK,,sum,İstanbul Takas ve Saklama Bankası A.Ş. (Takasbank),raw/TP_BTO3_2020-01-01_2026-06-30_request.json,33fa609f61894e1a268c7991d247ae7451446f35c0f20da57e9014c2ba034052,raw/TP_BTO3_2020-01-01_2026-06-30_response.json.gz,5a34445adb6157cd3dc7d4849200c49df9089e5399fd2a16721b05ed818ce2e6,observed,within_series_coverage,False,False
TP.BTO3,2024-02,2024-02-01,2024-02-29,2024-02,50,11242.0,11242.00000000,False,1706734800,bounced_check_count,Karsiliksiz cek adedini (aylik) izlemek; tutar serisiyle (TP.BTO4) birlikte odeme sistemleri istatistiklerinin iki tamamlayici olcusu.,Karşılıksız Çek Adedi,Volume of Bad Cheques,bie_btocek,AYLIK,,sum,İstanbul Takas ve Saklama Bankası A.Ş. (Takasbank),raw/TP_BTO3_2020-01-01_2026-06-30_request.json,33fa609f61894e1a268c7991d247ae7451446f35c0f20da57e9014c2ba034052,raw/TP_BTO3_2020-01-01_2026-06-30_response.json.gz,5a34445adb6157cd3dc7d4849200c49df9089e5399fd2a16721b05ed818ce2e6,observed,within_series_coverage,False,False
TP.BTO3,2024-03,2024-03-01,2024-03-31,2024-03,51,8270.0,8270.00000000,False,1709240400,bounced_check_count,Karsiliksiz cek adedini (aylik) izlemek; tutar serisiyle (TP.BTO4) birlikte odeme sistemleri istatistiklerinin iki tamamlayici olcusu.,Karşılıksız Çek Adedi,Volume of Bad Cheques,bie_btocek,AYLIK,,sum,İstanbul Takas ve Saklama Bankası A.Ş. (Takasbank),raw/TP_BTO3_2020-01-01_2026-06-30_request.json,33fa609f61894e1a268c7991d247ae7451446f35c0f20da57e9014c2ba034052,raw/TP_BTO3_2020-01-01_2026-06-30_response.json.gz,5a34445adb6157cd3dc7d4849200c49df9089e5399fd2a16721b05ed818ce2e6,observed,within_series_coverage,False,False
TP.BTO3,2024-04,2024-04-01,2024-04-30,2024-04,52,20098.0,20098.00000000,False,1711918800,bounced_check_count,Karsiliksiz cek adedini (aylik) izlemek; tutar serisiyle (TP.BTO4) birlikte odeme sistemleri istatistiklerinin iki tamamlayici olcusu.,Karşılıksız Çek Adedi,Volume of Bad Cheques,bie_btocek,AYLIK,,sum,İstanbul Takas ve Saklama Bankası A.Ş. (Takasbank),raw/TP_BTO3_2020-01-01_2026-06-30_request.json,33fa609f61894e1a268c7991d247ae7451446f35c0f20da57e9014c2ba034052,raw/TP_BTO3_2020-01-01_2026-06-30_response.json.gz,5a34445adb6157cd3dc7d4849200c49df9089e5399fd2a16721b05ed818ce2e6,observed,within_series_coverage,False,False
TP.BTO3,2024-05,2024-05-01,2024-05-31,2024-05,53,15790.0,15790.00000000,False,1714510800,bounced_check_count,Karsiliksiz cek adedini (aylik) izlemek; tutar serisiyle (TP.BTO4) birlikte odeme sistemleri istatistiklerinin iki tamamlayici olcusu.,Karşılıksız Çek Adedi,Volume of Bad Cheques,bie_btocek,AYLIK,,sum,İstanbul Takas ve Saklama Bankası A.Ş. (Takasbank),raw/TP_BTO3_2020-01-01_2026-06-30_request.json,33fa609f61894e1a268c7991d247ae7451446f35c0f20da57e9014c2ba034052,raw/TP_BTO3_2020-01-01_2026-06-30_response.json.gz,5a34445adb6157cd3dc7d4849200c49df9089e5399fd2a16721b05ed818ce2e6,observed,within_series_coverage,False,False
TP.BTO3,2024-06,2024-06-01,2024-06-30,2024-06,54,10546.0,10546.00000000,False,1717189200,bounced_check_count,Karsiliksiz cek adedini (aylik) izlemek; tutar serisiyle (TP.BTO4) birlikte odeme sistemleri istatistiklerinin iki tamamlayici olcusu.,Karşılıksız Çek Adedi,Volume of Bad Cheques,bie_btocek,AYLIK,,sum,İstanbul Takas ve Saklama Bankası A.Ş. (Takasbank),raw/TP_BTO3_2020-01-01_2026-06-30_request.json,33fa609f61894e1a268c7991d247ae7451446f35c0f20da57e9014c2ba034052,raw/TP_BTO3_2020-01-01_2026-06-30_response.json.gz,5a34445adb6157cd3dc7d4849200c49df9089e5399fd2a16721b05ed818ce2e6,observed,within_series_coverage,False,False
TP.BTO3,2024-07,2024-07-01,2024-07-31,2024-07,55,26351.0,26351.00000000,False,1719781200,bounced_check_count,Karsiliksiz cek adedini (aylik) izlemek; tutar serisiyle (TP.BTO4) birlikte odeme sistemleri istatistiklerinin iki tamamlayici olcusu.,Karşılıksız Çek Adedi,Volume of Bad Cheques,bie_btocek,AYLIK,,sum,İstanbul Takas ve Saklama Bankası A.Ş. (Takasbank),raw/TP_BTO3_2020-01-01_2026-06-30_request.json,33fa609f61894e1a268c7991d247ae7451446f35c0f20da57e9014c2ba034052,raw/TP_BTO3_2020-01-01_2026-06-30_response.json.gz,5a34445adb6157cd3dc7d4849200c49df9089e5399fd2a16721b05ed818ce2e6,observed,within_series_coverage,False,False
TP.BTO3,2024-08,2024-08-01,2024-08-31,2024-08,56,12030.0,12030.00000000,False,1722459600,bounced_check_count,Karsiliksiz cek adedini (aylik) izlemek; tutar serisiyle (TP.BTO4) birlikte odeme sistemleri istatistiklerinin iki tamamlayici olcusu.,Karşılıksız Çek Adedi,Volume of Bad Cheques,bie_btocek,AYLIK,,sum,İstanbul Takas ve Saklama Bankası A.Ş. (Takasbank),raw/TP_BTO3_2020-01-01_2026-06-30_request.json,33fa609f61894e1a268c7991d247ae7451446f35c0f20da57e9014c2ba034052,raw/TP_BTO3_2020-01-01_2026-06-30_response.json.gz,5a34445adb6157cd3dc7d4849200c49df9089e5399fd2a16721b05ed818ce2e6,observed,within_series_coverage,False,False
TP.BTO3,2024-09,2024-09-01,2024-09-30,2024-09,57,25523.0,25523.00000000,False,1725138000,bounced_check_count,Karsiliksiz cek adedini (aylik) izlemek; tutar serisiyle (TP.BTO4) birlikte odeme sistemleri istatistiklerinin iki tamamlayici olcusu.,Karşılıksız Çek Adedi,Volume of Bad Cheques,bie_btocek,AYLIK,,sum,İstanbul Takas ve Saklama Bankası A.Ş. (Takasbank),raw/TP_BTO3_2020-01-01_2026-06-30_request.json,33fa609f61894e1a268c7991d247ae7451446f35c0f20da57e9014c2ba034052,raw/TP_BTO3_2020-01-01_2026-06-30_response.json.gz,5a34445adb6157cd3dc7d4849200c49df9089e5399fd2a16721b05ed818ce2e6,observed,within_series_coverage,False,False
TP.BTO3,2024-10,2024-10-01,2024-10-31,2024-10,58,18619.0,18619.00000000,False,1727730000,bounced_check_count,Karsiliksiz cek adedini (aylik) izlemek; tutar serisiyle (TP.BTO4) birlikte odeme sistemleri istatistiklerinin iki tamamlayici olcusu.,Karşılıksız Çek Adedi,Volume of Bad Cheques,bie_btocek,AYLIK,,sum,İstanbul Takas ve Saklama Bankası A.Ş. (Takasbank),raw/TP_BTO3_2020-01-01_2026-06-30_request.json,33fa609f61894e1a268c7991d247ae7451446f35c0f20da57e9014c2ba034052,raw/TP_BTO3_2020-01-01_2026-06-30_response.json.gz,5a34445adb6157cd3dc7d4849200c49df9089e5399fd2a16721b05ed818ce2e6,observed,within_series_coverage,False,False
TP.BTO3,2024-11,2024-11-01,2024-11-30,2024-11,59,11480.0,11480.00000000,False,1730408400,bounced_check_count,Karsiliksiz cek adedini (aylik) izlemek; tutar serisiyle (TP.BTO4) birlikte odeme sistemleri istatistiklerinin iki tamamlayici olcusu.,Karşılıksız Çek Adedi,Volume of Bad Cheques,bie_btocek,AYLIK,,sum,İstanbul Takas ve Saklama Bankası A.Ş. (Takasbank),raw/TP_BTO3_2020-01-01_2026-06-30_request.json,33fa609f61894e1a268c7991d247ae7451446f35c0f20da57e9014c2ba034052,raw/TP_BTO3_2020-01-01_2026-06-30_response.json.gz,5a34445adb6157cd3dc7d4849200c49df9089e5399fd2a16721b05ed818ce2e6,observed,within_series_coverage,False,False
TP.BTO3,2024-12,2024-12-01,2024-12-31,2024-12,60,24729.0,24729.00000000,False,1733000400,bounced_check_count,Karsiliksiz cek adedini (aylik) izlemek; tutar serisiyle (TP.BTO4) birlikte odeme sistemleri istatistiklerinin iki tamamlayici olcusu.,Karşılıksız Çek Adedi,Volume of Bad Cheques,bie_btocek,AYLIK,,sum,İstanbul Takas ve Saklama Bankası A.Ş. (Takasbank),raw/TP_BTO3_2020-01-01_2026-06-30_request.json,33fa609f61894e1a268c7991d247ae7451446f35c0f20da57e9014c2ba034052,raw/TP_BTO3_2020-01-01_2026-06-30_response.json.gz,5a34445adb6157cd3dc7d4849200c49df9089e5399fd2a16721b05ed818ce2e6,observed,within_series_coverage,False,False
TP.BTO3,2025-01,2025-01-01,2025-01-31,2025-01,61,16202.0,16202.00000000,False,1735678800,bounced_check_count,Karsiliksiz cek adedini (aylik) izlemek; tutar serisiyle (TP.BTO4) birlikte odeme sistemleri istatistiklerinin iki tamamlayici olcusu.,Karşılıksız Çek Adedi,Volume of Bad Cheques,bie_btocek,AYLIK,,sum,İstanbul Takas ve Saklama Bankası A.Ş. (Takasbank),raw/TP_BTO3_2020-01-01_2026-06-30_request.json,33fa609f61894e1a268c7991d247ae7451446f35c0f20da57e9014c2ba034052,raw/TP_BTO3_2020-01-01_2026-06-30_response.json.gz,5a34445adb6157cd3dc7d4849200c49df9089e5399fd2a16721b05ed818ce2e6,observed,within_series_coverage,False,False
TP.BTO3,2025-02,2025-02-01,2025-02-28,2025-02,62,14708.0,14708.00000000,False,1738357200,bounced_check_count,Karsiliksiz cek adedini (aylik) izlemek; tutar serisiyle (TP.BTO4) birlikte odeme sistemleri istatistiklerinin iki tamamlayici olcusu.,Karşılıksız Çek Adedi,Volume of Bad Cheques,bie_btocek,AYLIK,,sum,İstanbul Takas ve Saklama Bankası A.Ş. (Takasbank),raw/TP_BTO3_2020-01-01_2026-06-30_request.json,33fa609f61894e1a268c7991d247ae7451446f35c0f20da57e9014c2ba034052,raw/TP_BTO3_2020-01-01_2026-06-30_response.json.gz,5a34445adb6157cd3dc7d4849200c49df9089e5399fd2a16721b05ed818ce2e6,observed,within_series_coverage,False,False
TP.BTO3,2025-03,2025-03-01,2025-03-31,2025-03,63,10261.0,10261.00000000,False,1740776400,bounced_check_count,Karsiliksiz cek adedini (aylik) izlemek; tutar serisiyle (TP.BTO4) birlikte odeme sistemleri istatistiklerinin iki tamamlayici olcusu.,Karşılıksız Çek Adedi,Volume of Bad Cheques,bie_btocek,AYLIK,,sum,İstanbul Takas ve Saklama Bankası A.Ş. (Takasbank),raw/TP_BTO3_2020-01-01_2026-06-30_request.json,33fa609f61894e1a268c7991d247ae7451446f35c0f20da57e9014c2ba034052,raw/TP_BTO3_2020-01-01_2026-06-30_response.json.gz,5a34445adb6157cd3dc7d4849200c49df9089e5399fd2a16721b05ed818ce2e6,observed,within_series_coverage,False,False
TP.BTO3,2025-04,2025-04-01,2025-04-30,2025-04,64,22566.0,22566.00000000,False,1743454800,bounced_check_count,Karsiliksiz cek adedini (aylik) izlemek; tutar serisiyle (TP.BTO4) birlikte odeme sistemleri istatistiklerinin iki tamamlayici olcusu.,Karşılıksız Çek Adedi,Volume of Bad Cheques,bie_btocek,AYLIK,,sum,İstanbul Takas ve Saklama Bankası A.Ş. (Takasbank),raw/TP_BTO3_2020-01-01_2026-06-30_request.json,33fa609f61894e1a268c7991d247ae7451446f35c0f20da57e9014c2ba034052,raw/TP_BTO3_2020-01-01_2026-06-30_response.json.gz,5a34445adb6157cd3dc7d4849200c49df9089e5399fd2a16721b05ed818ce2e6,observed,within_series_coverage,False,False
TP.BTO3,2025-05,2025-05-01,2025-05-31,2025-05,65,13932.0,13932.00000000,False,1746046800,bounced_check_count,Karsiliksiz cek adedini (aylik) izlemek; tutar serisiyle (TP.BTO4) birlikte odeme sistemleri istatistiklerinin iki tamamlayici olcusu.,Karşılıksız Çek Adedi,Volume of Bad Cheques,bie_btocek,AYLIK,,sum,İstanbul Takas ve Saklama Bankası A.Ş. (Takasbank),raw/TP_BTO3_2020-01-01_2026-06-30_request.json,33fa609f61894e1a268c7991d247ae7451446f35c0f20da57e9014c2ba034052,raw/TP_BTO3_2020-01-01_2026-06-30_response.json.gz,5a34445adb6157cd3dc7d4849200c49df9089e5399fd2a16721b05ed818ce2e6,observed,within_series_coverage,False,False
TP.BTO3,2025-06,2025-06-01,2025-06-30,2025-06,66,23519.0,23519.00000000,False,1748725200,bounced_check_count,Karsiliksiz cek adedini (aylik) izlemek; tutar serisiyle (TP.BTO4) birlikte odeme sistemleri istatistiklerinin iki tamamlayici olcusu.,Karşılıksız Çek Adedi,Volume of Bad Cheques,bie_btocek,AYLIK,,sum,İstanbul Takas ve Saklama Bankası A.Ş. (Takasbank),raw/TP_BTO3_2020-01-01_2026-06-30_request.json,33fa609f61894e1a268c7991d247ae7451446f35c0f20da57e9014c2ba034052,raw/TP_BTO3_2020-01-01_2026-06-30_response.json.gz,5a34445adb6157cd3dc7d4849200c49df9089e5399fd2a16721b05ed818ce2e6,observed,within_series_coverage,False,False
TP.BTO3,2025-07,2025-07-01,2025-07-31,2025-07,67,21050.0,21050.00000000,False,1751317200,bounced_check_count,Karsiliksiz cek adedini (aylik) izlemek; tutar serisiyle (TP.BTO4) birlikte odeme sistemleri istatistiklerinin iki tamamlayici olcusu.,Karşılıksız Çek Adedi,Volume of Bad Cheques,bie_btocek,AYLIK,,sum,İstanbul Takas ve Saklama Bankası A.Ş. (Takasbank),raw/TP_BTO3_2020-01-01_2026-06-30_request.json,33fa609f61894e1a268c7991d247ae7451446f35c0f20da57e9014c2ba034052,raw/TP_BTO3_2020-01-01_2026-06-30_response.json.gz,5a34445adb6157cd3dc7d4849200c49df9089e5399fd2a16721b05ed818ce2e6,observed,within_series_coverage,False,False
TP.BTO3,2025-08,2025-08-01,2025-08-31,2025-08,68,14242.0,14242.00000000,False,1753995600,bounced_check_count,Karsiliksiz cek adedini (aylik) izlemek; tutar serisiyle (TP.BTO4) birlikte odeme sistemleri istatistiklerinin iki tamamlayici olcusu.,Karşılıksız Çek Adedi,Volume of Bad Cheques,bie_btocek,AYLIK,,sum,İstanbul Takas ve Saklama Bankası A.Ş. (Takasbank),raw/TP_BTO3_2020-01-01_2026-06-30_request.json,33fa609f61894e1a268c7991d247ae7451446f35c0f20da57e9014c2ba034052,raw/TP_BTO3_2020-01-01_2026-06-30_response.json.gz,5a34445adb6157cd3dc7d4849200c49df9089e5399fd2a16721b05ed818ce2e6,observed,within_series_coverage,False,False
TP.BTO3,2025-09,2025-09-01,2025-09-30,2025-09,69,28688.0,28688.00000000,False,1756674000,bounced_check_count,Karsiliksiz cek adedini (aylik) izlemek; tutar serisiyle (TP.BTO4) birlikte odeme sistemleri istatistiklerinin iki tamamlayici olcusu.,Karşılıksız Çek Adedi,Volume of Bad Cheques,bie_btocek,AYLIK,,sum,İstanbul Takas ve Saklama Bankası A.Ş. (Takasbank),raw/TP_BTO3_2020-01-01_2026-06-30_request.json,33fa609f61894e1a268c7991d247ae7451446f35c0f20da57e9014c2ba034052,raw/TP_BTO3_2020-01-01_2026-06-30_response.json.gz,5a34445adb6157cd3dc7d4849200c49df9089e5399fd2a16721b05ed818ce2e6,observed,within_series_coverage,False,False
TP.BTO3,2025-10,2025-10-01,2025-10-31,2025-10,70,21713.0,21713.00000000,False,1759266000,bounced_check_count,Karsiliksiz cek adedini (aylik) izlemek; tutar serisiyle (TP.BTO4) birlikte odeme sistemleri istatistiklerinin iki tamamlayici olcusu.,Karşılıksız Çek Adedi,Volume of Bad Cheques,bie_btocek,AYLIK,,sum,İstanbul Takas ve Saklama Bankası A.Ş. (Takasbank),raw/TP_BTO3_2020-01-01_2026-06-30_request.json,33fa609f61894e1a268c7991d247ae7451446f35c0f20da57e9014c2ba034052,raw/TP_BTO3_2020-01-01_2026-06-30_response.json.gz,5a34445adb6157cd3dc7d4849200c49df9089e5399fd2a16721b05ed818ce2e6,observed,within_series_coverage,False,False
TP.BTO3,2025-11,2025-11-01,2025-11-30,2025-11,71,13658.0,13658.00000000,False,1761944400,bounced_check_count,Karsiliksiz cek adedini (aylik) izlemek; tutar serisiyle (TP.BTO4) birlikte odeme sistemleri istatistiklerinin iki tamamlayici olcusu.,Karşılıksız Çek Adedi,Volume of Bad Cheques,bie_btocek,AYLIK,,sum,İstanbul Takas ve Saklama Bankası A.Ş. (Takasbank),raw/TP_BTO3_2020-01-01_2026-06-30_request.json,33fa609f61894e1a268c7991d247ae7451446f35c0f20da57e9014c2ba034052,raw/TP_BTO3_2020-01-01_2026-06-30_response.json.gz,5a34445adb6157cd3dc7d4849200c49df9089e5399fd2a16721b05ed818ce2e6,observed,within_series_coverage,False,False
TP.BTO3,2025-12,2025-12-01,2025-12-31,2025-12,72,28602.0,28602.00000000,False,1764536400,bounced_check_count,Karsiliksiz cek adedini (aylik) izlemek; tutar serisiyle (TP.BTO4) birlikte odeme sistemleri istatistiklerinin iki tamamlayici olcusu.,Karşılıksız Çek Adedi,Volume of Bad Cheques,bie_btocek,AYLIK,,sum,İstanbul Takas ve Saklama Bankası A.Ş. (Takasbank),raw/TP_BTO3_2020-01-01_2026-06-30_request.json,33fa609f61894e1a268c7991d247ae7451446f35c0f20da57e9014c2ba034052,raw/TP_BTO3_2020-01-01_2026-06-30_response.json.gz,5a34445adb6157cd3dc7d4849200c49df9089e5399fd2a16721b05ed818ce2e6,observed,within_series_coverage,False,False
TP.BTO3,2026-01,2026-01-01,2026-01-31,2026-01,73,14332.0,14332.00000000,False,1767214800,bounced_check_count,Karsiliksiz cek adedini (aylik) izlemek; tutar serisiyle (TP.BTO4) birlikte odeme sistemleri istatistiklerinin iki tamamlayici olcusu.,Karşılıksız Çek Adedi,Volume of Bad Cheques,bie_btocek,AYLIK,,sum,İstanbul Takas ve Saklama Bankası A.Ş. (Takasbank),raw/TP_BTO3_2020-01-01_2026-06-30_request.json,33fa609f61894e1a268c7991d247ae7451446f35c0f20da57e9014c2ba034052,raw/TP_BTO3_2020-01-01_2026-06-30_response.json.gz,5a34445adb6157cd3dc7d4849200c49df9089e5399fd2a16721b05ed818ce2e6,observed,within_series_coverage,False,False
TP.BTO3,2026-02,2026-02-01,2026-02-28,2026-02,74,15099.0,15099.00000000,False,1769893200,bounced_check_count,Karsiliksiz cek adedini (aylik) izlemek; tutar serisiyle (TP.BTO4) birlikte odeme sistemleri istatistiklerinin iki tamamlayici olcusu.,Karşılıksız Çek Adedi,Volume of Bad Cheques,bie_btocek,AYLIK,,sum,İstanbul Takas ve Saklama Bankası A.Ş. (Takasbank),raw/TP_BTO3_2020-01-01_2026-06-30_request.json,33fa609f61894e1a268c7991d247ae7451446f35c0f20da57e9014c2ba034052,raw/TP_BTO3_2020-01-01_2026-06-30_response.json.gz,5a34445adb6157cd3dc7d4849200c49df9089e5399fd2a16721b05ed818ce2e6,observed,within_series_coverage,False,False
TP.BTO3,2026-03,2026-03-01,2026-03-31,2026-03,75,24306.0,24306.00000000,False,1772312400,bounced_check_count,Karsiliksiz cek adedini (aylik) izlemek; tutar serisiyle (TP.BTO4) birlikte odeme sistemleri istatistiklerinin iki tamamlayici olcusu.,Karşılıksız Çek Adedi,Volume of Bad Cheques,bie_btocek,AYLIK,,sum,İstanbul Takas ve Saklama Bankası A.Ş. (Takasbank),raw/TP_BTO3_2020-01-01_2026-06-30_request.json,33fa609f61894e1a268c7991d247ae7451446f35c0f20da57e9014c2ba034052,raw/TP_BTO3_2020-01-01_2026-06-30_response.json.gz,5a34445adb6157cd3dc7d4849200c49df9089e5399fd2a16721b05ed818ce2e6,observed,within_series_coverage,False,False
TP.BTO3,2026-04,2026-04-01,2026-04-30,2026-04,76,18131.0,18131.00000000,False,1774990800,bounced_check_count,Karsiliksiz cek adedini (aylik) izlemek; tutar serisiyle (TP.BTO4) birlikte odeme sistemleri istatistiklerinin iki tamamlayici olcusu.,Karşılıksız Çek Adedi,Volume of Bad Cheques,bie_btocek,AYLIK,,sum,İstanbul Takas ve Saklama Bankası A.Ş. (Takasbank),raw/TP_BTO3_2020-01-01_2026-06-30_request.json,33fa609f61894e1a268c7991d247ae7451446f35c0f20da57e9014c2ba034052,raw/TP_BTO3_2020-01-01_2026-06-30_response.json.gz,5a34445adb6157cd3dc7d4849200c49df9089e5399fd2a16721b05ed818ce2e6,observed,within_series_coverage,False,False
TP.BTO3,2026-05,2026-05-01,2026-05-31,2026-05,77,10345.0,10345.00000000,False,1777582800,bounced_check_count,Karsiliksiz cek adedini (aylik) izlemek; tutar serisiyle (TP.BTO4) birlikte odeme sistemleri istatistiklerinin iki tamamlayici olcusu.,Karşılıksız Çek Adedi,Volume of Bad Cheques,bie_btocek,AYLIK,,sum,İstanbul Takas ve Saklama Bankası A.Ş. (Takasbank),raw/TP_BTO3_2020-01-01_2026-06-30_request.json,33fa609f61894e1a268c7991d247ae7451446f35c0f20da57e9014c2ba034052,raw/TP_BTO3_2020-01-01_2026-06-30_response.json.gz,5a34445adb6157cd3dc7d4849200c49df9089e5399fd2a16721b05ed818ce2e6,observed,within_series_coverage,False,False
TP.BTO3,2026-06,2026-06-01,2026-06-30,2026-06,78,29827.0,29827.00000000,False,1780261200,bounced_check_count,Karsiliksiz cek adedini (aylik) izlemek; tutar serisiyle (TP.BTO4) birlikte odeme sistemleri istatistiklerinin iki tamamlayici olcusu.,Karşılıksız Çek Adedi,Volume of Bad Cheques,bie_btocek,AYLIK,,sum,İstanbul Takas ve Saklama Bankası A.Ş. (Takasbank),raw/TP_BTO3_2020-01-01_2026-06-30_request.json,33fa609f61894e1a268c7991d247ae7451446f35c0f20da57e9014c2ba034052,raw/TP_BTO3_2020-01-01_2026-06-30_response.json.gz,5a34445adb6157cd3dc7d4849200c49df9089e5399fd2a16721b05ed818ce2e6,observed,within_series_coverage,False,False
TP.BTO4,2020-01,2020-01-01,2020-01-31,2020-01,1,702148.685,702148.68500000,False,1577833200,bounced_check_amount,"Karsiliksiz cek tutarini (Bin TL, aylik) izlemek; adet serisi TP.BTO3 ayrica eklendi, Protestolu Senet EVDS katalogunda bulunamadi (atlandi, commit mesajinda belirtildi).",Karşılıksız Çek Tutarı (Bin TL),Value of Bad Cheques (Thousand TRY),bie_btocek,AYLIK,,sum,İstanbul Takas ve Saklama Bankası A.Ş. (Takasbank),raw/TP_BTO4_2020-01-01_2026-06-30_request.json,2be0ff44ffe20bb26869fec4988656e5b905f5192aef17bdc5d7c267c6d5eaaa,raw/TP_BTO4_2020-01-01_2026-06-30_response.json.gz,cba23c37474fd31b17babdf43505a701f882df854c3d4201d1be68c81441fbc6,observed,within_series_coverage,False,False
TP.BTO4,2020-02,2020-02-01,2020-02-29,2020-02,2,503529.244,503529.24400000,False,1580511600,bounced_check_amount,"Karsiliksiz cek tutarini (Bin TL, aylik) izlemek; adet serisi TP.BTO3 ayrica eklendi, Protestolu Senet EVDS katalogunda bulunamadi (atlandi, commit mesajinda belirtildi).",Karşılıksız Çek Tutarı (Bin TL),Value of Bad Cheques (Thousand TRY),bie_btocek,AYLIK,,sum,İstanbul Takas ve Saklama Bankası A.Ş. (Takasbank),raw/TP_BTO4_2020-01-01_2026-06-30_request.json,2be0ff44ffe20bb26869fec4988656e5b905f5192aef17bdc5d7c267c6d5eaaa,raw/TP_BTO4_2020-01-01_2026-06-30_response.json.gz,cba23c37474fd31b17babdf43505a701f882df854c3d4201d1be68c81441fbc6,observed,within_series_coverage,False,False
TP.BTO4,2020-03,2020-03-01,2020-03-31,2020-03,3,1094184.133,1094184.13300000,False,1583017200,bounced_check_amount,"Karsiliksiz cek tutarini (Bin TL, aylik) izlemek; adet serisi TP.BTO3 ayrica eklendi, Protestolu Senet EVDS katalogunda bulunamadi (atlandi, commit mesajinda belirtildi).",Karşılıksız Çek Tutarı (Bin TL),Value of Bad Cheques (Thousand TRY),bie_btocek,AYLIK,,sum,İstanbul Takas ve Saklama Bankası A.Ş. (Takasbank),raw/TP_BTO4_2020-01-01_2026-06-30_request.json,2be0ff44ffe20bb26869fec4988656e5b905f5192aef17bdc5d7c267c6d5eaaa,raw/TP_BTO4_2020-01-01_2026-06-30_response.json.gz,cba23c37474fd31b17babdf43505a701f882df854c3d4201d1be68c81441fbc6,observed,within_series_coverage,False,False
TP.BTO4,2020-04,2020-04-01,2020-04-30,2020-04,4,1189399.354,1189399.35400000,False,1585692000,bounced_check_amount,"Karsiliksiz cek tutarini (Bin TL, aylik) izlemek; adet serisi TP.BTO3 ayrica eklendi, Protestolu Senet EVDS katalogunda bulunamadi (atlandi, commit mesajinda belirtildi).",Karşılıksız Çek Tutarı (Bin TL),Value of Bad Cheques (Thousand TRY),bie_btocek,AYLIK,,sum,İstanbul Takas ve Saklama Bankası A.Ş. (Takasbank),raw/TP_BTO4_2020-01-01_2026-06-30_request.json,2be0ff44ffe20bb26869fec4988656e5b905f5192aef17bdc5d7c267c6d5eaaa,raw/TP_BTO4_2020-01-01_2026-06-30_response.json.gz,cba23c37474fd31b17babdf43505a701f882df854c3d4201d1be68c81441fbc6,observed,within_series_coverage,False,False
TP.BTO4,2020-05,2020-05-01,2020-05-31,2020-05,5,596359.311,596359.31100000,False,1588284000,bounced_check_amount,"Karsiliksiz cek tutarini (Bin TL, aylik) izlemek; adet serisi TP.BTO3 ayrica eklendi, Protestolu Senet EVDS katalogunda bulunamadi (atlandi, commit mesajinda belirtildi).",Karşılıksız Çek Tutarı (Bin TL),Value of Bad Cheques (Thousand TRY),bie_btocek,AYLIK,,sum,İstanbul Takas ve Saklama Bankası A.Ş. (Takasbank),raw/TP_BTO4_2020-01-01_2026-06-30_request.json,2be0ff44ffe20bb26869fec4988656e5b905f5192aef17bdc5d7c267c6d5eaaa,raw/TP_BTO4_2020-01-01_2026-06-30_response.json.gz,cba23c37474fd31b17babdf43505a701f882df854c3d4201d1be68c81441fbc6,observed,within_series_coverage,False,False
TP.BTO4,2020-06,2020-06-01,2020-06-30,2020-06,6,1074674.38,1074674.38000000,False,1590962400,bounced_check_amount,"Karsiliksiz cek tutarini (Bin TL, aylik) izlemek; adet serisi TP.BTO3 ayrica eklendi, Protestolu Senet EVDS katalogunda bulunamadi (atlandi, commit mesajinda belirtildi).",Karşılıksız Çek Tutarı (Bin TL),Value of Bad Cheques (Thousand TRY),bie_btocek,AYLIK,,sum,İstanbul Takas ve Saklama Bankası A.Ş. (Takasbank),raw/TP_BTO4_2020-01-01_2026-06-30_request.json,2be0ff44ffe20bb26869fec4988656e5b905f5192aef17bdc5d7c267c6d5eaaa,raw/TP_BTO4_2020-01-01_2026-06-30_response.json.gz,cba23c37474fd31b17babdf43505a701f882df854c3d4201d1be68c81441fbc6,observed,within_series_coverage,False,False
TP.BTO4,2020-07,2020-07-01,2020-07-31,2020-07,7,614078.375,614078.37500000,False,1593554400,bounced_check_amount,"Karsiliksiz cek tutarini (Bin TL, aylik) izlemek; adet serisi TP.BTO3 ayrica eklendi, Protestolu Senet EVDS katalogunda bulunamadi (atlandi, commit mesajinda belirtildi).",Karşılıksız Çek Tutarı (Bin TL),Value of Bad Cheques (Thousand TRY),bie_btocek,AYLIK,,sum,İstanbul Takas ve Saklama Bankası A.Ş. (Takasbank),raw/TP_BTO4_2020-01-01_2026-06-30_request.json,2be0ff44ffe20bb26869fec4988656e5b905f5192aef17bdc5d7c267c6d5eaaa,raw/TP_BTO4_2020-01-01_2026-06-30_response.json.gz,cba23c37474fd31b17babdf43505a701f882df854c3d4201d1be68c81441fbc6,observed,within_series_coverage,False,False
TP.BTO4,2020-08,2020-08-01,2020-08-31,2020-08,8,1072443.092,1072443.09200000,False,1596232800,bounced_check_amount,"Karsiliksiz cek tutarini (Bin TL, aylik) izlemek; adet serisi TP.BTO3 ayrica eklendi, Protestolu Senet EVDS katalogunda bulunamadi (atlandi, commit mesajinda belirtildi).",Karşılıksız Çek Tutarı (Bin TL),Value of Bad Cheques (Thousand TRY),bie_btocek,AYLIK,,sum,İstanbul Takas ve Saklama Bankası A.Ş. (Takasbank),raw/TP_BTO4_2020-01-01_2026-06-30_request.json,2be0ff44ffe20bb26869fec4988656e5b905f5192aef17bdc5d7c267c6d5eaaa,raw/TP_BTO4_2020-01-01_2026-06-30_response.json.gz,cba23c37474fd31b17babdf43505a701f882df854c3d4201d1be68c81441fbc6,observed,within_series_coverage,False,False
TP.BTO4,2020-09,2020-09-01,2020-09-30,2020-09,9,561653.647,561653.64700000,False,1598911200,bounced_check_amount,"Karsiliksiz cek tutarini (Bin TL, aylik) izlemek; adet serisi TP.BTO3 ayrica eklendi, Protestolu Senet EVDS katalogunda bulunamadi (atlandi, commit mesajinda belirtildi).",Karşılıksız Çek Tutarı (Bin TL),Value of Bad Cheques (Thousand TRY),bie_btocek,AYLIK,,sum,İstanbul Takas ve Saklama Bankası A.Ş. (Takasbank),raw/TP_BTO4_2020-01-01_2026-06-30_request.json,2be0ff44ffe20bb26869fec4988656e5b905f5192aef17bdc5d7c267c6d5eaaa,raw/TP_BTO4_2020-01-01_2026-06-30_response.json.gz,cba23c37474fd31b17babdf43505a701f882df854c3d4201d1be68c81441fbc6,observed,within_series_coverage,False,False
TP.BTO4,2020-10,2020-10-01,2020-10-31,2020-10,10,438328.973,438328.97300000,False,1601503200,bounced_check_amount,"Karsiliksiz cek tutarini (Bin TL, aylik) izlemek; adet serisi TP.BTO3 ayrica eklendi, Protestolu Senet EVDS katalogunda bulunamadi (atlandi, commit mesajinda belirtildi).",Karşılıksız Çek Tutarı (Bin TL),Value of Bad Cheques (Thousand TRY),bie_btocek,AYLIK,,sum,İstanbul Takas ve Saklama Bankası A.Ş. (Takasbank),raw/TP_BTO4_2020-01-01_2026-06-30_request.json,2be0ff44ffe20bb26869fec4988656e5b905f5192aef17bdc5d7c267c6d5eaaa,raw/TP_BTO4_2020-01-01_2026-06-30_response.json.gz,cba23c37474fd31b17babdf43505a701f882df854c3d4201d1be68c81441fbc6,observed,within_series_coverage,False,False
TP.BTO4,2020-11,2020-11-01,2020-11-30,2020-11,11,661170.13,661170.13000000,False,1604185200,bounced_check_amount,"Karsiliksiz cek tutarini (Bin TL, aylik) izlemek; adet serisi TP.BTO3 ayrica eklendi, Protestolu Senet EVDS katalogunda bulunamadi (atlandi, commit mesajinda belirtildi).",Karşılıksız Çek Tutarı (Bin TL),Value of Bad Cheques (Thousand TRY),bie_btocek,AYLIK,,sum,İstanbul Takas ve Saklama Bankası A.Ş. (Takasbank),raw/TP_BTO4_2020-01-01_2026-06-30_request.json,2be0ff44ffe20bb26869fec4988656e5b905f5192aef17bdc5d7c267c6d5eaaa,raw/TP_BTO4_2020-01-01_2026-06-30_response.json.gz,cba23c37474fd31b17babdf43505a701f882df854c3d4201d1be68c81441fbc6,observed,within_series_coverage,False,False
TP.BTO4,2020-12,2020-12-01,2020-12-31,2020-12,12,718012.341,718012.34100000,False,1606777200,bounced_check_amount,"Karsiliksiz cek tutarini (Bin TL, aylik) izlemek; adet serisi TP.BTO3 ayrica eklendi, Protestolu Senet EVDS katalogunda bulunamadi (atlandi, commit mesajinda belirtildi).",Karşılıksız Çek Tutarı (Bin TL),Value of Bad Cheques (Thousand TRY),bie_btocek,AYLIK,,sum,İstanbul Takas ve Saklama Bankası A.Ş. (Takasbank),raw/TP_BTO4_2020-01-01_2026-06-30_request.json,2be0ff44ffe20bb26869fec4988656e5b905f5192aef17bdc5d7c267c6d5eaaa,raw/TP_BTO4_2020-01-01_2026-06-30_response.json.gz,cba23c37474fd31b17babdf43505a701f882df854c3d4201d1be68c81441fbc6,observed,within_series_coverage,False,False
TP.BTO4,2021-01,2021-01-01,2021-01-31,2021-01,13,439026.323,439026.32300000,False,1609455600,bounced_check_amount,"Karsiliksiz cek tutarini (Bin TL, aylik) izlemek; adet serisi TP.BTO3 ayrica eklendi, Protestolu Senet EVDS katalogunda bulunamadi (atlandi, commit mesajinda belirtildi).",Karşılıksız Çek Tutarı (Bin TL),Value of Bad Cheques (Thousand TRY),bie_btocek,AYLIK,,sum,İstanbul Takas ve Saklama Bankası A.Ş. (Takasbank),raw/TP_BTO4_2020-01-01_2026-06-30_request.json,2be0ff44ffe20bb26869fec4988656e5b905f5192aef17bdc5d7c267c6d5eaaa,raw/TP_BTO4_2020-01-01_2026-06-30_response.json.gz,cba23c37474fd31b17babdf43505a701f882df854c3d4201d1be68c81441fbc6,observed,within_series_coverage,False,False
TP.BTO4,2021-02,2021-02-01,2021-02-28,2021-02,14,587438.738,587438.73800000,False,1612134000,bounced_check_amount,"Karsiliksiz cek tutarini (Bin TL, aylik) izlemek; adet serisi TP.BTO3 ayrica eklendi, Protestolu Senet EVDS katalogunda bulunamadi (atlandi, commit mesajinda belirtildi).",Karşılıksız Çek Tutarı (Bin TL),Value of Bad Cheques (Thousand TRY),bie_btocek,AYLIK,,sum,İstanbul Takas ve Saklama Bankası A.Ş. (Takasbank),raw/TP_BTO4_2020-01-01_2026-06-30_request.json,2be0ff44ffe20bb26869fec4988656e5b905f5192aef17bdc5d7c267c6d5eaaa,raw/TP_BTO4_2020-01-01_2026-06-30_response.json.gz,cba23c37474fd31b17babdf43505a701f882df854c3d4201d1be68c81441fbc6,observed,within_series_coverage,False,False
TP.BTO4,2021-03,2021-03-01,2021-03-31,2021-03,15,853709.218,853709.21800000,False,1614553200,bounced_check_amount,"Karsiliksiz cek tutarini (Bin TL, aylik) izlemek; adet serisi TP.BTO3 ayrica eklendi, Protestolu Senet EVDS katalogunda bulunamadi (atlandi, commit mesajinda belirtildi).",Karşılıksız Çek Tutarı (Bin TL),Value of Bad Cheques (Thousand TRY),bie_btocek,AYLIK,,sum,İstanbul Takas ve Saklama Bankası A.Ş. (Takasbank),raw/TP_BTO4_2020-01-01_2026-06-30_request.json,2be0ff44ffe20bb26869fec4988656e5b905f5192aef17bdc5d7c267c6d5eaaa,raw/TP_BTO4_2020-01-01_2026-06-30_response.json.gz,cba23c37474fd31b17babdf43505a701f882df854c3d4201d1be68c81441fbc6,observed,within_series_coverage,False,False
TP.BTO4,2021-04,2021-04-01,2021-04-30,2021-04,16,438598.892,438598.89200000,False,1617224400,bounced_check_amount,"Karsiliksiz cek tutarini (Bin TL, aylik) izlemek; adet serisi TP.BTO3 ayrica eklendi, Protestolu Senet EVDS katalogunda bulunamadi (atlandi, commit mesajinda belirtildi).",Karşılıksız Çek Tutarı (Bin TL),Value of Bad Cheques (Thousand TRY),bie_btocek,AYLIK,,sum,İstanbul Takas ve Saklama Bankası A.Ş. (Takasbank),raw/TP_BTO4_2020-01-01_2026-06-30_request.json,2be0ff44ffe20bb26869fec4988656e5b905f5192aef17bdc5d7c267c6d5eaaa,raw/TP_BTO4_2020-01-01_2026-06-30_response.json.gz,cba23c37474fd31b17babdf43505a701f882df854c3d4201d1be68c81441fbc6,observed,within_series_coverage,False,False
TP.BTO4,2021-05,2021-05-01,2021-05-31,2021-05,17,0.0,0.00000000,False,1619816400,bounced_check_amount,"Karsiliksiz cek tutarini (Bin TL, aylik) izlemek; adet serisi TP.BTO3 ayrica eklendi, Protestolu Senet EVDS katalogunda bulunamadi (atlandi, commit mesajinda belirtildi).",Karşılıksız Çek Tutarı (Bin TL),Value of Bad Cheques (Thousand TRY),bie_btocek,AYLIK,,sum,İstanbul Takas ve Saklama Bankası A.Ş. (Takasbank),raw/TP_BTO4_2020-01-01_2026-06-30_request.json,2be0ff44ffe20bb26869fec4988656e5b905f5192aef17bdc5d7c267c6d5eaaa,raw/TP_BTO4_2020-01-01_2026-06-30_response.json.gz,cba23c37474fd31b17babdf43505a701f882df854c3d4201d1be68c81441fbc6,observed,within_series_coverage,False,False
TP.BTO4,2021-06,2021-06-01,2021-06-30,2021-06,18,1922413.355,1922413.35500000,False,1622494800,bounced_check_amount,"Karsiliksiz cek tutarini (Bin TL, aylik) izlemek; adet serisi TP.BTO3 ayrica eklendi, Protestolu Senet EVDS katalogunda bulunamadi (atlandi, commit mesajinda belirtildi).",Karşılıksız Çek Tutarı (Bin TL),Value of Bad Cheques (Thousand TRY),bie_btocek,AYLIK,,sum,İstanbul Takas ve Saklama Bankası A.Ş. (Takasbank),raw/TP_BTO4_2020-01-01_2026-06-30_request.json,2be0ff44ffe20bb26869fec4988656e5b905f5192aef17bdc5d7c267c6d5eaaa,raw/TP_BTO4_2020-01-01_2026-06-30_response.json.gz,cba23c37474fd31b17babdf43505a701f882df854c3d4201d1be68c81441fbc6,observed,within_series_coverage,False,False
TP.BTO4,2021-07,2021-07-01,2021-07-31,2021-07,19,786443.59,786443.59000000,False,1625086800,bounced_check_amount,"Karsiliksiz cek tutarini (Bin TL, aylik) izlemek; adet serisi TP.BTO3 ayrica eklendi, Protestolu Senet EVDS katalogunda bulunamadi (atlandi, commit mesajinda belirtildi).",Karşılıksız Çek Tutarı (Bin TL),Value of Bad Cheques (Thousand TRY),bie_btocek,AYLIK,,sum,İstanbul Takas ve Saklama Bankası A.Ş. (Takasbank),raw/TP_BTO4_2020-01-01_2026-06-30_request.json,2be0ff44ffe20bb26869fec4988656e5b905f5192aef17bdc5d7c267c6d5eaaa,raw/TP_BTO4_2020-01-01_2026-06-30_response.json.gz,cba23c37474fd31b17babdf43505a701f882df854c3d4201d1be68c81441fbc6,observed,within_series_coverage,False,False
TP.BTO4,2021-08,2021-08-01,2021-08-31,2021-08,20,1154308.054,1154308.05400000,False,1627765200,bounced_check_amount,"Karsiliksiz cek tutarini (Bin TL, aylik) izlemek; adet serisi TP.BTO3 ayrica eklendi, Protestolu Senet EVDS katalogunda bulunamadi (atlandi, commit mesajinda belirtildi).",Karşılıksız Çek Tutarı (Bin TL),Value of Bad Cheques (Thousand TRY),bie_btocek,AYLIK,,sum,İstanbul Takas ve Saklama Bankası A.Ş. (Takasbank),raw/TP_BTO4_2020-01-01_2026-06-30_request.json,2be0ff44ffe20bb26869fec4988656e5b905f5192aef17bdc5d7c267c6d5eaaa,raw/TP_BTO4_2020-01-01_2026-06-30_response.json.gz,cba23c37474fd31b17babdf43505a701f882df854c3d4201d1be68c81441fbc6,observed,within_series_coverage,False,False
TP.BTO4,2021-09,2021-09-01,2021-09-30,2021-09,21,939628.933,939628.93300000,False,1630443600,bounced_check_amount,"Karsiliksiz cek tutarini (Bin TL, aylik) izlemek; adet serisi TP.BTO3 ayrica eklendi, Protestolu Senet EVDS katalogunda bulunamadi (atlandi, commit mesajinda belirtildi).",Karşılıksız Çek Tutarı (Bin TL),Value of Bad Cheques (Thousand TRY),bie_btocek,AYLIK,,sum,İstanbul Takas ve Saklama Bankası A.Ş. (Takasbank),raw/TP_BTO4_2020-01-01_2026-06-30_request.json,2be0ff44ffe20bb26869fec4988656e5b905f5192aef17bdc5d7c267c6d5eaaa,raw/TP_BTO4_2020-01-01_2026-06-30_response.json.gz,cba23c37474fd31b17babdf43505a701f882df854c3d4201d1be68c81441fbc6,observed,within_series_coverage,False,False
TP.BTO4,2021-10,2021-10-01,2021-10-31,2021-10,22,550707.936,550707.93600000,False,1633035600,bounced_check_amount,"Karsiliksiz cek tutarini (Bin TL, aylik) izlemek; adet serisi TP.BTO3 ayrica eklendi, Protestolu Senet EVDS katalogunda bulunamadi (atlandi, commit mesajinda belirtildi).",Karşılıksız Çek Tutarı (Bin TL),Value of Bad Cheques (Thousand TRY),bie_btocek,AYLIK,,sum,İstanbul Takas ve Saklama Bankası A.Ş. (Takasbank),raw/TP_BTO4_2020-01-01_2026-06-30_request.json,2be0ff44ffe20bb26869fec4988656e5b905f5192aef17bdc5d7c267c6d5eaaa,raw/TP_BTO4_2020-01-01_2026-06-30_response.json.gz,cba23c37474fd31b17babdf43505a701f882df854c3d4201d1be68c81441fbc6,observed,within_series_coverage,False,False
TP.BTO4,2021-11,2021-11-01,2021-11-30,2021-11,23,1262787.6,1262787.60000000,False,1635714000,bounced_check_amount,"Karsiliksiz cek tutarini (Bin TL, aylik) izlemek; adet serisi TP.BTO3 ayrica eklendi, Protestolu Senet EVDS katalogunda bulunamadi (atlandi, commit mesajinda belirtildi).",Karşılıksız Çek Tutarı (Bin TL),Value of Bad Cheques (Thousand TRY),bie_btocek,AYLIK,,sum,İstanbul Takas ve Saklama Bankası A.Ş. (Takasbank),raw/TP_BTO4_2020-01-01_2026-06-30_request.json,2be0ff44ffe20bb26869fec4988656e5b905f5192aef17bdc5d7c267c6d5eaaa,raw/TP_BTO4_2020-01-01_2026-06-30_response.json.gz,cba23c37474fd31b17babdf43505a701f882df854c3d4201d1be68c81441fbc6,observed,within_series_coverage,False,False
TP.BTO4,2021-12,2021-12-01,2021-12-31,2021-12,24,977076.503,977076.50300000,False,1638306000,bounced_check_amount,"Karsiliksiz cek tutarini (Bin TL, aylik) izlemek; adet serisi TP.BTO3 ayrica eklendi, Protestolu Senet EVDS katalogunda bulunamadi (atlandi, commit mesajinda belirtildi).",Karşılıksız Çek Tutarı (Bin TL),Value of Bad Cheques (Thousand TRY),bie_btocek,AYLIK,,sum,İstanbul Takas ve Saklama Bankası A.Ş. (Takasbank),raw/TP_BTO4_2020-01-01_2026-06-30_request.json,2be0ff44ffe20bb26869fec4988656e5b905f5192aef17bdc5d7c267c6d5eaaa,raw/TP_BTO4_2020-01-01_2026-06-30_response.json.gz,cba23c37474fd31b17babdf43505a701f882df854c3d4201d1be68c81441fbc6,observed,within_series_coverage,False,False
TP.BTO4,2022-01,2022-01-01,2022-01-31,2022-01,25,945167.894,945167.89400000,False,1640984400,bounced_check_amount,"Karsiliksiz cek tutarini (Bin TL, aylik) izlemek; adet serisi TP.BTO3 ayrica eklendi, Protestolu Senet EVDS katalogunda bulunamadi (atlandi, commit mesajinda belirtildi).",Karşılıksız Çek Tutarı (Bin TL),Value of Bad Cheques (Thousand TRY),bie_btocek,AYLIK,,sum,İstanbul Takas ve Saklama Bankası A.Ş. (Takasbank),raw/TP_BTO4_2020-01-01_2026-06-30_request.json,2be0ff44ffe20bb26869fec4988656e5b905f5192aef17bdc5d7c267c6d5eaaa,raw/TP_BTO4_2020-01-01_2026-06-30_response.json.gz,cba23c37474fd31b17babdf43505a701f882df854c3d4201d1be68c81441fbc6,observed,within_series_coverage,False,False
TP.BTO4,2022-02,2022-02-01,2022-02-28,2022-02,26,983157.735,983157.73500000,False,1643662800,bounced_check_amount,"Karsiliksiz cek tutarini (Bin TL, aylik) izlemek; adet serisi TP.BTO3 ayrica eklendi, Protestolu Senet EVDS katalogunda bulunamadi (atlandi, commit mesajinda belirtildi).",Karşılıksız Çek Tutarı (Bin TL),Value of Bad Cheques (Thousand TRY),bie_btocek,AYLIK,,sum,İstanbul Takas ve Saklama Bankası A.Ş. (Takasbank),raw/TP_BTO4_2020-01-01_2026-06-30_request.json,2be0ff44ffe20bb26869fec4988656e5b905f5192aef17bdc5d7c267c6d5eaaa,raw/TP_BTO4_2020-01-01_2026-06-30_response.json.gz,cba23c37474fd31b17babdf43505a701f882df854c3d4201d1be68c81441fbc6,observed,within_series_coverage,False,False
TP.BTO4,2022-03,2022-03-01,2022-03-31,2022-03,27,947458.858,947458.85800000,False,1646082000,bounced_check_amount,"Karsiliksiz cek tutarini (Bin TL, aylik) izlemek; adet serisi TP.BTO3 ayrica eklendi, Protestolu Senet EVDS katalogunda bulunamadi (atlandi, commit mesajinda belirtildi).",Karşılıksız Çek Tutarı (Bin TL),Value of Bad Cheques (Thousand TRY),bie_btocek,AYLIK,,sum,İstanbul Takas ve Saklama Bankası A.Ş. (Takasbank),raw/TP_BTO4_2020-01-01_2026-06-30_request.json,2be0ff44ffe20bb26869fec4988656e5b905f5192aef17bdc5d7c267c6d5eaaa,raw/TP_BTO4_2020-01-01_2026-06-30_response.json.gz,cba23c37474fd31b17babdf43505a701f882df854c3d4201d1be68c81441fbc6,observed,within_series_coverage,False,False
TP.BTO4,2022-04,2022-04-01,2022-04-30,2022-04,28,586326.169,586326.16900000,False,1648760400,bounced_check_amount,"Karsiliksiz cek tutarini (Bin TL, aylik) izlemek; adet serisi TP.BTO3 ayrica eklendi, Protestolu Senet EVDS katalogunda bulunamadi (atlandi, commit mesajinda belirtildi).",Karşılıksız Çek Tutarı (Bin TL),Value of Bad Cheques (Thousand TRY),bie_btocek,AYLIK,,sum,İstanbul Takas ve Saklama Bankası A.Ş. (Takasbank),raw/TP_BTO4_2020-01-01_2026-06-30_request.json,2be0ff44ffe20bb26869fec4988656e5b905f5192aef17bdc5d7c267c6d5eaaa,raw/TP_BTO4_2020-01-01_2026-06-30_response.json.gz,cba23c37474fd31b17babdf43505a701f882df854c3d4201d1be68c81441fbc6,observed,within_series_coverage,False,False
TP.BTO4,2022-05,2022-05-01,2022-05-31,2022-05,29,1235823.761,1235823.76100000,False,1651352400,bounced_check_amount,"Karsiliksiz cek tutarini (Bin TL, aylik) izlemek; adet serisi TP.BTO3 ayrica eklendi, Protestolu Senet EVDS katalogunda bulunamadi (atlandi, commit mesajinda belirtildi).",Karşılıksız Çek Tutarı (Bin TL),Value of Bad Cheques (Thousand TRY),bie_btocek,AYLIK,,sum,İstanbul Takas ve Saklama Bankası A.Ş. (Takasbank),raw/TP_BTO4_2020-01-01_2026-06-30_request.json,2be0ff44ffe20bb26869fec4988656e5b905f5192aef17bdc5d7c267c6d5eaaa,raw/TP_BTO4_2020-01-01_2026-06-30_response.json.gz,cba23c37474fd31b17babdf43505a701f882df854c3d4201d1be68c81441fbc6,observed,within_series_coverage,False,False
TP.BTO4,2022-06,2022-06-01,2022-06-30,2022-06,30,964347.721,964347.72100000,False,1654030800,bounced_check_amount,"Karsiliksiz cek tutarini (Bin TL, aylik) izlemek; adet serisi TP.BTO3 ayrica eklendi, Protestolu Senet EVDS katalogunda bulunamadi (atlandi, commit mesajinda belirtildi).",Karşılıksız Çek Tutarı (Bin TL),Value of Bad Cheques (Thousand TRY),bie_btocek,AYLIK,,sum,İstanbul Takas ve Saklama Bankası A.Ş. (Takasbank),raw/TP_BTO4_2020-01-01_2026-06-30_request.json,2be0ff44ffe20bb26869fec4988656e5b905f5192aef17bdc5d7c267c6d5eaaa,raw/TP_BTO4_2020-01-01_2026-06-30_response.json.gz,cba23c37474fd31b17babdf43505a701f882df854c3d4201d1be68c81441fbc6,observed,within_series_coverage,False,False
TP.BTO4,2022-07,2022-07-01,2022-07-31,2022-07,31,703231.503,703231.50300000,False,1656622800,bounced_check_amount,"Karsiliksiz cek tutarini (Bin TL, aylik) izlemek; adet serisi TP.BTO3 ayrica eklendi, Protestolu Senet EVDS katalogunda bulunamadi (atlandi, commit mesajinda belirtildi).",Karşılıksız Çek Tutarı (Bin TL),Value of Bad Cheques (Thousand TRY),bie_btocek,AYLIK,,sum,İstanbul Takas ve Saklama Bankası A.Ş. (Takasbank),raw/TP_BTO4_2020-01-01_2026-06-30_request.json,2be0ff44ffe20bb26869fec4988656e5b905f5192aef17bdc5d7c267c6d5eaaa,raw/TP_BTO4_2020-01-01_2026-06-30_response.json.gz,cba23c37474fd31b17babdf43505a701f882df854c3d4201d1be68c81441fbc6,observed,within_series_coverage,False,False
TP.BTO4,2022-08,2022-08-01,2022-08-31,2022-08,32,1666015.874,1666015.87400000,False,1659301200,bounced_check_amount,"Karsiliksiz cek tutarini (Bin TL, aylik) izlemek; adet serisi TP.BTO3 ayrica eklendi, Protestolu Senet EVDS katalogunda bulunamadi (atlandi, commit mesajinda belirtildi).",Karşılıksız Çek Tutarı (Bin TL),Value of Bad Cheques (Thousand TRY),bie_btocek,AYLIK,,sum,İstanbul Takas ve Saklama Bankası A.Ş. (Takasbank),raw/TP_BTO4_2020-01-01_2026-06-30_request.json,2be0ff44ffe20bb26869fec4988656e5b905f5192aef17bdc5d7c267c6d5eaaa,raw/TP_BTO4_2020-01-01_2026-06-30_response.json.gz,cba23c37474fd31b17babdf43505a701f882df854c3d4201d1be68c81441fbc6,observed,within_series_coverage,False,False
TP.BTO4,2022-09,2022-09-01,2022-09-30,2022-09,33,1276717.614,1276717.61400000,False,1661979600,bounced_check_amount,"Karsiliksiz cek tutarini (Bin TL, aylik) izlemek; adet serisi TP.BTO3 ayrica eklendi, Protestolu Senet EVDS katalogunda bulunamadi (atlandi, commit mesajinda belirtildi).",Karşılıksız Çek Tutarı (Bin TL),Value of Bad Cheques (Thousand TRY),bie_btocek,AYLIK,,sum,İstanbul Takas ve Saklama Bankası A.Ş. (Takasbank),raw/TP_BTO4_2020-01-01_2026-06-30_request.json,2be0ff44ffe20bb26869fec4988656e5b905f5192aef17bdc5d7c267c6d5eaaa,raw/TP_BTO4_2020-01-01_2026-06-30_response.json.gz,cba23c37474fd31b17babdf43505a701f882df854c3d4201d1be68c81441fbc6,observed,within_series_coverage,False,False
TP.BTO4,2022-10,2022-10-01,2022-10-31,2022-10,34,1590993.92,1590993.92000000,False,1664571600,bounced_check_amount,"Karsiliksiz cek tutarini (Bin TL, aylik) izlemek; adet serisi TP.BTO3 ayrica eklendi, Protestolu Senet EVDS katalogunda bulunamadi (atlandi, commit mesajinda belirtildi).",Karşılıksız Çek Tutarı (Bin TL),Value of Bad Cheques (Thousand TRY),bie_btocek,AYLIK,,sum,İstanbul Takas ve Saklama Bankası A.Ş. (Takasbank),raw/TP_BTO4_2020-01-01_2026-06-30_request.json,2be0ff44ffe20bb26869fec4988656e5b905f5192aef17bdc5d7c267c6d5eaaa,raw/TP_BTO4_2020-01-01_2026-06-30_response.json.gz,cba23c37474fd31b17babdf43505a701f882df854c3d4201d1be68c81441fbc6,observed,within_series_coverage,False,False
TP.BTO4,2022-11,2022-11-01,2022-11-30,2022-11,35,1650741.334,1650741.33400000,False,1667250000,bounced_check_amount,"Karsiliksiz cek tutarini (Bin TL, aylik) izlemek; adet serisi TP.BTO3 ayrica eklendi, Protestolu Senet EVDS katalogunda bulunamadi (atlandi, commit mesajinda belirtildi).",Karşılıksız Çek Tutarı (Bin TL),Value of Bad Cheques (Thousand TRY),bie_btocek,AYLIK,,sum,İstanbul Takas ve Saklama Bankası A.Ş. (Takasbank),raw/TP_BTO4_2020-01-01_2026-06-30_request.json,2be0ff44ffe20bb26869fec4988656e5b905f5192aef17bdc5d7c267c6d5eaaa,raw/TP_BTO4_2020-01-01_2026-06-30_response.json.gz,cba23c37474fd31b17babdf43505a701f882df854c3d4201d1be68c81441fbc6,observed,within_series_coverage,False,False
TP.BTO4,2022-12,2022-12-01,2022-12-31,2022-12,36,1434143.445,1434143.44500000,False,1669842000,bounced_check_amount,"Karsiliksiz cek tutarini (Bin TL, aylik) izlemek; adet serisi TP.BTO3 ayrica eklendi, Protestolu Senet EVDS katalogunda bulunamadi (atlandi, commit mesajinda belirtildi).",Karşılıksız Çek Tutarı (Bin TL),Value of Bad Cheques (Thousand TRY),bie_btocek,AYLIK,,sum,İstanbul Takas ve Saklama Bankası A.Ş. (Takasbank),raw/TP_BTO4_2020-01-01_2026-06-30_request.json,2be0ff44ffe20bb26869fec4988656e5b905f5192aef17bdc5d7c267c6d5eaaa,raw/TP_BTO4_2020-01-01_2026-06-30_response.json.gz,cba23c37474fd31b17babdf43505a701f882df854c3d4201d1be68c81441fbc6,observed,within_series_coverage,False,False
TP.BTO4,2023-01,2023-01-01,2023-01-31,2023-01,37,2228284.682,2228284.68200000,False,1672520400,bounced_check_amount,"Karsiliksiz cek tutarini (Bin TL, aylik) izlemek; adet serisi TP.BTO3 ayrica eklendi, Protestolu Senet EVDS katalogunda bulunamadi (atlandi, commit mesajinda belirtildi).",Karşılıksız Çek Tutarı (Bin TL),Value of Bad Cheques (Thousand TRY),bie_btocek,AYLIK,,sum,İstanbul Takas ve Saklama Bankası A.Ş. (Takasbank),raw/TP_BTO4_2020-01-01_2026-06-30_request.json,2be0ff44ffe20bb26869fec4988656e5b905f5192aef17bdc5d7c267c6d5eaaa,raw/TP_BTO4_2020-01-01_2026-06-30_response.json.gz,cba23c37474fd31b17babdf43505a701f882df854c3d4201d1be68c81441fbc6,observed,within_series_coverage,False,False
TP.BTO4,2023-02,2023-02-01,2023-02-28,2023-02,38,1985196.829,1985196.82900000,False,1675198800,bounced_check_amount,"Karsiliksiz cek tutarini (Bin TL, aylik) izlemek; adet serisi TP.BTO3 ayrica eklendi, Protestolu Senet EVDS katalogunda bulunamadi (atlandi, commit mesajinda belirtildi).",Karşılıksız Çek Tutarı (Bin TL),Value of Bad Cheques (Thousand TRY),bie_btocek,AYLIK,,sum,İstanbul Takas ve Saklama Bankası A.Ş. (Takasbank),raw/TP_BTO4_2020-01-01_2026-06-30_request.json,2be0ff44ffe20bb26869fec4988656e5b905f5192aef17bdc5d7c267c6d5eaaa,raw/TP_BTO4_2020-01-01_2026-06-30_response.json.gz,cba23c37474fd31b17babdf43505a701f882df854c3d4201d1be68c81441fbc6,observed,within_series_coverage,False,False
TP.BTO4,2023-03,2023-03-01,2023-03-31,2023-03,39,2079732.81,2079732.81000000,False,1677618000,bounced_check_amount,"Karsiliksiz cek tutarini (Bin TL, aylik) izlemek; adet serisi TP.BTO3 ayrica eklendi, Protestolu Senet EVDS katalogunda bulunamadi (atlandi, commit mesajinda belirtildi).",Karşılıksız Çek Tutarı (Bin TL),Value of Bad Cheques (Thousand TRY),bie_btocek,AYLIK,,sum,İstanbul Takas ve Saklama Bankası A.Ş. (Takasbank),raw/TP_BTO4_2020-01-01_2026-06-30_request.json,2be0ff44ffe20bb26869fec4988656e5b905f5192aef17bdc5d7c267c6d5eaaa,raw/TP_BTO4_2020-01-01_2026-06-30_response.json.gz,cba23c37474fd31b17babdf43505a701f882df854c3d4201d1be68c81441fbc6,observed,within_series_coverage,False,False
TP.BTO4,2023-04,2023-04-01,2023-04-30,2023-04,40,1821352.944,1821352.94400000,False,1680296400,bounced_check_amount,"Karsiliksiz cek tutarini (Bin TL, aylik) izlemek; adet serisi TP.BTO3 ayrica eklendi, Protestolu Senet EVDS katalogunda bulunamadi (atlandi, commit mesajinda belirtildi).",Karşılıksız Çek Tutarı (Bin TL),Value of Bad Cheques (Thousand TRY),bie_btocek,AYLIK,,sum,İstanbul Takas ve Saklama Bankası A.Ş. (Takasbank),raw/TP_BTO4_2020-01-01_2026-06-30_request.json,2be0ff44ffe20bb26869fec4988656e5b905f5192aef17bdc5d7c267c6d5eaaa,raw/TP_BTO4_2020-01-01_2026-06-30_response.json.gz,cba23c37474fd31b17babdf43505a701f882df854c3d4201d1be68c81441fbc6,observed,within_series_coverage,False,False
TP.BTO4,2023-05,2023-05-01,2023-05-31,2023-05,41,3977855.608,3977855.60800000,False,1682888400,bounced_check_amount,"Karsiliksiz cek tutarini (Bin TL, aylik) izlemek; adet serisi TP.BTO3 ayrica eklendi, Protestolu Senet EVDS katalogunda bulunamadi (atlandi, commit mesajinda belirtildi).",Karşılıksız Çek Tutarı (Bin TL),Value of Bad Cheques (Thousand TRY),bie_btocek,AYLIK,,sum,İstanbul Takas ve Saklama Bankası A.Ş. (Takasbank),raw/TP_BTO4_2020-01-01_2026-06-30_request.json,2be0ff44ffe20bb26869fec4988656e5b905f5192aef17bdc5d7c267c6d5eaaa,raw/TP_BTO4_2020-01-01_2026-06-30_response.json.gz,cba23c37474fd31b17babdf43505a701f882df854c3d4201d1be68c81441fbc6,observed,within_series_coverage,False,False
TP.BTO4,2023-06,2023-06-01,2023-06-30,2023-06,42,2255702.995,2255702.99500000,False,1685566800,bounced_check_amount,"Karsiliksiz cek tutarini (Bin TL, aylik) izlemek; adet serisi TP.BTO3 ayrica eklendi, Protestolu Senet EVDS katalogunda bulunamadi (atlandi, commit mesajinda belirtildi).",Karşılıksız Çek Tutarı (Bin TL),Value of Bad Cheques (Thousand TRY),bie_btocek,AYLIK,,sum,İstanbul Takas ve Saklama Bankası A.Ş. (Takasbank),raw/TP_BTO4_2020-01-01_2026-06-30_request.json,2be0ff44ffe20bb26869fec4988656e5b905f5192aef17bdc5d7c267c6d5eaaa,raw/TP_BTO4_2020-01-01_2026-06-30_response.json.gz,cba23c37474fd31b17babdf43505a701f882df854c3d4201d1be68c81441fbc6,observed,within_series_coverage,False,False
TP.BTO4,2023-07,2023-07-01,2023-07-31,2023-07,43,5279477.052,5279477.05200000,False,1688158800,bounced_check_amount,"Karsiliksiz cek tutarini (Bin TL, aylik) izlemek; adet serisi TP.BTO3 ayrica eklendi, Protestolu Senet EVDS katalogunda bulunamadi (atlandi, commit mesajinda belirtildi).",Karşılıksız Çek Tutarı (Bin TL),Value of Bad Cheques (Thousand TRY),bie_btocek,AYLIK,,sum,İstanbul Takas ve Saklama Bankası A.Ş. (Takasbank),raw/TP_BTO4_2020-01-01_2026-06-30_request.json,2be0ff44ffe20bb26869fec4988656e5b905f5192aef17bdc5d7c267c6d5eaaa,raw/TP_BTO4_2020-01-01_2026-06-30_response.json.gz,cba23c37474fd31b17babdf43505a701f882df854c3d4201d1be68c81441fbc6,observed,within_series_coverage,False,False
TP.BTO4,2023-08,2023-08-01,2023-08-31,2023-08,44,4012765.872,4012765.87200000,False,1690837200,bounced_check_amount,"Karsiliksiz cek tutarini (Bin TL, aylik) izlemek; adet serisi TP.BTO3 ayrica eklendi, Protestolu Senet EVDS katalogunda bulunamadi (atlandi, commit mesajinda belirtildi).",Karşılıksız Çek Tutarı (Bin TL),Value of Bad Cheques (Thousand TRY),bie_btocek,AYLIK,,sum,İstanbul Takas ve Saklama Bankası A.Ş. (Takasbank),raw/TP_BTO4_2020-01-01_2026-06-30_request.json,2be0ff44ffe20bb26869fec4988656e5b905f5192aef17bdc5d7c267c6d5eaaa,raw/TP_BTO4_2020-01-01_2026-06-30_response.json.gz,cba23c37474fd31b17babdf43505a701f882df854c3d4201d1be68c81441fbc6,observed,within_series_coverage,False,False
TP.BTO4,2023-09,2023-09-01,2023-09-30,2023-09,45,2661009.033,2661009.03300000,False,1693515600,bounced_check_amount,"Karsiliksiz cek tutarini (Bin TL, aylik) izlemek; adet serisi TP.BTO3 ayrica eklendi, Protestolu Senet EVDS katalogunda bulunamadi (atlandi, commit mesajinda belirtildi).",Karşılıksız Çek Tutarı (Bin TL),Value of Bad Cheques (Thousand TRY),bie_btocek,AYLIK,,sum,İstanbul Takas ve Saklama Bankası A.Ş. (Takasbank),raw/TP_BTO4_2020-01-01_2026-06-30_request.json,2be0ff44ffe20bb26869fec4988656e5b905f5192aef17bdc5d7c267c6d5eaaa,raw/TP_BTO4_2020-01-01_2026-06-30_response.json.gz,cba23c37474fd31b17babdf43505a701f882df854c3d4201d1be68c81441fbc6,observed,within_series_coverage,False,False
TP.BTO4,2023-10,2023-10-01,2023-10-31,2023-10,46,6026377.873,6026377.87300000,False,1696107600,bounced_check_amount,"Karsiliksiz cek tutarini (Bin TL, aylik) izlemek; adet serisi TP.BTO3 ayrica eklendi, Protestolu Senet EVDS katalogunda bulunamadi (atlandi, commit mesajinda belirtildi).",Karşılıksız Çek Tutarı (Bin TL),Value of Bad Cheques (Thousand TRY),bie_btocek,AYLIK,,sum,İstanbul Takas ve Saklama Bankası A.Ş. (Takasbank),raw/TP_BTO4_2020-01-01_2026-06-30_request.json,2be0ff44ffe20bb26869fec4988656e5b905f5192aef17bdc5d7c267c6d5eaaa,raw/TP_BTO4_2020-01-01_2026-06-30_response.json.gz,cba23c37474fd31b17babdf43505a701f882df854c3d4201d1be68c81441fbc6,observed,within_series_coverage,False,False
TP.BTO4,2023-11,2023-11-01,2023-11-30,2023-11,47,4699866.629,4699866.62900000,False,1698786000,bounced_check_amount,"Karsiliksiz cek tutarini (Bin TL, aylik) izlemek; adet serisi TP.BTO3 ayrica eklendi, Protestolu Senet EVDS katalogunda bulunamadi (atlandi, commit mesajinda belirtildi).",Karşılıksız Çek Tutarı (Bin TL),Value of Bad Cheques (Thousand TRY),bie_btocek,AYLIK,,sum,İstanbul Takas ve Saklama Bankası A.Ş. (Takasbank),raw/TP_BTO4_2020-01-01_2026-06-30_request.json,2be0ff44ffe20bb26869fec4988656e5b905f5192aef17bdc5d7c267c6d5eaaa,raw/TP_BTO4_2020-01-01_2026-06-30_response.json.gz,cba23c37474fd31b17babdf43505a701f882df854c3d4201d1be68c81441fbc6,observed,within_series_coverage,False,False
TP.BTO4,2023-12,2023-12-01,2023-12-31,2023-12,48,4196101.038,4196101.03800000,False,1701378000,bounced_check_amount,"Karsiliksiz cek tutarini (Bin TL, aylik) izlemek; adet serisi TP.BTO3 ayrica eklendi, Protestolu Senet EVDS katalogunda bulunamadi (atlandi, commit mesajinda belirtildi).",Karşılıksız Çek Tutarı (Bin TL),Value of Bad Cheques (Thousand TRY),bie_btocek,AYLIK,,sum,İstanbul Takas ve Saklama Bankası A.Ş. (Takasbank),raw/TP_BTO4_2020-01-01_2026-06-30_request.json,2be0ff44ffe20bb26869fec4988656e5b905f5192aef17bdc5d7c267c6d5eaaa,raw/TP_BTO4_2020-01-01_2026-06-30_response.json.gz,cba23c37474fd31b17babdf43505a701f882df854c3d4201d1be68c81441fbc6,observed,within_series_coverage,False,False
TP.BTO4,2024-01,2024-01-01,2024-01-31,2024-01,49,7899246.725,7899246.72500000,False,1704056400,bounced_check_amount,"Karsiliksiz cek tutarini (Bin TL, aylik) izlemek; adet serisi TP.BTO3 ayrica eklendi, Protestolu Senet EVDS katalogunda bulunamadi (atlandi, commit mesajinda belirtildi).",Karşılıksız Çek Tutarı (Bin TL),Value of Bad Cheques (Thousand TRY),bie_btocek,AYLIK,,sum,İstanbul Takas ve Saklama Bankası A.Ş. (Takasbank),raw/TP_BTO4_2020-01-01_2026-06-30_request.json,2be0ff44ffe20bb26869fec4988656e5b905f5192aef17bdc5d7c267c6d5eaaa,raw/TP_BTO4_2020-01-01_2026-06-30_response.json.gz,cba23c37474fd31b17babdf43505a701f882df854c3d4201d1be68c81441fbc6,observed,within_series_coverage,False,False
TP.BTO4,2024-02,2024-02-01,2024-02-29,2024-02,50,6043700.831,6043700.83100000,False,1706734800,bounced_check_amount,"Karsiliksiz cek tutarini (Bin TL, aylik) izlemek; adet serisi TP.BTO3 ayrica eklendi, Protestolu Senet EVDS katalogunda bulunamadi (atlandi, commit mesajinda belirtildi).",Karşılıksız Çek Tutarı (Bin TL),Value of Bad Cheques (Thousand TRY),bie_btocek,AYLIK,,sum,İstanbul Takas ve Saklama Bankası A.Ş. (Takasbank),raw/TP_BTO4_2020-01-01_2026-06-30_request.json,2be0ff44ffe20bb26869fec4988656e5b905f5192aef17bdc5d7c267c6d5eaaa,raw/TP_BTO4_2020-01-01_2026-06-30_response.json.gz,cba23c37474fd31b17babdf43505a701f882df854c3d4201d1be68c81441fbc6,observed,within_series_coverage,False,False
TP.BTO4,2024-03,2024-03-01,2024-03-31,2024-03,51,5133553.977,5133553.97700000,False,1709240400,bounced_check_amount,"Karsiliksiz cek tutarini (Bin TL, aylik) izlemek; adet serisi TP.BTO3 ayrica eklendi, Protestolu Senet EVDS katalogunda bulunamadi (atlandi, commit mesajinda belirtildi).",Karşılıksız Çek Tutarı (Bin TL),Value of Bad Cheques (Thousand TRY),bie_btocek,AYLIK,,sum,İstanbul Takas ve Saklama Bankası A.Ş. (Takasbank),raw/TP_BTO4_2020-01-01_2026-06-30_request.json,2be0ff44ffe20bb26869fec4988656e5b905f5192aef17bdc5d7c267c6d5eaaa,raw/TP_BTO4_2020-01-01_2026-06-30_response.json.gz,cba23c37474fd31b17babdf43505a701f882df854c3d4201d1be68c81441fbc6,observed,within_series_coverage,False,False
TP.BTO4,2024-04,2024-04-01,2024-04-30,2024-04,52,11261173.622,11261173.62200000,False,1711918800,bounced_check_amount,"Karsiliksiz cek tutarini (Bin TL, aylik) izlemek; adet serisi TP.BTO3 ayrica eklendi, Protestolu Senet EVDS katalogunda bulunamadi (atlandi, commit mesajinda belirtildi).",Karşılıksız Çek Tutarı (Bin TL),Value of Bad Cheques (Thousand TRY),bie_btocek,AYLIK,,sum,İstanbul Takas ve Saklama Bankası A.Ş. (Takasbank),raw/TP_BTO4_2020-01-01_2026-06-30_request.json,2be0ff44ffe20bb26869fec4988656e5b905f5192aef17bdc5d7c267c6d5eaaa,raw/TP_BTO4_2020-01-01_2026-06-30_response.json.gz,cba23c37474fd31b17babdf43505a701f882df854c3d4201d1be68c81441fbc6,observed,within_series_coverage,False,False
TP.BTO4,2024-05,2024-05-01,2024-05-31,2024-05,53,9445737.238,9445737.23800000,False,1714510800,bounced_check_amount,"Karsiliksiz cek tutarini (Bin TL, aylik) izlemek; adet serisi TP.BTO3 ayrica eklendi, Protestolu Senet EVDS katalogunda bulunamadi (atlandi, commit mesajinda belirtildi).",Karşılıksız Çek Tutarı (Bin TL),Value of Bad Cheques (Thousand TRY),bie_btocek,AYLIK,,sum,İstanbul Takas ve Saklama Bankası A.Ş. (Takasbank),raw/TP_BTO4_2020-01-01_2026-06-30_request.json,2be0ff44ffe20bb26869fec4988656e5b905f5192aef17bdc5d7c267c6d5eaaa,raw/TP_BTO4_2020-01-01_2026-06-30_response.json.gz,cba23c37474fd31b17babdf43505a701f882df854c3d4201d1be68c81441fbc6,observed,within_series_coverage,False,False
TP.BTO4,2024-06,2024-06-01,2024-06-30,2024-06,54,6451611.996,6451611.99600000,False,1717189200,bounced_check_amount,"Karsiliksiz cek tutarini (Bin TL, aylik) izlemek; adet serisi TP.BTO3 ayrica eklendi, Protestolu Senet EVDS katalogunda bulunamadi (atlandi, commit mesajinda belirtildi).",Karşılıksız Çek Tutarı (Bin TL),Value of Bad Cheques (Thousand TRY),bie_btocek,AYLIK,,sum,İstanbul Takas ve Saklama Bankası A.Ş. (Takasbank),raw/TP_BTO4_2020-01-01_2026-06-30_request.json,2be0ff44ffe20bb26869fec4988656e5b905f5192aef17bdc5d7c267c6d5eaaa,raw/TP_BTO4_2020-01-01_2026-06-30_response.json.gz,cba23c37474fd31b17babdf43505a701f882df854c3d4201d1be68c81441fbc6,observed,within_series_coverage,False,False
TP.BTO4,2024-07,2024-07-01,2024-07-31,2024-07,55,15770139.929,15770139.92900000,False,1719781200,bounced_check_amount,"Karsiliksiz cek tutarini (Bin TL, aylik) izlemek; adet serisi TP.BTO3 ayrica eklendi, Protestolu Senet EVDS katalogunda bulunamadi (atlandi, commit mesajinda belirtildi).",Karşılıksız Çek Tutarı (Bin TL),Value of Bad Cheques (Thousand TRY),bie_btocek,AYLIK,,sum,İstanbul Takas ve Saklama Bankası A.Ş. (Takasbank),raw/TP_BTO4_2020-01-01_2026-06-30_request.json,2be0ff44ffe20bb26869fec4988656e5b905f5192aef17bdc5d7c267c6d5eaaa,raw/TP_BTO4_2020-01-01_2026-06-30_response.json.gz,cba23c37474fd31b17babdf43505a701f882df854c3d4201d1be68c81441fbc6,observed,within_series_coverage,False,False
TP.BTO4,2024-08,2024-08-01,2024-08-31,2024-08,56,7946886.54,7946886.54000000,False,1722459600,bounced_check_amount,"Karsiliksiz cek tutarini (Bin TL, aylik) izlemek; adet serisi TP.BTO3 ayrica eklendi, Protestolu Senet EVDS katalogunda bulunamadi (atlandi, commit mesajinda belirtildi).",Karşılıksız Çek Tutarı (Bin TL),Value of Bad Cheques (Thousand TRY),bie_btocek,AYLIK,,sum,İstanbul Takas ve Saklama Bankası A.Ş. (Takasbank),raw/TP_BTO4_2020-01-01_2026-06-30_request.json,2be0ff44ffe20bb26869fec4988656e5b905f5192aef17bdc5d7c267c6d5eaaa,raw/TP_BTO4_2020-01-01_2026-06-30_response.json.gz,cba23c37474fd31b17babdf43505a701f882df854c3d4201d1be68c81441fbc6,observed,within_series_coverage,False,False
TP.BTO4,2024-09,2024-09-01,2024-09-30,2024-09,57,15256183.287,15256183.28700000,False,1725138000,bounced_check_amount,"Karsiliksiz cek tutarini (Bin TL, aylik) izlemek; adet serisi TP.BTO3 ayrica eklendi, Protestolu Senet EVDS katalogunda bulunamadi (atlandi, commit mesajinda belirtildi).",Karşılıksız Çek Tutarı (Bin TL),Value of Bad Cheques (Thousand TRY),bie_btocek,AYLIK,,sum,İstanbul Takas ve Saklama Bankası A.Ş. (Takasbank),raw/TP_BTO4_2020-01-01_2026-06-30_request.json,2be0ff44ffe20bb26869fec4988656e5b905f5192aef17bdc5d7c267c6d5eaaa,raw/TP_BTO4_2020-01-01_2026-06-30_response.json.gz,cba23c37474fd31b17babdf43505a701f882df854c3d4201d1be68c81441fbc6,observed,within_series_coverage,False,False
TP.BTO4,2024-10,2024-10-01,2024-10-31,2024-10,58,11815061.628,11815061.62800000,False,1727730000,bounced_check_amount,"Karsiliksiz cek tutarini (Bin TL, aylik) izlemek; adet serisi TP.BTO3 ayrica eklendi, Protestolu Senet EVDS katalogunda bulunamadi (atlandi, commit mesajinda belirtildi).",Karşılıksız Çek Tutarı (Bin TL),Value of Bad Cheques (Thousand TRY),bie_btocek,AYLIK,,sum,İstanbul Takas ve Saklama Bankası A.Ş. (Takasbank),raw/TP_BTO4_2020-01-01_2026-06-30_request.json,2be0ff44ffe20bb26869fec4988656e5b905f5192aef17bdc5d7c267c6d5eaaa,raw/TP_BTO4_2020-01-01_2026-06-30_response.json.gz,cba23c37474fd31b17babdf43505a701f882df854c3d4201d1be68c81441fbc6,observed,within_series_coverage,False,False
TP.BTO4,2024-11,2024-11-01,2024-11-30,2024-11,59,8238994.347,8238994.34700000,False,1730408400,bounced_check_amount,"Karsiliksiz cek tutarini (Bin TL, aylik) izlemek; adet serisi TP.BTO3 ayrica eklendi, Protestolu Senet EVDS katalogunda bulunamadi (atlandi, commit mesajinda belirtildi).",Karşılıksız Çek Tutarı (Bin TL),Value of Bad Cheques (Thousand TRY),bie_btocek,AYLIK,,sum,İstanbul Takas ve Saklama Bankası A.Ş. (Takasbank),raw/TP_BTO4_2020-01-01_2026-06-30_request.json,2be0ff44ffe20bb26869fec4988656e5b905f5192aef17bdc5d7c267c6d5eaaa,raw/TP_BTO4_2020-01-01_2026-06-30_response.json.gz,cba23c37474fd31b17babdf43505a701f882df854c3d4201d1be68c81441fbc6,observed,within_series_coverage,False,False
TP.BTO4,2024-12,2024-12-01,2024-12-31,2024-12,60,17386907.684,17386907.68400000,False,1733000400,bounced_check_amount,"Karsiliksiz cek tutarini (Bin TL, aylik) izlemek; adet serisi TP.BTO3 ayrica eklendi, Protestolu Senet EVDS katalogunda bulunamadi (atlandi, commit mesajinda belirtildi).",Karşılıksız Çek Tutarı (Bin TL),Value of Bad Cheques (Thousand TRY),bie_btocek,AYLIK,,sum,İstanbul Takas ve Saklama Bankası A.Ş. (Takasbank),raw/TP_BTO4_2020-01-01_2026-06-30_request.json,2be0ff44ffe20bb26869fec4988656e5b905f5192aef17bdc5d7c267c6d5eaaa,raw/TP_BTO4_2020-01-01_2026-06-30_response.json.gz,cba23c37474fd31b17babdf43505a701f882df854c3d4201d1be68c81441fbc6,observed,within_series_coverage,False,False
TP.BTO4,2025-01,2025-01-01,2025-01-31,2025-01,61,12212109.239,12212109.23900000,False,1735678800,bounced_check_amount,"Karsiliksiz cek tutarini (Bin TL, aylik) izlemek; adet serisi TP.BTO3 ayrica eklendi, Protestolu Senet EVDS katalogunda bulunamadi (atlandi, commit mesajinda belirtildi).",Karşılıksız Çek Tutarı (Bin TL),Value of Bad Cheques (Thousand TRY),bie_btocek,AYLIK,,sum,İstanbul Takas ve Saklama Bankası A.Ş. (Takasbank),raw/TP_BTO4_2020-01-01_2026-06-30_request.json,2be0ff44ffe20bb26869fec4988656e5b905f5192aef17bdc5d7c267c6d5eaaa,raw/TP_BTO4_2020-01-01_2026-06-30_response.json.gz,cba23c37474fd31b17babdf43505a701f882df854c3d4201d1be68c81441fbc6,observed,within_series_coverage,False,False
TP.BTO4,2025-02,2025-02-01,2025-02-28,2025-02,62,10668126.935,10668126.93500000,False,1738357200,bounced_check_amount,"Karsiliksiz cek tutarini (Bin TL, aylik) izlemek; adet serisi TP.BTO3 ayrica eklendi, Protestolu Senet EVDS katalogunda bulunamadi (atlandi, commit mesajinda belirtildi).",Karşılıksız Çek Tutarı (Bin TL),Value of Bad Cheques (Thousand TRY),bie_btocek,AYLIK,,sum,İstanbul Takas ve Saklama Bankası A.Ş. (Takasbank),raw/TP_BTO4_2020-01-01_2026-06-30_request.json,2be0ff44ffe20bb26869fec4988656e5b905f5192aef17bdc5d7c267c6d5eaaa,raw/TP_BTO4_2020-01-01_2026-06-30_response.json.gz,cba23c37474fd31b17babdf43505a701f882df854c3d4201d1be68c81441fbc6,observed,within_series_coverage,False,False
TP.BTO4,2025-03,2025-03-01,2025-03-31,2025-03,63,7786908.872,7786908.87200000,False,1740776400,bounced_check_amount,"Karsiliksiz cek tutarini (Bin TL, aylik) izlemek; adet serisi TP.BTO3 ayrica eklendi, Protestolu Senet EVDS katalogunda bulunamadi (atlandi, commit mesajinda belirtildi).",Karşılıksız Çek Tutarı (Bin TL),Value of Bad Cheques (Thousand TRY),bie_btocek,AYLIK,,sum,İstanbul Takas ve Saklama Bankası A.Ş. (Takasbank),raw/TP_BTO4_2020-01-01_2026-06-30_request.json,2be0ff44ffe20bb26869fec4988656e5b905f5192aef17bdc5d7c267c6d5eaaa,raw/TP_BTO4_2020-01-01_2026-06-30_response.json.gz,cba23c37474fd31b17babdf43505a701f882df854c3d4201d1be68c81441fbc6,observed,within_series_coverage,False,False
TP.BTO4,2025-04,2025-04-01,2025-04-30,2025-04,64,15679099.663,15679099.66300000,False,1743454800,bounced_check_amount,"Karsiliksiz cek tutarini (Bin TL, aylik) izlemek; adet serisi TP.BTO3 ayrica eklendi, Protestolu Senet EVDS katalogunda bulunamadi (atlandi, commit mesajinda belirtildi).",Karşılıksız Çek Tutarı (Bin TL),Value of Bad Cheques (Thousand TRY),bie_btocek,AYLIK,,sum,İstanbul Takas ve Saklama Bankası A.Ş. (Takasbank),raw/TP_BTO4_2020-01-01_2026-06-30_request.json,2be0ff44ffe20bb26869fec4988656e5b905f5192aef17bdc5d7c267c6d5eaaa,raw/TP_BTO4_2020-01-01_2026-06-30_response.json.gz,cba23c37474fd31b17babdf43505a701f882df854c3d4201d1be68c81441fbc6,observed,within_series_coverage,False,False
TP.BTO4,2025-05,2025-05-01,2025-05-31,2025-05,65,11311379.67,11311379.67000000,False,1746046800,bounced_check_amount,"Karsiliksiz cek tutarini (Bin TL, aylik) izlemek; adet serisi TP.BTO3 ayrica eklendi, Protestolu Senet EVDS katalogunda bulunamadi (atlandi, commit mesajinda belirtildi).",Karşılıksız Çek Tutarı (Bin TL),Value of Bad Cheques (Thousand TRY),bie_btocek,AYLIK,,sum,İstanbul Takas ve Saklama Bankası A.Ş. (Takasbank),raw/TP_BTO4_2020-01-01_2026-06-30_request.json,2be0ff44ffe20bb26869fec4988656e5b905f5192aef17bdc5d7c267c6d5eaaa,raw/TP_BTO4_2020-01-01_2026-06-30_response.json.gz,cba23c37474fd31b17babdf43505a701f882df854c3d4201d1be68c81441fbc6,observed,within_series_coverage,False,False
TP.BTO4,2025-06,2025-06-01,2025-06-30,2025-06,66,18662532.189,18662532.18900000,False,1748725200,bounced_check_amount,"Karsiliksiz cek tutarini (Bin TL, aylik) izlemek; adet serisi TP.BTO3 ayrica eklendi, Protestolu Senet EVDS katalogunda bulunamadi (atlandi, commit mesajinda belirtildi).",Karşılıksız Çek Tutarı (Bin TL),Value of Bad Cheques (Thousand TRY),bie_btocek,AYLIK,,sum,İstanbul Takas ve Saklama Bankası A.Ş. (Takasbank),raw/TP_BTO4_2020-01-01_2026-06-30_request.json,2be0ff44ffe20bb26869fec4988656e5b905f5192aef17bdc5d7c267c6d5eaaa,raw/TP_BTO4_2020-01-01_2026-06-30_response.json.gz,cba23c37474fd31b17babdf43505a701f882df854c3d4201d1be68c81441fbc6,observed,within_series_coverage,False,False
TP.BTO4,2025-07,2025-07-01,2025-07-31,2025-07,67,17730624.762,17730624.76200000,False,1751317200,bounced_check_amount,"Karsiliksiz cek tutarini (Bin TL, aylik) izlemek; adet serisi TP.BTO3 ayrica eklendi, Protestolu Senet EVDS katalogunda bulunamadi (atlandi, commit mesajinda belirtildi).",Karşılıksız Çek Tutarı (Bin TL),Value of Bad Cheques (Thousand TRY),bie_btocek,AYLIK,,sum,İstanbul Takas ve Saklama Bankası A.Ş. (Takasbank),raw/TP_BTO4_2020-01-01_2026-06-30_request.json,2be0ff44ffe20bb26869fec4988656e5b905f5192aef17bdc5d7c267c6d5eaaa,raw/TP_BTO4_2020-01-01_2026-06-30_response.json.gz,cba23c37474fd31b17babdf43505a701f882df854c3d4201d1be68c81441fbc6,observed,within_series_coverage,False,False
TP.BTO4,2025-08,2025-08-01,2025-08-31,2025-08,68,12867990.187,12867990.18700000,False,1753995600,bounced_check_amount,"Karsiliksiz cek tutarini (Bin TL, aylik) izlemek; adet serisi TP.BTO3 ayrica eklendi, Protestolu Senet EVDS katalogunda bulunamadi (atlandi, commit mesajinda belirtildi).",Karşılıksız Çek Tutarı (Bin TL),Value of Bad Cheques (Thousand TRY),bie_btocek,AYLIK,,sum,İstanbul Takas ve Saklama Bankası A.Ş. (Takasbank),raw/TP_BTO4_2020-01-01_2026-06-30_request.json,2be0ff44ffe20bb26869fec4988656e5b905f5192aef17bdc5d7c267c6d5eaaa,raw/TP_BTO4_2020-01-01_2026-06-30_response.json.gz,cba23c37474fd31b17babdf43505a701f882df854c3d4201d1be68c81441fbc6,observed,within_series_coverage,False,False
TP.BTO4,2025-09,2025-09-01,2025-09-30,2025-09,69,23911935.282,23911935.28200000,False,1756674000,bounced_check_amount,"Karsiliksiz cek tutarini (Bin TL, aylik) izlemek; adet serisi TP.BTO3 ayrica eklendi, Protestolu Senet EVDS katalogunda bulunamadi (atlandi, commit mesajinda belirtildi).",Karşılıksız Çek Tutarı (Bin TL),Value of Bad Cheques (Thousand TRY),bie_btocek,AYLIK,,sum,İstanbul Takas ve Saklama Bankası A.Ş. (Takasbank),raw/TP_BTO4_2020-01-01_2026-06-30_request.json,2be0ff44ffe20bb26869fec4988656e5b905f5192aef17bdc5d7c267c6d5eaaa,raw/TP_BTO4_2020-01-01_2026-06-30_response.json.gz,cba23c37474fd31b17babdf43505a701f882df854c3d4201d1be68c81441fbc6,observed,within_series_coverage,False,False
TP.BTO4,2025-10,2025-10-01,2025-10-31,2025-10,70,19577242.235,19577242.23500000,False,1759266000,bounced_check_amount,"Karsiliksiz cek tutarini (Bin TL, aylik) izlemek; adet serisi TP.BTO3 ayrica eklendi, Protestolu Senet EVDS katalogunda bulunamadi (atlandi, commit mesajinda belirtildi).",Karşılıksız Çek Tutarı (Bin TL),Value of Bad Cheques (Thousand TRY),bie_btocek,AYLIK,,sum,İstanbul Takas ve Saklama Bankası A.Ş. (Takasbank),raw/TP_BTO4_2020-01-01_2026-06-30_request.json,2be0ff44ffe20bb26869fec4988656e5b905f5192aef17bdc5d7c267c6d5eaaa,raw/TP_BTO4_2020-01-01_2026-06-30_response.json.gz,cba23c37474fd31b17babdf43505a701f882df854c3d4201d1be68c81441fbc6,observed,within_series_coverage,False,False
TP.BTO4,2025-11,2025-11-01,2025-11-30,2025-11,71,13554308.121,13554308.12100000,False,1761944400,bounced_check_amount,"Karsiliksiz cek tutarini (Bin TL, aylik) izlemek; adet serisi TP.BTO3 ayrica eklendi, Protestolu Senet EVDS katalogunda bulunamadi (atlandi, commit mesajinda belirtildi).",Karşılıksız Çek Tutarı (Bin TL),Value of Bad Cheques (Thousand TRY),bie_btocek,AYLIK,,sum,İstanbul Takas ve Saklama Bankası A.Ş. (Takasbank),raw/TP_BTO4_2020-01-01_2026-06-30_request.json,2be0ff44ffe20bb26869fec4988656e5b905f5192aef17bdc5d7c267c6d5eaaa,raw/TP_BTO4_2020-01-01_2026-06-30_response.json.gz,cba23c37474fd31b17babdf43505a701f882df854c3d4201d1be68c81441fbc6,observed,within_series_coverage,False,False
TP.BTO4,2025-12,2025-12-01,2025-12-31,2025-12,72,26043900.387,26043900.38700000,False,1764536400,bounced_check_amount,"Karsiliksiz cek tutarini (Bin TL, aylik) izlemek; adet serisi TP.BTO3 ayrica eklendi, Protestolu Senet EVDS katalogunda bulunamadi (atlandi, commit mesajinda belirtildi).",Karşılıksız Çek Tutarı (Bin TL),Value of Bad Cheques (Thousand TRY),bie_btocek,AYLIK,,sum,İstanbul Takas ve Saklama Bankası A.Ş. (Takasbank),raw/TP_BTO4_2020-01-01_2026-06-30_request.json,2be0ff44ffe20bb26869fec4988656e5b905f5192aef17bdc5d7c267c6d5eaaa,raw/TP_BTO4_2020-01-01_2026-06-30_response.json.gz,cba23c37474fd31b17babdf43505a701f882df854c3d4201d1be68c81441fbc6,observed,within_series_coverage,False,False
TP.BTO4,2026-01,2026-01-01,2026-01-31,2026-01,73,14121157.589,14121157.58900000,False,1767214800,bounced_check_amount,"Karsiliksiz cek tutarini (Bin TL, aylik) izlemek; adet serisi TP.BTO3 ayrica eklendi, Protestolu Senet EVDS katalogunda bulunamadi (atlandi, commit mesajinda belirtildi).",Karşılıksız Çek Tutarı (Bin TL),Value of Bad Cheques (Thousand TRY),bie_btocek,AYLIK,,sum,İstanbul Takas ve Saklama Bankası A.Ş. (Takasbank),raw/TP_BTO4_2020-01-01_2026-06-30_request.json,2be0ff44ffe20bb26869fec4988656e5b905f5192aef17bdc5d7c267c6d5eaaa,raw/TP_BTO4_2020-01-01_2026-06-30_response.json.gz,cba23c37474fd31b17babdf43505a701f882df854c3d4201d1be68c81441fbc6,observed,within_series_coverage,False,False
TP.BTO4,2026-02,2026-02-01,2026-02-28,2026-02,74,14905577.36,14905577.36000000,False,1769893200,bounced_check_amount,"Karsiliksiz cek tutarini (Bin TL, aylik) izlemek; adet serisi TP.BTO3 ayrica eklendi, Protestolu Senet EVDS katalogunda bulunamadi (atlandi, commit mesajinda belirtildi).",Karşılıksız Çek Tutarı (Bin TL),Value of Bad Cheques (Thousand TRY),bie_btocek,AYLIK,,sum,İstanbul Takas ve Saklama Bankası A.Ş. (Takasbank),raw/TP_BTO4_2020-01-01_2026-06-30_request.json,2be0ff44ffe20bb26869fec4988656e5b905f5192aef17bdc5d7c267c6d5eaaa,raw/TP_BTO4_2020-01-01_2026-06-30_response.json.gz,cba23c37474fd31b17babdf43505a701f882df854c3d4201d1be68c81441fbc6,observed,within_series_coverage,False,False
TP.BTO4,2026-03,2026-03-01,2026-03-31,2026-03,75,24227998.066,24227998.06600000,False,1772312400,bounced_check_amount,"Karsiliksiz cek tutarini (Bin TL, aylik) izlemek; adet serisi TP.BTO3 ayrica eklendi, Protestolu Senet EVDS katalogunda bulunamadi (atlandi, commit mesajinda belirtildi).",Karşılıksız Çek Tutarı (Bin TL),Value of Bad Cheques (Thousand TRY),bie_btocek,AYLIK,,sum,İstanbul Takas ve Saklama Bankası A.Ş. (Takasbank),raw/TP_BTO4_2020-01-01_2026-06-30_request.json,2be0ff44ffe20bb26869fec4988656e5b905f5192aef17bdc5d7c267c6d5eaaa,raw/TP_BTO4_2020-01-01_2026-06-30_response.json.gz,cba23c37474fd31b17babdf43505a701f882df854c3d4201d1be68c81441fbc6,observed,within_series_coverage,False,False
TP.BTO4,2026-04,2026-04-01,2026-04-30,2026-04,76,17934176.564,17934176.56400000,False,1774990800,bounced_check_amount,"Karsiliksiz cek tutarini (Bin TL, aylik) izlemek; adet serisi TP.BTO3 ayrica eklendi, Protestolu Senet EVDS katalogunda bulunamadi (atlandi, commit mesajinda belirtildi).",Karşılıksız Çek Tutarı (Bin TL),Value of Bad Cheques (Thousand TRY),bie_btocek,AYLIK,,sum,İstanbul Takas ve Saklama Bankası A.Ş. (Takasbank),raw/TP_BTO4_2020-01-01_2026-06-30_request.json,2be0ff44ffe20bb26869fec4988656e5b905f5192aef17bdc5d7c267c6d5eaaa,raw/TP_BTO4_2020-01-01_2026-06-30_response.json.gz,cba23c37474fd31b17babdf43505a701f882df854c3d4201d1be68c81441fbc6,observed,within_series_coverage,False,False
TP.BTO4,2026-05,2026-05-01,2026-05-31,2026-05,77,11253596.392,11253596.39200000,False,1777582800,bounced_check_amount,"Karsiliksiz cek tutarini (Bin TL, aylik) izlemek; adet serisi TP.BTO3 ayrica eklendi, Protestolu Senet EVDS katalogunda bulunamadi (atlandi, commit mesajinda belirtildi).",Karşılıksız Çek Tutarı (Bin TL),Value of Bad Cheques (Thousand TRY),bie_btocek,AYLIK,,sum,İstanbul Takas ve Saklama Bankası A.Ş. (Takasbank),raw/TP_BTO4_2020-01-01_2026-06-30_request.json,2be0ff44ffe20bb26869fec4988656e5b905f5192aef17bdc5d7c267c6d5eaaa,raw/TP_BTO4_2020-01-01_2026-06-30_response.json.gz,cba23c37474fd31b17babdf43505a701f882df854c3d4201d1be68c81441fbc6,observed,within_series_coverage,False,False
TP.BTO4,2026-06,2026-06-01,2026-06-30,2026-06,78,30408260.574,30408260.57400000,False,1780261200,bounced_check_amount,"Karsiliksiz cek tutarini (Bin TL, aylik) izlemek; adet serisi TP.BTO3 ayrica eklendi, Protestolu Senet EVDS katalogunda bulunamadi (atlandi, commit mesajinda belirtildi).",Karşılıksız Çek Tutarı (Bin TL),Value of Bad Cheques (Thousand TRY),bie_btocek,AYLIK,,sum,İstanbul Takas ve Saklama Bankası A.Ş. (Takasbank),raw/TP_BTO4_2020-01-01_2026-06-30_request.json,2be0ff44ffe20bb26869fec4988656e5b905f5192aef17bdc5d7c267c6d5eaaa,raw/TP_BTO4_2020-01-01_2026-06-30_response.json.gz,cba23c37474fd31b17babdf43505a701f882df854c3d4201d1be68c81441fbc6,observed,within_series_coverage,False,False
TP.ODEAYRSUNUM6.Q4,2020-01,2020-01-01,2020-01-31,2020-01,1,-3318.0,-3318.00000000,False,1577833200,trade_balance,"Odemeler dengesi tanimli net dis ticaret dengesini (milyon ABD dolari, aylik) izlemek; Q5/Q6 ihracat-ithalat bilesenleri degil net bakiye secildi.",1.1.Dış Ticaret Dengesi,1.1.Goods,bie_odeayrsunum6,AYLIK,milyon ABD doları,sum,TCMB,raw/TP_ODEAYRSUNUM6_Q4_2020-01-01_2026-06-30_request.json,931d42211d8edb26638dec19347b6bd218da3419d0d34d17cbe1983745f2b199,raw/TP_ODEAYRSUNUM6_Q4_2020-01-01_2026-06-30_response.json.gz,e4a36d5083df74c46ce1458d80e718b8e0d7c5623ca31ed0f7dfa5870c48331a,observed,within_series_coverage,False,False
TP.ODEAYRSUNUM6.Q4,2020-02,2020-02-01,2020-02-29,2020-02,2,-1943.0,-1943.00000000,False,1580511600,trade_balance,"Odemeler dengesi tanimli net dis ticaret dengesini (milyon ABD dolari, aylik) izlemek; Q5/Q6 ihracat-ithalat bilesenleri degil net bakiye secildi.",1.1.Dış Ticaret Dengesi,1.1.Goods,bie_odeayrsunum6,AYLIK,milyon ABD doları,sum,TCMB,raw/TP_ODEAYRSUNUM6_Q4_2020-01-01_2026-06-30_request.json,931d42211d8edb26638dec19347b6bd218da3419d0d34d17cbe1983745f2b199,raw/TP_ODEAYRSUNUM6_Q4_2020-01-01_2026-06-30_response.json.gz,e4a36d5083df74c46ce1458d80e718b8e0d7c5623ca31ed0f7dfa5870c48331a,observed,within_series_coverage,False,False
TP.ODEAYRSUNUM6.Q4,2020-03,2020-03-01,2020-03-31,2020-03,3,-4355.0,-4355.00000000,False,1583017200,trade_balance,"Odemeler dengesi tanimli net dis ticaret dengesini (milyon ABD dolari, aylik) izlemek; Q5/Q6 ihracat-ithalat bilesenleri degil net bakiye secildi.",1.1.Dış Ticaret Dengesi,1.1.Goods,bie_odeayrsunum6,AYLIK,milyon ABD doları,sum,TCMB,raw/TP_ODEAYRSUNUM6_Q4_2020-01-01_2026-06-30_request.json,931d42211d8edb26638dec19347b6bd218da3419d0d34d17cbe1983745f2b199,raw/TP_ODEAYRSUNUM6_Q4_2020-01-01_2026-06-30_response.json.gz,e4a36d5083df74c46ce1458d80e718b8e0d7c5623ca31ed0f7dfa5870c48331a,observed,within_series_coverage,False,False
TP.ODEAYRSUNUM6.Q4,2020-04,2020-04-01,2020-04-30,2020-04,4,-3845.0,-3845.00000000,False,1585692000,trade_balance,"Odemeler dengesi tanimli net dis ticaret dengesini (milyon ABD dolari, aylik) izlemek; Q5/Q6 ihracat-ithalat bilesenleri degil net bakiye secildi.",1.1.Dış Ticaret Dengesi,1.1.Goods,bie_odeayrsunum6,AYLIK,milyon ABD doları,sum,TCMB,raw/TP_ODEAYRSUNUM6_Q4_2020-01-01_2026-06-30_request.json,931d42211d8edb26638dec19347b6bd218da3419d0d34d17cbe1983745f2b199,raw/TP_ODEAYRSUNUM6_Q4_2020-01-01_2026-06-30_response.json.gz,e4a36d5083df74c46ce1458d80e718b8e0d7c5623ca31ed0f7dfa5870c48331a,observed,within_series_coverage,False,False
TP.ODEAYRSUNUM6.Q4,2020-05,2020-05-01,2020-05-31,2020-05,5,-2745.0,-2745.00000000,False,1588284000,trade_balance,"Odemeler dengesi tanimli net dis ticaret dengesini (milyon ABD dolari, aylik) izlemek; Q5/Q6 ihracat-ithalat bilesenleri degil net bakiye secildi.",1.1.Dış Ticaret Dengesi,1.1.Goods,bie_odeayrsunum6,AYLIK,milyon ABD doları,sum,TCMB,raw/TP_ODEAYRSUNUM6_Q4_2020-01-01_2026-06-30_request.json,931d42211d8edb26638dec19347b6bd218da3419d0d34d17cbe1983745f2b199,raw/TP_ODEAYRSUNUM6_Q4_2020-01-01_2026-06-30_response.json.gz,e4a36d5083df74c46ce1458d80e718b8e0d7c5623ca31ed0f7dfa5870c48331a,observed,within_series_coverage,False,False
TP.ODEAYRSUNUM6.Q4,2020-06,2020-06-01,2020-06-30,2020-06,6,-2062.0,-2062.00000000,False,1590962400,trade_balance,"Odemeler dengesi tanimli net dis ticaret dengesini (milyon ABD dolari, aylik) izlemek; Q5/Q6 ihracat-ithalat bilesenleri degil net bakiye secildi.",1.1.Dış Ticaret Dengesi,1.1.Goods,bie_odeayrsunum6,AYLIK,milyon ABD doları,sum,TCMB,raw/TP_ODEAYRSUNUM6_Q4_2020-01-01_2026-06-30_request.json,931d42211d8edb26638dec19347b6bd218da3419d0d34d17cbe1983745f2b199,raw/TP_ODEAYRSUNUM6_Q4_2020-01-01_2026-06-30_response.json.gz,e4a36d5083df74c46ce1458d80e718b8e0d7c5623ca31ed0f7dfa5870c48331a,observed,within_series_coverage,False,False
TP.ODEAYRSUNUM6.Q4,2020-07,2020-07-01,2020-07-31,2020-07,7,-1963.0,-1963.00000000,False,1593554400,trade_balance,"Odemeler dengesi tanimli net dis ticaret dengesini (milyon ABD dolari, aylik) izlemek; Q5/Q6 ihracat-ithalat bilesenleri degil net bakiye secildi.",1.1.Dış Ticaret Dengesi,1.1.Goods,bie_odeayrsunum6,AYLIK,milyon ABD doları,sum,TCMB,raw/TP_ODEAYRSUNUM6_Q4_2020-01-01_2026-06-30_request.json,931d42211d8edb26638dec19347b6bd218da3419d0d34d17cbe1983745f2b199,raw/TP_ODEAYRSUNUM6_Q4_2020-01-01_2026-06-30_response.json.gz,e4a36d5083df74c46ce1458d80e718b8e0d7c5623ca31ed0f7dfa5870c48331a,observed,within_series_coverage,False,False
TP.ODEAYRSUNUM6.Q4,2020-08,2020-08-01,2020-08-31,2020-08,8,-5376.0,-5376.00000000,False,1596232800,trade_balance,"Odemeler dengesi tanimli net dis ticaret dengesini (milyon ABD dolari, aylik) izlemek; Q5/Q6 ihracat-ithalat bilesenleri degil net bakiye secildi.",1.1.Dış Ticaret Dengesi,1.1.Goods,bie_odeayrsunum6,AYLIK,milyon ABD doları,sum,TCMB,raw/TP_ODEAYRSUNUM6_Q4_2020-01-01_2026-06-30_request.json,931d42211d8edb26638dec19347b6bd218da3419d0d34d17cbe1983745f2b199,raw/TP_ODEAYRSUNUM6_Q4_2020-01-01_2026-06-30_response.json.gz,e4a36d5083df74c46ce1458d80e718b8e0d7c5623ca31ed0f7dfa5870c48331a,observed,within_series_coverage,False,False
TP.ODEAYRSUNUM6.Q4,2020-09,2020-09-01,2020-09-30,2020-09,9,-3753.0,-3753.00000000,False,1598911200,trade_balance,"Odemeler dengesi tanimli net dis ticaret dengesini (milyon ABD dolari, aylik) izlemek; Q5/Q6 ihracat-ithalat bilesenleri degil net bakiye secildi.",1.1.Dış Ticaret Dengesi,1.1.Goods,bie_odeayrsunum6,AYLIK,milyon ABD doları,sum,TCMB,raw/TP_ODEAYRSUNUM6_Q4_2020-01-01_2026-06-30_request.json,931d42211d8edb26638dec19347b6bd218da3419d0d34d17cbe1983745f2b199,raw/TP_ODEAYRSUNUM6_Q4_2020-01-01_2026-06-30_response.json.gz,e4a36d5083df74c46ce1458d80e718b8e0d7c5623ca31ed0f7dfa5870c48331a,observed,within_series_coverage,False,False
TP.ODEAYRSUNUM6.Q4,2020-10,2020-10-01,2020-10-31,2020-10,10,-1291.0,-1291.00000000,False,1601503200,trade_balance,"Odemeler dengesi tanimli net dis ticaret dengesini (milyon ABD dolari, aylik) izlemek; Q5/Q6 ihracat-ithalat bilesenleri degil net bakiye secildi.",1.1.Dış Ticaret Dengesi,1.1.Goods,bie_odeayrsunum6,AYLIK,milyon ABD doları,sum,TCMB,raw/TP_ODEAYRSUNUM6_Q4_2020-01-01_2026-06-30_request.json,931d42211d8edb26638dec19347b6bd218da3419d0d34d17cbe1983745f2b199,raw/TP_ODEAYRSUNUM6_Q4_2020-01-01_2026-06-30_response.json.gz,e4a36d5083df74c46ce1458d80e718b8e0d7c5623ca31ed0f7dfa5870c48331a,observed,within_series_coverage,False,False
TP.ODEAYRSUNUM6.Q4,2020-11,2020-11-01,2020-11-30,2020-11,11,-3860.0,-3860.00000000,False,1604185200,trade_balance,"Odemeler dengesi tanimli net dis ticaret dengesini (milyon ABD dolari, aylik) izlemek; Q5/Q6 ihracat-ithalat bilesenleri degil net bakiye secildi.",1.1.Dış Ticaret Dengesi,1.1.Goods,bie_odeayrsunum6,AYLIK,milyon ABD doları,sum,TCMB,raw/TP_ODEAYRSUNUM6_Q4_2020-01-01_2026-06-30_request.json,931d42211d8edb26638dec19347b6bd218da3419d0d34d17cbe1983745f2b199,raw/TP_ODEAYRSUNUM6_Q4_2020-01-01_2026-06-30_response.json.gz,e4a36d5083df74c46ce1458d80e718b8e0d7c5623ca31ed0f7dfa5870c48331a,observed,within_series_coverage,False,False
TP.ODEAYRSUNUM6.Q4,2020-12,2020-12-01,2020-12-31,2020-12,12,-3365.0,-3365.00000000,False,1606777200,trade_balance,"Odemeler dengesi tanimli net dis ticaret dengesini (milyon ABD dolari, aylik) izlemek; Q5/Q6 ihracat-ithalat bilesenleri degil net bakiye secildi.",1.1.Dış Ticaret Dengesi,1.1.Goods,bie_odeayrsunum6,AYLIK,milyon ABD doları,sum,TCMB,raw/TP_ODEAYRSUNUM6_Q4_2020-01-01_2026-06-30_request.json,931d42211d8edb26638dec19347b6bd218da3419d0d34d17cbe1983745f2b199,raw/TP_ODEAYRSUNUM6_Q4_2020-01-01_2026-06-30_response.json.gz,e4a36d5083df74c46ce1458d80e718b8e0d7c5623ca31ed0f7dfa5870c48331a,observed,within_series_coverage,False,False
TP.ODEAYRSUNUM6.Q4,2021-01,2021-01-01,2021-01-31,2021-01,13,-1906.0,-1906.00000000,False,1609455600,trade_balance,"Odemeler dengesi tanimli net dis ticaret dengesini (milyon ABD dolari, aylik) izlemek; Q5/Q6 ihracat-ithalat bilesenleri degil net bakiye secildi.",1.1.Dış Ticaret Dengesi,1.1.Goods,bie_odeayrsunum6,AYLIK,milyon ABD doları,sum,TCMB,raw/TP_ODEAYRSUNUM6_Q4_2020-01-01_2026-06-30_request.json,931d42211d8edb26638dec19347b6bd218da3419d0d34d17cbe1983745f2b199,raw/TP_ODEAYRSUNUM6_Q4_2020-01-01_2026-06-30_response.json.gz,e4a36d5083df74c46ce1458d80e718b8e0d7c5623ca31ed0f7dfa5870c48331a,observed,within_series_coverage,False,False
TP.ODEAYRSUNUM6.Q4,2021-02,2021-02-01,2021-02-28,2021-02,14,-2103.0,-2103.00000000,False,1612134000,trade_balance,"Odemeler dengesi tanimli net dis ticaret dengesini (milyon ABD dolari, aylik) izlemek; Q5/Q6 ihracat-ithalat bilesenleri degil net bakiye secildi.",1.1.Dış Ticaret Dengesi,1.1.Goods,bie_odeayrsunum6,AYLIK,milyon ABD doları,sum,TCMB,raw/TP_ODEAYRSUNUM6_Q4_2020-01-01_2026-06-30_request.json,931d42211d8edb26638dec19347b6bd218da3419d0d34d17cbe1983745f2b199,raw/TP_ODEAYRSUNUM6_Q4_2020-01-01_2026-06-30_response.json.gz,e4a36d5083df74c46ce1458d80e718b8e0d7c5623ca31ed0f7dfa5870c48331a,observed,within_series_coverage,False,False
TP.ODEAYRSUNUM6.Q4,2021-03,2021-03-01,2021-03-31,2021-03,15,-2989.0,-2989.00000000,False,1614553200,trade_balance,"Odemeler dengesi tanimli net dis ticaret dengesini (milyon ABD dolari, aylik) izlemek; Q5/Q6 ihracat-ithalat bilesenleri degil net bakiye secildi.",1.1.Dış Ticaret Dengesi,1.1.Goods,bie_odeayrsunum6,AYLIK,milyon ABD doları,sum,TCMB,raw/TP_ODEAYRSUNUM6_Q4_2020-01-01_2026-06-30_request.json,931d42211d8edb26638dec19347b6bd218da3419d0d34d17cbe1983745f2b199,raw/TP_ODEAYRSUNUM6_Q4_2020-01-01_2026-06-30_response.json.gz,e4a36d5083df74c46ce1458d80e718b8e0d7c5623ca31ed0f7dfa5870c48331a,observed,within_series_coverage,False,False
TP.ODEAYRSUNUM6.Q4,2021-04,2021-04-01,2021-04-30,2021-04,16,-1745.0,-1745.00000000,False,1617224400,trade_balance,"Odemeler dengesi tanimli net dis ticaret dengesini (milyon ABD dolari, aylik) izlemek; Q5/Q6 ihracat-ithalat bilesenleri degil net bakiye secildi.",1.1.Dış Ticaret Dengesi,1.1.Goods,bie_odeayrsunum6,AYLIK,milyon ABD doları,sum,TCMB,raw/TP_ODEAYRSUNUM6_Q4_2020-01-01_2026-06-30_request.json,931d42211d8edb26638dec19347b6bd218da3419d0d34d17cbe1983745f2b199,raw/TP_ODEAYRSUNUM6_Q4_2020-01-01_2026-06-30_response.json.gz,e4a36d5083df74c46ce1458d80e718b8e0d7c5623ca31ed0f7dfa5870c48331a,observed,within_series_coverage,False,False
TP.ODEAYRSUNUM6.Q4,2021-05,2021-05-01,2021-05-31,2021-05,17,-3056.0,-3056.00000000,False,1619816400,trade_balance,"Odemeler dengesi tanimli net dis ticaret dengesini (milyon ABD dolari, aylik) izlemek; Q5/Q6 ihracat-ithalat bilesenleri degil net bakiye secildi.",1.1.Dış Ticaret Dengesi,1.1.Goods,bie_odeayrsunum6,AYLIK,milyon ABD doları,sum,TCMB,raw/TP_ODEAYRSUNUM6_Q4_2020-01-01_2026-06-30_request.json,931d42211d8edb26638dec19347b6bd218da3419d0d34d17cbe1983745f2b199,raw/TP_ODEAYRSUNUM6_Q4_2020-01-01_2026-06-30_response.json.gz,e4a36d5083df74c46ce1458d80e718b8e0d7c5623ca31ed0f7dfa5870c48331a,observed,within_series_coverage,False,False
TP.ODEAYRSUNUM6.Q4,2021-06,2021-06-01,2021-06-30,2021-06,18,-1635.0,-1635.00000000,False,1622494800,trade_balance,"Odemeler dengesi tanimli net dis ticaret dengesini (milyon ABD dolari, aylik) izlemek; Q5/Q6 ihracat-ithalat bilesenleri degil net bakiye secildi.",1.1.Dış Ticaret Dengesi,1.1.Goods,bie_odeayrsunum6,AYLIK,milyon ABD doları,sum,TCMB,raw/TP_ODEAYRSUNUM6_Q4_2020-01-01_2026-06-30_request.json,931d42211d8edb26638dec19347b6bd218da3419d0d34d17cbe1983745f2b199,raw/TP_ODEAYRSUNUM6_Q4_2020-01-01_2026-06-30_response.json.gz,e4a36d5083df74c46ce1458d80e718b8e0d7c5623ca31ed0f7dfa5870c48331a,observed,within_series_coverage,False,False
TP.ODEAYRSUNUM6.Q4,2021-07,2021-07-01,2021-07-31,2021-07,19,-3148.0,-3148.00000000,False,1625086800,trade_balance,"Odemeler dengesi tanimli net dis ticaret dengesini (milyon ABD dolari, aylik) izlemek; Q5/Q6 ihracat-ithalat bilesenleri degil net bakiye secildi.",1.1.Dış Ticaret Dengesi,1.1.Goods,bie_odeayrsunum6,AYLIK,milyon ABD doları,sum,TCMB,raw/TP_ODEAYRSUNUM6_Q4_2020-01-01_2026-06-30_request.json,931d42211d8edb26638dec19347b6bd218da3419d0d34d17cbe1983745f2b199,raw/TP_ODEAYRSUNUM6_Q4_2020-01-01_2026-06-30_response.json.gz,e4a36d5083df74c46ce1458d80e718b8e0d7c5623ca31ed0f7dfa5870c48331a,observed,within_series_coverage,False,False
TP.ODEAYRSUNUM6.Q4,2021-08,2021-08-01,2021-08-31,2021-08,20,-2885.0,-2885.00000000,False,1627765200,trade_balance,"Odemeler dengesi tanimli net dis ticaret dengesini (milyon ABD dolari, aylik) izlemek; Q5/Q6 ihracat-ithalat bilesenleri degil net bakiye secildi.",1.1.Dış Ticaret Dengesi,1.1.Goods,bie_odeayrsunum6,AYLIK,milyon ABD doları,sum,TCMB,raw/TP_ODEAYRSUNUM6_Q4_2020-01-01_2026-06-30_request.json,931d42211d8edb26638dec19347b6bd218da3419d0d34d17cbe1983745f2b199,raw/TP_ODEAYRSUNUM6_Q4_2020-01-01_2026-06-30_response.json.gz,e4a36d5083df74c46ce1458d80e718b8e0d7c5623ca31ed0f7dfa5870c48331a,observed,within_series_coverage,False,False
TP.ODEAYRSUNUM6.Q4,2021-09,2021-09-01,2021-09-30,2021-09,21,-1126.0,-1126.00000000,False,1630443600,trade_balance,"Odemeler dengesi tanimli net dis ticaret dengesini (milyon ABD dolari, aylik) izlemek; Q5/Q6 ihracat-ithalat bilesenleri degil net bakiye secildi.",1.1.Dış Ticaret Dengesi,1.1.Goods,bie_odeayrsunum6,AYLIK,milyon ABD doları,sum,TCMB,raw/TP_ODEAYRSUNUM6_Q4_2020-01-01_2026-06-30_request.json,931d42211d8edb26638dec19347b6bd218da3419d0d34d17cbe1983745f2b199,raw/TP_ODEAYRSUNUM6_Q4_2020-01-01_2026-06-30_response.json.gz,e4a36d5083df74c46ce1458d80e718b8e0d7c5623ca31ed0f7dfa5870c48331a,observed,within_series_coverage,False,False
TP.ODEAYRSUNUM6.Q4,2021-10,2021-10-01,2021-10-31,2021-10,22,-50.0,-50.00000000,False,1633035600,trade_balance,"Odemeler dengesi tanimli net dis ticaret dengesini (milyon ABD dolari, aylik) izlemek; Q5/Q6 ihracat-ithalat bilesenleri degil net bakiye secildi.",1.1.Dış Ticaret Dengesi,1.1.Goods,bie_odeayrsunum6,AYLIK,milyon ABD doları,sum,TCMB,raw/TP_ODEAYRSUNUM6_Q4_2020-01-01_2026-06-30_request.json,931d42211d8edb26638dec19347b6bd218da3419d0d34d17cbe1983745f2b199,raw/TP_ODEAYRSUNUM6_Q4_2020-01-01_2026-06-30_response.json.gz,e4a36d5083df74c46ce1458d80e718b8e0d7c5623ca31ed0f7dfa5870c48331a,observed,within_series_coverage,False,False
TP.ODEAYRSUNUM6.Q4,2021-11,2021-11-01,2021-11-30,2021-11,23,-3630.0,-3630.00000000,False,1635714000,trade_balance,"Odemeler dengesi tanimli net dis ticaret dengesini (milyon ABD dolari, aylik) izlemek; Q5/Q6 ihracat-ithalat bilesenleri degil net bakiye secildi.",1.1.Dış Ticaret Dengesi,1.1.Goods,bie_odeayrsunum6,AYLIK,milyon ABD doları,sum,TCMB,raw/TP_ODEAYRSUNUM6_Q4_2020-01-01_2026-06-30_request.json,931d42211d8edb26638dec19347b6bd218da3419d0d34d17cbe1983745f2b199,raw/TP_ODEAYRSUNUM6_Q4_2020-01-01_2026-06-30_response.json.gz,e4a36d5083df74c46ce1458d80e718b8e0d7c5623ca31ed0f7dfa5870c48331a,observed,within_series_coverage,False,False
TP.ODEAYRSUNUM6.Q4,2021-12,2021-12-01,2021-12-31,2021-12,24,-5046.0,-5046.00000000,False,1638306000,trade_balance,"Odemeler dengesi tanimli net dis ticaret dengesini (milyon ABD dolari, aylik) izlemek; Q5/Q6 ihracat-ithalat bilesenleri degil net bakiye secildi.",1.1.Dış Ticaret Dengesi,1.1.Goods,bie_odeayrsunum6,AYLIK,milyon ABD doları,sum,TCMB,raw/TP_ODEAYRSUNUM6_Q4_2020-01-01_2026-06-30_request.json,931d42211d8edb26638dec19347b6bd218da3419d0d34d17cbe1983745f2b199,raw/TP_ODEAYRSUNUM6_Q4_2020-01-01_2026-06-30_response.json.gz,e4a36d5083df74c46ce1458d80e718b8e0d7c5623ca31ed0f7dfa5870c48331a,observed,within_series_coverage,False,False
TP.ODEAYRSUNUM6.Q4,2022-01,2022-01-01,2022-01-31,2022-01,25,-8552.0,-8552.00000000,False,1640984400,trade_balance,"Odemeler dengesi tanimli net dis ticaret dengesini (milyon ABD dolari, aylik) izlemek; Q5/Q6 ihracat-ithalat bilesenleri degil net bakiye secildi.",1.1.Dış Ticaret Dengesi,1.1.Goods,bie_odeayrsunum6,AYLIK,milyon ABD doları,sum,TCMB,raw/TP_ODEAYRSUNUM6_Q4_2020-01-01_2026-06-30_request.json,931d42211d8edb26638dec19347b6bd218da3419d0d34d17cbe1983745f2b199,raw/TP_ODEAYRSUNUM6_Q4_2020-01-01_2026-06-30_response.json.gz,e4a36d5083df74c46ce1458d80e718b8e0d7c5623ca31ed0f7dfa5870c48331a,observed,within_series_coverage,False,False
TP.ODEAYRSUNUM6.Q4,2022-02,2022-02-01,2022-02-28,2022-02,26,-6296.0,-6296.00000000,False,1643662800,trade_balance,"Odemeler dengesi tanimli net dis ticaret dengesini (milyon ABD dolari, aylik) izlemek; Q5/Q6 ihracat-ithalat bilesenleri degil net bakiye secildi.",1.1.Dış Ticaret Dengesi,1.1.Goods,bie_odeayrsunum6,AYLIK,milyon ABD doları,sum,TCMB,raw/TP_ODEAYRSUNUM6_Q4_2020-01-01_2026-06-30_request.json,931d42211d8edb26638dec19347b6bd218da3419d0d34d17cbe1983745f2b199,raw/TP_ODEAYRSUNUM6_Q4_2020-01-01_2026-06-30_response.json.gz,e4a36d5083df74c46ce1458d80e718b8e0d7c5623ca31ed0f7dfa5870c48331a,observed,within_series_coverage,False,False
TP.ODEAYRSUNUM6.Q4,2022-03,2022-03-01,2022-03-31,2022-03,27,-6476.0,-6476.00000000,False,1646082000,trade_balance,"Odemeler dengesi tanimli net dis ticaret dengesini (milyon ABD dolari, aylik) izlemek; Q5/Q6 ihracat-ithalat bilesenleri degil net bakiye secildi.",1.1.Dış Ticaret Dengesi,1.1.Goods,bie_odeayrsunum6,AYLIK,milyon ABD doları,sum,TCMB,raw/TP_ODEAYRSUNUM6_Q4_2020-01-01_2026-06-30_request.json,931d42211d8edb26638dec19347b6bd218da3419d0d34d17cbe1983745f2b199,raw/TP_ODEAYRSUNUM6_Q4_2020-01-01_2026-06-30_response.json.gz,e4a36d5083df74c46ce1458d80e718b8e0d7c5623ca31ed0f7dfa5870c48331a,observed,within_series_coverage,False,False
TP.ODEAYRSUNUM6.Q4,2022-04,2022-04-01,2022-04-30,2022-04,28,-4344.0,-4344.00000000,False,1648760400,trade_balance,"Odemeler dengesi tanimli net dis ticaret dengesini (milyon ABD dolari, aylik) izlemek; Q5/Q6 ihracat-ithalat bilesenleri degil net bakiye secildi.",1.1.Dış Ticaret Dengesi,1.1.Goods,bie_odeayrsunum6,AYLIK,milyon ABD doları,sum,TCMB,raw/TP_ODEAYRSUNUM6_Q4_2020-01-01_2026-06-30_request.json,931d42211d8edb26638dec19347b6bd218da3419d0d34d17cbe1983745f2b199,raw/TP_ODEAYRSUNUM6_Q4_2020-01-01_2026-06-30_response.json.gz,e4a36d5083df74c46ce1458d80e718b8e0d7c5623ca31ed0f7dfa5870c48331a,observed,within_series_coverage,False,False
TP.ODEAYRSUNUM6.Q4,2022-05,2022-05-01,2022-05-31,2022-05,29,-8829.0,-8829.00000000,False,1651352400,trade_balance,"Odemeler dengesi tanimli net dis ticaret dengesini (milyon ABD dolari, aylik) izlemek; Q5/Q6 ihracat-ithalat bilesenleri degil net bakiye secildi.",1.1.Dış Ticaret Dengesi,1.1.Goods,bie_odeayrsunum6,AYLIK,milyon ABD doları,sum,TCMB,raw/TP_ODEAYRSUNUM6_Q4_2020-01-01_2026-06-30_request.json,931d42211d8edb26638dec19347b6bd218da3419d0d34d17cbe1983745f2b199,raw/TP_ODEAYRSUNUM6_Q4_2020-01-01_2026-06-30_response.json.gz,e4a36d5083df74c46ce1458d80e718b8e0d7c5623ca31ed0f7dfa5870c48331a,observed,within_series_coverage,False,False
TP.ODEAYRSUNUM6.Q4,2022-06,2022-06-01,2022-06-30,2022-06,30,-6436.0,-6436.00000000,False,1654030800,trade_balance,"Odemeler dengesi tanimli net dis ticaret dengesini (milyon ABD dolari, aylik) izlemek; Q5/Q6 ihracat-ithalat bilesenleri degil net bakiye secildi.",1.1.Dış Ticaret Dengesi,1.1.Goods,bie_odeayrsunum6,AYLIK,milyon ABD doları,sum,TCMB,raw/TP_ODEAYRSUNUM6_Q4_2020-01-01_2026-06-30_request.json,931d42211d8edb26638dec19347b6bd218da3419d0d34d17cbe1983745f2b199,raw/TP_ODEAYRSUNUM6_Q4_2020-01-01_2026-06-30_response.json.gz,e4a36d5083df74c46ce1458d80e718b8e0d7c5623ca31ed0f7dfa5870c48331a,observed,within_series_coverage,False,False
TP.ODEAYRSUNUM6.Q4,2022-07,2022-07-01,2022-07-31,2022-07,31,-9264.0,-9264.00000000,False,1656622800,trade_balance,"Odemeler dengesi tanimli net dis ticaret dengesini (milyon ABD dolari, aylik) izlemek; Q5/Q6 ihracat-ithalat bilesenleri degil net bakiye secildi.",1.1.Dış Ticaret Dengesi,1.1.Goods,bie_odeayrsunum6,AYLIK,milyon ABD doları,sum,TCMB,raw/TP_ODEAYRSUNUM6_Q4_2020-01-01_2026-06-30_request.json,931d42211d8edb26638dec19347b6bd218da3419d0d34d17cbe1983745f2b199,raw/TP_ODEAYRSUNUM6_Q4_2020-01-01_2026-06-30_response.json.gz,e4a36d5083df74c46ce1458d80e718b8e0d7c5623ca31ed0f7dfa5870c48331a,observed,within_series_coverage,False,False
TP.ODEAYRSUNUM6.Q4,2022-08,2022-08-01,2022-08-31,2022-08,32,-9656.0,-9656.00000000,False,1659301200,trade_balance,"Odemeler dengesi tanimli net dis ticaret dengesini (milyon ABD dolari, aylik) izlemek; Q5/Q6 ihracat-ithalat bilesenleri degil net bakiye secildi.",1.1.Dış Ticaret Dengesi,1.1.Goods,bie_odeayrsunum6,AYLIK,milyon ABD doları,sum,TCMB,raw/TP_ODEAYRSUNUM6_Q4_2020-01-01_2026-06-30_request.json,931d42211d8edb26638dec19347b6bd218da3419d0d34d17cbe1983745f2b199,raw/TP_ODEAYRSUNUM6_Q4_2020-01-01_2026-06-30_response.json.gz,e4a36d5083df74c46ce1458d80e718b8e0d7c5623ca31ed0f7dfa5870c48331a,observed,within_series_coverage,False,False
TP.ODEAYRSUNUM6.Q4,2022-09,2022-09-01,2022-09-30,2022-09,33,-8035.0,-8035.00000000,False,1661979600,trade_balance,"Odemeler dengesi tanimli net dis ticaret dengesini (milyon ABD dolari, aylik) izlemek; Q5/Q6 ihracat-ithalat bilesenleri degil net bakiye secildi.",1.1.Dış Ticaret Dengesi,1.1.Goods,bie_odeayrsunum6,AYLIK,milyon ABD doları,sum,TCMB,raw/TP_ODEAYRSUNUM6_Q4_2020-01-01_2026-06-30_request.json,931d42211d8edb26638dec19347b6bd218da3419d0d34d17cbe1983745f2b199,raw/TP_ODEAYRSUNUM6_Q4_2020-01-01_2026-06-30_response.json.gz,e4a36d5083df74c46ce1458d80e718b8e0d7c5623ca31ed0f7dfa5870c48331a,observed,within_series_coverage,False,False
TP.ODEAYRSUNUM6.Q4,2022-10,2022-10-01,2022-10-31,2022-10,34,-6449.0,-6449.00000000,False,1664571600,trade_balance,"Odemeler dengesi tanimli net dis ticaret dengesini (milyon ABD dolari, aylik) izlemek; Q5/Q6 ihracat-ithalat bilesenleri degil net bakiye secildi.",1.1.Dış Ticaret Dengesi,1.1.Goods,bie_odeayrsunum6,AYLIK,milyon ABD doları,sum,TCMB,raw/TP_ODEAYRSUNUM6_Q4_2020-01-01_2026-06-30_request.json,931d42211d8edb26638dec19347b6bd218da3419d0d34d17cbe1983745f2b199,raw/TP_ODEAYRSUNUM6_Q4_2020-01-01_2026-06-30_response.json.gz,e4a36d5083df74c46ce1458d80e718b8e0d7c5623ca31ed0f7dfa5870c48331a,observed,within_series_coverage,False,False
TP.ODEAYRSUNUM6.Q4,2022-11,2022-11-01,2022-11-30,2022-11,35,-7173.0,-7173.00000000,False,1667250000,trade_balance,"Odemeler dengesi tanimli net dis ticaret dengesini (milyon ABD dolari, aylik) izlemek; Q5/Q6 ihracat-ithalat bilesenleri degil net bakiye secildi.",1.1.Dış Ticaret Dengesi,1.1.Goods,bie_odeayrsunum6,AYLIK,milyon ABD doları,sum,TCMB,raw/TP_ODEAYRSUNUM6_Q4_2020-01-01_2026-06-30_request.json,931d42211d8edb26638dec19347b6bd218da3419d0d34d17cbe1983745f2b199,raw/TP_ODEAYRSUNUM6_Q4_2020-01-01_2026-06-30_response.json.gz,e4a36d5083df74c46ce1458d80e718b8e0d7c5623ca31ed0f7dfa5870c48331a,observed,within_series_coverage,False,False
TP.ODEAYRSUNUM6.Q4,2022-12,2022-12-01,2022-12-31,2022-12,36,-8075.0,-8075.00000000,False,1669842000,trade_balance,"Odemeler dengesi tanimli net dis ticaret dengesini (milyon ABD dolari, aylik) izlemek; Q5/Q6 ihracat-ithalat bilesenleri degil net bakiye secildi.",1.1.Dış Ticaret Dengesi,1.1.Goods,bie_odeayrsunum6,AYLIK,milyon ABD doları,sum,TCMB,raw/TP_ODEAYRSUNUM6_Q4_2020-01-01_2026-06-30_request.json,931d42211d8edb26638dec19347b6bd218da3419d0d34d17cbe1983745f2b199,raw/TP_ODEAYRSUNUM6_Q4_2020-01-01_2026-06-30_response.json.gz,e4a36d5083df74c46ce1458d80e718b8e0d7c5623ca31ed0f7dfa5870c48331a,observed,within_series_coverage,False,False
TP.ODEAYRSUNUM6.Q4,2023-01,2023-01-01,2023-01-31,2023-01,37,-12581.0,-12581.00000000,False,1672520400,trade_balance,"Odemeler dengesi tanimli net dis ticaret dengesini (milyon ABD dolari, aylik) izlemek; Q5/Q6 ihracat-ithalat bilesenleri degil net bakiye secildi.",1.1.Dış Ticaret Dengesi,1.1.Goods,bie_odeayrsunum6,AYLIK,milyon ABD doları,sum,TCMB,raw/TP_ODEAYRSUNUM6_Q4_2020-01-01_2026-06-30_request.json,931d42211d8edb26638dec19347b6bd218da3419d0d34d17cbe1983745f2b199,raw/TP_ODEAYRSUNUM6_Q4_2020-01-01_2026-06-30_response.json.gz,e4a36d5083df74c46ce1458d80e718b8e0d7c5623ca31ed0f7dfa5870c48331a,observed,within_series_coverage,False,False
TP.ODEAYRSUNUM6.Q4,2023-02,2023-02-01,2023-02-28,2023-02,38,-10513.0,-10513.00000000,False,1675198800,trade_balance,"Odemeler dengesi tanimli net dis ticaret dengesini (milyon ABD dolari, aylik) izlemek; Q5/Q6 ihracat-ithalat bilesenleri degil net bakiye secildi.",1.1.Dış Ticaret Dengesi,1.1.Goods,bie_odeayrsunum6,AYLIK,milyon ABD doları,sum,TCMB,raw/TP_ODEAYRSUNUM6_Q4_2020-01-01_2026-06-30_request.json,931d42211d8edb26638dec19347b6bd218da3419d0d34d17cbe1983745f2b199,raw/TP_ODEAYRSUNUM6_Q4_2020-01-01_2026-06-30_response.json.gz,e4a36d5083df74c46ce1458d80e718b8e0d7c5623ca31ed0f7dfa5870c48331a,observed,within_series_coverage,False,False
TP.ODEAYRSUNUM6.Q4,2023-03,2023-03-01,2023-03-31,2023-03,39,-6331.0,-6331.00000000,False,1677618000,trade_balance,"Odemeler dengesi tanimli net dis ticaret dengesini (milyon ABD dolari, aylik) izlemek; Q5/Q6 ihracat-ithalat bilesenleri degil net bakiye secildi.",1.1.Dış Ticaret Dengesi,1.1.Goods,bie_odeayrsunum6,AYLIK,milyon ABD doları,sum,TCMB,raw/TP_ODEAYRSUNUM6_Q4_2020-01-01_2026-06-30_request.json,931d42211d8edb26638dec19347b6bd218da3419d0d34d17cbe1983745f2b199,raw/TP_ODEAYRSUNUM6_Q4_2020-01-01_2026-06-30_response.json.gz,e4a36d5083df74c46ce1458d80e718b8e0d7c5623ca31ed0f7dfa5870c48331a,observed,within_series_coverage,False,False
TP.ODEAYRSUNUM6.Q4,2023-04,2023-04-01,2023-04-30,2023-04,40,-7058.0,-7058.00000000,False,1680296400,trade_balance,"Odemeler dengesi tanimli net dis ticaret dengesini (milyon ABD dolari, aylik) izlemek; Q5/Q6 ihracat-ithalat bilesenleri degil net bakiye secildi.",1.1.Dış Ticaret Dengesi,1.1.Goods,bie_odeayrsunum6,AYLIK,milyon ABD doları,sum,TCMB,raw/TP_ODEAYRSUNUM6_Q4_2020-01-01_2026-06-30_request.json,931d42211d8edb26638dec19347b6bd218da3419d0d34d17cbe1983745f2b199,raw/TP_ODEAYRSUNUM6_Q4_2020-01-01_2026-06-30_response.json.gz,e4a36d5083df74c46ce1458d80e718b8e0d7c5623ca31ed0f7dfa5870c48331a,observed,within_series_coverage,False,False
TP.ODEAYRSUNUM6.Q4,2023-05,2023-05-01,2023-05-31,2023-05,41,-10455.0,-10455.00000000,False,1682888400,trade_balance,"Odemeler dengesi tanimli net dis ticaret dengesini (milyon ABD dolari, aylik) izlemek; Q5/Q6 ihracat-ithalat bilesenleri degil net bakiye secildi.",1.1.Dış Ticaret Dengesi,1.1.Goods,bie_odeayrsunum6,AYLIK,milyon ABD doları,sum,TCMB,raw/TP_ODEAYRSUNUM6_Q4_2020-01-01_2026-06-30_request.json,931d42211d8edb26638dec19347b6bd218da3419d0d34d17cbe1983745f2b199,raw/TP_ODEAYRSUNUM6_Q4_2020-01-01_2026-06-30_response.json.gz,e4a36d5083df74c46ce1458d80e718b8e0d7c5623ca31ed0f7dfa5870c48331a,observed,within_series_coverage,False,False
TP.ODEAYRSUNUM6.Q4,2023-06,2023-06-01,2023-06-30,2023-06,42,-3770.0,-3770.00000000,False,1685566800,trade_balance,"Odemeler dengesi tanimli net dis ticaret dengesini (milyon ABD dolari, aylik) izlemek; Q5/Q6 ihracat-ithalat bilesenleri degil net bakiye secildi.",1.1.Dış Ticaret Dengesi,1.1.Goods,bie_odeayrsunum6,AYLIK,milyon ABD doları,sum,TCMB,raw/TP_ODEAYRSUNUM6_Q4_2020-01-01_2026-06-30_request.json,931d42211d8edb26638dec19347b6bd218da3419d0d34d17cbe1983745f2b199,raw/TP_ODEAYRSUNUM6_Q4_2020-01-01_2026-06-30_response.json.gz,e4a36d5083df74c46ce1458d80e718b8e0d7c5623ca31ed0f7dfa5870c48331a,observed,within_series_coverage,False,False
TP.ODEAYRSUNUM6.Q4,2023-07,2023-07-01,2023-07-31,2023-07,43,-10737.0,-10737.00000000,False,1688158800,trade_balance,"Odemeler dengesi tanimli net dis ticaret dengesini (milyon ABD dolari, aylik) izlemek; Q5/Q6 ihracat-ithalat bilesenleri degil net bakiye secildi.",1.1.Dış Ticaret Dengesi,1.1.Goods,bie_odeayrsunum6,AYLIK,milyon ABD doları,sum,TCMB,raw/TP_ODEAYRSUNUM6_Q4_2020-01-01_2026-06-30_request.json,931d42211d8edb26638dec19347b6bd218da3419d0d34d17cbe1983745f2b199,raw/TP_ODEAYRSUNUM6_Q4_2020-01-01_2026-06-30_response.json.gz,e4a36d5083df74c46ce1458d80e718b8e0d7c5623ca31ed0f7dfa5870c48331a,observed,within_series_coverage,False,False
TP.ODEAYRSUNUM6.Q4,2023-08,2023-08-01,2023-08-31,2023-08,44,-7141.0,-7141.00000000,False,1690837200,trade_balance,"Odemeler dengesi tanimli net dis ticaret dengesini (milyon ABD dolari, aylik) izlemek; Q5/Q6 ihracat-ithalat bilesenleri degil net bakiye secildi.",1.1.Dış Ticaret Dengesi,1.1.Goods,bie_odeayrsunum6,AYLIK,milyon ABD doları,sum,TCMB,raw/TP_ODEAYRSUNUM6_Q4_2020-01-01_2026-06-30_request.json,931d42211d8edb26638dec19347b6bd218da3419d0d34d17cbe1983745f2b199,raw/TP_ODEAYRSUNUM6_Q4_2020-01-01_2026-06-30_response.json.gz,e4a36d5083df74c46ce1458d80e718b8e0d7c5623ca31ed0f7dfa5870c48331a,observed,within_series_coverage,False,False
TP.ODEAYRSUNUM6.Q4,2023-09,2023-09-01,2023-09-30,2023-09,45,-3693.0,-3693.00000000,False,1693515600,trade_balance,"Odemeler dengesi tanimli net dis ticaret dengesini (milyon ABD dolari, aylik) izlemek; Q5/Q6 ihracat-ithalat bilesenleri degil net bakiye secildi.",1.1.Dış Ticaret Dengesi,1.1.Goods,bie_odeayrsunum6,AYLIK,milyon ABD doları,sum,TCMB,raw/TP_ODEAYRSUNUM6_Q4_2020-01-01_2026-06-30_request.json,931d42211d8edb26638dec19347b6bd218da3419d0d34d17cbe1983745f2b199,raw/TP_ODEAYRSUNUM6_Q4_2020-01-01_2026-06-30_response.json.gz,e4a36d5083df74c46ce1458d80e718b8e0d7c5623ca31ed0f7dfa5870c48331a,observed,within_series_coverage,False,False
TP.ODEAYRSUNUM6.Q4,2023-10,2023-10-01,2023-10-31,2023-10,46,-4984.0,-4984.00000000,False,1696107600,trade_balance,"Odemeler dengesi tanimli net dis ticaret dengesini (milyon ABD dolari, aylik) izlemek; Q5/Q6 ihracat-ithalat bilesenleri degil net bakiye secildi.",1.1.Dış Ticaret Dengesi,1.1.Goods,bie_odeayrsunum6,AYLIK,milyon ABD doları,sum,TCMB,raw/TP_ODEAYRSUNUM6_Q4_2020-01-01_2026-06-30_request.json,931d42211d8edb26638dec19347b6bd218da3419d0d34d17cbe1983745f2b199,raw/TP_ODEAYRSUNUM6_Q4_2020-01-01_2026-06-30_response.json.gz,e4a36d5083df74c46ce1458d80e718b8e0d7c5623ca31ed0f7dfa5870c48331a,observed,within_series_coverage,False,False
TP.ODEAYRSUNUM6.Q4,2023-11,2023-11-01,2023-11-30,2023-11,47,-4476.0,-4476.00000000,False,1698786000,trade_balance,"Odemeler dengesi tanimli net dis ticaret dengesini (milyon ABD dolari, aylik) izlemek; Q5/Q6 ihracat-ithalat bilesenleri degil net bakiye secildi.",1.1.Dış Ticaret Dengesi,1.1.Goods,bie_odeayrsunum6,AYLIK,milyon ABD doları,sum,TCMB,raw/TP_ODEAYRSUNUM6_Q4_2020-01-01_2026-06-30_request.json,931d42211d8edb26638dec19347b6bd218da3419d0d34d17cbe1983745f2b199,raw/TP_ODEAYRSUNUM6_Q4_2020-01-01_2026-06-30_response.json.gz,e4a36d5083df74c46ce1458d80e718b8e0d7c5623ca31ed0f7dfa5870c48331a,observed,within_series_coverage,False,False
TP.ODEAYRSUNUM6.Q4,2023-12,2023-12-01,2023-12-31,2023-12,48,-4540.0,-4540.00000000,False,1701378000,trade_balance,"Odemeler dengesi tanimli net dis ticaret dengesini (milyon ABD dolari, aylik) izlemek; Q5/Q6 ihracat-ithalat bilesenleri degil net bakiye secildi.",1.1.Dış Ticaret Dengesi,1.1.Goods,bie_odeayrsunum6,AYLIK,milyon ABD doları,sum,TCMB,raw/TP_ODEAYRSUNUM6_Q4_2020-01-01_2026-06-30_request.json,931d42211d8edb26638dec19347b6bd218da3419d0d34d17cbe1983745f2b199,raw/TP_ODEAYRSUNUM6_Q4_2020-01-01_2026-06-30_response.json.gz,e4a36d5083df74c46ce1458d80e718b8e0d7c5623ca31ed0f7dfa5870c48331a,observed,within_series_coverage,False,False
TP.ODEAYRSUNUM6.Q4,2024-01,2024-01-01,2024-01-31,2024-01,49,-4332.0,-4332.00000000,False,1704056400,trade_balance,"Odemeler dengesi tanimli net dis ticaret dengesini (milyon ABD dolari, aylik) izlemek; Q5/Q6 ihracat-ithalat bilesenleri degil net bakiye secildi.",1.1.Dış Ticaret Dengesi,1.1.Goods,bie_odeayrsunum6,AYLIK,milyon ABD doları,sum,TCMB,raw/TP_ODEAYRSUNUM6_Q4_2020-01-01_2026-06-30_request.json,931d42211d8edb26638dec19347b6bd218da3419d0d34d17cbe1983745f2b199,raw/TP_ODEAYRSUNUM6_Q4_2020-01-01_2026-06-30_response.json.gz,e4a36d5083df74c46ce1458d80e718b8e0d7c5623ca31ed0f7dfa5870c48331a,observed,within_series_coverage,False,False
TP.ODEAYRSUNUM6.Q4,2024-02,2024-02-01,2024-02-29,2024-02,50,-4682.0,-4682.00000000,False,1706734800,trade_balance,"Odemeler dengesi tanimli net dis ticaret dengesini (milyon ABD dolari, aylik) izlemek; Q5/Q6 ihracat-ithalat bilesenleri degil net bakiye secildi.",1.1.Dış Ticaret Dengesi,1.1.Goods,bie_odeayrsunum6,AYLIK,milyon ABD doları,sum,TCMB,raw/TP_ODEAYRSUNUM6_Q4_2020-01-01_2026-06-30_request.json,931d42211d8edb26638dec19347b6bd218da3419d0d34d17cbe1983745f2b199,raw/TP_ODEAYRSUNUM6_Q4_2020-01-01_2026-06-30_response.json.gz,e4a36d5083df74c46ce1458d80e718b8e0d7c5623ca31ed0f7dfa5870c48331a,observed,within_series_coverage,False,False
TP.ODEAYRSUNUM6.Q4,2024-03,2024-03-01,2024-03-31,2024-03,51,-5011.0,-5011.00000000,False,1709240400,trade_balance,"Odemeler dengesi tanimli net dis ticaret dengesini (milyon ABD dolari, aylik) izlemek; Q5/Q6 ihracat-ithalat bilesenleri degil net bakiye secildi.",1.1.Dış Ticaret Dengesi,1.1.Goods,bie_odeayrsunum6,AYLIK,milyon ABD doları,sum,TCMB,raw/TP_ODEAYRSUNUM6_Q4_2020-01-01_2026-06-30_request.json,931d42211d8edb26638dec19347b6bd218da3419d0d34d17cbe1983745f2b199,raw/TP_ODEAYRSUNUM6_Q4_2020-01-01_2026-06-30_response.json.gz,e4a36d5083df74c46ce1458d80e718b8e0d7c5623ca31ed0f7dfa5870c48331a,observed,within_series_coverage,False,False
TP.ODEAYRSUNUM6.Q4,2024-04,2024-04-01,2024-04-30,2024-04,52,-7666.0,-7666.00000000,False,1711918800,trade_balance,"Odemeler dengesi tanimli net dis ticaret dengesini (milyon ABD dolari, aylik) izlemek; Q5/Q6 ihracat-ithalat bilesenleri degil net bakiye secildi.",1.1.Dış Ticaret Dengesi,1.1.Goods,bie_odeayrsunum6,AYLIK,milyon ABD doları,sum,TCMB,raw/TP_ODEAYRSUNUM6_Q4_2020-01-01_2026-06-30_request.json,931d42211d8edb26638dec19347b6bd218da3419d0d34d17cbe1983745f2b199,raw/TP_ODEAYRSUNUM6_Q4_2020-01-01_2026-06-30_response.json.gz,e4a36d5083df74c46ce1458d80e718b8e0d7c5623ca31ed0f7dfa5870c48331a,observed,within_series_coverage,False,False
TP.ODEAYRSUNUM6.Q4,2024-05,2024-05-01,2024-05-31,2024-05,53,-4153.0,-4153.00000000,False,1714510800,trade_balance,"Odemeler dengesi tanimli net dis ticaret dengesini (milyon ABD dolari, aylik) izlemek; Q5/Q6 ihracat-ithalat bilesenleri degil net bakiye secildi.",1.1.Dış Ticaret Dengesi,1.1.Goods,bie_odeayrsunum6,AYLIK,milyon ABD doları,sum,TCMB,raw/TP_ODEAYRSUNUM6_Q4_2020-01-01_2026-06-30_request.json,931d42211d8edb26638dec19347b6bd218da3419d0d34d17cbe1983745f2b199,raw/TP_ODEAYRSUNUM6_Q4_2020-01-01_2026-06-30_response.json.gz,e4a36d5083df74c46ce1458d80e718b8e0d7c5623ca31ed0f7dfa5870c48331a,observed,within_series_coverage,False,False
TP.ODEAYRSUNUM6.Q4,2024-06,2024-06-01,2024-06-30,2024-06,54,-4109.0,-4109.00000000,False,1717189200,trade_balance,"Odemeler dengesi tanimli net dis ticaret dengesini (milyon ABD dolari, aylik) izlemek; Q5/Q6 ihracat-ithalat bilesenleri degil net bakiye secildi.",1.1.Dış Ticaret Dengesi,1.1.Goods,bie_odeayrsunum6,AYLIK,milyon ABD doları,sum,TCMB,raw/TP_ODEAYRSUNUM6_Q4_2020-01-01_2026-06-30_request.json,931d42211d8edb26638dec19347b6bd218da3419d0d34d17cbe1983745f2b199,raw/TP_ODEAYRSUNUM6_Q4_2020-01-01_2026-06-30_response.json.gz,e4a36d5083df74c46ce1458d80e718b8e0d7c5623ca31ed0f7dfa5870c48331a,observed,within_series_coverage,False,False
TP.ODEAYRSUNUM6.Q4,2024-07,2024-07-01,2024-07-31,2024-07,55,-5063.0,-5063.00000000,False,1719781200,trade_balance,"Odemeler dengesi tanimli net dis ticaret dengesini (milyon ABD dolari, aylik) izlemek; Q5/Q6 ihracat-ithalat bilesenleri degil net bakiye secildi.",1.1.Dış Ticaret Dengesi,1.1.Goods,bie_odeayrsunum6,AYLIK,milyon ABD doları,sum,TCMB,raw/TP_ODEAYRSUNUM6_Q4_2020-01-01_2026-06-30_request.json,931d42211d8edb26638dec19347b6bd218da3419d0d34d17cbe1983745f2b199,raw/TP_ODEAYRSUNUM6_Q4_2020-01-01_2026-06-30_response.json.gz,e4a36d5083df74c46ce1458d80e718b8e0d7c5623ca31ed0f7dfa5870c48331a,observed,within_series_coverage,False,False
TP.ODEAYRSUNUM6.Q4,2024-08,2024-08-01,2024-08-31,2024-08,56,-2886.0,-2886.00000000,False,1722459600,trade_balance,"Odemeler dengesi tanimli net dis ticaret dengesini (milyon ABD dolari, aylik) izlemek; Q5/Q6 ihracat-ithalat bilesenleri degil net bakiye secildi.",1.1.Dış Ticaret Dengesi,1.1.Goods,bie_odeayrsunum6,AYLIK,milyon ABD doları,sum,TCMB,raw/TP_ODEAYRSUNUM6_Q4_2020-01-01_2026-06-30_request.json,931d42211d8edb26638dec19347b6bd218da3419d0d34d17cbe1983745f2b199,raw/TP_ODEAYRSUNUM6_Q4_2020-01-01_2026-06-30_response.json.gz,e4a36d5083df74c46ce1458d80e718b8e0d7c5623ca31ed0f7dfa5870c48331a,observed,within_series_coverage,False,False
TP.ODEAYRSUNUM6.Q4,2024-09,2024-09-01,2024-09-30,2024-09,57,-3108.0,-3108.00000000,False,1725138000,trade_balance,"Odemeler dengesi tanimli net dis ticaret dengesini (milyon ABD dolari, aylik) izlemek; Q5/Q6 ihracat-ithalat bilesenleri degil net bakiye secildi.",1.1.Dış Ticaret Dengesi,1.1.Goods,bie_odeayrsunum6,AYLIK,milyon ABD doları,sum,TCMB,raw/TP_ODEAYRSUNUM6_Q4_2020-01-01_2026-06-30_request.json,931d42211d8edb26638dec19347b6bd218da3419d0d34d17cbe1983745f2b199,raw/TP_ODEAYRSUNUM6_Q4_2020-01-01_2026-06-30_response.json.gz,e4a36d5083df74c46ce1458d80e718b8e0d7c5623ca31ed0f7dfa5870c48331a,observed,within_series_coverage,False,False
TP.ODEAYRSUNUM6.Q4,2024-10,2024-10-01,2024-10-31,2024-10,58,-3504.0,-3504.00000000,False,1727730000,trade_balance,"Odemeler dengesi tanimli net dis ticaret dengesini (milyon ABD dolari, aylik) izlemek; Q5/Q6 ihracat-ithalat bilesenleri degil net bakiye secildi.",1.1.Dış Ticaret Dengesi,1.1.Goods,bie_odeayrsunum6,AYLIK,milyon ABD doları,sum,TCMB,raw/TP_ODEAYRSUNUM6_Q4_2020-01-01_2026-06-30_request.json,931d42211d8edb26638dec19347b6bd218da3419d0d34d17cbe1983745f2b199,raw/TP_ODEAYRSUNUM6_Q4_2020-01-01_2026-06-30_response.json.gz,e4a36d5083df74c46ce1458d80e718b8e0d7c5623ca31ed0f7dfa5870c48331a,observed,within_series_coverage,False,False
TP.ODEAYRSUNUM6.Q4,2024-11,2024-11-01,2024-11-30,2024-11,59,-5242.0,-5242.00000000,False,1730408400,trade_balance,"Odemeler dengesi tanimli net dis ticaret dengesini (milyon ABD dolari, aylik) izlemek; Q5/Q6 ihracat-ithalat bilesenleri degil net bakiye secildi.",1.1.Dış Ticaret Dengesi,1.1.Goods,bie_odeayrsunum6,AYLIK,milyon ABD doları,sum,TCMB,raw/TP_ODEAYRSUNUM6_Q4_2020-01-01_2026-06-30_request.json,931d42211d8edb26638dec19347b6bd218da3419d0d34d17cbe1983745f2b199,raw/TP_ODEAYRSUNUM6_Q4_2020-01-01_2026-06-30_response.json.gz,e4a36d5083df74c46ce1458d80e718b8e0d7c5623ca31ed0f7dfa5870c48331a,observed,within_series_coverage,False,False
TP.ODEAYRSUNUM6.Q4,2024-12,2024-12-01,2024-12-31,2024-12,60,-6231.0,-6231.00000000,False,1733000400,trade_balance,"Odemeler dengesi tanimli net dis ticaret dengesini (milyon ABD dolari, aylik) izlemek; Q5/Q6 ihracat-ithalat bilesenleri degil net bakiye secildi.",1.1.Dış Ticaret Dengesi,1.1.Goods,bie_odeayrsunum6,AYLIK,milyon ABD doları,sum,TCMB,raw/TP_ODEAYRSUNUM6_Q4_2020-01-01_2026-06-30_request.json,931d42211d8edb26638dec19347b6bd218da3419d0d34d17cbe1983745f2b199,raw/TP_ODEAYRSUNUM6_Q4_2020-01-01_2026-06-30_response.json.gz,e4a36d5083df74c46ce1458d80e718b8e0d7c5623ca31ed0f7dfa5870c48331a,observed,within_series_coverage,False,False
TP.ODEAYRSUNUM6.Q4,2025-01,2025-01-01,2025-01-31,2025-01,61,-5499.0,-5499.00000000,False,1735678800,trade_balance,"Odemeler dengesi tanimli net dis ticaret dengesini (milyon ABD dolari, aylik) izlemek; Q5/Q6 ihracat-ithalat bilesenleri degil net bakiye secildi.",1.1.Dış Ticaret Dengesi,1.1.Goods,bie_odeayrsunum6,AYLIK,milyon ABD doları,sum,TCMB,raw/TP_ODEAYRSUNUM6_Q4_2020-01-01_2026-06-30_request.json,931d42211d8edb26638dec19347b6bd218da3419d0d34d17cbe1983745f2b199,raw/TP_ODEAYRSUNUM6_Q4_2020-01-01_2026-06-30_response.json.gz,e4a36d5083df74c46ce1458d80e718b8e0d7c5623ca31ed0f7dfa5870c48331a,observed,within_series_coverage,False,False
TP.ODEAYRSUNUM6.Q4,2025-02,2025-02-01,2025-02-28,2025-02,62,-5435.0,-5435.00000000,False,1738357200,trade_balance,"Odemeler dengesi tanimli net dis ticaret dengesini (milyon ABD dolari, aylik) izlemek; Q5/Q6 ihracat-ithalat bilesenleri degil net bakiye secildi.",1.1.Dış Ticaret Dengesi,1.1.Goods,bie_odeayrsunum6,AYLIK,milyon ABD doları,sum,TCMB,raw/TP_ODEAYRSUNUM6_Q4_2020-01-01_2026-06-30_request.json,931d42211d8edb26638dec19347b6bd218da3419d0d34d17cbe1983745f2b199,raw/TP_ODEAYRSUNUM6_Q4_2020-01-01_2026-06-30_response.json.gz,e4a36d5083df74c46ce1458d80e718b8e0d7c5623ca31ed0f7dfa5870c48331a,observed,within_series_coverage,False,False
TP.ODEAYRSUNUM6.Q4,2025-03,2025-03-01,2025-03-31,2025-03,63,-4800.0,-4800.00000000,False,1740776400,trade_balance,"Odemeler dengesi tanimli net dis ticaret dengesini (milyon ABD dolari, aylik) izlemek; Q5/Q6 ihracat-ithalat bilesenleri degil net bakiye secildi.",1.1.Dış Ticaret Dengesi,1.1.Goods,bie_odeayrsunum6,AYLIK,milyon ABD doları,sum,TCMB,raw/TP_ODEAYRSUNUM6_Q4_2020-01-01_2026-06-30_request.json,931d42211d8edb26638dec19347b6bd218da3419d0d34d17cbe1983745f2b199,raw/TP_ODEAYRSUNUM6_Q4_2020-01-01_2026-06-30_response.json.gz,e4a36d5083df74c46ce1458d80e718b8e0d7c5623ca31ed0f7dfa5870c48331a,observed,within_series_coverage,False,False
TP.ODEAYRSUNUM6.Q4,2025-04,2025-04-01,2025-04-30,2025-04,64,-9850.0,-9850.00000000,False,1743454800,trade_balance,"Odemeler dengesi tanimli net dis ticaret dengesini (milyon ABD dolari, aylik) izlemek; Q5/Q6 ihracat-ithalat bilesenleri degil net bakiye secildi.",1.1.Dış Ticaret Dengesi,1.1.Goods,bie_odeayrsunum6,AYLIK,milyon ABD doları,sum,TCMB,raw/TP_ODEAYRSUNUM6_Q4_2020-01-01_2026-06-30_request.json,931d42211d8edb26638dec19347b6bd218da3419d0d34d17cbe1983745f2b199,raw/TP_ODEAYRSUNUM6_Q4_2020-01-01_2026-06-30_response.json.gz,e4a36d5083df74c46ce1458d80e718b8e0d7c5623ca31ed0f7dfa5870c48331a,observed,within_series_coverage,False,False
TP.ODEAYRSUNUM6.Q4,2025-05,2025-05-01,2025-05-31,2025-05,65,-4726.0,-4726.00000000,False,1746046800,trade_balance,"Odemeler dengesi tanimli net dis ticaret dengesini (milyon ABD dolari, aylik) izlemek; Q5/Q6 ihracat-ithalat bilesenleri degil net bakiye secildi.",1.1.Dış Ticaret Dengesi,1.1.Goods,bie_odeayrsunum6,AYLIK,milyon ABD doları,sum,TCMB,raw/TP_ODEAYRSUNUM6_Q4_2020-01-01_2026-06-30_request.json,931d42211d8edb26638dec19347b6bd218da3419d0d34d17cbe1983745f2b199,raw/TP_ODEAYRSUNUM6_Q4_2020-01-01_2026-06-30_response.json.gz,e4a36d5083df74c46ce1458d80e718b8e0d7c5623ca31ed0f7dfa5870c48331a,observed,within_series_coverage,False,False
TP.ODEAYRSUNUM6.Q4,2025-06,2025-06-01,2025-06-30,2025-06,66,-6471.0,-6471.00000000,False,1748725200,trade_balance,"Odemeler dengesi tanimli net dis ticaret dengesini (milyon ABD dolari, aylik) izlemek; Q5/Q6 ihracat-ithalat bilesenleri degil net bakiye secildi.",1.1.Dış Ticaret Dengesi,1.1.Goods,bie_odeayrsunum6,AYLIK,milyon ABD doları,sum,TCMB,raw/TP_ODEAYRSUNUM6_Q4_2020-01-01_2026-06-30_request.json,931d42211d8edb26638dec19347b6bd218da3419d0d34d17cbe1983745f2b199,raw/TP_ODEAYRSUNUM6_Q4_2020-01-01_2026-06-30_response.json.gz,e4a36d5083df74c46ce1458d80e718b8e0d7c5623ca31ed0f7dfa5870c48331a,observed,within_series_coverage,False,False
TP.ODEAYRSUNUM6.Q4,2025-07,2025-07-01,2025-07-31,2025-07,67,-4561.0,-4561.00000000,False,1751317200,trade_balance,"Odemeler dengesi tanimli net dis ticaret dengesini (milyon ABD dolari, aylik) izlemek; Q5/Q6 ihracat-ithalat bilesenleri degil net bakiye secildi.",1.1.Dış Ticaret Dengesi,1.1.Goods,bie_odeayrsunum6,AYLIK,milyon ABD doları,sum,TCMB,raw/TP_ODEAYRSUNUM6_Q4_2020-01-01_2026-06-30_request.json,931d42211d8edb26638dec19347b6bd218da3419d0d34d17cbe1983745f2b199,raw/TP_ODEAYRSUNUM6_Q4_2020-01-01_2026-06-30_response.json.gz,e4a36d5083df74c46ce1458d80e718b8e0d7c5623ca31ed0f7dfa5870c48331a,observed,within_series_coverage,False,False
TP.ODEAYRSUNUM6.Q4,2025-08,2025-08-01,2025-08-31,2025-08,68,-2773.0,-2773.00000000,False,1753995600,trade_balance,"Odemeler dengesi tanimli net dis ticaret dengesini (milyon ABD dolari, aylik) izlemek; Q5/Q6 ihracat-ithalat bilesenleri degil net bakiye secildi.",1.1.Dış Ticaret Dengesi,1.1.Goods,bie_odeayrsunum6,AYLIK,milyon ABD doları,sum,TCMB,raw/TP_ODEAYRSUNUM6_Q4_2020-01-01_2026-06-30_request.json,931d42211d8edb26638dec19347b6bd218da3419d0d34d17cbe1983745f2b199,raw/TP_ODEAYRSUNUM6_Q4_2020-01-01_2026-06-30_response.json.gz,e4a36d5083df74c46ce1458d80e718b8e0d7c5623ca31ed0f7dfa5870c48331a,observed,within_series_coverage,False,False
TP.ODEAYRSUNUM6.Q4,2025-09,2025-09-01,2025-09-30,2025-09,69,-5333.0,-5333.00000000,False,1756674000,trade_balance,"Odemeler dengesi tanimli net dis ticaret dengesini (milyon ABD dolari, aylik) izlemek; Q5/Q6 ihracat-ithalat bilesenleri degil net bakiye secildi.",1.1.Dış Ticaret Dengesi,1.1.Goods,bie_odeayrsunum6,AYLIK,milyon ABD doları,sum,TCMB,raw/TP_ODEAYRSUNUM6_Q4_2020-01-01_2026-06-30_request.json,931d42211d8edb26638dec19347b6bd218da3419d0d34d17cbe1983745f2b199,raw/TP_ODEAYRSUNUM6_Q4_2020-01-01_2026-06-30_response.json.gz,e4a36d5083df74c46ce1458d80e718b8e0d7c5623ca31ed0f7dfa5870c48331a,observed,within_series_coverage,False,False
TP.ODEAYRSUNUM6.Q4,2025-10,2025-10-01,2025-10-31,2025-10,70,-5884.0,-5884.00000000,False,1759266000,trade_balance,"Odemeler dengesi tanimli net dis ticaret dengesini (milyon ABD dolari, aylik) izlemek; Q5/Q6 ihracat-ithalat bilesenleri degil net bakiye secildi.",1.1.Dış Ticaret Dengesi,1.1.Goods,bie_odeayrsunum6,AYLIK,milyon ABD doları,sum,TCMB,raw/TP_ODEAYRSUNUM6_Q4_2020-01-01_2026-06-30_request.json,931d42211d8edb26638dec19347b6bd218da3419d0d34d17cbe1983745f2b199,raw/TP_ODEAYRSUNUM6_Q4_2020-01-01_2026-06-30_response.json.gz,e4a36d5083df74c46ce1458d80e718b8e0d7c5623ca31ed0f7dfa5870c48331a,observed,within_series_coverage,False,False
TP.ODEAYRSUNUM6.Q4,2025-11,2025-11-01,2025-11-30,2025-11,71,-6351.0,-6351.00000000,False,1761944400,trade_balance,"Odemeler dengesi tanimli net dis ticaret dengesini (milyon ABD dolari, aylik) izlemek; Q5/Q6 ihracat-ithalat bilesenleri degil net bakiye secildi.",1.1.Dış Ticaret Dengesi,1.1.Goods,bie_odeayrsunum6,AYLIK,milyon ABD doları,sum,TCMB,raw/TP_ODEAYRSUNUM6_Q4_2020-01-01_2026-06-30_request.json,931d42211d8edb26638dec19347b6bd218da3419d0d34d17cbe1983745f2b199,raw/TP_ODEAYRSUNUM6_Q4_2020-01-01_2026-06-30_response.json.gz,e4a36d5083df74c46ce1458d80e718b8e0d7c5623ca31ed0f7dfa5870c48331a,observed,within_series_coverage,False,False
TP.ODEAYRSUNUM6.Q4,2025-12,2025-12-01,2025-12-31,2025-12,72,-7460.0,-7460.00000000,False,1764536400,trade_balance,"Odemeler dengesi tanimli net dis ticaret dengesini (milyon ABD dolari, aylik) izlemek; Q5/Q6 ihracat-ithalat bilesenleri degil net bakiye secildi.",1.1.Dış Ticaret Dengesi,1.1.Goods,bie_odeayrsunum6,AYLIK,milyon ABD doları,sum,TCMB,raw/TP_ODEAYRSUNUM6_Q4_2020-01-01_2026-06-30_request.json,931d42211d8edb26638dec19347b6bd218da3419d0d34d17cbe1983745f2b199,raw/TP_ODEAYRSUNUM6_Q4_2020-01-01_2026-06-30_response.json.gz,e4a36d5083df74c46ce1458d80e718b8e0d7c5623ca31ed0f7dfa5870c48331a,observed,within_series_coverage,False,False
TP.ODEAYRSUNUM6.Q4,2026-01,2026-01-01,2026-01-31,2026-01,73,-6885.0,-6885.00000000,False,1767214800,trade_balance,"Odemeler dengesi tanimli net dis ticaret dengesini (milyon ABD dolari, aylik) izlemek; Q5/Q6 ihracat-ithalat bilesenleri degil net bakiye secildi.",1.1.Dış Ticaret Dengesi,1.1.Goods,bie_odeayrsunum6,AYLIK,milyon ABD doları,sum,TCMB,raw/TP_ODEAYRSUNUM6_Q4_2020-01-01_2026-06-30_request.json,931d42211d8edb26638dec19347b6bd218da3419d0d34d17cbe1983745f2b199,raw/TP_ODEAYRSUNUM6_Q4_2020-01-01_2026-06-30_response.json.gz,e4a36d5083df74c46ce1458d80e718b8e0d7c5623ca31ed0f7dfa5870c48331a,observed,within_series_coverage,False,False
TP.ODEAYRSUNUM6.Q4,2026-02,2026-02-01,2026-02-28,2026-02,74,-7511.0,-7511.00000000,False,1769893200,trade_balance,"Odemeler dengesi tanimli net dis ticaret dengesini (milyon ABD dolari, aylik) izlemek; Q5/Q6 ihracat-ithalat bilesenleri degil net bakiye secildi.",1.1.Dış Ticaret Dengesi,1.1.Goods,bie_odeayrsunum6,AYLIK,milyon ABD doları,sum,TCMB,raw/TP_ODEAYRSUNUM6_Q4_2020-01-01_2026-06-30_request.json,931d42211d8edb26638dec19347b6bd218da3419d0d34d17cbe1983745f2b199,raw/TP_ODEAYRSUNUM6_Q4_2020-01-01_2026-06-30_response.json.gz,e4a36d5083df74c46ce1458d80e718b8e0d7c5623ca31ed0f7dfa5870c48331a,observed,within_series_coverage,False,False
TP.ODEAYRSUNUM6.Q4,2026-03,2026-03-01,2026-03-31,2026-03,75,-9472.0,-9472.00000000,False,1772312400,trade_balance,"Odemeler dengesi tanimli net dis ticaret dengesini (milyon ABD dolari, aylik) izlemek; Q5/Q6 ihracat-ithalat bilesenleri degil net bakiye secildi.",1.1.Dış Ticaret Dengesi,1.1.Goods,bie_odeayrsunum6,AYLIK,milyon ABD doları,sum,TCMB,raw/TP_ODEAYRSUNUM6_Q4_2020-01-01_2026-06-30_request.json,931d42211d8edb26638dec19347b6bd218da3419d0d34d17cbe1983745f2b199,raw/TP_ODEAYRSUNUM6_Q4_2020-01-01_2026-06-30_response.json.gz,e4a36d5083df74c46ce1458d80e718b8e0d7c5623ca31ed0f7dfa5870c48331a,observed,within_series_coverage,False,False
TP.ODEAYRSUNUM6.Q4,2026-04,2026-04-01,2026-04-30,2026-04,76,-6900.0,-6900.00000000,False,1774990800,trade_balance,"Odemeler dengesi tanimli net dis ticaret dengesini (milyon ABD dolari, aylik) izlemek; Q5/Q6 ihracat-ithalat bilesenleri degil net bakiye secildi.",1.1.Dış Ticaret Dengesi,1.1.Goods,bie_odeayrsunum6,AYLIK,milyon ABD doları,sum,TCMB,raw/TP_ODEAYRSUNUM6_Q4_2020-01-01_2026-06-30_request.json,931d42211d8edb26638dec19347b6bd218da3419d0d34d17cbe1983745f2b199,raw/TP_ODEAYRSUNUM6_Q4_2020-01-01_2026-06-30_response.json.gz,e4a36d5083df74c46ce1458d80e718b8e0d7c5623ca31ed0f7dfa5870c48331a,observed,within_series_coverage,False,False
TP.ODEAYRSUNUM6.Q4,2026-05,2026-05-01,2026-05-31,2026-05,77,-4452.0,-4452.00000000,False,1777582800,trade_balance,"Odemeler dengesi tanimli net dis ticaret dengesini (milyon ABD dolari, aylik) izlemek; Q5/Q6 ihracat-ithalat bilesenleri degil net bakiye secildi.",1.1.Dış Ticaret Dengesi,1.1.Goods,bie_odeayrsunum6,AYLIK,milyon ABD doları,sum,TCMB,raw/TP_ODEAYRSUNUM6_Q4_2020-01-01_2026-06-30_request.json,931d42211d8edb26638dec19347b6bd218da3419d0d34d17cbe1983745f2b199,raw/TP_ODEAYRSUNUM6_Q4_2020-01-01_2026-06-30_response.json.gz,e4a36d5083df74c46ce1458d80e718b8e0d7c5623ca31ed0f7dfa5870c48331a,observed,within_series_coverage,False,False
TP.ODEAYRSUNUM6.Q4,2026-06,2026-06-01,2026-06-30,2026-06,78,-8566.0,-8566.00000000,False,1780261200,trade_balance,"Odemeler dengesi tanimli net dis ticaret dengesini (milyon ABD dolari, aylik) izlemek; Q5/Q6 ihracat-ithalat bilesenleri degil net bakiye secildi.",1.1.Dış Ticaret Dengesi,1.1.Goods,bie_odeayrsunum6,AYLIK,milyon ABD doları,sum,TCMB,raw/TP_ODEAYRSUNUM6_Q4_2020-01-01_2026-06-30_request.json,931d42211d8edb26638dec19347b6bd218da3419d0d34d17cbe1983745f2b199,raw/TP_ODEAYRSUNUM6_Q4_2020-01-01_2026-06-30_response.json.gz,e4a36d5083df74c46ce1458d80e718b8e0d7c5623ca31ed0f7dfa5870c48331a,observed,within_series_coverage,False,False
TP.PBD.H01,2020-01,2020-01-01,2020-01-31,2020-01,1,734656333.0,734656333.00000000,False,1577833200,money_supply_m1,TCMB aylik para arzi tablosundaki M1 stok buyuklugunu izlemek; haftalik TP.HPBITABLO1.2 ve kur etkisinden arindirilmis endeks varyantlari yerine aylik ham stok secildi.,1.M1,1.M1,bie_pbpanal2,AYLIK,bin TL,last,Bankalar,raw/TP_PBD_H01_2020-01-01_2026-06-30_request.json,fb9c8bd8bced6e06d6047deb6e18678382bc1d50177d9a76b649a70479a59008,raw/TP_PBD_H01_2020-01-01_2026-06-30_response.json.gz,bb96bf1caa9819f07ab94699d0444c137bafb786a6f3501feb3ad6dd74845a2b,observed,within_series_coverage,False,False
TP.PBD.H01,2020-02,2020-02-01,2020-02-29,2020-02,2,789681322.0,789681322.00000000,False,1580511600,money_supply_m1,TCMB aylik para arzi tablosundaki M1 stok buyuklugunu izlemek; haftalik TP.HPBITABLO1.2 ve kur etkisinden arindirilmis endeks varyantlari yerine aylik ham stok secildi.,1.M1,1.M1,bie_pbpanal2,AYLIK,bin TL,last,Bankalar,raw/TP_PBD_H01_2020-01-01_2026-06-30_request.json,fb9c8bd8bced6e06d6047deb6e18678382bc1d50177d9a76b649a70479a59008,raw/TP_PBD_H01_2020-01-01_2026-06-30_response.json.gz,bb96bf1caa9819f07ab94699d0444c137bafb786a6f3501feb3ad6dd74845a2b,observed,within_series_coverage,False,False
TP.PBD.H01,2020-03,2020-03-01,2020-03-31,2020-03,3,857402770.0,857402770.00000000,False,1583017200,money_supply_m1,TCMB aylik para arzi tablosundaki M1 stok buyuklugunu izlemek; haftalik TP.HPBITABLO1.2 ve kur etkisinden arindirilmis endeks varyantlari yerine aylik ham stok secildi.,1.M1,1.M1,bie_pbpanal2,AYLIK,bin TL,last,Bankalar,raw/TP_PBD_H01_2020-01-01_2026-06-30_request.json,fb9c8bd8bced6e06d6047deb6e18678382bc1d50177d9a76b649a70479a59008,raw/TP_PBD_H01_2020-01-01_2026-06-30_response.json.gz,bb96bf1caa9819f07ab94699d0444c137bafb786a6f3501feb3ad6dd74845a2b,observed,within_series_coverage,False,False
TP.PBD.H01,2020-04,2020-04-01,2020-04-30,2020-04,4,1001176352.0,1001176352.00000000,False,1585692000,money_supply_m1,TCMB aylik para arzi tablosundaki M1 stok buyuklugunu izlemek; haftalik TP.HPBITABLO1.2 ve kur etkisinden arindirilmis endeks varyantlari yerine aylik ham stok secildi.,1.M1,1.M1,bie_pbpanal2,AYLIK,bin TL,last,Bankalar,raw/TP_PBD_H01_2020-01-01_2026-06-30_request.json,fb9c8bd8bced6e06d6047deb6e18678382bc1d50177d9a76b649a70479a59008,raw/TP_PBD_H01_2020-01-01_2026-06-30_response.json.gz,bb96bf1caa9819f07ab94699d0444c137bafb786a6f3501feb3ad6dd74845a2b,observed,within_series_coverage,False,False
TP.PBD.H01,2020-05,2020-05-01,2020-05-31,2020-05,5,1052167822.0,1052167822.00000000,False,1588284000,money_supply_m1,TCMB aylik para arzi tablosundaki M1 stok buyuklugunu izlemek; haftalik TP.HPBITABLO1.2 ve kur etkisinden arindirilmis endeks varyantlari yerine aylik ham stok secildi.,1.M1,1.M1,bie_pbpanal2,AYLIK,bin TL,last,Bankalar,raw/TP_PBD_H01_2020-01-01_2026-06-30_request.json,fb9c8bd8bced6e06d6047deb6e18678382bc1d50177d9a76b649a70479a59008,raw/TP_PBD_H01_2020-01-01_2026-06-30_response.json.gz,bb96bf1caa9819f07ab94699d0444c137bafb786a6f3501feb3ad6dd74845a2b,observed,within_series_coverage,False,False
TP.PBD.H01,2020-06,2020-06-01,2020-06-30,2020-06,6,1108193635.0,1108193635.00000000,False,1590962400,money_supply_m1,TCMB aylik para arzi tablosundaki M1 stok buyuklugunu izlemek; haftalik TP.HPBITABLO1.2 ve kur etkisinden arindirilmis endeks varyantlari yerine aylik ham stok secildi.,1.M1,1.M1,bie_pbpanal2,AYLIK,bin TL,last,Bankalar,raw/TP_PBD_H01_2020-01-01_2026-06-30_request.json,fb9c8bd8bced6e06d6047deb6e18678382bc1d50177d9a76b649a70479a59008,raw/TP_PBD_H01_2020-01-01_2026-06-30_response.json.gz,bb96bf1caa9819f07ab94699d0444c137bafb786a6f3501feb3ad6dd74845a2b,observed,within_series_coverage,False,False
TP.PBD.H01,2020-07,2020-07-01,2020-07-31,2020-07,7,1196695894.0,1196695894.00000000,False,1593554400,money_supply_m1,TCMB aylik para arzi tablosundaki M1 stok buyuklugunu izlemek; haftalik TP.HPBITABLO1.2 ve kur etkisinden arindirilmis endeks varyantlari yerine aylik ham stok secildi.,1.M1,1.M1,bie_pbpanal2,AYLIK,bin TL,last,Bankalar,raw/TP_PBD_H01_2020-01-01_2026-06-30_request.json,fb9c8bd8bced6e06d6047deb6e18678382bc1d50177d9a76b649a70479a59008,raw/TP_PBD_H01_2020-01-01_2026-06-30_response.json.gz,bb96bf1caa9819f07ab94699d0444c137bafb786a6f3501feb3ad6dd74845a2b,observed,within_series_coverage,False,False
TP.PBD.H01,2020-08,2020-08-01,2020-08-31,2020-08,8,1209574748.0,1209574748.00000000,False,1596232800,money_supply_m1,TCMB aylik para arzi tablosundaki M1 stok buyuklugunu izlemek; haftalik TP.HPBITABLO1.2 ve kur etkisinden arindirilmis endeks varyantlari yerine aylik ham stok secildi.,1.M1,1.M1,bie_pbpanal2,AYLIK,bin TL,last,Bankalar,raw/TP_PBD_H01_2020-01-01_2026-06-30_request.json,fb9c8bd8bced6e06d6047deb6e18678382bc1d50177d9a76b649a70479a59008,raw/TP_PBD_H01_2020-01-01_2026-06-30_response.json.gz,bb96bf1caa9819f07ab94699d0444c137bafb786a6f3501feb3ad6dd74845a2b,observed,within_series_coverage,False,False
TP.PBD.H01,2020-09,2020-09-01,2020-09-30,2020-09,9,1239060931.0,1239060931.00000000,False,1598911200,money_supply_m1,TCMB aylik para arzi tablosundaki M1 stok buyuklugunu izlemek; haftalik TP.HPBITABLO1.2 ve kur etkisinden arindirilmis endeks varyantlari yerine aylik ham stok secildi.,1.M1,1.M1,bie_pbpanal2,AYLIK,bin TL,last,Bankalar,raw/TP_PBD_H01_2020-01-01_2026-06-30_request.json,fb9c8bd8bced6e06d6047deb6e18678382bc1d50177d9a76b649a70479a59008,raw/TP_PBD_H01_2020-01-01_2026-06-30_response.json.gz,bb96bf1caa9819f07ab94699d0444c137bafb786a6f3501feb3ad6dd74845a2b,observed,within_series_coverage,False,False
TP.PBD.H01,2020-10,2020-10-01,2020-10-31,2020-10,10,1287398590.0,1287398590.00000000,False,1601503200,money_supply_m1,TCMB aylik para arzi tablosundaki M1 stok buyuklugunu izlemek; haftalik TP.HPBITABLO1.2 ve kur etkisinden arindirilmis endeks varyantlari yerine aylik ham stok secildi.,1.M1,1.M1,bie_pbpanal2,AYLIK,bin TL,last,Bankalar,raw/TP_PBD_H01_2020-01-01_2026-06-30_request.json,fb9c8bd8bced6e06d6047deb6e18678382bc1d50177d9a76b649a70479a59008,raw/TP_PBD_H01_2020-01-01_2026-06-30_response.json.gz,bb96bf1caa9819f07ab94699d0444c137bafb786a6f3501feb3ad6dd74845a2b,observed,within_series_coverage,False,False
TP.PBD.H01,2020-11,2020-11-01,2020-11-30,2020-11,11,1234759189.0,1234759189.00000000,False,1604185200,money_supply_m1,TCMB aylik para arzi tablosundaki M1 stok buyuklugunu izlemek; haftalik TP.HPBITABLO1.2 ve kur etkisinden arindirilmis endeks varyantlari yerine aylik ham stok secildi.,1.M1,1.M1,bie_pbpanal2,AYLIK,bin TL,last,Bankalar,raw/TP_PBD_H01_2020-01-01_2026-06-30_request.json,fb9c8bd8bced6e06d6047deb6e18678382bc1d50177d9a76b649a70479a59008,raw/TP_PBD_H01_2020-01-01_2026-06-30_response.json.gz,bb96bf1caa9819f07ab94699d0444c137bafb786a6f3501feb3ad6dd74845a2b,observed,within_series_coverage,False,False
TP.PBD.H01,2020-12,2020-12-01,2020-12-31,2020-12,12,1219207540.0,1219207540.00000000,False,1606777200,money_supply_m1,TCMB aylik para arzi tablosundaki M1 stok buyuklugunu izlemek; haftalik TP.HPBITABLO1.2 ve kur etkisinden arindirilmis endeks varyantlari yerine aylik ham stok secildi.,1.M1,1.M1,bie_pbpanal2,AYLIK,bin TL,last,Bankalar,raw/TP_PBD_H01_2020-01-01_2026-06-30_request.json,fb9c8bd8bced6e06d6047deb6e18678382bc1d50177d9a76b649a70479a59008,raw/TP_PBD_H01_2020-01-01_2026-06-30_response.json.gz,bb96bf1caa9819f07ab94699d0444c137bafb786a6f3501feb3ad6dd74845a2b,observed,within_series_coverage,False,False
TP.PBD.H01,2021-01,2021-01-01,2021-01-31,2021-01,13,1191279524.0,1191279524.00000000,False,1609455600,money_supply_m1,TCMB aylik para arzi tablosundaki M1 stok buyuklugunu izlemek; haftalik TP.HPBITABLO1.2 ve kur etkisinden arindirilmis endeks varyantlari yerine aylik ham stok secildi.,1.M1,1.M1,bie_pbpanal2,AYLIK,bin TL,last,Bankalar,raw/TP_PBD_H01_2020-01-01_2026-06-30_request.json,fb9c8bd8bced6e06d6047deb6e18678382bc1d50177d9a76b649a70479a59008,raw/TP_PBD_H01_2020-01-01_2026-06-30_response.json.gz,bb96bf1caa9819f07ab94699d0444c137bafb786a6f3501feb3ad6dd74845a2b,observed,within_series_coverage,False,False
TP.PBD.H01,2021-02,2021-02-01,2021-02-28,2021-02,14,1189145526.0,1189145526.00000000,False,1612134000,money_supply_m1,TCMB aylik para arzi tablosundaki M1 stok buyuklugunu izlemek; haftalik TP.HPBITABLO1.2 ve kur etkisinden arindirilmis endeks varyantlari yerine aylik ham stok secildi.,1.M1,1.M1,bie_pbpanal2,AYLIK,bin TL,last,Bankalar,raw/TP_PBD_H01_2020-01-01_2026-06-30_request.json,fb9c8bd8bced6e06d6047deb6e18678382bc1d50177d9a76b649a70479a59008,raw/TP_PBD_H01_2020-01-01_2026-06-30_response.json.gz,bb96bf1caa9819f07ab94699d0444c137bafb786a6f3501feb3ad6dd74845a2b,observed,within_series_coverage,False,False
TP.PBD.H01,2021-03,2021-03-01,2021-03-31,2021-03,15,1249799033.0,1249799033.00000000,False,1614553200,money_supply_m1,TCMB aylik para arzi tablosundaki M1 stok buyuklugunu izlemek; haftalik TP.HPBITABLO1.2 ve kur etkisinden arindirilmis endeks varyantlari yerine aylik ham stok secildi.,1.M1,1.M1,bie_pbpanal2,AYLIK,bin TL,last,Bankalar,raw/TP_PBD_H01_2020-01-01_2026-06-30_request.json,fb9c8bd8bced6e06d6047deb6e18678382bc1d50177d9a76b649a70479a59008,raw/TP_PBD_H01_2020-01-01_2026-06-30_response.json.gz,bb96bf1caa9819f07ab94699d0444c137bafb786a6f3501feb3ad6dd74845a2b,observed,within_series_coverage,False,False
TP.PBD.H01,2021-04,2021-04-01,2021-04-30,2021-04,16,1276624503.0,1276624503.00000000,False,1617224400,money_supply_m1,TCMB aylik para arzi tablosundaki M1 stok buyuklugunu izlemek; haftalik TP.HPBITABLO1.2 ve kur etkisinden arindirilmis endeks varyantlari yerine aylik ham stok secildi.,1.M1,1.M1,bie_pbpanal2,AYLIK,bin TL,last,Bankalar,raw/TP_PBD_H01_2020-01-01_2026-06-30_request.json,fb9c8bd8bced6e06d6047deb6e18678382bc1d50177d9a76b649a70479a59008,raw/TP_PBD_H01_2020-01-01_2026-06-30_response.json.gz,bb96bf1caa9819f07ab94699d0444c137bafb786a6f3501feb3ad6dd74845a2b,observed,within_series_coverage,False,False
TP.PBD.H01,2021-05,2021-05-01,2021-05-31,2021-05,17,1335440985.0,1335440985.00000000,False,1619816400,money_supply_m1,TCMB aylik para arzi tablosundaki M1 stok buyuklugunu izlemek; haftalik TP.HPBITABLO1.2 ve kur etkisinden arindirilmis endeks varyantlari yerine aylik ham stok secildi.,1.M1,1.M1,bie_pbpanal2,AYLIK,bin TL,last,Bankalar,raw/TP_PBD_H01_2020-01-01_2026-06-30_request.json,fb9c8bd8bced6e06d6047deb6e18678382bc1d50177d9a76b649a70479a59008,raw/TP_PBD_H01_2020-01-01_2026-06-30_response.json.gz,bb96bf1caa9819f07ab94699d0444c137bafb786a6f3501feb3ad6dd74845a2b,observed,within_series_coverage,False,False
TP.PBD.H01,2021-06,2021-06-01,2021-06-30,2021-06,18,1384256091.0,1384256091.00000000,False,1622494800,money_supply_m1,TCMB aylik para arzi tablosundaki M1 stok buyuklugunu izlemek; haftalik TP.HPBITABLO1.2 ve kur etkisinden arindirilmis endeks varyantlari yerine aylik ham stok secildi.,1.M1,1.M1,bie_pbpanal2,AYLIK,bin TL,last,Bankalar,raw/TP_PBD_H01_2020-01-01_2026-06-30_request.json,fb9c8bd8bced6e06d6047deb6e18678382bc1d50177d9a76b649a70479a59008,raw/TP_PBD_H01_2020-01-01_2026-06-30_response.json.gz,bb96bf1caa9819f07ab94699d0444c137bafb786a6f3501feb3ad6dd74845a2b,observed,within_series_coverage,False,False
TP.PBD.H01,2021-07,2021-07-01,2021-07-31,2021-07,19,1404977943.0,1404977943.00000000,False,1625086800,money_supply_m1,TCMB aylik para arzi tablosundaki M1 stok buyuklugunu izlemek; haftalik TP.HPBITABLO1.2 ve kur etkisinden arindirilmis endeks varyantlari yerine aylik ham stok secildi.,1.M1,1.M1,bie_pbpanal2,AYLIK,bin TL,last,Bankalar,raw/TP_PBD_H01_2020-01-01_2026-06-30_request.json,fb9c8bd8bced6e06d6047deb6e18678382bc1d50177d9a76b649a70479a59008,raw/TP_PBD_H01_2020-01-01_2026-06-30_response.json.gz,bb96bf1caa9819f07ab94699d0444c137bafb786a6f3501feb3ad6dd74845a2b,observed,within_series_coverage,False,False
TP.PBD.H01,2021-08,2021-08-01,2021-08-31,2021-08,20,1396749952.0,1396749952.00000000,False,1627765200,money_supply_m1,TCMB aylik para arzi tablosundaki M1 stok buyuklugunu izlemek; haftalik TP.HPBITABLO1.2 ve kur etkisinden arindirilmis endeks varyantlari yerine aylik ham stok secildi.,1.M1,1.M1,bie_pbpanal2,AYLIK,bin TL,last,Bankalar,raw/TP_PBD_H01_2020-01-01_2026-06-30_request.json,fb9c8bd8bced6e06d6047deb6e18678382bc1d50177d9a76b649a70479a59008,raw/TP_PBD_H01_2020-01-01_2026-06-30_response.json.gz,bb96bf1caa9819f07ab94699d0444c137bafb786a6f3501feb3ad6dd74845a2b,observed,within_series_coverage,False,False
TP.PBD.H01,2021-09,2021-09-01,2021-09-30,2021-09,21,1464391168.0,1464391168.00000000,False,1630443600,money_supply_m1,TCMB aylik para arzi tablosundaki M1 stok buyuklugunu izlemek; haftalik TP.HPBITABLO1.2 ve kur etkisinden arindirilmis endeks varyantlari yerine aylik ham stok secildi.,1.M1,1.M1,bie_pbpanal2,AYLIK,bin TL,last,Bankalar,raw/TP_PBD_H01_2020-01-01_2026-06-30_request.json,fb9c8bd8bced6e06d6047deb6e18678382bc1d50177d9a76b649a70479a59008,raw/TP_PBD_H01_2020-01-01_2026-06-30_response.json.gz,bb96bf1caa9819f07ab94699d0444c137bafb786a6f3501feb3ad6dd74845a2b,observed,within_series_coverage,False,False
TP.PBD.H01,2021-10,2021-10-01,2021-10-31,2021-10,22,1572984951.0,1572984951.00000000,False,1633035600,money_supply_m1,TCMB aylik para arzi tablosundaki M1 stok buyuklugunu izlemek; haftalik TP.HPBITABLO1.2 ve kur etkisinden arindirilmis endeks varyantlari yerine aylik ham stok secildi.,1.M1,1.M1,bie_pbpanal2,AYLIK,bin TL,last,Bankalar,raw/TP_PBD_H01_2020-01-01_2026-06-30_request.json,fb9c8bd8bced6e06d6047deb6e18678382bc1d50177d9a76b649a70479a59008,raw/TP_PBD_H01_2020-01-01_2026-06-30_response.json.gz,bb96bf1caa9819f07ab94699d0444c137bafb786a6f3501feb3ad6dd74845a2b,observed,within_series_coverage,False,False
TP.PBD.H01,2021-11,2021-11-01,2021-11-30,2021-11,23,1969179936.0,1969179936.00000000,False,1635714000,money_supply_m1,TCMB aylik para arzi tablosundaki M1 stok buyuklugunu izlemek; haftalik TP.HPBITABLO1.2 ve kur etkisinden arindirilmis endeks varyantlari yerine aylik ham stok secildi.,1.M1,1.M1,bie_pbpanal2,AYLIK,bin TL,last,Bankalar,raw/TP_PBD_H01_2020-01-01_2026-06-30_request.json,fb9c8bd8bced6e06d6047deb6e18678382bc1d50177d9a76b649a70479a59008,raw/TP_PBD_H01_2020-01-01_2026-06-30_response.json.gz,bb96bf1caa9819f07ab94699d0444c137bafb786a6f3501feb3ad6dd74845a2b,observed,within_series_coverage,False,False
TP.PBD.H01,2021-12,2021-12-01,2021-12-31,2021-12,24,2111942760.0,2111942760.00000000,False,1638306000,money_supply_m1,TCMB aylik para arzi tablosundaki M1 stok buyuklugunu izlemek; haftalik TP.HPBITABLO1.2 ve kur etkisinden arindirilmis endeks varyantlari yerine aylik ham stok secildi.,1.M1,1.M1,bie_pbpanal2,AYLIK,bin TL,last,Bankalar,raw/TP_PBD_H01_2020-01-01_2026-06-30_request.json,fb9c8bd8bced6e06d6047deb6e18678382bc1d50177d9a76b649a70479a59008,raw/TP_PBD_H01_2020-01-01_2026-06-30_response.json.gz,bb96bf1caa9819f07ab94699d0444c137bafb786a6f3501feb3ad6dd74845a2b,observed,within_series_coverage,False,False
TP.PBD.H01,2022-01,2022-01-01,2022-01-31,2022-01,25,2071625962.0,2071625962.00000000,False,1640984400,money_supply_m1,TCMB aylik para arzi tablosundaki M1 stok buyuklugunu izlemek; haftalik TP.HPBITABLO1.2 ve kur etkisinden arindirilmis endeks varyantlari yerine aylik ham stok secildi.,1.M1,1.M1,bie_pbpanal2,AYLIK,bin TL,last,Bankalar,raw/TP_PBD_H01_2020-01-01_2026-06-30_request.json,fb9c8bd8bced6e06d6047deb6e18678382bc1d50177d9a76b649a70479a59008,raw/TP_PBD_H01_2020-01-01_2026-06-30_response.json.gz,bb96bf1caa9819f07ab94699d0444c137bafb786a6f3501feb3ad6dd74845a2b,observed,within_series_coverage,False,False
TP.PBD.H01,2022-02,2022-02-01,2022-02-28,2022-02,26,2105918912.0,2105918912.00000000,False,1643662800,money_supply_m1,TCMB aylik para arzi tablosundaki M1 stok buyuklugunu izlemek; haftalik TP.HPBITABLO1.2 ve kur etkisinden arindirilmis endeks varyantlari yerine aylik ham stok secildi.,1.M1,1.M1,bie_pbpanal2,AYLIK,bin TL,last,Bankalar,raw/TP_PBD_H01_2020-01-01_2026-06-30_request.json,fb9c8bd8bced6e06d6047deb6e18678382bc1d50177d9a76b649a70479a59008,raw/TP_PBD_H01_2020-01-01_2026-06-30_response.json.gz,bb96bf1caa9819f07ab94699d0444c137bafb786a6f3501feb3ad6dd74845a2b,observed,within_series_coverage,False,False
TP.PBD.H01,2022-03,2022-03-01,2022-03-31,2022-03,27,2270719959.0,2270719959.00000000,False,1646082000,money_supply_m1,TCMB aylik para arzi tablosundaki M1 stok buyuklugunu izlemek; haftalik TP.HPBITABLO1.2 ve kur etkisinden arindirilmis endeks varyantlari yerine aylik ham stok secildi.,1.M1,1.M1,bie_pbpanal2,AYLIK,bin TL,last,Bankalar,raw/TP_PBD_H01_2020-01-01_2026-06-30_request.json,fb9c8bd8bced6e06d6047deb6e18678382bc1d50177d9a76b649a70479a59008,raw/TP_PBD_H01_2020-01-01_2026-06-30_response.json.gz,bb96bf1caa9819f07ab94699d0444c137bafb786a6f3501feb3ad6dd74845a2b,observed,within_series_coverage,False,False
TP.PBD.H01,2022-04,2022-04-01,2022-04-30,2022-04,28,2372463176.0,2372463176.00000000,False,1648760400,money_supply_m1,TCMB aylik para arzi tablosundaki M1 stok buyuklugunu izlemek; haftalik TP.HPBITABLO1.2 ve kur etkisinden arindirilmis endeks varyantlari yerine aylik ham stok secildi.,1.M1,1.M1,bie_pbpanal2,AYLIK,bin TL,last,Bankalar,raw/TP_PBD_H01_2020-01-01_2026-06-30_request.json,fb9c8bd8bced6e06d6047deb6e18678382bc1d50177d9a76b649a70479a59008,raw/TP_PBD_H01_2020-01-01_2026-06-30_response.json.gz,bb96bf1caa9819f07ab94699d0444c137bafb786a6f3501feb3ad6dd74845a2b,observed,within_series_coverage,False,False
TP.PBD.H01,2022-05,2022-05-01,2022-05-31,2022-05,29,2528833226.0,2528833226.00000000,False,1651352400,money_supply_m1,TCMB aylik para arzi tablosundaki M1 stok buyuklugunu izlemek; haftalik TP.HPBITABLO1.2 ve kur etkisinden arindirilmis endeks varyantlari yerine aylik ham stok secildi.,1.M1,1.M1,bie_pbpanal2,AYLIK,bin TL,last,Bankalar,raw/TP_PBD_H01_2020-01-01_2026-06-30_request.json,fb9c8bd8bced6e06d6047deb6e18678382bc1d50177d9a76b649a70479a59008,raw/TP_PBD_H01_2020-01-01_2026-06-30_response.json.gz,bb96bf1caa9819f07ab94699d0444c137bafb786a6f3501feb3ad6dd74845a2b,observed,within_series_coverage,False,False
TP.PBD.H01,2022-06,2022-06-01,2022-06-30,2022-06,30,2556449704.0,2556449704.00000000,False,1654030800,money_supply_m1,TCMB aylik para arzi tablosundaki M1 stok buyuklugunu izlemek; haftalik TP.HPBITABLO1.2 ve kur etkisinden arindirilmis endeks varyantlari yerine aylik ham stok secildi.,1.M1,1.M1,bie_pbpanal2,AYLIK,bin TL,last,Bankalar,raw/TP_PBD_H01_2020-01-01_2026-06-30_request.json,fb9c8bd8bced6e06d6047deb6e18678382bc1d50177d9a76b649a70479a59008,raw/TP_PBD_H01_2020-01-01_2026-06-30_response.json.gz,bb96bf1caa9819f07ab94699d0444c137bafb786a6f3501feb3ad6dd74845a2b,observed,within_series_coverage,False,False
TP.PBD.H01,2022-07,2022-07-01,2022-07-31,2022-07,31,2731930334.0,2731930334.00000000,False,1656622800,money_supply_m1,TCMB aylik para arzi tablosundaki M1 stok buyuklugunu izlemek; haftalik TP.HPBITABLO1.2 ve kur etkisinden arindirilmis endeks varyantlari yerine aylik ham stok secildi.,1.M1,1.M1,bie_pbpanal2,AYLIK,bin TL,last,Bankalar,raw/TP_PBD_H01_2020-01-01_2026-06-30_request.json,fb9c8bd8bced6e06d6047deb6e18678382bc1d50177d9a76b649a70479a59008,raw/TP_PBD_H01_2020-01-01_2026-06-30_response.json.gz,bb96bf1caa9819f07ab94699d0444c137bafb786a6f3501feb3ad6dd74845a2b,observed,within_series_coverage,False,False
TP.PBD.H01,2022-08,2022-08-01,2022-08-31,2022-08,32,2757584876.0,2757584876.00000000,False,1659301200,money_supply_m1,TCMB aylik para arzi tablosundaki M1 stok buyuklugunu izlemek; haftalik TP.HPBITABLO1.2 ve kur etkisinden arindirilmis endeks varyantlari yerine aylik ham stok secildi.,1.M1,1.M1,bie_pbpanal2,AYLIK,bin TL,last,Bankalar,raw/TP_PBD_H01_2020-01-01_2026-06-30_request.json,fb9c8bd8bced6e06d6047deb6e18678382bc1d50177d9a76b649a70479a59008,raw/TP_PBD_H01_2020-01-01_2026-06-30_response.json.gz,bb96bf1caa9819f07ab94699d0444c137bafb786a6f3501feb3ad6dd74845a2b,observed,within_series_coverage,False,False
TP.PBD.H01,2022-09,2022-09-01,2022-09-30,2022-09,33,2841354575.0,2841354575.00000000,False,1661979600,money_supply_m1,TCMB aylik para arzi tablosundaki M1 stok buyuklugunu izlemek; haftalik TP.HPBITABLO1.2 ve kur etkisinden arindirilmis endeks varyantlari yerine aylik ham stok secildi.,1.M1,1.M1,bie_pbpanal2,AYLIK,bin TL,last,Bankalar,raw/TP_PBD_H01_2020-01-01_2026-06-30_request.json,fb9c8bd8bced6e06d6047deb6e18678382bc1d50177d9a76b649a70479a59008,raw/TP_PBD_H01_2020-01-01_2026-06-30_response.json.gz,bb96bf1caa9819f07ab94699d0444c137bafb786a6f3501feb3ad6dd74845a2b,observed,within_series_coverage,False,False
TP.PBD.H01,2022-10,2022-10-01,2022-10-31,2022-10,34,2927907783.0,2927907783.00000000,False,1664571600,money_supply_m1,TCMB aylik para arzi tablosundaki M1 stok buyuklugunu izlemek; haftalik TP.HPBITABLO1.2 ve kur etkisinden arindirilmis endeks varyantlari yerine aylik ham stok secildi.,1.M1,1.M1,bie_pbpanal2,AYLIK,bin TL,last,Bankalar,raw/TP_PBD_H01_2020-01-01_2026-06-30_request.json,fb9c8bd8bced6e06d6047deb6e18678382bc1d50177d9a76b649a70479a59008,raw/TP_PBD_H01_2020-01-01_2026-06-30_response.json.gz,bb96bf1caa9819f07ab94699d0444c137bafb786a6f3501feb3ad6dd74845a2b,observed,within_series_coverage,False,False
TP.PBD.H01,2022-11,2022-11-01,2022-11-30,2022-11,35,2958792610.0,2958792610.00000000,False,1667250000,money_supply_m1,TCMB aylik para arzi tablosundaki M1 stok buyuklugunu izlemek; haftalik TP.HPBITABLO1.2 ve kur etkisinden arindirilmis endeks varyantlari yerine aylik ham stok secildi.,1.M1,1.M1,bie_pbpanal2,AYLIK,bin TL,last,Bankalar,raw/TP_PBD_H01_2020-01-01_2026-06-30_request.json,fb9c8bd8bced6e06d6047deb6e18678382bc1d50177d9a76b649a70479a59008,raw/TP_PBD_H01_2020-01-01_2026-06-30_response.json.gz,bb96bf1caa9819f07ab94699d0444c137bafb786a6f3501feb3ad6dd74845a2b,observed,within_series_coverage,False,False
TP.PBD.H01,2022-12,2022-12-01,2022-12-31,2022-12,36,3116244497.0,3116244497.00000000,False,1669842000,money_supply_m1,TCMB aylik para arzi tablosundaki M1 stok buyuklugunu izlemek; haftalik TP.HPBITABLO1.2 ve kur etkisinden arindirilmis endeks varyantlari yerine aylik ham stok secildi.,1.M1,1.M1,bie_pbpanal2,AYLIK,bin TL,last,Bankalar,raw/TP_PBD_H01_2020-01-01_2026-06-30_request.json,fb9c8bd8bced6e06d6047deb6e18678382bc1d50177d9a76b649a70479a59008,raw/TP_PBD_H01_2020-01-01_2026-06-30_response.json.gz,bb96bf1caa9819f07ab94699d0444c137bafb786a6f3501feb3ad6dd74845a2b,observed,within_series_coverage,False,False
TP.PBD.H01,2023-01,2023-01-01,2023-01-31,2023-01,37,3189326800.0,3189326800.00000000,False,1672520400,money_supply_m1,TCMB aylik para arzi tablosundaki M1 stok buyuklugunu izlemek; haftalik TP.HPBITABLO1.2 ve kur etkisinden arindirilmis endeks varyantlari yerine aylik ham stok secildi.,1.M1,1.M1,bie_pbpanal2,AYLIK,bin TL,last,Bankalar,raw/TP_PBD_H01_2020-01-01_2026-06-30_request.json,fb9c8bd8bced6e06d6047deb6e18678382bc1d50177d9a76b649a70479a59008,raw/TP_PBD_H01_2020-01-01_2026-06-30_response.json.gz,bb96bf1caa9819f07ab94699d0444c137bafb786a6f3501feb3ad6dd74845a2b,observed,within_series_coverage,False,False
TP.PBD.H01,2023-02,2023-02-01,2023-02-28,2023-02,38,3261261086.0,3261261086.00000000,False,1675198800,money_supply_m1,TCMB aylik para arzi tablosundaki M1 stok buyuklugunu izlemek; haftalik TP.HPBITABLO1.2 ve kur etkisinden arindirilmis endeks varyantlari yerine aylik ham stok secildi.,1.M1,1.M1,bie_pbpanal2,AYLIK,bin TL,last,Bankalar,raw/TP_PBD_H01_2020-01-01_2026-06-30_request.json,fb9c8bd8bced6e06d6047deb6e18678382bc1d50177d9a76b649a70479a59008,raw/TP_PBD_H01_2020-01-01_2026-06-30_response.json.gz,bb96bf1caa9819f07ab94699d0444c137bafb786a6f3501feb3ad6dd74845a2b,observed,within_series_coverage,False,False
TP.PBD.H01,2023-03,2023-03-01,2023-03-31,2023-03,39,3466881602.0,3466881602.00000000,False,1677618000,money_supply_m1,TCMB aylik para arzi tablosundaki M1 stok buyuklugunu izlemek; haftalik TP.HPBITABLO1.2 ve kur etkisinden arindirilmis endeks varyantlari yerine aylik ham stok secildi.,1.M1,1.M1,bie_pbpanal2,AYLIK,bin TL,last,Bankalar,raw/TP_PBD_H01_2020-01-01_2026-06-30_request.json,fb9c8bd8bced6e06d6047deb6e18678382bc1d50177d9a76b649a70479a59008,raw/TP_PBD_H01_2020-01-01_2026-06-30_response.json.gz,bb96bf1caa9819f07ab94699d0444c137bafb786a6f3501feb3ad6dd74845a2b,observed,within_series_coverage,False,False
TP.PBD.H01,2023-04,2023-04-01,2023-04-30,2023-04,40,3681362988.0,3681362988.00000000,False,1680296400,money_supply_m1,TCMB aylik para arzi tablosundaki M1 stok buyuklugunu izlemek; haftalik TP.HPBITABLO1.2 ve kur etkisinden arindirilmis endeks varyantlari yerine aylik ham stok secildi.,1.M1,1.M1,bie_pbpanal2,AYLIK,bin TL,last,Bankalar,raw/TP_PBD_H01_2020-01-01_2026-06-30_request.json,fb9c8bd8bced6e06d6047deb6e18678382bc1d50177d9a76b649a70479a59008,raw/TP_PBD_H01_2020-01-01_2026-06-30_response.json.gz,bb96bf1caa9819f07ab94699d0444c137bafb786a6f3501feb3ad6dd74845a2b,observed,within_series_coverage,False,False
TP.PBD.H01,2023-05,2023-05-01,2023-05-31,2023-05,41,3582211206.0,3582211206.00000000,False,1682888400,money_supply_m1,TCMB aylik para arzi tablosundaki M1 stok buyuklugunu izlemek; haftalik TP.HPBITABLO1.2 ve kur etkisinden arindirilmis endeks varyantlari yerine aylik ham stok secildi.,1.M1,1.M1,bie_pbpanal2,AYLIK,bin TL,last,Bankalar,raw/TP_PBD_H01_2020-01-01_2026-06-30_request.json,fb9c8bd8bced6e06d6047deb6e18678382bc1d50177d9a76b649a70479a59008,raw/TP_PBD_H01_2020-01-01_2026-06-30_response.json.gz,bb96bf1caa9819f07ab94699d0444c137bafb786a6f3501feb3ad6dd74845a2b,observed,within_series_coverage,False,False
TP.PBD.H01,2023-06,2023-06-01,2023-06-30,2023-06,42,4194801091.0,4194801091.00000000,False,1685566800,money_supply_m1,TCMB aylik para arzi tablosundaki M1 stok buyuklugunu izlemek; haftalik TP.HPBITABLO1.2 ve kur etkisinden arindirilmis endeks varyantlari yerine aylik ham stok secildi.,1.M1,1.M1,bie_pbpanal2,AYLIK,bin TL,last,Bankalar,raw/TP_PBD_H01_2020-01-01_2026-06-30_request.json,fb9c8bd8bced6e06d6047deb6e18678382bc1d50177d9a76b649a70479a59008,raw/TP_PBD_H01_2020-01-01_2026-06-30_response.json.gz,bb96bf1caa9819f07ab94699d0444c137bafb786a6f3501feb3ad6dd74845a2b,observed,within_series_coverage,False,False
TP.PBD.H01,2023-07,2023-07-01,2023-07-31,2023-07,43,4392731023.0,4392731023.00000000,False,1688158800,money_supply_m1,TCMB aylik para arzi tablosundaki M1 stok buyuklugunu izlemek; haftalik TP.HPBITABLO1.2 ve kur etkisinden arindirilmis endeks varyantlari yerine aylik ham stok secildi.,1.M1,1.M1,bie_pbpanal2,AYLIK,bin TL,last,Bankalar,raw/TP_PBD_H01_2020-01-01_2026-06-30_request.json,fb9c8bd8bced6e06d6047deb6e18678382bc1d50177d9a76b649a70479a59008,raw/TP_PBD_H01_2020-01-01_2026-06-30_response.json.gz,bb96bf1caa9819f07ab94699d0444c137bafb786a6f3501feb3ad6dd74845a2b,observed,within_series_coverage,False,False
TP.PBD.H01,2023-08,2023-08-01,2023-08-31,2023-08,44,4500871008.0,4500871008.00000000,False,1690837200,money_supply_m1,TCMB aylik para arzi tablosundaki M1 stok buyuklugunu izlemek; haftalik TP.HPBITABLO1.2 ve kur etkisinden arindirilmis endeks varyantlari yerine aylik ham stok secildi.,1.M1,1.M1,bie_pbpanal2,AYLIK,bin TL,last,Bankalar,raw/TP_PBD_H01_2020-01-01_2026-06-30_request.json,fb9c8bd8bced6e06d6047deb6e18678382bc1d50177d9a76b649a70479a59008,raw/TP_PBD_H01_2020-01-01_2026-06-30_response.json.gz,bb96bf1caa9819f07ab94699d0444c137bafb786a6f3501feb3ad6dd74845a2b,observed,within_series_coverage,False,False
TP.PBD.H01,2023-09,2023-09-01,2023-09-30,2023-09,45,4485407099.0,4485407099.00000000,False,1693515600,money_supply_m1,TCMB aylik para arzi tablosundaki M1 stok buyuklugunu izlemek; haftalik TP.HPBITABLO1.2 ve kur etkisinden arindirilmis endeks varyantlari yerine aylik ham stok secildi.,1.M1,1.M1,bie_pbpanal2,AYLIK,bin TL,last,Bankalar,raw/TP_PBD_H01_2020-01-01_2026-06-30_request.json,fb9c8bd8bced6e06d6047deb6e18678382bc1d50177d9a76b649a70479a59008,raw/TP_PBD_H01_2020-01-01_2026-06-30_response.json.gz,bb96bf1caa9819f07ab94699d0444c137bafb786a6f3501feb3ad6dd74845a2b,observed,within_series_coverage,False,False
TP.PBD.H01,2023-10,2023-10-01,2023-10-31,2023-10,46,4591489914.0,4591489914.00000000,False,1696107600,money_supply_m1,TCMB aylik para arzi tablosundaki M1 stok buyuklugunu izlemek; haftalik TP.HPBITABLO1.2 ve kur etkisinden arindirilmis endeks varyantlari yerine aylik ham stok secildi.,1.M1,1.M1,bie_pbpanal2,AYLIK,bin TL,last,Bankalar,raw/TP_PBD_H01_2020-01-01_2026-06-30_request.json,fb9c8bd8bced6e06d6047deb6e18678382bc1d50177d9a76b649a70479a59008,raw/TP_PBD_H01_2020-01-01_2026-06-30_response.json.gz,bb96bf1caa9819f07ab94699d0444c137bafb786a6f3501feb3ad6dd74845a2b,observed,within_series_coverage,False,False
TP.PBD.H01,2023-11,2023-11-01,2023-11-30,2023-11,47,4602154067.0,4602154067.00000000,False,1698786000,money_supply_m1,TCMB aylik para arzi tablosundaki M1 stok buyuklugunu izlemek; haftalik TP.HPBITABLO1.2 ve kur etkisinden arindirilmis endeks varyantlari yerine aylik ham stok secildi.,1.M1,1.M1,bie_pbpanal2,AYLIK,bin TL,last,Bankalar,raw/TP_PBD_H01_2020-01-01_2026-06-30_request.json,fb9c8bd8bced6e06d6047deb6e18678382bc1d50177d9a76b649a70479a59008,raw/TP_PBD_H01_2020-01-01_2026-06-30_response.json.gz,bb96bf1caa9819f07ab94699d0444c137bafb786a6f3501feb3ad6dd74845a2b,observed,within_series_coverage,False,False
TP.PBD.H01,2023-12,2023-12-01,2023-12-31,2023-12,48,4763762101.0,4763762101.00000000,False,1701378000,money_supply_m1,TCMB aylik para arzi tablosundaki M1 stok buyuklugunu izlemek; haftalik TP.HPBITABLO1.2 ve kur etkisinden arindirilmis endeks varyantlari yerine aylik ham stok secildi.,1.M1,1.M1,bie_pbpanal2,AYLIK,bin TL,last,Bankalar,raw/TP_PBD_H01_2020-01-01_2026-06-30_request.json,fb9c8bd8bced6e06d6047deb6e18678382bc1d50177d9a76b649a70479a59008,raw/TP_PBD_H01_2020-01-01_2026-06-30_response.json.gz,bb96bf1caa9819f07ab94699d0444c137bafb786a6f3501feb3ad6dd74845a2b,observed,within_series_coverage,False,False
TP.PBD.H01,2024-01,2024-01-01,2024-01-31,2024-01,49,4854867099.0,4854867099.00000000,False,1704056400,money_supply_m1,TCMB aylik para arzi tablosundaki M1 stok buyuklugunu izlemek; haftalik TP.HPBITABLO1.2 ve kur etkisinden arindirilmis endeks varyantlari yerine aylik ham stok secildi.,1.M1,1.M1,bie_pbpanal2,AYLIK,bin TL,last,Bankalar,raw/TP_PBD_H01_2020-01-01_2026-06-30_request.json,fb9c8bd8bced6e06d6047deb6e18678382bc1d50177d9a76b649a70479a59008,raw/TP_PBD_H01_2020-01-01_2026-06-30_response.json.gz,bb96bf1caa9819f07ab94699d0444c137bafb786a6f3501feb3ad6dd74845a2b,observed,within_series_coverage,False,False
TP.PBD.H01,2024-02,2024-02-01,2024-02-29,2024-02,50,5126791678.0,5126791678.00000000,False,1706734800,money_supply_m1,TCMB aylik para arzi tablosundaki M1 stok buyuklugunu izlemek; haftalik TP.HPBITABLO1.2 ve kur etkisinden arindirilmis endeks varyantlari yerine aylik ham stok secildi.,1.M1,1.M1,bie_pbpanal2,AYLIK,bin TL,last,Bankalar,raw/TP_PBD_H01_2020-01-01_2026-06-30_request.json,fb9c8bd8bced6e06d6047deb6e18678382bc1d50177d9a76b649a70479a59008,raw/TP_PBD_H01_2020-01-01_2026-06-30_response.json.gz,bb96bf1caa9819f07ab94699d0444c137bafb786a6f3501feb3ad6dd74845a2b,observed,within_series_coverage,False,False
TP.PBD.H01,2024-03,2024-03-01,2024-03-31,2024-03,51,5516024577.0,5516024577.00000000,False,1709240400,money_supply_m1,TCMB aylik para arzi tablosundaki M1 stok buyuklugunu izlemek; haftalik TP.HPBITABLO1.2 ve kur etkisinden arindirilmis endeks varyantlari yerine aylik ham stok secildi.,1.M1,1.M1,bie_pbpanal2,AYLIK,bin TL,last,Bankalar,raw/TP_PBD_H01_2020-01-01_2026-06-30_request.json,fb9c8bd8bced6e06d6047deb6e18678382bc1d50177d9a76b649a70479a59008,raw/TP_PBD_H01_2020-01-01_2026-06-30_response.json.gz,bb96bf1caa9819f07ab94699d0444c137bafb786a6f3501feb3ad6dd74845a2b,observed,within_series_coverage,False,False
TP.PBD.H01,2024-04,2024-04-01,2024-04-30,2024-04,52,5399890368.0,5399890368.00000000,False,1711918800,money_supply_m1,TCMB aylik para arzi tablosundaki M1 stok buyuklugunu izlemek; haftalik TP.HPBITABLO1.2 ve kur etkisinden arindirilmis endeks varyantlari yerine aylik ham stok secildi.,1.M1,1.M1,bie_pbpanal2,AYLIK,bin TL,last,Bankalar,raw/TP_PBD_H01_2020-01-01_2026-06-30_request.json,fb9c8bd8bced6e06d6047deb6e18678382bc1d50177d9a76b649a70479a59008,raw/TP_PBD_H01_2020-01-01_2026-06-30_response.json.gz,bb96bf1caa9819f07ab94699d0444c137bafb786a6f3501feb3ad6dd74845a2b,observed,within_series_coverage,False,False
TP.PBD.H01,2024-05,2024-05-01,2024-05-31,2024-05,53,5349311863.0,5349311863.00000000,False,1714510800,money_supply_m1,TCMB aylik para arzi tablosundaki M1 stok buyuklugunu izlemek; haftalik TP.HPBITABLO1.2 ve kur etkisinden arindirilmis endeks varyantlari yerine aylik ham stok secildi.,1.M1,1.M1,bie_pbpanal2,AYLIK,bin TL,last,Bankalar,raw/TP_PBD_H01_2020-01-01_2026-06-30_request.json,fb9c8bd8bced6e06d6047deb6e18678382bc1d50177d9a76b649a70479a59008,raw/TP_PBD_H01_2020-01-01_2026-06-30_response.json.gz,bb96bf1caa9819f07ab94699d0444c137bafb786a6f3501feb3ad6dd74845a2b,observed,within_series_coverage,False,False
TP.PBD.H01,2024-06,2024-06-01,2024-06-30,2024-06,54,5511076710.0,5511076710.00000000,False,1717189200,money_supply_m1,TCMB aylik para arzi tablosundaki M1 stok buyuklugunu izlemek; haftalik TP.HPBITABLO1.2 ve kur etkisinden arindirilmis endeks varyantlari yerine aylik ham stok secildi.,1.M1,1.M1,bie_pbpanal2,AYLIK,bin TL,last,Bankalar,raw/TP_PBD_H01_2020-01-01_2026-06-30_request.json,fb9c8bd8bced6e06d6047deb6e18678382bc1d50177d9a76b649a70479a59008,raw/TP_PBD_H01_2020-01-01_2026-06-30_response.json.gz,bb96bf1caa9819f07ab94699d0444c137bafb786a6f3501feb3ad6dd74845a2b,observed,within_series_coverage,False,False
TP.PBD.H01,2024-07,2024-07-01,2024-07-31,2024-07,55,5594598658.0,5594598658.00000000,False,1719781200,money_supply_m1,TCMB aylik para arzi tablosundaki M1 stok buyuklugunu izlemek; haftalik TP.HPBITABLO1.2 ve kur etkisinden arindirilmis endeks varyantlari yerine aylik ham stok secildi.,1.M1,1.M1,bie_pbpanal2,AYLIK,bin TL,last,Bankalar,raw/TP_PBD_H01_2020-01-01_2026-06-30_request.json,fb9c8bd8bced6e06d6047deb6e18678382bc1d50177d9a76b649a70479a59008,raw/TP_PBD_H01_2020-01-01_2026-06-30_response.json.gz,bb96bf1caa9819f07ab94699d0444c137bafb786a6f3501feb3ad6dd74845a2b,observed,within_series_coverage,False,False
TP.PBD.H01,2024-08,2024-08-01,2024-08-31,2024-08,56,5956159351.0,5956159351.00000000,False,1722459600,money_supply_m1,TCMB aylik para arzi tablosundaki M1 stok buyuklugunu izlemek; haftalik TP.HPBITABLO1.2 ve kur etkisinden arindirilmis endeks varyantlari yerine aylik ham stok secildi.,1.M1,1.M1,bie_pbpanal2,AYLIK,bin TL,last,Bankalar,raw/TP_PBD_H01_2020-01-01_2026-06-30_request.json,fb9c8bd8bced6e06d6047deb6e18678382bc1d50177d9a76b649a70479a59008,raw/TP_PBD_H01_2020-01-01_2026-06-30_response.json.gz,bb96bf1caa9819f07ab94699d0444c137bafb786a6f3501feb3ad6dd74845a2b,observed,within_series_coverage,False,False
TP.PBD.H01,2024-09,2024-09-01,2024-09-30,2024-09,57,6162557267.0,6162557267.00000000,False,1725138000,money_supply_m1,TCMB aylik para arzi tablosundaki M1 stok buyuklugunu izlemek; haftalik TP.HPBITABLO1.2 ve kur etkisinden arindirilmis endeks varyantlari yerine aylik ham stok secildi.,1.M1,1.M1,bie_pbpanal2,AYLIK,bin TL,last,Bankalar,raw/TP_PBD_H01_2020-01-01_2026-06-30_request.json,fb9c8bd8bced6e06d6047deb6e18678382bc1d50177d9a76b649a70479a59008,raw/TP_PBD_H01_2020-01-01_2026-06-30_response.json.gz,bb96bf1caa9819f07ab94699d0444c137bafb786a6f3501feb3ad6dd74845a2b,observed,within_series_coverage,False,False
TP.PBD.H01,2024-10,2024-10-01,2024-10-31,2024-10,58,6161323158.0,6161323158.00000000,False,1727730000,money_supply_m1,TCMB aylik para arzi tablosundaki M1 stok buyuklugunu izlemek; haftalik TP.HPBITABLO1.2 ve kur etkisinden arindirilmis endeks varyantlari yerine aylik ham stok secildi.,1.M1,1.M1,bie_pbpanal2,AYLIK,bin TL,last,Bankalar,raw/TP_PBD_H01_2020-01-01_2026-06-30_request.json,fb9c8bd8bced6e06d6047deb6e18678382bc1d50177d9a76b649a70479a59008,raw/TP_PBD_H01_2020-01-01_2026-06-30_response.json.gz,bb96bf1caa9819f07ab94699d0444c137bafb786a6f3501feb3ad6dd74845a2b,observed,within_series_coverage,False,False
TP.PBD.H01,2024-11,2024-11-01,2024-11-30,2024-11,59,6066459013.0,6066459013.00000000,False,1730408400,money_supply_m1,TCMB aylik para arzi tablosundaki M1 stok buyuklugunu izlemek; haftalik TP.HPBITABLO1.2 ve kur etkisinden arindirilmis endeks varyantlari yerine aylik ham stok secildi.,1.M1,1.M1,bie_pbpanal2,AYLIK,bin TL,last,Bankalar,raw/TP_PBD_H01_2020-01-01_2026-06-30_request.json,fb9c8bd8bced6e06d6047deb6e18678382bc1d50177d9a76b649a70479a59008,raw/TP_PBD_H01_2020-01-01_2026-06-30_response.json.gz,bb96bf1caa9819f07ab94699d0444c137bafb786a6f3501feb3ad6dd74845a2b,observed,within_series_coverage,False,False
TP.PBD.H01,2024-12,2024-12-01,2024-12-31,2024-12,60,6303762421.0,6303762421.00000000,False,1733000400,money_supply_m1,TCMB aylik para arzi tablosundaki M1 stok buyuklugunu izlemek; haftalik TP.HPBITABLO1.2 ve kur etkisinden arindirilmis endeks varyantlari yerine aylik ham stok secildi.,1.M1,1.M1,bie_pbpanal2,AYLIK,bin TL,last,Bankalar,raw/TP_PBD_H01_2020-01-01_2026-06-30_request.json,fb9c8bd8bced6e06d6047deb6e18678382bc1d50177d9a76b649a70479a59008,raw/TP_PBD_H01_2020-01-01_2026-06-30_response.json.gz,bb96bf1caa9819f07ab94699d0444c137bafb786a6f3501feb3ad6dd74845a2b,observed,within_series_coverage,False,False
TP.PBD.H01,2025-01,2025-01-01,2025-01-31,2025-01,61,6298900313.0,6298900313.00000000,False,1735678800,money_supply_m1,TCMB aylik para arzi tablosundaki M1 stok buyuklugunu izlemek; haftalik TP.HPBITABLO1.2 ve kur etkisinden arindirilmis endeks varyantlari yerine aylik ham stok secildi.,1.M1,1.M1,bie_pbpanal2,AYLIK,bin TL,last,Bankalar,raw/TP_PBD_H01_2020-01-01_2026-06-30_request.json,fb9c8bd8bced6e06d6047deb6e18678382bc1d50177d9a76b649a70479a59008,raw/TP_PBD_H01_2020-01-01_2026-06-30_response.json.gz,bb96bf1caa9819f07ab94699d0444c137bafb786a6f3501feb3ad6dd74845a2b,observed,within_series_coverage,False,False
TP.PBD.H01,2025-02,2025-02-01,2025-02-28,2025-02,62,6632180868.0,6632180868.00000000,False,1738357200,money_supply_m1,TCMB aylik para arzi tablosundaki M1 stok buyuklugunu izlemek; haftalik TP.HPBITABLO1.2 ve kur etkisinden arindirilmis endeks varyantlari yerine aylik ham stok secildi.,1.M1,1.M1,bie_pbpanal2,AYLIK,bin TL,last,Bankalar,raw/TP_PBD_H01_2020-01-01_2026-06-30_request.json,fb9c8bd8bced6e06d6047deb6e18678382bc1d50177d9a76b649a70479a59008,raw/TP_PBD_H01_2020-01-01_2026-06-30_response.json.gz,bb96bf1caa9819f07ab94699d0444c137bafb786a6f3501feb3ad6dd74845a2b,observed,within_series_coverage,False,False
TP.PBD.H01,2025-03,2025-03-01,2025-03-31,2025-03,63,7305580650.0,7305580650.00000000,False,1740776400,money_supply_m1,TCMB aylik para arzi tablosundaki M1 stok buyuklugunu izlemek; haftalik TP.HPBITABLO1.2 ve kur etkisinden arindirilmis endeks varyantlari yerine aylik ham stok secildi.,1.M1,1.M1,bie_pbpanal2,AYLIK,bin TL,last,Bankalar,raw/TP_PBD_H01_2020-01-01_2026-06-30_request.json,fb9c8bd8bced6e06d6047deb6e18678382bc1d50177d9a76b649a70479a59008,raw/TP_PBD_H01_2020-01-01_2026-06-30_response.json.gz,bb96bf1caa9819f07ab94699d0444c137bafb786a6f3501feb3ad6dd74845a2b,observed,within_series_coverage,False,False
TP.PBD.H01,2025-04,2025-04-01,2025-04-30,2025-04,64,7511980977.0,7511980977.00000000,False,1743454800,money_supply_m1,TCMB aylik para arzi tablosundaki M1 stok buyuklugunu izlemek; haftalik TP.HPBITABLO1.2 ve kur etkisinden arindirilmis endeks varyantlari yerine aylik ham stok secildi.,1.M1,1.M1,bie_pbpanal2,AYLIK,bin TL,last,Bankalar,raw/TP_PBD_H01_2020-01-01_2026-06-30_request.json,fb9c8bd8bced6e06d6047deb6e18678382bc1d50177d9a76b649a70479a59008,raw/TP_PBD_H01_2020-01-01_2026-06-30_response.json.gz,bb96bf1caa9819f07ab94699d0444c137bafb786a6f3501feb3ad6dd74845a2b,observed,within_series_coverage,False,False
TP.PBD.H01,2025-05,2025-05-01,2025-05-31,2025-05,65,7612817534.0,7612817534.00000000,False,1746046800,money_supply_m1,TCMB aylik para arzi tablosundaki M1 stok buyuklugunu izlemek; haftalik TP.HPBITABLO1.2 ve kur etkisinden arindirilmis endeks varyantlari yerine aylik ham stok secildi.,1.M1,1.M1,bie_pbpanal2,AYLIK,bin TL,last,Bankalar,raw/TP_PBD_H01_2020-01-01_2026-06-30_request.json,fb9c8bd8bced6e06d6047deb6e18678382bc1d50177d9a76b649a70479a59008,raw/TP_PBD_H01_2020-01-01_2026-06-30_response.json.gz,bb96bf1caa9819f07ab94699d0444c137bafb786a6f3501feb3ad6dd74845a2b,observed,within_series_coverage,False,False
TP.PBD.H01,2025-06,2025-06-01,2025-06-30,2025-06,66,7946791157.0,7946791157.00000000,False,1748725200,money_supply_m1,TCMB aylik para arzi tablosundaki M1 stok buyuklugunu izlemek; haftalik TP.HPBITABLO1.2 ve kur etkisinden arindirilmis endeks varyantlari yerine aylik ham stok secildi.,1.M1,1.M1,bie_pbpanal2,AYLIK,bin TL,last,Bankalar,raw/TP_PBD_H01_2020-01-01_2026-06-30_request.json,fb9c8bd8bced6e06d6047deb6e18678382bc1d50177d9a76b649a70479a59008,raw/TP_PBD_H01_2020-01-01_2026-06-30_response.json.gz,bb96bf1caa9819f07ab94699d0444c137bafb786a6f3501feb3ad6dd74845a2b,observed,within_series_coverage,False,False
TP.PBD.H01,2025-07,2025-07-01,2025-07-31,2025-07,67,7996811406.0,7996811406.00000000,False,1751317200,money_supply_m1,TCMB aylik para arzi tablosundaki M1 stok buyuklugunu izlemek; haftalik TP.HPBITABLO1.2 ve kur etkisinden arindirilmis endeks varyantlari yerine aylik ham stok secildi.,1.M1,1.M1,bie_pbpanal2,AYLIK,bin TL,last,Bankalar,raw/TP_PBD_H01_2020-01-01_2026-06-30_request.json,fb9c8bd8bced6e06d6047deb6e18678382bc1d50177d9a76b649a70479a59008,raw/TP_PBD_H01_2020-01-01_2026-06-30_response.json.gz,bb96bf1caa9819f07ab94699d0444c137bafb786a6f3501feb3ad6dd74845a2b,observed,within_series_coverage,False,False
TP.PBD.H01,2025-08,2025-08-01,2025-08-31,2025-08,68,8225267488.0,8225267488.00000000,False,1753995600,money_supply_m1,TCMB aylik para arzi tablosundaki M1 stok buyuklugunu izlemek; haftalik TP.HPBITABLO1.2 ve kur etkisinden arindirilmis endeks varyantlari yerine aylik ham stok secildi.,1.M1,1.M1,bie_pbpanal2,AYLIK,bin TL,last,Bankalar,raw/TP_PBD_H01_2020-01-01_2026-06-30_request.json,fb9c8bd8bced6e06d6047deb6e18678382bc1d50177d9a76b649a70479a59008,raw/TP_PBD_H01_2020-01-01_2026-06-30_response.json.gz,bb96bf1caa9819f07ab94699d0444c137bafb786a6f3501feb3ad6dd74845a2b,observed,within_series_coverage,False,False
TP.PBD.H01,2025-09,2025-09-01,2025-09-30,2025-09,69,8841769340.0,8841769340.00000000,False,1756674000,money_supply_m1,TCMB aylik para arzi tablosundaki M1 stok buyuklugunu izlemek; haftalik TP.HPBITABLO1.2 ve kur etkisinden arindirilmis endeks varyantlari yerine aylik ham stok secildi.,1.M1,1.M1,bie_pbpanal2,AYLIK,bin TL,last,Bankalar,raw/TP_PBD_H01_2020-01-01_2026-06-30_request.json,fb9c8bd8bced6e06d6047deb6e18678382bc1d50177d9a76b649a70479a59008,raw/TP_PBD_H01_2020-01-01_2026-06-30_response.json.gz,bb96bf1caa9819f07ab94699d0444c137bafb786a6f3501feb3ad6dd74845a2b,observed,within_series_coverage,False,False
TP.PBD.H01,2025-10,2025-10-01,2025-10-31,2025-10,70,9144681823.0,9144681823.00000000,False,1759266000,money_supply_m1,TCMB aylik para arzi tablosundaki M1 stok buyuklugunu izlemek; haftalik TP.HPBITABLO1.2 ve kur etkisinden arindirilmis endeks varyantlari yerine aylik ham stok secildi.,1.M1,1.M1,bie_pbpanal2,AYLIK,bin TL,last,Bankalar,raw/TP_PBD_H01_2020-01-01_2026-06-30_request.json,fb9c8bd8bced6e06d6047deb6e18678382bc1d50177d9a76b649a70479a59008,raw/TP_PBD_H01_2020-01-01_2026-06-30_response.json.gz,bb96bf1caa9819f07ab94699d0444c137bafb786a6f3501feb3ad6dd74845a2b,observed,within_series_coverage,False,False
TP.PBD.H01,2025-11,2025-11-01,2025-11-30,2025-11,71,9250872353.0,9250872353.00000000,False,1761944400,money_supply_m1,TCMB aylik para arzi tablosundaki M1 stok buyuklugunu izlemek; haftalik TP.HPBITABLO1.2 ve kur etkisinden arindirilmis endeks varyantlari yerine aylik ham stok secildi.,1.M1,1.M1,bie_pbpanal2,AYLIK,bin TL,last,Bankalar,raw/TP_PBD_H01_2020-01-01_2026-06-30_request.json,fb9c8bd8bced6e06d6047deb6e18678382bc1d50177d9a76b649a70479a59008,raw/TP_PBD_H01_2020-01-01_2026-06-30_response.json.gz,bb96bf1caa9819f07ab94699d0444c137bafb786a6f3501feb3ad6dd74845a2b,observed,within_series_coverage,False,False
TP.PBD.H01,2025-12,2025-12-01,2025-12-31,2025-12,72,10028380768.0,10028380768.00000000,False,1764536400,money_supply_m1,TCMB aylik para arzi tablosundaki M1 stok buyuklugunu izlemek; haftalik TP.HPBITABLO1.2 ve kur etkisinden arindirilmis endeks varyantlari yerine aylik ham stok secildi.,1.M1,1.M1,bie_pbpanal2,AYLIK,bin TL,last,Bankalar,raw/TP_PBD_H01_2020-01-01_2026-06-30_request.json,fb9c8bd8bced6e06d6047deb6e18678382bc1d50177d9a76b649a70479a59008,raw/TP_PBD_H01_2020-01-01_2026-06-30_response.json.gz,bb96bf1caa9819f07ab94699d0444c137bafb786a6f3501feb3ad6dd74845a2b,observed,within_series_coverage,False,False
TP.PBD.H01,2026-01,2026-01-01,2026-01-31,2026-01,73,10628744931.0,10628744931.00000000,False,1767214800,money_supply_m1,TCMB aylik para arzi tablosundaki M1 stok buyuklugunu izlemek; haftalik TP.HPBITABLO1.2 ve kur etkisinden arindirilmis endeks varyantlari yerine aylik ham stok secildi.,1.M1,1.M1,bie_pbpanal2,AYLIK,bin TL,last,Bankalar,raw/TP_PBD_H01_2020-01-01_2026-06-30_request.json,fb9c8bd8bced6e06d6047deb6e18678382bc1d50177d9a76b649a70479a59008,raw/TP_PBD_H01_2020-01-01_2026-06-30_response.json.gz,bb96bf1caa9819f07ab94699d0444c137bafb786a6f3501feb3ad6dd74845a2b,observed,within_series_coverage,False,False
TP.PBD.H01,2026-02,2026-02-01,2026-02-28,2026-02,74,10962533187.0,10962533187.00000000,False,1769893200,money_supply_m1,TCMB aylik para arzi tablosundaki M1 stok buyuklugunu izlemek; haftalik TP.HPBITABLO1.2 ve kur etkisinden arindirilmis endeks varyantlari yerine aylik ham stok secildi.,1.M1,1.M1,bie_pbpanal2,AYLIK,bin TL,last,Bankalar,raw/TP_PBD_H01_2020-01-01_2026-06-30_request.json,fb9c8bd8bced6e06d6047deb6e18678382bc1d50177d9a76b649a70479a59008,raw/TP_PBD_H01_2020-01-01_2026-06-30_response.json.gz,bb96bf1caa9819f07ab94699d0444c137bafb786a6f3501feb3ad6dd74845a2b,observed,within_series_coverage,False,False
TP.PBD.H01,2026-03,2026-03-01,2026-03-31,2026-03,75,10578713479.0,10578713479.00000000,False,1772312400,money_supply_m1,TCMB aylik para arzi tablosundaki M1 stok buyuklugunu izlemek; haftalik TP.HPBITABLO1.2 ve kur etkisinden arindirilmis endeks varyantlari yerine aylik ham stok secildi.,1.M1,1.M1,bie_pbpanal2,AYLIK,bin TL,last,Bankalar,raw/TP_PBD_H01_2020-01-01_2026-06-30_request.json,fb9c8bd8bced6e06d6047deb6e18678382bc1d50177d9a76b649a70479a59008,raw/TP_PBD_H01_2020-01-01_2026-06-30_response.json.gz,bb96bf1caa9819f07ab94699d0444c137bafb786a6f3501feb3ad6dd74845a2b,observed,within_series_coverage,False,False
TP.PBD.H01,2026-04,2026-04-01,2026-04-30,2026-04,76,10815080234.0,10815080234.00000000,False,1774990800,money_supply_m1,TCMB aylik para arzi tablosundaki M1 stok buyuklugunu izlemek; haftalik TP.HPBITABLO1.2 ve kur etkisinden arindirilmis endeks varyantlari yerine aylik ham stok secildi.,1.M1,1.M1,bie_pbpanal2,AYLIK,bin TL,last,Bankalar,raw/TP_PBD_H01_2020-01-01_2026-06-30_request.json,fb9c8bd8bced6e06d6047deb6e18678382bc1d50177d9a76b649a70479a59008,raw/TP_PBD_H01_2020-01-01_2026-06-30_response.json.gz,bb96bf1caa9819f07ab94699d0444c137bafb786a6f3501feb3ad6dd74845a2b,observed,within_series_coverage,False,False
TP.PBD.H01,2026-05,2026-05-01,2026-05-31,2026-05,77,11126373305.0,11126373305.00000000,False,1777582800,money_supply_m1,TCMB aylik para arzi tablosundaki M1 stok buyuklugunu izlemek; haftalik TP.HPBITABLO1.2 ve kur etkisinden arindirilmis endeks varyantlari yerine aylik ham stok secildi.,1.M1,1.M1,bie_pbpanal2,AYLIK,bin TL,last,Bankalar,raw/TP_PBD_H01_2020-01-01_2026-06-30_request.json,fb9c8bd8bced6e06d6047deb6e18678382bc1d50177d9a76b649a70479a59008,raw/TP_PBD_H01_2020-01-01_2026-06-30_response.json.gz,bb96bf1caa9819f07ab94699d0444c137bafb786a6f3501feb3ad6dd74845a2b,observed,within_series_coverage,False,False
TP.PBD.H01,2026-06,2026-06-01,2026-06-30,2026-06,78,10696346752.0,10696346752.00000000,False,1780261200,money_supply_m1,TCMB aylik para arzi tablosundaki M1 stok buyuklugunu izlemek; haftalik TP.HPBITABLO1.2 ve kur etkisinden arindirilmis endeks varyantlari yerine aylik ham stok secildi.,1.M1,1.M1,bie_pbpanal2,AYLIK,bin TL,last,Bankalar,raw/TP_PBD_H01_2020-01-01_2026-06-30_request.json,fb9c8bd8bced6e06d6047deb6e18678382bc1d50177d9a76b649a70479a59008,raw/TP_PBD_H01_2020-01-01_2026-06-30_response.json.gz,bb96bf1caa9819f07ab94699d0444c137bafb786a6f3501feb3ad6dd74845a2b,observed,within_series_coverage,False,False
TP.PBD.H09,2020-01,2020-01-01,2020-01-31,2020-01,1,2469235642.0,2469235642.00000000,False,1577833200,money_supply_m2,TCMB aylik para arzi tablosundaki M2 stok buyuklugunu izlemek; haftalik ve kur-arindirilmis endeks varyantlari yerine aylik ham stok secildi.,2.M2,2.M2,bie_pbpanal2,AYLIK,bin TL,last,Bankalar,raw/TP_PBD_H09_2020-01-01_2026-06-30_request.json,73cfa5b776488e00fb67ad8cba8290ff4d580562c9eb3e6e4c4e4594b49e2d40,raw/TP_PBD_H09_2020-01-01_2026-06-30_response.json.gz,ae332d7a6783948dafcafffdd65ffd209d18d1db6698d1a555c4babb409c71a6,observed,within_series_coverage,False,False
TP.PBD.H09,2020-02,2020-02-01,2020-02-29,2020-02,2,2556911596.0,2556911596.00000000,False,1580511600,money_supply_m2,TCMB aylik para arzi tablosundaki M2 stok buyuklugunu izlemek; haftalik ve kur-arindirilmis endeks varyantlari yerine aylik ham stok secildi.,2.M2,2.M2,bie_pbpanal2,AYLIK,bin TL,last,Bankalar,raw/TP_PBD_H09_2020-01-01_2026-06-30_request.json,73cfa5b776488e00fb67ad8cba8290ff4d580562c9eb3e6e4c4e4594b49e2d40,raw/TP_PBD_H09_2020-01-01_2026-06-30_response.json.gz,ae332d7a6783948dafcafffdd65ffd209d18d1db6698d1a555c4babb409c71a6,observed,within_series_coverage,False,False
TP.PBD.H09,2020-03,2020-03-01,2020-03-31,2020-03,3,2681493623.0,2681493623.00000000,False,1583017200,money_supply_m2,TCMB aylik para arzi tablosundaki M2 stok buyuklugunu izlemek; haftalik ve kur-arindirilmis endeks varyantlari yerine aylik ham stok secildi.,2.M2,2.M2,bie_pbpanal2,AYLIK,bin TL,last,Bankalar,raw/TP_PBD_H09_2020-01-01_2026-06-30_request.json,73cfa5b776488e00fb67ad8cba8290ff4d580562c9eb3e6e4c4e4594b49e2d40,raw/TP_PBD_H09_2020-01-01_2026-06-30_response.json.gz,ae332d7a6783948dafcafffdd65ffd209d18d1db6698d1a555c4babb409c71a6,observed,within_series_coverage,False,False
TP.PBD.H09,2020-04,2020-04-01,2020-04-30,2020-04,4,2910666523.0,2910666523.00000000,False,1585692000,money_supply_m2,TCMB aylik para arzi tablosundaki M2 stok buyuklugunu izlemek; haftalik ve kur-arindirilmis endeks varyantlari yerine aylik ham stok secildi.,2.M2,2.M2,bie_pbpanal2,AYLIK,bin TL,last,Bankalar,raw/TP_PBD_H09_2020-01-01_2026-06-30_request.json,73cfa5b776488e00fb67ad8cba8290ff4d580562c9eb3e6e4c4e4594b49e2d40,raw/TP_PBD_H09_2020-01-01_2026-06-30_response.json.gz,ae332d7a6783948dafcafffdd65ffd209d18d1db6698d1a555c4babb409c71a6,observed,within_series_coverage,False,False
TP.PBD.H09,2020-05,2020-05-01,2020-05-31,2020-05,5,2918865211.0,2918865211.00000000,False,1588284000,money_supply_m2,TCMB aylik para arzi tablosundaki M2 stok buyuklugunu izlemek; haftalik ve kur-arindirilmis endeks varyantlari yerine aylik ham stok secildi.,2.M2,2.M2,bie_pbpanal2,AYLIK,bin TL,last,Bankalar,raw/TP_PBD_H09_2020-01-01_2026-06-30_request.json,73cfa5b776488e00fb67ad8cba8290ff4d580562c9eb3e6e4c4e4594b49e2d40,raw/TP_PBD_H09_2020-01-01_2026-06-30_response.json.gz,ae332d7a6783948dafcafffdd65ffd209d18d1db6698d1a555c4babb409c71a6,observed,within_series_coverage,False,False
TP.PBD.H09,2020-06,2020-06-01,2020-06-30,2020-06,6,3001226936.0,3001226936.00000000,False,1590962400,money_supply_m2,TCMB aylik para arzi tablosundaki M2 stok buyuklugunu izlemek; haftalik ve kur-arindirilmis endeks varyantlari yerine aylik ham stok secildi.,2.M2,2.M2,bie_pbpanal2,AYLIK,bin TL,last,Bankalar,raw/TP_PBD_H09_2020-01-01_2026-06-30_request.json,73cfa5b776488e00fb67ad8cba8290ff4d580562c9eb3e6e4c4e4594b49e2d40,raw/TP_PBD_H09_2020-01-01_2026-06-30_response.json.gz,ae332d7a6783948dafcafffdd65ffd209d18d1db6698d1a555c4babb409c71a6,observed,within_series_coverage,False,False
TP.PBD.H09,2020-07,2020-07-01,2020-07-31,2020-07,7,3141593256.0,3141593256.00000000,False,1593554400,money_supply_m2,TCMB aylik para arzi tablosundaki M2 stok buyuklugunu izlemek; haftalik ve kur-arindirilmis endeks varyantlari yerine aylik ham stok secildi.,2.M2,2.M2,bie_pbpanal2,AYLIK,bin TL,last,Bankalar,raw/TP_PBD_H09_2020-01-01_2026-06-30_request.json,73cfa5b776488e00fb67ad8cba8290ff4d580562c9eb3e6e4c4e4594b49e2d40,raw/TP_PBD_H09_2020-01-01_2026-06-30_response.json.gz,ae332d7a6783948dafcafffdd65ffd209d18d1db6698d1a555c4babb409c71a6,observed,within_series_coverage,False,False
TP.PBD.H09,2020-08,2020-08-01,2020-08-31,2020-08,8,3196795800.0,3196795800.00000000,False,1596232800,money_supply_m2,TCMB aylik para arzi tablosundaki M2 stok buyuklugunu izlemek; haftalik ve kur-arindirilmis endeks varyantlari yerine aylik ham stok secildi.,2.M2,2.M2,bie_pbpanal2,AYLIK,bin TL,last,Bankalar,raw/TP_PBD_H09_2020-01-01_2026-06-30_request.json,73cfa5b776488e00fb67ad8cba8290ff4d580562c9eb3e6e4c4e4594b49e2d40,raw/TP_PBD_H09_2020-01-01_2026-06-30_response.json.gz,ae332d7a6783948dafcafffdd65ffd209d18d1db6698d1a555c4babb409c71a6,observed,within_series_coverage,False,False
TP.PBD.H09,2020-09,2020-09-01,2020-09-30,2020-09,9,3273110992.0,3273110992.00000000,False,1598911200,money_supply_m2,TCMB aylik para arzi tablosundaki M2 stok buyuklugunu izlemek; haftalik ve kur-arindirilmis endeks varyantlari yerine aylik ham stok secildi.,2.M2,2.M2,bie_pbpanal2,AYLIK,bin TL,last,Bankalar,raw/TP_PBD_H09_2020-01-01_2026-06-30_request.json,73cfa5b776488e00fb67ad8cba8290ff4d580562c9eb3e6e4c4e4594b49e2d40,raw/TP_PBD_H09_2020-01-01_2026-06-30_response.json.gz,ae332d7a6783948dafcafffdd65ffd209d18d1db6698d1a555c4babb409c71a6,observed,within_series_coverage,False,False
TP.PBD.H09,2020-10,2020-10-01,2020-10-31,2020-10,10,3414449433.0,3414449433.00000000,False,1601503200,money_supply_m2,TCMB aylik para arzi tablosundaki M2 stok buyuklugunu izlemek; haftalik ve kur-arindirilmis endeks varyantlari yerine aylik ham stok secildi.,2.M2,2.M2,bie_pbpanal2,AYLIK,bin TL,last,Bankalar,raw/TP_PBD_H09_2020-01-01_2026-06-30_request.json,73cfa5b776488e00fb67ad8cba8290ff4d580562c9eb3e6e4c4e4594b49e2d40,raw/TP_PBD_H09_2020-01-01_2026-06-30_response.json.gz,ae332d7a6783948dafcafffdd65ffd209d18d1db6698d1a555c4babb409c71a6,observed,within_series_coverage,False,False
TP.PBD.H09,2020-11,2020-11-01,2020-11-30,2020-11,11,3314555345.0,3314555345.00000000,False,1604185200,money_supply_m2,TCMB aylik para arzi tablosundaki M2 stok buyuklugunu izlemek; haftalik ve kur-arindirilmis endeks varyantlari yerine aylik ham stok secildi.,2.M2,2.M2,bie_pbpanal2,AYLIK,bin TL,last,Bankalar,raw/TP_PBD_H09_2020-01-01_2026-06-30_request.json,73cfa5b776488e00fb67ad8cba8290ff4d580562c9eb3e6e4c4e4594b49e2d40,raw/TP_PBD_H09_2020-01-01_2026-06-30_response.json.gz,ae332d7a6783948dafcafffdd65ffd209d18d1db6698d1a555c4babb409c71a6,observed,within_series_coverage,False,False
TP.PBD.H09,2020-12,2020-12-01,2020-12-31,2020-12,12,3326512024.0,3326512024.00000000,False,1606777200,money_supply_m2,TCMB aylik para arzi tablosundaki M2 stok buyuklugunu izlemek; haftalik ve kur-arindirilmis endeks varyantlari yerine aylik ham stok secildi.,2.M2,2.M2,bie_pbpanal2,AYLIK,bin TL,last,Bankalar,raw/TP_PBD_H09_2020-01-01_2026-06-30_request.json,73cfa5b776488e00fb67ad8cba8290ff4d580562c9eb3e6e4c4e4594b49e2d40,raw/TP_PBD_H09_2020-01-01_2026-06-30_response.json.gz,ae332d7a6783948dafcafffdd65ffd209d18d1db6698d1a555c4babb409c71a6,observed,within_series_coverage,False,False
TP.PBD.H09,2021-01,2021-01-01,2021-01-31,2021-01,13,3306057972.0,3306057972.00000000,False,1609455600,money_supply_m2,TCMB aylik para arzi tablosundaki M2 stok buyuklugunu izlemek; haftalik ve kur-arindirilmis endeks varyantlari yerine aylik ham stok secildi.,2.M2,2.M2,bie_pbpanal2,AYLIK,bin TL,last,Bankalar,raw/TP_PBD_H09_2020-01-01_2026-06-30_request.json,73cfa5b776488e00fb67ad8cba8290ff4d580562c9eb3e6e4c4e4594b49e2d40,raw/TP_PBD_H09_2020-01-01_2026-06-30_response.json.gz,ae332d7a6783948dafcafffdd65ffd209d18d1db6698d1a555c4babb409c71a6,observed,within_series_coverage,False,False
TP.PBD.H09,2021-02,2021-02-01,2021-02-28,2021-02,14,3326645026.0,3326645026.00000000,False,1612134000,money_supply_m2,TCMB aylik para arzi tablosundaki M2 stok buyuklugunu izlemek; haftalik ve kur-arindirilmis endeks varyantlari yerine aylik ham stok secildi.,2.M2,2.M2,bie_pbpanal2,AYLIK,bin TL,last,Bankalar,raw/TP_PBD_H09_2020-01-01_2026-06-30_request.json,73cfa5b776488e00fb67ad8cba8290ff4d580562c9eb3e6e4c4e4594b49e2d40,raw/TP_PBD_H09_2020-01-01_2026-06-30_response.json.gz,ae332d7a6783948dafcafffdd65ffd209d18d1db6698d1a555c4babb409c71a6,observed,within_series_coverage,False,False
TP.PBD.H09,2021-03,2021-03-01,2021-03-31,2021-03,15,3519147499.0,3519147499.00000000,False,1614553200,money_supply_m2,TCMB aylik para arzi tablosundaki M2 stok buyuklugunu izlemek; haftalik ve kur-arindirilmis endeks varyantlari yerine aylik ham stok secildi.,2.M2,2.M2,bie_pbpanal2,AYLIK,bin TL,last,Bankalar,raw/TP_PBD_H09_2020-01-01_2026-06-30_request.json,73cfa5b776488e00fb67ad8cba8290ff4d580562c9eb3e6e4c4e4594b49e2d40,raw/TP_PBD_H09_2020-01-01_2026-06-30_response.json.gz,ae332d7a6783948dafcafffdd65ffd209d18d1db6698d1a555c4babb409c71a6,observed,within_series_coverage,False,False
TP.PBD.H09,2021-04,2021-04-01,2021-04-30,2021-04,16,3574864016.0,3574864016.00000000,False,1617224400,money_supply_m2,TCMB aylik para arzi tablosundaki M2 stok buyuklugunu izlemek; haftalik ve kur-arindirilmis endeks varyantlari yerine aylik ham stok secildi.,2.M2,2.M2,bie_pbpanal2,AYLIK,bin TL,last,Bankalar,raw/TP_PBD_H09_2020-01-01_2026-06-30_request.json,73cfa5b776488e00fb67ad8cba8290ff4d580562c9eb3e6e4c4e4594b49e2d40,raw/TP_PBD_H09_2020-01-01_2026-06-30_response.json.gz,ae332d7a6783948dafcafffdd65ffd209d18d1db6698d1a555c4babb409c71a6,observed,within_series_coverage,False,False
TP.PBD.H09,2021-05,2021-05-01,2021-05-31,2021-05,17,3676730667.0,3676730667.00000000,False,1619816400,money_supply_m2,TCMB aylik para arzi tablosundaki M2 stok buyuklugunu izlemek; haftalik ve kur-arindirilmis endeks varyantlari yerine aylik ham stok secildi.,2.M2,2.M2,bie_pbpanal2,AYLIK,bin TL,last,Bankalar,raw/TP_PBD_H09_2020-01-01_2026-06-30_request.json,73cfa5b776488e00fb67ad8cba8290ff4d580562c9eb3e6e4c4e4594b49e2d40,raw/TP_PBD_H09_2020-01-01_2026-06-30_response.json.gz,ae332d7a6783948dafcafffdd65ffd209d18d1db6698d1a555c4babb409c71a6,observed,within_series_coverage,False,False
TP.PBD.H09,2021-06,2021-06-01,2021-06-30,2021-06,18,3763771681.0,3763771681.00000000,False,1622494800,money_supply_m2,TCMB aylik para arzi tablosundaki M2 stok buyuklugunu izlemek; haftalik ve kur-arindirilmis endeks varyantlari yerine aylik ham stok secildi.,2.M2,2.M2,bie_pbpanal2,AYLIK,bin TL,last,Bankalar,raw/TP_PBD_H09_2020-01-01_2026-06-30_request.json,73cfa5b776488e00fb67ad8cba8290ff4d580562c9eb3e6e4c4e4594b49e2d40,raw/TP_PBD_H09_2020-01-01_2026-06-30_response.json.gz,ae332d7a6783948dafcafffdd65ffd209d18d1db6698d1a555c4babb409c71a6,observed,within_series_coverage,False,False
TP.PBD.H09,2021-07,2021-07-01,2021-07-31,2021-07,19,3804781569.0,3804781569.00000000,False,1625086800,money_supply_m2,TCMB aylik para arzi tablosundaki M2 stok buyuklugunu izlemek; haftalik ve kur-arindirilmis endeks varyantlari yerine aylik ham stok secildi.,2.M2,2.M2,bie_pbpanal2,AYLIK,bin TL,last,Bankalar,raw/TP_PBD_H09_2020-01-01_2026-06-30_request.json,73cfa5b776488e00fb67ad8cba8290ff4d580562c9eb3e6e4c4e4594b49e2d40,raw/TP_PBD_H09_2020-01-01_2026-06-30_response.json.gz,ae332d7a6783948dafcafffdd65ffd209d18d1db6698d1a555c4babb409c71a6,observed,within_series_coverage,False,False
TP.PBD.H09,2021-08,2021-08-01,2021-08-31,2021-08,20,3815142498.0,3815142498.00000000,False,1627765200,money_supply_m2,TCMB aylik para arzi tablosundaki M2 stok buyuklugunu izlemek; haftalik ve kur-arindirilmis endeks varyantlari yerine aylik ham stok secildi.,2.M2,2.M2,bie_pbpanal2,AYLIK,bin TL,last,Bankalar,raw/TP_PBD_H09_2020-01-01_2026-06-30_request.json,73cfa5b776488e00fb67ad8cba8290ff4d580562c9eb3e6e4c4e4594b49e2d40,raw/TP_PBD_H09_2020-01-01_2026-06-30_response.json.gz,ae332d7a6783948dafcafffdd65ffd209d18d1db6698d1a555c4babb409c71a6,observed,within_series_coverage,False,False
TP.PBD.H09,2021-09,2021-09-01,2021-09-30,2021-09,21,3993750060.0,3993750060.00000000,False,1630443600,money_supply_m2,TCMB aylik para arzi tablosundaki M2 stok buyuklugunu izlemek; haftalik ve kur-arindirilmis endeks varyantlari yerine aylik ham stok secildi.,2.M2,2.M2,bie_pbpanal2,AYLIK,bin TL,last,Bankalar,raw/TP_PBD_H09_2020-01-01_2026-06-30_request.json,73cfa5b776488e00fb67ad8cba8290ff4d580562c9eb3e6e4c4e4594b49e2d40,raw/TP_PBD_H09_2020-01-01_2026-06-30_response.json.gz,ae332d7a6783948dafcafffdd65ffd209d18d1db6698d1a555c4babb409c71a6,observed,within_series_coverage,False,False
TP.PBD.H09,2021-10,2021-10-01,2021-10-31,2021-10,22,4239266828.0,4239266828.00000000,False,1633035600,money_supply_m2,TCMB aylik para arzi tablosundaki M2 stok buyuklugunu izlemek; haftalik ve kur-arindirilmis endeks varyantlari yerine aylik ham stok secildi.,2.M2,2.M2,bie_pbpanal2,AYLIK,bin TL,last,Bankalar,raw/TP_PBD_H09_2020-01-01_2026-06-30_request.json,73cfa5b776488e00fb67ad8cba8290ff4d580562c9eb3e6e4c4e4594b49e2d40,raw/TP_PBD_H09_2020-01-01_2026-06-30_response.json.gz,ae332d7a6783948dafcafffdd65ffd209d18d1db6698d1a555c4babb409c71a6,observed,within_series_coverage,False,False
TP.PBD.H09,2021-11,2021-11-01,2021-11-30,2021-11,23,5021717951.0,5021717951.00000000,False,1635714000,money_supply_m2,TCMB aylik para arzi tablosundaki M2 stok buyuklugunu izlemek; haftalik ve kur-arindirilmis endeks varyantlari yerine aylik ham stok secildi.,2.M2,2.M2,bie_pbpanal2,AYLIK,bin TL,last,Bankalar,raw/TP_PBD_H09_2020-01-01_2026-06-30_request.json,73cfa5b776488e00fb67ad8cba8290ff4d580562c9eb3e6e4c4e4594b49e2d40,raw/TP_PBD_H09_2020-01-01_2026-06-30_response.json.gz,ae332d7a6783948dafcafffdd65ffd209d18d1db6698d1a555c4babb409c71a6,observed,within_series_coverage,False,False
TP.PBD.H09,2021-12,2021-12-01,2021-12-31,2021-12,24,5108132702.0,5108132702.00000000,False,1638306000,money_supply_m2,TCMB aylik para arzi tablosundaki M2 stok buyuklugunu izlemek; haftalik ve kur-arindirilmis endeks varyantlari yerine aylik ham stok secildi.,2.M2,2.M2,bie_pbpanal2,AYLIK,bin TL,last,Bankalar,raw/TP_PBD_H09_2020-01-01_2026-06-30_request.json,73cfa5b776488e00fb67ad8cba8290ff4d580562c9eb3e6e4c4e4594b49e2d40,raw/TP_PBD_H09_2020-01-01_2026-06-30_response.json.gz,ae332d7a6783948dafcafffdd65ffd209d18d1db6698d1a555c4babb409c71a6,observed,within_series_coverage,False,False
TP.PBD.H09,2022-01,2022-01-01,2022-01-31,2022-01,25,5140228239.0,5140228239.00000000,False,1640984400,money_supply_m2,TCMB aylik para arzi tablosundaki M2 stok buyuklugunu izlemek; haftalik ve kur-arindirilmis endeks varyantlari yerine aylik ham stok secildi.,2.M2,2.M2,bie_pbpanal2,AYLIK,bin TL,last,Bankalar,raw/TP_PBD_H09_2020-01-01_2026-06-30_request.json,73cfa5b776488e00fb67ad8cba8290ff4d580562c9eb3e6e4c4e4594b49e2d40,raw/TP_PBD_H09_2020-01-01_2026-06-30_response.json.gz,ae332d7a6783948dafcafffdd65ffd209d18d1db6698d1a555c4babb409c71a6,observed,within_series_coverage,False,False
TP.PBD.H09,2022-02,2022-02-01,2022-02-28,2022-02,26,5308036475.0,5308036475.00000000,False,1643662800,money_supply_m2,TCMB aylik para arzi tablosundaki M2 stok buyuklugunu izlemek; haftalik ve kur-arindirilmis endeks varyantlari yerine aylik ham stok secildi.,2.M2,2.M2,bie_pbpanal2,AYLIK,bin TL,last,Bankalar,raw/TP_PBD_H09_2020-01-01_2026-06-30_request.json,73cfa5b776488e00fb67ad8cba8290ff4d580562c9eb3e6e4c4e4594b49e2d40,raw/TP_PBD_H09_2020-01-01_2026-06-30_response.json.gz,ae332d7a6783948dafcafffdd65ffd209d18d1db6698d1a555c4babb409c71a6,observed,within_series_coverage,False,False
TP.PBD.H09,2022-03,2022-03-01,2022-03-31,2022-03,27,5699858632.0,5699858632.00000000,False,1646082000,money_supply_m2,TCMB aylik para arzi tablosundaki M2 stok buyuklugunu izlemek; haftalik ve kur-arindirilmis endeks varyantlari yerine aylik ham stok secildi.,2.M2,2.M2,bie_pbpanal2,AYLIK,bin TL,last,Bankalar,raw/TP_PBD_H09_2020-01-01_2026-06-30_request.json,73cfa5b776488e00fb67ad8cba8290ff4d580562c9eb3e6e4c4e4594b49e2d40,raw/TP_PBD_H09_2020-01-01_2026-06-30_response.json.gz,ae332d7a6783948dafcafffdd65ffd209d18d1db6698d1a555c4babb409c71a6,observed,within_series_coverage,False,False
TP.PBD.H09,2022-04,2022-04-01,2022-04-30,2022-04,28,5895872508.0,5895872508.00000000,False,1648760400,money_supply_m2,TCMB aylik para arzi tablosundaki M2 stok buyuklugunu izlemek; haftalik ve kur-arindirilmis endeks varyantlari yerine aylik ham stok secildi.,2.M2,2.M2,bie_pbpanal2,AYLIK,bin TL,last,Bankalar,raw/TP_PBD_H09_2020-01-01_2026-06-30_request.json,73cfa5b776488e00fb67ad8cba8290ff4d580562c9eb3e6e4c4e4594b49e2d40,raw/TP_PBD_H09_2020-01-01_2026-06-30_response.json.gz,ae332d7a6783948dafcafffdd65ffd209d18d1db6698d1a555c4babb409c71a6,observed,within_series_coverage,False,False
TP.PBD.H09,2022-05,2022-05-01,2022-05-31,2022-05,29,6277459612.0,6277459612.00000000,False,1651352400,money_supply_m2,TCMB aylik para arzi tablosundaki M2 stok buyuklugunu izlemek; haftalik ve kur-arindirilmis endeks varyantlari yerine aylik ham stok secildi.,2.M2,2.M2,bie_pbpanal2,AYLIK,bin TL,last,Bankalar,raw/TP_PBD_H09_2020-01-01_2026-06-30_request.json,73cfa5b776488e00fb67ad8cba8290ff4d580562c9eb3e6e4c4e4594b49e2d40,raw/TP_PBD_H09_2020-01-01_2026-06-30_response.json.gz,ae332d7a6783948dafcafffdd65ffd209d18d1db6698d1a555c4babb409c71a6,observed,within_series_coverage,False,False
TP.PBD.H09,2022-06,2022-06-01,2022-06-30,2022-06,30,6428508832.0,6428508832.00000000,False,1654030800,money_supply_m2,TCMB aylik para arzi tablosundaki M2 stok buyuklugunu izlemek; haftalik ve kur-arindirilmis endeks varyantlari yerine aylik ham stok secildi.,2.M2,2.M2,bie_pbpanal2,AYLIK,bin TL,last,Bankalar,raw/TP_PBD_H09_2020-01-01_2026-06-30_request.json,73cfa5b776488e00fb67ad8cba8290ff4d580562c9eb3e6e4c4e4594b49e2d40,raw/TP_PBD_H09_2020-01-01_2026-06-30_response.json.gz,ae332d7a6783948dafcafffdd65ffd209d18d1db6698d1a555c4babb409c71a6,observed,within_series_coverage,False,False
TP.PBD.H09,2022-07,2022-07-01,2022-07-31,2022-07,31,6958505889.0,6958505889.00000000,False,1656622800,money_supply_m2,TCMB aylik para arzi tablosundaki M2 stok buyuklugunu izlemek; haftalik ve kur-arindirilmis endeks varyantlari yerine aylik ham stok secildi.,2.M2,2.M2,bie_pbpanal2,AYLIK,bin TL,last,Bankalar,raw/TP_PBD_H09_2020-01-01_2026-06-30_request.json,73cfa5b776488e00fb67ad8cba8290ff4d580562c9eb3e6e4c4e4594b49e2d40,raw/TP_PBD_H09_2020-01-01_2026-06-30_response.json.gz,ae332d7a6783948dafcafffdd65ffd209d18d1db6698d1a555c4babb409c71a6,observed,within_series_coverage,False,False
TP.PBD.H09,2022-08,2022-08-01,2022-08-31,2022-08,32,7231185430.0,7231185430.00000000,False,1659301200,money_supply_m2,TCMB aylik para arzi tablosundaki M2 stok buyuklugunu izlemek; haftalik ve kur-arindirilmis endeks varyantlari yerine aylik ham stok secildi.,2.M2,2.M2,bie_pbpanal2,AYLIK,bin TL,last,Bankalar,raw/TP_PBD_H09_2020-01-01_2026-06-30_request.json,73cfa5b776488e00fb67ad8cba8290ff4d580562c9eb3e6e4c4e4594b49e2d40,raw/TP_PBD_H09_2020-01-01_2026-06-30_response.json.gz,ae332d7a6783948dafcafffdd65ffd209d18d1db6698d1a555c4babb409c71a6,observed,within_series_coverage,False,False
TP.PBD.H09,2022-09,2022-09-01,2022-09-30,2022-09,33,7475494815.0,7475494815.00000000,False,1661979600,money_supply_m2,TCMB aylik para arzi tablosundaki M2 stok buyuklugunu izlemek; haftalik ve kur-arindirilmis endeks varyantlari yerine aylik ham stok secildi.,2.M2,2.M2,bie_pbpanal2,AYLIK,bin TL,last,Bankalar,raw/TP_PBD_H09_2020-01-01_2026-06-30_request.json,73cfa5b776488e00fb67ad8cba8290ff4d580562c9eb3e6e4c4e4594b49e2d40,raw/TP_PBD_H09_2020-01-01_2026-06-30_response.json.gz,ae332d7a6783948dafcafffdd65ffd209d18d1db6698d1a555c4babb409c71a6,observed,within_series_coverage,False,False
TP.PBD.H09,2022-10,2022-10-01,2022-10-31,2022-10,34,7735052757.0,7735052757.00000000,False,1664571600,money_supply_m2,TCMB aylik para arzi tablosundaki M2 stok buyuklugunu izlemek; haftalik ve kur-arindirilmis endeks varyantlari yerine aylik ham stok secildi.,2.M2,2.M2,bie_pbpanal2,AYLIK,bin TL,last,Bankalar,raw/TP_PBD_H09_2020-01-01_2026-06-30_request.json,73cfa5b776488e00fb67ad8cba8290ff4d580562c9eb3e6e4c4e4594b49e2d40,raw/TP_PBD_H09_2020-01-01_2026-06-30_response.json.gz,ae332d7a6783948dafcafffdd65ffd209d18d1db6698d1a555c4babb409c71a6,observed,within_series_coverage,False,False
TP.PBD.H09,2022-11,2022-11-01,2022-11-30,2022-11,35,7871318084.0,7871318084.00000000,False,1667250000,money_supply_m2,TCMB aylik para arzi tablosundaki M2 stok buyuklugunu izlemek; haftalik ve kur-arindirilmis endeks varyantlari yerine aylik ham stok secildi.,2.M2,2.M2,bie_pbpanal2,AYLIK,bin TL,last,Bankalar,raw/TP_PBD_H09_2020-01-01_2026-06-30_request.json,73cfa5b776488e00fb67ad8cba8290ff4d580562c9eb3e6e4c4e4594b49e2d40,raw/TP_PBD_H09_2020-01-01_2026-06-30_response.json.gz,ae332d7a6783948dafcafffdd65ffd209d18d1db6698d1a555c4babb409c71a6,observed,within_series_coverage,False,False
TP.PBD.H09,2022-12,2022-12-01,2022-12-31,2022-12,36,8209273693.0,8209273693.00000000,False,1669842000,money_supply_m2,TCMB aylik para arzi tablosundaki M2 stok buyuklugunu izlemek; haftalik ve kur-arindirilmis endeks varyantlari yerine aylik ham stok secildi.,2.M2,2.M2,bie_pbpanal2,AYLIK,bin TL,last,Bankalar,raw/TP_PBD_H09_2020-01-01_2026-06-30_request.json,73cfa5b776488e00fb67ad8cba8290ff4d580562c9eb3e6e4c4e4594b49e2d40,raw/TP_PBD_H09_2020-01-01_2026-06-30_response.json.gz,ae332d7a6783948dafcafffdd65ffd209d18d1db6698d1a555c4babb409c71a6,observed,within_series_coverage,False,False
TP.PBD.H09,2023-01,2023-01-01,2023-01-31,2023-01,37,8427505053.0,8427505053.00000000,False,1672520400,money_supply_m2,TCMB aylik para arzi tablosundaki M2 stok buyuklugunu izlemek; haftalik ve kur-arindirilmis endeks varyantlari yerine aylik ham stok secildi.,2.M2,2.M2,bie_pbpanal2,AYLIK,bin TL,last,Bankalar,raw/TP_PBD_H09_2020-01-01_2026-06-30_request.json,73cfa5b776488e00fb67ad8cba8290ff4d580562c9eb3e6e4c4e4594b49e2d40,raw/TP_PBD_H09_2020-01-01_2026-06-30_response.json.gz,ae332d7a6783948dafcafffdd65ffd209d18d1db6698d1a555c4babb409c71a6,observed,within_series_coverage,False,False
TP.PBD.H09,2023-02,2023-02-01,2023-02-28,2023-02,38,8650527989.0,8650527989.00000000,False,1675198800,money_supply_m2,TCMB aylik para arzi tablosundaki M2 stok buyuklugunu izlemek; haftalik ve kur-arindirilmis endeks varyantlari yerine aylik ham stok secildi.,2.M2,2.M2,bie_pbpanal2,AYLIK,bin TL,last,Bankalar,raw/TP_PBD_H09_2020-01-01_2026-06-30_request.json,73cfa5b776488e00fb67ad8cba8290ff4d580562c9eb3e6e4c4e4594b49e2d40,raw/TP_PBD_H09_2020-01-01_2026-06-30_response.json.gz,ae332d7a6783948dafcafffdd65ffd209d18d1db6698d1a555c4babb409c71a6,observed,within_series_coverage,False,False
TP.PBD.H09,2023-03,2023-03-01,2023-03-31,2023-03,39,9073195173.0,9073195173.00000000,False,1677618000,money_supply_m2,TCMB aylik para arzi tablosundaki M2 stok buyuklugunu izlemek; haftalik ve kur-arindirilmis endeks varyantlari yerine aylik ham stok secildi.,2.M2,2.M2,bie_pbpanal2,AYLIK,bin TL,last,Bankalar,raw/TP_PBD_H09_2020-01-01_2026-06-30_request.json,73cfa5b776488e00fb67ad8cba8290ff4d580562c9eb3e6e4c4e4594b49e2d40,raw/TP_PBD_H09_2020-01-01_2026-06-30_response.json.gz,ae332d7a6783948dafcafffdd65ffd209d18d1db6698d1a555c4babb409c71a6,observed,within_series_coverage,False,False
TP.PBD.H09,2023-04,2023-04-01,2023-04-30,2023-04,40,9537845081.0,9537845081.00000000,False,1680296400,money_supply_m2,TCMB aylik para arzi tablosundaki M2 stok buyuklugunu izlemek; haftalik ve kur-arindirilmis endeks varyantlari yerine aylik ham stok secildi.,2.M2,2.M2,bie_pbpanal2,AYLIK,bin TL,last,Bankalar,raw/TP_PBD_H09_2020-01-01_2026-06-30_request.json,73cfa5b776488e00fb67ad8cba8290ff4d580562c9eb3e6e4c4e4594b49e2d40,raw/TP_PBD_H09_2020-01-01_2026-06-30_response.json.gz,ae332d7a6783948dafcafffdd65ffd209d18d1db6698d1a555c4babb409c71a6,observed,within_series_coverage,False,False
TP.PBD.H09,2023-05,2023-05-01,2023-05-31,2023-05,41,9508104415.0,9508104415.00000000,False,1682888400,money_supply_m2,TCMB aylik para arzi tablosundaki M2 stok buyuklugunu izlemek; haftalik ve kur-arindirilmis endeks varyantlari yerine aylik ham stok secildi.,2.M2,2.M2,bie_pbpanal2,AYLIK,bin TL,last,Bankalar,raw/TP_PBD_H09_2020-01-01_2026-06-30_request.json,73cfa5b776488e00fb67ad8cba8290ff4d580562c9eb3e6e4c4e4594b49e2d40,raw/TP_PBD_H09_2020-01-01_2026-06-30_response.json.gz,ae332d7a6783948dafcafffdd65ffd209d18d1db6698d1a555c4babb409c71a6,observed,within_series_coverage,False,False
TP.PBD.H09,2023-06,2023-06-01,2023-06-30,2023-06,42,10874575044.0,10874575044.00000000,False,1685566800,money_supply_m2,TCMB aylik para arzi tablosundaki M2 stok buyuklugunu izlemek; haftalik ve kur-arindirilmis endeks varyantlari yerine aylik ham stok secildi.,2.M2,2.M2,bie_pbpanal2,AYLIK,bin TL,last,Bankalar,raw/TP_PBD_H09_2020-01-01_2026-06-30_request.json,73cfa5b776488e00fb67ad8cba8290ff4d580562c9eb3e6e4c4e4594b49e2d40,raw/TP_PBD_H09_2020-01-01_2026-06-30_response.json.gz,ae332d7a6783948dafcafffdd65ffd209d18d1db6698d1a555c4babb409c71a6,observed,within_series_coverage,False,False
TP.PBD.H09,2023-07,2023-07-01,2023-07-31,2023-07,43,11510220409.0,11510220409.00000000,False,1688158800,money_supply_m2,TCMB aylik para arzi tablosundaki M2 stok buyuklugunu izlemek; haftalik ve kur-arindirilmis endeks varyantlari yerine aylik ham stok secildi.,2.M2,2.M2,bie_pbpanal2,AYLIK,bin TL,last,Bankalar,raw/TP_PBD_H09_2020-01-01_2026-06-30_request.json,73cfa5b776488e00fb67ad8cba8290ff4d580562c9eb3e6e4c4e4594b49e2d40,raw/TP_PBD_H09_2020-01-01_2026-06-30_response.json.gz,ae332d7a6783948dafcafffdd65ffd209d18d1db6698d1a555c4babb409c71a6,observed,within_series_coverage,False,False
TP.PBD.H09,2023-08,2023-08-01,2023-08-31,2023-08,44,11947306760.0,11947306760.00000000,False,1690837200,money_supply_m2,TCMB aylik para arzi tablosundaki M2 stok buyuklugunu izlemek; haftalik ve kur-arindirilmis endeks varyantlari yerine aylik ham stok secildi.,2.M2,2.M2,bie_pbpanal2,AYLIK,bin TL,last,Bankalar,raw/TP_PBD_H09_2020-01-01_2026-06-30_request.json,73cfa5b776488e00fb67ad8cba8290ff4d580562c9eb3e6e4c4e4594b49e2d40,raw/TP_PBD_H09_2020-01-01_2026-06-30_response.json.gz,ae332d7a6783948dafcafffdd65ffd209d18d1db6698d1a555c4babb409c71a6,observed,within_series_coverage,False,False
TP.PBD.H09,2023-09,2023-09-01,2023-09-30,2023-09,45,12374659285.0,12374659285.00000000,False,1693515600,money_supply_m2,TCMB aylik para arzi tablosundaki M2 stok buyuklugunu izlemek; haftalik ve kur-arindirilmis endeks varyantlari yerine aylik ham stok secildi.,2.M2,2.M2,bie_pbpanal2,AYLIK,bin TL,last,Bankalar,raw/TP_PBD_H09_2020-01-01_2026-06-30_request.json,73cfa5b776488e00fb67ad8cba8290ff4d580562c9eb3e6e4c4e4594b49e2d40,raw/TP_PBD_H09_2020-01-01_2026-06-30_response.json.gz,ae332d7a6783948dafcafffdd65ffd209d18d1db6698d1a555c4babb409c71a6,observed,within_series_coverage,False,False
TP.PBD.H09,2023-10,2023-10-01,2023-10-31,2023-10,46,12789135293.0,12789135293.00000000,False,1696107600,money_supply_m2,TCMB aylik para arzi tablosundaki M2 stok buyuklugunu izlemek; haftalik ve kur-arindirilmis endeks varyantlari yerine aylik ham stok secildi.,2.M2,2.M2,bie_pbpanal2,AYLIK,bin TL,last,Bankalar,raw/TP_PBD_H09_2020-01-01_2026-06-30_request.json,73cfa5b776488e00fb67ad8cba8290ff4d580562c9eb3e6e4c4e4594b49e2d40,raw/TP_PBD_H09_2020-01-01_2026-06-30_response.json.gz,ae332d7a6783948dafcafffdd65ffd209d18d1db6698d1a555c4babb409c71a6,observed,within_series_coverage,False,False
TP.PBD.H09,2023-11,2023-11-01,2023-11-30,2023-11,47,13049971609.0,13049971609.00000000,False,1698786000,money_supply_m2,TCMB aylik para arzi tablosundaki M2 stok buyuklugunu izlemek; haftalik ve kur-arindirilmis endeks varyantlari yerine aylik ham stok secildi.,2.M2,2.M2,bie_pbpanal2,AYLIK,bin TL,last,Bankalar,raw/TP_PBD_H09_2020-01-01_2026-06-30_request.json,73cfa5b776488e00fb67ad8cba8290ff4d580562c9eb3e6e4c4e4594b49e2d40,raw/TP_PBD_H09_2020-01-01_2026-06-30_response.json.gz,ae332d7a6783948dafcafffdd65ffd209d18d1db6698d1a555c4babb409c71a6,observed,within_series_coverage,False,False
TP.PBD.H09,2023-12,2023-12-01,2023-12-31,2023-12,48,13665141252.0,13665141252.00000000,False,1701378000,money_supply_m2,TCMB aylik para arzi tablosundaki M2 stok buyuklugunu izlemek; haftalik ve kur-arindirilmis endeks varyantlari yerine aylik ham stok secildi.,2.M2,2.M2,bie_pbpanal2,AYLIK,bin TL,last,Bankalar,raw/TP_PBD_H09_2020-01-01_2026-06-30_request.json,73cfa5b776488e00fb67ad8cba8290ff4d580562c9eb3e6e4c4e4594b49e2d40,raw/TP_PBD_H09_2020-01-01_2026-06-30_response.json.gz,ae332d7a6783948dafcafffdd65ffd209d18d1db6698d1a555c4babb409c71a6,observed,within_series_coverage,False,False
TP.PBD.H09,2024-01,2024-01-01,2024-01-31,2024-01,49,13697119812.0,13697119812.00000000,False,1704056400,money_supply_m2,TCMB aylik para arzi tablosundaki M2 stok buyuklugunu izlemek; haftalik ve kur-arindirilmis endeks varyantlari yerine aylik ham stok secildi.,2.M2,2.M2,bie_pbpanal2,AYLIK,bin TL,last,Bankalar,raw/TP_PBD_H09_2020-01-01_2026-06-30_request.json,73cfa5b776488e00fb67ad8cba8290ff4d580562c9eb3e6e4c4e4594b49e2d40,raw/TP_PBD_H09_2020-01-01_2026-06-30_response.json.gz,ae332d7a6783948dafcafffdd65ffd209d18d1db6698d1a555c4babb409c71a6,observed,within_series_coverage,False,False
TP.PBD.H09,2024-02,2024-02-01,2024-02-29,2024-02,50,14020214021.0,14020214021.00000000,False,1706734800,money_supply_m2,TCMB aylik para arzi tablosundaki M2 stok buyuklugunu izlemek; haftalik ve kur-arindirilmis endeks varyantlari yerine aylik ham stok secildi.,2.M2,2.M2,bie_pbpanal2,AYLIK,bin TL,last,Bankalar,raw/TP_PBD_H09_2020-01-01_2026-06-30_request.json,73cfa5b776488e00fb67ad8cba8290ff4d580562c9eb3e6e4c4e4594b49e2d40,raw/TP_PBD_H09_2020-01-01_2026-06-30_response.json.gz,ae332d7a6783948dafcafffdd65ffd209d18d1db6698d1a555c4babb409c71a6,observed,within_series_coverage,False,False
TP.PBD.H09,2024-03,2024-03-01,2024-03-31,2024-03,51,14348468781.0,14348468781.00000000,False,1709240400,money_supply_m2,TCMB aylik para arzi tablosundaki M2 stok buyuklugunu izlemek; haftalik ve kur-arindirilmis endeks varyantlari yerine aylik ham stok secildi.,2.M2,2.M2,bie_pbpanal2,AYLIK,bin TL,last,Bankalar,raw/TP_PBD_H09_2020-01-01_2026-06-30_request.json,73cfa5b776488e00fb67ad8cba8290ff4d580562c9eb3e6e4c4e4594b49e2d40,raw/TP_PBD_H09_2020-01-01_2026-06-30_response.json.gz,ae332d7a6783948dafcafffdd65ffd209d18d1db6698d1a555c4babb409c71a6,observed,within_series_coverage,False,False
TP.PBD.H09,2024-04,2024-04-01,2024-04-30,2024-04,52,14523330249.0,14523330249.00000000,False,1711918800,money_supply_m2,TCMB aylik para arzi tablosundaki M2 stok buyuklugunu izlemek; haftalik ve kur-arindirilmis endeks varyantlari yerine aylik ham stok secildi.,2.M2,2.M2,bie_pbpanal2,AYLIK,bin TL,last,Bankalar,raw/TP_PBD_H09_2020-01-01_2026-06-30_request.json,73cfa5b776488e00fb67ad8cba8290ff4d580562c9eb3e6e4c4e4594b49e2d40,raw/TP_PBD_H09_2020-01-01_2026-06-30_response.json.gz,ae332d7a6783948dafcafffdd65ffd209d18d1db6698d1a555c4babb409c71a6,observed,within_series_coverage,False,False
TP.PBD.H09,2024-05,2024-05-01,2024-05-31,2024-05,53,14837921368.0,14837921368.00000000,False,1714510800,money_supply_m2,TCMB aylik para arzi tablosundaki M2 stok buyuklugunu izlemek; haftalik ve kur-arindirilmis endeks varyantlari yerine aylik ham stok secildi.,2.M2,2.M2,bie_pbpanal2,AYLIK,bin TL,last,Bankalar,raw/TP_PBD_H09_2020-01-01_2026-06-30_request.json,73cfa5b776488e00fb67ad8cba8290ff4d580562c9eb3e6e4c4e4594b49e2d40,raw/TP_PBD_H09_2020-01-01_2026-06-30_response.json.gz,ae332d7a6783948dafcafffdd65ffd209d18d1db6698d1a555c4babb409c71a6,observed,within_series_coverage,False,False
TP.PBD.H09,2024-06,2024-06-01,2024-06-30,2024-06,54,15319202915.0,15319202915.00000000,False,1717189200,money_supply_m2,TCMB aylik para arzi tablosundaki M2 stok buyuklugunu izlemek; haftalik ve kur-arindirilmis endeks varyantlari yerine aylik ham stok secildi.,2.M2,2.M2,bie_pbpanal2,AYLIK,bin TL,last,Bankalar,raw/TP_PBD_H09_2020-01-01_2026-06-30_request.json,73cfa5b776488e00fb67ad8cba8290ff4d580562c9eb3e6e4c4e4594b49e2d40,raw/TP_PBD_H09_2020-01-01_2026-06-30_response.json.gz,ae332d7a6783948dafcafffdd65ffd209d18d1db6698d1a555c4babb409c71a6,observed,within_series_coverage,False,False
TP.PBD.H09,2024-07,2024-07-01,2024-07-31,2024-07,55,15726267311.0,15726267311.00000000,False,1719781200,money_supply_m2,TCMB aylik para arzi tablosundaki M2 stok buyuklugunu izlemek; haftalik ve kur-arindirilmis endeks varyantlari yerine aylik ham stok secildi.,2.M2,2.M2,bie_pbpanal2,AYLIK,bin TL,last,Bankalar,raw/TP_PBD_H09_2020-01-01_2026-06-30_request.json,73cfa5b776488e00fb67ad8cba8290ff4d580562c9eb3e6e4c4e4594b49e2d40,raw/TP_PBD_H09_2020-01-01_2026-06-30_response.json.gz,ae332d7a6783948dafcafffdd65ffd209d18d1db6698d1a555c4babb409c71a6,observed,within_series_coverage,False,False
TP.PBD.H09,2024-08,2024-08-01,2024-08-31,2024-08,56,16206558025.0,16206558025.00000000,False,1722459600,money_supply_m2,TCMB aylik para arzi tablosundaki M2 stok buyuklugunu izlemek; haftalik ve kur-arindirilmis endeks varyantlari yerine aylik ham stok secildi.,2.M2,2.M2,bie_pbpanal2,AYLIK,bin TL,last,Bankalar,raw/TP_PBD_H09_2020-01-01_2026-06-30_request.json,73cfa5b776488e00fb67ad8cba8290ff4d580562c9eb3e6e4c4e4594b49e2d40,raw/TP_PBD_H09_2020-01-01_2026-06-30_response.json.gz,ae332d7a6783948dafcafffdd65ffd209d18d1db6698d1a555c4babb409c71a6,observed,within_series_coverage,False,False
TP.PBD.H09,2024-09,2024-09-01,2024-09-30,2024-09,57,16452308928.0,16452308928.00000000,False,1725138000,money_supply_m2,TCMB aylik para arzi tablosundaki M2 stok buyuklugunu izlemek; haftalik ve kur-arindirilmis endeks varyantlari yerine aylik ham stok secildi.,2.M2,2.M2,bie_pbpanal2,AYLIK,bin TL,last,Bankalar,raw/TP_PBD_H09_2020-01-01_2026-06-30_request.json,73cfa5b776488e00fb67ad8cba8290ff4d580562c9eb3e6e4c4e4594b49e2d40,raw/TP_PBD_H09_2020-01-01_2026-06-30_response.json.gz,ae332d7a6783948dafcafffdd65ffd209d18d1db6698d1a555c4babb409c71a6,observed,within_series_coverage,False,False
TP.PBD.H09,2024-10,2024-10-01,2024-10-31,2024-10,58,16767749092.0,16767749092.00000000,False,1727730000,money_supply_m2,TCMB aylik para arzi tablosundaki M2 stok buyuklugunu izlemek; haftalik ve kur-arindirilmis endeks varyantlari yerine aylik ham stok secildi.,2.M2,2.M2,bie_pbpanal2,AYLIK,bin TL,last,Bankalar,raw/TP_PBD_H09_2020-01-01_2026-06-30_request.json,73cfa5b776488e00fb67ad8cba8290ff4d580562c9eb3e6e4c4e4594b49e2d40,raw/TP_PBD_H09_2020-01-01_2026-06-30_response.json.gz,ae332d7a6783948dafcafffdd65ffd209d18d1db6698d1a555c4babb409c71a6,observed,within_series_coverage,False,False
TP.PBD.H09,2024-11,2024-11-01,2024-11-30,2024-11,59,16915022358.0,16915022358.00000000,False,1730408400,money_supply_m2,TCMB aylik para arzi tablosundaki M2 stok buyuklugunu izlemek; haftalik ve kur-arindirilmis endeks varyantlari yerine aylik ham stok secildi.,2.M2,2.M2,bie_pbpanal2,AYLIK,bin TL,last,Bankalar,raw/TP_PBD_H09_2020-01-01_2026-06-30_request.json,73cfa5b776488e00fb67ad8cba8290ff4d580562c9eb3e6e4c4e4594b49e2d40,raw/TP_PBD_H09_2020-01-01_2026-06-30_response.json.gz,ae332d7a6783948dafcafffdd65ffd209d18d1db6698d1a555c4babb409c71a6,observed,within_series_coverage,False,False
TP.PBD.H09,2024-12,2024-12-01,2024-12-31,2024-12,60,17527677986.0,17527677986.00000000,False,1733000400,money_supply_m2,TCMB aylik para arzi tablosundaki M2 stok buyuklugunu izlemek; haftalik ve kur-arindirilmis endeks varyantlari yerine aylik ham stok secildi.,2.M2,2.M2,bie_pbpanal2,AYLIK,bin TL,last,Bankalar,raw/TP_PBD_H09_2020-01-01_2026-06-30_request.json,73cfa5b776488e00fb67ad8cba8290ff4d580562c9eb3e6e4c4e4594b49e2d40,raw/TP_PBD_H09_2020-01-01_2026-06-30_response.json.gz,ae332d7a6783948dafcafffdd65ffd209d18d1db6698d1a555c4babb409c71a6,observed,within_series_coverage,False,False
TP.PBD.H09,2025-01,2025-01-01,2025-01-31,2025-01,61,17636192186.0,17636192186.00000000,False,1735678800,money_supply_m2,TCMB aylik para arzi tablosundaki M2 stok buyuklugunu izlemek; haftalik ve kur-arindirilmis endeks varyantlari yerine aylik ham stok secildi.,2.M2,2.M2,bie_pbpanal2,AYLIK,bin TL,last,Bankalar,raw/TP_PBD_H09_2020-01-01_2026-06-30_request.json,73cfa5b776488e00fb67ad8cba8290ff4d580562c9eb3e6e4c4e4594b49e2d40,raw/TP_PBD_H09_2020-01-01_2026-06-30_response.json.gz,ae332d7a6783948dafcafffdd65ffd209d18d1db6698d1a555c4babb409c71a6,observed,within_series_coverage,False,False
TP.PBD.H09,2025-02,2025-02-01,2025-02-28,2025-02,62,18321342785.0,18321342785.00000000,False,1738357200,money_supply_m2,TCMB aylik para arzi tablosundaki M2 stok buyuklugunu izlemek; haftalik ve kur-arindirilmis endeks varyantlari yerine aylik ham stok secildi.,2.M2,2.M2,bie_pbpanal2,AYLIK,bin TL,last,Bankalar,raw/TP_PBD_H09_2020-01-01_2026-06-30_request.json,73cfa5b776488e00fb67ad8cba8290ff4d580562c9eb3e6e4c4e4594b49e2d40,raw/TP_PBD_H09_2020-01-01_2026-06-30_response.json.gz,ae332d7a6783948dafcafffdd65ffd209d18d1db6698d1a555c4babb409c71a6,observed,within_series_coverage,False,False
TP.PBD.H09,2025-03,2025-03-01,2025-03-31,2025-03,63,19821138846.0,19821138846.00000000,False,1740776400,money_supply_m2,TCMB aylik para arzi tablosundaki M2 stok buyuklugunu izlemek; haftalik ve kur-arindirilmis endeks varyantlari yerine aylik ham stok secildi.,2.M2,2.M2,bie_pbpanal2,AYLIK,bin TL,last,Bankalar,raw/TP_PBD_H09_2020-01-01_2026-06-30_request.json,73cfa5b776488e00fb67ad8cba8290ff4d580562c9eb3e6e4c4e4594b49e2d40,raw/TP_PBD_H09_2020-01-01_2026-06-30_response.json.gz,ae332d7a6783948dafcafffdd65ffd209d18d1db6698d1a555c4babb409c71a6,observed,within_series_coverage,False,False
TP.PBD.H09,2025-04,2025-04-01,2025-04-30,2025-04,64,20106009573.0,20106009573.00000000,False,1743454800,money_supply_m2,TCMB aylik para arzi tablosundaki M2 stok buyuklugunu izlemek; haftalik ve kur-arindirilmis endeks varyantlari yerine aylik ham stok secildi.,2.M2,2.M2,bie_pbpanal2,AYLIK,bin TL,last,Bankalar,raw/TP_PBD_H09_2020-01-01_2026-06-30_request.json,73cfa5b776488e00fb67ad8cba8290ff4d580562c9eb3e6e4c4e4594b49e2d40,raw/TP_PBD_H09_2020-01-01_2026-06-30_response.json.gz,ae332d7a6783948dafcafffdd65ffd209d18d1db6698d1a555c4babb409c71a6,observed,within_series_coverage,False,False
TP.PBD.H09,2025-05,2025-05-01,2025-05-31,2025-05,65,20624031860.0,20624031860.00000000,False,1746046800,money_supply_m2,TCMB aylik para arzi tablosundaki M2 stok buyuklugunu izlemek; haftalik ve kur-arindirilmis endeks varyantlari yerine aylik ham stok secildi.,2.M2,2.M2,bie_pbpanal2,AYLIK,bin TL,last,Bankalar,raw/TP_PBD_H09_2020-01-01_2026-06-30_request.json,73cfa5b776488e00fb67ad8cba8290ff4d580562c9eb3e6e4c4e4594b49e2d40,raw/TP_PBD_H09_2020-01-01_2026-06-30_response.json.gz,ae332d7a6783948dafcafffdd65ffd209d18d1db6698d1a555c4babb409c71a6,observed,within_series_coverage,False,False
TP.PBD.H09,2025-06,2025-06-01,2025-06-30,2025-06,66,21222731191.0,21222731191.00000000,False,1748725200,money_supply_m2,TCMB aylik para arzi tablosundaki M2 stok buyuklugunu izlemek; haftalik ve kur-arindirilmis endeks varyantlari yerine aylik ham stok secildi.,2.M2,2.M2,bie_pbpanal2,AYLIK,bin TL,last,Bankalar,raw/TP_PBD_H09_2020-01-01_2026-06-30_request.json,73cfa5b776488e00fb67ad8cba8290ff4d580562c9eb3e6e4c4e4594b49e2d40,raw/TP_PBD_H09_2020-01-01_2026-06-30_response.json.gz,ae332d7a6783948dafcafffdd65ffd209d18d1db6698d1a555c4babb409c71a6,observed,within_series_coverage,False,False
TP.PBD.H09,2025-07,2025-07-01,2025-07-31,2025-07,67,21830111045.0,21830111045.00000000,False,1751317200,money_supply_m2,TCMB aylik para arzi tablosundaki M2 stok buyuklugunu izlemek; haftalik ve kur-arindirilmis endeks varyantlari yerine aylik ham stok secildi.,2.M2,2.M2,bie_pbpanal2,AYLIK,bin TL,last,Bankalar,raw/TP_PBD_H09_2020-01-01_2026-06-30_request.json,73cfa5b776488e00fb67ad8cba8290ff4d580562c9eb3e6e4c4e4594b49e2d40,raw/TP_PBD_H09_2020-01-01_2026-06-30_response.json.gz,ae332d7a6783948dafcafffdd65ffd209d18d1db6698d1a555c4babb409c71a6,observed,within_series_coverage,False,False
TP.PBD.H09,2025-08,2025-08-01,2025-08-31,2025-08,68,22188709107.0,22188709107.00000000,False,1753995600,money_supply_m2,TCMB aylik para arzi tablosundaki M2 stok buyuklugunu izlemek; haftalik ve kur-arindirilmis endeks varyantlari yerine aylik ham stok secildi.,2.M2,2.M2,bie_pbpanal2,AYLIK,bin TL,last,Bankalar,raw/TP_PBD_H09_2020-01-01_2026-06-30_request.json,73cfa5b776488e00fb67ad8cba8290ff4d580562c9eb3e6e4c4e4594b49e2d40,raw/TP_PBD_H09_2020-01-01_2026-06-30_response.json.gz,ae332d7a6783948dafcafffdd65ffd209d18d1db6698d1a555c4babb409c71a6,observed,within_series_coverage,False,False
TP.PBD.H09,2025-09,2025-09-01,2025-09-30,2025-09,69,22860968238.0,22860968238.00000000,False,1756674000,money_supply_m2,TCMB aylik para arzi tablosundaki M2 stok buyuklugunu izlemek; haftalik ve kur-arindirilmis endeks varyantlari yerine aylik ham stok secildi.,2.M2,2.M2,bie_pbpanal2,AYLIK,bin TL,last,Bankalar,raw/TP_PBD_H09_2020-01-01_2026-06-30_request.json,73cfa5b776488e00fb67ad8cba8290ff4d580562c9eb3e6e4c4e4594b49e2d40,raw/TP_PBD_H09_2020-01-01_2026-06-30_response.json.gz,ae332d7a6783948dafcafffdd65ffd209d18d1db6698d1a555c4babb409c71a6,observed,within_series_coverage,False,False
TP.PBD.H09,2025-10,2025-10-01,2025-10-31,2025-10,70,23313861922.0,23313861922.00000000,False,1759266000,money_supply_m2,TCMB aylik para arzi tablosundaki M2 stok buyuklugunu izlemek; haftalik ve kur-arindirilmis endeks varyantlari yerine aylik ham stok secildi.,2.M2,2.M2,bie_pbpanal2,AYLIK,bin TL,last,Bankalar,raw/TP_PBD_H09_2020-01-01_2026-06-30_request.json,73cfa5b776488e00fb67ad8cba8290ff4d580562c9eb3e6e4c4e4594b49e2d40,raw/TP_PBD_H09_2020-01-01_2026-06-30_response.json.gz,ae332d7a6783948dafcafffdd65ffd209d18d1db6698d1a555c4babb409c71a6,observed,within_series_coverage,False,False
TP.PBD.H09,2025-11,2025-11-01,2025-11-30,2025-11,71,23618924923.0,23618924923.00000000,False,1761944400,money_supply_m2,TCMB aylik para arzi tablosundaki M2 stok buyuklugunu izlemek; haftalik ve kur-arindirilmis endeks varyantlari yerine aylik ham stok secildi.,2.M2,2.M2,bie_pbpanal2,AYLIK,bin TL,last,Bankalar,raw/TP_PBD_H09_2020-01-01_2026-06-30_request.json,73cfa5b776488e00fb67ad8cba8290ff4d580562c9eb3e6e4c4e4594b49e2d40,raw/TP_PBD_H09_2020-01-01_2026-06-30_response.json.gz,ae332d7a6783948dafcafffdd65ffd209d18d1db6698d1a555c4babb409c71a6,observed,within_series_coverage,False,False
TP.PBD.H09,2025-12,2025-12-01,2025-12-31,2025-12,72,24729036670.0,24729036670.00000000,False,1764536400,money_supply_m2,TCMB aylik para arzi tablosundaki M2 stok buyuklugunu izlemek; haftalik ve kur-arindirilmis endeks varyantlari yerine aylik ham stok secildi.,2.M2,2.M2,bie_pbpanal2,AYLIK,bin TL,last,Bankalar,raw/TP_PBD_H09_2020-01-01_2026-06-30_request.json,73cfa5b776488e00fb67ad8cba8290ff4d580562c9eb3e6e4c4e4594b49e2d40,raw/TP_PBD_H09_2020-01-01_2026-06-30_response.json.gz,ae332d7a6783948dafcafffdd65ffd209d18d1db6698d1a555c4babb409c71a6,observed,within_series_coverage,False,False
TP.PBD.H09,2026-01,2026-01-01,2026-01-31,2026-01,73,25273094090.0,25273094090.00000000,False,1767214800,money_supply_m2,TCMB aylik para arzi tablosundaki M2 stok buyuklugunu izlemek; haftalik ve kur-arindirilmis endeks varyantlari yerine aylik ham stok secildi.,2.M2,2.M2,bie_pbpanal2,AYLIK,bin TL,last,Bankalar,raw/TP_PBD_H09_2020-01-01_2026-06-30_request.json,73cfa5b776488e00fb67ad8cba8290ff4d580562c9eb3e6e4c4e4594b49e2d40,raw/TP_PBD_H09_2020-01-01_2026-06-30_response.json.gz,ae332d7a6783948dafcafffdd65ffd209d18d1db6698d1a555c4babb409c71a6,observed,within_series_coverage,False,False
TP.PBD.H09,2026-02,2026-02-01,2026-02-28,2026-02,74,25686545565.0,25686545565.00000000,False,1769893200,money_supply_m2,TCMB aylik para arzi tablosundaki M2 stok buyuklugunu izlemek; haftalik ve kur-arindirilmis endeks varyantlari yerine aylik ham stok secildi.,2.M2,2.M2,bie_pbpanal2,AYLIK,bin TL,last,Bankalar,raw/TP_PBD_H09_2020-01-01_2026-06-30_request.json,73cfa5b776488e00fb67ad8cba8290ff4d580562c9eb3e6e4c4e4594b49e2d40,raw/TP_PBD_H09_2020-01-01_2026-06-30_response.json.gz,ae332d7a6783948dafcafffdd65ffd209d18d1db6698d1a555c4babb409c71a6,observed,within_series_coverage,False,False
TP.PBD.H09,2026-03,2026-03-01,2026-03-31,2026-03,75,25729187059.0,25729187059.00000000,False,1772312400,money_supply_m2,TCMB aylik para arzi tablosundaki M2 stok buyuklugunu izlemek; haftalik ve kur-arindirilmis endeks varyantlari yerine aylik ham stok secildi.,2.M2,2.M2,bie_pbpanal2,AYLIK,bin TL,last,Bankalar,raw/TP_PBD_H09_2020-01-01_2026-06-30_request.json,73cfa5b776488e00fb67ad8cba8290ff4d580562c9eb3e6e4c4e4594b49e2d40,raw/TP_PBD_H09_2020-01-01_2026-06-30_response.json.gz,ae332d7a6783948dafcafffdd65ffd209d18d1db6698d1a555c4babb409c71a6,observed,within_series_coverage,False,False
TP.PBD.H09,2026-04,2026-04-01,2026-04-30,2026-04,76,26518751183.0,26518751183.00000000,False,1774990800,money_supply_m2,TCMB aylik para arzi tablosundaki M2 stok buyuklugunu izlemek; haftalik ve kur-arindirilmis endeks varyantlari yerine aylik ham stok secildi.,2.M2,2.M2,bie_pbpanal2,AYLIK,bin TL,last,Bankalar,raw/TP_PBD_H09_2020-01-01_2026-06-30_request.json,73cfa5b776488e00fb67ad8cba8290ff4d580562c9eb3e6e4c4e4594b49e2d40,raw/TP_PBD_H09_2020-01-01_2026-06-30_response.json.gz,ae332d7a6783948dafcafffdd65ffd209d18d1db6698d1a555c4babb409c71a6,observed,within_series_coverage,False,False
TP.PBD.H09,2026-05,2026-05-01,2026-05-31,2026-05,77,27293420191.0,27293420191.00000000,False,1777582800,money_supply_m2,TCMB aylik para arzi tablosundaki M2 stok buyuklugunu izlemek; haftalik ve kur-arindirilmis endeks varyantlari yerine aylik ham stok secildi.,2.M2,2.M2,bie_pbpanal2,AYLIK,bin TL,last,Bankalar,raw/TP_PBD_H09_2020-01-01_2026-06-30_request.json,73cfa5b776488e00fb67ad8cba8290ff4d580562c9eb3e6e4c4e4594b49e2d40,raw/TP_PBD_H09_2020-01-01_2026-06-30_response.json.gz,ae332d7a6783948dafcafffdd65ffd209d18d1db6698d1a555c4babb409c71a6,observed,within_series_coverage,False,False
TP.PBD.H09,2026-06,2026-06-01,2026-06-30,2026-06,78,27375153253.0,27375153253.00000000,False,1780261200,money_supply_m2,TCMB aylik para arzi tablosundaki M2 stok buyuklugunu izlemek; haftalik ve kur-arindirilmis endeks varyantlari yerine aylik ham stok secildi.,2.M2,2.M2,bie_pbpanal2,AYLIK,bin TL,last,Bankalar,raw/TP_PBD_H09_2020-01-01_2026-06-30_request.json,73cfa5b776488e00fb67ad8cba8290ff4d580562c9eb3e6e4c4e4594b49e2d40,raw/TP_PBD_H09_2020-01-01_2026-06-30_response.json.gz,ae332d7a6783948dafcafffdd65ffd209d18d1db6698d1a555c4babb409c71a6,observed,within_series_coverage,False,False
TP.PBD.H17,2020-01,2020-01-01,2020-01-31,2020-01,1,2574629717.0,2574629717.00000000,False,1577833200,money_supply_m3,TCMB aylik para arzi tablosundaki guncel (2005/12 sonrasi) M3 stok buyuklugunu izlemek; 2005/11 oncesi kesik seri (TP.PBD.H23) ve haftalik/endeks varyantlari yerine guncel aylik ham stok secildi.,5.M3 (2005/12 sonrası),5.M3 (after 2005/12),bie_pbpanal2,AYLIK,bin TL,last,Bankalar,raw/TP_PBD_H17_2020-01-01_2026-06-30_request.json,b3414371b13c34abd6917401d993e4bca3ee57b35b2b55e4a5d1c2a637157121,raw/TP_PBD_H17_2020-01-01_2026-06-30_response.json.gz,67c32e83a29c0dade80ebc319b25a974ba36d964b3c04f21ed635b5843eff43c,observed,within_series_coverage,False,False
TP.PBD.H17,2020-02,2020-02-01,2020-02-29,2020-02,2,2669569415.0,2669569415.00000000,False,1580511600,money_supply_m3,TCMB aylik para arzi tablosundaki guncel (2005/12 sonrasi) M3 stok buyuklugunu izlemek; 2005/11 oncesi kesik seri (TP.PBD.H23) ve haftalik/endeks varyantlari yerine guncel aylik ham stok secildi.,5.M3 (2005/12 sonrası),5.M3 (after 2005/12),bie_pbpanal2,AYLIK,bin TL,last,Bankalar,raw/TP_PBD_H17_2020-01-01_2026-06-30_request.json,b3414371b13c34abd6917401d993e4bca3ee57b35b2b55e4a5d1c2a637157121,raw/TP_PBD_H17_2020-01-01_2026-06-30_response.json.gz,67c32e83a29c0dade80ebc319b25a974ba36d964b3c04f21ed635b5843eff43c,observed,within_series_coverage,False,False
TP.PBD.H17,2020-03,2020-03-01,2020-03-31,2020-03,3,2795598843.0,2795598843.00000000,False,1583017200,money_supply_m3,TCMB aylik para arzi tablosundaki guncel (2005/12 sonrasi) M3 stok buyuklugunu izlemek; 2005/11 oncesi kesik seri (TP.PBD.H23) ve haftalik/endeks varyantlari yerine guncel aylik ham stok secildi.,5.M3 (2005/12 sonrası),5.M3 (after 2005/12),bie_pbpanal2,AYLIK,bin TL,last,Bankalar,raw/TP_PBD_H17_2020-01-01_2026-06-30_request.json,b3414371b13c34abd6917401d993e4bca3ee57b35b2b55e4a5d1c2a637157121,raw/TP_PBD_H17_2020-01-01_2026-06-30_response.json.gz,67c32e83a29c0dade80ebc319b25a974ba36d964b3c04f21ed635b5843eff43c,observed,within_series_coverage,False,False
TP.PBD.H17,2020-04,2020-04-01,2020-04-30,2020-04,4,3036983455.0,3036983455.00000000,False,1585692000,money_supply_m3,TCMB aylik para arzi tablosundaki guncel (2005/12 sonrasi) M3 stok buyuklugunu izlemek; 2005/11 oncesi kesik seri (TP.PBD.H23) ve haftalik/endeks varyantlari yerine guncel aylik ham stok secildi.,5.M3 (2005/12 sonrası),5.M3 (after 2005/12),bie_pbpanal2,AYLIK,bin TL,last,Bankalar,raw/TP_PBD_H17_2020-01-01_2026-06-30_request.json,b3414371b13c34abd6917401d993e4bca3ee57b35b2b55e4a5d1c2a637157121,raw/TP_PBD_H17_2020-01-01_2026-06-30_response.json.gz,67c32e83a29c0dade80ebc319b25a974ba36d964b3c04f21ed635b5843eff43c,observed,within_series_coverage,False,False
TP.PBD.H17,2020-05,2020-05-01,2020-05-31,2020-05,5,3064957239.0,3064957239.00000000,False,1588284000,money_supply_m3,TCMB aylik para arzi tablosundaki guncel (2005/12 sonrasi) M3 stok buyuklugunu izlemek; 2005/11 oncesi kesik seri (TP.PBD.H23) ve haftalik/endeks varyantlari yerine guncel aylik ham stok secildi.,5.M3 (2005/12 sonrası),5.M3 (after 2005/12),bie_pbpanal2,AYLIK,bin TL,last,Bankalar,raw/TP_PBD_H17_2020-01-01_2026-06-30_request.json,b3414371b13c34abd6917401d993e4bca3ee57b35b2b55e4a5d1c2a637157121,raw/TP_PBD_H17_2020-01-01_2026-06-30_response.json.gz,67c32e83a29c0dade80ebc319b25a974ba36d964b3c04f21ed635b5843eff43c,observed,within_series_coverage,False,False
TP.PBD.H17,2020-06,2020-06-01,2020-06-30,2020-06,6,3134310780.0,3134310780.00000000,False,1590962400,money_supply_m3,TCMB aylik para arzi tablosundaki guncel (2005/12 sonrasi) M3 stok buyuklugunu izlemek; 2005/11 oncesi kesik seri (TP.PBD.H23) ve haftalik/endeks varyantlari yerine guncel aylik ham stok secildi.,5.M3 (2005/12 sonrası),5.M3 (after 2005/12),bie_pbpanal2,AYLIK,bin TL,last,Bankalar,raw/TP_PBD_H17_2020-01-01_2026-06-30_request.json,b3414371b13c34abd6917401d993e4bca3ee57b35b2b55e4a5d1c2a637157121,raw/TP_PBD_H17_2020-01-01_2026-06-30_response.json.gz,67c32e83a29c0dade80ebc319b25a974ba36d964b3c04f21ed635b5843eff43c,observed,within_series_coverage,False,False
TP.PBD.H17,2020-07,2020-07-01,2020-07-31,2020-07,7,3260200557.0,3260200557.00000000,False,1593554400,money_supply_m3,TCMB aylik para arzi tablosundaki guncel (2005/12 sonrasi) M3 stok buyuklugunu izlemek; 2005/11 oncesi kesik seri (TP.PBD.H23) ve haftalik/endeks varyantlari yerine guncel aylik ham stok secildi.,5.M3 (2005/12 sonrası),5.M3 (after 2005/12),bie_pbpanal2,AYLIK,bin TL,last,Bankalar,raw/TP_PBD_H17_2020-01-01_2026-06-30_request.json,b3414371b13c34abd6917401d993e4bca3ee57b35b2b55e4a5d1c2a637157121,raw/TP_PBD_H17_2020-01-01_2026-06-30_response.json.gz,67c32e83a29c0dade80ebc319b25a974ba36d964b3c04f21ed635b5843eff43c,observed,within_series_coverage,False,False
TP.PBD.H17,2020-08,2020-08-01,2020-08-31,2020-08,8,3307273781.0,3307273781.00000000,False,1596232800,money_supply_m3,TCMB aylik para arzi tablosundaki guncel (2005/12 sonrasi) M3 stok buyuklugunu izlemek; 2005/11 oncesi kesik seri (TP.PBD.H23) ve haftalik/endeks varyantlari yerine guncel aylik ham stok secildi.,5.M3 (2005/12 sonrası),5.M3 (after 2005/12),bie_pbpanal2,AYLIK,bin TL,last,Bankalar,raw/TP_PBD_H17_2020-01-01_2026-06-30_request.json,b3414371b13c34abd6917401d993e4bca3ee57b35b2b55e4a5d1c2a637157121,raw/TP_PBD_H17_2020-01-01_2026-06-30_response.json.gz,67c32e83a29c0dade80ebc319b25a974ba36d964b3c04f21ed635b5843eff43c,observed,within_series_coverage,False,False
TP.PBD.H17,2020-09,2020-09-01,2020-09-30,2020-09,9,3379207000.0,3379207000.00000000,False,1598911200,money_supply_m3,TCMB aylik para arzi tablosundaki guncel (2005/12 sonrasi) M3 stok buyuklugunu izlemek; 2005/11 oncesi kesik seri (TP.PBD.H23) ve haftalik/endeks varyantlari yerine guncel aylik ham stok secildi.,5.M3 (2005/12 sonrası),5.M3 (after 2005/12),bie_pbpanal2,AYLIK,bin TL,last,Bankalar,raw/TP_PBD_H17_2020-01-01_2026-06-30_request.json,b3414371b13c34abd6917401d993e4bca3ee57b35b2b55e4a5d1c2a637157121,raw/TP_PBD_H17_2020-01-01_2026-06-30_response.json.gz,67c32e83a29c0dade80ebc319b25a974ba36d964b3c04f21ed635b5843eff43c,observed,within_series_coverage,False,False
TP.PBD.H17,2020-10,2020-10-01,2020-10-31,2020-10,10,3521824801.0,3521824801.00000000,False,1601503200,money_supply_m3,TCMB aylik para arzi tablosundaki guncel (2005/12 sonrasi) M3 stok buyuklugunu izlemek; 2005/11 oncesi kesik seri (TP.PBD.H23) ve haftalik/endeks varyantlari yerine guncel aylik ham stok secildi.,5.M3 (2005/12 sonrası),5.M3 (after 2005/12),bie_pbpanal2,AYLIK,bin TL,last,Bankalar,raw/TP_PBD_H17_2020-01-01_2026-06-30_request.json,b3414371b13c34abd6917401d993e4bca3ee57b35b2b55e4a5d1c2a637157121,raw/TP_PBD_H17_2020-01-01_2026-06-30_response.json.gz,67c32e83a29c0dade80ebc319b25a974ba36d964b3c04f21ed635b5843eff43c,observed,within_series_coverage,False,False
TP.PBD.H17,2020-11,2020-11-01,2020-11-30,2020-11,11,3416797915.0,3416797915.00000000,False,1604185200,money_supply_m3,TCMB aylik para arzi tablosundaki guncel (2005/12 sonrasi) M3 stok buyuklugunu izlemek; 2005/11 oncesi kesik seri (TP.PBD.H23) ve haftalik/endeks varyantlari yerine guncel aylik ham stok secildi.,5.M3 (2005/12 sonrası),5.M3 (after 2005/12),bie_pbpanal2,AYLIK,bin TL,last,Bankalar,raw/TP_PBD_H17_2020-01-01_2026-06-30_request.json,b3414371b13c34abd6917401d993e4bca3ee57b35b2b55e4a5d1c2a637157121,raw/TP_PBD_H17_2020-01-01_2026-06-30_response.json.gz,67c32e83a29c0dade80ebc319b25a974ba36d964b3c04f21ed635b5843eff43c,observed,within_series_coverage,False,False
TP.PBD.H17,2020-12,2020-12-01,2020-12-31,2020-12,12,3421903274.0,3421903274.00000000,False,1606777200,money_supply_m3,TCMB aylik para arzi tablosundaki guncel (2005/12 sonrasi) M3 stok buyuklugunu izlemek; 2005/11 oncesi kesik seri (TP.PBD.H23) ve haftalik/endeks varyantlari yerine guncel aylik ham stok secildi.,5.M3 (2005/12 sonrası),5.M3 (after 2005/12),bie_pbpanal2,AYLIK,bin TL,last,Bankalar,raw/TP_PBD_H17_2020-01-01_2026-06-30_request.json,b3414371b13c34abd6917401d993e4bca3ee57b35b2b55e4a5d1c2a637157121,raw/TP_PBD_H17_2020-01-01_2026-06-30_response.json.gz,67c32e83a29c0dade80ebc319b25a974ba36d964b3c04f21ed635b5843eff43c,observed,within_series_coverage,False,False
TP.PBD.H17,2021-01,2021-01-01,2021-01-31,2021-01,13,3401455924.0,3401455924.00000000,False,1609455600,money_supply_m3,TCMB aylik para arzi tablosundaki guncel (2005/12 sonrasi) M3 stok buyuklugunu izlemek; 2005/11 oncesi kesik seri (TP.PBD.H23) ve haftalik/endeks varyantlari yerine guncel aylik ham stok secildi.,5.M3 (2005/12 sonrası),5.M3 (after 2005/12),bie_pbpanal2,AYLIK,bin TL,last,Bankalar,raw/TP_PBD_H17_2020-01-01_2026-06-30_request.json,b3414371b13c34abd6917401d993e4bca3ee57b35b2b55e4a5d1c2a637157121,raw/TP_PBD_H17_2020-01-01_2026-06-30_response.json.gz,67c32e83a29c0dade80ebc319b25a974ba36d964b3c04f21ed635b5843eff43c,observed,within_series_coverage,False,False
TP.PBD.H17,2021-02,2021-02-01,2021-02-28,2021-02,14,3422130770.0,3422130770.00000000,False,1612134000,money_supply_m3,TCMB aylik para arzi tablosundaki guncel (2005/12 sonrasi) M3 stok buyuklugunu izlemek; 2005/11 oncesi kesik seri (TP.PBD.H23) ve haftalik/endeks varyantlari yerine guncel aylik ham stok secildi.,5.M3 (2005/12 sonrası),5.M3 (after 2005/12),bie_pbpanal2,AYLIK,bin TL,last,Bankalar,raw/TP_PBD_H17_2020-01-01_2026-06-30_request.json,b3414371b13c34abd6917401d993e4bca3ee57b35b2b55e4a5d1c2a637157121,raw/TP_PBD_H17_2020-01-01_2026-06-30_response.json.gz,67c32e83a29c0dade80ebc319b25a974ba36d964b3c04f21ed635b5843eff43c,observed,within_series_coverage,False,False
TP.PBD.H17,2021-03,2021-03-01,2021-03-31,2021-03,15,3618987820.0,3618987820.00000000,False,1614553200,money_supply_m3,TCMB aylik para arzi tablosundaki guncel (2005/12 sonrasi) M3 stok buyuklugunu izlemek; 2005/11 oncesi kesik seri (TP.PBD.H23) ve haftalik/endeks varyantlari yerine guncel aylik ham stok secildi.,5.M3 (2005/12 sonrası),5.M3 (after 2005/12),bie_pbpanal2,AYLIK,bin TL,last,Bankalar,raw/TP_PBD_H17_2020-01-01_2026-06-30_request.json,b3414371b13c34abd6917401d993e4bca3ee57b35b2b55e4a5d1c2a637157121,raw/TP_PBD_H17_2020-01-01_2026-06-30_response.json.gz,67c32e83a29c0dade80ebc319b25a974ba36d964b3c04f21ed635b5843eff43c,observed,within_series_coverage,False,False
TP.PBD.H17,2021-04,2021-04-01,2021-04-30,2021-04,16,3677393422.0,3677393422.00000000,False,1617224400,money_supply_m3,TCMB aylik para arzi tablosundaki guncel (2005/12 sonrasi) M3 stok buyuklugunu izlemek; 2005/11 oncesi kesik seri (TP.PBD.H23) ve haftalik/endeks varyantlari yerine guncel aylik ham stok secildi.,5.M3 (2005/12 sonrası),5.M3 (after 2005/12),bie_pbpanal2,AYLIK,bin TL,last,Bankalar,raw/TP_PBD_H17_2020-01-01_2026-06-30_request.json,b3414371b13c34abd6917401d993e4bca3ee57b35b2b55e4a5d1c2a637157121,raw/TP_PBD_H17_2020-01-01_2026-06-30_response.json.gz,67c32e83a29c0dade80ebc319b25a974ba36d964b3c04f21ed635b5843eff43c,observed,within_series_coverage,False,False
TP.PBD.H17,2021-05,2021-05-01,2021-05-31,2021-05,17,3782521284.0,3782521284.00000000,False,1619816400,money_supply_m3,TCMB aylik para arzi tablosundaki guncel (2005/12 sonrasi) M3 stok buyuklugunu izlemek; 2005/11 oncesi kesik seri (TP.PBD.H23) ve haftalik/endeks varyantlari yerine guncel aylik ham stok secildi.,5.M3 (2005/12 sonrası),5.M3 (after 2005/12),bie_pbpanal2,AYLIK,bin TL,last,Bankalar,raw/TP_PBD_H17_2020-01-01_2026-06-30_request.json,b3414371b13c34abd6917401d993e4bca3ee57b35b2b55e4a5d1c2a637157121,raw/TP_PBD_H17_2020-01-01_2026-06-30_response.json.gz,67c32e83a29c0dade80ebc319b25a974ba36d964b3c04f21ed635b5843eff43c,observed,within_series_coverage,False,False
TP.PBD.H17,2021-06,2021-06-01,2021-06-30,2021-06,18,3876874389.0,3876874389.00000000,False,1622494800,money_supply_m3,TCMB aylik para arzi tablosundaki guncel (2005/12 sonrasi) M3 stok buyuklugunu izlemek; 2005/11 oncesi kesik seri (TP.PBD.H23) ve haftalik/endeks varyantlari yerine guncel aylik ham stok secildi.,5.M3 (2005/12 sonrası),5.M3 (after 2005/12),bie_pbpanal2,AYLIK,bin TL,last,Bankalar,raw/TP_PBD_H17_2020-01-01_2026-06-30_request.json,b3414371b13c34abd6917401d993e4bca3ee57b35b2b55e4a5d1c2a637157121,raw/TP_PBD_H17_2020-01-01_2026-06-30_response.json.gz,67c32e83a29c0dade80ebc319b25a974ba36d964b3c04f21ed635b5843eff43c,observed,within_series_coverage,False,False
TP.PBD.H17,2021-07,2021-07-01,2021-07-31,2021-07,19,3917262517.0,3917262517.00000000,False,1625086800,money_supply_m3,TCMB aylik para arzi tablosundaki guncel (2005/12 sonrasi) M3 stok buyuklugunu izlemek; 2005/11 oncesi kesik seri (TP.PBD.H23) ve haftalik/endeks varyantlari yerine guncel aylik ham stok secildi.,5.M3 (2005/12 sonrası),5.M3 (after 2005/12),bie_pbpanal2,AYLIK,bin TL,last,Bankalar,raw/TP_PBD_H17_2020-01-01_2026-06-30_request.json,b3414371b13c34abd6917401d993e4bca3ee57b35b2b55e4a5d1c2a637157121,raw/TP_PBD_H17_2020-01-01_2026-06-30_response.json.gz,67c32e83a29c0dade80ebc319b25a974ba36d964b3c04f21ed635b5843eff43c,observed,within_series_coverage,False,False
TP.PBD.H17,2021-08,2021-08-01,2021-08-31,2021-08,20,3926701334.0,3926701334.00000000,False,1627765200,money_supply_m3,TCMB aylik para arzi tablosundaki guncel (2005/12 sonrasi) M3 stok buyuklugunu izlemek; 2005/11 oncesi kesik seri (TP.PBD.H23) ve haftalik/endeks varyantlari yerine guncel aylik ham stok secildi.,5.M3 (2005/12 sonrası),5.M3 (after 2005/12),bie_pbpanal2,AYLIK,bin TL,last,Bankalar,raw/TP_PBD_H17_2020-01-01_2026-06-30_request.json,b3414371b13c34abd6917401d993e4bca3ee57b35b2b55e4a5d1c2a637157121,raw/TP_PBD_H17_2020-01-01_2026-06-30_response.json.gz,67c32e83a29c0dade80ebc319b25a974ba36d964b3c04f21ed635b5843eff43c,observed,within_series_coverage,False,False
TP.PBD.H17,2021-09,2021-09-01,2021-09-30,2021-09,21,4112493558.0,4112493558.00000000,False,1630443600,money_supply_m3,TCMB aylik para arzi tablosundaki guncel (2005/12 sonrasi) M3 stok buyuklugunu izlemek; 2005/11 oncesi kesik seri (TP.PBD.H23) ve haftalik/endeks varyantlari yerine guncel aylik ham stok secildi.,5.M3 (2005/12 sonrası),5.M3 (after 2005/12),bie_pbpanal2,AYLIK,bin TL,last,Bankalar,raw/TP_PBD_H17_2020-01-01_2026-06-30_request.json,b3414371b13c34abd6917401d993e4bca3ee57b35b2b55e4a5d1c2a637157121,raw/TP_PBD_H17_2020-01-01_2026-06-30_response.json.gz,67c32e83a29c0dade80ebc319b25a974ba36d964b3c04f21ed635b5843eff43c,observed,within_series_coverage,False,False
TP.PBD.H17,2021-10,2021-10-01,2021-10-31,2021-10,22,4365787288.0,4365787288.00000000,False,1633035600,money_supply_m3,TCMB aylik para arzi tablosundaki guncel (2005/12 sonrasi) M3 stok buyuklugunu izlemek; 2005/11 oncesi kesik seri (TP.PBD.H23) ve haftalik/endeks varyantlari yerine guncel aylik ham stok secildi.,5.M3 (2005/12 sonrası),5.M3 (after 2005/12),bie_pbpanal2,AYLIK,bin TL,last,Bankalar,raw/TP_PBD_H17_2020-01-01_2026-06-30_request.json,b3414371b13c34abd6917401d993e4bca3ee57b35b2b55e4a5d1c2a637157121,raw/TP_PBD_H17_2020-01-01_2026-06-30_response.json.gz,67c32e83a29c0dade80ebc319b25a974ba36d964b3c04f21ed635b5843eff43c,observed,within_series_coverage,False,False
TP.PBD.H17,2021-11,2021-11-01,2021-11-30,2021-11,23,5158076672.0,5158076672.00000000,False,1635714000,money_supply_m3,TCMB aylik para arzi tablosundaki guncel (2005/12 sonrasi) M3 stok buyuklugunu izlemek; 2005/11 oncesi kesik seri (TP.PBD.H23) ve haftalik/endeks varyantlari yerine guncel aylik ham stok secildi.,5.M3 (2005/12 sonrası),5.M3 (after 2005/12),bie_pbpanal2,AYLIK,bin TL,last,Bankalar,raw/TP_PBD_H17_2020-01-01_2026-06-30_request.json,b3414371b13c34abd6917401d993e4bca3ee57b35b2b55e4a5d1c2a637157121,raw/TP_PBD_H17_2020-01-01_2026-06-30_response.json.gz,67c32e83a29c0dade80ebc319b25a974ba36d964b3c04f21ed635b5843eff43c,observed,within_series_coverage,False,False
TP.PBD.H17,2021-12,2021-12-01,2021-12-31,2021-12,24,5209545803.0,5209545803.00000000,False,1638306000,money_supply_m3,TCMB aylik para arzi tablosundaki guncel (2005/12 sonrasi) M3 stok buyuklugunu izlemek; 2005/11 oncesi kesik seri (TP.PBD.H23) ve haftalik/endeks varyantlari yerine guncel aylik ham stok secildi.,5.M3 (2005/12 sonrası),5.M3 (after 2005/12),bie_pbpanal2,AYLIK,bin TL,last,Bankalar,raw/TP_PBD_H17_2020-01-01_2026-06-30_request.json,b3414371b13c34abd6917401d993e4bca3ee57b35b2b55e4a5d1c2a637157121,raw/TP_PBD_H17_2020-01-01_2026-06-30_response.json.gz,67c32e83a29c0dade80ebc319b25a974ba36d964b3c04f21ed635b5843eff43c,observed,within_series_coverage,False,False
TP.PBD.H17,2022-01,2022-01-01,2022-01-31,2022-01,25,5235972901.0,5235972901.00000000,False,1640984400,money_supply_m3,TCMB aylik para arzi tablosundaki guncel (2005/12 sonrasi) M3 stok buyuklugunu izlemek; 2005/11 oncesi kesik seri (TP.PBD.H23) ve haftalik/endeks varyantlari yerine guncel aylik ham stok secildi.,5.M3 (2005/12 sonrası),5.M3 (after 2005/12),bie_pbpanal2,AYLIK,bin TL,last,Bankalar,raw/TP_PBD_H17_2020-01-01_2026-06-30_request.json,b3414371b13c34abd6917401d993e4bca3ee57b35b2b55e4a5d1c2a637157121,raw/TP_PBD_H17_2020-01-01_2026-06-30_response.json.gz,67c32e83a29c0dade80ebc319b25a974ba36d964b3c04f21ed635b5843eff43c,observed,within_series_coverage,False,False
TP.PBD.H17,2022-02,2022-02-01,2022-02-28,2022-02,26,5403380930.0,5403380930.00000000,False,1643662800,money_supply_m3,TCMB aylik para arzi tablosundaki guncel (2005/12 sonrasi) M3 stok buyuklugunu izlemek; 2005/11 oncesi kesik seri (TP.PBD.H23) ve haftalik/endeks varyantlari yerine guncel aylik ham stok secildi.,5.M3 (2005/12 sonrası),5.M3 (after 2005/12),bie_pbpanal2,AYLIK,bin TL,last,Bankalar,raw/TP_PBD_H17_2020-01-01_2026-06-30_request.json,b3414371b13c34abd6917401d993e4bca3ee57b35b2b55e4a5d1c2a637157121,raw/TP_PBD_H17_2020-01-01_2026-06-30_response.json.gz,67c32e83a29c0dade80ebc319b25a974ba36d964b3c04f21ed635b5843eff43c,observed,within_series_coverage,False,False
TP.PBD.H17,2022-03,2022-03-01,2022-03-31,2022-03,27,5796602081.0,5796602081.00000000,False,1646082000,money_supply_m3,TCMB aylik para arzi tablosundaki guncel (2005/12 sonrasi) M3 stok buyuklugunu izlemek; 2005/11 oncesi kesik seri (TP.PBD.H23) ve haftalik/endeks varyantlari yerine guncel aylik ham stok secildi.,5.M3 (2005/12 sonrası),5.M3 (after 2005/12),bie_pbpanal2,AYLIK,bin TL,last,Bankalar,raw/TP_PBD_H17_2020-01-01_2026-06-30_request.json,b3414371b13c34abd6917401d993e4bca3ee57b35b2b55e4a5d1c2a637157121,raw/TP_PBD_H17_2020-01-01_2026-06-30_response.json.gz,67c32e83a29c0dade80ebc319b25a974ba36d964b3c04f21ed635b5843eff43c,observed,within_series_coverage,False,False
TP.PBD.H17,2022-04,2022-04-01,2022-04-30,2022-04,28,5997344255.0,5997344255.00000000,False,1648760400,money_supply_m3,TCMB aylik para arzi tablosundaki guncel (2005/12 sonrasi) M3 stok buyuklugunu izlemek; 2005/11 oncesi kesik seri (TP.PBD.H23) ve haftalik/endeks varyantlari yerine guncel aylik ham stok secildi.,5.M3 (2005/12 sonrası),5.M3 (after 2005/12),bie_pbpanal2,AYLIK,bin TL,last,Bankalar,raw/TP_PBD_H17_2020-01-01_2026-06-30_request.json,b3414371b13c34abd6917401d993e4bca3ee57b35b2b55e4a5d1c2a637157121,raw/TP_PBD_H17_2020-01-01_2026-06-30_response.json.gz,67c32e83a29c0dade80ebc319b25a974ba36d964b3c04f21ed635b5843eff43c,observed,within_series_coverage,False,False
TP.PBD.H17,2022-05,2022-05-01,2022-05-31,2022-05,29,6379097762.0,6379097762.00000000,False,1651352400,money_supply_m3,TCMB aylik para arzi tablosundaki guncel (2005/12 sonrasi) M3 stok buyuklugunu izlemek; 2005/11 oncesi kesik seri (TP.PBD.H23) ve haftalik/endeks varyantlari yerine guncel aylik ham stok secildi.,5.M3 (2005/12 sonrası),5.M3 (after 2005/12),bie_pbpanal2,AYLIK,bin TL,last,Bankalar,raw/TP_PBD_H17_2020-01-01_2026-06-30_request.json,b3414371b13c34abd6917401d993e4bca3ee57b35b2b55e4a5d1c2a637157121,raw/TP_PBD_H17_2020-01-01_2026-06-30_response.json.gz,67c32e83a29c0dade80ebc319b25a974ba36d964b3c04f21ed635b5843eff43c,observed,within_series_coverage,False,False
TP.PBD.H17,2022-06,2022-06-01,2022-06-30,2022-06,30,6529719172.0,6529719172.00000000,False,1654030800,money_supply_m3,TCMB aylik para arzi tablosundaki guncel (2005/12 sonrasi) M3 stok buyuklugunu izlemek; 2005/11 oncesi kesik seri (TP.PBD.H23) ve haftalik/endeks varyantlari yerine guncel aylik ham stok secildi.,5.M3 (2005/12 sonrası),5.M3 (after 2005/12),bie_pbpanal2,AYLIK,bin TL,last,Bankalar,raw/TP_PBD_H17_2020-01-01_2026-06-30_request.json,b3414371b13c34abd6917401d993e4bca3ee57b35b2b55e4a5d1c2a637157121,raw/TP_PBD_H17_2020-01-01_2026-06-30_response.json.gz,67c32e83a29c0dade80ebc319b25a974ba36d964b3c04f21ed635b5843eff43c,observed,within_series_coverage,False,False
TP.PBD.H17,2022-07,2022-07-01,2022-07-31,2022-07,31,7064825208.0,7064825208.00000000,False,1656622800,money_supply_m3,TCMB aylik para arzi tablosundaki guncel (2005/12 sonrasi) M3 stok buyuklugunu izlemek; 2005/11 oncesi kesik seri (TP.PBD.H23) ve haftalik/endeks varyantlari yerine guncel aylik ham stok secildi.,5.M3 (2005/12 sonrası),5.M3 (after 2005/12),bie_pbpanal2,AYLIK,bin TL,last,Bankalar,raw/TP_PBD_H17_2020-01-01_2026-06-30_request.json,b3414371b13c34abd6917401d993e4bca3ee57b35b2b55e4a5d1c2a637157121,raw/TP_PBD_H17_2020-01-01_2026-06-30_response.json.gz,67c32e83a29c0dade80ebc319b25a974ba36d964b3c04f21ed635b5843eff43c,observed,within_series_coverage,False,False
TP.PBD.H17,2022-08,2022-08-01,2022-08-31,2022-08,32,7349937717.0,7349937717.00000000,False,1659301200,money_supply_m3,TCMB aylik para arzi tablosundaki guncel (2005/12 sonrasi) M3 stok buyuklugunu izlemek; 2005/11 oncesi kesik seri (TP.PBD.H23) ve haftalik/endeks varyantlari yerine guncel aylik ham stok secildi.,5.M3 (2005/12 sonrası),5.M3 (after 2005/12),bie_pbpanal2,AYLIK,bin TL,last,Bankalar,raw/TP_PBD_H17_2020-01-01_2026-06-30_request.json,b3414371b13c34abd6917401d993e4bca3ee57b35b2b55e4a5d1c2a637157121,raw/TP_PBD_H17_2020-01-01_2026-06-30_response.json.gz,67c32e83a29c0dade80ebc319b25a974ba36d964b3c04f21ed635b5843eff43c,observed,within_series_coverage,False,False
TP.PBD.H17,2022-09,2022-09-01,2022-09-30,2022-09,33,7603202723.0,7603202723.00000000,False,1661979600,money_supply_m3,TCMB aylik para arzi tablosundaki guncel (2005/12 sonrasi) M3 stok buyuklugunu izlemek; 2005/11 oncesi kesik seri (TP.PBD.H23) ve haftalik/endeks varyantlari yerine guncel aylik ham stok secildi.,5.M3 (2005/12 sonrası),5.M3 (after 2005/12),bie_pbpanal2,AYLIK,bin TL,last,Bankalar,raw/TP_PBD_H17_2020-01-01_2026-06-30_request.json,b3414371b13c34abd6917401d993e4bca3ee57b35b2b55e4a5d1c2a637157121,raw/TP_PBD_H17_2020-01-01_2026-06-30_response.json.gz,67c32e83a29c0dade80ebc319b25a974ba36d964b3c04f21ed635b5843eff43c,observed,within_series_coverage,False,False
TP.PBD.H17,2022-10,2022-10-01,2022-10-31,2022-10,34,7866893098.0,7866893098.00000000,False,1664571600,money_supply_m3,TCMB aylik para arzi tablosundaki guncel (2005/12 sonrasi) M3 stok buyuklugunu izlemek; 2005/11 oncesi kesik seri (TP.PBD.H23) ve haftalik/endeks varyantlari yerine guncel aylik ham stok secildi.,5.M3 (2005/12 sonrası),5.M3 (after 2005/12),bie_pbpanal2,AYLIK,bin TL,last,Bankalar,raw/TP_PBD_H17_2020-01-01_2026-06-30_request.json,b3414371b13c34abd6917401d993e4bca3ee57b35b2b55e4a5d1c2a637157121,raw/TP_PBD_H17_2020-01-01_2026-06-30_response.json.gz,67c32e83a29c0dade80ebc319b25a974ba36d964b3c04f21ed635b5843eff43c,observed,within_series_coverage,False,False
TP.PBD.H17,2022-11,2022-11-01,2022-11-30,2022-11,35,8053625056.0,8053625056.00000000,False,1667250000,money_supply_m3,TCMB aylik para arzi tablosundaki guncel (2005/12 sonrasi) M3 stok buyuklugunu izlemek; 2005/11 oncesi kesik seri (TP.PBD.H23) ve haftalik/endeks varyantlari yerine guncel aylik ham stok secildi.,5.M3 (2005/12 sonrası),5.M3 (after 2005/12),bie_pbpanal2,AYLIK,bin TL,last,Bankalar,raw/TP_PBD_H17_2020-01-01_2026-06-30_request.json,b3414371b13c34abd6917401d993e4bca3ee57b35b2b55e4a5d1c2a637157121,raw/TP_PBD_H17_2020-01-01_2026-06-30_response.json.gz,67c32e83a29c0dade80ebc319b25a974ba36d964b3c04f21ed635b5843eff43c,observed,within_series_coverage,False,False
TP.PBD.H17,2022-12,2022-12-01,2022-12-31,2022-12,36,8460684933.0,8460684933.00000000,False,1669842000,money_supply_m3,TCMB aylik para arzi tablosundaki guncel (2005/12 sonrasi) M3 stok buyuklugunu izlemek; 2005/11 oncesi kesik seri (TP.PBD.H23) ve haftalik/endeks varyantlari yerine guncel aylik ham stok secildi.,5.M3 (2005/12 sonrası),5.M3 (after 2005/12),bie_pbpanal2,AYLIK,bin TL,last,Bankalar,raw/TP_PBD_H17_2020-01-01_2026-06-30_request.json,b3414371b13c34abd6917401d993e4bca3ee57b35b2b55e4a5d1c2a637157121,raw/TP_PBD_H17_2020-01-01_2026-06-30_response.json.gz,67c32e83a29c0dade80ebc319b25a974ba36d964b3c04f21ed635b5843eff43c,observed,within_series_coverage,False,False
TP.PBD.H17,2023-01,2023-01-01,2023-01-31,2023-01,37,8669477111.0,8669477111.00000000,False,1672520400,money_supply_m3,TCMB aylik para arzi tablosundaki guncel (2005/12 sonrasi) M3 stok buyuklugunu izlemek; 2005/11 oncesi kesik seri (TP.PBD.H23) ve haftalik/endeks varyantlari yerine guncel aylik ham stok secildi.,5.M3 (2005/12 sonrası),5.M3 (after 2005/12),bie_pbpanal2,AYLIK,bin TL,last,Bankalar,raw/TP_PBD_H17_2020-01-01_2026-06-30_request.json,b3414371b13c34abd6917401d993e4bca3ee57b35b2b55e4a5d1c2a637157121,raw/TP_PBD_H17_2020-01-01_2026-06-30_response.json.gz,67c32e83a29c0dade80ebc319b25a974ba36d964b3c04f21ed635b5843eff43c,observed,within_series_coverage,False,False
TP.PBD.H17,2023-02,2023-02-01,2023-02-28,2023-02,38,8864728369.0,8864728369.00000000,False,1675198800,money_supply_m3,TCMB aylik para arzi tablosundaki guncel (2005/12 sonrasi) M3 stok buyuklugunu izlemek; 2005/11 oncesi kesik seri (TP.PBD.H23) ve haftalik/endeks varyantlari yerine guncel aylik ham stok secildi.,5.M3 (2005/12 sonrası),5.M3 (after 2005/12),bie_pbpanal2,AYLIK,bin TL,last,Bankalar,raw/TP_PBD_H17_2020-01-01_2026-06-30_request.json,b3414371b13c34abd6917401d993e4bca3ee57b35b2b55e4a5d1c2a637157121,raw/TP_PBD_H17_2020-01-01_2026-06-30_response.json.gz,67c32e83a29c0dade80ebc319b25a974ba36d964b3c04f21ed635b5843eff43c,observed,within_series_coverage,False,False
TP.PBD.H17,2023-03,2023-03-01,2023-03-31,2023-03,39,9285376613.0,9285376613.00000000,False,1677618000,money_supply_m3,TCMB aylik para arzi tablosundaki guncel (2005/12 sonrasi) M3 stok buyuklugunu izlemek; 2005/11 oncesi kesik seri (TP.PBD.H23) ve haftalik/endeks varyantlari yerine guncel aylik ham stok secildi.,5.M3 (2005/12 sonrası),5.M3 (after 2005/12),bie_pbpanal2,AYLIK,bin TL,last,Bankalar,raw/TP_PBD_H17_2020-01-01_2026-06-30_request.json,b3414371b13c34abd6917401d993e4bca3ee57b35b2b55e4a5d1c2a637157121,raw/TP_PBD_H17_2020-01-01_2026-06-30_response.json.gz,67c32e83a29c0dade80ebc319b25a974ba36d964b3c04f21ed635b5843eff43c,observed,within_series_coverage,False,False
TP.PBD.H17,2023-04,2023-04-01,2023-04-30,2023-04,40,9746466914.0,9746466914.00000000,False,1680296400,money_supply_m3,TCMB aylik para arzi tablosundaki guncel (2005/12 sonrasi) M3 stok buyuklugunu izlemek; 2005/11 oncesi kesik seri (TP.PBD.H23) ve haftalik/endeks varyantlari yerine guncel aylik ham stok secildi.,5.M3 (2005/12 sonrası),5.M3 (after 2005/12),bie_pbpanal2,AYLIK,bin TL,last,Bankalar,raw/TP_PBD_H17_2020-01-01_2026-06-30_request.json,b3414371b13c34abd6917401d993e4bca3ee57b35b2b55e4a5d1c2a637157121,raw/TP_PBD_H17_2020-01-01_2026-06-30_response.json.gz,67c32e83a29c0dade80ebc319b25a974ba36d964b3c04f21ed635b5843eff43c,observed,within_series_coverage,False,False
TP.PBD.H17,2023-05,2023-05-01,2023-05-31,2023-05,41,9700373043.0,9700373043.00000000,False,1682888400,money_supply_m3,TCMB aylik para arzi tablosundaki guncel (2005/12 sonrasi) M3 stok buyuklugunu izlemek; 2005/11 oncesi kesik seri (TP.PBD.H23) ve haftalik/endeks varyantlari yerine guncel aylik ham stok secildi.,5.M3 (2005/12 sonrası),5.M3 (after 2005/12),bie_pbpanal2,AYLIK,bin TL,last,Bankalar,raw/TP_PBD_H17_2020-01-01_2026-06-30_request.json,b3414371b13c34abd6917401d993e4bca3ee57b35b2b55e4a5d1c2a637157121,raw/TP_PBD_H17_2020-01-01_2026-06-30_response.json.gz,67c32e83a29c0dade80ebc319b25a974ba36d964b3c04f21ed635b5843eff43c,observed,within_series_coverage,False,False
TP.PBD.H17,2023-06,2023-06-01,2023-06-30,2023-06,42,11131819814.0,11131819814.00000000,False,1685566800,money_supply_m3,TCMB aylik para arzi tablosundaki guncel (2005/12 sonrasi) M3 stok buyuklugunu izlemek; 2005/11 oncesi kesik seri (TP.PBD.H23) ve haftalik/endeks varyantlari yerine guncel aylik ham stok secildi.,5.M3 (2005/12 sonrası),5.M3 (after 2005/12),bie_pbpanal2,AYLIK,bin TL,last,Bankalar,raw/TP_PBD_H17_2020-01-01_2026-06-30_request.json,b3414371b13c34abd6917401d993e4bca3ee57b35b2b55e4a5d1c2a637157121,raw/TP_PBD_H17_2020-01-01_2026-06-30_response.json.gz,67c32e83a29c0dade80ebc319b25a974ba36d964b3c04f21ed635b5843eff43c,observed,within_series_coverage,False,False
TP.PBD.H17,2023-07,2023-07-01,2023-07-31,2023-07,43,11779895431.0,11779895431.00000000,False,1688158800,money_supply_m3,TCMB aylik para arzi tablosundaki guncel (2005/12 sonrasi) M3 stok buyuklugunu izlemek; 2005/11 oncesi kesik seri (TP.PBD.H23) ve haftalik/endeks varyantlari yerine guncel aylik ham stok secildi.,5.M3 (2005/12 sonrası),5.M3 (after 2005/12),bie_pbpanal2,AYLIK,bin TL,last,Bankalar,raw/TP_PBD_H17_2020-01-01_2026-06-30_request.json,b3414371b13c34abd6917401d993e4bca3ee57b35b2b55e4a5d1c2a637157121,raw/TP_PBD_H17_2020-01-01_2026-06-30_response.json.gz,67c32e83a29c0dade80ebc319b25a974ba36d964b3c04f21ed635b5843eff43c,observed,within_series_coverage,False,False
TP.PBD.H17,2023-08,2023-08-01,2023-08-31,2023-08,44,12231040930.0,12231040930.00000000,False,1690837200,money_supply_m3,TCMB aylik para arzi tablosundaki guncel (2005/12 sonrasi) M3 stok buyuklugunu izlemek; 2005/11 oncesi kesik seri (TP.PBD.H23) ve haftalik/endeks varyantlari yerine guncel aylik ham stok secildi.,5.M3 (2005/12 sonrası),5.M3 (after 2005/12),bie_pbpanal2,AYLIK,bin TL,last,Bankalar,raw/TP_PBD_H17_2020-01-01_2026-06-30_request.json,b3414371b13c34abd6917401d993e4bca3ee57b35b2b55e4a5d1c2a637157121,raw/TP_PBD_H17_2020-01-01_2026-06-30_response.json.gz,67c32e83a29c0dade80ebc319b25a974ba36d964b3c04f21ed635b5843eff43c,observed,within_series_coverage,False,False
TP.PBD.H17,2023-09,2023-09-01,2023-09-30,2023-09,45,12660259691.0,12660259691.00000000,False,1693515600,money_supply_m3,TCMB aylik para arzi tablosundaki guncel (2005/12 sonrasi) M3 stok buyuklugunu izlemek; 2005/11 oncesi kesik seri (TP.PBD.H23) ve haftalik/endeks varyantlari yerine guncel aylik ham stok secildi.,5.M3 (2005/12 sonrası),5.M3 (after 2005/12),bie_pbpanal2,AYLIK,bin TL,last,Bankalar,raw/TP_PBD_H17_2020-01-01_2026-06-30_request.json,b3414371b13c34abd6917401d993e4bca3ee57b35b2b55e4a5d1c2a637157121,raw/TP_PBD_H17_2020-01-01_2026-06-30_response.json.gz,67c32e83a29c0dade80ebc319b25a974ba36d964b3c04f21ed635b5843eff43c,observed,within_series_coverage,False,False
TP.PBD.H17,2023-10,2023-10-01,2023-10-31,2023-10,46,13097974238.0,13097974238.00000000,False,1696107600,money_supply_m3,TCMB aylik para arzi tablosundaki guncel (2005/12 sonrasi) M3 stok buyuklugunu izlemek; 2005/11 oncesi kesik seri (TP.PBD.H23) ve haftalik/endeks varyantlari yerine guncel aylik ham stok secildi.,5.M3 (2005/12 sonrası),5.M3 (after 2005/12),bie_pbpanal2,AYLIK,bin TL,last,Bankalar,raw/TP_PBD_H17_2020-01-01_2026-06-30_request.json,b3414371b13c34abd6917401d993e4bca3ee57b35b2b55e4a5d1c2a637157121,raw/TP_PBD_H17_2020-01-01_2026-06-30_response.json.gz,67c32e83a29c0dade80ebc319b25a974ba36d964b3c04f21ed635b5843eff43c,observed,within_series_coverage,False,False
TP.PBD.H17,2023-11,2023-11-01,2023-11-30,2023-11,47,13388504649.0,13388504649.00000000,False,1698786000,money_supply_m3,TCMB aylik para arzi tablosundaki guncel (2005/12 sonrasi) M3 stok buyuklugunu izlemek; 2005/11 oncesi kesik seri (TP.PBD.H23) ve haftalik/endeks varyantlari yerine guncel aylik ham stok secildi.,5.M3 (2005/12 sonrası),5.M3 (after 2005/12),bie_pbpanal2,AYLIK,bin TL,last,Bankalar,raw/TP_PBD_H17_2020-01-01_2026-06-30_request.json,b3414371b13c34abd6917401d993e4bca3ee57b35b2b55e4a5d1c2a637157121,raw/TP_PBD_H17_2020-01-01_2026-06-30_response.json.gz,67c32e83a29c0dade80ebc319b25a974ba36d964b3c04f21ed635b5843eff43c,observed,within_series_coverage,False,False
TP.PBD.H17,2023-12,2023-12-01,2023-12-31,2023-12,48,14032110771.0,14032110771.00000000,False,1701378000,money_supply_m3,TCMB aylik para arzi tablosundaki guncel (2005/12 sonrasi) M3 stok buyuklugunu izlemek; 2005/11 oncesi kesik seri (TP.PBD.H23) ve haftalik/endeks varyantlari yerine guncel aylik ham stok secildi.,5.M3 (2005/12 sonrası),5.M3 (after 2005/12),bie_pbpanal2,AYLIK,bin TL,last,Bankalar,raw/TP_PBD_H17_2020-01-01_2026-06-30_request.json,b3414371b13c34abd6917401d993e4bca3ee57b35b2b55e4a5d1c2a637157121,raw/TP_PBD_H17_2020-01-01_2026-06-30_response.json.gz,67c32e83a29c0dade80ebc319b25a974ba36d964b3c04f21ed635b5843eff43c,observed,within_series_coverage,False,False
TP.PBD.H17,2024-01,2024-01-01,2024-01-31,2024-01,49,14170572337.0,14170572337.00000000,False,1704056400,money_supply_m3,TCMB aylik para arzi tablosundaki guncel (2005/12 sonrasi) M3 stok buyuklugunu izlemek; 2005/11 oncesi kesik seri (TP.PBD.H23) ve haftalik/endeks varyantlari yerine guncel aylik ham stok secildi.,5.M3 (2005/12 sonrası),5.M3 (after 2005/12),bie_pbpanal2,AYLIK,bin TL,last,Bankalar,raw/TP_PBD_H17_2020-01-01_2026-06-30_request.json,b3414371b13c34abd6917401d993e4bca3ee57b35b2b55e4a5d1c2a637157121,raw/TP_PBD_H17_2020-01-01_2026-06-30_response.json.gz,67c32e83a29c0dade80ebc319b25a974ba36d964b3c04f21ed635b5843eff43c,observed,within_series_coverage,False,False
TP.PBD.H17,2024-02,2024-02-01,2024-02-29,2024-02,50,14588406812.0,14588406812.00000000,False,1706734800,money_supply_m3,TCMB aylik para arzi tablosundaki guncel (2005/12 sonrasi) M3 stok buyuklugunu izlemek; 2005/11 oncesi kesik seri (TP.PBD.H23) ve haftalik/endeks varyantlari yerine guncel aylik ham stok secildi.,5.M3 (2005/12 sonrası),5.M3 (after 2005/12),bie_pbpanal2,AYLIK,bin TL,last,Bankalar,raw/TP_PBD_H17_2020-01-01_2026-06-30_request.json,b3414371b13c34abd6917401d993e4bca3ee57b35b2b55e4a5d1c2a637157121,raw/TP_PBD_H17_2020-01-01_2026-06-30_response.json.gz,67c32e83a29c0dade80ebc319b25a974ba36d964b3c04f21ed635b5843eff43c,observed,within_series_coverage,False,False
TP.PBD.H17,2024-03,2024-03-01,2024-03-31,2024-03,51,14983979333.0,14983979333.00000000,False,1709240400,money_supply_m3,TCMB aylik para arzi tablosundaki guncel (2005/12 sonrasi) M3 stok buyuklugunu izlemek; 2005/11 oncesi kesik seri (TP.PBD.H23) ve haftalik/endeks varyantlari yerine guncel aylik ham stok secildi.,5.M3 (2005/12 sonrası),5.M3 (after 2005/12),bie_pbpanal2,AYLIK,bin TL,last,Bankalar,raw/TP_PBD_H17_2020-01-01_2026-06-30_request.json,b3414371b13c34abd6917401d993e4bca3ee57b35b2b55e4a5d1c2a637157121,raw/TP_PBD_H17_2020-01-01_2026-06-30_response.json.gz,67c32e83a29c0dade80ebc319b25a974ba36d964b3c04f21ed635b5843eff43c,observed,within_series_coverage,False,False
TP.PBD.H17,2024-04,2024-04-01,2024-04-30,2024-04,52,15258074085.0,15258074085.00000000,False,1711918800,money_supply_m3,TCMB aylik para arzi tablosundaki guncel (2005/12 sonrasi) M3 stok buyuklugunu izlemek; 2005/11 oncesi kesik seri (TP.PBD.H23) ve haftalik/endeks varyantlari yerine guncel aylik ham stok secildi.,5.M3 (2005/12 sonrası),5.M3 (after 2005/12),bie_pbpanal2,AYLIK,bin TL,last,Bankalar,raw/TP_PBD_H17_2020-01-01_2026-06-30_request.json,b3414371b13c34abd6917401d993e4bca3ee57b35b2b55e4a5d1c2a637157121,raw/TP_PBD_H17_2020-01-01_2026-06-30_response.json.gz,67c32e83a29c0dade80ebc319b25a974ba36d964b3c04f21ed635b5843eff43c,observed,within_series_coverage,False,False
TP.PBD.H17,2024-05,2024-05-01,2024-05-31,2024-05,53,15763121325.0,15763121325.00000000,False,1714510800,money_supply_m3,TCMB aylik para arzi tablosundaki guncel (2005/12 sonrasi) M3 stok buyuklugunu izlemek; 2005/11 oncesi kesik seri (TP.PBD.H23) ve haftalik/endeks varyantlari yerine guncel aylik ham stok secildi.,5.M3 (2005/12 sonrası),5.M3 (after 2005/12),bie_pbpanal2,AYLIK,bin TL,last,Bankalar,raw/TP_PBD_H17_2020-01-01_2026-06-30_request.json,b3414371b13c34abd6917401d993e4bca3ee57b35b2b55e4a5d1c2a637157121,raw/TP_PBD_H17_2020-01-01_2026-06-30_response.json.gz,67c32e83a29c0dade80ebc319b25a974ba36d964b3c04f21ed635b5843eff43c,observed,within_series_coverage,False,False
TP.PBD.H17,2024-06,2024-06-01,2024-06-30,2024-06,54,16325989816.0,16325989816.00000000,False,1717189200,money_supply_m3,TCMB aylik para arzi tablosundaki guncel (2005/12 sonrasi) M3 stok buyuklugunu izlemek; 2005/11 oncesi kesik seri (TP.PBD.H23) ve haftalik/endeks varyantlari yerine guncel aylik ham stok secildi.,5.M3 (2005/12 sonrası),5.M3 (after 2005/12),bie_pbpanal2,AYLIK,bin TL,last,Bankalar,raw/TP_PBD_H17_2020-01-01_2026-06-30_request.json,b3414371b13c34abd6917401d993e4bca3ee57b35b2b55e4a5d1c2a637157121,raw/TP_PBD_H17_2020-01-01_2026-06-30_response.json.gz,67c32e83a29c0dade80ebc319b25a974ba36d964b3c04f21ed635b5843eff43c,observed,within_series_coverage,False,False
TP.PBD.H17,2024-07,2024-07-01,2024-07-31,2024-07,55,16934434314.0,16934434314.00000000,False,1719781200,money_supply_m3,TCMB aylik para arzi tablosundaki guncel (2005/12 sonrasi) M3 stok buyuklugunu izlemek; 2005/11 oncesi kesik seri (TP.PBD.H23) ve haftalik/endeks varyantlari yerine guncel aylik ham stok secildi.,5.M3 (2005/12 sonrası),5.M3 (after 2005/12),bie_pbpanal2,AYLIK,bin TL,last,Bankalar,raw/TP_PBD_H17_2020-01-01_2026-06-30_request.json,b3414371b13c34abd6917401d993e4bca3ee57b35b2b55e4a5d1c2a637157121,raw/TP_PBD_H17_2020-01-01_2026-06-30_response.json.gz,67c32e83a29c0dade80ebc319b25a974ba36d964b3c04f21ed635b5843eff43c,observed,within_series_coverage,False,False
TP.PBD.H17,2024-08,2024-08-01,2024-08-31,2024-08,56,17654053304.0,17654053304.00000000,False,1722459600,money_supply_m3,TCMB aylik para arzi tablosundaki guncel (2005/12 sonrasi) M3 stok buyuklugunu izlemek; 2005/11 oncesi kesik seri (TP.PBD.H23) ve haftalik/endeks varyantlari yerine guncel aylik ham stok secildi.,5.M3 (2005/12 sonrası),5.M3 (after 2005/12),bie_pbpanal2,AYLIK,bin TL,last,Bankalar,raw/TP_PBD_H17_2020-01-01_2026-06-30_request.json,b3414371b13c34abd6917401d993e4bca3ee57b35b2b55e4a5d1c2a637157121,raw/TP_PBD_H17_2020-01-01_2026-06-30_response.json.gz,67c32e83a29c0dade80ebc319b25a974ba36d964b3c04f21ed635b5843eff43c,observed,within_series_coverage,False,False
TP.PBD.H17,2024-09,2024-09-01,2024-09-30,2024-09,57,17982945524.0,17982945524.00000000,False,1725138000,money_supply_m3,TCMB aylik para arzi tablosundaki guncel (2005/12 sonrasi) M3 stok buyuklugunu izlemek; 2005/11 oncesi kesik seri (TP.PBD.H23) ve haftalik/endeks varyantlari yerine guncel aylik ham stok secildi.,5.M3 (2005/12 sonrası),5.M3 (after 2005/12),bie_pbpanal2,AYLIK,bin TL,last,Bankalar,raw/TP_PBD_H17_2020-01-01_2026-06-30_request.json,b3414371b13c34abd6917401d993e4bca3ee57b35b2b55e4a5d1c2a637157121,raw/TP_PBD_H17_2020-01-01_2026-06-30_response.json.gz,67c32e83a29c0dade80ebc319b25a974ba36d964b3c04f21ed635b5843eff43c,observed,within_series_coverage,False,False
TP.PBD.H17,2024-10,2024-10-01,2024-10-31,2024-10,58,18407760220.0,18407760220.00000000,False,1727730000,money_supply_m3,TCMB aylik para arzi tablosundaki guncel (2005/12 sonrasi) M3 stok buyuklugunu izlemek; 2005/11 oncesi kesik seri (TP.PBD.H23) ve haftalik/endeks varyantlari yerine guncel aylik ham stok secildi.,5.M3 (2005/12 sonrası),5.M3 (after 2005/12),bie_pbpanal2,AYLIK,bin TL,last,Bankalar,raw/TP_PBD_H17_2020-01-01_2026-06-30_request.json,b3414371b13c34abd6917401d993e4bca3ee57b35b2b55e4a5d1c2a637157121,raw/TP_PBD_H17_2020-01-01_2026-06-30_response.json.gz,67c32e83a29c0dade80ebc319b25a974ba36d964b3c04f21ed635b5843eff43c,observed,within_series_coverage,False,False
TP.PBD.H17,2024-11,2024-11-01,2024-11-30,2024-11,59,18773387926.0,18773387926.00000000,False,1730408400,money_supply_m3,TCMB aylik para arzi tablosundaki guncel (2005/12 sonrasi) M3 stok buyuklugunu izlemek; 2005/11 oncesi kesik seri (TP.PBD.H23) ve haftalik/endeks varyantlari yerine guncel aylik ham stok secildi.,5.M3 (2005/12 sonrası),5.M3 (after 2005/12),bie_pbpanal2,AYLIK,bin TL,last,Bankalar,raw/TP_PBD_H17_2020-01-01_2026-06-30_request.json,b3414371b13c34abd6917401d993e4bca3ee57b35b2b55e4a5d1c2a637157121,raw/TP_PBD_H17_2020-01-01_2026-06-30_response.json.gz,67c32e83a29c0dade80ebc319b25a974ba36d964b3c04f21ed635b5843eff43c,observed,within_series_coverage,False,False
TP.PBD.H17,2024-12,2024-12-01,2024-12-31,2024-12,60,19415599225.0,19415599225.00000000,False,1733000400,money_supply_m3,TCMB aylik para arzi tablosundaki guncel (2005/12 sonrasi) M3 stok buyuklugunu izlemek; 2005/11 oncesi kesik seri (TP.PBD.H23) ve haftalik/endeks varyantlari yerine guncel aylik ham stok secildi.,5.M3 (2005/12 sonrası),5.M3 (after 2005/12),bie_pbpanal2,AYLIK,bin TL,last,Bankalar,raw/TP_PBD_H17_2020-01-01_2026-06-30_request.json,b3414371b13c34abd6917401d993e4bca3ee57b35b2b55e4a5d1c2a637157121,raw/TP_PBD_H17_2020-01-01_2026-06-30_response.json.gz,67c32e83a29c0dade80ebc319b25a974ba36d964b3c04f21ed635b5843eff43c,observed,within_series_coverage,False,False
TP.PBD.H17,2025-01,2025-01-01,2025-01-31,2025-01,61,19945293181.0,19945293181.00000000,False,1735678800,money_supply_m3,TCMB aylik para arzi tablosundaki guncel (2005/12 sonrasi) M3 stok buyuklugunu izlemek; 2005/11 oncesi kesik seri (TP.PBD.H23) ve haftalik/endeks varyantlari yerine guncel aylik ham stok secildi.,5.M3 (2005/12 sonrası),5.M3 (after 2005/12),bie_pbpanal2,AYLIK,bin TL,last,Bankalar,raw/TP_PBD_H17_2020-01-01_2026-06-30_request.json,b3414371b13c34abd6917401d993e4bca3ee57b35b2b55e4a5d1c2a637157121,raw/TP_PBD_H17_2020-01-01_2026-06-30_response.json.gz,67c32e83a29c0dade80ebc319b25a974ba36d964b3c04f21ed635b5843eff43c,observed,within_series_coverage,False,False
TP.PBD.H17,2025-02,2025-02-01,2025-02-28,2025-02,62,20612722902.0,20612722902.00000000,False,1738357200,money_supply_m3,TCMB aylik para arzi tablosundaki guncel (2005/12 sonrasi) M3 stok buyuklugunu izlemek; 2005/11 oncesi kesik seri (TP.PBD.H23) ve haftalik/endeks varyantlari yerine guncel aylik ham stok secildi.,5.M3 (2005/12 sonrası),5.M3 (after 2005/12),bie_pbpanal2,AYLIK,bin TL,last,Bankalar,raw/TP_PBD_H17_2020-01-01_2026-06-30_request.json,b3414371b13c34abd6917401d993e4bca3ee57b35b2b55e4a5d1c2a637157121,raw/TP_PBD_H17_2020-01-01_2026-06-30_response.json.gz,67c32e83a29c0dade80ebc319b25a974ba36d964b3c04f21ed635b5843eff43c,observed,within_series_coverage,False,False
TP.PBD.H17,2025-03,2025-03-01,2025-03-31,2025-03,63,21569453965.0,21569453965.00000000,False,1740776400,money_supply_m3,TCMB aylik para arzi tablosundaki guncel (2005/12 sonrasi) M3 stok buyuklugunu izlemek; 2005/11 oncesi kesik seri (TP.PBD.H23) ve haftalik/endeks varyantlari yerine guncel aylik ham stok secildi.,5.M3 (2005/12 sonrası),5.M3 (after 2005/12),bie_pbpanal2,AYLIK,bin TL,last,Bankalar,raw/TP_PBD_H17_2020-01-01_2026-06-30_request.json,b3414371b13c34abd6917401d993e4bca3ee57b35b2b55e4a5d1c2a637157121,raw/TP_PBD_H17_2020-01-01_2026-06-30_response.json.gz,67c32e83a29c0dade80ebc319b25a974ba36d964b3c04f21ed635b5843eff43c,observed,within_series_coverage,False,False
TP.PBD.H17,2025-04,2025-04-01,2025-04-30,2025-04,64,22030668707.0,22030668707.00000000,False,1743454800,money_supply_m3,TCMB aylik para arzi tablosundaki guncel (2005/12 sonrasi) M3 stok buyuklugunu izlemek; 2005/11 oncesi kesik seri (TP.PBD.H23) ve haftalik/endeks varyantlari yerine guncel aylik ham stok secildi.,5.M3 (2005/12 sonrası),5.M3 (after 2005/12),bie_pbpanal2,AYLIK,bin TL,last,Bankalar,raw/TP_PBD_H17_2020-01-01_2026-06-30_request.json,b3414371b13c34abd6917401d993e4bca3ee57b35b2b55e4a5d1c2a637157121,raw/TP_PBD_H17_2020-01-01_2026-06-30_response.json.gz,67c32e83a29c0dade80ebc319b25a974ba36d964b3c04f21ed635b5843eff43c,observed,within_series_coverage,False,False
TP.PBD.H17,2025-05,2025-05-01,2025-05-31,2025-05,65,22592936233.0,22592936233.00000000,False,1746046800,money_supply_m3,TCMB aylik para arzi tablosundaki guncel (2005/12 sonrasi) M3 stok buyuklugunu izlemek; 2005/11 oncesi kesik seri (TP.PBD.H23) ve haftalik/endeks varyantlari yerine guncel aylik ham stok secildi.,5.M3 (2005/12 sonrası),5.M3 (after 2005/12),bie_pbpanal2,AYLIK,bin TL,last,Bankalar,raw/TP_PBD_H17_2020-01-01_2026-06-30_request.json,b3414371b13c34abd6917401d993e4bca3ee57b35b2b55e4a5d1c2a637157121,raw/TP_PBD_H17_2020-01-01_2026-06-30_response.json.gz,67c32e83a29c0dade80ebc319b25a974ba36d964b3c04f21ed635b5843eff43c,observed,within_series_coverage,False,False
TP.PBD.H17,2025-06,2025-06-01,2025-06-30,2025-06,66,23151135319.0,23151135319.00000000,False,1748725200,money_supply_m3,TCMB aylik para arzi tablosundaki guncel (2005/12 sonrasi) M3 stok buyuklugunu izlemek; 2005/11 oncesi kesik seri (TP.PBD.H23) ve haftalik/endeks varyantlari yerine guncel aylik ham stok secildi.,5.M3 (2005/12 sonrası),5.M3 (after 2005/12),bie_pbpanal2,AYLIK,bin TL,last,Bankalar,raw/TP_PBD_H17_2020-01-01_2026-06-30_request.json,b3414371b13c34abd6917401d993e4bca3ee57b35b2b55e4a5d1c2a637157121,raw/TP_PBD_H17_2020-01-01_2026-06-30_response.json.gz,67c32e83a29c0dade80ebc319b25a974ba36d964b3c04f21ed635b5843eff43c,observed,within_series_coverage,False,False
TP.PBD.H17,2025-07,2025-07-01,2025-07-31,2025-07,67,23967449873.0,23967449873.00000000,False,1751317200,money_supply_m3,TCMB aylik para arzi tablosundaki guncel (2005/12 sonrasi) M3 stok buyuklugunu izlemek; 2005/11 oncesi kesik seri (TP.PBD.H23) ve haftalik/endeks varyantlari yerine guncel aylik ham stok secildi.,5.M3 (2005/12 sonrası),5.M3 (after 2005/12),bie_pbpanal2,AYLIK,bin TL,last,Bankalar,raw/TP_PBD_H17_2020-01-01_2026-06-30_request.json,b3414371b13c34abd6917401d993e4bca3ee57b35b2b55e4a5d1c2a637157121,raw/TP_PBD_H17_2020-01-01_2026-06-30_response.json.gz,67c32e83a29c0dade80ebc319b25a974ba36d964b3c04f21ed635b5843eff43c,observed,within_series_coverage,False,False
TP.PBD.H17,2025-08,2025-08-01,2025-08-31,2025-08,68,24572314067.0,24572314067.00000000,False,1753995600,money_supply_m3,TCMB aylik para arzi tablosundaki guncel (2005/12 sonrasi) M3 stok buyuklugunu izlemek; 2005/11 oncesi kesik seri (TP.PBD.H23) ve haftalik/endeks varyantlari yerine guncel aylik ham stok secildi.,5.M3 (2005/12 sonrası),5.M3 (after 2005/12),bie_pbpanal2,AYLIK,bin TL,last,Bankalar,raw/TP_PBD_H17_2020-01-01_2026-06-30_request.json,b3414371b13c34abd6917401d993e4bca3ee57b35b2b55e4a5d1c2a637157121,raw/TP_PBD_H17_2020-01-01_2026-06-30_response.json.gz,67c32e83a29c0dade80ebc319b25a974ba36d964b3c04f21ed635b5843eff43c,observed,within_series_coverage,False,False
TP.PBD.H17,2025-09,2025-09-01,2025-09-30,2025-09,69,25215533557.0,25215533557.00000000,False,1756674000,money_supply_m3,TCMB aylik para arzi tablosundaki guncel (2005/12 sonrasi) M3 stok buyuklugunu izlemek; 2005/11 oncesi kesik seri (TP.PBD.H23) ve haftalik/endeks varyantlari yerine guncel aylik ham stok secildi.,5.M3 (2005/12 sonrası),5.M3 (after 2005/12),bie_pbpanal2,AYLIK,bin TL,last,Bankalar,raw/TP_PBD_H17_2020-01-01_2026-06-30_request.json,b3414371b13c34abd6917401d993e4bca3ee57b35b2b55e4a5d1c2a637157121,raw/TP_PBD_H17_2020-01-01_2026-06-30_response.json.gz,67c32e83a29c0dade80ebc319b25a974ba36d964b3c04f21ed635b5843eff43c,observed,within_series_coverage,False,False
TP.PBD.H17,2025-10,2025-10-01,2025-10-31,2025-10,70,25713390149.0,25713390149.00000000,False,1759266000,money_supply_m3,TCMB aylik para arzi tablosundaki guncel (2005/12 sonrasi) M3 stok buyuklugunu izlemek; 2005/11 oncesi kesik seri (TP.PBD.H23) ve haftalik/endeks varyantlari yerine guncel aylik ham stok secildi.,5.M3 (2005/12 sonrası),5.M3 (after 2005/12),bie_pbpanal2,AYLIK,bin TL,last,Bankalar,raw/TP_PBD_H17_2020-01-01_2026-06-30_request.json,b3414371b13c34abd6917401d993e4bca3ee57b35b2b55e4a5d1c2a637157121,raw/TP_PBD_H17_2020-01-01_2026-06-30_response.json.gz,67c32e83a29c0dade80ebc319b25a974ba36d964b3c04f21ed635b5843eff43c,observed,within_series_coverage,False,False
TP.PBD.H17,2025-11,2025-11-01,2025-11-30,2025-11,71,26096780459.0,26096780459.00000000,False,1761944400,money_supply_m3,TCMB aylik para arzi tablosundaki guncel (2005/12 sonrasi) M3 stok buyuklugunu izlemek; 2005/11 oncesi kesik seri (TP.PBD.H23) ve haftalik/endeks varyantlari yerine guncel aylik ham stok secildi.,5.M3 (2005/12 sonrası),5.M3 (after 2005/12),bie_pbpanal2,AYLIK,bin TL,last,Bankalar,raw/TP_PBD_H17_2020-01-01_2026-06-30_request.json,b3414371b13c34abd6917401d993e4bca3ee57b35b2b55e4a5d1c2a637157121,raw/TP_PBD_H17_2020-01-01_2026-06-30_response.json.gz,67c32e83a29c0dade80ebc319b25a974ba36d964b3c04f21ed635b5843eff43c,observed,within_series_coverage,False,False
TP.PBD.H17,2025-12,2025-12-01,2025-12-31,2025-12,72,27197179125.0,27197179125.00000000,False,1764536400,money_supply_m3,TCMB aylik para arzi tablosundaki guncel (2005/12 sonrasi) M3 stok buyuklugunu izlemek; 2005/11 oncesi kesik seri (TP.PBD.H23) ve haftalik/endeks varyantlari yerine guncel aylik ham stok secildi.,5.M3 (2005/12 sonrası),5.M3 (after 2005/12),bie_pbpanal2,AYLIK,bin TL,last,Bankalar,raw/TP_PBD_H17_2020-01-01_2026-06-30_request.json,b3414371b13c34abd6917401d993e4bca3ee57b35b2b55e4a5d1c2a637157121,raw/TP_PBD_H17_2020-01-01_2026-06-30_response.json.gz,67c32e83a29c0dade80ebc319b25a974ba36d964b3c04f21ed635b5843eff43c,observed,within_series_coverage,False,False
TP.PBD.H17,2026-01,2026-01-01,2026-01-31,2026-01,73,28144311083.0,28144311083.00000000,False,1767214800,money_supply_m3,TCMB aylik para arzi tablosundaki guncel (2005/12 sonrasi) M3 stok buyuklugunu izlemek; 2005/11 oncesi kesik seri (TP.PBD.H23) ve haftalik/endeks varyantlari yerine guncel aylik ham stok secildi.,5.M3 (2005/12 sonrası),5.M3 (after 2005/12),bie_pbpanal2,AYLIK,bin TL,last,Bankalar,raw/TP_PBD_H17_2020-01-01_2026-06-30_request.json,b3414371b13c34abd6917401d993e4bca3ee57b35b2b55e4a5d1c2a637157121,raw/TP_PBD_H17_2020-01-01_2026-06-30_response.json.gz,67c32e83a29c0dade80ebc319b25a974ba36d964b3c04f21ed635b5843eff43c,observed,within_series_coverage,False,False
TP.PBD.H17,2026-02,2026-02-01,2026-02-28,2026-02,74,28589981380.0,28589981380.00000000,False,1769893200,money_supply_m3,TCMB aylik para arzi tablosundaki guncel (2005/12 sonrasi) M3 stok buyuklugunu izlemek; 2005/11 oncesi kesik seri (TP.PBD.H23) ve haftalik/endeks varyantlari yerine guncel aylik ham stok secildi.,5.M3 (2005/12 sonrası),5.M3 (after 2005/12),bie_pbpanal2,AYLIK,bin TL,last,Bankalar,raw/TP_PBD_H17_2020-01-01_2026-06-30_request.json,b3414371b13c34abd6917401d993e4bca3ee57b35b2b55e4a5d1c2a637157121,raw/TP_PBD_H17_2020-01-01_2026-06-30_response.json.gz,67c32e83a29c0dade80ebc319b25a974ba36d964b3c04f21ed635b5843eff43c,observed,within_series_coverage,False,False
TP.PBD.H17,2026-03,2026-03-01,2026-03-31,2026-03,75,28024250107.0,28024250107.00000000,False,1772312400,money_supply_m3,TCMB aylik para arzi tablosundaki guncel (2005/12 sonrasi) M3 stok buyuklugunu izlemek; 2005/11 oncesi kesik seri (TP.PBD.H23) ve haftalik/endeks varyantlari yerine guncel aylik ham stok secildi.,5.M3 (2005/12 sonrası),5.M3 (after 2005/12),bie_pbpanal2,AYLIK,bin TL,last,Bankalar,raw/TP_PBD_H17_2020-01-01_2026-06-30_request.json,b3414371b13c34abd6917401d993e4bca3ee57b35b2b55e4a5d1c2a637157121,raw/TP_PBD_H17_2020-01-01_2026-06-30_response.json.gz,67c32e83a29c0dade80ebc319b25a974ba36d964b3c04f21ed635b5843eff43c,observed,within_series_coverage,False,False
TP.PBD.H17,2026-04,2026-04-01,2026-04-30,2026-04,76,29129440187.0,29129440187.00000000,False,1774990800,money_supply_m3,TCMB aylik para arzi tablosundaki guncel (2005/12 sonrasi) M3 stok buyuklugunu izlemek; 2005/11 oncesi kesik seri (TP.PBD.H23) ve haftalik/endeks varyantlari yerine guncel aylik ham stok secildi.,5.M3 (2005/12 sonrası),5.M3 (after 2005/12),bie_pbpanal2,AYLIK,bin TL,last,Bankalar,raw/TP_PBD_H17_2020-01-01_2026-06-30_request.json,b3414371b13c34abd6917401d993e4bca3ee57b35b2b55e4a5d1c2a637157121,raw/TP_PBD_H17_2020-01-01_2026-06-30_response.json.gz,67c32e83a29c0dade80ebc319b25a974ba36d964b3c04f21ed635b5843eff43c,observed,within_series_coverage,False,False
TP.PBD.H17,2026-05,2026-05-01,2026-05-31,2026-05,77,29802232587.0,29802232587.00000000,False,1777582800,money_supply_m3,TCMB aylik para arzi tablosundaki guncel (2005/12 sonrasi) M3 stok buyuklugunu izlemek; 2005/11 oncesi kesik seri (TP.PBD.H23) ve haftalik/endeks varyantlari yerine guncel aylik ham stok secildi.,5.M3 (2005/12 sonrası),5.M3 (after 2005/12),bie_pbpanal2,AYLIK,bin TL,last,Bankalar,raw/TP_PBD_H17_2020-01-01_2026-06-30_request.json,b3414371b13c34abd6917401d993e4bca3ee57b35b2b55e4a5d1c2a637157121,raw/TP_PBD_H17_2020-01-01_2026-06-30_response.json.gz,67c32e83a29c0dade80ebc319b25a974ba36d964b3c04f21ed635b5843eff43c,observed,within_series_coverage,False,False
TP.PBD.H17,2026-06,2026-06-01,2026-06-30,2026-06,78,30098494181.0,30098494181.00000000,False,1780261200,money_supply_m3,TCMB aylik para arzi tablosundaki guncel (2005/12 sonrasi) M3 stok buyuklugunu izlemek; 2005/11 oncesi kesik seri (TP.PBD.H23) ve haftalik/endeks varyantlari yerine guncel aylik ham stok secildi.,5.M3 (2005/12 sonrası),5.M3 (after 2005/12),bie_pbpanal2,AYLIK,bin TL,last,Bankalar,raw/TP_PBD_H17_2020-01-01_2026-06-30_request.json,b3414371b13c34abd6917401d993e4bca3ee57b35b2b55e4a5d1c2a637157121,raw/TP_PBD_H17_2020-01-01_2026-06-30_response.json.gz,67c32e83a29c0dade80ebc319b25a974ba36d964b3c04f21ed635b5843eff43c,observed,within_series_coverage,False,False
TP.TARIMUFE01,2020-01,2020-01-01,2020-01-31,2020-01,1,91.55,91.55000000,False,1577833200,agri_ppi,"TUIK Tarim Urunleri Ureticileri Fiyat Endeksi'nin genel (Tarim, Ormancilik ve Balikcilik) ana endeksini izlemek; alt bilesenler (avcilik, ormancilik, balikcilik) yerine toplam endeks secildi.","Tarım, Ormancılık ve Balıkçılık","Agriculture, Forestry and Fishing",bie_tarimufe,AYLIK,2020=100,avg,TÜİK,raw/TP_TARIMUFE01_2020-01-01_2026-06-30_request.json,a143395742bf973c8692455c7301eebf77ccf794985cd58022b81d88863934de,raw/TP_TARIMUFE01_2020-01-01_2026-06-30_response.json.gz,415ef5c35255d100095942f8d45d0cc683f1e273e65cbba440014777b2a93cba,observed,within_series_coverage,False,False
TP.TARIMUFE01,2020-02,2020-02-01,2020-02-29,2020-02,2,95.1,95.10000000,False,1580511600,agri_ppi,"TUIK Tarim Urunleri Ureticileri Fiyat Endeksi'nin genel (Tarim, Ormancilik ve Balikcilik) ana endeksini izlemek; alt bilesenler (avcilik, ormancilik, balikcilik) yerine toplam endeks secildi.","Tarım, Ormancılık ve Balıkçılık","Agriculture, Forestry and Fishing",bie_tarimufe,AYLIK,2020=100,avg,TÜİK,raw/TP_TARIMUFE01_2020-01-01_2026-06-30_request.json,a143395742bf973c8692455c7301eebf77ccf794985cd58022b81d88863934de,raw/TP_TARIMUFE01_2020-01-01_2026-06-30_response.json.gz,415ef5c35255d100095942f8d45d0cc683f1e273e65cbba440014777b2a93cba,observed,within_series_coverage,False,False
TP.TARIMUFE01,2020-03,2020-03-01,2020-03-31,2020-03,3,96.75,96.75000000,False,1583017200,agri_ppi,"TUIK Tarim Urunleri Ureticileri Fiyat Endeksi'nin genel (Tarim, Ormancilik ve Balikcilik) ana endeksini izlemek; alt bilesenler (avcilik, ormancilik, balikcilik) yerine toplam endeks secildi.","Tarım, Ormancılık ve Balıkçılık","Agriculture, Forestry and Fishing",bie_tarimufe,AYLIK,2020=100,avg,TÜİK,raw/TP_TARIMUFE01_2020-01-01_2026-06-30_request.json,a143395742bf973c8692455c7301eebf77ccf794985cd58022b81d88863934de,raw/TP_TARIMUFE01_2020-01-01_2026-06-30_response.json.gz,415ef5c35255d100095942f8d45d0cc683f1e273e65cbba440014777b2a93cba,observed,within_series_coverage,False,False
TP.TARIMUFE01,2020-04,2020-04-01,2020-04-30,2020-04,4,98.0,98.00000000,False,1585692000,agri_ppi,"TUIK Tarim Urunleri Ureticileri Fiyat Endeksi'nin genel (Tarim, Ormancilik ve Balikcilik) ana endeksini izlemek; alt bilesenler (avcilik, ormancilik, balikcilik) yerine toplam endeks secildi.","Tarım, Ormancılık ve Balıkçılık","Agriculture, Forestry and Fishing",bie_tarimufe,AYLIK,2020=100,avg,TÜİK,raw/TP_TARIMUFE01_2020-01-01_2026-06-30_request.json,a143395742bf973c8692455c7301eebf77ccf794985cd58022b81d88863934de,raw/TP_TARIMUFE01_2020-01-01_2026-06-30_response.json.gz,415ef5c35255d100095942f8d45d0cc683f1e273e65cbba440014777b2a93cba,observed,within_series_coverage,False,False
TP.TARIMUFE01,2020-05,2020-05-01,2020-05-31,2020-05,5,97.53,97.53000000,False,1588284000,agri_ppi,"TUIK Tarim Urunleri Ureticileri Fiyat Endeksi'nin genel (Tarim, Ormancilik ve Balikcilik) ana endeksini izlemek; alt bilesenler (avcilik, ormancilik, balikcilik) yerine toplam endeks secildi.","Tarım, Ormancılık ve Balıkçılık","Agriculture, Forestry and Fishing",bie_tarimufe,AYLIK,2020=100,avg,TÜİK,raw/TP_TARIMUFE01_2020-01-01_2026-06-30_request.json,a143395742bf973c8692455c7301eebf77ccf794985cd58022b81d88863934de,raw/TP_TARIMUFE01_2020-01-01_2026-06-30_response.json.gz,415ef5c35255d100095942f8d45d0cc683f1e273e65cbba440014777b2a93cba,observed,within_series_coverage,False,False
TP.TARIMUFE01,2020-06,2020-06-01,2020-06-30,2020-06,6,98.29,98.29000000,False,1590962400,agri_ppi,"TUIK Tarim Urunleri Ureticileri Fiyat Endeksi'nin genel (Tarim, Ormancilik ve Balikcilik) ana endeksini izlemek; alt bilesenler (avcilik, ormancilik, balikcilik) yerine toplam endeks secildi.","Tarım, Ormancılık ve Balıkçılık","Agriculture, Forestry and Fishing",bie_tarimufe,AYLIK,2020=100,avg,TÜİK,raw/TP_TARIMUFE01_2020-01-01_2026-06-30_request.json,a143395742bf973c8692455c7301eebf77ccf794985cd58022b81d88863934de,raw/TP_TARIMUFE01_2020-01-01_2026-06-30_response.json.gz,415ef5c35255d100095942f8d45d0cc683f1e273e65cbba440014777b2a93cba,observed,within_series_coverage,False,False
TP.TARIMUFE01,2020-07,2020-07-01,2020-07-31,2020-07,7,96.65,96.65000000,False,1593554400,agri_ppi,"TUIK Tarim Urunleri Ureticileri Fiyat Endeksi'nin genel (Tarim, Ormancilik ve Balikcilik) ana endeksini izlemek; alt bilesenler (avcilik, ormancilik, balikcilik) yerine toplam endeks secildi.","Tarım, Ormancılık ve Balıkçılık","Agriculture, Forestry and Fishing",bie_tarimufe,AYLIK,2020=100,avg,TÜİK,raw/TP_TARIMUFE01_2020-01-01_2026-06-30_request.json,a143395742bf973c8692455c7301eebf77ccf794985cd58022b81d88863934de,raw/TP_TARIMUFE01_2020-01-01_2026-06-30_response.json.gz,415ef5c35255d100095942f8d45d0cc683f1e273e65cbba440014777b2a93cba,observed,within_series_coverage,False,False
TP.TARIMUFE01,2020-08,2020-08-01,2020-08-31,2020-08,8,95.92,95.92000000,False,1596232800,agri_ppi,"TUIK Tarim Urunleri Ureticileri Fiyat Endeksi'nin genel (Tarim, Ormancilik ve Balikcilik) ana endeksini izlemek; alt bilesenler (avcilik, ormancilik, balikcilik) yerine toplam endeks secildi.","Tarım, Ormancılık ve Balıkçılık","Agriculture, Forestry and Fishing",bie_tarimufe,AYLIK,2020=100,avg,TÜİK,raw/TP_TARIMUFE01_2020-01-01_2026-06-30_request.json,a143395742bf973c8692455c7301eebf77ccf794985cd58022b81d88863934de,raw/TP_TARIMUFE01_2020-01-01_2026-06-30_response.json.gz,415ef5c35255d100095942f8d45d0cc683f1e273e65cbba440014777b2a93cba,observed,within_series_coverage,False,False
TP.TARIMUFE01,2020-09,2020-09-01,2020-09-30,2020-09,9,97.2,97.20000000,False,1598911200,agri_ppi,"TUIK Tarim Urunleri Ureticileri Fiyat Endeksi'nin genel (Tarim, Ormancilik ve Balikcilik) ana endeksini izlemek; alt bilesenler (avcilik, ormancilik, balikcilik) yerine toplam endeks secildi.","Tarım, Ormancılık ve Balıkçılık","Agriculture, Forestry and Fishing",bie_tarimufe,AYLIK,2020=100,avg,TÜİK,raw/TP_TARIMUFE01_2020-01-01_2026-06-30_request.json,a143395742bf973c8692455c7301eebf77ccf794985cd58022b81d88863934de,raw/TP_TARIMUFE01_2020-01-01_2026-06-30_response.json.gz,415ef5c35255d100095942f8d45d0cc683f1e273e65cbba440014777b2a93cba,observed,within_series_coverage,False,False
TP.TARIMUFE01,2020-10,2020-10-01,2020-10-31,2020-10,10,103.41,103.41000000,False,1601503200,agri_ppi,"TUIK Tarim Urunleri Ureticileri Fiyat Endeksi'nin genel (Tarim, Ormancilik ve Balikcilik) ana endeksini izlemek; alt bilesenler (avcilik, ormancilik, balikcilik) yerine toplam endeks secildi.","Tarım, Ormancılık ve Balıkçılık","Agriculture, Forestry and Fishing",bie_tarimufe,AYLIK,2020=100,avg,TÜİK,raw/TP_TARIMUFE01_2020-01-01_2026-06-30_request.json,a143395742bf973c8692455c7301eebf77ccf794985cd58022b81d88863934de,raw/TP_TARIMUFE01_2020-01-01_2026-06-30_response.json.gz,415ef5c35255d100095942f8d45d0cc683f1e273e65cbba440014777b2a93cba,observed,within_series_coverage,False,False
TP.TARIMUFE01,2020-11,2020-11-01,2020-11-30,2020-11,11,108.57,108.57000000,False,1604185200,agri_ppi,"TUIK Tarim Urunleri Ureticileri Fiyat Endeksi'nin genel (Tarim, Ormancilik ve Balikcilik) ana endeksini izlemek; alt bilesenler (avcilik, ormancilik, balikcilik) yerine toplam endeks secildi.","Tarım, Ormancılık ve Balıkçılık","Agriculture, Forestry and Fishing",bie_tarimufe,AYLIK,2020=100,avg,TÜİK,raw/TP_TARIMUFE01_2020-01-01_2026-06-30_request.json,a143395742bf973c8692455c7301eebf77ccf794985cd58022b81d88863934de,raw/TP_TARIMUFE01_2020-01-01_2026-06-30_response.json.gz,415ef5c35255d100095942f8d45d0cc683f1e273e65cbba440014777b2a93cba,observed,within_series_coverage,False,False
TP.TARIMUFE01,2020-12,2020-12-01,2020-12-31,2020-12,12,110.78,110.78000000,False,1606777200,agri_ppi,"TUIK Tarim Urunleri Ureticileri Fiyat Endeksi'nin genel (Tarim, Ormancilik ve Balikcilik) ana endeksini izlemek; alt bilesenler (avcilik, ormancilik, balikcilik) yerine toplam endeks secildi.","Tarım, Ormancılık ve Balıkçılık","Agriculture, Forestry and Fishing",bie_tarimufe,AYLIK,2020=100,avg,TÜİK,raw/TP_TARIMUFE01_2020-01-01_2026-06-30_request.json,a143395742bf973c8692455c7301eebf77ccf794985cd58022b81d88863934de,raw/TP_TARIMUFE01_2020-01-01_2026-06-30_response.json.gz,415ef5c35255d100095942f8d45d0cc683f1e273e65cbba440014777b2a93cba,observed,within_series_coverage,False,False
TP.TARIMUFE01,2021-01,2021-01-01,2021-01-31,2021-01,13,113.42,113.42000000,False,1609455600,agri_ppi,"TUIK Tarim Urunleri Ureticileri Fiyat Endeksi'nin genel (Tarim, Ormancilik ve Balikcilik) ana endeksini izlemek; alt bilesenler (avcilik, ormancilik, balikcilik) yerine toplam endeks secildi.","Tarım, Ormancılık ve Balıkçılık","Agriculture, Forestry and Fishing",bie_tarimufe,AYLIK,2020=100,avg,TÜİK,raw/TP_TARIMUFE01_2020-01-01_2026-06-30_request.json,a143395742bf973c8692455c7301eebf77ccf794985cd58022b81d88863934de,raw/TP_TARIMUFE01_2020-01-01_2026-06-30_response.json.gz,415ef5c35255d100095942f8d45d0cc683f1e273e65cbba440014777b2a93cba,observed,within_series_coverage,False,False
TP.TARIMUFE01,2021-02,2021-02-01,2021-02-28,2021-02,14,117.18,117.18000000,False,1612134000,agri_ppi,"TUIK Tarim Urunleri Ureticileri Fiyat Endeksi'nin genel (Tarim, Ormancilik ve Balikcilik) ana endeksini izlemek; alt bilesenler (avcilik, ormancilik, balikcilik) yerine toplam endeks secildi.","Tarım, Ormancılık ve Balıkçılık","Agriculture, Forestry and Fishing",bie_tarimufe,AYLIK,2020=100,avg,TÜİK,raw/TP_TARIMUFE01_2020-01-01_2026-06-30_request.json,a143395742bf973c8692455c7301eebf77ccf794985cd58022b81d88863934de,raw/TP_TARIMUFE01_2020-01-01_2026-06-30_response.json.gz,415ef5c35255d100095942f8d45d0cc683f1e273e65cbba440014777b2a93cba,observed,within_series_coverage,False,False
TP.TARIMUFE01,2021-03,2021-03-01,2021-03-31,2021-03,15,119.05,119.05000000,False,1614553200,agri_ppi,"TUIK Tarim Urunleri Ureticileri Fiyat Endeksi'nin genel (Tarim, Ormancilik ve Balikcilik) ana endeksini izlemek; alt bilesenler (avcilik, ormancilik, balikcilik) yerine toplam endeks secildi.","Tarım, Ormancılık ve Balıkçılık","Agriculture, Forestry and Fishing",bie_tarimufe,AYLIK,2020=100,avg,TÜİK,raw/TP_TARIMUFE01_2020-01-01_2026-06-30_request.json,a143395742bf973c8692455c7301eebf77ccf794985cd58022b81d88863934de,raw/TP_TARIMUFE01_2020-01-01_2026-06-30_response.json.gz,415ef5c35255d100095942f8d45d0cc683f1e273e65cbba440014777b2a93cba,observed,within_series_coverage,False,False
TP.TARIMUFE01,2021-04,2021-04-01,2021-04-30,2021-04,16,123.88,123.88000000,False,1617224400,agri_ppi,"TUIK Tarim Urunleri Ureticileri Fiyat Endeksi'nin genel (Tarim, Ormancilik ve Balikcilik) ana endeksini izlemek; alt bilesenler (avcilik, ormancilik, balikcilik) yerine toplam endeks secildi.","Tarım, Ormancılık ve Balıkçılık","Agriculture, Forestry and Fishing",bie_tarimufe,AYLIK,2020=100,avg,TÜİK,raw/TP_TARIMUFE01_2020-01-01_2026-06-30_request.json,a143395742bf973c8692455c7301eebf77ccf794985cd58022b81d88863934de,raw/TP_TARIMUFE01_2020-01-01_2026-06-30_response.json.gz,415ef5c35255d100095942f8d45d0cc683f1e273e65cbba440014777b2a93cba,observed,within_series_coverage,False,False
TP.TARIMUFE01,2021-05,2021-05-01,2021-05-31,2021-05,17,121.19,121.19000000,False,1619816400,agri_ppi,"TUIK Tarim Urunleri Ureticileri Fiyat Endeksi'nin genel (Tarim, Ormancilik ve Balikcilik) ana endeksini izlemek; alt bilesenler (avcilik, ormancilik, balikcilik) yerine toplam endeks secildi.","Tarım, Ormancılık ve Balıkçılık","Agriculture, Forestry and Fishing",bie_tarimufe,AYLIK,2020=100,avg,TÜİK,raw/TP_TARIMUFE01_2020-01-01_2026-06-30_request.json,a143395742bf973c8692455c7301eebf77ccf794985cd58022b81d88863934de,raw/TP_TARIMUFE01_2020-01-01_2026-06-30_response.json.gz,415ef5c35255d100095942f8d45d0cc683f1e273e65cbba440014777b2a93cba,observed,within_series_coverage,False,False
TP.TARIMUFE01,2021-06,2021-06-01,2021-06-30,2021-06,18,126.68,126.68000000,False,1622494800,agri_ppi,"TUIK Tarim Urunleri Ureticileri Fiyat Endeksi'nin genel (Tarim, Ormancilik ve Balikcilik) ana endeksini izlemek; alt bilesenler (avcilik, ormancilik, balikcilik) yerine toplam endeks secildi.","Tarım, Ormancılık ve Balıkçılık","Agriculture, Forestry and Fishing",bie_tarimufe,AYLIK,2020=100,avg,TÜİK,raw/TP_TARIMUFE01_2020-01-01_2026-06-30_request.json,a143395742bf973c8692455c7301eebf77ccf794985cd58022b81d88863934de,raw/TP_TARIMUFE01_2020-01-01_2026-06-30_response.json.gz,415ef5c35255d100095942f8d45d0cc683f1e273e65cbba440014777b2a93cba,observed,within_series_coverage,False,False
TP.TARIMUFE01,2021-07,2021-07-01,2021-07-31,2021-07,19,126.36,126.36000000,False,1625086800,agri_ppi,"TUIK Tarim Urunleri Ureticileri Fiyat Endeksi'nin genel (Tarim, Ormancilik ve Balikcilik) ana endeksini izlemek; alt bilesenler (avcilik, ormancilik, balikcilik) yerine toplam endeks secildi.","Tarım, Ormancılık ve Balıkçılık","Agriculture, Forestry and Fishing",bie_tarimufe,AYLIK,2020=100,avg,TÜİK,raw/TP_TARIMUFE01_2020-01-01_2026-06-30_request.json,a143395742bf973c8692455c7301eebf77ccf794985cd58022b81d88863934de,raw/TP_TARIMUFE01_2020-01-01_2026-06-30_response.json.gz,415ef5c35255d100095942f8d45d0cc683f1e273e65cbba440014777b2a93cba,observed,within_series_coverage,False,False
TP.TARIMUFE01,2021-08,2021-08-01,2021-08-31,2021-08,20,128.96,128.96000000,False,1627765200,agri_ppi,"TUIK Tarim Urunleri Ureticileri Fiyat Endeksi'nin genel (Tarim, Ormancilik ve Balikcilik) ana endeksini izlemek; alt bilesenler (avcilik, ormancilik, balikcilik) yerine toplam endeks secildi.","Tarım, Ormancılık ve Balıkçılık","Agriculture, Forestry and Fishing",bie_tarimufe,AYLIK,2020=100,avg,TÜİK,raw/TP_TARIMUFE01_2020-01-01_2026-06-30_request.json,a143395742bf973c8692455c7301eebf77ccf794985cd58022b81d88863934de,raw/TP_TARIMUFE01_2020-01-01_2026-06-30_response.json.gz,415ef5c35255d100095942f8d45d0cc683f1e273e65cbba440014777b2a93cba,observed,within_series_coverage,False,False
TP.TARIMUFE01,2021-09,2021-09-01,2021-09-30,2021-09,21,131.3,131.30000000,False,1630443600,agri_ppi,"TUIK Tarim Urunleri Ureticileri Fiyat Endeksi'nin genel (Tarim, Ormancilik ve Balikcilik) ana endeksini izlemek; alt bilesenler (avcilik, ormancilik, balikcilik) yerine toplam endeks secildi.","Tarım, Ormancılık ve Balıkçılık","Agriculture, Forestry and Fishing",bie_tarimufe,AYLIK,2020=100,avg,TÜİK,raw/TP_TARIMUFE01_2020-01-01_2026-06-30_request.json,a143395742bf973c8692455c7301eebf77ccf794985cd58022b81d88863934de,raw/TP_TARIMUFE01_2020-01-01_2026-06-30_response.json.gz,415ef5c35255d100095942f8d45d0cc683f1e273e65cbba440014777b2a93cba,observed,within_series_coverage,False,False
TP.TARIMUFE01,2021-10,2021-10-01,2021-10-31,2021-10,22,136.64,136.64000000,False,1633035600,agri_ppi,"TUIK Tarim Urunleri Ureticileri Fiyat Endeksi'nin genel (Tarim, Ormancilik ve Balikcilik) ana endeksini izlemek; alt bilesenler (avcilik, ormancilik, balikcilik) yerine toplam endeks secildi.","Tarım, Ormancılık ve Balıkçılık","Agriculture, Forestry and Fishing",bie_tarimufe,AYLIK,2020=100,avg,TÜİK,raw/TP_TARIMUFE01_2020-01-01_2026-06-30_request.json,a143395742bf973c8692455c7301eebf77ccf794985cd58022b81d88863934de,raw/TP_TARIMUFE01_2020-01-01_2026-06-30_response.json.gz,415ef5c35255d100095942f8d45d0cc683f1e273e65cbba440014777b2a93cba,observed,within_series_coverage,False,False
TP.TARIMUFE01,2021-11,2021-11-01,2021-11-30,2021-11,23,146.03,146.03000000,False,1635714000,agri_ppi,"TUIK Tarim Urunleri Ureticileri Fiyat Endeksi'nin genel (Tarim, Ormancilik ve Balikcilik) ana endeksini izlemek; alt bilesenler (avcilik, ormancilik, balikcilik) yerine toplam endeks secildi.","Tarım, Ormancılık ve Balıkçılık","Agriculture, Forestry and Fishing",bie_tarimufe,AYLIK,2020=100,avg,TÜİK,raw/TP_TARIMUFE01_2020-01-01_2026-06-30_request.json,a143395742bf973c8692455c7301eebf77ccf794985cd58022b81d88863934de,raw/TP_TARIMUFE01_2020-01-01_2026-06-30_response.json.gz,415ef5c35255d100095942f8d45d0cc683f1e273e65cbba440014777b2a93cba,observed,within_series_coverage,False,False
TP.TARIMUFE01,2021-12,2021-12-01,2021-12-31,2021-12,24,164.76,164.76000000,False,1638306000,agri_ppi,"TUIK Tarim Urunleri Ureticileri Fiyat Endeksi'nin genel (Tarim, Ormancilik ve Balikcilik) ana endeksini izlemek; alt bilesenler (avcilik, ormancilik, balikcilik) yerine toplam endeks secildi.","Tarım, Ormancılık ve Balıkçılık","Agriculture, Forestry and Fishing",bie_tarimufe,AYLIK,2020=100,avg,TÜİK,raw/TP_TARIMUFE01_2020-01-01_2026-06-30_request.json,a143395742bf973c8692455c7301eebf77ccf794985cd58022b81d88863934de,raw/TP_TARIMUFE01_2020-01-01_2026-06-30_response.json.gz,415ef5c35255d100095942f8d45d0cc683f1e273e65cbba440014777b2a93cba,observed,within_series_coverage,False,False
TP.TARIMUFE01,2022-01,2022-01-01,2022-01-31,2022-01,25,181.91,181.91000000,False,1640984400,agri_ppi,"TUIK Tarim Urunleri Ureticileri Fiyat Endeksi'nin genel (Tarim, Ormancilik ve Balikcilik) ana endeksini izlemek; alt bilesenler (avcilik, ormancilik, balikcilik) yerine toplam endeks secildi.","Tarım, Ormancılık ve Balıkçılık","Agriculture, Forestry and Fishing",bie_tarimufe,AYLIK,2020=100,avg,TÜİK,raw/TP_TARIMUFE01_2020-01-01_2026-06-30_request.json,a143395742bf973c8692455c7301eebf77ccf794985cd58022b81d88863934de,raw/TP_TARIMUFE01_2020-01-01_2026-06-30_response.json.gz,415ef5c35255d100095942f8d45d0cc683f1e273e65cbba440014777b2a93cba,observed,within_series_coverage,False,False
TP.TARIMUFE01,2022-02,2022-02-01,2022-02-28,2022-02,26,211.02,211.02000000,False,1643662800,agri_ppi,"TUIK Tarim Urunleri Ureticileri Fiyat Endeksi'nin genel (Tarim, Ormancilik ve Balikcilik) ana endeksini izlemek; alt bilesenler (avcilik, ormancilik, balikcilik) yerine toplam endeks secildi.","Tarım, Ormancılık ve Balıkçılık","Agriculture, Forestry and Fishing",bie_tarimufe,AYLIK,2020=100,avg,TÜİK,raw/TP_TARIMUFE01_2020-01-01_2026-06-30_request.json,a143395742bf973c8692455c7301eebf77ccf794985cd58022b81d88863934de,raw/TP_TARIMUFE01_2020-01-01_2026-06-30_response.json.gz,415ef5c35255d100095942f8d45d0cc683f1e273e65cbba440014777b2a93cba,observed,within_series_coverage,False,False
TP.TARIMUFE01,2022-03,2022-03-01,2022-03-31,2022-03,27,237.12,237.12000000,False,1646082000,agri_ppi,"TUIK Tarim Urunleri Ureticileri Fiyat Endeksi'nin genel (Tarim, Ormancilik ve Balikcilik) ana endeksini izlemek; alt bilesenler (avcilik, ormancilik, balikcilik) yerine toplam endeks secildi.","Tarım, Ormancılık ve Balıkçılık","Agriculture, Forestry and Fishing",bie_tarimufe,AYLIK,2020=100,avg,TÜİK,raw/TP_TARIMUFE01_2020-01-01_2026-06-30_request.json,a143395742bf973c8692455c7301eebf77ccf794985cd58022b81d88863934de,raw/TP_TARIMUFE01_2020-01-01_2026-06-30_response.json.gz,415ef5c35255d100095942f8d45d0cc683f1e273e65cbba440014777b2a93cba,observed,within_series_coverage,False,False
TP.TARIMUFE01,2022-04,2022-04-01,2022-04-30,2022-04,28,272.59,272.59000000,False,1648760400,agri_ppi,"TUIK Tarim Urunleri Ureticileri Fiyat Endeksi'nin genel (Tarim, Ormancilik ve Balikcilik) ana endeksini izlemek; alt bilesenler (avcilik, ormancilik, balikcilik) yerine toplam endeks secildi.","Tarım, Ormancılık ve Balıkçılık","Agriculture, Forestry and Fishing",bie_tarimufe,AYLIK,2020=100,avg,TÜİK,raw/TP_TARIMUFE01_2020-01-01_2026-06-30_request.json,a143395742bf973c8692455c7301eebf77ccf794985cd58022b81d88863934de,raw/TP_TARIMUFE01_2020-01-01_2026-06-30_response.json.gz,415ef5c35255d100095942f8d45d0cc683f1e273e65cbba440014777b2a93cba,observed,within_series_coverage,False,False
TP.TARIMUFE01,2022-05,2022-05-01,2022-05-31,2022-05,29,277.88,277.88000000,False,1651352400,agri_ppi,"TUIK Tarim Urunleri Ureticileri Fiyat Endeksi'nin genel (Tarim, Ormancilik ve Balikcilik) ana endeksini izlemek; alt bilesenler (avcilik, ormancilik, balikcilik) yerine toplam endeks secildi.","Tarım, Ormancılık ve Balıkçılık","Agriculture, Forestry and Fishing",bie_tarimufe,AYLIK,2020=100,avg,TÜİK,raw/TP_TARIMUFE01_2020-01-01_2026-06-30_request.json,a143395742bf973c8692455c7301eebf77ccf794985cd58022b81d88863934de,raw/TP_TARIMUFE01_2020-01-01_2026-06-30_response.json.gz,415ef5c35255d100095942f8d45d0cc683f1e273e65cbba440014777b2a93cba,observed,within_series_coverage,False,False
TP.TARIMUFE01,2022-06,2022-06-01,2022-06-30,2022-06,30,280.14,280.14000000,False,1654030800,agri_ppi,"TUIK Tarim Urunleri Ureticileri Fiyat Endeksi'nin genel (Tarim, Ormancilik ve Balikcilik) ana endeksini izlemek; alt bilesenler (avcilik, ormancilik, balikcilik) yerine toplam endeks secildi.","Tarım, Ormancılık ve Balıkçılık","Agriculture, Forestry and Fishing",bie_tarimufe,AYLIK,2020=100,avg,TÜİK,raw/TP_TARIMUFE01_2020-01-01_2026-06-30_request.json,a143395742bf973c8692455c7301eebf77ccf794985cd58022b81d88863934de,raw/TP_TARIMUFE01_2020-01-01_2026-06-30_response.json.gz,415ef5c35255d100095942f8d45d0cc683f1e273e65cbba440014777b2a93cba,observed,within_series_coverage,False,False
TP.TARIMUFE01,2022-07,2022-07-01,2022-07-31,2022-07,31,295.82,295.82000000,False,1656622800,agri_ppi,"TUIK Tarim Urunleri Ureticileri Fiyat Endeksi'nin genel (Tarim, Ormancilik ve Balikcilik) ana endeksini izlemek; alt bilesenler (avcilik, ormancilik, balikcilik) yerine toplam endeks secildi.","Tarım, Ormancılık ve Balıkçılık","Agriculture, Forestry and Fishing",bie_tarimufe,AYLIK,2020=100,avg,TÜİK,raw/TP_TARIMUFE01_2020-01-01_2026-06-30_request.json,a143395742bf973c8692455c7301eebf77ccf794985cd58022b81d88863934de,raw/TP_TARIMUFE01_2020-01-01_2026-06-30_response.json.gz,415ef5c35255d100095942f8d45d0cc683f1e273e65cbba440014777b2a93cba,observed,within_series_coverage,False,False
TP.TARIMUFE01,2022-08,2022-08-01,2022-08-31,2022-08,32,281.87,281.87000000,False,1659301200,agri_ppi,"TUIK Tarim Urunleri Ureticileri Fiyat Endeksi'nin genel (Tarim, Ormancilik ve Balikcilik) ana endeksini izlemek; alt bilesenler (avcilik, ormancilik, balikcilik) yerine toplam endeks secildi.","Tarım, Ormancılık ve Balıkçılık","Agriculture, Forestry and Fishing",bie_tarimufe,AYLIK,2020=100,avg,TÜİK,raw/TP_TARIMUFE01_2020-01-01_2026-06-30_request.json,a143395742bf973c8692455c7301eebf77ccf794985cd58022b81d88863934de,raw/TP_TARIMUFE01_2020-01-01_2026-06-30_response.json.gz,415ef5c35255d100095942f8d45d0cc683f1e273e65cbba440014777b2a93cba,observed,within_series_coverage,False,False
TP.TARIMUFE01,2022-09,2022-09-01,2022-09-30,2022-09,33,292.31,292.31000000,False,1661979600,agri_ppi,"TUIK Tarim Urunleri Ureticileri Fiyat Endeksi'nin genel (Tarim, Ormancilik ve Balikcilik) ana endeksini izlemek; alt bilesenler (avcilik, ormancilik, balikcilik) yerine toplam endeks secildi.","Tarım, Ormancılık ve Balıkçılık","Agriculture, Forestry and Fishing",bie_tarimufe,AYLIK,2020=100,avg,TÜİK,raw/TP_TARIMUFE01_2020-01-01_2026-06-30_request.json,a143395742bf973c8692455c7301eebf77ccf794985cd58022b81d88863934de,raw/TP_TARIMUFE01_2020-01-01_2026-06-30_response.json.gz,415ef5c35255d100095942f8d45d0cc683f1e273e65cbba440014777b2a93cba,observed,within_series_coverage,False,False
TP.TARIMUFE01,2022-10,2022-10-01,2022-10-31,2022-10,34,301.86,301.86000000,False,1664571600,agri_ppi,"TUIK Tarim Urunleri Ureticileri Fiyat Endeksi'nin genel (Tarim, Ormancilik ve Balikcilik) ana endeksini izlemek; alt bilesenler (avcilik, ormancilik, balikcilik) yerine toplam endeks secildi.","Tarım, Ormancılık ve Balıkçılık","Agriculture, Forestry and Fishing",bie_tarimufe,AYLIK,2020=100,avg,TÜİK,raw/TP_TARIMUFE01_2020-01-01_2026-06-30_request.json,a143395742bf973c8692455c7301eebf77ccf794985cd58022b81d88863934de,raw/TP_TARIMUFE01_2020-01-01_2026-06-30_response.json.gz,415ef5c35255d100095942f8d45d0cc683f1e273e65cbba440014777b2a93cba,observed,within_series_coverage,False,False
TP.TARIMUFE01,2022-11,2022-11-01,2022-11-30,2022-11,35,326.94,326.94000000,False,1667250000,agri_ppi,"TUIK Tarim Urunleri Ureticileri Fiyat Endeksi'nin genel (Tarim, Ormancilik ve Balikcilik) ana endeksini izlemek; alt bilesenler (avcilik, ormancilik, balikcilik) yerine toplam endeks secildi.","Tarım, Ormancılık ve Balıkçılık","Agriculture, Forestry and Fishing",bie_tarimufe,AYLIK,2020=100,avg,TÜİK,raw/TP_TARIMUFE01_2020-01-01_2026-06-30_request.json,a143395742bf973c8692455c7301eebf77ccf794985cd58022b81d88863934de,raw/TP_TARIMUFE01_2020-01-01_2026-06-30_response.json.gz,415ef5c35255d100095942f8d45d0cc683f1e273e65cbba440014777b2a93cba,observed,within_series_coverage,False,False
TP.TARIMUFE01,2022-12,2022-12-01,2022-12-31,2022-12,36,341.14,341.14000000,False,1669842000,agri_ppi,"TUIK Tarim Urunleri Ureticileri Fiyat Endeksi'nin genel (Tarim, Ormancilik ve Balikcilik) ana endeksini izlemek; alt bilesenler (avcilik, ormancilik, balikcilik) yerine toplam endeks secildi.","Tarım, Ormancılık ve Balıkçılık","Agriculture, Forestry and Fishing",bie_tarimufe,AYLIK,2020=100,avg,TÜİK,raw/TP_TARIMUFE01_2020-01-01_2026-06-30_request.json,a143395742bf973c8692455c7301eebf77ccf794985cd58022b81d88863934de,raw/TP_TARIMUFE01_2020-01-01_2026-06-30_response.json.gz,415ef5c35255d100095942f8d45d0cc683f1e273e65cbba440014777b2a93cba,observed,within_series_coverage,False,False
TP.TARIMUFE01,2023-01,2023-01-01,2023-01-31,2023-01,37,360.49,360.49000000,False,1672520400,agri_ppi,"TUIK Tarim Urunleri Ureticileri Fiyat Endeksi'nin genel (Tarim, Ormancilik ve Balikcilik) ana endeksini izlemek; alt bilesenler (avcilik, ormancilik, balikcilik) yerine toplam endeks secildi.","Tarım, Ormancılık ve Balıkçılık","Agriculture, Forestry and Fishing",bie_tarimufe,AYLIK,2020=100,avg,TÜİK,raw/TP_TARIMUFE01_2020-01-01_2026-06-30_request.json,a143395742bf973c8692455c7301eebf77ccf794985cd58022b81d88863934de,raw/TP_TARIMUFE01_2020-01-01_2026-06-30_response.json.gz,415ef5c35255d100095942f8d45d0cc683f1e273e65cbba440014777b2a93cba,observed,within_series_coverage,False,False
TP.TARIMUFE01,2023-02,2023-02-01,2023-02-28,2023-02,38,385.29,385.29000000,False,1675198800,agri_ppi,"TUIK Tarim Urunleri Ureticileri Fiyat Endeksi'nin genel (Tarim, Ormancilik ve Balikcilik) ana endeksini izlemek; alt bilesenler (avcilik, ormancilik, balikcilik) yerine toplam endeks secildi.","Tarım, Ormancılık ve Balıkçılık","Agriculture, Forestry and Fishing",bie_tarimufe,AYLIK,2020=100,avg,TÜİK,raw/TP_TARIMUFE01_2020-01-01_2026-06-30_request.json,a143395742bf973c8692455c7301eebf77ccf794985cd58022b81d88863934de,raw/TP_TARIMUFE01_2020-01-01_2026-06-30_response.json.gz,415ef5c35255d100095942f8d45d0cc683f1e273e65cbba440014777b2a93cba,observed,within_series_coverage,False,False
TP.TARIMUFE01,2023-03,2023-03-01,2023-03-31,2023-03,39,397.77,397.77000000,False,1677618000,agri_ppi,"TUIK Tarim Urunleri Ureticileri Fiyat Endeksi'nin genel (Tarim, Ormancilik ve Balikcilik) ana endeksini izlemek; alt bilesenler (avcilik, ormancilik, balikcilik) yerine toplam endeks secildi.","Tarım, Ormancılık ve Balıkçılık","Agriculture, Forestry and Fishing",bie_tarimufe,AYLIK,2020=100,avg,TÜİK,raw/TP_TARIMUFE01_2020-01-01_2026-06-30_request.json,a143395742bf973c8692455c7301eebf77ccf794985cd58022b81d88863934de,raw/TP_TARIMUFE01_2020-01-01_2026-06-30_response.json.gz,415ef5c35255d100095942f8d45d0cc683f1e273e65cbba440014777b2a93cba,observed,within_series_coverage,False,False
TP.TARIMUFE01,2023-04,2023-04-01,2023-04-30,2023-04,40,411.32,411.32000000,False,1680296400,agri_ppi,"TUIK Tarim Urunleri Ureticileri Fiyat Endeksi'nin genel (Tarim, Ormancilik ve Balikcilik) ana endeksini izlemek; alt bilesenler (avcilik, ormancilik, balikcilik) yerine toplam endeks secildi.","Tarım, Ormancılık ve Balıkçılık","Agriculture, Forestry and Fishing",bie_tarimufe,AYLIK,2020=100,avg,TÜİK,raw/TP_TARIMUFE01_2020-01-01_2026-06-30_request.json,a143395742bf973c8692455c7301eebf77ccf794985cd58022b81d88863934de,raw/TP_TARIMUFE01_2020-01-01_2026-06-30_response.json.gz,415ef5c35255d100095942f8d45d0cc683f1e273e65cbba440014777b2a93cba,observed,within_series_coverage,False,False
TP.TARIMUFE01,2023-05,2023-05-01,2023-05-31,2023-05,41,406.38,406.38000000,False,1682888400,agri_ppi,"TUIK Tarim Urunleri Ureticileri Fiyat Endeksi'nin genel (Tarim, Ormancilik ve Balikcilik) ana endeksini izlemek; alt bilesenler (avcilik, ormancilik, balikcilik) yerine toplam endeks secildi.","Tarım, Ormancılık ve Balıkçılık","Agriculture, Forestry and Fishing",bie_tarimufe,AYLIK,2020=100,avg,TÜİK,raw/TP_TARIMUFE01_2020-01-01_2026-06-30_request.json,a143395742bf973c8692455c7301eebf77ccf794985cd58022b81d88863934de,raw/TP_TARIMUFE01_2020-01-01_2026-06-30_response.json.gz,415ef5c35255d100095942f8d45d0cc683f1e273e65cbba440014777b2a93cba,observed,within_series_coverage,False,False
TP.TARIMUFE01,2023-06,2023-06-01,2023-06-30,2023-06,42,432.14,432.14000000,False,1685566800,agri_ppi,"TUIK Tarim Urunleri Ureticileri Fiyat Endeksi'nin genel (Tarim, Ormancilik ve Balikcilik) ana endeksini izlemek; alt bilesenler (avcilik, ormancilik, balikcilik) yerine toplam endeks secildi.","Tarım, Ormancılık ve Balıkçılık","Agriculture, Forestry and Fishing",bie_tarimufe,AYLIK,2020=100,avg,TÜİK,raw/TP_TARIMUFE01_2020-01-01_2026-06-30_request.json,a143395742bf973c8692455c7301eebf77ccf794985cd58022b81d88863934de,raw/TP_TARIMUFE01_2020-01-01_2026-06-30_response.json.gz,415ef5c35255d100095942f8d45d0cc683f1e273e65cbba440014777b2a93cba,observed,within_series_coverage,False,False
TP.TARIMUFE01,2023-07,2023-07-01,2023-07-31,2023-07,43,465.27,465.27000000,False,1688158800,agri_ppi,"TUIK Tarim Urunleri Ureticileri Fiyat Endeksi'nin genel (Tarim, Ormancilik ve Balikcilik) ana endeksini izlemek; alt bilesenler (avcilik, ormancilik, balikcilik) yerine toplam endeks secildi.","Tarım, Ormancılık ve Balıkçılık","Agriculture, Forestry and Fishing",bie_tarimufe,AYLIK,2020=100,avg,TÜİK,raw/TP_TARIMUFE01_2020-01-01_2026-06-30_request.json,a143395742bf973c8692455c7301eebf77ccf794985cd58022b81d88863934de,raw/TP_TARIMUFE01_2020-01-01_2026-06-30_response.json.gz,415ef5c35255d100095942f8d45d0cc683f1e273e65cbba440014777b2a93cba,observed,within_series_coverage,False,False
TP.TARIMUFE01,2023-08,2023-08-01,2023-08-31,2023-08,44,489.13,489.13000000,False,1690837200,agri_ppi,"TUIK Tarim Urunleri Ureticileri Fiyat Endeksi'nin genel (Tarim, Ormancilik ve Balikcilik) ana endeksini izlemek; alt bilesenler (avcilik, ormancilik, balikcilik) yerine toplam endeks secildi.","Tarım, Ormancılık ve Balıkçılık","Agriculture, Forestry and Fishing",bie_tarimufe,AYLIK,2020=100,avg,TÜİK,raw/TP_TARIMUFE01_2020-01-01_2026-06-30_request.json,a143395742bf973c8692455c7301eebf77ccf794985cd58022b81d88863934de,raw/TP_TARIMUFE01_2020-01-01_2026-06-30_response.json.gz,415ef5c35255d100095942f8d45d0cc683f1e273e65cbba440014777b2a93cba,observed,within_series_coverage,False,False
TP.TARIMUFE01,2023-09,2023-09-01,2023-09-30,2023-09,45,502.76,502.76000000,False,1693515600,agri_ppi,"TUIK Tarim Urunleri Ureticileri Fiyat Endeksi'nin genel (Tarim, Ormancilik ve Balikcilik) ana endeksini izlemek; alt bilesenler (avcilik, ormancilik, balikcilik) yerine toplam endeks secildi.","Tarım, Ormancılık ve Balıkçılık","Agriculture, Forestry and Fishing",bie_tarimufe,AYLIK,2020=100,avg,TÜİK,raw/TP_TARIMUFE01_2020-01-01_2026-06-30_request.json,a143395742bf973c8692455c7301eebf77ccf794985cd58022b81d88863934de,raw/TP_TARIMUFE01_2020-01-01_2026-06-30_response.json.gz,415ef5c35255d100095942f8d45d0cc683f1e273e65cbba440014777b2a93cba,observed,within_series_coverage,False,False
TP.TARIMUFE01,2023-10,2023-10-01,2023-10-31,2023-10,46,510.99,510.99000000,False,1696107600,agri_ppi,"TUIK Tarim Urunleri Ureticileri Fiyat Endeksi'nin genel (Tarim, Ormancilik ve Balikcilik) ana endeksini izlemek; alt bilesenler (avcilik, ormancilik, balikcilik) yerine toplam endeks secildi.","Tarım, Ormancılık ve Balıkçılık","Agriculture, Forestry and Fishing",bie_tarimufe,AYLIK,2020=100,avg,TÜİK,raw/TP_TARIMUFE01_2020-01-01_2026-06-30_request.json,a143395742bf973c8692455c7301eebf77ccf794985cd58022b81d88863934de,raw/TP_TARIMUFE01_2020-01-01_2026-06-30_response.json.gz,415ef5c35255d100095942f8d45d0cc683f1e273e65cbba440014777b2a93cba,observed,within_series_coverage,False,False
TP.TARIMUFE01,2023-11,2023-11-01,2023-11-30,2023-11,47,513.0,513.00000000,False,1698786000,agri_ppi,"TUIK Tarim Urunleri Ureticileri Fiyat Endeksi'nin genel (Tarim, Ormancilik ve Balikcilik) ana endeksini izlemek; alt bilesenler (avcilik, ormancilik, balikcilik) yerine toplam endeks secildi.","Tarım, Ormancılık ve Balıkçılık","Agriculture, Forestry and Fishing",bie_tarimufe,AYLIK,2020=100,avg,TÜİK,raw/TP_TARIMUFE01_2020-01-01_2026-06-30_request.json,a143395742bf973c8692455c7301eebf77ccf794985cd58022b81d88863934de,raw/TP_TARIMUFE01_2020-01-01_2026-06-30_response.json.gz,415ef5c35255d100095942f8d45d0cc683f1e273e65cbba440014777b2a93cba,observed,within_series_coverage,False,False
TP.TARIMUFE01,2023-12,2023-12-01,2023-12-31,2023-12,48,547.94,547.94000000,False,1701378000,agri_ppi,"TUIK Tarim Urunleri Ureticileri Fiyat Endeksi'nin genel (Tarim, Ormancilik ve Balikcilik) ana endeksini izlemek; alt bilesenler (avcilik, ormancilik, balikcilik) yerine toplam endeks secildi.","Tarım, Ormancılık ve Balıkçılık","Agriculture, Forestry and Fishing",bie_tarimufe,AYLIK,2020=100,avg,TÜİK,raw/TP_TARIMUFE01_2020-01-01_2026-06-30_request.json,a143395742bf973c8692455c7301eebf77ccf794985cd58022b81d88863934de,raw/TP_TARIMUFE01_2020-01-01_2026-06-30_response.json.gz,415ef5c35255d100095942f8d45d0cc683f1e273e65cbba440014777b2a93cba,observed,within_series_coverage,False,False
TP.TARIMUFE01,2024-01,2024-01-01,2024-01-31,2024-01,49,569.04,569.04000000,False,1704056400,agri_ppi,"TUIK Tarim Urunleri Ureticileri Fiyat Endeksi'nin genel (Tarim, Ormancilik ve Balikcilik) ana endeksini izlemek; alt bilesenler (avcilik, ormancilik, balikcilik) yerine toplam endeks secildi.","Tarım, Ormancılık ve Balıkçılık","Agriculture, Forestry and Fishing",bie_tarimufe,AYLIK,2020=100,avg,TÜİK,raw/TP_TARIMUFE01_2020-01-01_2026-06-30_request.json,a143395742bf973c8692455c7301eebf77ccf794985cd58022b81d88863934de,raw/TP_TARIMUFE01_2020-01-01_2026-06-30_response.json.gz,415ef5c35255d100095942f8d45d0cc683f1e273e65cbba440014777b2a93cba,observed,within_series_coverage,False,False
TP.TARIMUFE01,2024-02,2024-02-01,2024-02-29,2024-02,50,609.88,609.88000000,False,1706734800,agri_ppi,"TUIK Tarim Urunleri Ureticileri Fiyat Endeksi'nin genel (Tarim, Ormancilik ve Balikcilik) ana endeksini izlemek; alt bilesenler (avcilik, ormancilik, balikcilik) yerine toplam endeks secildi.","Tarım, Ormancılık ve Balıkçılık","Agriculture, Forestry and Fishing",bie_tarimufe,AYLIK,2020=100,avg,TÜİK,raw/TP_TARIMUFE01_2020-01-01_2026-06-30_request.json,a143395742bf973c8692455c7301eebf77ccf794985cd58022b81d88863934de,raw/TP_TARIMUFE01_2020-01-01_2026-06-30_response.json.gz,415ef5c35255d100095942f8d45d0cc683f1e273e65cbba440014777b2a93cba,observed,within_series_coverage,False,False
TP.TARIMUFE01,2024-03,2024-03-01,2024-03-31,2024-03,51,643.86,643.86000000,False,1709240400,agri_ppi,"TUIK Tarim Urunleri Ureticileri Fiyat Endeksi'nin genel (Tarim, Ormancilik ve Balikcilik) ana endeksini izlemek; alt bilesenler (avcilik, ormancilik, balikcilik) yerine toplam endeks secildi.","Tarım, Ormancılık ve Balıkçılık","Agriculture, Forestry and Fishing",bie_tarimufe,AYLIK,2020=100,avg,TÜİK,raw/TP_TARIMUFE01_2020-01-01_2026-06-30_request.json,a143395742bf973c8692455c7301eebf77ccf794985cd58022b81d88863934de,raw/TP_TARIMUFE01_2020-01-01_2026-06-30_response.json.gz,415ef5c35255d100095942f8d45d0cc683f1e273e65cbba440014777b2a93cba,observed,within_series_coverage,False,False
TP.TARIMUFE01,2024-04,2024-04-01,2024-04-30,2024-04,52,661.28,661.28000000,False,1711918800,agri_ppi,"TUIK Tarim Urunleri Ureticileri Fiyat Endeksi'nin genel (Tarim, Ormancilik ve Balikcilik) ana endeksini izlemek; alt bilesenler (avcilik, ormancilik, balikcilik) yerine toplam endeks secildi.","Tarım, Ormancılık ve Balıkçılık","Agriculture, Forestry and Fishing",bie_tarimufe,AYLIK,2020=100,avg,TÜİK,raw/TP_TARIMUFE01_2020-01-01_2026-06-30_request.json,a143395742bf973c8692455c7301eebf77ccf794985cd58022b81d88863934de,raw/TP_TARIMUFE01_2020-01-01_2026-06-30_response.json.gz,415ef5c35255d100095942f8d45d0cc683f1e273e65cbba440014777b2a93cba,observed,within_series_coverage,False,False
TP.TARIMUFE01,2024-05,2024-05-01,2024-05-31,2024-05,53,655.24,655.24000000,False,1714510800,agri_ppi,"TUIK Tarim Urunleri Ureticileri Fiyat Endeksi'nin genel (Tarim, Ormancilik ve Balikcilik) ana endeksini izlemek; alt bilesenler (avcilik, ormancilik, balikcilik) yerine toplam endeks secildi.","Tarım, Ormancılık ve Balıkçılık","Agriculture, Forestry and Fishing",bie_tarimufe,AYLIK,2020=100,avg,TÜİK,raw/TP_TARIMUFE01_2020-01-01_2026-06-30_request.json,a143395742bf973c8692455c7301eebf77ccf794985cd58022b81d88863934de,raw/TP_TARIMUFE01_2020-01-01_2026-06-30_response.json.gz,415ef5c35255d100095942f8d45d0cc683f1e273e65cbba440014777b2a93cba,observed,within_series_coverage,False,False
TP.TARIMUFE01,2024-06,2024-06-01,2024-06-30,2024-06,54,667.99,667.99000000,False,1717189200,agri_ppi,"TUIK Tarim Urunleri Ureticileri Fiyat Endeksi'nin genel (Tarim, Ormancilik ve Balikcilik) ana endeksini izlemek; alt bilesenler (avcilik, ormancilik, balikcilik) yerine toplam endeks secildi.","Tarım, Ormancılık ve Balıkçılık","Agriculture, Forestry and Fishing",bie_tarimufe,AYLIK,2020=100,avg,TÜİK,raw/TP_TARIMUFE01_2020-01-01_2026-06-30_request.json,a143395742bf973c8692455c7301eebf77ccf794985cd58022b81d88863934de,raw/TP_TARIMUFE01_2020-01-01_2026-06-30_response.json.gz,415ef5c35255d100095942f8d45d0cc683f1e273e65cbba440014777b2a93cba,observed,within_series_coverage,False,False
TP.TARIMUFE01,2024-07,2024-07-01,2024-07-31,2024-07,55,656.35,656.35000000,False,1719781200,agri_ppi,"TUIK Tarim Urunleri Ureticileri Fiyat Endeksi'nin genel (Tarim, Ormancilik ve Balikcilik) ana endeksini izlemek; alt bilesenler (avcilik, ormancilik, balikcilik) yerine toplam endeks secildi.","Tarım, Ormancılık ve Balıkçılık","Agriculture, Forestry and Fishing",bie_tarimufe,AYLIK,2020=100,avg,TÜİK,raw/TP_TARIMUFE01_2020-01-01_2026-06-30_request.json,a143395742bf973c8692455c7301eebf77ccf794985cd58022b81d88863934de,raw/TP_TARIMUFE01_2020-01-01_2026-06-30_response.json.gz,415ef5c35255d100095942f8d45d0cc683f1e273e65cbba440014777b2a93cba,observed,within_series_coverage,False,False
TP.TARIMUFE01,2024-08,2024-08-01,2024-08-31,2024-08,56,646.14,646.14000000,False,1722459600,agri_ppi,"TUIK Tarim Urunleri Ureticileri Fiyat Endeksi'nin genel (Tarim, Ormancilik ve Balikcilik) ana endeksini izlemek; alt bilesenler (avcilik, ormancilik, balikcilik) yerine toplam endeks secildi.","Tarım, Ormancılık ve Balıkçılık","Agriculture, Forestry and Fishing",bie_tarimufe,AYLIK,2020=100,avg,TÜİK,raw/TP_TARIMUFE01_2020-01-01_2026-06-30_request.json,a143395742bf973c8692455c7301eebf77ccf794985cd58022b81d88863934de,raw/TP_TARIMUFE01_2020-01-01_2026-06-30_response.json.gz,415ef5c35255d100095942f8d45d0cc683f1e273e65cbba440014777b2a93cba,observed,within_series_coverage,False,False
TP.TARIMUFE01,2024-09,2024-09-01,2024-09-30,2024-09,57,659.06,659.06000000,False,1725138000,agri_ppi,"TUIK Tarim Urunleri Ureticileri Fiyat Endeksi'nin genel (Tarim, Ormancilik ve Balikcilik) ana endeksini izlemek; alt bilesenler (avcilik, ormancilik, balikcilik) yerine toplam endeks secildi.","Tarım, Ormancılık ve Balıkçılık","Agriculture, Forestry and Fishing",bie_tarimufe,AYLIK,2020=100,avg,TÜİK,raw/TP_TARIMUFE01_2020-01-01_2026-06-30_request.json,a143395742bf973c8692455c7301eebf77ccf794985cd58022b81d88863934de,raw/TP_TARIMUFE01_2020-01-01_2026-06-30_response.json.gz,415ef5c35255d100095942f8d45d0cc683f1e273e65cbba440014777b2a93cba,observed,within_series_coverage,False,False
TP.TARIMUFE01,2024-10,2024-10-01,2024-10-31,2024-10,58,692.18,692.18000000,False,1727730000,agri_ppi,"TUIK Tarim Urunleri Ureticileri Fiyat Endeksi'nin genel (Tarim, Ormancilik ve Balikcilik) ana endeksini izlemek; alt bilesenler (avcilik, ormancilik, balikcilik) yerine toplam endeks secildi.","Tarım, Ormancılık ve Balıkçılık","Agriculture, Forestry and Fishing",bie_tarimufe,AYLIK,2020=100,avg,TÜİK,raw/TP_TARIMUFE01_2020-01-01_2026-06-30_request.json,a143395742bf973c8692455c7301eebf77ccf794985cd58022b81d88863934de,raw/TP_TARIMUFE01_2020-01-01_2026-06-30_response.json.gz,415ef5c35255d100095942f8d45d0cc683f1e273e65cbba440014777b2a93cba,observed,within_series_coverage,False,False
TP.TARIMUFE01,2024-11,2024-11-01,2024-11-30,2024-11,59,753.67,753.67000000,False,1730408400,agri_ppi,"TUIK Tarim Urunleri Ureticileri Fiyat Endeksi'nin genel (Tarim, Ormancilik ve Balikcilik) ana endeksini izlemek; alt bilesenler (avcilik, ormancilik, balikcilik) yerine toplam endeks secildi.","Tarım, Ormancılık ve Balıkçılık","Agriculture, Forestry and Fishing",bie_tarimufe,AYLIK,2020=100,avg,TÜİK,raw/TP_TARIMUFE01_2020-01-01_2026-06-30_request.json,a143395742bf973c8692455c7301eebf77ccf794985cd58022b81d88863934de,raw/TP_TARIMUFE01_2020-01-01_2026-06-30_response.json.gz,415ef5c35255d100095942f8d45d0cc683f1e273e65cbba440014777b2a93cba,observed,within_series_coverage,False,False
TP.TARIMUFE01,2024-12,2024-12-01,2024-12-31,2024-12,60,750.72,750.72000000,False,1733000400,agri_ppi,"TUIK Tarim Urunleri Ureticileri Fiyat Endeksi'nin genel (Tarim, Ormancilik ve Balikcilik) ana endeksini izlemek; alt bilesenler (avcilik, ormancilik, balikcilik) yerine toplam endeks secildi.","Tarım, Ormancılık ve Balıkçılık","Agriculture, Forestry and Fishing",bie_tarimufe,AYLIK,2020=100,avg,TÜİK,raw/TP_TARIMUFE01_2020-01-01_2026-06-30_request.json,a143395742bf973c8692455c7301eebf77ccf794985cd58022b81d88863934de,raw/TP_TARIMUFE01_2020-01-01_2026-06-30_response.json.gz,415ef5c35255d100095942f8d45d0cc683f1e273e65cbba440014777b2a93cba,observed,within_series_coverage,False,False
TP.TARIMUFE01,2025-01,2025-01-01,2025-01-31,2025-01,61,771.29,771.29000000,False,1735678800,agri_ppi,"TUIK Tarim Urunleri Ureticileri Fiyat Endeksi'nin genel (Tarim, Ormancilik ve Balikcilik) ana endeksini izlemek; alt bilesenler (avcilik, ormancilik, balikcilik) yerine toplam endeks secildi.","Tarım, Ormancılık ve Balıkçılık","Agriculture, Forestry and Fishing",bie_tarimufe,AYLIK,2020=100,avg,TÜİK,raw/TP_TARIMUFE01_2020-01-01_2026-06-30_request.json,a143395742bf973c8692455c7301eebf77ccf794985cd58022b81d88863934de,raw/TP_TARIMUFE01_2020-01-01_2026-06-30_response.json.gz,415ef5c35255d100095942f8d45d0cc683f1e273e65cbba440014777b2a93cba,observed,within_series_coverage,False,False
TP.TARIMUFE01,2025-02,2025-02-01,2025-02-28,2025-02,62,792.15,792.15000000,False,1738357200,agri_ppi,"TUIK Tarim Urunleri Ureticileri Fiyat Endeksi'nin genel (Tarim, Ormancilik ve Balikcilik) ana endeksini izlemek; alt bilesenler (avcilik, ormancilik, balikcilik) yerine toplam endeks secildi.","Tarım, Ormancılık ve Balıkçılık","Agriculture, Forestry and Fishing",bie_tarimufe,AYLIK,2020=100,avg,TÜİK,raw/TP_TARIMUFE01_2020-01-01_2026-06-30_request.json,a143395742bf973c8692455c7301eebf77ccf794985cd58022b81d88863934de,raw/TP_TARIMUFE01_2020-01-01_2026-06-30_response.json.gz,415ef5c35255d100095942f8d45d0cc683f1e273e65cbba440014777b2a93cba,observed,within_series_coverage,False,False
TP.TARIMUFE01,2025-03,2025-03-01,2025-03-31,2025-03,63,846.92,846.92000000,False,1740776400,agri_ppi,"TUIK Tarim Urunleri Ureticileri Fiyat Endeksi'nin genel (Tarim, Ormancilik ve Balikcilik) ana endeksini izlemek; alt bilesenler (avcilik, ormancilik, balikcilik) yerine toplam endeks secildi.","Tarım, Ormancılık ve Balıkçılık","Agriculture, Forestry and Fishing",bie_tarimufe,AYLIK,2020=100,avg,TÜİK,raw/TP_TARIMUFE01_2020-01-01_2026-06-30_request.json,a143395742bf973c8692455c7301eebf77ccf794985cd58022b81d88863934de,raw/TP_TARIMUFE01_2020-01-01_2026-06-30_response.json.gz,415ef5c35255d100095942f8d45d0cc683f1e273e65cbba440014777b2a93cba,observed,within_series_coverage,False,False
TP.TARIMUFE01,2025-04,2025-04-01,2025-04-30,2025-04,64,843.1,843.10000000,False,1743454800,agri_ppi,"TUIK Tarim Urunleri Ureticileri Fiyat Endeksi'nin genel (Tarim, Ormancilik ve Balikcilik) ana endeksini izlemek; alt bilesenler (avcilik, ormancilik, balikcilik) yerine toplam endeks secildi.","Tarım, Ormancılık ve Balıkçılık","Agriculture, Forestry and Fishing",bie_tarimufe,AYLIK,2020=100,avg,TÜİK,raw/TP_TARIMUFE01_2020-01-01_2026-06-30_request.json,a143395742bf973c8692455c7301eebf77ccf794985cd58022b81d88863934de,raw/TP_TARIMUFE01_2020-01-01_2026-06-30_response.json.gz,415ef5c35255d100095942f8d45d0cc683f1e273e65cbba440014777b2a93cba,observed,within_series_coverage,False,False
TP.TARIMUFE01,2025-05,2025-05-01,2025-05-31,2025-05,65,845.0,845.00000000,False,1746046800,agri_ppi,"TUIK Tarim Urunleri Ureticileri Fiyat Endeksi'nin genel (Tarim, Ormancilik ve Balikcilik) ana endeksini izlemek; alt bilesenler (avcilik, ormancilik, balikcilik) yerine toplam endeks secildi.","Tarım, Ormancılık ve Balıkçılık","Agriculture, Forestry and Fishing",bie_tarimufe,AYLIK,2020=100,avg,TÜİK,raw/TP_TARIMUFE01_2020-01-01_2026-06-30_request.json,a143395742bf973c8692455c7301eebf77ccf794985cd58022b81d88863934de,raw/TP_TARIMUFE01_2020-01-01_2026-06-30_response.json.gz,415ef5c35255d100095942f8d45d0cc683f1e273e65cbba440014777b2a93cba,observed,within_series_coverage,False,False
TP.TARIMUFE01,2025-06,2025-06-01,2025-06-30,2025-06,66,1004.05,1004.05000000,False,1748725200,agri_ppi,"TUIK Tarim Urunleri Ureticileri Fiyat Endeksi'nin genel (Tarim, Ormancilik ve Balikcilik) ana endeksini izlemek; alt bilesenler (avcilik, ormancilik, balikcilik) yerine toplam endeks secildi.","Tarım, Ormancılık ve Balıkçılık","Agriculture, Forestry and Fishing",bie_tarimufe,AYLIK,2020=100,avg,TÜİK,raw/TP_TARIMUFE01_2020-01-01_2026-06-30_request.json,a143395742bf973c8692455c7301eebf77ccf794985cd58022b81d88863934de,raw/TP_TARIMUFE01_2020-01-01_2026-06-30_response.json.gz,415ef5c35255d100095942f8d45d0cc683f1e273e65cbba440014777b2a93cba,observed,within_series_coverage,False,False
TP.TARIMUFE01,2025-07,2025-07-01,2025-07-31,2025-07,67,947.27,947.27000000,False,1751317200,agri_ppi,"TUIK Tarim Urunleri Ureticileri Fiyat Endeksi'nin genel (Tarim, Ormancilik ve Balikcilik) ana endeksini izlemek; alt bilesenler (avcilik, ormancilik, balikcilik) yerine toplam endeks secildi.","Tarım, Ormancılık ve Balıkçılık","Agriculture, Forestry and Fishing",bie_tarimufe,AYLIK,2020=100,avg,TÜİK,raw/TP_TARIMUFE01_2020-01-01_2026-06-30_request.json,a143395742bf973c8692455c7301eebf77ccf794985cd58022b81d88863934de,raw/TP_TARIMUFE01_2020-01-01_2026-06-30_response.json.gz,415ef5c35255d100095942f8d45d0cc683f1e273e65cbba440014777b2a93cba,observed,within_series_coverage,False,False
TP.TARIMUFE01,2025-08,2025-08-01,2025-08-31,2025-08,68,914.62,914.62000000,False,1753995600,agri_ppi,"TUIK Tarim Urunleri Ureticileri Fiyat Endeksi'nin genel (Tarim, Ormancilik ve Balikcilik) ana endeksini izlemek; alt bilesenler (avcilik, ormancilik, balikcilik) yerine toplam endeks secildi.","Tarım, Ormancılık ve Balıkçılık","Agriculture, Forestry and Fishing",bie_tarimufe,AYLIK,2020=100,avg,TÜİK,raw/TP_TARIMUFE01_2020-01-01_2026-06-30_request.json,a143395742bf973c8692455c7301eebf77ccf794985cd58022b81d88863934de,raw/TP_TARIMUFE01_2020-01-01_2026-06-30_response.json.gz,415ef5c35255d100095942f8d45d0cc683f1e273e65cbba440014777b2a93cba,observed,within_series_coverage,False,False
TP.TARIMUFE01,2025-09,2025-09-01,2025-09-30,2025-09,69,967.71,967.71000000,False,1756674000,agri_ppi,"TUIK Tarim Urunleri Ureticileri Fiyat Endeksi'nin genel (Tarim, Ormancilik ve Balikcilik) ana endeksini izlemek; alt bilesenler (avcilik, ormancilik, balikcilik) yerine toplam endeks secildi.","Tarım, Ormancılık ve Balıkçılık","Agriculture, Forestry and Fishing",bie_tarimufe,AYLIK,2020=100,avg,TÜİK,raw/TP_TARIMUFE01_2020-01-01_2026-06-30_request.json,a143395742bf973c8692455c7301eebf77ccf794985cd58022b81d88863934de,raw/TP_TARIMUFE01_2020-01-01_2026-06-30_response.json.gz,415ef5c35255d100095942f8d45d0cc683f1e273e65cbba440014777b2a93cba,observed,within_series_coverage,False,False
TP.TARIMUFE01,2025-10,2025-10-01,2025-10-31,2025-10,70,1006.44,1006.44000000,False,1759266000,agri_ppi,"TUIK Tarim Urunleri Ureticileri Fiyat Endeksi'nin genel (Tarim, Ormancilik ve Balikcilik) ana endeksini izlemek; alt bilesenler (avcilik, ormancilik, balikcilik) yerine toplam endeks secildi.","Tarım, Ormancılık ve Balıkçılık","Agriculture, Forestry and Fishing",bie_tarimufe,AYLIK,2020=100,avg,TÜİK,raw/TP_TARIMUFE01_2020-01-01_2026-06-30_request.json,a143395742bf973c8692455c7301eebf77ccf794985cd58022b81d88863934de,raw/TP_TARIMUFE01_2020-01-01_2026-06-30_response.json.gz,415ef5c35255d100095942f8d45d0cc683f1e273e65cbba440014777b2a93cba,observed,within_series_coverage,False,False
TP.TARIMUFE01,2025-11,2025-11-01,2025-11-30,2025-11,71,990.71,990.71000000,False,1761944400,agri_ppi,"TUIK Tarim Urunleri Ureticileri Fiyat Endeksi'nin genel (Tarim, Ormancilik ve Balikcilik) ana endeksini izlemek; alt bilesenler (avcilik, ormancilik, balikcilik) yerine toplam endeks secildi.","Tarım, Ormancılık ve Balıkçılık","Agriculture, Forestry and Fishing",bie_tarimufe,AYLIK,2020=100,avg,TÜİK,raw/TP_TARIMUFE01_2020-01-01_2026-06-30_request.json,a143395742bf973c8692455c7301eebf77ccf794985cd58022b81d88863934de,raw/TP_TARIMUFE01_2020-01-01_2026-06-30_response.json.gz,415ef5c35255d100095942f8d45d0cc683f1e273e65cbba440014777b2a93cba,observed,within_series_coverage,False,False
TP.TARIMUFE01,2025-12,2025-12-01,2025-12-31,2025-12,72,1021.06,1021.06000000,False,1764536400,agri_ppi,"TUIK Tarim Urunleri Ureticileri Fiyat Endeksi'nin genel (Tarim, Ormancilik ve Balikcilik) ana endeksini izlemek; alt bilesenler (avcilik, ormancilik, balikcilik) yerine toplam endeks secildi.","Tarım, Ormancılık ve Balıkçılık","Agriculture, Forestry and Fishing",bie_tarimufe,AYLIK,2020=100,avg,TÜİK,raw/TP_TARIMUFE01_2020-01-01_2026-06-30_request.json,a143395742bf973c8692455c7301eebf77ccf794985cd58022b81d88863934de,raw/TP_TARIMUFE01_2020-01-01_2026-06-30_response.json.gz,415ef5c35255d100095942f8d45d0cc683f1e273e65cbba440014777b2a93cba,observed,within_series_coverage,False,False
TP.TARIMUFE01,2026-01,2026-01-01,2026-01-31,2026-01,73,1107.41,1107.41000000,False,1767214800,agri_ppi,"TUIK Tarim Urunleri Ureticileri Fiyat Endeksi'nin genel (Tarim, Ormancilik ve Balikcilik) ana endeksini izlemek; alt bilesenler (avcilik, ormancilik, balikcilik) yerine toplam endeks secildi.","Tarım, Ormancılık ve Balıkçılık","Agriculture, Forestry and Fishing",bie_tarimufe,AYLIK,2020=100,avg,TÜİK,raw/TP_TARIMUFE01_2020-01-01_2026-06-30_request.json,a143395742bf973c8692455c7301eebf77ccf794985cd58022b81d88863934de,raw/TP_TARIMUFE01_2020-01-01_2026-06-30_response.json.gz,415ef5c35255d100095942f8d45d0cc683f1e273e65cbba440014777b2a93cba,observed,within_series_coverage,False,False
TP.TARIMUFE01,2026-02,2026-02-01,2026-02-28,2026-02,74,1109.78,1109.78000000,False,1769893200,agri_ppi,"TUIK Tarim Urunleri Ureticileri Fiyat Endeksi'nin genel (Tarim, Ormancilik ve Balikcilik) ana endeksini izlemek; alt bilesenler (avcilik, ormancilik, balikcilik) yerine toplam endeks secildi.","Tarım, Ormancılık ve Balıkçılık","Agriculture, Forestry and Fishing",bie_tarimufe,AYLIK,2020=100,avg,TÜİK,raw/TP_TARIMUFE01_2020-01-01_2026-06-30_request.json,a143395742bf973c8692455c7301eebf77ccf794985cd58022b81d88863934de,raw/TP_TARIMUFE01_2020-01-01_2026-06-30_response.json.gz,415ef5c35255d100095942f8d45d0cc683f1e273e65cbba440014777b2a93cba,observed,within_series_coverage,False,False
TP.TARIMUFE01,2026-03,2026-03-01,2026-03-31,2026-03,75,1152.56,1152.56000000,False,1772312400,agri_ppi,"TUIK Tarim Urunleri Ureticileri Fiyat Endeksi'nin genel (Tarim, Ormancilik ve Balikcilik) ana endeksini izlemek; alt bilesenler (avcilik, ormancilik, balikcilik) yerine toplam endeks secildi.","Tarım, Ormancılık ve Balıkçılık","Agriculture, Forestry and Fishing",bie_tarimufe,AYLIK,2020=100,avg,TÜİK,raw/TP_TARIMUFE01_2020-01-01_2026-06-30_request.json,a143395742bf973c8692455c7301eebf77ccf794985cd58022b81d88863934de,raw/TP_TARIMUFE01_2020-01-01_2026-06-30_response.json.gz,415ef5c35255d100095942f8d45d0cc683f1e273e65cbba440014777b2a93cba,observed,within_series_coverage,False,False
TP.TARIMUFE01,2026-04,2026-04-01,2026-04-30,2026-04,76,1201.65,1201.65000000,False,1774990800,agri_ppi,"TUIK Tarim Urunleri Ureticileri Fiyat Endeksi'nin genel (Tarim, Ormancilik ve Balikcilik) ana endeksini izlemek; alt bilesenler (avcilik, ormancilik, balikcilik) yerine toplam endeks secildi.","Tarım, Ormancılık ve Balıkçılık","Agriculture, Forestry and Fishing",bie_tarimufe,AYLIK,2020=100,avg,TÜİK,raw/TP_TARIMUFE01_2020-01-01_2026-06-30_request.json,a143395742bf973c8692455c7301eebf77ccf794985cd58022b81d88863934de,raw/TP_TARIMUFE01_2020-01-01_2026-06-30_response.json.gz,415ef5c35255d100095942f8d45d0cc683f1e273e65cbba440014777b2a93cba,observed,within_series_coverage,False,False
TP.TARIMUFE01,2026-05,2026-05-01,2026-05-31,2026-05,77,1208.99,1208.99000000,False,1777582800,agri_ppi,"TUIK Tarim Urunleri Ureticileri Fiyat Endeksi'nin genel (Tarim, Ormancilik ve Balikcilik) ana endeksini izlemek; alt bilesenler (avcilik, ormancilik, balikcilik) yerine toplam endeks secildi.","Tarım, Ormancılık ve Balıkçılık","Agriculture, Forestry and Fishing",bie_tarimufe,AYLIK,2020=100,avg,TÜİK,raw/TP_TARIMUFE01_2020-01-01_2026-06-30_request.json,a143395742bf973c8692455c7301eebf77ccf794985cd58022b81d88863934de,raw/TP_TARIMUFE01_2020-01-01_2026-06-30_response.json.gz,415ef5c35255d100095942f8d45d0cc683f1e273e65cbba440014777b2a93cba,observed,within_series_coverage,False,False
TP.TARIMUFE01,2026-06,2026-06-01,2026-06-30,2026-06,78,1099.96,1099.96000000,False,1780261200,agri_ppi,"TUIK Tarim Urunleri Ureticileri Fiyat Endeksi'nin genel (Tarim, Ormancilik ve Balikcilik) ana endeksini izlemek; alt bilesenler (avcilik, ormancilik, balikcilik) yerine toplam endeks secildi.","Tarım, Ormancılık ve Balıkçılık","Agriculture, Forestry and Fishing",bie_tarimufe,AYLIK,2020=100,avg,TÜİK,raw/TP_TARIMUFE01_2020-01-01_2026-06-30_request.json,a143395742bf973c8692455c7301eebf77ccf794985cd58022b81d88863934de,raw/TP_TARIMUFE01_2020-01-01_2026-06-30_response.json.gz,415ef5c35255d100095942f8d45d0cc683f1e273e65cbba440014777b2a93cba,observed,within_series_coverage,False,False
