quarter,observation_date,city,group_code,group_name,measure_code,measure_label,source_value,usable_value,value_origin,derivation_formula,proof_basis,sector_branch_count,deposit_branch_count,development_investment_branch_count,participation_branch_count,missing_function_group_count,observed_function_group_sum,identity_residual,identity_holds,source_file,source_sha256,source_request_info_file,source_request_info_sha256,source_metadata_url
2021-03,2021-03-31,ADIYAMAN,10003,KALKINMA VE YATIRIM,SubeSayisi,Yurtiçi Şube Sayısı,,0.0,derived_zero_function_group_identity,SEKTOR = MEVDUAT + KATILIM + KALKINMA_VE_YATIRIM,Published sector total equals the sum of the three non-negative functional-group branch counts with zero residual.,43.0,38.0,,5.0,1,43.0,0.0,True,raw/2021-3_table06.json.gz,5ccd0b8a2e7032e04b84d65cb60df35d49414a323e2846e154c7eaec3d00dff9,raw/2021-3_table06_info.json,7157b015cc532dbebacc420b3404e8cae283e641a5f20444c8674288bfd55bd9,https://www.bddk.org.tr/BultenFinturk/tr/Home/MetaveriPdfIndir?tabloNo=6
2021-03,2021-03-31,AFYONKARAHİSAR,10003,KALKINMA VE YATIRIM,SubeSayisi,Yurtiçi Şube Sayısı,,0.0,derived_zero_function_group_identity,SEKTOR = MEVDUAT + KATILIM + KALKINMA_VE_YATIRIM,Published sector total equals the sum of the three non-negative functional-group branch counts with zero residual.,93.0,87.0,,6.0,1,93.0,0.0,True,raw/2021-3_table06.json.gz,5ccd0b8a2e7032e04b84d65cb60df35d49414a323e2846e154c7eaec3d00dff9,raw/2021-3_table06_info.json,7157b015cc532dbebacc420b3404e8cae283e641a5f20444c8674288bfd55bd9,https://www.bddk.org.tr/BultenFinturk/tr/Home/MetaveriPdfIndir?tabloNo=6
2021-03,2021-03-31,AKSARAY,10003,KALKINMA VE YATIRIM,SubeSayisi,Yurtiçi Şube Sayısı,,0.0,derived_zero_function_group_identity,SEKTOR = MEVDUAT + KATILIM + KALKINMA_VE_YATIRIM,Published sector total equals the sum of the three non-negative functional-group branch counts with zero residual.,39.0,32.0,,7.0,1,39.0,0.0,True,raw/2021-3_table06.json.gz,5ccd0b8a2e7032e04b84d65cb60df35d49414a323e2846e154c7eaec3d00dff9,raw/2021-3_table06_info.json,7157b015cc532dbebacc420b3404e8cae283e641a5f20444c8674288bfd55bd9,https://www.bddk.org.tr/BultenFinturk/tr/Home/MetaveriPdfIndir?tabloNo=6
2021-03,2021-03-31,AMASYA,10003,KALKINMA VE YATIRIM,SubeSayisi,Yurtiçi Şube Sayısı,,0.0,derived_zero_function_group_identity,SEKTOR = MEVDUAT + KATILIM + KALKINMA_VE_YATIRIM,Published sector total equals the sum of the three non-negative functional-group branch counts with zero residual.,41.0,38.0,,3.0,1,41.0,0.0,True,raw/2021-3_table06.json.gz,5ccd0b8a2e7032e04b84d65cb60df35d49414a323e2846e154c7eaec3d00dff9,raw/2021-3_table06_info.json,7157b015cc532dbebacc420b3404e8cae283e641a5f20444c8674288bfd55bd9,https://www.bddk.org.tr/BultenFinturk/tr/Home/MetaveriPdfIndir?tabloNo=6
2021-03,2021-03-31,ARDAHAN,10003,KALKINMA VE YATIRIM,SubeSayisi,Yurtiçi Şube Sayısı,,0.0,derived_zero_function_group_identity,SEKTOR = MEVDUAT + KATILIM + KALKINMA_VE_YATIRIM,Published sector total equals the sum of the three non-negative functional-group branch counts with zero residual.,16.0,16.0,,,2,16.0,0.0,True,raw/2021-3_table06.json.gz,5ccd0b8a2e7032e04b84d65cb60df35d49414a323e2846e154c7eaec3d00dff9,raw/2021-3_table06_info.json,7157b015cc532dbebacc420b3404e8cae283e641a5f20444c8674288bfd55bd9,https://www.bddk.org.tr/BultenFinturk/tr/Home/MetaveriPdfIndir?tabloNo=6
2021-03,2021-03-31,ARDAHAN,10004,KATILIM,SubeSayisi,Yurtiçi Şube Sayısı,,0.0,derived_zero_function_group_identity,SEKTOR = MEVDUAT + KATILIM + KALKINMA_VE_YATIRIM,Published sector total equals the sum of the three non-negative functional-group branch counts with zero residual.,16.0,16.0,,,2,16.0,0.0,True,raw/2021-3_table06.json.gz,5ccd0b8a2e7032e04b84d65cb60df35d49414a323e2846e154c7eaec3d00dff9,raw/2021-3_table06_info.json,7157b015cc532dbebacc420b3404e8cae283e641a5f20444c8674288bfd55bd9,https://www.bddk.org.tr/BultenFinturk/tr/Home/MetaveriPdfIndir?tabloNo=6
2021-03,2021-03-31,ARTVİN,10003,KALKINMA VE YATIRIM,SubeSayisi,Yurtiçi Şube Sayısı,,0.0,derived_zero_function_group_identity,SEKTOR = MEVDUAT + KATILIM + KALKINMA_VE_YATIRIM,Published sector total equals the sum of the three non-negative functional-group branch counts with zero residual.,33.0,33.0,,,2,33.0,0.0,True,raw/2021-3_table06.json.gz,5ccd0b8a2e7032e04b84d65cb60df35d49414a323e2846e154c7eaec3d00dff9,raw/2021-3_table06_info.json,7157b015cc532dbebacc420b3404e8cae283e641a5f20444c8674288bfd55bd9,https://www.bddk.org.tr/BultenFinturk/tr/Home/MetaveriPdfIndir?tabloNo=6
2021-03,2021-03-31,ARTVİN,10004,KATILIM,SubeSayisi,Yurtiçi Şube Sayısı,,0.0,derived_zero_function_group_identity,SEKTOR = MEVDUAT + KATILIM + KALKINMA_VE_YATIRIM,Published sector total equals the sum of the three non-negative functional-group branch counts with zero residual.,33.0,33.0,,,2,33.0,0.0,True,raw/2021-3_table06.json.gz,5ccd0b8a2e7032e04b84d65cb60df35d49414a323e2846e154c7eaec3d00dff9,raw/2021-3_table06_info.json,7157b015cc532dbebacc420b3404e8cae283e641a5f20444c8674288bfd55bd9,https://www.bddk.org.tr/BultenFinturk/tr/Home/MetaveriPdfIndir?tabloNo=6
2021-03,2021-03-31,AYDIN,10003,KALKINMA VE YATIRIM,SubeSayisi,Yurtiçi Şube Sayısı,,0.0,derived_zero_function_group_identity,SEKTOR = MEVDUAT + KATILIM + KALKINMA_VE_YATIRIM,Published sector total equals the sum of the three non-negative functional-group branch counts with zero residual.,160.0,149.0,,11.0,1,160.0,0.0,True,raw/2021-3_table06.json.gz,5ccd0b8a2e7032e04b84d65cb60df35d49414a323e2846e154c7eaec3d00dff9,raw/2021-3_table06_info.json,7157b015cc532dbebacc420b3404e8cae283e641a5f20444c8674288bfd55bd9,https://www.bddk.org.tr/BultenFinturk/tr/Home/MetaveriPdfIndir?tabloNo=6
2021-03,2021-03-31,AĞRI,10003,KALKINMA VE YATIRIM,SubeSayisi,Yurtiçi Şube Sayısı,,0.0,derived_zero_function_group_identity,SEKTOR = MEVDUAT + KATILIM + KALKINMA_VE_YATIRIM,Published sector total equals the sum of the three non-negative functional-group branch counts with zero residual.,28.0,26.0,,2.0,1,28.0,0.0,True,raw/2021-3_table06.json.gz,5ccd0b8a2e7032e04b84d65cb60df35d49414a323e2846e154c7eaec3d00dff9,raw/2021-3_table06_info.json,7157b015cc532dbebacc420b3404e8cae283e641a5f20444c8674288bfd55bd9,https://www.bddk.org.tr/BultenFinturk/tr/Home/MetaveriPdfIndir?tabloNo=6
2021-03,2021-03-31,BALIKESİR,10003,KALKINMA VE YATIRIM,SubeSayisi,Yurtiçi Şube Sayısı,,0.0,derived_zero_function_group_identity,SEKTOR = MEVDUAT + KATILIM + KALKINMA_VE_YATIRIM,Published sector total equals the sum of the three non-negative functional-group branch counts with zero residual.,163.0,152.0,,11.0,1,163.0,0.0,True,raw/2021-3_table06.json.gz,5ccd0b8a2e7032e04b84d65cb60df35d49414a323e2846e154c7eaec3d00dff9,raw/2021-3_table06_info.json,7157b015cc532dbebacc420b3404e8cae283e641a5f20444c8674288bfd55bd9,https://www.bddk.org.tr/BultenFinturk/tr/Home/MetaveriPdfIndir?tabloNo=6
2021-03,2021-03-31,BARTIN,10003,KALKINMA VE YATIRIM,SubeSayisi,Yurtiçi Şube Sayısı,,0.0,derived_zero_function_group_identity,SEKTOR = MEVDUAT + KATILIM + KALKINMA_VE_YATIRIM,Published sector total equals the sum of the three non-negative functional-group branch counts with zero residual.,22.0,21.0,,1.0,1,22.0,0.0,True,raw/2021-3_table06.json.gz,5ccd0b8a2e7032e04b84d65cb60df35d49414a323e2846e154c7eaec3d00dff9,raw/2021-3_table06_info.json,7157b015cc532dbebacc420b3404e8cae283e641a5f20444c8674288bfd55bd9,https://www.bddk.org.tr/BultenFinturk/tr/Home/MetaveriPdfIndir?tabloNo=6
2021-03,2021-03-31,BATMAN,10003,KALKINMA VE YATIRIM,SubeSayisi,Yurtiçi Şube Sayısı,,0.0,derived_zero_function_group_identity,SEKTOR = MEVDUAT + KATILIM + KALKINMA_VE_YATIRIM,Published sector total equals the sum of the three non-negative functional-group branch counts with zero residual.,34.0,27.0,,7.0,1,34.0,0.0,True,raw/2021-3_table06.json.gz,5ccd0b8a2e7032e04b84d65cb60df35d49414a323e2846e154c7eaec3d00dff9,raw/2021-3_table06_info.json,7157b015cc532dbebacc420b3404e8cae283e641a5f20444c8674288bfd55bd9,https://www.bddk.org.tr/BultenFinturk/tr/Home/MetaveriPdfIndir?tabloNo=6
2021-03,2021-03-31,BAYBURT,10003,KALKINMA VE YATIRIM,SubeSayisi,Yurtiçi Şube Sayısı,,0.0,derived_zero_function_group_identity,SEKTOR = MEVDUAT + KATILIM + KALKINMA_VE_YATIRIM,Published sector total equals the sum of the three non-negative functional-group branch counts with zero residual.,8.0,8.0,,,2,8.0,0.0,True,raw/2021-3_table06.json.gz,5ccd0b8a2e7032e04b84d65cb60df35d49414a323e2846e154c7eaec3d00dff9,raw/2021-3_table06_info.json,7157b015cc532dbebacc420b3404e8cae283e641a5f20444c8674288bfd55bd9,https://www.bddk.org.tr/BultenFinturk/tr/Home/MetaveriPdfIndir?tabloNo=6
2021-03,2021-03-31,BAYBURT,10004,KATILIM,SubeSayisi,Yurtiçi Şube Sayısı,,0.0,derived_zero_function_group_identity,SEKTOR = MEVDUAT + KATILIM + KALKINMA_VE_YATIRIM,Published sector total equals the sum of the three non-negative functional-group branch counts with zero residual.,8.0,8.0,,,2,8.0,0.0,True,raw/2021-3_table06.json.gz,5ccd0b8a2e7032e04b84d65cb60df35d49414a323e2846e154c7eaec3d00dff9,raw/2021-3_table06_info.json,7157b015cc532dbebacc420b3404e8cae283e641a5f20444c8674288bfd55bd9,https://www.bddk.org.tr/BultenFinturk/tr/Home/MetaveriPdfIndir?tabloNo=6
2021-03,2021-03-31,BOLU,10003,KALKINMA VE YATIRIM,SubeSayisi,Yurtiçi Şube Sayısı,,0.0,derived_zero_function_group_identity,SEKTOR = MEVDUAT + KATILIM + KALKINMA_VE_YATIRIM,Published sector total equals the sum of the three non-negative functional-group branch counts with zero residual.,40.0,36.0,,4.0,1,40.0,0.0,True,raw/2021-3_table06.json.gz,5ccd0b8a2e7032e04b84d65cb60df35d49414a323e2846e154c7eaec3d00dff9,raw/2021-3_table06_info.json,7157b015cc532dbebacc420b3404e8cae283e641a5f20444c8674288bfd55bd9,https://www.bddk.org.tr/BultenFinturk/tr/Home/MetaveriPdfIndir?tabloNo=6
2021-03,2021-03-31,BURDUR,10003,KALKINMA VE YATIRIM,SubeSayisi,Yurtiçi Şube Sayısı,,0.0,derived_zero_function_group_identity,SEKTOR = MEVDUAT + KATILIM + KALKINMA_VE_YATIRIM,Published sector total equals the sum of the three non-negative functional-group branch counts with zero residual.,38.0,36.0,,2.0,1,38.0,0.0,True,raw/2021-3_table06.json.gz,5ccd0b8a2e7032e04b84d65cb60df35d49414a323e2846e154c7eaec3d00dff9,raw/2021-3_table06_info.json,7157b015cc532dbebacc420b3404e8cae283e641a5f20444c8674288bfd55bd9,https://www.bddk.org.tr/BultenFinturk/tr/Home/MetaveriPdfIndir?tabloNo=6
2021-03,2021-03-31,BİLECİK,10003,KALKINMA VE YATIRIM,SubeSayisi,Yurtiçi Şube Sayısı,,0.0,derived_zero_function_group_identity,SEKTOR = MEVDUAT + KATILIM + KALKINMA_VE_YATIRIM,Published sector total equals the sum of the three non-negative functional-group branch counts with zero residual.,31.0,30.0,,1.0,1,31.0,0.0,True,raw/2021-3_table06.json.gz,5ccd0b8a2e7032e04b84d65cb60df35d49414a323e2846e154c7eaec3d00dff9,raw/2021-3_table06_info.json,7157b015cc532dbebacc420b3404e8cae283e641a5f20444c8674288bfd55bd9,https://www.bddk.org.tr/BultenFinturk/tr/Home/MetaveriPdfIndir?tabloNo=6
2021-03,2021-03-31,BİNGÖL,10003,KALKINMA VE YATIRIM,SubeSayisi,Yurtiçi Şube Sayısı,,0.0,derived_zero_function_group_identity,SEKTOR = MEVDUAT + KATILIM + KALKINMA_VE_YATIRIM,Published sector total equals the sum of the three non-negative functional-group branch counts with zero residual.,16.0,14.0,,2.0,1,16.0,0.0,True,raw/2021-3_table06.json.gz,5ccd0b8a2e7032e04b84d65cb60df35d49414a323e2846e154c7eaec3d00dff9,raw/2021-3_table06_info.json,7157b015cc532dbebacc420b3404e8cae283e641a5f20444c8674288bfd55bd9,https://www.bddk.org.tr/BultenFinturk/tr/Home/MetaveriPdfIndir?tabloNo=6
2021-03,2021-03-31,BİTLİS,10003,KALKINMA VE YATIRIM,SubeSayisi,Yurtiçi Şube Sayısı,,0.0,derived_zero_function_group_identity,SEKTOR = MEVDUAT + KATILIM + KALKINMA_VE_YATIRIM,Published sector total equals the sum of the three non-negative functional-group branch counts with zero residual.,21.0,20.0,,1.0,1,21.0,0.0,True,raw/2021-3_table06.json.gz,5ccd0b8a2e7032e04b84d65cb60df35d49414a323e2846e154c7eaec3d00dff9,raw/2021-3_table06_info.json,7157b015cc532dbebacc420b3404e8cae283e641a5f20444c8674288bfd55bd9,https://www.bddk.org.tr/BultenFinturk/tr/Home/MetaveriPdfIndir?tabloNo=6
2021-03,2021-03-31,DÜZCE,10003,KALKINMA VE YATIRIM,SubeSayisi,Yurtiçi Şube Sayısı,,0.0,derived_zero_function_group_identity,SEKTOR = MEVDUAT + KATILIM + KALKINMA_VE_YATIRIM,Published sector total equals the sum of the three non-negative functional-group branch counts with zero residual.,39.0,34.0,,5.0,1,39.0,0.0,True,raw/2021-3_table06.json.gz,5ccd0b8a2e7032e04b84d65cb60df35d49414a323e2846e154c7eaec3d00dff9,raw/2021-3_table06_info.json,7157b015cc532dbebacc420b3404e8cae283e641a5f20444c8674288bfd55bd9,https://www.bddk.org.tr/BultenFinturk/tr/Home/MetaveriPdfIndir?tabloNo=6
2021-03,2021-03-31,EDİRNE,10003,KALKINMA VE YATIRIM,SubeSayisi,Yurtiçi Şube Sayısı,,0.0,derived_zero_function_group_identity,SEKTOR = MEVDUAT + KATILIM + KALKINMA_VE_YATIRIM,Published sector total equals the sum of the three non-negative functional-group branch counts with zero residual.,60.0,57.0,,3.0,1,60.0,0.0,True,raw/2021-3_table06.json.gz,5ccd0b8a2e7032e04b84d65cb60df35d49414a323e2846e154c7eaec3d00dff9,raw/2021-3_table06_info.json,7157b015cc532dbebacc420b3404e8cae283e641a5f20444c8674288bfd55bd9,https://www.bddk.org.tr/BultenFinturk/tr/Home/MetaveriPdfIndir?tabloNo=6
2021-03,2021-03-31,ERZİNCAN,10003,KALKINMA VE YATIRIM,SubeSayisi,Yurtiçi Şube Sayısı,,0.0,derived_zero_function_group_identity,SEKTOR = MEVDUAT + KATILIM + KALKINMA_VE_YATIRIM,Published sector total equals the sum of the three non-negative functional-group branch counts with zero residual.,31.0,26.0,,5.0,1,31.0,0.0,True,raw/2021-3_table06.json.gz,5ccd0b8a2e7032e04b84d65cb60df35d49414a323e2846e154c7eaec3d00dff9,raw/2021-3_table06_info.json,7157b015cc532dbebacc420b3404e8cae283e641a5f20444c8674288bfd55bd9,https://www.bddk.org.tr/BultenFinturk/tr/Home/MetaveriPdfIndir?tabloNo=6
2021-03,2021-03-31,GÜMÜŞHANE,10003,KALKINMA VE YATIRIM,SubeSayisi,Yurtiçi Şube Sayısı,,0.0,derived_zero_function_group_identity,SEKTOR = MEVDUAT + KATILIM + KALKINMA_VE_YATIRIM,Published sector total equals the sum of the three non-negative functional-group branch counts with zero residual.,20.0,19.0,,1.0,1,20.0,0.0,True,raw/2021-3_table06.json.gz,5ccd0b8a2e7032e04b84d65cb60df35d49414a323e2846e154c7eaec3d00dff9,raw/2021-3_table06_info.json,7157b015cc532dbebacc420b3404e8cae283e641a5f20444c8674288bfd55bd9,https://www.bddk.org.tr/BultenFinturk/tr/Home/MetaveriPdfIndir?tabloNo=6
2021-03,2021-03-31,GİRESUN,10003,KALKINMA VE YATIRIM,SubeSayisi,Yurtiçi Şube Sayısı,,0.0,derived_zero_function_group_identity,SEKTOR = MEVDUAT + KATILIM + KALKINMA_VE_YATIRIM,Published sector total equals the sum of the three non-negative functional-group branch counts with zero residual.,54.0,50.0,,4.0,1,54.0,0.0,True,raw/2021-3_table06.json.gz,5ccd0b8a2e7032e04b84d65cb60df35d49414a323e2846e154c7eaec3d00dff9,raw/2021-3_table06_info.json,7157b015cc532dbebacc420b3404e8cae283e641a5f20444c8674288bfd55bd9,https://www.bddk.org.tr/BultenFinturk/tr/Home/MetaveriPdfIndir?tabloNo=6
2021-03,2021-03-31,HAKKARİ,10003,KALKINMA VE YATIRIM,SubeSayisi,Yurtiçi Şube Sayısı,,0.0,derived_zero_function_group_identity,SEKTOR = MEVDUAT + KATILIM + KALKINMA_VE_YATIRIM,Published sector total equals the sum of the three non-negative functional-group branch counts with zero residual.,17.0,17.0,,,2,17.0,0.0,True,raw/2021-3_table06.json.gz,5ccd0b8a2e7032e04b84d65cb60df35d49414a323e2846e154c7eaec3d00dff9,raw/2021-3_table06_info.json,7157b015cc532dbebacc420b3404e8cae283e641a5f20444c8674288bfd55bd9,https://www.bddk.org.tr/BultenFinturk/tr/Home/MetaveriPdfIndir?tabloNo=6
2021-03,2021-03-31,HAKKARİ,10004,KATILIM,SubeSayisi,Yurtiçi Şube Sayısı,,0.0,derived_zero_function_group_identity,SEKTOR = MEVDUAT + KATILIM + KALKINMA_VE_YATIRIM,Published sector total equals the sum of the three non-negative functional-group branch counts with zero residual.,17.0,17.0,,,2,17.0,0.0,True,raw/2021-3_table06.json.gz,5ccd0b8a2e7032e04b84d65cb60df35d49414a323e2846e154c7eaec3d00dff9,raw/2021-3_table06_info.json,7157b015cc532dbebacc420b3404e8cae283e641a5f20444c8674288bfd55bd9,https://www.bddk.org.tr/BultenFinturk/tr/Home/MetaveriPdfIndir?tabloNo=6
2021-03,2021-03-31,ISPARTA,10003,KALKINMA VE YATIRIM,SubeSayisi,Yurtiçi Şube Sayısı,,0.0,derived_zero_function_group_identity,SEKTOR = MEVDUAT + KATILIM + KALKINMA_VE_YATIRIM,Published sector total equals the sum of the three non-negative functional-group branch counts with zero residual.,58.0,52.0,,6.0,1,58.0,0.0,True,raw/2021-3_table06.json.gz,5ccd0b8a2e7032e04b84d65cb60df35d49414a323e2846e154c7eaec3d00dff9,raw/2021-3_table06_info.json,7157b015cc532dbebacc420b3404e8cae283e641a5f20444c8674288bfd55bd9,https://www.bddk.org.tr/BultenFinturk/tr/Home/MetaveriPdfIndir?tabloNo=6
2021-03,2021-03-31,IĞDIR,10003,KALKINMA VE YATIRIM,SubeSayisi,Yurtiçi Şube Sayısı,,0.0,derived_zero_function_group_identity,SEKTOR = MEVDUAT + KATILIM + KALKINMA_VE_YATIRIM,Published sector total equals the sum of the three non-negative functional-group branch counts with zero residual.,16.0,15.0,,1.0,1,16.0,0.0,True,raw/2021-3_table06.json.gz,5ccd0b8a2e7032e04b84d65cb60df35d49414a323e2846e154c7eaec3d00dff9,raw/2021-3_table06_info.json,7157b015cc532dbebacc420b3404e8cae283e641a5f20444c8674288bfd55bd9,https://www.bddk.org.tr/BultenFinturk/tr/Home/MetaveriPdfIndir?tabloNo=6
2021-03,2021-03-31,KARABÜK,10003,KALKINMA VE YATIRIM,SubeSayisi,Yurtiçi Şube Sayısı,,0.0,derived_zero_function_group_identity,SEKTOR = MEVDUAT + KATILIM + KALKINMA_VE_YATIRIM,Published sector total equals the sum of the three non-negative functional-group branch counts with zero residual.,29.0,26.0,,3.0,1,29.0,0.0,True,raw/2021-3_table06.json.gz,5ccd0b8a2e7032e04b84d65cb60df35d49414a323e2846e154c7eaec3d00dff9,raw/2021-3_table06_info.json,7157b015cc532dbebacc420b3404e8cae283e641a5f20444c8674288bfd55bd9,https://www.bddk.org.tr/BultenFinturk/tr/Home/MetaveriPdfIndir?tabloNo=6
2021-03,2021-03-31,KARAMAN,10003,KALKINMA VE YATIRIM,SubeSayisi,Yurtiçi Şube Sayısı,,0.0,derived_zero_function_group_identity,SEKTOR = MEVDUAT + KATILIM + KALKINMA_VE_YATIRIM,Published sector total equals the sum of the three non-negative functional-group branch counts with zero residual.,27.0,22.0,,5.0,1,27.0,0.0,True,raw/2021-3_table06.json.gz,5ccd0b8a2e7032e04b84d65cb60df35d49414a323e2846e154c7eaec3d00dff9,raw/2021-3_table06_info.json,7157b015cc532dbebacc420b3404e8cae283e641a5f20444c8674288bfd55bd9,https://www.bddk.org.tr/BultenFinturk/tr/Home/MetaveriPdfIndir?tabloNo=6
2021-03,2021-03-31,KARS,10003,KALKINMA VE YATIRIM,SubeSayisi,Yurtiçi Şube Sayısı,,0.0,derived_zero_function_group_identity,SEKTOR = MEVDUAT + KATILIM + KALKINMA_VE_YATIRIM,Published sector total equals the sum of the three non-negative functional-group branch counts with zero residual.,29.0,27.0,,2.0,1,29.0,0.0,True,raw/2021-3_table06.json.gz,5ccd0b8a2e7032e04b84d65cb60df35d49414a323e2846e154c7eaec3d00dff9,raw/2021-3_table06_info.json,7157b015cc532dbebacc420b3404e8cae283e641a5f20444c8674288bfd55bd9,https://www.bddk.org.tr/BultenFinturk/tr/Home/MetaveriPdfIndir?tabloNo=6
2021-03,2021-03-31,KIRIKKALE,10003,KALKINMA VE YATIRIM,SubeSayisi,Yurtiçi Şube Sayısı,,0.0,derived_zero_function_group_identity,SEKTOR = MEVDUAT + KATILIM + KALKINMA_VE_YATIRIM,Published sector total equals the sum of the three non-negative functional-group branch counts with zero residual.,28.0,26.0,,2.0,1,28.0,0.0,True,raw/2021-3_table06.json.gz,5ccd0b8a2e7032e04b84d65cb60df35d49414a323e2846e154c7eaec3d00dff9,raw/2021-3_table06_info.json,7157b015cc532dbebacc420b3404e8cae283e641a5f20444c8674288bfd55bd9,https://www.bddk.org.tr/BultenFinturk/tr/Home/MetaveriPdfIndir?tabloNo=6
2021-03,2021-03-31,KIRKLARELİ,10003,KALKINMA VE YATIRIM,SubeSayisi,Yurtiçi Şube Sayısı,,0.0,derived_zero_function_group_identity,SEKTOR = MEVDUAT + KATILIM + KALKINMA_VE_YATIRIM,Published sector total equals the sum of the three non-negative functional-group branch counts with zero residual.,51.0,50.0,,1.0,1,51.0,0.0,True,raw/2021-3_table06.json.gz,5ccd0b8a2e7032e04b84d65cb60df35d49414a323e2846e154c7eaec3d00dff9,raw/2021-3_table06_info.json,7157b015cc532dbebacc420b3404e8cae283e641a5f20444c8674288bfd55bd9,https://www.bddk.org.tr/BultenFinturk/tr/Home/MetaveriPdfIndir?tabloNo=6
2021-03,2021-03-31,KIRŞEHİR,10003,KALKINMA VE YATIRIM,SubeSayisi,Yurtiçi Şube Sayısı,,0.0,derived_zero_function_group_identity,SEKTOR = MEVDUAT + KATILIM + KALKINMA_VE_YATIRIM,Published sector total equals the sum of the three non-negative functional-group branch counts with zero residual.,28.0,26.0,,2.0,1,28.0,0.0,True,raw/2021-3_table06.json.gz,5ccd0b8a2e7032e04b84d65cb60df35d49414a323e2846e154c7eaec3d00dff9,raw/2021-3_table06_info.json,7157b015cc532dbebacc420b3404e8cae283e641a5f20444c8674288bfd55bd9,https://www.bddk.org.tr/BultenFinturk/tr/Home/MetaveriPdfIndir?tabloNo=6
2021-03,2021-03-31,KÜTAHYA,10003,KALKINMA VE YATIRIM,SubeSayisi,Yurtiçi Şube Sayısı,,0.0,derived_zero_function_group_identity,SEKTOR = MEVDUAT + KATILIM + KALKINMA_VE_YATIRIM,Published sector total equals the sum of the three non-negative functional-group branch counts with zero residual.,59.0,53.0,,6.0,1,59.0,0.0,True,raw/2021-3_table06.json.gz,5ccd0b8a2e7032e04b84d65cb60df35d49414a323e2846e154c7eaec3d00dff9,raw/2021-3_table06_info.json,7157b015cc532dbebacc420b3404e8cae283e641a5f20444c8674288bfd55bd9,https://www.bddk.org.tr/BultenFinturk/tr/Home/MetaveriPdfIndir?tabloNo=6
2021-03,2021-03-31,KİLİS,10003,KALKINMA VE YATIRIM,SubeSayisi,Yurtiçi Şube Sayısı,,0.0,derived_zero_function_group_identity,SEKTOR = MEVDUAT + KATILIM + KALKINMA_VE_YATIRIM,Published sector total equals the sum of the three non-negative functional-group branch counts with zero residual.,10.0,9.0,,1.0,1,10.0,0.0,True,raw/2021-3_table06.json.gz,5ccd0b8a2e7032e04b84d65cb60df35d49414a323e2846e154c7eaec3d00dff9,raw/2021-3_table06_info.json,7157b015cc532dbebacc420b3404e8cae283e641a5f20444c8674288bfd55bd9,https://www.bddk.org.tr/BultenFinturk/tr/Home/MetaveriPdfIndir?tabloNo=6
2021-03,2021-03-31,MALATYA,10003,KALKINMA VE YATIRIM,SubeSayisi,Yurtiçi Şube Sayısı,,0.0,derived_zero_function_group_identity,SEKTOR = MEVDUAT + KATILIM + KALKINMA_VE_YATIRIM,Published sector total equals the sum of the three non-negative functional-group branch counts with zero residual.,67.0,58.0,,9.0,1,67.0,0.0,True,raw/2021-3_table06.json.gz,5ccd0b8a2e7032e04b84d65cb60df35d49414a323e2846e154c7eaec3d00dff9,raw/2021-3_table06_info.json,7157b015cc532dbebacc420b3404e8cae283e641a5f20444c8674288bfd55bd9,https://www.bddk.org.tr/BultenFinturk/tr/Home/MetaveriPdfIndir?tabloNo=6
2021-03,2021-03-31,MARDİN,10003,KALKINMA VE YATIRIM,SubeSayisi,Yurtiçi Şube Sayısı,,0.0,derived_zero_function_group_identity,SEKTOR = MEVDUAT + KATILIM + KALKINMA_VE_YATIRIM,Published sector total equals the sum of the three non-negative functional-group branch counts with zero residual.,48.0,44.0,,4.0,1,48.0,0.0,True,raw/2021-3_table06.json.gz,5ccd0b8a2e7032e04b84d65cb60df35d49414a323e2846e154c7eaec3d00dff9,raw/2021-3_table06_info.json,7157b015cc532dbebacc420b3404e8cae283e641a5f20444c8674288bfd55bd9,https://www.bddk.org.tr/BultenFinturk/tr/Home/MetaveriPdfIndir?tabloNo=6
2021-03,2021-03-31,MUŞ,10003,KALKINMA VE YATIRIM,SubeSayisi,Yurtiçi Şube Sayısı,,0.0,derived_zero_function_group_identity,SEKTOR = MEVDUAT + KATILIM + KALKINMA_VE_YATIRIM,Published sector total equals the sum of the three non-negative functional-group branch counts with zero residual.,21.0,19.0,,2.0,1,21.0,0.0,True,raw/2021-3_table06.json.gz,5ccd0b8a2e7032e04b84d65cb60df35d49414a323e2846e154c7eaec3d00dff9,raw/2021-3_table06_info.json,7157b015cc532dbebacc420b3404e8cae283e641a5f20444c8674288bfd55bd9,https://www.bddk.org.tr/BultenFinturk/tr/Home/MetaveriPdfIndir?tabloNo=6
2021-03,2021-03-31,NEVŞEHİR,10003,KALKINMA VE YATIRIM,SubeSayisi,Yurtiçi Şube Sayısı,,0.0,derived_zero_function_group_identity,SEKTOR = MEVDUAT + KATILIM + KALKINMA_VE_YATIRIM,Published sector total equals the sum of the three non-negative functional-group branch counts with zero residual.,40.0,35.0,,5.0,1,40.0,0.0,True,raw/2021-3_table06.json.gz,5ccd0b8a2e7032e04b84d65cb60df35d49414a323e2846e154c7eaec3d00dff9,raw/2021-3_table06_info.json,7157b015cc532dbebacc420b3404e8cae283e641a5f20444c8674288bfd55bd9,https://www.bddk.org.tr/BultenFinturk/tr/Home/MetaveriPdfIndir?tabloNo=6
2021-03,2021-03-31,NİĞDE,10003,KALKINMA VE YATIRIM,SubeSayisi,Yurtiçi Şube Sayısı,,0.0,derived_zero_function_group_identity,SEKTOR = MEVDUAT + KATILIM + KALKINMA_VE_YATIRIM,Published sector total equals the sum of the three non-negative functional-group branch counts with zero residual.,28.0,26.0,,2.0,1,28.0,0.0,True,raw/2021-3_table06.json.gz,5ccd0b8a2e7032e04b84d65cb60df35d49414a323e2846e154c7eaec3d00dff9,raw/2021-3_table06_info.json,7157b015cc532dbebacc420b3404e8cae283e641a5f20444c8674288bfd55bd9,https://www.bddk.org.tr/BultenFinturk/tr/Home/MetaveriPdfIndir?tabloNo=6
2021-03,2021-03-31,ORDU,10003,KALKINMA VE YATIRIM,SubeSayisi,Yurtiçi Şube Sayısı,,0.0,derived_zero_function_group_identity,SEKTOR = MEVDUAT + KATILIM + KALKINMA_VE_YATIRIM,Published sector total equals the sum of the three non-negative functional-group branch counts with zero residual.,74.0,67.0,,7.0,1,74.0,0.0,True,raw/2021-3_table06.json.gz,5ccd0b8a2e7032e04b84d65cb60df35d49414a323e2846e154c7eaec3d00dff9,raw/2021-3_table06_info.json,7157b015cc532dbebacc420b3404e8cae283e641a5f20444c8674288bfd55bd9,https://www.bddk.org.tr/BultenFinturk/tr/Home/MetaveriPdfIndir?tabloNo=6
2021-03,2021-03-31,OSMANİYE,10003,KALKINMA VE YATIRIM,SubeSayisi,Yurtiçi Şube Sayısı,,0.0,derived_zero_function_group_identity,SEKTOR = MEVDUAT + KATILIM + KALKINMA_VE_YATIRIM,Published sector total equals the sum of the three non-negative functional-group branch counts with zero residual.,40.0,36.0,,4.0,1,40.0,0.0,True,raw/2021-3_table06.json.gz,5ccd0b8a2e7032e04b84d65cb60df35d49414a323e2846e154c7eaec3d00dff9,raw/2021-3_table06_info.json,7157b015cc532dbebacc420b3404e8cae283e641a5f20444c8674288bfd55bd9,https://www.bddk.org.tr/BultenFinturk/tr/Home/MetaveriPdfIndir?tabloNo=6
2021-03,2021-03-31,RİZE,10003,KALKINMA VE YATIRIM,SubeSayisi,Yurtiçi Şube Sayısı,,0.0,derived_zero_function_group_identity,SEKTOR = MEVDUAT + KATILIM + KALKINMA_VE_YATIRIM,Published sector total equals the sum of the three non-negative functional-group branch counts with zero residual.,51.0,45.0,,6.0,1,51.0,0.0,True,raw/2021-3_table06.json.gz,5ccd0b8a2e7032e04b84d65cb60df35d49414a323e2846e154c7eaec3d00dff9,raw/2021-3_table06_info.json,7157b015cc532dbebacc420b3404e8cae283e641a5f20444c8674288bfd55bd9,https://www.bddk.org.tr/BultenFinturk/tr/Home/MetaveriPdfIndir?tabloNo=6
2021-03,2021-03-31,SAKARYA,10003,KALKINMA VE YATIRIM,SubeSayisi,Yurtiçi Şube Sayısı,,0.0,derived_zero_function_group_identity,SEKTOR = MEVDUAT + KATILIM + KALKINMA_VE_YATIRIM,Published sector total equals the sum of the three non-negative functional-group branch counts with zero residual.,120.0,109.0,,11.0,1,120.0,0.0,True,raw/2021-3_table06.json.gz,5ccd0b8a2e7032e04b84d65cb60df35d49414a323e2846e154c7eaec3d00dff9,raw/2021-3_table06_info.json,7157b015cc532dbebacc420b3404e8cae283e641a5f20444c8674288bfd55bd9,https://www.bddk.org.tr/BultenFinturk/tr/Home/MetaveriPdfIndir?tabloNo=6
2021-03,2021-03-31,SİNOP,10003,KALKINMA VE YATIRIM,SubeSayisi,Yurtiçi Şube Sayısı,,0.0,derived_zero_function_group_identity,SEKTOR = MEVDUAT + KATILIM + KALKINMA_VE_YATIRIM,Published sector total equals the sum of the three non-negative functional-group branch counts with zero residual.,30.0,30.0,,,2,30.0,0.0,True,raw/2021-3_table06.json.gz,5ccd0b8a2e7032e04b84d65cb60df35d49414a323e2846e154c7eaec3d00dff9,raw/2021-3_table06_info.json,7157b015cc532dbebacc420b3404e8cae283e641a5f20444c8674288bfd55bd9,https://www.bddk.org.tr/BultenFinturk/tr/Home/MetaveriPdfIndir?tabloNo=6
2021-03,2021-03-31,SİNOP,10004,KATILIM,SubeSayisi,Yurtiçi Şube Sayısı,,0.0,derived_zero_function_group_identity,SEKTOR = MEVDUAT + KATILIM + KALKINMA_VE_YATIRIM,Published sector total equals the sum of the three non-negative functional-group branch counts with zero residual.,30.0,30.0,,,2,30.0,0.0,True,raw/2021-3_table06.json.gz,5ccd0b8a2e7032e04b84d65cb60df35d49414a323e2846e154c7eaec3d00dff9,raw/2021-3_table06_info.json,7157b015cc532dbebacc420b3404e8cae283e641a5f20444c8674288bfd55bd9,https://www.bddk.org.tr/BultenFinturk/tr/Home/MetaveriPdfIndir?tabloNo=6
2021-03,2021-03-31,SİİRT,10003,KALKINMA VE YATIRIM,SubeSayisi,Yurtiçi Şube Sayısı,,0.0,derived_zero_function_group_identity,SEKTOR = MEVDUAT + KATILIM + KALKINMA_VE_YATIRIM,Published sector total equals the sum of the three non-negative functional-group branch counts with zero residual.,21.0,17.0,,4.0,1,21.0,0.0,True,raw/2021-3_table06.json.gz,5ccd0b8a2e7032e04b84d65cb60df35d49414a323e2846e154c7eaec3d00dff9,raw/2021-3_table06_info.json,7157b015cc532dbebacc420b3404e8cae283e641a5f20444c8674288bfd55bd9,https://www.bddk.org.tr/BultenFinturk/tr/Home/MetaveriPdfIndir?tabloNo=6
2021-03,2021-03-31,TOKAT,10003,KALKINMA VE YATIRIM,SubeSayisi,Yurtiçi Şube Sayısı,,0.0,derived_zero_function_group_identity,SEKTOR = MEVDUAT + KATILIM + KALKINMA_VE_YATIRIM,Published sector total equals the sum of the three non-negative functional-group branch counts with zero residual.,59.0,54.0,,5.0,1,59.0,0.0,True,raw/2021-3_table06.json.gz,5ccd0b8a2e7032e04b84d65cb60df35d49414a323e2846e154c7eaec3d00dff9,raw/2021-3_table06_info.json,7157b015cc532dbebacc420b3404e8cae283e641a5f20444c8674288bfd55bd9,https://www.bddk.org.tr/BultenFinturk/tr/Home/MetaveriPdfIndir?tabloNo=6
2021-03,2021-03-31,TUNCELİ,10003,KALKINMA VE YATIRIM,SubeSayisi,Yurtiçi Şube Sayısı,,0.0,derived_zero_function_group_identity,SEKTOR = MEVDUAT + KATILIM + KALKINMA_VE_YATIRIM,Published sector total equals the sum of the three non-negative functional-group branch counts with zero residual.,13.0,13.0,,,2,13.0,0.0,True,raw/2021-3_table06.json.gz,5ccd0b8a2e7032e04b84d65cb60df35d49414a323e2846e154c7eaec3d00dff9,raw/2021-3_table06_info.json,7157b015cc532dbebacc420b3404e8cae283e641a5f20444c8674288bfd55bd9,https://www.bddk.org.tr/BultenFinturk/tr/Home/MetaveriPdfIndir?tabloNo=6
2021-03,2021-03-31,TUNCELİ,10004,KATILIM,SubeSayisi,Yurtiçi Şube Sayısı,,0.0,derived_zero_function_group_identity,SEKTOR = MEVDUAT + KATILIM + KALKINMA_VE_YATIRIM,Published sector total equals the sum of the three non-negative functional-group branch counts with zero residual.,13.0,13.0,,,2,13.0,0.0,True,raw/2021-3_table06.json.gz,5ccd0b8a2e7032e04b84d65cb60df35d49414a323e2846e154c7eaec3d00dff9,raw/2021-3_table06_info.json,7157b015cc532dbebacc420b3404e8cae283e641a5f20444c8674288bfd55bd9,https://www.bddk.org.tr/BultenFinturk/tr/Home/MetaveriPdfIndir?tabloNo=6
2021-03,2021-03-31,UŞAK,10003,KALKINMA VE YATIRIM,SubeSayisi,Yurtiçi Şube Sayısı,,0.0,derived_zero_function_group_identity,SEKTOR = MEVDUAT + KATILIM + KALKINMA_VE_YATIRIM,Published sector total equals the sum of the three non-negative functional-group branch counts with zero residual.,43.0,39.0,,4.0,1,43.0,0.0,True,raw/2021-3_table06.json.gz,5ccd0b8a2e7032e04b84d65cb60df35d49414a323e2846e154c7eaec3d00dff9,raw/2021-3_table06_info.json,7157b015cc532dbebacc420b3404e8cae283e641a5f20444c8674288bfd55bd9,https://www.bddk.org.tr/BultenFinturk/tr/Home/MetaveriPdfIndir?tabloNo=6
2021-03,2021-03-31,YALOVA,10003,KALKINMA VE YATIRIM,SubeSayisi,Yurtiçi Şube Sayısı,,0.0,derived_zero_function_group_identity,SEKTOR = MEVDUAT + KATILIM + KALKINMA_VE_YATIRIM,Published sector total equals the sum of the three non-negative functional-group branch counts with zero residual.,29.0,25.0,,4.0,1,29.0,0.0,True,raw/2021-3_table06.json.gz,5ccd0b8a2e7032e04b84d65cb60df35d49414a323e2846e154c7eaec3d00dff9,raw/2021-3_table06_info.json,7157b015cc532dbebacc420b3404e8cae283e641a5f20444c8674288bfd55bd9,https://www.bddk.org.tr/BultenFinturk/tr/Home/MetaveriPdfIndir?tabloNo=6
2021-03,2021-03-31,YOZGAT,10003,KALKINMA VE YATIRIM,SubeSayisi,Yurtiçi Şube Sayısı,,0.0,derived_zero_function_group_identity,SEKTOR = MEVDUAT + KATILIM + KALKINMA_VE_YATIRIM,Published sector total equals the sum of the three non-negative functional-group branch counts with zero residual.,54.0,51.0,,3.0,1,54.0,0.0,True,raw/2021-3_table06.json.gz,5ccd0b8a2e7032e04b84d65cb60df35d49414a323e2846e154c7eaec3d00dff9,raw/2021-3_table06_info.json,7157b015cc532dbebacc420b3404e8cae283e641a5f20444c8674288bfd55bd9,https://www.bddk.org.tr/BultenFinturk/tr/Home/MetaveriPdfIndir?tabloNo=6
2021-03,2021-03-31,ZONGULDAK,10003,KALKINMA VE YATIRIM,SubeSayisi,Yurtiçi Şube Sayısı,,0.0,derived_zero_function_group_identity,SEKTOR = MEVDUAT + KATILIM + KALKINMA_VE_YATIRIM,Published sector total equals the sum of the three non-negative functional-group branch counts with zero residual.,67.0,63.0,,4.0,1,67.0,0.0,True,raw/2021-3_table06.json.gz,5ccd0b8a2e7032e04b84d65cb60df35d49414a323e2846e154c7eaec3d00dff9,raw/2021-3_table06_info.json,7157b015cc532dbebacc420b3404e8cae283e641a5f20444c8674288bfd55bd9,https://www.bddk.org.tr/BultenFinturk/tr/Home/MetaveriPdfIndir?tabloNo=6
2021-03,2021-03-31,ÇANAKKALE,10003,KALKINMA VE YATIRIM,SubeSayisi,Yurtiçi Şube Sayısı,,0.0,derived_zero_function_group_identity,SEKTOR = MEVDUAT + KATILIM + KALKINMA_VE_YATIRIM,Published sector total equals the sum of the three non-negative functional-group branch counts with zero residual.,78.0,74.0,,4.0,1,78.0,0.0,True,raw/2021-3_table06.json.gz,5ccd0b8a2e7032e04b84d65cb60df35d49414a323e2846e154c7eaec3d00dff9,raw/2021-3_table06_info.json,7157b015cc532dbebacc420b3404e8cae283e641a5f20444c8674288bfd55bd9,https://www.bddk.org.tr/BultenFinturk/tr/Home/MetaveriPdfIndir?tabloNo=6
2021-03,2021-03-31,ÇANKIRI,10003,KALKINMA VE YATIRIM,SubeSayisi,Yurtiçi Şube Sayısı,,0.0,derived_zero_function_group_identity,SEKTOR = MEVDUAT + KATILIM + KALKINMA_VE_YATIRIM,Published sector total equals the sum of the three non-negative functional-group branch counts with zero residual.,30.0,28.0,,2.0,1,30.0,0.0,True,raw/2021-3_table06.json.gz,5ccd0b8a2e7032e04b84d65cb60df35d49414a323e2846e154c7eaec3d00dff9,raw/2021-3_table06_info.json,7157b015cc532dbebacc420b3404e8cae283e641a5f20444c8674288bfd55bd9,https://www.bddk.org.tr/BultenFinturk/tr/Home/MetaveriPdfIndir?tabloNo=6
2021-03,2021-03-31,ÇORUM,10003,KALKINMA VE YATIRIM,SubeSayisi,Yurtiçi Şube Sayısı,,0.0,derived_zero_function_group_identity,SEKTOR = MEVDUAT + KATILIM + KALKINMA_VE_YATIRIM,Published sector total equals the sum of the three non-negative functional-group branch counts with zero residual.,64.0,59.0,,5.0,1,64.0,0.0,True,raw/2021-3_table06.json.gz,5ccd0b8a2e7032e04b84d65cb60df35d49414a323e2846e154c7eaec3d00dff9,raw/2021-3_table06_info.json,7157b015cc532dbebacc420b3404e8cae283e641a5f20444c8674288bfd55bd9,https://www.bddk.org.tr/BultenFinturk/tr/Home/MetaveriPdfIndir?tabloNo=6
2021-03,2021-03-31,ŞANLIURFA,10003,KALKINMA VE YATIRIM,SubeSayisi,Yurtiçi Şube Sayısı,,0.0,derived_zero_function_group_identity,SEKTOR = MEVDUAT + KATILIM + KALKINMA_VE_YATIRIM,Published sector total equals the sum of the three non-negative functional-group branch counts with zero residual.,94.0,82.0,,12.0,1,94.0,0.0,True,raw/2021-3_table06.json.gz,5ccd0b8a2e7032e04b84d65cb60df35d49414a323e2846e154c7eaec3d00dff9,raw/2021-3_table06_info.json,7157b015cc532dbebacc420b3404e8cae283e641a5f20444c8674288bfd55bd9,https://www.bddk.org.tr/BultenFinturk/tr/Home/MetaveriPdfIndir?tabloNo=6
2021-03,2021-03-31,ŞIRNAK,10003,KALKINMA VE YATIRIM,SubeSayisi,Yurtiçi Şube Sayısı,,0.0,derived_zero_function_group_identity,SEKTOR = MEVDUAT + KATILIM + KALKINMA_VE_YATIRIM,Published sector total equals the sum of the three non-negative functional-group branch counts with zero residual.,22.0,21.0,,1.0,1,22.0,0.0,True,raw/2021-3_table06.json.gz,5ccd0b8a2e7032e04b84d65cb60df35d49414a323e2846e154c7eaec3d00dff9,raw/2021-3_table06_info.json,7157b015cc532dbebacc420b3404e8cae283e641a5f20444c8674288bfd55bd9,https://www.bddk.org.tr/BultenFinturk/tr/Home/MetaveriPdfIndir?tabloNo=6
2021-06,2021-06-30,ADIYAMAN,10003,KALKINMA VE YATIRIM,SubeSayisi,Yurtiçi Şube Sayısı,,0.0,derived_zero_function_group_identity,SEKTOR = MEVDUAT + KATILIM + KALKINMA_VE_YATIRIM,Published sector total equals the sum of the three non-negative functional-group branch counts with zero residual.,43.0,38.0,,5.0,1,43.0,0.0,True,raw/2021-6_table06.json.gz,8d33291713e87d1a1dfacd861994d911c9bcce1272cfe202fab8982c47983efe,raw/2021-6_table06_info.json,83e87050ea97a3795b4d16dbd0edf3c2e0064b35794cd80ec5e85199828fa83e,https://www.bddk.org.tr/BultenFinturk/tr/Home/MetaveriPdfIndir?tabloNo=6
2021-06,2021-06-30,AFYONKARAHİSAR,10003,KALKINMA VE YATIRIM,SubeSayisi,Yurtiçi Şube Sayısı,,0.0,derived_zero_function_group_identity,SEKTOR = MEVDUAT + KATILIM + KALKINMA_VE_YATIRIM,Published sector total equals the sum of the three non-negative functional-group branch counts with zero residual.,93.0,86.0,,7.0,1,93.0,0.0,True,raw/2021-6_table06.json.gz,8d33291713e87d1a1dfacd861994d911c9bcce1272cfe202fab8982c47983efe,raw/2021-6_table06_info.json,83e87050ea97a3795b4d16dbd0edf3c2e0064b35794cd80ec5e85199828fa83e,https://www.bddk.org.tr/BultenFinturk/tr/Home/MetaveriPdfIndir?tabloNo=6
2021-06,2021-06-30,AKSARAY,10003,KALKINMA VE YATIRIM,SubeSayisi,Yurtiçi Şube Sayısı,,0.0,derived_zero_function_group_identity,SEKTOR = MEVDUAT + KATILIM + KALKINMA_VE_YATIRIM,Published sector total equals the sum of the three non-negative functional-group branch counts with zero residual.,38.0,31.0,,7.0,1,38.0,0.0,True,raw/2021-6_table06.json.gz,8d33291713e87d1a1dfacd861994d911c9bcce1272cfe202fab8982c47983efe,raw/2021-6_table06_info.json,83e87050ea97a3795b4d16dbd0edf3c2e0064b35794cd80ec5e85199828fa83e,https://www.bddk.org.tr/BultenFinturk/tr/Home/MetaveriPdfIndir?tabloNo=6
2021-06,2021-06-30,AMASYA,10003,KALKINMA VE YATIRIM,SubeSayisi,Yurtiçi Şube Sayısı,,0.0,derived_zero_function_group_identity,SEKTOR = MEVDUAT + KATILIM + KALKINMA_VE_YATIRIM,Published sector total equals the sum of the three non-negative functional-group branch counts with zero residual.,41.0,38.0,,3.0,1,41.0,0.0,True,raw/2021-6_table06.json.gz,8d33291713e87d1a1dfacd861994d911c9bcce1272cfe202fab8982c47983efe,raw/2021-6_table06_info.json,83e87050ea97a3795b4d16dbd0edf3c2e0064b35794cd80ec5e85199828fa83e,https://www.bddk.org.tr/BultenFinturk/tr/Home/MetaveriPdfIndir?tabloNo=6
2021-06,2021-06-30,ARDAHAN,10003,KALKINMA VE YATIRIM,SubeSayisi,Yurtiçi Şube Sayısı,,0.0,derived_zero_function_group_identity,SEKTOR = MEVDUAT + KATILIM + KALKINMA_VE_YATIRIM,Published sector total equals the sum of the three non-negative functional-group branch counts with zero residual.,16.0,16.0,,,2,16.0,0.0,True,raw/2021-6_table06.json.gz,8d33291713e87d1a1dfacd861994d911c9bcce1272cfe202fab8982c47983efe,raw/2021-6_table06_info.json,83e87050ea97a3795b4d16dbd0edf3c2e0064b35794cd80ec5e85199828fa83e,https://www.bddk.org.tr/BultenFinturk/tr/Home/MetaveriPdfIndir?tabloNo=6
2021-06,2021-06-30,ARDAHAN,10004,KATILIM,SubeSayisi,Yurtiçi Şube Sayısı,,0.0,derived_zero_function_group_identity,SEKTOR = MEVDUAT + KATILIM + KALKINMA_VE_YATIRIM,Published sector total equals the sum of the three non-negative functional-group branch counts with zero residual.,16.0,16.0,,,2,16.0,0.0,True,raw/2021-6_table06.json.gz,8d33291713e87d1a1dfacd861994d911c9bcce1272cfe202fab8982c47983efe,raw/2021-6_table06_info.json,83e87050ea97a3795b4d16dbd0edf3c2e0064b35794cd80ec5e85199828fa83e,https://www.bddk.org.tr/BultenFinturk/tr/Home/MetaveriPdfIndir?tabloNo=6
2021-06,2021-06-30,ARTVİN,10003,KALKINMA VE YATIRIM,SubeSayisi,Yurtiçi Şube Sayısı,,0.0,derived_zero_function_group_identity,SEKTOR = MEVDUAT + KATILIM + KALKINMA_VE_YATIRIM,Published sector total equals the sum of the three non-negative functional-group branch counts with zero residual.,33.0,33.0,,,2,33.0,0.0,True,raw/2021-6_table06.json.gz,8d33291713e87d1a1dfacd861994d911c9bcce1272cfe202fab8982c47983efe,raw/2021-6_table06_info.json,83e87050ea97a3795b4d16dbd0edf3c2e0064b35794cd80ec5e85199828fa83e,https://www.bddk.org.tr/BultenFinturk/tr/Home/MetaveriPdfIndir?tabloNo=6
2021-06,2021-06-30,ARTVİN,10004,KATILIM,SubeSayisi,Yurtiçi Şube Sayısı,,0.0,derived_zero_function_group_identity,SEKTOR = MEVDUAT + KATILIM + KALKINMA_VE_YATIRIM,Published sector total equals the sum of the three non-negative functional-group branch counts with zero residual.,33.0,33.0,,,2,33.0,0.0,True,raw/2021-6_table06.json.gz,8d33291713e87d1a1dfacd861994d911c9bcce1272cfe202fab8982c47983efe,raw/2021-6_table06_info.json,83e87050ea97a3795b4d16dbd0edf3c2e0064b35794cd80ec5e85199828fa83e,https://www.bddk.org.tr/BultenFinturk/tr/Home/MetaveriPdfIndir?tabloNo=6
2021-06,2021-06-30,AYDIN,10003,KALKINMA VE YATIRIM,SubeSayisi,Yurtiçi Şube Sayısı,,0.0,derived_zero_function_group_identity,SEKTOR = MEVDUAT + KATILIM + KALKINMA_VE_YATIRIM,Published sector total equals the sum of the three non-negative functional-group branch counts with zero residual.,160.0,149.0,,11.0,1,160.0,0.0,True,raw/2021-6_table06.json.gz,8d33291713e87d1a1dfacd861994d911c9bcce1272cfe202fab8982c47983efe,raw/2021-6_table06_info.json,83e87050ea97a3795b4d16dbd0edf3c2e0064b35794cd80ec5e85199828fa83e,https://www.bddk.org.tr/BultenFinturk/tr/Home/MetaveriPdfIndir?tabloNo=6
2021-06,2021-06-30,AĞRI,10003,KALKINMA VE YATIRIM,SubeSayisi,Yurtiçi Şube Sayısı,,0.0,derived_zero_function_group_identity,SEKTOR = MEVDUAT + KATILIM + KALKINMA_VE_YATIRIM,Published sector total equals the sum of the three non-negative functional-group branch counts with zero residual.,28.0,26.0,,2.0,1,28.0,0.0,True,raw/2021-6_table06.json.gz,8d33291713e87d1a1dfacd861994d911c9bcce1272cfe202fab8982c47983efe,raw/2021-6_table06_info.json,83e87050ea97a3795b4d16dbd0edf3c2e0064b35794cd80ec5e85199828fa83e,https://www.bddk.org.tr/BultenFinturk/tr/Home/MetaveriPdfIndir?tabloNo=6
2021-06,2021-06-30,BALIKESİR,10003,KALKINMA VE YATIRIM,SubeSayisi,Yurtiçi Şube Sayısı,,0.0,derived_zero_function_group_identity,SEKTOR = MEVDUAT + KATILIM + KALKINMA_VE_YATIRIM,Published sector total equals the sum of the three non-negative functional-group branch counts with zero residual.,163.0,152.0,,11.0,1,163.0,0.0,True,raw/2021-6_table06.json.gz,8d33291713e87d1a1dfacd861994d911c9bcce1272cfe202fab8982c47983efe,raw/2021-6_table06_info.json,83e87050ea97a3795b4d16dbd0edf3c2e0064b35794cd80ec5e85199828fa83e,https://www.bddk.org.tr/BultenFinturk/tr/Home/MetaveriPdfIndir?tabloNo=6
2021-06,2021-06-30,BARTIN,10003,KALKINMA VE YATIRIM,SubeSayisi,Yurtiçi Şube Sayısı,,0.0,derived_zero_function_group_identity,SEKTOR = MEVDUAT + KATILIM + KALKINMA_VE_YATIRIM,Published sector total equals the sum of the three non-negative functional-group branch counts with zero residual.,22.0,21.0,,1.0,1,22.0,0.0,True,raw/2021-6_table06.json.gz,8d33291713e87d1a1dfacd861994d911c9bcce1272cfe202fab8982c47983efe,raw/2021-6_table06_info.json,83e87050ea97a3795b4d16dbd0edf3c2e0064b35794cd80ec5e85199828fa83e,https://www.bddk.org.tr/BultenFinturk/tr/Home/MetaveriPdfIndir?tabloNo=6
2021-06,2021-06-30,BATMAN,10003,KALKINMA VE YATIRIM,SubeSayisi,Yurtiçi Şube Sayısı,,0.0,derived_zero_function_group_identity,SEKTOR = MEVDUAT + KATILIM + KALKINMA_VE_YATIRIM,Published sector total equals the sum of the three non-negative functional-group branch counts with zero residual.,34.0,27.0,,7.0,1,34.0,0.0,True,raw/2021-6_table06.json.gz,8d33291713e87d1a1dfacd861994d911c9bcce1272cfe202fab8982c47983efe,raw/2021-6_table06_info.json,83e87050ea97a3795b4d16dbd0edf3c2e0064b35794cd80ec5e85199828fa83e,https://www.bddk.org.tr/BultenFinturk/tr/Home/MetaveriPdfIndir?tabloNo=6
2021-06,2021-06-30,BAYBURT,10003,KALKINMA VE YATIRIM,SubeSayisi,Yurtiçi Şube Sayısı,,0.0,derived_zero_function_group_identity,SEKTOR = MEVDUAT + KATILIM + KALKINMA_VE_YATIRIM,Published sector total equals the sum of the three non-negative functional-group branch counts with zero residual.,8.0,8.0,,,2,8.0,0.0,True,raw/2021-6_table06.json.gz,8d33291713e87d1a1dfacd861994d911c9bcce1272cfe202fab8982c47983efe,raw/2021-6_table06_info.json,83e87050ea97a3795b4d16dbd0edf3c2e0064b35794cd80ec5e85199828fa83e,https://www.bddk.org.tr/BultenFinturk/tr/Home/MetaveriPdfIndir?tabloNo=6
2021-06,2021-06-30,BAYBURT,10004,KATILIM,SubeSayisi,Yurtiçi Şube Sayısı,,0.0,derived_zero_function_group_identity,SEKTOR = MEVDUAT + KATILIM + KALKINMA_VE_YATIRIM,Published sector total equals the sum of the three non-negative functional-group branch counts with zero residual.,8.0,8.0,,,2,8.0,0.0,True,raw/2021-6_table06.json.gz,8d33291713e87d1a1dfacd861994d911c9bcce1272cfe202fab8982c47983efe,raw/2021-6_table06_info.json,83e87050ea97a3795b4d16dbd0edf3c2e0064b35794cd80ec5e85199828fa83e,https://www.bddk.org.tr/BultenFinturk/tr/Home/MetaveriPdfIndir?tabloNo=6
2021-06,2021-06-30,BOLU,10003,KALKINMA VE YATIRIM,SubeSayisi,Yurtiçi Şube Sayısı,,0.0,derived_zero_function_group_identity,SEKTOR = MEVDUAT + KATILIM + KALKINMA_VE_YATIRIM,Published sector total equals the sum of the three non-negative functional-group branch counts with zero residual.,40.0,36.0,,4.0,1,40.0,0.0,True,raw/2021-6_table06.json.gz,8d33291713e87d1a1dfacd861994d911c9bcce1272cfe202fab8982c47983efe,raw/2021-6_table06_info.json,83e87050ea97a3795b4d16dbd0edf3c2e0064b35794cd80ec5e85199828fa83e,https://www.bddk.org.tr/BultenFinturk/tr/Home/MetaveriPdfIndir?tabloNo=6
2021-06,2021-06-30,BURDUR,10003,KALKINMA VE YATIRIM,SubeSayisi,Yurtiçi Şube Sayısı,,0.0,derived_zero_function_group_identity,SEKTOR = MEVDUAT + KATILIM + KALKINMA_VE_YATIRIM,Published sector total equals the sum of the three non-negative functional-group branch counts with zero residual.,38.0,36.0,,2.0,1,38.0,0.0,True,raw/2021-6_table06.json.gz,8d33291713e87d1a1dfacd861994d911c9bcce1272cfe202fab8982c47983efe,raw/2021-6_table06_info.json,83e87050ea97a3795b4d16dbd0edf3c2e0064b35794cd80ec5e85199828fa83e,https://www.bddk.org.tr/BultenFinturk/tr/Home/MetaveriPdfIndir?tabloNo=6
2021-06,2021-06-30,BİLECİK,10003,KALKINMA VE YATIRIM,SubeSayisi,Yurtiçi Şube Sayısı,,0.0,derived_zero_function_group_identity,SEKTOR = MEVDUAT + KATILIM + KALKINMA_VE_YATIRIM,Published sector total equals the sum of the three non-negative functional-group branch counts with zero residual.,31.0,30.0,,1.0,1,31.0,0.0,True,raw/2021-6_table06.json.gz,8d33291713e87d1a1dfacd861994d911c9bcce1272cfe202fab8982c47983efe,raw/2021-6_table06_info.json,83e87050ea97a3795b4d16dbd0edf3c2e0064b35794cd80ec5e85199828fa83e,https://www.bddk.org.tr/BultenFinturk/tr/Home/MetaveriPdfIndir?tabloNo=6
2021-06,2021-06-30,BİNGÖL,10003,KALKINMA VE YATIRIM,SubeSayisi,Yurtiçi Şube Sayısı,,0.0,derived_zero_function_group_identity,SEKTOR = MEVDUAT + KATILIM + KALKINMA_VE_YATIRIM,Published sector total equals the sum of the three non-negative functional-group branch counts with zero residual.,16.0,14.0,,2.0,1,16.0,0.0,True,raw/2021-6_table06.json.gz,8d33291713e87d1a1dfacd861994d911c9bcce1272cfe202fab8982c47983efe,raw/2021-6_table06_info.json,83e87050ea97a3795b4d16dbd0edf3c2e0064b35794cd80ec5e85199828fa83e,https://www.bddk.org.tr/BultenFinturk/tr/Home/MetaveriPdfIndir?tabloNo=6
2021-06,2021-06-30,BİTLİS,10003,KALKINMA VE YATIRIM,SubeSayisi,Yurtiçi Şube Sayısı,,0.0,derived_zero_function_group_identity,SEKTOR = MEVDUAT + KATILIM + KALKINMA_VE_YATIRIM,Published sector total equals the sum of the three non-negative functional-group branch counts with zero residual.,21.0,20.0,,1.0,1,21.0,0.0,True,raw/2021-6_table06.json.gz,8d33291713e87d1a1dfacd861994d911c9bcce1272cfe202fab8982c47983efe,raw/2021-6_table06_info.json,83e87050ea97a3795b4d16dbd0edf3c2e0064b35794cd80ec5e85199828fa83e,https://www.bddk.org.tr/BultenFinturk/tr/Home/MetaveriPdfIndir?tabloNo=6
2021-06,2021-06-30,DÜZCE,10003,KALKINMA VE YATIRIM,SubeSayisi,Yurtiçi Şube Sayısı,,0.0,derived_zero_function_group_identity,SEKTOR = MEVDUAT + KATILIM + KALKINMA_VE_YATIRIM,Published sector total equals the sum of the three non-negative functional-group branch counts with zero residual.,38.0,33.0,,5.0,1,38.0,0.0,True,raw/2021-6_table06.json.gz,8d33291713e87d1a1dfacd861994d911c9bcce1272cfe202fab8982c47983efe,raw/2021-6_table06_info.json,83e87050ea97a3795b4d16dbd0edf3c2e0064b35794cd80ec5e85199828fa83e,https://www.bddk.org.tr/BultenFinturk/tr/Home/MetaveriPdfIndir?tabloNo=6
2021-06,2021-06-30,EDİRNE,10003,KALKINMA VE YATIRIM,SubeSayisi,Yurtiçi Şube Sayısı,,0.0,derived_zero_function_group_identity,SEKTOR = MEVDUAT + KATILIM + KALKINMA_VE_YATIRIM,Published sector total equals the sum of the three non-negative functional-group branch counts with zero residual.,60.0,57.0,,3.0,1,60.0,0.0,True,raw/2021-6_table06.json.gz,8d33291713e87d1a1dfacd861994d911c9bcce1272cfe202fab8982c47983efe,raw/2021-6_table06_info.json,83e87050ea97a3795b4d16dbd0edf3c2e0064b35794cd80ec5e85199828fa83e,https://www.bddk.org.tr/BultenFinturk/tr/Home/MetaveriPdfIndir?tabloNo=6
2021-06,2021-06-30,ERZİNCAN,10003,KALKINMA VE YATIRIM,SubeSayisi,Yurtiçi Şube Sayısı,,0.0,derived_zero_function_group_identity,SEKTOR = MEVDUAT + KATILIM + KALKINMA_VE_YATIRIM,Published sector total equals the sum of the three non-negative functional-group branch counts with zero residual.,31.0,26.0,,5.0,1,31.0,0.0,True,raw/2021-6_table06.json.gz,8d33291713e87d1a1dfacd861994d911c9bcce1272cfe202fab8982c47983efe,raw/2021-6_table06_info.json,83e87050ea97a3795b4d16dbd0edf3c2e0064b35794cd80ec5e85199828fa83e,https://www.bddk.org.tr/BultenFinturk/tr/Home/MetaveriPdfIndir?tabloNo=6
2021-06,2021-06-30,GÜMÜŞHANE,10003,KALKINMA VE YATIRIM,SubeSayisi,Yurtiçi Şube Sayısı,,0.0,derived_zero_function_group_identity,SEKTOR = MEVDUAT + KATILIM + KALKINMA_VE_YATIRIM,Published sector total equals the sum of the three non-negative functional-group branch counts with zero residual.,20.0,19.0,,1.0,1,20.0,0.0,True,raw/2021-6_table06.json.gz,8d33291713e87d1a1dfacd861994d911c9bcce1272cfe202fab8982c47983efe,raw/2021-6_table06_info.json,83e87050ea97a3795b4d16dbd0edf3c2e0064b35794cd80ec5e85199828fa83e,https://www.bddk.org.tr/BultenFinturk/tr/Home/MetaveriPdfIndir?tabloNo=6
2021-06,2021-06-30,GİRESUN,10003,KALKINMA VE YATIRIM,SubeSayisi,Yurtiçi Şube Sayısı,,0.0,derived_zero_function_group_identity,SEKTOR = MEVDUAT + KATILIM + KALKINMA_VE_YATIRIM,Published sector total equals the sum of the three non-negative functional-group branch counts with zero residual.,54.0,50.0,,4.0,1,54.0,0.0,True,raw/2021-6_table06.json.gz,8d33291713e87d1a1dfacd861994d911c9bcce1272cfe202fab8982c47983efe,raw/2021-6_table06_info.json,83e87050ea97a3795b4d16dbd0edf3c2e0064b35794cd80ec5e85199828fa83e,https://www.bddk.org.tr/BultenFinturk/tr/Home/MetaveriPdfIndir?tabloNo=6
2021-06,2021-06-30,HAKKARİ,10003,KALKINMA VE YATIRIM,SubeSayisi,Yurtiçi Şube Sayısı,,0.0,derived_zero_function_group_identity,SEKTOR = MEVDUAT + KATILIM + KALKINMA_VE_YATIRIM,Published sector total equals the sum of the three non-negative functional-group branch counts with zero residual.,17.0,17.0,,,2,17.0,0.0,True,raw/2021-6_table06.json.gz,8d33291713e87d1a1dfacd861994d911c9bcce1272cfe202fab8982c47983efe,raw/2021-6_table06_info.json,83e87050ea97a3795b4d16dbd0edf3c2e0064b35794cd80ec5e85199828fa83e,https://www.bddk.org.tr/BultenFinturk/tr/Home/MetaveriPdfIndir?tabloNo=6
2021-06,2021-06-30,HAKKARİ,10004,KATILIM,SubeSayisi,Yurtiçi Şube Sayısı,,0.0,derived_zero_function_group_identity,SEKTOR = MEVDUAT + KATILIM + KALKINMA_VE_YATIRIM,Published sector total equals the sum of the three non-negative functional-group branch counts with zero residual.,17.0,17.0,,,2,17.0,0.0,True,raw/2021-6_table06.json.gz,8d33291713e87d1a1dfacd861994d911c9bcce1272cfe202fab8982c47983efe,raw/2021-6_table06_info.json,83e87050ea97a3795b4d16dbd0edf3c2e0064b35794cd80ec5e85199828fa83e,https://www.bddk.org.tr/BultenFinturk/tr/Home/MetaveriPdfIndir?tabloNo=6
2021-06,2021-06-30,ISPARTA,10003,KALKINMA VE YATIRIM,SubeSayisi,Yurtiçi Şube Sayısı,,0.0,derived_zero_function_group_identity,SEKTOR = MEVDUAT + KATILIM + KALKINMA_VE_YATIRIM,Published sector total equals the sum of the three non-negative functional-group branch counts with zero residual.,57.0,51.0,,6.0,1,57.0,0.0,True,raw/2021-6_table06.json.gz,8d33291713e87d1a1dfacd861994d911c9bcce1272cfe202fab8982c47983efe,raw/2021-6_table06_info.json,83e87050ea97a3795b4d16dbd0edf3c2e0064b35794cd80ec5e85199828fa83e,https://www.bddk.org.tr/BultenFinturk/tr/Home/MetaveriPdfIndir?tabloNo=6
2021-06,2021-06-30,IĞDIR,10003,KALKINMA VE YATIRIM,SubeSayisi,Yurtiçi Şube Sayısı,,0.0,derived_zero_function_group_identity,SEKTOR = MEVDUAT + KATILIM + KALKINMA_VE_YATIRIM,Published sector total equals the sum of the three non-negative functional-group branch counts with zero residual.,16.0,15.0,,1.0,1,16.0,0.0,True,raw/2021-6_table06.json.gz,8d33291713e87d1a1dfacd861994d911c9bcce1272cfe202fab8982c47983efe,raw/2021-6_table06_info.json,83e87050ea97a3795b4d16dbd0edf3c2e0064b35794cd80ec5e85199828fa83e,https://www.bddk.org.tr/BultenFinturk/tr/Home/MetaveriPdfIndir?tabloNo=6
2021-06,2021-06-30,KARABÜK,10003,KALKINMA VE YATIRIM,SubeSayisi,Yurtiçi Şube Sayısı,,0.0,derived_zero_function_group_identity,SEKTOR = MEVDUAT + KATILIM + KALKINMA_VE_YATIRIM,Published sector total equals the sum of the three non-negative functional-group branch counts with zero residual.,28.0,25.0,,3.0,1,28.0,0.0,True,raw/2021-6_table06.json.gz,8d33291713e87d1a1dfacd861994d911c9bcce1272cfe202fab8982c47983efe,raw/2021-6_table06_info.json,83e87050ea97a3795b4d16dbd0edf3c2e0064b35794cd80ec5e85199828fa83e,https://www.bddk.org.tr/BultenFinturk/tr/Home/MetaveriPdfIndir?tabloNo=6
2021-06,2021-06-30,KARAMAN,10003,KALKINMA VE YATIRIM,SubeSayisi,Yurtiçi Şube Sayısı,,0.0,derived_zero_function_group_identity,SEKTOR = MEVDUAT + KATILIM + KALKINMA_VE_YATIRIM,Published sector total equals the sum of the three non-negative functional-group branch counts with zero residual.,27.0,22.0,,5.0,1,27.0,0.0,True,raw/2021-6_table06.json.gz,8d33291713e87d1a1dfacd861994d911c9bcce1272cfe202fab8982c47983efe,raw/2021-6_table06_info.json,83e87050ea97a3795b4d16dbd0edf3c2e0064b35794cd80ec5e85199828fa83e,https://www.bddk.org.tr/BultenFinturk/tr/Home/MetaveriPdfIndir?tabloNo=6
2021-06,2021-06-30,KARS,10003,KALKINMA VE YATIRIM,SubeSayisi,Yurtiçi Şube Sayısı,,0.0,derived_zero_function_group_identity,SEKTOR = MEVDUAT + KATILIM + KALKINMA_VE_YATIRIM,Published sector total equals the sum of the three non-negative functional-group branch counts with zero residual.,29.0,27.0,,2.0,1,29.0,0.0,True,raw/2021-6_table06.json.gz,8d33291713e87d1a1dfacd861994d911c9bcce1272cfe202fab8982c47983efe,raw/2021-6_table06_info.json,83e87050ea97a3795b4d16dbd0edf3c2e0064b35794cd80ec5e85199828fa83e,https://www.bddk.org.tr/BultenFinturk/tr/Home/MetaveriPdfIndir?tabloNo=6
2021-06,2021-06-30,KIRIKKALE,10003,KALKINMA VE YATIRIM,SubeSayisi,Yurtiçi Şube Sayısı,,0.0,derived_zero_function_group_identity,SEKTOR = MEVDUAT + KATILIM + KALKINMA_VE_YATIRIM,Published sector total equals the sum of the three non-negative functional-group branch counts with zero residual.,28.0,26.0,,2.0,1,28.0,0.0,True,raw/2021-6_table06.json.gz,8d33291713e87d1a1dfacd861994d911c9bcce1272cfe202fab8982c47983efe,raw/2021-6_table06_info.json,83e87050ea97a3795b4d16dbd0edf3c2e0064b35794cd80ec5e85199828fa83e,https://www.bddk.org.tr/BultenFinturk/tr/Home/MetaveriPdfIndir?tabloNo=6
2021-06,2021-06-30,KIRKLARELİ,10003,KALKINMA VE YATIRIM,SubeSayisi,Yurtiçi Şube Sayısı,,0.0,derived_zero_function_group_identity,SEKTOR = MEVDUAT + KATILIM + KALKINMA_VE_YATIRIM,Published sector total equals the sum of the three non-negative functional-group branch counts with zero residual.,51.0,50.0,,1.0,1,51.0,0.0,True,raw/2021-6_table06.json.gz,8d33291713e87d1a1dfacd861994d911c9bcce1272cfe202fab8982c47983efe,raw/2021-6_table06_info.json,83e87050ea97a3795b4d16dbd0edf3c2e0064b35794cd80ec5e85199828fa83e,https://www.bddk.org.tr/BultenFinturk/tr/Home/MetaveriPdfIndir?tabloNo=6
2021-06,2021-06-30,KIRŞEHİR,10003,KALKINMA VE YATIRIM,SubeSayisi,Yurtiçi Şube Sayısı,,0.0,derived_zero_function_group_identity,SEKTOR = MEVDUAT + KATILIM + KALKINMA_VE_YATIRIM,Published sector total equals the sum of the three non-negative functional-group branch counts with zero residual.,28.0,26.0,,2.0,1,28.0,0.0,True,raw/2021-6_table06.json.gz,8d33291713e87d1a1dfacd861994d911c9bcce1272cfe202fab8982c47983efe,raw/2021-6_table06_info.json,83e87050ea97a3795b4d16dbd0edf3c2e0064b35794cd80ec5e85199828fa83e,https://www.bddk.org.tr/BultenFinturk/tr/Home/MetaveriPdfIndir?tabloNo=6
2021-06,2021-06-30,KÜTAHYA,10003,KALKINMA VE YATIRIM,SubeSayisi,Yurtiçi Şube Sayısı,,0.0,derived_zero_function_group_identity,SEKTOR = MEVDUAT + KATILIM + KALKINMA_VE_YATIRIM,Published sector total equals the sum of the three non-negative functional-group branch counts with zero residual.,59.0,53.0,,6.0,1,59.0,0.0,True,raw/2021-6_table06.json.gz,8d33291713e87d1a1dfacd861994d911c9bcce1272cfe202fab8982c47983efe,raw/2021-6_table06_info.json,83e87050ea97a3795b4d16dbd0edf3c2e0064b35794cd80ec5e85199828fa83e,https://www.bddk.org.tr/BultenFinturk/tr/Home/MetaveriPdfIndir?tabloNo=6
2021-06,2021-06-30,KİLİS,10003,KALKINMA VE YATIRIM,SubeSayisi,Yurtiçi Şube Sayısı,,0.0,derived_zero_function_group_identity,SEKTOR = MEVDUAT + KATILIM + KALKINMA_VE_YATIRIM,Published sector total equals the sum of the three non-negative functional-group branch counts with zero residual.,10.0,9.0,,1.0,1,10.0,0.0,True,raw/2021-6_table06.json.gz,8d33291713e87d1a1dfacd861994d911c9bcce1272cfe202fab8982c47983efe,raw/2021-6_table06_info.json,83e87050ea97a3795b4d16dbd0edf3c2e0064b35794cd80ec5e85199828fa83e,https://www.bddk.org.tr/BultenFinturk/tr/Home/MetaveriPdfIndir?tabloNo=6
2021-06,2021-06-30,MALATYA,10003,KALKINMA VE YATIRIM,SubeSayisi,Yurtiçi Şube Sayısı,,0.0,derived_zero_function_group_identity,SEKTOR = MEVDUAT + KATILIM + KALKINMA_VE_YATIRIM,Published sector total equals the sum of the three non-negative functional-group branch counts with zero residual.,67.0,58.0,,9.0,1,67.0,0.0,True,raw/2021-6_table06.json.gz,8d33291713e87d1a1dfacd861994d911c9bcce1272cfe202fab8982c47983efe,raw/2021-6_table06_info.json,83e87050ea97a3795b4d16dbd0edf3c2e0064b35794cd80ec5e85199828fa83e,https://www.bddk.org.tr/BultenFinturk/tr/Home/MetaveriPdfIndir?tabloNo=6
2021-06,2021-06-30,MARDİN,10003,KALKINMA VE YATIRIM,SubeSayisi,Yurtiçi Şube Sayısı,,0.0,derived_zero_function_group_identity,SEKTOR = MEVDUAT + KATILIM + KALKINMA_VE_YATIRIM,Published sector total equals the sum of the three non-negative functional-group branch counts with zero residual.,48.0,44.0,,4.0,1,48.0,0.0,True,raw/2021-6_table06.json.gz,8d33291713e87d1a1dfacd861994d911c9bcce1272cfe202fab8982c47983efe,raw/2021-6_table06_info.json,83e87050ea97a3795b4d16dbd0edf3c2e0064b35794cd80ec5e85199828fa83e,https://www.bddk.org.tr/BultenFinturk/tr/Home/MetaveriPdfIndir?tabloNo=6
2021-06,2021-06-30,MUŞ,10003,KALKINMA VE YATIRIM,SubeSayisi,Yurtiçi Şube Sayısı,,0.0,derived_zero_function_group_identity,SEKTOR = MEVDUAT + KATILIM + KALKINMA_VE_YATIRIM,Published sector total equals the sum of the three non-negative functional-group branch counts with zero residual.,21.0,19.0,,2.0,1,21.0,0.0,True,raw/2021-6_table06.json.gz,8d33291713e87d1a1dfacd861994d911c9bcce1272cfe202fab8982c47983efe,raw/2021-6_table06_info.json,83e87050ea97a3795b4d16dbd0edf3c2e0064b35794cd80ec5e85199828fa83e,https://www.bddk.org.tr/BultenFinturk/tr/Home/MetaveriPdfIndir?tabloNo=6
2021-06,2021-06-30,NEVŞEHİR,10003,KALKINMA VE YATIRIM,SubeSayisi,Yurtiçi Şube Sayısı,,0.0,derived_zero_function_group_identity,SEKTOR = MEVDUAT + KATILIM + KALKINMA_VE_YATIRIM,Published sector total equals the sum of the three non-negative functional-group branch counts with zero residual.,40.0,35.0,,5.0,1,40.0,0.0,True,raw/2021-6_table06.json.gz,8d33291713e87d1a1dfacd861994d911c9bcce1272cfe202fab8982c47983efe,raw/2021-6_table06_info.json,83e87050ea97a3795b4d16dbd0edf3c2e0064b35794cd80ec5e85199828fa83e,https://www.bddk.org.tr/BultenFinturk/tr/Home/MetaveriPdfIndir?tabloNo=6
2021-06,2021-06-30,NİĞDE,10003,KALKINMA VE YATIRIM,SubeSayisi,Yurtiçi Şube Sayısı,,0.0,derived_zero_function_group_identity,SEKTOR = MEVDUAT + KATILIM + KALKINMA_VE_YATIRIM,Published sector total equals the sum of the three non-negative functional-group branch counts with zero residual.,28.0,26.0,,2.0,1,28.0,0.0,True,raw/2021-6_table06.json.gz,8d33291713e87d1a1dfacd861994d911c9bcce1272cfe202fab8982c47983efe,raw/2021-6_table06_info.json,83e87050ea97a3795b4d16dbd0edf3c2e0064b35794cd80ec5e85199828fa83e,https://www.bddk.org.tr/BultenFinturk/tr/Home/MetaveriPdfIndir?tabloNo=6
2021-06,2021-06-30,ORDU,10003,KALKINMA VE YATIRIM,SubeSayisi,Yurtiçi Şube Sayısı,,0.0,derived_zero_function_group_identity,SEKTOR = MEVDUAT + KATILIM + KALKINMA_VE_YATIRIM,Published sector total equals the sum of the three non-negative functional-group branch counts with zero residual.,74.0,67.0,,7.0,1,74.0,0.0,True,raw/2021-6_table06.json.gz,8d33291713e87d1a1dfacd861994d911c9bcce1272cfe202fab8982c47983efe,raw/2021-6_table06_info.json,83e87050ea97a3795b4d16dbd0edf3c2e0064b35794cd80ec5e85199828fa83e,https://www.bddk.org.tr/BultenFinturk/tr/Home/MetaveriPdfIndir?tabloNo=6
2021-06,2021-06-30,OSMANİYE,10003,KALKINMA VE YATIRIM,SubeSayisi,Yurtiçi Şube Sayısı,,0.0,derived_zero_function_group_identity,SEKTOR = MEVDUAT + KATILIM + KALKINMA_VE_YATIRIM,Published sector total equals the sum of the three non-negative functional-group branch counts with zero residual.,39.0,35.0,,4.0,1,39.0,0.0,True,raw/2021-6_table06.json.gz,8d33291713e87d1a1dfacd861994d911c9bcce1272cfe202fab8982c47983efe,raw/2021-6_table06_info.json,83e87050ea97a3795b4d16dbd0edf3c2e0064b35794cd80ec5e85199828fa83e,https://www.bddk.org.tr/BultenFinturk/tr/Home/MetaveriPdfIndir?tabloNo=6
2021-06,2021-06-30,RİZE,10003,KALKINMA VE YATIRIM,SubeSayisi,Yurtiçi Şube Sayısı,,0.0,derived_zero_function_group_identity,SEKTOR = MEVDUAT + KATILIM + KALKINMA_VE_YATIRIM,Published sector total equals the sum of the three non-negative functional-group branch counts with zero residual.,51.0,45.0,,6.0,1,51.0,0.0,True,raw/2021-6_table06.json.gz,8d33291713e87d1a1dfacd861994d911c9bcce1272cfe202fab8982c47983efe,raw/2021-6_table06_info.json,83e87050ea97a3795b4d16dbd0edf3c2e0064b35794cd80ec5e85199828fa83e,https://www.bddk.org.tr/BultenFinturk/tr/Home/MetaveriPdfIndir?tabloNo=6
2021-06,2021-06-30,SAKARYA,10003,KALKINMA VE YATIRIM,SubeSayisi,Yurtiçi Şube Sayısı,,0.0,derived_zero_function_group_identity,SEKTOR = MEVDUAT + KATILIM + KALKINMA_VE_YATIRIM,Published sector total equals the sum of the three non-negative functional-group branch counts with zero residual.,120.0,109.0,,11.0,1,120.0,0.0,True,raw/2021-6_table06.json.gz,8d33291713e87d1a1dfacd861994d911c9bcce1272cfe202fab8982c47983efe,raw/2021-6_table06_info.json,83e87050ea97a3795b4d16dbd0edf3c2e0064b35794cd80ec5e85199828fa83e,https://www.bddk.org.tr/BultenFinturk/tr/Home/MetaveriPdfIndir?tabloNo=6
2021-06,2021-06-30,SİNOP,10003,KALKINMA VE YATIRIM,SubeSayisi,Yurtiçi Şube Sayısı,,0.0,derived_zero_function_group_identity,SEKTOR = MEVDUAT + KATILIM + KALKINMA_VE_YATIRIM,Published sector total equals the sum of the three non-negative functional-group branch counts with zero residual.,30.0,30.0,,,2,30.0,0.0,True,raw/2021-6_table06.json.gz,8d33291713e87d1a1dfacd861994d911c9bcce1272cfe202fab8982c47983efe,raw/2021-6_table06_info.json,83e87050ea97a3795b4d16dbd0edf3c2e0064b35794cd80ec5e85199828fa83e,https://www.bddk.org.tr/BultenFinturk/tr/Home/MetaveriPdfIndir?tabloNo=6
2021-06,2021-06-30,SİNOP,10004,KATILIM,SubeSayisi,Yurtiçi Şube Sayısı,,0.0,derived_zero_function_group_identity,SEKTOR = MEVDUAT + KATILIM + KALKINMA_VE_YATIRIM,Published sector total equals the sum of the three non-negative functional-group branch counts with zero residual.,30.0,30.0,,,2,30.0,0.0,True,raw/2021-6_table06.json.gz,8d33291713e87d1a1dfacd861994d911c9bcce1272cfe202fab8982c47983efe,raw/2021-6_table06_info.json,83e87050ea97a3795b4d16dbd0edf3c2e0064b35794cd80ec5e85199828fa83e,https://www.bddk.org.tr/BultenFinturk/tr/Home/MetaveriPdfIndir?tabloNo=6
2021-06,2021-06-30,SİİRT,10003,KALKINMA VE YATIRIM,SubeSayisi,Yurtiçi Şube Sayısı,,0.0,derived_zero_function_group_identity,SEKTOR = MEVDUAT + KATILIM + KALKINMA_VE_YATIRIM,Published sector total equals the sum of the three non-negative functional-group branch counts with zero residual.,22.0,17.0,,5.0,1,22.0,0.0,True,raw/2021-6_table06.json.gz,8d33291713e87d1a1dfacd861994d911c9bcce1272cfe202fab8982c47983efe,raw/2021-6_table06_info.json,83e87050ea97a3795b4d16dbd0edf3c2e0064b35794cd80ec5e85199828fa83e,https://www.bddk.org.tr/BultenFinturk/tr/Home/MetaveriPdfIndir?tabloNo=6
2021-06,2021-06-30,TOKAT,10003,KALKINMA VE YATIRIM,SubeSayisi,Yurtiçi Şube Sayısı,,0.0,derived_zero_function_group_identity,SEKTOR = MEVDUAT + KATILIM + KALKINMA_VE_YATIRIM,Published sector total equals the sum of the three non-negative functional-group branch counts with zero residual.,59.0,54.0,,5.0,1,59.0,0.0,True,raw/2021-6_table06.json.gz,8d33291713e87d1a1dfacd861994d911c9bcce1272cfe202fab8982c47983efe,raw/2021-6_table06_info.json,83e87050ea97a3795b4d16dbd0edf3c2e0064b35794cd80ec5e85199828fa83e,https://www.bddk.org.tr/BultenFinturk/tr/Home/MetaveriPdfIndir?tabloNo=6
2021-06,2021-06-30,TUNCELİ,10003,KALKINMA VE YATIRIM,SubeSayisi,Yurtiçi Şube Sayısı,,0.0,derived_zero_function_group_identity,SEKTOR = MEVDUAT + KATILIM + KALKINMA_VE_YATIRIM,Published sector total equals the sum of the three non-negative functional-group branch counts with zero residual.,13.0,13.0,,,2,13.0,0.0,True,raw/2021-6_table06.json.gz,8d33291713e87d1a1dfacd861994d911c9bcce1272cfe202fab8982c47983efe,raw/2021-6_table06_info.json,83e87050ea97a3795b4d16dbd0edf3c2e0064b35794cd80ec5e85199828fa83e,https://www.bddk.org.tr/BultenFinturk/tr/Home/MetaveriPdfIndir?tabloNo=6
2021-06,2021-06-30,TUNCELİ,10004,KATILIM,SubeSayisi,Yurtiçi Şube Sayısı,,0.0,derived_zero_function_group_identity,SEKTOR = MEVDUAT + KATILIM + KALKINMA_VE_YATIRIM,Published sector total equals the sum of the three non-negative functional-group branch counts with zero residual.,13.0,13.0,,,2,13.0,0.0,True,raw/2021-6_table06.json.gz,8d33291713e87d1a1dfacd861994d911c9bcce1272cfe202fab8982c47983efe,raw/2021-6_table06_info.json,83e87050ea97a3795b4d16dbd0edf3c2e0064b35794cd80ec5e85199828fa83e,https://www.bddk.org.tr/BultenFinturk/tr/Home/MetaveriPdfIndir?tabloNo=6
2021-06,2021-06-30,UŞAK,10003,KALKINMA VE YATIRIM,SubeSayisi,Yurtiçi Şube Sayısı,,0.0,derived_zero_function_group_identity,SEKTOR = MEVDUAT + KATILIM + KALKINMA_VE_YATIRIM,Published sector total equals the sum of the three non-negative functional-group branch counts with zero residual.,43.0,39.0,,4.0,1,43.0,0.0,True,raw/2021-6_table06.json.gz,8d33291713e87d1a1dfacd861994d911c9bcce1272cfe202fab8982c47983efe,raw/2021-6_table06_info.json,83e87050ea97a3795b4d16dbd0edf3c2e0064b35794cd80ec5e85199828fa83e,https://www.bddk.org.tr/BultenFinturk/tr/Home/MetaveriPdfIndir?tabloNo=6
2021-06,2021-06-30,YALOVA,10003,KALKINMA VE YATIRIM,SubeSayisi,Yurtiçi Şube Sayısı,,0.0,derived_zero_function_group_identity,SEKTOR = MEVDUAT + KATILIM + KALKINMA_VE_YATIRIM,Published sector total equals the sum of the three non-negative functional-group branch counts with zero residual.,29.0,25.0,,4.0,1,29.0,0.0,True,raw/2021-6_table06.json.gz,8d33291713e87d1a1dfacd861994d911c9bcce1272cfe202fab8982c47983efe,raw/2021-6_table06_info.json,83e87050ea97a3795b4d16dbd0edf3c2e0064b35794cd80ec5e85199828fa83e,https://www.bddk.org.tr/BultenFinturk/tr/Home/MetaveriPdfIndir?tabloNo=6
2021-06,2021-06-30,YOZGAT,10003,KALKINMA VE YATIRIM,SubeSayisi,Yurtiçi Şube Sayısı,,0.0,derived_zero_function_group_identity,SEKTOR = MEVDUAT + KATILIM + KALKINMA_VE_YATIRIM,Published sector total equals the sum of the three non-negative functional-group branch counts with zero residual.,54.0,51.0,,3.0,1,54.0,0.0,True,raw/2021-6_table06.json.gz,8d33291713e87d1a1dfacd861994d911c9bcce1272cfe202fab8982c47983efe,raw/2021-6_table06_info.json,83e87050ea97a3795b4d16dbd0edf3c2e0064b35794cd80ec5e85199828fa83e,https://www.bddk.org.tr/BultenFinturk/tr/Home/MetaveriPdfIndir?tabloNo=6
2021-06,2021-06-30,ZONGULDAK,10003,KALKINMA VE YATIRIM,SubeSayisi,Yurtiçi Şube Sayısı,,0.0,derived_zero_function_group_identity,SEKTOR = MEVDUAT + KATILIM + KALKINMA_VE_YATIRIM,Published sector total equals the sum of the three non-negative functional-group branch counts with zero residual.,66.0,62.0,,4.0,1,66.0,0.0,True,raw/2021-6_table06.json.gz,8d33291713e87d1a1dfacd861994d911c9bcce1272cfe202fab8982c47983efe,raw/2021-6_table06_info.json,83e87050ea97a3795b4d16dbd0edf3c2e0064b35794cd80ec5e85199828fa83e,https://www.bddk.org.tr/BultenFinturk/tr/Home/MetaveriPdfIndir?tabloNo=6
2021-06,2021-06-30,ÇANAKKALE,10003,KALKINMA VE YATIRIM,SubeSayisi,Yurtiçi Şube Sayısı,,0.0,derived_zero_function_group_identity,SEKTOR = MEVDUAT + KATILIM + KALKINMA_VE_YATIRIM,Published sector total equals the sum of the three non-negative functional-group branch counts with zero residual.,78.0,74.0,,4.0,1,78.0,0.0,True,raw/2021-6_table06.json.gz,8d33291713e87d1a1dfacd861994d911c9bcce1272cfe202fab8982c47983efe,raw/2021-6_table06_info.json,83e87050ea97a3795b4d16dbd0edf3c2e0064b35794cd80ec5e85199828fa83e,https://www.bddk.org.tr/BultenFinturk/tr/Home/MetaveriPdfIndir?tabloNo=6
2021-06,2021-06-30,ÇANKIRI,10003,KALKINMA VE YATIRIM,SubeSayisi,Yurtiçi Şube Sayısı,,0.0,derived_zero_function_group_identity,SEKTOR = MEVDUAT + KATILIM + KALKINMA_VE_YATIRIM,Published sector total equals the sum of the three non-negative functional-group branch counts with zero residual.,30.0,28.0,,2.0,1,30.0,0.0,True,raw/2021-6_table06.json.gz,8d33291713e87d1a1dfacd861994d911c9bcce1272cfe202fab8982c47983efe,raw/2021-6_table06_info.json,83e87050ea97a3795b4d16dbd0edf3c2e0064b35794cd80ec5e85199828fa83e,https://www.bddk.org.tr/BultenFinturk/tr/Home/MetaveriPdfIndir?tabloNo=6
2021-06,2021-06-30,ÇORUM,10003,KALKINMA VE YATIRIM,SubeSayisi,Yurtiçi Şube Sayısı,,0.0,derived_zero_function_group_identity,SEKTOR = MEVDUAT + KATILIM + KALKINMA_VE_YATIRIM,Published sector total equals the sum of the three non-negative functional-group branch counts with zero residual.,64.0,59.0,,5.0,1,64.0,0.0,True,raw/2021-6_table06.json.gz,8d33291713e87d1a1dfacd861994d911c9bcce1272cfe202fab8982c47983efe,raw/2021-6_table06_info.json,83e87050ea97a3795b4d16dbd0edf3c2e0064b35794cd80ec5e85199828fa83e,https://www.bddk.org.tr/BultenFinturk/tr/Home/MetaveriPdfIndir?tabloNo=6
2021-06,2021-06-30,ŞANLIURFA,10003,KALKINMA VE YATIRIM,SubeSayisi,Yurtiçi Şube Sayısı,,0.0,derived_zero_function_group_identity,SEKTOR = MEVDUAT + KATILIM + KALKINMA_VE_YATIRIM,Published sector total equals the sum of the three non-negative functional-group branch counts with zero residual.,94.0,82.0,,12.0,1,94.0,0.0,True,raw/2021-6_table06.json.gz,8d33291713e87d1a1dfacd861994d911c9bcce1272cfe202fab8982c47983efe,raw/2021-6_table06_info.json,83e87050ea97a3795b4d16dbd0edf3c2e0064b35794cd80ec5e85199828fa83e,https://www.bddk.org.tr/BultenFinturk/tr/Home/MetaveriPdfIndir?tabloNo=6
2021-06,2021-06-30,ŞIRNAK,10003,KALKINMA VE YATIRIM,SubeSayisi,Yurtiçi Şube Sayısı,,0.0,derived_zero_function_group_identity,SEKTOR = MEVDUAT + KATILIM + KALKINMA_VE_YATIRIM,Published sector total equals the sum of the three non-negative functional-group branch counts with zero residual.,22.0,21.0,,1.0,1,22.0,0.0,True,raw/2021-6_table06.json.gz,8d33291713e87d1a1dfacd861994d911c9bcce1272cfe202fab8982c47983efe,raw/2021-6_table06_info.json,83e87050ea97a3795b4d16dbd0edf3c2e0064b35794cd80ec5e85199828fa83e,https://www.bddk.org.tr/BultenFinturk/tr/Home/MetaveriPdfIndir?tabloNo=6
2021-09,2021-09-30,ADIYAMAN,10003,KALKINMA VE YATIRIM,SubeSayisi,Yurtiçi Şube Sayısı,,0.0,derived_zero_function_group_identity,SEKTOR = MEVDUAT + KATILIM + KALKINMA_VE_YATIRIM,Published sector total equals the sum of the three non-negative functional-group branch counts with zero residual.,43.0,38.0,,5.0,1,43.0,0.0,True,raw/2021-9_table06.json.gz,688ecddebd27af8d92555bd839eaa195df53c8db20672eb7122f5ffb3e3a51e8,raw/2021-9_table06_info.json,b62781f05851c3be7877644ede0c2e322743d32839a8dcd02890ba8f883281ea,https://www.bddk.org.tr/BultenFinturk/tr/Home/MetaveriPdfIndir?tabloNo=6
2021-09,2021-09-30,AFYONKARAHİSAR,10003,KALKINMA VE YATIRIM,SubeSayisi,Yurtiçi Şube Sayısı,,0.0,derived_zero_function_group_identity,SEKTOR = MEVDUAT + KATILIM + KALKINMA_VE_YATIRIM,Published sector total equals the sum of the three non-negative functional-group branch counts with zero residual.,93.0,86.0,,7.0,1,93.0,0.0,True,raw/2021-9_table06.json.gz,688ecddebd27af8d92555bd839eaa195df53c8db20672eb7122f5ffb3e3a51e8,raw/2021-9_table06_info.json,b62781f05851c3be7877644ede0c2e322743d32839a8dcd02890ba8f883281ea,https://www.bddk.org.tr/BultenFinturk/tr/Home/MetaveriPdfIndir?tabloNo=6
2021-09,2021-09-30,AKSARAY,10003,KALKINMA VE YATIRIM,SubeSayisi,Yurtiçi Şube Sayısı,,0.0,derived_zero_function_group_identity,SEKTOR = MEVDUAT + KATILIM + KALKINMA_VE_YATIRIM,Published sector total equals the sum of the three non-negative functional-group branch counts with zero residual.,38.0,31.0,,7.0,1,38.0,0.0,True,raw/2021-9_table06.json.gz,688ecddebd27af8d92555bd839eaa195df53c8db20672eb7122f5ffb3e3a51e8,raw/2021-9_table06_info.json,b62781f05851c3be7877644ede0c2e322743d32839a8dcd02890ba8f883281ea,https://www.bddk.org.tr/BultenFinturk/tr/Home/MetaveriPdfIndir?tabloNo=6
2021-09,2021-09-30,AMASYA,10003,KALKINMA VE YATIRIM,SubeSayisi,Yurtiçi Şube Sayısı,,0.0,derived_zero_function_group_identity,SEKTOR = MEVDUAT + KATILIM + KALKINMA_VE_YATIRIM,Published sector total equals the sum of the three non-negative functional-group branch counts with zero residual.,41.0,38.0,,3.0,1,41.0,0.0,True,raw/2021-9_table06.json.gz,688ecddebd27af8d92555bd839eaa195df53c8db20672eb7122f5ffb3e3a51e8,raw/2021-9_table06_info.json,b62781f05851c3be7877644ede0c2e322743d32839a8dcd02890ba8f883281ea,https://www.bddk.org.tr/BultenFinturk/tr/Home/MetaveriPdfIndir?tabloNo=6
2021-09,2021-09-30,ARDAHAN,10003,KALKINMA VE YATIRIM,SubeSayisi,Yurtiçi Şube Sayısı,,0.0,derived_zero_function_group_identity,SEKTOR = MEVDUAT + KATILIM + KALKINMA_VE_YATIRIM,Published sector total equals the sum of the three non-negative functional-group branch counts with zero residual.,16.0,16.0,,,2,16.0,0.0,True,raw/2021-9_table06.json.gz,688ecddebd27af8d92555bd839eaa195df53c8db20672eb7122f5ffb3e3a51e8,raw/2021-9_table06_info.json,b62781f05851c3be7877644ede0c2e322743d32839a8dcd02890ba8f883281ea,https://www.bddk.org.tr/BultenFinturk/tr/Home/MetaveriPdfIndir?tabloNo=6
2021-09,2021-09-30,ARDAHAN,10004,KATILIM,SubeSayisi,Yurtiçi Şube Sayısı,,0.0,derived_zero_function_group_identity,SEKTOR = MEVDUAT + KATILIM + KALKINMA_VE_YATIRIM,Published sector total equals the sum of the three non-negative functional-group branch counts with zero residual.,16.0,16.0,,,2,16.0,0.0,True,raw/2021-9_table06.json.gz,688ecddebd27af8d92555bd839eaa195df53c8db20672eb7122f5ffb3e3a51e8,raw/2021-9_table06_info.json,b62781f05851c3be7877644ede0c2e322743d32839a8dcd02890ba8f883281ea,https://www.bddk.org.tr/BultenFinturk/tr/Home/MetaveriPdfIndir?tabloNo=6
2021-09,2021-09-30,ARTVİN,10003,KALKINMA VE YATIRIM,SubeSayisi,Yurtiçi Şube Sayısı,,0.0,derived_zero_function_group_identity,SEKTOR = MEVDUAT + KATILIM + KALKINMA_VE_YATIRIM,Published sector total equals the sum of the three non-negative functional-group branch counts with zero residual.,33.0,33.0,,,2,33.0,0.0,True,raw/2021-9_table06.json.gz,688ecddebd27af8d92555bd839eaa195df53c8db20672eb7122f5ffb3e3a51e8,raw/2021-9_table06_info.json,b62781f05851c3be7877644ede0c2e322743d32839a8dcd02890ba8f883281ea,https://www.bddk.org.tr/BultenFinturk/tr/Home/MetaveriPdfIndir?tabloNo=6
2021-09,2021-09-30,ARTVİN,10004,KATILIM,SubeSayisi,Yurtiçi Şube Sayısı,,0.0,derived_zero_function_group_identity,SEKTOR = MEVDUAT + KATILIM + KALKINMA_VE_YATIRIM,Published sector total equals the sum of the three non-negative functional-group branch counts with zero residual.,33.0,33.0,,,2,33.0,0.0,True,raw/2021-9_table06.json.gz,688ecddebd27af8d92555bd839eaa195df53c8db20672eb7122f5ffb3e3a51e8,raw/2021-9_table06_info.json,b62781f05851c3be7877644ede0c2e322743d32839a8dcd02890ba8f883281ea,https://www.bddk.org.tr/BultenFinturk/tr/Home/MetaveriPdfIndir?tabloNo=6
2021-09,2021-09-30,AYDIN,10003,KALKINMA VE YATIRIM,SubeSayisi,Yurtiçi Şube Sayısı,,0.0,derived_zero_function_group_identity,SEKTOR = MEVDUAT + KATILIM + KALKINMA_VE_YATIRIM,Published sector total equals the sum of the three non-negative functional-group branch counts with zero residual.,160.0,148.0,,12.0,1,160.0,0.0,True,raw/2021-9_table06.json.gz,688ecddebd27af8d92555bd839eaa195df53c8db20672eb7122f5ffb3e3a51e8,raw/2021-9_table06_info.json,b62781f05851c3be7877644ede0c2e322743d32839a8dcd02890ba8f883281ea,https://www.bddk.org.tr/BultenFinturk/tr/Home/MetaveriPdfIndir?tabloNo=6
2021-09,2021-09-30,AĞRI,10003,KALKINMA VE YATIRIM,SubeSayisi,Yurtiçi Şube Sayısı,,0.0,derived_zero_function_group_identity,SEKTOR = MEVDUAT + KATILIM + KALKINMA_VE_YATIRIM,Published sector total equals the sum of the three non-negative functional-group branch counts with zero residual.,28.0,26.0,,2.0,1,28.0,0.0,True,raw/2021-9_table06.json.gz,688ecddebd27af8d92555bd839eaa195df53c8db20672eb7122f5ffb3e3a51e8,raw/2021-9_table06_info.json,b62781f05851c3be7877644ede0c2e322743d32839a8dcd02890ba8f883281ea,https://www.bddk.org.tr/BultenFinturk/tr/Home/MetaveriPdfIndir?tabloNo=6
2021-09,2021-09-30,BALIKESİR,10003,KALKINMA VE YATIRIM,SubeSayisi,Yurtiçi Şube Sayısı,,0.0,derived_zero_function_group_identity,SEKTOR = MEVDUAT + KATILIM + KALKINMA_VE_YATIRIM,Published sector total equals the sum of the three non-negative functional-group branch counts with zero residual.,163.0,152.0,,11.0,1,163.0,0.0,True,raw/2021-9_table06.json.gz,688ecddebd27af8d92555bd839eaa195df53c8db20672eb7122f5ffb3e3a51e8,raw/2021-9_table06_info.json,b62781f05851c3be7877644ede0c2e322743d32839a8dcd02890ba8f883281ea,https://www.bddk.org.tr/BultenFinturk/tr/Home/MetaveriPdfIndir?tabloNo=6
2021-09,2021-09-30,BARTIN,10003,KALKINMA VE YATIRIM,SubeSayisi,Yurtiçi Şube Sayısı,,0.0,derived_zero_function_group_identity,SEKTOR = MEVDUAT + KATILIM + KALKINMA_VE_YATIRIM,Published sector total equals the sum of the three non-negative functional-group branch counts with zero residual.,21.0,20.0,,1.0,1,21.0,0.0,True,raw/2021-9_table06.json.gz,688ecddebd27af8d92555bd839eaa195df53c8db20672eb7122f5ffb3e3a51e8,raw/2021-9_table06_info.json,b62781f05851c3be7877644ede0c2e322743d32839a8dcd02890ba8f883281ea,https://www.bddk.org.tr/BultenFinturk/tr/Home/MetaveriPdfIndir?tabloNo=6
2021-09,2021-09-30,BATMAN,10003,KALKINMA VE YATIRIM,SubeSayisi,Yurtiçi Şube Sayısı,,0.0,derived_zero_function_group_identity,SEKTOR = MEVDUAT + KATILIM + KALKINMA_VE_YATIRIM,Published sector total equals the sum of the three non-negative functional-group branch counts with zero residual.,33.0,26.0,,7.0,1,33.0,0.0,True,raw/2021-9_table06.json.gz,688ecddebd27af8d92555bd839eaa195df53c8db20672eb7122f5ffb3e3a51e8,raw/2021-9_table06_info.json,b62781f05851c3be7877644ede0c2e322743d32839a8dcd02890ba8f883281ea,https://www.bddk.org.tr/BultenFinturk/tr/Home/MetaveriPdfIndir?tabloNo=6
2021-09,2021-09-30,BAYBURT,10003,KALKINMA VE YATIRIM,SubeSayisi,Yurtiçi Şube Sayısı,,0.0,derived_zero_function_group_identity,SEKTOR = MEVDUAT + KATILIM + KALKINMA_VE_YATIRIM,Published sector total equals the sum of the three non-negative functional-group branch counts with zero residual.,8.0,8.0,,,2,8.0,0.0,True,raw/2021-9_table06.json.gz,688ecddebd27af8d92555bd839eaa195df53c8db20672eb7122f5ffb3e3a51e8,raw/2021-9_table06_info.json,b62781f05851c3be7877644ede0c2e322743d32839a8dcd02890ba8f883281ea,https://www.bddk.org.tr/BultenFinturk/tr/Home/MetaveriPdfIndir?tabloNo=6
2021-09,2021-09-30,BAYBURT,10004,KATILIM,SubeSayisi,Yurtiçi Şube Sayısı,,0.0,derived_zero_function_group_identity,SEKTOR = MEVDUAT + KATILIM + KALKINMA_VE_YATIRIM,Published sector total equals the sum of the three non-negative functional-group branch counts with zero residual.,8.0,8.0,,,2,8.0,0.0,True,raw/2021-9_table06.json.gz,688ecddebd27af8d92555bd839eaa195df53c8db20672eb7122f5ffb3e3a51e8,raw/2021-9_table06_info.json,b62781f05851c3be7877644ede0c2e322743d32839a8dcd02890ba8f883281ea,https://www.bddk.org.tr/BultenFinturk/tr/Home/MetaveriPdfIndir?tabloNo=6
2021-09,2021-09-30,BOLU,10003,KALKINMA VE YATIRIM,SubeSayisi,Yurtiçi Şube Sayısı,,0.0,derived_zero_function_group_identity,SEKTOR = MEVDUAT + KATILIM + KALKINMA_VE_YATIRIM,Published sector total equals the sum of the three non-negative functional-group branch counts with zero residual.,40.0,35.0,,5.0,1,40.0,0.0,True,raw/2021-9_table06.json.gz,688ecddebd27af8d92555bd839eaa195df53c8db20672eb7122f5ffb3e3a51e8,raw/2021-9_table06_info.json,b62781f05851c3be7877644ede0c2e322743d32839a8dcd02890ba8f883281ea,https://www.bddk.org.tr/BultenFinturk/tr/Home/MetaveriPdfIndir?tabloNo=6
2021-09,2021-09-30,BURDUR,10003,KALKINMA VE YATIRIM,SubeSayisi,Yurtiçi Şube Sayısı,,0.0,derived_zero_function_group_identity,SEKTOR = MEVDUAT + KATILIM + KALKINMA_VE_YATIRIM,Published sector total equals the sum of the three non-negative functional-group branch counts with zero residual.,38.0,36.0,,2.0,1,38.0,0.0,True,raw/2021-9_table06.json.gz,688ecddebd27af8d92555bd839eaa195df53c8db20672eb7122f5ffb3e3a51e8,raw/2021-9_table06_info.json,b62781f05851c3be7877644ede0c2e322743d32839a8dcd02890ba8f883281ea,https://www.bddk.org.tr/BultenFinturk/tr/Home/MetaveriPdfIndir?tabloNo=6
2021-09,2021-09-30,BİLECİK,10003,KALKINMA VE YATIRIM,SubeSayisi,Yurtiçi Şube Sayısı,,0.0,derived_zero_function_group_identity,SEKTOR = MEVDUAT + KATILIM + KALKINMA_VE_YATIRIM,Published sector total equals the sum of the three non-negative functional-group branch counts with zero residual.,31.0,30.0,,1.0,1,31.0,0.0,True,raw/2021-9_table06.json.gz,688ecddebd27af8d92555bd839eaa195df53c8db20672eb7122f5ffb3e3a51e8,raw/2021-9_table06_info.json,b62781f05851c3be7877644ede0c2e322743d32839a8dcd02890ba8f883281ea,https://www.bddk.org.tr/BultenFinturk/tr/Home/MetaveriPdfIndir?tabloNo=6
2021-09,2021-09-30,BİNGÖL,10003,KALKINMA VE YATIRIM,SubeSayisi,Yurtiçi Şube Sayısı,,0.0,derived_zero_function_group_identity,SEKTOR = MEVDUAT + KATILIM + KALKINMA_VE_YATIRIM,Published sector total equals the sum of the three non-negative functional-group branch counts with zero residual.,16.0,14.0,,2.0,1,16.0,0.0,True,raw/2021-9_table06.json.gz,688ecddebd27af8d92555bd839eaa195df53c8db20672eb7122f5ffb3e3a51e8,raw/2021-9_table06_info.json,b62781f05851c3be7877644ede0c2e322743d32839a8dcd02890ba8f883281ea,https://www.bddk.org.tr/BultenFinturk/tr/Home/MetaveriPdfIndir?tabloNo=6
2021-09,2021-09-30,BİTLİS,10003,KALKINMA VE YATIRIM,SubeSayisi,Yurtiçi Şube Sayısı,,0.0,derived_zero_function_group_identity,SEKTOR = MEVDUAT + KATILIM + KALKINMA_VE_YATIRIM,Published sector total equals the sum of the three non-negative functional-group branch counts with zero residual.,21.0,20.0,,1.0,1,21.0,0.0,True,raw/2021-9_table06.json.gz,688ecddebd27af8d92555bd839eaa195df53c8db20672eb7122f5ffb3e3a51e8,raw/2021-9_table06_info.json,b62781f05851c3be7877644ede0c2e322743d32839a8dcd02890ba8f883281ea,https://www.bddk.org.tr/BultenFinturk/tr/Home/MetaveriPdfIndir?tabloNo=6
2021-09,2021-09-30,DÜZCE,10003,KALKINMA VE YATIRIM,SubeSayisi,Yurtiçi Şube Sayısı,,0.0,derived_zero_function_group_identity,SEKTOR = MEVDUAT + KATILIM + KALKINMA_VE_YATIRIM,Published sector total equals the sum of the three non-negative functional-group branch counts with zero residual.,38.0,33.0,,5.0,1,38.0,0.0,True,raw/2021-9_table06.json.gz,688ecddebd27af8d92555bd839eaa195df53c8db20672eb7122f5ffb3e3a51e8,raw/2021-9_table06_info.json,b62781f05851c3be7877644ede0c2e322743d32839a8dcd02890ba8f883281ea,https://www.bddk.org.tr/BultenFinturk/tr/Home/MetaveriPdfIndir?tabloNo=6
2021-09,2021-09-30,EDİRNE,10003,KALKINMA VE YATIRIM,SubeSayisi,Yurtiçi Şube Sayısı,,0.0,derived_zero_function_group_identity,SEKTOR = MEVDUAT + KATILIM + KALKINMA_VE_YATIRIM,Published sector total equals the sum of the three non-negative functional-group branch counts with zero residual.,60.0,57.0,,3.0,1,60.0,0.0,True,raw/2021-9_table06.json.gz,688ecddebd27af8d92555bd839eaa195df53c8db20672eb7122f5ffb3e3a51e8,raw/2021-9_table06_info.json,b62781f05851c3be7877644ede0c2e322743d32839a8dcd02890ba8f883281ea,https://www.bddk.org.tr/BultenFinturk/tr/Home/MetaveriPdfIndir?tabloNo=6
2021-09,2021-09-30,ERZİNCAN,10003,KALKINMA VE YATIRIM,SubeSayisi,Yurtiçi Şube Sayısı,,0.0,derived_zero_function_group_identity,SEKTOR = MEVDUAT + KATILIM + KALKINMA_VE_YATIRIM,Published sector total equals the sum of the three non-negative functional-group branch counts with zero residual.,31.0,26.0,,5.0,1,31.0,0.0,True,raw/2021-9_table06.json.gz,688ecddebd27af8d92555bd839eaa195df53c8db20672eb7122f5ffb3e3a51e8,raw/2021-9_table06_info.json,b62781f05851c3be7877644ede0c2e322743d32839a8dcd02890ba8f883281ea,https://www.bddk.org.tr/BultenFinturk/tr/Home/MetaveriPdfIndir?tabloNo=6
2021-09,2021-09-30,GÜMÜŞHANE,10003,KALKINMA VE YATIRIM,SubeSayisi,Yurtiçi Şube Sayısı,,0.0,derived_zero_function_group_identity,SEKTOR = MEVDUAT + KATILIM + KALKINMA_VE_YATIRIM,Published sector total equals the sum of the three non-negative functional-group branch counts with zero residual.,20.0,19.0,,1.0,1,20.0,0.0,True,raw/2021-9_table06.json.gz,688ecddebd27af8d92555bd839eaa195df53c8db20672eb7122f5ffb3e3a51e8,raw/2021-9_table06_info.json,b62781f05851c3be7877644ede0c2e322743d32839a8dcd02890ba8f883281ea,https://www.bddk.org.tr/BultenFinturk/tr/Home/MetaveriPdfIndir?tabloNo=6
2021-09,2021-09-30,GİRESUN,10003,KALKINMA VE YATIRIM,SubeSayisi,Yurtiçi Şube Sayısı,,0.0,derived_zero_function_group_identity,SEKTOR = MEVDUAT + KATILIM + KALKINMA_VE_YATIRIM,Published sector total equals the sum of the three non-negative functional-group branch counts with zero residual.,54.0,50.0,,4.0,1,54.0,0.0,True,raw/2021-9_table06.json.gz,688ecddebd27af8d92555bd839eaa195df53c8db20672eb7122f5ffb3e3a51e8,raw/2021-9_table06_info.json,b62781f05851c3be7877644ede0c2e322743d32839a8dcd02890ba8f883281ea,https://www.bddk.org.tr/BultenFinturk/tr/Home/MetaveriPdfIndir?tabloNo=6
2021-09,2021-09-30,HAKKARİ,10003,KALKINMA VE YATIRIM,SubeSayisi,Yurtiçi Şube Sayısı,,0.0,derived_zero_function_group_identity,SEKTOR = MEVDUAT + KATILIM + KALKINMA_VE_YATIRIM,Published sector total equals the sum of the three non-negative functional-group branch counts with zero residual.,17.0,17.0,,,2,17.0,0.0,True,raw/2021-9_table06.json.gz,688ecddebd27af8d92555bd839eaa195df53c8db20672eb7122f5ffb3e3a51e8,raw/2021-9_table06_info.json,b62781f05851c3be7877644ede0c2e322743d32839a8dcd02890ba8f883281ea,https://www.bddk.org.tr/BultenFinturk/tr/Home/MetaveriPdfIndir?tabloNo=6
2021-09,2021-09-30,HAKKARİ,10004,KATILIM,SubeSayisi,Yurtiçi Şube Sayısı,,0.0,derived_zero_function_group_identity,SEKTOR = MEVDUAT + KATILIM + KALKINMA_VE_YATIRIM,Published sector total equals the sum of the three non-negative functional-group branch counts with zero residual.,17.0,17.0,,,2,17.0,0.0,True,raw/2021-9_table06.json.gz,688ecddebd27af8d92555bd839eaa195df53c8db20672eb7122f5ffb3e3a51e8,raw/2021-9_table06_info.json,b62781f05851c3be7877644ede0c2e322743d32839a8dcd02890ba8f883281ea,https://www.bddk.org.tr/BultenFinturk/tr/Home/MetaveriPdfIndir?tabloNo=6
2021-09,2021-09-30,ISPARTA,10003,KALKINMA VE YATIRIM,SubeSayisi,Yurtiçi Şube Sayısı,,0.0,derived_zero_function_group_identity,SEKTOR = MEVDUAT + KATILIM + KALKINMA_VE_YATIRIM,Published sector total equals the sum of the three non-negative functional-group branch counts with zero residual.,57.0,51.0,,6.0,1,57.0,0.0,True,raw/2021-9_table06.json.gz,688ecddebd27af8d92555bd839eaa195df53c8db20672eb7122f5ffb3e3a51e8,raw/2021-9_table06_info.json,b62781f05851c3be7877644ede0c2e322743d32839a8dcd02890ba8f883281ea,https://www.bddk.org.tr/BultenFinturk/tr/Home/MetaveriPdfIndir?tabloNo=6
2021-09,2021-09-30,IĞDIR,10003,KALKINMA VE YATIRIM,SubeSayisi,Yurtiçi Şube Sayısı,,0.0,derived_zero_function_group_identity,SEKTOR = MEVDUAT + KATILIM + KALKINMA_VE_YATIRIM,Published sector total equals the sum of the three non-negative functional-group branch counts with zero residual.,16.0,15.0,,1.0,1,16.0,0.0,True,raw/2021-9_table06.json.gz,688ecddebd27af8d92555bd839eaa195df53c8db20672eb7122f5ffb3e3a51e8,raw/2021-9_table06_info.json,b62781f05851c3be7877644ede0c2e322743d32839a8dcd02890ba8f883281ea,https://www.bddk.org.tr/BultenFinturk/tr/Home/MetaveriPdfIndir?tabloNo=6
2021-09,2021-09-30,KARABÜK,10003,KALKINMA VE YATIRIM,SubeSayisi,Yurtiçi Şube Sayısı,,0.0,derived_zero_function_group_identity,SEKTOR = MEVDUAT + KATILIM + KALKINMA_VE_YATIRIM,Published sector total equals the sum of the three non-negative functional-group branch counts with zero residual.,28.0,25.0,,3.0,1,28.0,0.0,True,raw/2021-9_table06.json.gz,688ecddebd27af8d92555bd839eaa195df53c8db20672eb7122f5ffb3e3a51e8,raw/2021-9_table06_info.json,b62781f05851c3be7877644ede0c2e322743d32839a8dcd02890ba8f883281ea,https://www.bddk.org.tr/BultenFinturk/tr/Home/MetaveriPdfIndir?tabloNo=6
2021-09,2021-09-30,KARAMAN,10003,KALKINMA VE YATIRIM,SubeSayisi,Yurtiçi Şube Sayısı,,0.0,derived_zero_function_group_identity,SEKTOR = MEVDUAT + KATILIM + KALKINMA_VE_YATIRIM,Published sector total equals the sum of the three non-negative functional-group branch counts with zero residual.,27.0,22.0,,5.0,1,27.0,0.0,True,raw/2021-9_table06.json.gz,688ecddebd27af8d92555bd839eaa195df53c8db20672eb7122f5ffb3e3a51e8,raw/2021-9_table06_info.json,b62781f05851c3be7877644ede0c2e322743d32839a8dcd02890ba8f883281ea,https://www.bddk.org.tr/BultenFinturk/tr/Home/MetaveriPdfIndir?tabloNo=6
2021-09,2021-09-30,KARS,10003,KALKINMA VE YATIRIM,SubeSayisi,Yurtiçi Şube Sayısı,,0.0,derived_zero_function_group_identity,SEKTOR = MEVDUAT + KATILIM + KALKINMA_VE_YATIRIM,Published sector total equals the sum of the three non-negative functional-group branch counts with zero residual.,29.0,27.0,,2.0,1,29.0,0.0,True,raw/2021-9_table06.json.gz,688ecddebd27af8d92555bd839eaa195df53c8db20672eb7122f5ffb3e3a51e8,raw/2021-9_table06_info.json,b62781f05851c3be7877644ede0c2e322743d32839a8dcd02890ba8f883281ea,https://www.bddk.org.tr/BultenFinturk/tr/Home/MetaveriPdfIndir?tabloNo=6
2021-09,2021-09-30,KIRIKKALE,10003,KALKINMA VE YATIRIM,SubeSayisi,Yurtiçi Şube Sayısı,,0.0,derived_zero_function_group_identity,SEKTOR = MEVDUAT + KATILIM + KALKINMA_VE_YATIRIM,Published sector total equals the sum of the three non-negative functional-group branch counts with zero residual.,28.0,26.0,,2.0,1,28.0,0.0,True,raw/2021-9_table06.json.gz,688ecddebd27af8d92555bd839eaa195df53c8db20672eb7122f5ffb3e3a51e8,raw/2021-9_table06_info.json,b62781f05851c3be7877644ede0c2e322743d32839a8dcd02890ba8f883281ea,https://www.bddk.org.tr/BultenFinturk/tr/Home/MetaveriPdfIndir?tabloNo=6
2021-09,2021-09-30,KIRKLARELİ,10003,KALKINMA VE YATIRIM,SubeSayisi,Yurtiçi Şube Sayısı,,0.0,derived_zero_function_group_identity,SEKTOR = MEVDUAT + KATILIM + KALKINMA_VE_YATIRIM,Published sector total equals the sum of the three non-negative functional-group branch counts with zero residual.,50.0,49.0,,1.0,1,50.0,0.0,True,raw/2021-9_table06.json.gz,688ecddebd27af8d92555bd839eaa195df53c8db20672eb7122f5ffb3e3a51e8,raw/2021-9_table06_info.json,b62781f05851c3be7877644ede0c2e322743d32839a8dcd02890ba8f883281ea,https://www.bddk.org.tr/BultenFinturk/tr/Home/MetaveriPdfIndir?tabloNo=6
2021-09,2021-09-30,KIRŞEHİR,10003,KALKINMA VE YATIRIM,SubeSayisi,Yurtiçi Şube Sayısı,,0.0,derived_zero_function_group_identity,SEKTOR = MEVDUAT + KATILIM + KALKINMA_VE_YATIRIM,Published sector total equals the sum of the three non-negative functional-group branch counts with zero residual.,28.0,26.0,,2.0,1,28.0,0.0,True,raw/2021-9_table06.json.gz,688ecddebd27af8d92555bd839eaa195df53c8db20672eb7122f5ffb3e3a51e8,raw/2021-9_table06_info.json,b62781f05851c3be7877644ede0c2e322743d32839a8dcd02890ba8f883281ea,https://www.bddk.org.tr/BultenFinturk/tr/Home/MetaveriPdfIndir?tabloNo=6
2021-09,2021-09-30,KÜTAHYA,10003,KALKINMA VE YATIRIM,SubeSayisi,Yurtiçi Şube Sayısı,,0.0,derived_zero_function_group_identity,SEKTOR = MEVDUAT + KATILIM + KALKINMA_VE_YATIRIM,Published sector total equals the sum of the three non-negative functional-group branch counts with zero residual.,59.0,53.0,,6.0,1,59.0,0.0,True,raw/2021-9_table06.json.gz,688ecddebd27af8d92555bd839eaa195df53c8db20672eb7122f5ffb3e3a51e8,raw/2021-9_table06_info.json,b62781f05851c3be7877644ede0c2e322743d32839a8dcd02890ba8f883281ea,https://www.bddk.org.tr/BultenFinturk/tr/Home/MetaveriPdfIndir?tabloNo=6
2021-09,2021-09-30,KİLİS,10003,KALKINMA VE YATIRIM,SubeSayisi,Yurtiçi Şube Sayısı,,0.0,derived_zero_function_group_identity,SEKTOR = MEVDUAT + KATILIM + KALKINMA_VE_YATIRIM,Published sector total equals the sum of the three non-negative functional-group branch counts with zero residual.,10.0,9.0,,1.0,1,10.0,0.0,True,raw/2021-9_table06.json.gz,688ecddebd27af8d92555bd839eaa195df53c8db20672eb7122f5ffb3e3a51e8,raw/2021-9_table06_info.json,b62781f05851c3be7877644ede0c2e322743d32839a8dcd02890ba8f883281ea,https://www.bddk.org.tr/BultenFinturk/tr/Home/MetaveriPdfIndir?tabloNo=6
2021-09,2021-09-30,MALATYA,10003,KALKINMA VE YATIRIM,SubeSayisi,Yurtiçi Şube Sayısı,,0.0,derived_zero_function_group_identity,SEKTOR = MEVDUAT + KATILIM + KALKINMA_VE_YATIRIM,Published sector total equals the sum of the three non-negative functional-group branch counts with zero residual.,67.0,58.0,,9.0,1,67.0,0.0,True,raw/2021-9_table06.json.gz,688ecddebd27af8d92555bd839eaa195df53c8db20672eb7122f5ffb3e3a51e8,raw/2021-9_table06_info.json,b62781f05851c3be7877644ede0c2e322743d32839a8dcd02890ba8f883281ea,https://www.bddk.org.tr/BultenFinturk/tr/Home/MetaveriPdfIndir?tabloNo=6
2021-09,2021-09-30,MARDİN,10003,KALKINMA VE YATIRIM,SubeSayisi,Yurtiçi Şube Sayısı,,0.0,derived_zero_function_group_identity,SEKTOR = MEVDUAT + KATILIM + KALKINMA_VE_YATIRIM,Published sector total equals the sum of the three non-negative functional-group branch counts with zero residual.,48.0,44.0,,4.0,1,48.0,0.0,True,raw/2021-9_table06.json.gz,688ecddebd27af8d92555bd839eaa195df53c8db20672eb7122f5ffb3e3a51e8,raw/2021-9_table06_info.json,b62781f05851c3be7877644ede0c2e322743d32839a8dcd02890ba8f883281ea,https://www.bddk.org.tr/BultenFinturk/tr/Home/MetaveriPdfIndir?tabloNo=6
2021-09,2021-09-30,MUŞ,10003,KALKINMA VE YATIRIM,SubeSayisi,Yurtiçi Şube Sayısı,,0.0,derived_zero_function_group_identity,SEKTOR = MEVDUAT + KATILIM + KALKINMA_VE_YATIRIM,Published sector total equals the sum of the three non-negative functional-group branch counts with zero residual.,21.0,19.0,,2.0,1,21.0,0.0,True,raw/2021-9_table06.json.gz,688ecddebd27af8d92555bd839eaa195df53c8db20672eb7122f5ffb3e3a51e8,raw/2021-9_table06_info.json,b62781f05851c3be7877644ede0c2e322743d32839a8dcd02890ba8f883281ea,https://www.bddk.org.tr/BultenFinturk/tr/Home/MetaveriPdfIndir?tabloNo=6
2021-09,2021-09-30,NEVŞEHİR,10003,KALKINMA VE YATIRIM,SubeSayisi,Yurtiçi Şube Sayısı,,0.0,derived_zero_function_group_identity,SEKTOR = MEVDUAT + KATILIM + KALKINMA_VE_YATIRIM,Published sector total equals the sum of the three non-negative functional-group branch counts with zero residual.,40.0,35.0,,5.0,1,40.0,0.0,True,raw/2021-9_table06.json.gz,688ecddebd27af8d92555bd839eaa195df53c8db20672eb7122f5ffb3e3a51e8,raw/2021-9_table06_info.json,b62781f05851c3be7877644ede0c2e322743d32839a8dcd02890ba8f883281ea,https://www.bddk.org.tr/BultenFinturk/tr/Home/MetaveriPdfIndir?tabloNo=6
2021-09,2021-09-30,NİĞDE,10003,KALKINMA VE YATIRIM,SubeSayisi,Yurtiçi Şube Sayısı,,0.0,derived_zero_function_group_identity,SEKTOR = MEVDUAT + KATILIM + KALKINMA_VE_YATIRIM,Published sector total equals the sum of the three non-negative functional-group branch counts with zero residual.,28.0,26.0,,2.0,1,28.0,0.0,True,raw/2021-9_table06.json.gz,688ecddebd27af8d92555bd839eaa195df53c8db20672eb7122f5ffb3e3a51e8,raw/2021-9_table06_info.json,b62781f05851c3be7877644ede0c2e322743d32839a8dcd02890ba8f883281ea,https://www.bddk.org.tr/BultenFinturk/tr/Home/MetaveriPdfIndir?tabloNo=6
2021-09,2021-09-30,ORDU,10003,KALKINMA VE YATIRIM,SubeSayisi,Yurtiçi Şube Sayısı,,0.0,derived_zero_function_group_identity,SEKTOR = MEVDUAT + KATILIM + KALKINMA_VE_YATIRIM,Published sector total equals the sum of the three non-negative functional-group branch counts with zero residual.,74.0,67.0,,7.0,1,74.0,0.0,True,raw/2021-9_table06.json.gz,688ecddebd27af8d92555bd839eaa195df53c8db20672eb7122f5ffb3e3a51e8,raw/2021-9_table06_info.json,b62781f05851c3be7877644ede0c2e322743d32839a8dcd02890ba8f883281ea,https://www.bddk.org.tr/BultenFinturk/tr/Home/MetaveriPdfIndir?tabloNo=6
2021-09,2021-09-30,OSMANİYE,10003,KALKINMA VE YATIRIM,SubeSayisi,Yurtiçi Şube Sayısı,,0.0,derived_zero_function_group_identity,SEKTOR = MEVDUAT + KATILIM + KALKINMA_VE_YATIRIM,Published sector total equals the sum of the three non-negative functional-group branch counts with zero residual.,39.0,35.0,,4.0,1,39.0,0.0,True,raw/2021-9_table06.json.gz,688ecddebd27af8d92555bd839eaa195df53c8db20672eb7122f5ffb3e3a51e8,raw/2021-9_table06_info.json,b62781f05851c3be7877644ede0c2e322743d32839a8dcd02890ba8f883281ea,https://www.bddk.org.tr/BultenFinturk/tr/Home/MetaveriPdfIndir?tabloNo=6
2021-09,2021-09-30,RİZE,10003,KALKINMA VE YATIRIM,SubeSayisi,Yurtiçi Şube Sayısı,,0.0,derived_zero_function_group_identity,SEKTOR = MEVDUAT + KATILIM + KALKINMA_VE_YATIRIM,Published sector total equals the sum of the three non-negative functional-group branch counts with zero residual.,51.0,45.0,,6.0,1,51.0,0.0,True,raw/2021-9_table06.json.gz,688ecddebd27af8d92555bd839eaa195df53c8db20672eb7122f5ffb3e3a51e8,raw/2021-9_table06_info.json,b62781f05851c3be7877644ede0c2e322743d32839a8dcd02890ba8f883281ea,https://www.bddk.org.tr/BultenFinturk/tr/Home/MetaveriPdfIndir?tabloNo=6
2021-09,2021-09-30,SAKARYA,10003,KALKINMA VE YATIRIM,SubeSayisi,Yurtiçi Şube Sayısı,,0.0,derived_zero_function_group_identity,SEKTOR = MEVDUAT + KATILIM + KALKINMA_VE_YATIRIM,Published sector total equals the sum of the three non-negative functional-group branch counts with zero residual.,121.0,110.0,,11.0,1,121.0,0.0,True,raw/2021-9_table06.json.gz,688ecddebd27af8d92555bd839eaa195df53c8db20672eb7122f5ffb3e3a51e8,raw/2021-9_table06_info.json,b62781f05851c3be7877644ede0c2e322743d32839a8dcd02890ba8f883281ea,https://www.bddk.org.tr/BultenFinturk/tr/Home/MetaveriPdfIndir?tabloNo=6
2021-09,2021-09-30,SİNOP,10003,KALKINMA VE YATIRIM,SubeSayisi,Yurtiçi Şube Sayısı,,0.0,derived_zero_function_group_identity,SEKTOR = MEVDUAT + KATILIM + KALKINMA_VE_YATIRIM,Published sector total equals the sum of the three non-negative functional-group branch counts with zero residual.,30.0,30.0,,,2,30.0,0.0,True,raw/2021-9_table06.json.gz,688ecddebd27af8d92555bd839eaa195df53c8db20672eb7122f5ffb3e3a51e8,raw/2021-9_table06_info.json,b62781f05851c3be7877644ede0c2e322743d32839a8dcd02890ba8f883281ea,https://www.bddk.org.tr/BultenFinturk/tr/Home/MetaveriPdfIndir?tabloNo=6
2021-09,2021-09-30,SİNOP,10004,KATILIM,SubeSayisi,Yurtiçi Şube Sayısı,,0.0,derived_zero_function_group_identity,SEKTOR = MEVDUAT + KATILIM + KALKINMA_VE_YATIRIM,Published sector total equals the sum of the three non-negative functional-group branch counts with zero residual.,30.0,30.0,,,2,30.0,0.0,True,raw/2021-9_table06.json.gz,688ecddebd27af8d92555bd839eaa195df53c8db20672eb7122f5ffb3e3a51e8,raw/2021-9_table06_info.json,b62781f05851c3be7877644ede0c2e322743d32839a8dcd02890ba8f883281ea,https://www.bddk.org.tr/BultenFinturk/tr/Home/MetaveriPdfIndir?tabloNo=6
2021-09,2021-09-30,SİİRT,10003,KALKINMA VE YATIRIM,SubeSayisi,Yurtiçi Şube Sayısı,,0.0,derived_zero_function_group_identity,SEKTOR = MEVDUAT + KATILIM + KALKINMA_VE_YATIRIM,Published sector total equals the sum of the three non-negative functional-group branch counts with zero residual.,22.0,17.0,,5.0,1,22.0,0.0,True,raw/2021-9_table06.json.gz,688ecddebd27af8d92555bd839eaa195df53c8db20672eb7122f5ffb3e3a51e8,raw/2021-9_table06_info.json,b62781f05851c3be7877644ede0c2e322743d32839a8dcd02890ba8f883281ea,https://www.bddk.org.tr/BultenFinturk/tr/Home/MetaveriPdfIndir?tabloNo=6
2021-09,2021-09-30,TOKAT,10003,KALKINMA VE YATIRIM,SubeSayisi,Yurtiçi Şube Sayısı,,0.0,derived_zero_function_group_identity,SEKTOR = MEVDUAT + KATILIM + KALKINMA_VE_YATIRIM,Published sector total equals the sum of the three non-negative functional-group branch counts with zero residual.,59.0,54.0,,5.0,1,59.0,0.0,True,raw/2021-9_table06.json.gz,688ecddebd27af8d92555bd839eaa195df53c8db20672eb7122f5ffb3e3a51e8,raw/2021-9_table06_info.json,b62781f05851c3be7877644ede0c2e322743d32839a8dcd02890ba8f883281ea,https://www.bddk.org.tr/BultenFinturk/tr/Home/MetaveriPdfIndir?tabloNo=6
2021-09,2021-09-30,TUNCELİ,10003,KALKINMA VE YATIRIM,SubeSayisi,Yurtiçi Şube Sayısı,,0.0,derived_zero_function_group_identity,SEKTOR = MEVDUAT + KATILIM + KALKINMA_VE_YATIRIM,Published sector total equals the sum of the three non-negative functional-group branch counts with zero residual.,13.0,13.0,,,2,13.0,0.0,True,raw/2021-9_table06.json.gz,688ecddebd27af8d92555bd839eaa195df53c8db20672eb7122f5ffb3e3a51e8,raw/2021-9_table06_info.json,b62781f05851c3be7877644ede0c2e322743d32839a8dcd02890ba8f883281ea,https://www.bddk.org.tr/BultenFinturk/tr/Home/MetaveriPdfIndir?tabloNo=6
2021-09,2021-09-30,TUNCELİ,10004,KATILIM,SubeSayisi,Yurtiçi Şube Sayısı,,0.0,derived_zero_function_group_identity,SEKTOR = MEVDUAT + KATILIM + KALKINMA_VE_YATIRIM,Published sector total equals the sum of the three non-negative functional-group branch counts with zero residual.,13.0,13.0,,,2,13.0,0.0,True,raw/2021-9_table06.json.gz,688ecddebd27af8d92555bd839eaa195df53c8db20672eb7122f5ffb3e3a51e8,raw/2021-9_table06_info.json,b62781f05851c3be7877644ede0c2e322743d32839a8dcd02890ba8f883281ea,https://www.bddk.org.tr/BultenFinturk/tr/Home/MetaveriPdfIndir?tabloNo=6
2021-09,2021-09-30,UŞAK,10003,KALKINMA VE YATIRIM,SubeSayisi,Yurtiçi Şube Sayısı,,0.0,derived_zero_function_group_identity,SEKTOR = MEVDUAT + KATILIM + KALKINMA_VE_YATIRIM,Published sector total equals the sum of the three non-negative functional-group branch counts with zero residual.,43.0,39.0,,4.0,1,43.0,0.0,True,raw/2021-9_table06.json.gz,688ecddebd27af8d92555bd839eaa195df53c8db20672eb7122f5ffb3e3a51e8,raw/2021-9_table06_info.json,b62781f05851c3be7877644ede0c2e322743d32839a8dcd02890ba8f883281ea,https://www.bddk.org.tr/BultenFinturk/tr/Home/MetaveriPdfIndir?tabloNo=6
2021-09,2021-09-30,YALOVA,10003,KALKINMA VE YATIRIM,SubeSayisi,Yurtiçi Şube Sayısı,,0.0,derived_zero_function_group_identity,SEKTOR = MEVDUAT + KATILIM + KALKINMA_VE_YATIRIM,Published sector total equals the sum of the three non-negative functional-group branch counts with zero residual.,29.0,25.0,,4.0,1,29.0,0.0,True,raw/2021-9_table06.json.gz,688ecddebd27af8d92555bd839eaa195df53c8db20672eb7122f5ffb3e3a51e8,raw/2021-9_table06_info.json,b62781f05851c3be7877644ede0c2e322743d32839a8dcd02890ba8f883281ea,https://www.bddk.org.tr/BultenFinturk/tr/Home/MetaveriPdfIndir?tabloNo=6
2021-09,2021-09-30,YOZGAT,10003,KALKINMA VE YATIRIM,SubeSayisi,Yurtiçi Şube Sayısı,,0.0,derived_zero_function_group_identity,SEKTOR = MEVDUAT + KATILIM + KALKINMA_VE_YATIRIM,Published sector total equals the sum of the three non-negative functional-group branch counts with zero residual.,54.0,51.0,,3.0,1,54.0,0.0,True,raw/2021-9_table06.json.gz,688ecddebd27af8d92555bd839eaa195df53c8db20672eb7122f5ffb3e3a51e8,raw/2021-9_table06_info.json,b62781f05851c3be7877644ede0c2e322743d32839a8dcd02890ba8f883281ea,https://www.bddk.org.tr/BultenFinturk/tr/Home/MetaveriPdfIndir?tabloNo=6
2021-09,2021-09-30,ZONGULDAK,10003,KALKINMA VE YATIRIM,SubeSayisi,Yurtiçi Şube Sayısı,,0.0,derived_zero_function_group_identity,SEKTOR = MEVDUAT + KATILIM + KALKINMA_VE_YATIRIM,Published sector total equals the sum of the three non-negative functional-group branch counts with zero residual.,65.0,61.0,,4.0,1,65.0,0.0,True,raw/2021-9_table06.json.gz,688ecddebd27af8d92555bd839eaa195df53c8db20672eb7122f5ffb3e3a51e8,raw/2021-9_table06_info.json,b62781f05851c3be7877644ede0c2e322743d32839a8dcd02890ba8f883281ea,https://www.bddk.org.tr/BultenFinturk/tr/Home/MetaveriPdfIndir?tabloNo=6
2021-09,2021-09-30,ÇANAKKALE,10003,KALKINMA VE YATIRIM,SubeSayisi,Yurtiçi Şube Sayısı,,0.0,derived_zero_function_group_identity,SEKTOR = MEVDUAT + KATILIM + KALKINMA_VE_YATIRIM,Published sector total equals the sum of the three non-negative functional-group branch counts with zero residual.,78.0,74.0,,4.0,1,78.0,0.0,True,raw/2021-9_table06.json.gz,688ecddebd27af8d92555bd839eaa195df53c8db20672eb7122f5ffb3e3a51e8,raw/2021-9_table06_info.json,b62781f05851c3be7877644ede0c2e322743d32839a8dcd02890ba8f883281ea,https://www.bddk.org.tr/BultenFinturk/tr/Home/MetaveriPdfIndir?tabloNo=6
2021-09,2021-09-30,ÇANKIRI,10003,KALKINMA VE YATIRIM,SubeSayisi,Yurtiçi Şube Sayısı,,0.0,derived_zero_function_group_identity,SEKTOR = MEVDUAT + KATILIM + KALKINMA_VE_YATIRIM,Published sector total equals the sum of the three non-negative functional-group branch counts with zero residual.,30.0,28.0,,2.0,1,30.0,0.0,True,raw/2021-9_table06.json.gz,688ecddebd27af8d92555bd839eaa195df53c8db20672eb7122f5ffb3e3a51e8,raw/2021-9_table06_info.json,b62781f05851c3be7877644ede0c2e322743d32839a8dcd02890ba8f883281ea,https://www.bddk.org.tr/BultenFinturk/tr/Home/MetaveriPdfIndir?tabloNo=6
2021-09,2021-09-30,ÇORUM,10003,KALKINMA VE YATIRIM,SubeSayisi,Yurtiçi Şube Sayısı,,0.0,derived_zero_function_group_identity,SEKTOR = MEVDUAT + KATILIM + KALKINMA_VE_YATIRIM,Published sector total equals the sum of the three non-negative functional-group branch counts with zero residual.,64.0,59.0,,5.0,1,64.0,0.0,True,raw/2021-9_table06.json.gz,688ecddebd27af8d92555bd839eaa195df53c8db20672eb7122f5ffb3e3a51e8,raw/2021-9_table06_info.json,b62781f05851c3be7877644ede0c2e322743d32839a8dcd02890ba8f883281ea,https://www.bddk.org.tr/BultenFinturk/tr/Home/MetaveriPdfIndir?tabloNo=6
2021-09,2021-09-30,ŞANLIURFA,10003,KALKINMA VE YATIRIM,SubeSayisi,Yurtiçi Şube Sayısı,,0.0,derived_zero_function_group_identity,SEKTOR = MEVDUAT + KATILIM + KALKINMA_VE_YATIRIM,Published sector total equals the sum of the three non-negative functional-group branch counts with zero residual.,93.0,81.0,,12.0,1,93.0,0.0,True,raw/2021-9_table06.json.gz,688ecddebd27af8d92555bd839eaa195df53c8db20672eb7122f5ffb3e3a51e8,raw/2021-9_table06_info.json,b62781f05851c3be7877644ede0c2e322743d32839a8dcd02890ba8f883281ea,https://www.bddk.org.tr/BultenFinturk/tr/Home/MetaveriPdfIndir?tabloNo=6
2021-09,2021-09-30,ŞIRNAK,10003,KALKINMA VE YATIRIM,SubeSayisi,Yurtiçi Şube Sayısı,,0.0,derived_zero_function_group_identity,SEKTOR = MEVDUAT + KATILIM + KALKINMA_VE_YATIRIM,Published sector total equals the sum of the three non-negative functional-group branch counts with zero residual.,22.0,21.0,,1.0,1,22.0,0.0,True,raw/2021-9_table06.json.gz,688ecddebd27af8d92555bd839eaa195df53c8db20672eb7122f5ffb3e3a51e8,raw/2021-9_table06_info.json,b62781f05851c3be7877644ede0c2e322743d32839a8dcd02890ba8f883281ea,https://www.bddk.org.tr/BultenFinturk/tr/Home/MetaveriPdfIndir?tabloNo=6
2021-12,2021-12-31,ADIYAMAN,10003,KALKINMA VE YATIRIM,SubeSayisi,Yurtiçi Şube Sayısı,,0.0,derived_zero_function_group_identity,SEKTOR = MEVDUAT + KATILIM + KALKINMA_VE_YATIRIM,Published sector total equals the sum of the three non-negative functional-group branch counts with zero residual.,43.0,38.0,,5.0,1,43.0,0.0,True,raw/2021-12_table06.json.gz,7d1eeadee37fa29372a6da3d55c17956e62618e5f124f693c48b4fefa1920fbf,raw/2021-12_table06_info.json,166a28a223c590f0036cb6814894c5627f4278ce58776f6e821907973b94139a,https://www.bddk.org.tr/BultenFinturk/tr/Home/MetaveriPdfIndir?tabloNo=6
2021-12,2021-12-31,AFYONKARAHİSAR,10003,KALKINMA VE YATIRIM,SubeSayisi,Yurtiçi Şube Sayısı,,0.0,derived_zero_function_group_identity,SEKTOR = MEVDUAT + KATILIM + KALKINMA_VE_YATIRIM,Published sector total equals the sum of the three non-negative functional-group branch counts with zero residual.,92.0,85.0,,7.0,1,92.0,0.0,True,raw/2021-12_table06.json.gz,7d1eeadee37fa29372a6da3d55c17956e62618e5f124f693c48b4fefa1920fbf,raw/2021-12_table06_info.json,166a28a223c590f0036cb6814894c5627f4278ce58776f6e821907973b94139a,https://www.bddk.org.tr/BultenFinturk/tr/Home/MetaveriPdfIndir?tabloNo=6
2021-12,2021-12-31,AKSARAY,10003,KALKINMA VE YATIRIM,SubeSayisi,Yurtiçi Şube Sayısı,,0.0,derived_zero_function_group_identity,SEKTOR = MEVDUAT + KATILIM + KALKINMA_VE_YATIRIM,Published sector total equals the sum of the three non-negative functional-group branch counts with zero residual.,38.0,31.0,,7.0,1,38.0,0.0,True,raw/2021-12_table06.json.gz,7d1eeadee37fa29372a6da3d55c17956e62618e5f124f693c48b4fefa1920fbf,raw/2021-12_table06_info.json,166a28a223c590f0036cb6814894c5627f4278ce58776f6e821907973b94139a,https://www.bddk.org.tr/BultenFinturk/tr/Home/MetaveriPdfIndir?tabloNo=6
2021-12,2021-12-31,AMASYA,10003,KALKINMA VE YATIRIM,SubeSayisi,Yurtiçi Şube Sayısı,,0.0,derived_zero_function_group_identity,SEKTOR = MEVDUAT + KATILIM + KALKINMA_VE_YATIRIM,Published sector total equals the sum of the three non-negative functional-group branch counts with zero residual.,40.0,37.0,,3.0,1,40.0,0.0,True,raw/2021-12_table06.json.gz,7d1eeadee37fa29372a6da3d55c17956e62618e5f124f693c48b4fefa1920fbf,raw/2021-12_table06_info.json,166a28a223c590f0036cb6814894c5627f4278ce58776f6e821907973b94139a,https://www.bddk.org.tr/BultenFinturk/tr/Home/MetaveriPdfIndir?tabloNo=6
2021-12,2021-12-31,ARDAHAN,10003,KALKINMA VE YATIRIM,SubeSayisi,Yurtiçi Şube Sayısı,,0.0,derived_zero_function_group_identity,SEKTOR = MEVDUAT + KATILIM + KALKINMA_VE_YATIRIM,Published sector total equals the sum of the three non-negative functional-group branch counts with zero residual.,16.0,16.0,,,2,16.0,0.0,True,raw/2021-12_table06.json.gz,7d1eeadee37fa29372a6da3d55c17956e62618e5f124f693c48b4fefa1920fbf,raw/2021-12_table06_info.json,166a28a223c590f0036cb6814894c5627f4278ce58776f6e821907973b94139a,https://www.bddk.org.tr/BultenFinturk/tr/Home/MetaveriPdfIndir?tabloNo=6
2021-12,2021-12-31,ARDAHAN,10004,KATILIM,SubeSayisi,Yurtiçi Şube Sayısı,,0.0,derived_zero_function_group_identity,SEKTOR = MEVDUAT + KATILIM + KALKINMA_VE_YATIRIM,Published sector total equals the sum of the three non-negative functional-group branch counts with zero residual.,16.0,16.0,,,2,16.0,0.0,True,raw/2021-12_table06.json.gz,7d1eeadee37fa29372a6da3d55c17956e62618e5f124f693c48b4fefa1920fbf,raw/2021-12_table06_info.json,166a28a223c590f0036cb6814894c5627f4278ce58776f6e821907973b94139a,https://www.bddk.org.tr/BultenFinturk/tr/Home/MetaveriPdfIndir?tabloNo=6
2021-12,2021-12-31,ARTVİN,10003,KALKINMA VE YATIRIM,SubeSayisi,Yurtiçi Şube Sayısı,,0.0,derived_zero_function_group_identity,SEKTOR = MEVDUAT + KATILIM + KALKINMA_VE_YATIRIM,Published sector total equals the sum of the three non-negative functional-group branch counts with zero residual.,33.0,33.0,,,2,33.0,0.0,True,raw/2021-12_table06.json.gz,7d1eeadee37fa29372a6da3d55c17956e62618e5f124f693c48b4fefa1920fbf,raw/2021-12_table06_info.json,166a28a223c590f0036cb6814894c5627f4278ce58776f6e821907973b94139a,https://www.bddk.org.tr/BultenFinturk/tr/Home/MetaveriPdfIndir?tabloNo=6
2021-12,2021-12-31,ARTVİN,10004,KATILIM,SubeSayisi,Yurtiçi Şube Sayısı,,0.0,derived_zero_function_group_identity,SEKTOR = MEVDUAT + KATILIM + KALKINMA_VE_YATIRIM,Published sector total equals the sum of the three non-negative functional-group branch counts with zero residual.,33.0,33.0,,,2,33.0,0.0,True,raw/2021-12_table06.json.gz,7d1eeadee37fa29372a6da3d55c17956e62618e5f124f693c48b4fefa1920fbf,raw/2021-12_table06_info.json,166a28a223c590f0036cb6814894c5627f4278ce58776f6e821907973b94139a,https://www.bddk.org.tr/BultenFinturk/tr/Home/MetaveriPdfIndir?tabloNo=6
2021-12,2021-12-31,AYDIN,10003,KALKINMA VE YATIRIM,SubeSayisi,Yurtiçi Şube Sayısı,,0.0,derived_zero_function_group_identity,SEKTOR = MEVDUAT + KATILIM + KALKINMA_VE_YATIRIM,Published sector total equals the sum of the three non-negative functional-group branch counts with zero residual.,158.0,146.0,,12.0,1,158.0,0.0,True,raw/2021-12_table06.json.gz,7d1eeadee37fa29372a6da3d55c17956e62618e5f124f693c48b4fefa1920fbf,raw/2021-12_table06_info.json,166a28a223c590f0036cb6814894c5627f4278ce58776f6e821907973b94139a,https://www.bddk.org.tr/BultenFinturk/tr/Home/MetaveriPdfIndir?tabloNo=6
2021-12,2021-12-31,AĞRI,10003,KALKINMA VE YATIRIM,SubeSayisi,Yurtiçi Şube Sayısı,,0.0,derived_zero_function_group_identity,SEKTOR = MEVDUAT + KATILIM + KALKINMA_VE_YATIRIM,Published sector total equals the sum of the three non-negative functional-group branch counts with zero residual.,28.0,26.0,,2.0,1,28.0,0.0,True,raw/2021-12_table06.json.gz,7d1eeadee37fa29372a6da3d55c17956e62618e5f124f693c48b4fefa1920fbf,raw/2021-12_table06_info.json,166a28a223c590f0036cb6814894c5627f4278ce58776f6e821907973b94139a,https://www.bddk.org.tr/BultenFinturk/tr/Home/MetaveriPdfIndir?tabloNo=6
2021-12,2021-12-31,BALIKESİR,10003,KALKINMA VE YATIRIM,SubeSayisi,Yurtiçi Şube Sayısı,,0.0,derived_zero_function_group_identity,SEKTOR = MEVDUAT + KATILIM + KALKINMA_VE_YATIRIM,Published sector total equals the sum of the three non-negative functional-group branch counts with zero residual.,160.0,149.0,,11.0,1,160.0,0.0,True,raw/2021-12_table06.json.gz,7d1eeadee37fa29372a6da3d55c17956e62618e5f124f693c48b4fefa1920fbf,raw/2021-12_table06_info.json,166a28a223c590f0036cb6814894c5627f4278ce58776f6e821907973b94139a,https://www.bddk.org.tr/BultenFinturk/tr/Home/MetaveriPdfIndir?tabloNo=6
2021-12,2021-12-31,BARTIN,10003,KALKINMA VE YATIRIM,SubeSayisi,Yurtiçi Şube Sayısı,,0.0,derived_zero_function_group_identity,SEKTOR = MEVDUAT + KATILIM + KALKINMA_VE_YATIRIM,Published sector total equals the sum of the three non-negative functional-group branch counts with zero residual.,22.0,20.0,,2.0,1,22.0,0.0,True,raw/2021-12_table06.json.gz,7d1eeadee37fa29372a6da3d55c17956e62618e5f124f693c48b4fefa1920fbf,raw/2021-12_table06_info.json,166a28a223c590f0036cb6814894c5627f4278ce58776f6e821907973b94139a,https://www.bddk.org.tr/BultenFinturk/tr/Home/MetaveriPdfIndir?tabloNo=6
2021-12,2021-12-31,BATMAN,10003,KALKINMA VE YATIRIM,SubeSayisi,Yurtiçi Şube Sayısı,,0.0,derived_zero_function_group_identity,SEKTOR = MEVDUAT + KATILIM + KALKINMA_VE_YATIRIM,Published sector total equals the sum of the three non-negative functional-group branch counts with zero residual.,33.0,26.0,,7.0,1,33.0,0.0,True,raw/2021-12_table06.json.gz,7d1eeadee37fa29372a6da3d55c17956e62618e5f124f693c48b4fefa1920fbf,raw/2021-12_table06_info.json,166a28a223c590f0036cb6814894c5627f4278ce58776f6e821907973b94139a,https://www.bddk.org.tr/BultenFinturk/tr/Home/MetaveriPdfIndir?tabloNo=6
2021-12,2021-12-31,BAYBURT,10003,KALKINMA VE YATIRIM,SubeSayisi,Yurtiçi Şube Sayısı,,0.0,derived_zero_function_group_identity,SEKTOR = MEVDUAT + KATILIM + KALKINMA_VE_YATIRIM,Published sector total equals the sum of the three non-negative functional-group branch counts with zero residual.,8.0,8.0,,,2,8.0,0.0,True,raw/2021-12_table06.json.gz,7d1eeadee37fa29372a6da3d55c17956e62618e5f124f693c48b4fefa1920fbf,raw/2021-12_table06_info.json,166a28a223c590f0036cb6814894c5627f4278ce58776f6e821907973b94139a,https://www.bddk.org.tr/BultenFinturk/tr/Home/MetaveriPdfIndir?tabloNo=6
2021-12,2021-12-31,BAYBURT,10004,KATILIM,SubeSayisi,Yurtiçi Şube Sayısı,,0.0,derived_zero_function_group_identity,SEKTOR = MEVDUAT + KATILIM + KALKINMA_VE_YATIRIM,Published sector total equals the sum of the three non-negative functional-group branch counts with zero residual.,8.0,8.0,,,2,8.0,0.0,True,raw/2021-12_table06.json.gz,7d1eeadee37fa29372a6da3d55c17956e62618e5f124f693c48b4fefa1920fbf,raw/2021-12_table06_info.json,166a28a223c590f0036cb6814894c5627f4278ce58776f6e821907973b94139a,https://www.bddk.org.tr/BultenFinturk/tr/Home/MetaveriPdfIndir?tabloNo=6
2021-12,2021-12-31,BOLU,10003,KALKINMA VE YATIRIM,SubeSayisi,Yurtiçi Şube Sayısı,,0.0,derived_zero_function_group_identity,SEKTOR = MEVDUAT + KATILIM + KALKINMA_VE_YATIRIM,Published sector total equals the sum of the three non-negative functional-group branch counts with zero residual.,40.0,35.0,,5.0,1,40.0,0.0,True,raw/2021-12_table06.json.gz,7d1eeadee37fa29372a6da3d55c17956e62618e5f124f693c48b4fefa1920fbf,raw/2021-12_table06_info.json,166a28a223c590f0036cb6814894c5627f4278ce58776f6e821907973b94139a,https://www.bddk.org.tr/BultenFinturk/tr/Home/MetaveriPdfIndir?tabloNo=6
2021-12,2021-12-31,BURDUR,10003,KALKINMA VE YATIRIM,SubeSayisi,Yurtiçi Şube Sayısı,,0.0,derived_zero_function_group_identity,SEKTOR = MEVDUAT + KATILIM + KALKINMA_VE_YATIRIM,Published sector total equals the sum of the three non-negative functional-group branch counts with zero residual.,38.0,36.0,,2.0,1,38.0,0.0,True,raw/2021-12_table06.json.gz,7d1eeadee37fa29372a6da3d55c17956e62618e5f124f693c48b4fefa1920fbf,raw/2021-12_table06_info.json,166a28a223c590f0036cb6814894c5627f4278ce58776f6e821907973b94139a,https://www.bddk.org.tr/BultenFinturk/tr/Home/MetaveriPdfIndir?tabloNo=6
2021-12,2021-12-31,BİLECİK,10003,KALKINMA VE YATIRIM,SubeSayisi,Yurtiçi Şube Sayısı,,0.0,derived_zero_function_group_identity,SEKTOR = MEVDUAT + KATILIM + KALKINMA_VE_YATIRIM,Published sector total equals the sum of the three non-negative functional-group branch counts with zero residual.,30.0,29.0,,1.0,1,30.0,0.0,True,raw/2021-12_table06.json.gz,7d1eeadee37fa29372a6da3d55c17956e62618e5f124f693c48b4fefa1920fbf,raw/2021-12_table06_info.json,166a28a223c590f0036cb6814894c5627f4278ce58776f6e821907973b94139a,https://www.bddk.org.tr/BultenFinturk/tr/Home/MetaveriPdfIndir?tabloNo=6
2021-12,2021-12-31,BİNGÖL,10003,KALKINMA VE YATIRIM,SubeSayisi,Yurtiçi Şube Sayısı,,0.0,derived_zero_function_group_identity,SEKTOR = MEVDUAT + KATILIM + KALKINMA_VE_YATIRIM,Published sector total equals the sum of the three non-negative functional-group branch counts with zero residual.,16.0,14.0,,2.0,1,16.0,0.0,True,raw/2021-12_table06.json.gz,7d1eeadee37fa29372a6da3d55c17956e62618e5f124f693c48b4fefa1920fbf,raw/2021-12_table06_info.json,166a28a223c590f0036cb6814894c5627f4278ce58776f6e821907973b94139a,https://www.bddk.org.tr/BultenFinturk/tr/Home/MetaveriPdfIndir?tabloNo=6
2021-12,2021-12-31,BİTLİS,10003,KALKINMA VE YATIRIM,SubeSayisi,Yurtiçi Şube Sayısı,,0.0,derived_zero_function_group_identity,SEKTOR = MEVDUAT + KATILIM + KALKINMA_VE_YATIRIM,Published sector total equals the sum of the three non-negative functional-group branch counts with zero residual.,21.0,20.0,,1.0,1,21.0,0.0,True,raw/2021-12_table06.json.gz,7d1eeadee37fa29372a6da3d55c17956e62618e5f124f693c48b4fefa1920fbf,raw/2021-12_table06_info.json,166a28a223c590f0036cb6814894c5627f4278ce58776f6e821907973b94139a,https://www.bddk.org.tr/BultenFinturk/tr/Home/MetaveriPdfIndir?tabloNo=6
2021-12,2021-12-31,DÜZCE,10003,KALKINMA VE YATIRIM,SubeSayisi,Yurtiçi Şube Sayısı,,0.0,derived_zero_function_group_identity,SEKTOR = MEVDUAT + KATILIM + KALKINMA_VE_YATIRIM,Published sector total equals the sum of the three non-negative functional-group branch counts with zero residual.,39.0,33.0,,6.0,1,39.0,0.0,True,raw/2021-12_table06.json.gz,7d1eeadee37fa29372a6da3d55c17956e62618e5f124f693c48b4fefa1920fbf,raw/2021-12_table06_info.json,166a28a223c590f0036cb6814894c5627f4278ce58776f6e821907973b94139a,https://www.bddk.org.tr/BultenFinturk/tr/Home/MetaveriPdfIndir?tabloNo=6
2021-12,2021-12-31,EDİRNE,10003,KALKINMA VE YATIRIM,SubeSayisi,Yurtiçi Şube Sayısı,,0.0,derived_zero_function_group_identity,SEKTOR = MEVDUAT + KATILIM + KALKINMA_VE_YATIRIM,Published sector total equals the sum of the three non-negative functional-group branch counts with zero residual.,60.0,57.0,,3.0,1,60.0,0.0,True,raw/2021-12_table06.json.gz,7d1eeadee37fa29372a6da3d55c17956e62618e5f124f693c48b4fefa1920fbf,raw/2021-12_table06_info.json,166a28a223c590f0036cb6814894c5627f4278ce58776f6e821907973b94139a,https://www.bddk.org.tr/BultenFinturk/tr/Home/MetaveriPdfIndir?tabloNo=6
2021-12,2021-12-31,ERZİNCAN,10003,KALKINMA VE YATIRIM,SubeSayisi,Yurtiçi Şube Sayısı,,0.0,derived_zero_function_group_identity,SEKTOR = MEVDUAT + KATILIM + KALKINMA_VE_YATIRIM,Published sector total equals the sum of the three non-negative functional-group branch counts with zero residual.,31.0,26.0,,5.0,1,31.0,0.0,True,raw/2021-12_table06.json.gz,7d1eeadee37fa29372a6da3d55c17956e62618e5f124f693c48b4fefa1920fbf,raw/2021-12_table06_info.json,166a28a223c590f0036cb6814894c5627f4278ce58776f6e821907973b94139a,https://www.bddk.org.tr/BultenFinturk/tr/Home/MetaveriPdfIndir?tabloNo=6
2021-12,2021-12-31,GÜMÜŞHANE,10003,KALKINMA VE YATIRIM,SubeSayisi,Yurtiçi Şube Sayısı,,0.0,derived_zero_function_group_identity,SEKTOR = MEVDUAT + KATILIM + KALKINMA_VE_YATIRIM,Published sector total equals the sum of the three non-negative functional-group branch counts with zero residual.,20.0,19.0,,1.0,1,20.0,0.0,True,raw/2021-12_table06.json.gz,7d1eeadee37fa29372a6da3d55c17956e62618e5f124f693c48b4fefa1920fbf,raw/2021-12_table06_info.json,166a28a223c590f0036cb6814894c5627f4278ce58776f6e821907973b94139a,https://www.bddk.org.tr/BultenFinturk/tr/Home/MetaveriPdfIndir?tabloNo=6
2021-12,2021-12-31,GİRESUN,10003,KALKINMA VE YATIRIM,SubeSayisi,Yurtiçi Şube Sayısı,,0.0,derived_zero_function_group_identity,SEKTOR = MEVDUAT + KATILIM + KALKINMA_VE_YATIRIM,Published sector total equals the sum of the three non-negative functional-group branch counts with zero residual.,54.0,50.0,,4.0,1,54.0,0.0,True,raw/2021-12_table06.json.gz,7d1eeadee37fa29372a6da3d55c17956e62618e5f124f693c48b4fefa1920fbf,raw/2021-12_table06_info.json,166a28a223c590f0036cb6814894c5627f4278ce58776f6e821907973b94139a,https://www.bddk.org.tr/BultenFinturk/tr/Home/MetaveriPdfIndir?tabloNo=6
2021-12,2021-12-31,HAKKARİ,10003,KALKINMA VE YATIRIM,SubeSayisi,Yurtiçi Şube Sayısı,,0.0,derived_zero_function_group_identity,SEKTOR = MEVDUAT + KATILIM + KALKINMA_VE_YATIRIM,Published sector total equals the sum of the three non-negative functional-group branch counts with zero residual.,17.0,17.0,,,2,17.0,0.0,True,raw/2021-12_table06.json.gz,7d1eeadee37fa29372a6da3d55c17956e62618e5f124f693c48b4fefa1920fbf,raw/2021-12_table06_info.json,166a28a223c590f0036cb6814894c5627f4278ce58776f6e821907973b94139a,https://www.bddk.org.tr/BultenFinturk/tr/Home/MetaveriPdfIndir?tabloNo=6
2021-12,2021-12-31,HAKKARİ,10004,KATILIM,SubeSayisi,Yurtiçi Şube Sayısı,,0.0,derived_zero_function_group_identity,SEKTOR = MEVDUAT + KATILIM + KALKINMA_VE_YATIRIM,Published sector total equals the sum of the three non-negative functional-group branch counts with zero residual.,17.0,17.0,,,2,17.0,0.0,True,raw/2021-12_table06.json.gz,7d1eeadee37fa29372a6da3d55c17956e62618e5f124f693c48b4fefa1920fbf,raw/2021-12_table06_info.json,166a28a223c590f0036cb6814894c5627f4278ce58776f6e821907973b94139a,https://www.bddk.org.tr/BultenFinturk/tr/Home/MetaveriPdfIndir?tabloNo=6
2021-12,2021-12-31,ISPARTA,10003,KALKINMA VE YATIRIM,SubeSayisi,Yurtiçi Şube Sayısı,,0.0,derived_zero_function_group_identity,SEKTOR = MEVDUAT + KATILIM + KALKINMA_VE_YATIRIM,Published sector total equals the sum of the three non-negative functional-group branch counts with zero residual.,56.0,49.0,,7.0,1,56.0,0.0,True,raw/2021-12_table06.json.gz,7d1eeadee37fa29372a6da3d55c17956e62618e5f124f693c48b4fefa1920fbf,raw/2021-12_table06_info.json,166a28a223c590f0036cb6814894c5627f4278ce58776f6e821907973b94139a,https://www.bddk.org.tr/BultenFinturk/tr/Home/MetaveriPdfIndir?tabloNo=6
2021-12,2021-12-31,IĞDIR,10003,KALKINMA VE YATIRIM,SubeSayisi,Yurtiçi Şube Sayısı,,0.0,derived_zero_function_group_identity,SEKTOR = MEVDUAT + KATILIM + KALKINMA_VE_YATIRIM,Published sector total equals the sum of the three non-negative functional-group branch counts with zero residual.,16.0,15.0,,1.0,1,16.0,0.0,True,raw/2021-12_table06.json.gz,7d1eeadee37fa29372a6da3d55c17956e62618e5f124f693c48b4fefa1920fbf,raw/2021-12_table06_info.json,166a28a223c590f0036cb6814894c5627f4278ce58776f6e821907973b94139a,https://www.bddk.org.tr/BultenFinturk/tr/Home/MetaveriPdfIndir?tabloNo=6
2021-12,2021-12-31,KARABÜK,10003,KALKINMA VE YATIRIM,SubeSayisi,Yurtiçi Şube Sayısı,,0.0,derived_zero_function_group_identity,SEKTOR = MEVDUAT + KATILIM + KALKINMA_VE_YATIRIM,Published sector total equals the sum of the three non-negative functional-group branch counts with zero residual.,29.0,26.0,,3.0,1,29.0,0.0,True,raw/2021-12_table06.json.gz,7d1eeadee37fa29372a6da3d55c17956e62618e5f124f693c48b4fefa1920fbf,raw/2021-12_table06_info.json,166a28a223c590f0036cb6814894c5627f4278ce58776f6e821907973b94139a,https://www.bddk.org.tr/BultenFinturk/tr/Home/MetaveriPdfIndir?tabloNo=6
2021-12,2021-12-31,KARAMAN,10003,KALKINMA VE YATIRIM,SubeSayisi,Yurtiçi Şube Sayısı,,0.0,derived_zero_function_group_identity,SEKTOR = MEVDUAT + KATILIM + KALKINMA_VE_YATIRIM,Published sector total equals the sum of the three non-negative functional-group branch counts with zero residual.,27.0,22.0,,5.0,1,27.0,0.0,True,raw/2021-12_table06.json.gz,7d1eeadee37fa29372a6da3d55c17956e62618e5f124f693c48b4fefa1920fbf,raw/2021-12_table06_info.json,166a28a223c590f0036cb6814894c5627f4278ce58776f6e821907973b94139a,https://www.bddk.org.tr/BultenFinturk/tr/Home/MetaveriPdfIndir?tabloNo=6
2021-12,2021-12-31,KARS,10003,KALKINMA VE YATIRIM,SubeSayisi,Yurtiçi Şube Sayısı,,0.0,derived_zero_function_group_identity,SEKTOR = MEVDUAT + KATILIM + KALKINMA_VE_YATIRIM,Published sector total equals the sum of the three non-negative functional-group branch counts with zero residual.,29.0,27.0,,2.0,1,29.0,0.0,True,raw/2021-12_table06.json.gz,7d1eeadee37fa29372a6da3d55c17956e62618e5f124f693c48b4fefa1920fbf,raw/2021-12_table06_info.json,166a28a223c590f0036cb6814894c5627f4278ce58776f6e821907973b94139a,https://www.bddk.org.tr/BultenFinturk/tr/Home/MetaveriPdfIndir?tabloNo=6
2021-12,2021-12-31,KIRIKKALE,10003,KALKINMA VE YATIRIM,SubeSayisi,Yurtiçi Şube Sayısı,,0.0,derived_zero_function_group_identity,SEKTOR = MEVDUAT + KATILIM + KALKINMA_VE_YATIRIM,Published sector total equals the sum of the three non-negative functional-group branch counts with zero residual.,28.0,26.0,,2.0,1,28.0,0.0,True,raw/2021-12_table06.json.gz,7d1eeadee37fa29372a6da3d55c17956e62618e5f124f693c48b4fefa1920fbf,raw/2021-12_table06_info.json,166a28a223c590f0036cb6814894c5627f4278ce58776f6e821907973b94139a,https://www.bddk.org.tr/BultenFinturk/tr/Home/MetaveriPdfIndir?tabloNo=6
2021-12,2021-12-31,KIRKLARELİ,10003,KALKINMA VE YATIRIM,SubeSayisi,Yurtiçi Şube Sayısı,,0.0,derived_zero_function_group_identity,SEKTOR = MEVDUAT + KATILIM + KALKINMA_VE_YATIRIM,Published sector total equals the sum of the three non-negative functional-group branch counts with zero residual.,50.0,49.0,,1.0,1,50.0,0.0,True,raw/2021-12_table06.json.gz,7d1eeadee37fa29372a6da3d55c17956e62618e5f124f693c48b4fefa1920fbf,raw/2021-12_table06_info.json,166a28a223c590f0036cb6814894c5627f4278ce58776f6e821907973b94139a,https://www.bddk.org.tr/BultenFinturk/tr/Home/MetaveriPdfIndir?tabloNo=6
2021-12,2021-12-31,KIRŞEHİR,10003,KALKINMA VE YATIRIM,SubeSayisi,Yurtiçi Şube Sayısı,,0.0,derived_zero_function_group_identity,SEKTOR = MEVDUAT + KATILIM + KALKINMA_VE_YATIRIM,Published sector total equals the sum of the three non-negative functional-group branch counts with zero residual.,28.0,26.0,,2.0,1,28.0,0.0,True,raw/2021-12_table06.json.gz,7d1eeadee37fa29372a6da3d55c17956e62618e5f124f693c48b4fefa1920fbf,raw/2021-12_table06_info.json,166a28a223c590f0036cb6814894c5627f4278ce58776f6e821907973b94139a,https://www.bddk.org.tr/BultenFinturk/tr/Home/MetaveriPdfIndir?tabloNo=6
2021-12,2021-12-31,KÜTAHYA,10003,KALKINMA VE YATIRIM,SubeSayisi,Yurtiçi Şube Sayısı,,0.0,derived_zero_function_group_identity,SEKTOR = MEVDUAT + KATILIM + KALKINMA_VE_YATIRIM,Published sector total equals the sum of the three non-negative functional-group branch counts with zero residual.,57.0,51.0,,6.0,1,57.0,0.0,True,raw/2021-12_table06.json.gz,7d1eeadee37fa29372a6da3d55c17956e62618e5f124f693c48b4fefa1920fbf,raw/2021-12_table06_info.json,166a28a223c590f0036cb6814894c5627f4278ce58776f6e821907973b94139a,https://www.bddk.org.tr/BultenFinturk/tr/Home/MetaveriPdfIndir?tabloNo=6
2021-12,2021-12-31,KİLİS,10003,KALKINMA VE YATIRIM,SubeSayisi,Yurtiçi Şube Sayısı,,0.0,derived_zero_function_group_identity,SEKTOR = MEVDUAT + KATILIM + KALKINMA_VE_YATIRIM,Published sector total equals the sum of the three non-negative functional-group branch counts with zero residual.,10.0,9.0,,1.0,1,10.0,0.0,True,raw/2021-12_table06.json.gz,7d1eeadee37fa29372a6da3d55c17956e62618e5f124f693c48b4fefa1920fbf,raw/2021-12_table06_info.json,166a28a223c590f0036cb6814894c5627f4278ce58776f6e821907973b94139a,https://www.bddk.org.tr/BultenFinturk/tr/Home/MetaveriPdfIndir?tabloNo=6
2021-12,2021-12-31,MALATYA,10003,KALKINMA VE YATIRIM,SubeSayisi,Yurtiçi Şube Sayısı,,0.0,derived_zero_function_group_identity,SEKTOR = MEVDUAT + KATILIM + KALKINMA_VE_YATIRIM,Published sector total equals the sum of the three non-negative functional-group branch counts with zero residual.,66.0,57.0,,9.0,1,66.0,0.0,True,raw/2021-12_table06.json.gz,7d1eeadee37fa29372a6da3d55c17956e62618e5f124f693c48b4fefa1920fbf,raw/2021-12_table06_info.json,166a28a223c590f0036cb6814894c5627f4278ce58776f6e821907973b94139a,https://www.bddk.org.tr/BultenFinturk/tr/Home/MetaveriPdfIndir?tabloNo=6
2021-12,2021-12-31,MARDİN,10003,KALKINMA VE YATIRIM,SubeSayisi,Yurtiçi Şube Sayısı,,0.0,derived_zero_function_group_identity,SEKTOR = MEVDUAT + KATILIM + KALKINMA_VE_YATIRIM,Published sector total equals the sum of the three non-negative functional-group branch counts with zero residual.,49.0,44.0,,5.0,1,49.0,0.0,True,raw/2021-12_table06.json.gz,7d1eeadee37fa29372a6da3d55c17956e62618e5f124f693c48b4fefa1920fbf,raw/2021-12_table06_info.json,166a28a223c590f0036cb6814894c5627f4278ce58776f6e821907973b94139a,https://www.bddk.org.tr/BultenFinturk/tr/Home/MetaveriPdfIndir?tabloNo=6
2021-12,2021-12-31,MUŞ,10003,KALKINMA VE YATIRIM,SubeSayisi,Yurtiçi Şube Sayısı,,0.0,derived_zero_function_group_identity,SEKTOR = MEVDUAT + KATILIM + KALKINMA_VE_YATIRIM,Published sector total equals the sum of the three non-negative functional-group branch counts with zero residual.,21.0,19.0,,2.0,1,21.0,0.0,True,raw/2021-12_table06.json.gz,7d1eeadee37fa29372a6da3d55c17956e62618e5f124f693c48b4fefa1920fbf,raw/2021-12_table06_info.json,166a28a223c590f0036cb6814894c5627f4278ce58776f6e821907973b94139a,https://www.bddk.org.tr/BultenFinturk/tr/Home/MetaveriPdfIndir?tabloNo=6
2021-12,2021-12-31,NEVŞEHİR,10003,KALKINMA VE YATIRIM,SubeSayisi,Yurtiçi Şube Sayısı,,0.0,derived_zero_function_group_identity,SEKTOR = MEVDUAT + KATILIM + KALKINMA_VE_YATIRIM,Published sector total equals the sum of the three non-negative functional-group branch counts with zero residual.,41.0,36.0,,5.0,1,41.0,0.0,True,raw/2021-12_table06.json.gz,7d1eeadee37fa29372a6da3d55c17956e62618e5f124f693c48b4fefa1920fbf,raw/2021-12_table06_info.json,166a28a223c590f0036cb6814894c5627f4278ce58776f6e821907973b94139a,https://www.bddk.org.tr/BultenFinturk/tr/Home/MetaveriPdfIndir?tabloNo=6
2021-12,2021-12-31,NİĞDE,10003,KALKINMA VE YATIRIM,SubeSayisi,Yurtiçi Şube Sayısı,,0.0,derived_zero_function_group_identity,SEKTOR = MEVDUAT + KATILIM + KALKINMA_VE_YATIRIM,Published sector total equals the sum of the three non-negative functional-group branch counts with zero residual.,27.0,25.0,,2.0,1,27.0,0.0,True,raw/2021-12_table06.json.gz,7d1eeadee37fa29372a6da3d55c17956e62618e5f124f693c48b4fefa1920fbf,raw/2021-12_table06_info.json,166a28a223c590f0036cb6814894c5627f4278ce58776f6e821907973b94139a,https://www.bddk.org.tr/BultenFinturk/tr/Home/MetaveriPdfIndir?tabloNo=6
2021-12,2021-12-31,ORDU,10003,KALKINMA VE YATIRIM,SubeSayisi,Yurtiçi Şube Sayısı,,0.0,derived_zero_function_group_identity,SEKTOR = MEVDUAT + KATILIM + KALKINMA_VE_YATIRIM,Published sector total equals the sum of the three non-negative functional-group branch counts with zero residual.,74.0,67.0,,7.0,1,74.0,0.0,True,raw/2021-12_table06.json.gz,7d1eeadee37fa29372a6da3d55c17956e62618e5f124f693c48b4fefa1920fbf,raw/2021-12_table06_info.json,166a28a223c590f0036cb6814894c5627f4278ce58776f6e821907973b94139a,https://www.bddk.org.tr/BultenFinturk/tr/Home/MetaveriPdfIndir?tabloNo=6
2021-12,2021-12-31,OSMANİYE,10003,KALKINMA VE YATIRIM,SubeSayisi,Yurtiçi Şube Sayısı,,0.0,derived_zero_function_group_identity,SEKTOR = MEVDUAT + KATILIM + KALKINMA_VE_YATIRIM,Published sector total equals the sum of the three non-negative functional-group branch counts with zero residual.,39.0,34.0,,5.0,1,39.0,0.0,True,raw/2021-12_table06.json.gz,7d1eeadee37fa29372a6da3d55c17956e62618e5f124f693c48b4fefa1920fbf,raw/2021-12_table06_info.json,166a28a223c590f0036cb6814894c5627f4278ce58776f6e821907973b94139a,https://www.bddk.org.tr/BultenFinturk/tr/Home/MetaveriPdfIndir?tabloNo=6
2021-12,2021-12-31,RİZE,10003,KALKINMA VE YATIRIM,SubeSayisi,Yurtiçi Şube Sayısı,,0.0,derived_zero_function_group_identity,SEKTOR = MEVDUAT + KATILIM + KALKINMA_VE_YATIRIM,Published sector total equals the sum of the three non-negative functional-group branch counts with zero residual.,51.0,45.0,,6.0,1,51.0,0.0,True,raw/2021-12_table06.json.gz,7d1eeadee37fa29372a6da3d55c17956e62618e5f124f693c48b4fefa1920fbf,raw/2021-12_table06_info.json,166a28a223c590f0036cb6814894c5627f4278ce58776f6e821907973b94139a,https://www.bddk.org.tr/BultenFinturk/tr/Home/MetaveriPdfIndir?tabloNo=6
2021-12,2021-12-31,SAKARYA,10003,KALKINMA VE YATIRIM,SubeSayisi,Yurtiçi Şube Sayısı,,0.0,derived_zero_function_group_identity,SEKTOR = MEVDUAT + KATILIM + KALKINMA_VE_YATIRIM,Published sector total equals the sum of the three non-negative functional-group branch counts with zero residual.,120.0,109.0,,11.0,1,120.0,0.0,True,raw/2021-12_table06.json.gz,7d1eeadee37fa29372a6da3d55c17956e62618e5f124f693c48b4fefa1920fbf,raw/2021-12_table06_info.json,166a28a223c590f0036cb6814894c5627f4278ce58776f6e821907973b94139a,https://www.bddk.org.tr/BultenFinturk/tr/Home/MetaveriPdfIndir?tabloNo=6
2021-12,2021-12-31,SİNOP,10003,KALKINMA VE YATIRIM,SubeSayisi,Yurtiçi Şube Sayısı,,0.0,derived_zero_function_group_identity,SEKTOR = MEVDUAT + KATILIM + KALKINMA_VE_YATIRIM,Published sector total equals the sum of the three non-negative functional-group branch counts with zero residual.,30.0,30.0,,,2,30.0,0.0,True,raw/2021-12_table06.json.gz,7d1eeadee37fa29372a6da3d55c17956e62618e5f124f693c48b4fefa1920fbf,raw/2021-12_table06_info.json,166a28a223c590f0036cb6814894c5627f4278ce58776f6e821907973b94139a,https://www.bddk.org.tr/BultenFinturk/tr/Home/MetaveriPdfIndir?tabloNo=6
2021-12,2021-12-31,SİNOP,10004,KATILIM,SubeSayisi,Yurtiçi Şube Sayısı,,0.0,derived_zero_function_group_identity,SEKTOR = MEVDUAT + KATILIM + KALKINMA_VE_YATIRIM,Published sector total equals the sum of the three non-negative functional-group branch counts with zero residual.,30.0,30.0,,,2,30.0,0.0,True,raw/2021-12_table06.json.gz,7d1eeadee37fa29372a6da3d55c17956e62618e5f124f693c48b4fefa1920fbf,raw/2021-12_table06_info.json,166a28a223c590f0036cb6814894c5627f4278ce58776f6e821907973b94139a,https://www.bddk.org.tr/BultenFinturk/tr/Home/MetaveriPdfIndir?tabloNo=6
2021-12,2021-12-31,SİİRT,10003,KALKINMA VE YATIRIM,SubeSayisi,Yurtiçi Şube Sayısı,,0.0,derived_zero_function_group_identity,SEKTOR = MEVDUAT + KATILIM + KALKINMA_VE_YATIRIM,Published sector total equals the sum of the three non-negative functional-group branch counts with zero residual.,22.0,17.0,,5.0,1,22.0,0.0,True,raw/2021-12_table06.json.gz,7d1eeadee37fa29372a6da3d55c17956e62618e5f124f693c48b4fefa1920fbf,raw/2021-12_table06_info.json,166a28a223c590f0036cb6814894c5627f4278ce58776f6e821907973b94139a,https://www.bddk.org.tr/BultenFinturk/tr/Home/MetaveriPdfIndir?tabloNo=6
2021-12,2021-12-31,TOKAT,10003,KALKINMA VE YATIRIM,SubeSayisi,Yurtiçi Şube Sayısı,,0.0,derived_zero_function_group_identity,SEKTOR = MEVDUAT + KATILIM + KALKINMA_VE_YATIRIM,Published sector total equals the sum of the three non-negative functional-group branch counts with zero residual.,59.0,54.0,,5.0,1,59.0,0.0,True,raw/2021-12_table06.json.gz,7d1eeadee37fa29372a6da3d55c17956e62618e5f124f693c48b4fefa1920fbf,raw/2021-12_table06_info.json,166a28a223c590f0036cb6814894c5627f4278ce58776f6e821907973b94139a,https://www.bddk.org.tr/BultenFinturk/tr/Home/MetaveriPdfIndir?tabloNo=6
2021-12,2021-12-31,TUNCELİ,10003,KALKINMA VE YATIRIM,SubeSayisi,Yurtiçi Şube Sayısı,,0.0,derived_zero_function_group_identity,SEKTOR = MEVDUAT + KATILIM + KALKINMA_VE_YATIRIM,Published sector total equals the sum of the three non-negative functional-group branch counts with zero residual.,13.0,13.0,,,2,13.0,0.0,True,raw/2021-12_table06.json.gz,7d1eeadee37fa29372a6da3d55c17956e62618e5f124f693c48b4fefa1920fbf,raw/2021-12_table06_info.json,166a28a223c590f0036cb6814894c5627f4278ce58776f6e821907973b94139a,https://www.bddk.org.tr/BultenFinturk/tr/Home/MetaveriPdfIndir?tabloNo=6
2021-12,2021-12-31,TUNCELİ,10004,KATILIM,SubeSayisi,Yurtiçi Şube Sayısı,,0.0,derived_zero_function_group_identity,SEKTOR = MEVDUAT + KATILIM + KALKINMA_VE_YATIRIM,Published sector total equals the sum of the three non-negative functional-group branch counts with zero residual.,13.0,13.0,,,2,13.0,0.0,True,raw/2021-12_table06.json.gz,7d1eeadee37fa29372a6da3d55c17956e62618e5f124f693c48b4fefa1920fbf,raw/2021-12_table06_info.json,166a28a223c590f0036cb6814894c5627f4278ce58776f6e821907973b94139a,https://www.bddk.org.tr/BultenFinturk/tr/Home/MetaveriPdfIndir?tabloNo=6
2021-12,2021-12-31,UŞAK,10003,KALKINMA VE YATIRIM,SubeSayisi,Yurtiçi Şube Sayısı,,0.0,derived_zero_function_group_identity,SEKTOR = MEVDUAT + KATILIM + KALKINMA_VE_YATIRIM,Published sector total equals the sum of the three non-negative functional-group branch counts with zero residual.,43.0,39.0,,4.0,1,43.0,0.0,True,raw/2021-12_table06.json.gz,7d1eeadee37fa29372a6da3d55c17956e62618e5f124f693c48b4fefa1920fbf,raw/2021-12_table06_info.json,166a28a223c590f0036cb6814894c5627f4278ce58776f6e821907973b94139a,https://www.bddk.org.tr/BultenFinturk/tr/Home/MetaveriPdfIndir?tabloNo=6
2021-12,2021-12-31,YALOVA,10003,KALKINMA VE YATIRIM,SubeSayisi,Yurtiçi Şube Sayısı,,0.0,derived_zero_function_group_identity,SEKTOR = MEVDUAT + KATILIM + KALKINMA_VE_YATIRIM,Published sector total equals the sum of the three non-negative functional-group branch counts with zero residual.,30.0,25.0,,5.0,1,30.0,0.0,True,raw/2021-12_table06.json.gz,7d1eeadee37fa29372a6da3d55c17956e62618e5f124f693c48b4fefa1920fbf,raw/2021-12_table06_info.json,166a28a223c590f0036cb6814894c5627f4278ce58776f6e821907973b94139a,https://www.bddk.org.tr/BultenFinturk/tr/Home/MetaveriPdfIndir?tabloNo=6
2021-12,2021-12-31,YOZGAT,10003,KALKINMA VE YATIRIM,SubeSayisi,Yurtiçi Şube Sayısı,,0.0,derived_zero_function_group_identity,SEKTOR = MEVDUAT + KATILIM + KALKINMA_VE_YATIRIM,Published sector total equals the sum of the three non-negative functional-group branch counts with zero residual.,54.0,51.0,,3.0,1,54.0,0.0,True,raw/2021-12_table06.json.gz,7d1eeadee37fa29372a6da3d55c17956e62618e5f124f693c48b4fefa1920fbf,raw/2021-12_table06_info.json,166a28a223c590f0036cb6814894c5627f4278ce58776f6e821907973b94139a,https://www.bddk.org.tr/BultenFinturk/tr/Home/MetaveriPdfIndir?tabloNo=6
2021-12,2021-12-31,ZONGULDAK,10003,KALKINMA VE YATIRIM,SubeSayisi,Yurtiçi Şube Sayısı,,0.0,derived_zero_function_group_identity,SEKTOR = MEVDUAT + KATILIM + KALKINMA_VE_YATIRIM,Published sector total equals the sum of the three non-negative functional-group branch counts with zero residual.,64.0,60.0,,4.0,1,64.0,0.0,True,raw/2021-12_table06.json.gz,7d1eeadee37fa29372a6da3d55c17956e62618e5f124f693c48b4fefa1920fbf,raw/2021-12_table06_info.json,166a28a223c590f0036cb6814894c5627f4278ce58776f6e821907973b94139a,https://www.bddk.org.tr/BultenFinturk/tr/Home/MetaveriPdfIndir?tabloNo=6
2021-12,2021-12-31,ÇANAKKALE,10003,KALKINMA VE YATIRIM,SubeSayisi,Yurtiçi Şube Sayısı,,0.0,derived_zero_function_group_identity,SEKTOR = MEVDUAT + KATILIM + KALKINMA_VE_YATIRIM,Published sector total equals the sum of the three non-negative functional-group branch counts with zero residual.,79.0,74.0,,5.0,1,79.0,0.0,True,raw/2021-12_table06.json.gz,7d1eeadee37fa29372a6da3d55c17956e62618e5f124f693c48b4fefa1920fbf,raw/2021-12_table06_info.json,166a28a223c590f0036cb6814894c5627f4278ce58776f6e821907973b94139a,https://www.bddk.org.tr/BultenFinturk/tr/Home/MetaveriPdfIndir?tabloNo=6
2021-12,2021-12-31,ÇANKIRI,10003,KALKINMA VE YATIRIM,SubeSayisi,Yurtiçi Şube Sayısı,,0.0,derived_zero_function_group_identity,SEKTOR = MEVDUAT + KATILIM + KALKINMA_VE_YATIRIM,Published sector total equals the sum of the three non-negative functional-group branch counts with zero residual.,32.0,30.0,,2.0,1,32.0,0.0,True,raw/2021-12_table06.json.gz,7d1eeadee37fa29372a6da3d55c17956e62618e5f124f693c48b4fefa1920fbf,raw/2021-12_table06_info.json,166a28a223c590f0036cb6814894c5627f4278ce58776f6e821907973b94139a,https://www.bddk.org.tr/BultenFinturk/tr/Home/MetaveriPdfIndir?tabloNo=6
2021-12,2021-12-31,ÇORUM,10003,KALKINMA VE YATIRIM,SubeSayisi,Yurtiçi Şube Sayısı,,0.0,derived_zero_function_group_identity,SEKTOR = MEVDUAT + KATILIM + KALKINMA_VE_YATIRIM,Published sector total equals the sum of the three non-negative functional-group branch counts with zero residual.,64.0,59.0,,5.0,1,64.0,0.0,True,raw/2021-12_table06.json.gz,7d1eeadee37fa29372a6da3d55c17956e62618e5f124f693c48b4fefa1920fbf,raw/2021-12_table06_info.json,166a28a223c590f0036cb6814894c5627f4278ce58776f6e821907973b94139a,https://www.bddk.org.tr/BultenFinturk/tr/Home/MetaveriPdfIndir?tabloNo=6
2021-12,2021-12-31,ŞANLIURFA,10003,KALKINMA VE YATIRIM,SubeSayisi,Yurtiçi Şube Sayısı,,0.0,derived_zero_function_group_identity,SEKTOR = MEVDUAT + KATILIM + KALKINMA_VE_YATIRIM,Published sector total equals the sum of the three non-negative functional-group branch counts with zero residual.,91.0,79.0,,12.0,1,91.0,0.0,True,raw/2021-12_table06.json.gz,7d1eeadee37fa29372a6da3d55c17956e62618e5f124f693c48b4fefa1920fbf,raw/2021-12_table06_info.json,166a28a223c590f0036cb6814894c5627f4278ce58776f6e821907973b94139a,https://www.bddk.org.tr/BultenFinturk/tr/Home/MetaveriPdfIndir?tabloNo=6
2021-12,2021-12-31,ŞIRNAK,10003,KALKINMA VE YATIRIM,SubeSayisi,Yurtiçi Şube Sayısı,,0.0,derived_zero_function_group_identity,SEKTOR = MEVDUAT + KATILIM + KALKINMA_VE_YATIRIM,Published sector total equals the sum of the three non-negative functional-group branch counts with zero residual.,22.0,21.0,,1.0,1,22.0,0.0,True,raw/2021-12_table06.json.gz,7d1eeadee37fa29372a6da3d55c17956e62618e5f124f693c48b4fefa1920fbf,raw/2021-12_table06_info.json,166a28a223c590f0036cb6814894c5627f4278ce58776f6e821907973b94139a,https://www.bddk.org.tr/BultenFinturk/tr/Home/MetaveriPdfIndir?tabloNo=6
2022-03,2022-03-31,ADIYAMAN,10003,KALKINMA VE YATIRIM,SubeSayisi,Yurtiçi Şube Sayısı,,0.0,derived_zero_function_group_identity,SEKTOR = MEVDUAT + KATILIM + KALKINMA_VE_YATIRIM,Published sector total equals the sum of the three non-negative functional-group branch counts with zero residual.,43.0,38.0,,5.0,1,43.0,0.0,True,raw/2022-3_table06.json.gz,161d4c65226ef2fa8ec751910aaa0e63d6839f5caed8fb7340be7fb74bae573c,raw/2022-3_table06_info.json,dc1126557be1fea93212f1f4b438e665b9734368af18f6ab2ca33895cb56cd90,https://www.bddk.org.tr/BultenFinturk/tr/Home/MetaveriPdfIndir?tabloNo=6
2022-03,2022-03-31,AFYONKARAHİSAR,10003,KALKINMA VE YATIRIM,SubeSayisi,Yurtiçi Şube Sayısı,,0.0,derived_zero_function_group_identity,SEKTOR = MEVDUAT + KATILIM + KALKINMA_VE_YATIRIM,Published sector total equals the sum of the three non-negative functional-group branch counts with zero residual.,92.0,85.0,,7.0,1,92.0,0.0,True,raw/2022-3_table06.json.gz,161d4c65226ef2fa8ec751910aaa0e63d6839f5caed8fb7340be7fb74bae573c,raw/2022-3_table06_info.json,dc1126557be1fea93212f1f4b438e665b9734368af18f6ab2ca33895cb56cd90,https://www.bddk.org.tr/BultenFinturk/tr/Home/MetaveriPdfIndir?tabloNo=6
2022-03,2022-03-31,AKSARAY,10003,KALKINMA VE YATIRIM,SubeSayisi,Yurtiçi Şube Sayısı,,0.0,derived_zero_function_group_identity,SEKTOR = MEVDUAT + KATILIM + KALKINMA_VE_YATIRIM,Published sector total equals the sum of the three non-negative functional-group branch counts with zero residual.,38.0,31.0,,7.0,1,38.0,0.0,True,raw/2022-3_table06.json.gz,161d4c65226ef2fa8ec751910aaa0e63d6839f5caed8fb7340be7fb74bae573c,raw/2022-3_table06_info.json,dc1126557be1fea93212f1f4b438e665b9734368af18f6ab2ca33895cb56cd90,https://www.bddk.org.tr/BultenFinturk/tr/Home/MetaveriPdfIndir?tabloNo=6
2022-03,2022-03-31,AMASYA,10003,KALKINMA VE YATIRIM,SubeSayisi,Yurtiçi Şube Sayısı,,0.0,derived_zero_function_group_identity,SEKTOR = MEVDUAT + KATILIM + KALKINMA_VE_YATIRIM,Published sector total equals the sum of the three non-negative functional-group branch counts with zero residual.,40.0,37.0,,3.0,1,40.0,0.0,True,raw/2022-3_table06.json.gz,161d4c65226ef2fa8ec751910aaa0e63d6839f5caed8fb7340be7fb74bae573c,raw/2022-3_table06_info.json,dc1126557be1fea93212f1f4b438e665b9734368af18f6ab2ca33895cb56cd90,https://www.bddk.org.tr/BultenFinturk/tr/Home/MetaveriPdfIndir?tabloNo=6
2022-03,2022-03-31,ARDAHAN,10003,KALKINMA VE YATIRIM,SubeSayisi,Yurtiçi Şube Sayısı,,0.0,derived_zero_function_group_identity,SEKTOR = MEVDUAT + KATILIM + KALKINMA_VE_YATIRIM,Published sector total equals the sum of the three non-negative functional-group branch counts with zero residual.,16.0,16.0,,,2,16.0,0.0,True,raw/2022-3_table06.json.gz,161d4c65226ef2fa8ec751910aaa0e63d6839f5caed8fb7340be7fb74bae573c,raw/2022-3_table06_info.json,dc1126557be1fea93212f1f4b438e665b9734368af18f6ab2ca33895cb56cd90,https://www.bddk.org.tr/BultenFinturk/tr/Home/MetaveriPdfIndir?tabloNo=6
2022-03,2022-03-31,ARDAHAN,10004,KATILIM,SubeSayisi,Yurtiçi Şube Sayısı,,0.0,derived_zero_function_group_identity,SEKTOR = MEVDUAT + KATILIM + KALKINMA_VE_YATIRIM,Published sector total equals the sum of the three non-negative functional-group branch counts with zero residual.,16.0,16.0,,,2,16.0,0.0,True,raw/2022-3_table06.json.gz,161d4c65226ef2fa8ec751910aaa0e63d6839f5caed8fb7340be7fb74bae573c,raw/2022-3_table06_info.json,dc1126557be1fea93212f1f4b438e665b9734368af18f6ab2ca33895cb56cd90,https://www.bddk.org.tr/BultenFinturk/tr/Home/MetaveriPdfIndir?tabloNo=6
2022-03,2022-03-31,ARTVİN,10003,KALKINMA VE YATIRIM,SubeSayisi,Yurtiçi Şube Sayısı,,0.0,derived_zero_function_group_identity,SEKTOR = MEVDUAT + KATILIM + KALKINMA_VE_YATIRIM,Published sector total equals the sum of the three non-negative functional-group branch counts with zero residual.,33.0,33.0,,,2,33.0,0.0,True,raw/2022-3_table06.json.gz,161d4c65226ef2fa8ec751910aaa0e63d6839f5caed8fb7340be7fb74bae573c,raw/2022-3_table06_info.json,dc1126557be1fea93212f1f4b438e665b9734368af18f6ab2ca33895cb56cd90,https://www.bddk.org.tr/BultenFinturk/tr/Home/MetaveriPdfIndir?tabloNo=6
2022-03,2022-03-31,ARTVİN,10004,KATILIM,SubeSayisi,Yurtiçi Şube Sayısı,,0.0,derived_zero_function_group_identity,SEKTOR = MEVDUAT + KATILIM + KALKINMA_VE_YATIRIM,Published sector total equals the sum of the three non-negative functional-group branch counts with zero residual.,33.0,33.0,,,2,33.0,0.0,True,raw/2022-3_table06.json.gz,161d4c65226ef2fa8ec751910aaa0e63d6839f5caed8fb7340be7fb74bae573c,raw/2022-3_table06_info.json,dc1126557be1fea93212f1f4b438e665b9734368af18f6ab2ca33895cb56cd90,https://www.bddk.org.tr/BultenFinturk/tr/Home/MetaveriPdfIndir?tabloNo=6
2022-03,2022-03-31,AYDIN,10003,KALKINMA VE YATIRIM,SubeSayisi,Yurtiçi Şube Sayısı,,0.0,derived_zero_function_group_identity,SEKTOR = MEVDUAT + KATILIM + KALKINMA_VE_YATIRIM,Published sector total equals the sum of the three non-negative functional-group branch counts with zero residual.,157.0,145.0,,12.0,1,157.0,0.0,True,raw/2022-3_table06.json.gz,161d4c65226ef2fa8ec751910aaa0e63d6839f5caed8fb7340be7fb74bae573c,raw/2022-3_table06_info.json,dc1126557be1fea93212f1f4b438e665b9734368af18f6ab2ca33895cb56cd90,https://www.bddk.org.tr/BultenFinturk/tr/Home/MetaveriPdfIndir?tabloNo=6
2022-03,2022-03-31,AĞRI,10003,KALKINMA VE YATIRIM,SubeSayisi,Yurtiçi Şube Sayısı,,0.0,derived_zero_function_group_identity,SEKTOR = MEVDUAT + KATILIM + KALKINMA_VE_YATIRIM,Published sector total equals the sum of the three non-negative functional-group branch counts with zero residual.,28.0,26.0,,2.0,1,28.0,0.0,True,raw/2022-3_table06.json.gz,161d4c65226ef2fa8ec751910aaa0e63d6839f5caed8fb7340be7fb74bae573c,raw/2022-3_table06_info.json,dc1126557be1fea93212f1f4b438e665b9734368af18f6ab2ca33895cb56cd90,https://www.bddk.org.tr/BultenFinturk/tr/Home/MetaveriPdfIndir?tabloNo=6
2022-03,2022-03-31,BALIKESİR,10003,KALKINMA VE YATIRIM,SubeSayisi,Yurtiçi Şube Sayısı,,0.0,derived_zero_function_group_identity,SEKTOR = MEVDUAT + KATILIM + KALKINMA_VE_YATIRIM,Published sector total equals the sum of the three non-negative functional-group branch counts with zero residual.,161.0,150.0,,11.0,1,161.0,0.0,True,raw/2022-3_table06.json.gz,161d4c65226ef2fa8ec751910aaa0e63d6839f5caed8fb7340be7fb74bae573c,raw/2022-3_table06_info.json,dc1126557be1fea93212f1f4b438e665b9734368af18f6ab2ca33895cb56cd90,https://www.bddk.org.tr/BultenFinturk/tr/Home/MetaveriPdfIndir?tabloNo=6
2022-03,2022-03-31,BARTIN,10003,KALKINMA VE YATIRIM,SubeSayisi,Yurtiçi Şube Sayısı,,0.0,derived_zero_function_group_identity,SEKTOR = MEVDUAT + KATILIM + KALKINMA_VE_YATIRIM,Published sector total equals the sum of the three non-negative functional-group branch counts with zero residual.,22.0,20.0,,2.0,1,22.0,0.0,True,raw/2022-3_table06.json.gz,161d4c65226ef2fa8ec751910aaa0e63d6839f5caed8fb7340be7fb74bae573c,raw/2022-3_table06_info.json,dc1126557be1fea93212f1f4b438e665b9734368af18f6ab2ca33895cb56cd90,https://www.bddk.org.tr/BultenFinturk/tr/Home/MetaveriPdfIndir?tabloNo=6
2022-03,2022-03-31,BATMAN,10003,KALKINMA VE YATIRIM,SubeSayisi,Yurtiçi Şube Sayısı,,0.0,derived_zero_function_group_identity,SEKTOR = MEVDUAT + KATILIM + KALKINMA_VE_YATIRIM,Published sector total equals the sum of the three non-negative functional-group branch counts with zero residual.,33.0,26.0,,7.0,1,33.0,0.0,True,raw/2022-3_table06.json.gz,161d4c65226ef2fa8ec751910aaa0e63d6839f5caed8fb7340be7fb74bae573c,raw/2022-3_table06_info.json,dc1126557be1fea93212f1f4b438e665b9734368af18f6ab2ca33895cb56cd90,https://www.bddk.org.tr/BultenFinturk/tr/Home/MetaveriPdfIndir?tabloNo=6
2022-03,2022-03-31,BAYBURT,10003,KALKINMA VE YATIRIM,SubeSayisi,Yurtiçi Şube Sayısı,,0.0,derived_zero_function_group_identity,SEKTOR = MEVDUAT + KATILIM + KALKINMA_VE_YATIRIM,Published sector total equals the sum of the three non-negative functional-group branch counts with zero residual.,8.0,8.0,,,2,8.0,0.0,True,raw/2022-3_table06.json.gz,161d4c65226ef2fa8ec751910aaa0e63d6839f5caed8fb7340be7fb74bae573c,raw/2022-3_table06_info.json,dc1126557be1fea93212f1f4b438e665b9734368af18f6ab2ca33895cb56cd90,https://www.bddk.org.tr/BultenFinturk/tr/Home/MetaveriPdfIndir?tabloNo=6
2022-03,2022-03-31,BAYBURT,10004,KATILIM,SubeSayisi,Yurtiçi Şube Sayısı,,0.0,derived_zero_function_group_identity,SEKTOR = MEVDUAT + KATILIM + KALKINMA_VE_YATIRIM,Published sector total equals the sum of the three non-negative functional-group branch counts with zero residual.,8.0,8.0,,,2,8.0,0.0,True,raw/2022-3_table06.json.gz,161d4c65226ef2fa8ec751910aaa0e63d6839f5caed8fb7340be7fb74bae573c,raw/2022-3_table06_info.json,dc1126557be1fea93212f1f4b438e665b9734368af18f6ab2ca33895cb56cd90,https://www.bddk.org.tr/BultenFinturk/tr/Home/MetaveriPdfIndir?tabloNo=6
2022-03,2022-03-31,BOLU,10003,KALKINMA VE YATIRIM,SubeSayisi,Yurtiçi Şube Sayısı,,0.0,derived_zero_function_group_identity,SEKTOR = MEVDUAT + KATILIM + KALKINMA_VE_YATIRIM,Published sector total equals the sum of the three non-negative functional-group branch counts with zero residual.,40.0,35.0,,5.0,1,40.0,0.0,True,raw/2022-3_table06.json.gz,161d4c65226ef2fa8ec751910aaa0e63d6839f5caed8fb7340be7fb74bae573c,raw/2022-3_table06_info.json,dc1126557be1fea93212f1f4b438e665b9734368af18f6ab2ca33895cb56cd90,https://www.bddk.org.tr/BultenFinturk/tr/Home/MetaveriPdfIndir?tabloNo=6
2022-03,2022-03-31,BURDUR,10003,KALKINMA VE YATIRIM,SubeSayisi,Yurtiçi Şube Sayısı,,0.0,derived_zero_function_group_identity,SEKTOR = MEVDUAT + KATILIM + KALKINMA_VE_YATIRIM,Published sector total equals the sum of the three non-negative functional-group branch counts with zero residual.,38.0,36.0,,2.0,1,38.0,0.0,True,raw/2022-3_table06.json.gz,161d4c65226ef2fa8ec751910aaa0e63d6839f5caed8fb7340be7fb74bae573c,raw/2022-3_table06_info.json,dc1126557be1fea93212f1f4b438e665b9734368af18f6ab2ca33895cb56cd90,https://www.bddk.org.tr/BultenFinturk/tr/Home/MetaveriPdfIndir?tabloNo=6
2022-03,2022-03-31,BİLECİK,10003,KALKINMA VE YATIRIM,SubeSayisi,Yurtiçi Şube Sayısı,,0.0,derived_zero_function_group_identity,SEKTOR = MEVDUAT + KATILIM + KALKINMA_VE_YATIRIM,Published sector total equals the sum of the three non-negative functional-group branch counts with zero residual.,30.0,29.0,,1.0,1,30.0,0.0,True,raw/2022-3_table06.json.gz,161d4c65226ef2fa8ec751910aaa0e63d6839f5caed8fb7340be7fb74bae573c,raw/2022-3_table06_info.json,dc1126557be1fea93212f1f4b438e665b9734368af18f6ab2ca33895cb56cd90,https://www.bddk.org.tr/BultenFinturk/tr/Home/MetaveriPdfIndir?tabloNo=6
2022-03,2022-03-31,BİNGÖL,10003,KALKINMA VE YATIRIM,SubeSayisi,Yurtiçi Şube Sayısı,,0.0,derived_zero_function_group_identity,SEKTOR = MEVDUAT + KATILIM + KALKINMA_VE_YATIRIM,Published sector total equals the sum of the three non-negative functional-group branch counts with zero residual.,16.0,14.0,,2.0,1,16.0,0.0,True,raw/2022-3_table06.json.gz,161d4c65226ef2fa8ec751910aaa0e63d6839f5caed8fb7340be7fb74bae573c,raw/2022-3_table06_info.json,dc1126557be1fea93212f1f4b438e665b9734368af18f6ab2ca33895cb56cd90,https://www.bddk.org.tr/BultenFinturk/tr/Home/MetaveriPdfIndir?tabloNo=6
2022-03,2022-03-31,BİTLİS,10003,KALKINMA VE YATIRIM,SubeSayisi,Yurtiçi Şube Sayısı,,0.0,derived_zero_function_group_identity,SEKTOR = MEVDUAT + KATILIM + KALKINMA_VE_YATIRIM,Published sector total equals the sum of the three non-negative functional-group branch counts with zero residual.,21.0,20.0,,1.0,1,21.0,0.0,True,raw/2022-3_table06.json.gz,161d4c65226ef2fa8ec751910aaa0e63d6839f5caed8fb7340be7fb74bae573c,raw/2022-3_table06_info.json,dc1126557be1fea93212f1f4b438e665b9734368af18f6ab2ca33895cb56cd90,https://www.bddk.org.tr/BultenFinturk/tr/Home/MetaveriPdfIndir?tabloNo=6
2022-03,2022-03-31,DÜZCE,10003,KALKINMA VE YATIRIM,SubeSayisi,Yurtiçi Şube Sayısı,,0.0,derived_zero_function_group_identity,SEKTOR = MEVDUAT + KATILIM + KALKINMA_VE_YATIRIM,Published sector total equals the sum of the three non-negative functional-group branch counts with zero residual.,39.0,33.0,,6.0,1,39.0,0.0,True,raw/2022-3_table06.json.gz,161d4c65226ef2fa8ec751910aaa0e63d6839f5caed8fb7340be7fb74bae573c,raw/2022-3_table06_info.json,dc1126557be1fea93212f1f4b438e665b9734368af18f6ab2ca33895cb56cd90,https://www.bddk.org.tr/BultenFinturk/tr/Home/MetaveriPdfIndir?tabloNo=6
2022-03,2022-03-31,EDİRNE,10003,KALKINMA VE YATIRIM,SubeSayisi,Yurtiçi Şube Sayısı,,0.0,derived_zero_function_group_identity,SEKTOR = MEVDUAT + KATILIM + KALKINMA_VE_YATIRIM,Published sector total equals the sum of the three non-negative functional-group branch counts with zero residual.,60.0,57.0,,3.0,1,60.0,0.0,True,raw/2022-3_table06.json.gz,161d4c65226ef2fa8ec751910aaa0e63d6839f5caed8fb7340be7fb74bae573c,raw/2022-3_table06_info.json,dc1126557be1fea93212f1f4b438e665b9734368af18f6ab2ca33895cb56cd90,https://www.bddk.org.tr/BultenFinturk/tr/Home/MetaveriPdfIndir?tabloNo=6
2022-03,2022-03-31,ERZİNCAN,10003,KALKINMA VE YATIRIM,SubeSayisi,Yurtiçi Şube Sayısı,,0.0,derived_zero_function_group_identity,SEKTOR = MEVDUAT + KATILIM + KALKINMA_VE_YATIRIM,Published sector total equals the sum of the three non-negative functional-group branch counts with zero residual.,31.0,26.0,,5.0,1,31.0,0.0,True,raw/2022-3_table06.json.gz,161d4c65226ef2fa8ec751910aaa0e63d6839f5caed8fb7340be7fb74bae573c,raw/2022-3_table06_info.json,dc1126557be1fea93212f1f4b438e665b9734368af18f6ab2ca33895cb56cd90,https://www.bddk.org.tr/BultenFinturk/tr/Home/MetaveriPdfIndir?tabloNo=6
2022-03,2022-03-31,GÜMÜŞHANE,10003,KALKINMA VE YATIRIM,SubeSayisi,Yurtiçi Şube Sayısı,,0.0,derived_zero_function_group_identity,SEKTOR = MEVDUAT + KATILIM + KALKINMA_VE_YATIRIM,Published sector total equals the sum of the three non-negative functional-group branch counts with zero residual.,20.0,19.0,,1.0,1,20.0,0.0,True,raw/2022-3_table06.json.gz,161d4c65226ef2fa8ec751910aaa0e63d6839f5caed8fb7340be7fb74bae573c,raw/2022-3_table06_info.json,dc1126557be1fea93212f1f4b438e665b9734368af18f6ab2ca33895cb56cd90,https://www.bddk.org.tr/BultenFinturk/tr/Home/MetaveriPdfIndir?tabloNo=6
2022-03,2022-03-31,GİRESUN,10003,KALKINMA VE YATIRIM,SubeSayisi,Yurtiçi Şube Sayısı,,0.0,derived_zero_function_group_identity,SEKTOR = MEVDUAT + KATILIM + KALKINMA_VE_YATIRIM,Published sector total equals the sum of the three non-negative functional-group branch counts with zero residual.,54.0,50.0,,4.0,1,54.0,0.0,True,raw/2022-3_table06.json.gz,161d4c65226ef2fa8ec751910aaa0e63d6839f5caed8fb7340be7fb74bae573c,raw/2022-3_table06_info.json,dc1126557be1fea93212f1f4b438e665b9734368af18f6ab2ca33895cb56cd90,https://www.bddk.org.tr/BultenFinturk/tr/Home/MetaveriPdfIndir?tabloNo=6
2022-03,2022-03-31,HAKKARİ,10003,KALKINMA VE YATIRIM,SubeSayisi,Yurtiçi Şube Sayısı,,0.0,derived_zero_function_group_identity,SEKTOR = MEVDUAT + KATILIM + KALKINMA_VE_YATIRIM,Published sector total equals the sum of the three non-negative functional-group branch counts with zero residual.,17.0,17.0,,,2,17.0,0.0,True,raw/2022-3_table06.json.gz,161d4c65226ef2fa8ec751910aaa0e63d6839f5caed8fb7340be7fb74bae573c,raw/2022-3_table06_info.json,dc1126557be1fea93212f1f4b438e665b9734368af18f6ab2ca33895cb56cd90,https://www.bddk.org.tr/BultenFinturk/tr/Home/MetaveriPdfIndir?tabloNo=6
2022-03,2022-03-31,HAKKARİ,10004,KATILIM,SubeSayisi,Yurtiçi Şube Sayısı,,0.0,derived_zero_function_group_identity,SEKTOR = MEVDUAT + KATILIM + KALKINMA_VE_YATIRIM,Published sector total equals the sum of the three non-negative functional-group branch counts with zero residual.,17.0,17.0,,,2,17.0,0.0,True,raw/2022-3_table06.json.gz,161d4c65226ef2fa8ec751910aaa0e63d6839f5caed8fb7340be7fb74bae573c,raw/2022-3_table06_info.json,dc1126557be1fea93212f1f4b438e665b9734368af18f6ab2ca33895cb56cd90,https://www.bddk.org.tr/BultenFinturk/tr/Home/MetaveriPdfIndir?tabloNo=6
2022-03,2022-03-31,ISPARTA,10003,KALKINMA VE YATIRIM,SubeSayisi,Yurtiçi Şube Sayısı,,0.0,derived_zero_function_group_identity,SEKTOR = MEVDUAT + KATILIM + KALKINMA_VE_YATIRIM,Published sector total equals the sum of the three non-negative functional-group branch counts with zero residual.,56.0,49.0,,7.0,1,56.0,0.0,True,raw/2022-3_table06.json.gz,161d4c65226ef2fa8ec751910aaa0e63d6839f5caed8fb7340be7fb74bae573c,raw/2022-3_table06_info.json,dc1126557be1fea93212f1f4b438e665b9734368af18f6ab2ca33895cb56cd90,https://www.bddk.org.tr/BultenFinturk/tr/Home/MetaveriPdfIndir?tabloNo=6
2022-03,2022-03-31,IĞDIR,10003,KALKINMA VE YATIRIM,SubeSayisi,Yurtiçi Şube Sayısı,,0.0,derived_zero_function_group_identity,SEKTOR = MEVDUAT + KATILIM + KALKINMA_VE_YATIRIM,Published sector total equals the sum of the three non-negative functional-group branch counts with zero residual.,16.0,15.0,,1.0,1,16.0,0.0,True,raw/2022-3_table06.json.gz,161d4c65226ef2fa8ec751910aaa0e63d6839f5caed8fb7340be7fb74bae573c,raw/2022-3_table06_info.json,dc1126557be1fea93212f1f4b438e665b9734368af18f6ab2ca33895cb56cd90,https://www.bddk.org.tr/BultenFinturk/tr/Home/MetaveriPdfIndir?tabloNo=6
2022-03,2022-03-31,KARABÜK,10003,KALKINMA VE YATIRIM,SubeSayisi,Yurtiçi Şube Sayısı,,0.0,derived_zero_function_group_identity,SEKTOR = MEVDUAT + KATILIM + KALKINMA_VE_YATIRIM,Published sector total equals the sum of the three non-negative functional-group branch counts with zero residual.,29.0,26.0,,3.0,1,29.0,0.0,True,raw/2022-3_table06.json.gz,161d4c65226ef2fa8ec751910aaa0e63d6839f5caed8fb7340be7fb74bae573c,raw/2022-3_table06_info.json,dc1126557be1fea93212f1f4b438e665b9734368af18f6ab2ca33895cb56cd90,https://www.bddk.org.tr/BultenFinturk/tr/Home/MetaveriPdfIndir?tabloNo=6
2022-03,2022-03-31,KARAMAN,10003,KALKINMA VE YATIRIM,SubeSayisi,Yurtiçi Şube Sayısı,,0.0,derived_zero_function_group_identity,SEKTOR = MEVDUAT + KATILIM + KALKINMA_VE_YATIRIM,Published sector total equals the sum of the three non-negative functional-group branch counts with zero residual.,27.0,22.0,,5.0,1,27.0,0.0,True,raw/2022-3_table06.json.gz,161d4c65226ef2fa8ec751910aaa0e63d6839f5caed8fb7340be7fb74bae573c,raw/2022-3_table06_info.json,dc1126557be1fea93212f1f4b438e665b9734368af18f6ab2ca33895cb56cd90,https://www.bddk.org.tr/BultenFinturk/tr/Home/MetaveriPdfIndir?tabloNo=6
2022-03,2022-03-31,KARS,10003,KALKINMA VE YATIRIM,SubeSayisi,Yurtiçi Şube Sayısı,,0.0,derived_zero_function_group_identity,SEKTOR = MEVDUAT + KATILIM + KALKINMA_VE_YATIRIM,Published sector total equals the sum of the three non-negative functional-group branch counts with zero residual.,29.0,27.0,,2.0,1,29.0,0.0,True,raw/2022-3_table06.json.gz,161d4c65226ef2fa8ec751910aaa0e63d6839f5caed8fb7340be7fb74bae573c,raw/2022-3_table06_info.json,dc1126557be1fea93212f1f4b438e665b9734368af18f6ab2ca33895cb56cd90,https://www.bddk.org.tr/BultenFinturk/tr/Home/MetaveriPdfIndir?tabloNo=6
2022-03,2022-03-31,KIRIKKALE,10003,KALKINMA VE YATIRIM,SubeSayisi,Yurtiçi Şube Sayısı,,0.0,derived_zero_function_group_identity,SEKTOR = MEVDUAT + KATILIM + KALKINMA_VE_YATIRIM,Published sector total equals the sum of the three non-negative functional-group branch counts with zero residual.,28.0,26.0,,2.0,1,28.0,0.0,True,raw/2022-3_table06.json.gz,161d4c65226ef2fa8ec751910aaa0e63d6839f5caed8fb7340be7fb74bae573c,raw/2022-3_table06_info.json,dc1126557be1fea93212f1f4b438e665b9734368af18f6ab2ca33895cb56cd90,https://www.bddk.org.tr/BultenFinturk/tr/Home/MetaveriPdfIndir?tabloNo=6
2022-03,2022-03-31,KIRKLARELİ,10003,KALKINMA VE YATIRIM,SubeSayisi,Yurtiçi Şube Sayısı,,0.0,derived_zero_function_group_identity,SEKTOR = MEVDUAT + KATILIM + KALKINMA_VE_YATIRIM,Published sector total equals the sum of the three non-negative functional-group branch counts with zero residual.,50.0,49.0,,1.0,1,50.0,0.0,True,raw/2022-3_table06.json.gz,161d4c65226ef2fa8ec751910aaa0e63d6839f5caed8fb7340be7fb74bae573c,raw/2022-3_table06_info.json,dc1126557be1fea93212f1f4b438e665b9734368af18f6ab2ca33895cb56cd90,https://www.bddk.org.tr/BultenFinturk/tr/Home/MetaveriPdfIndir?tabloNo=6
2022-03,2022-03-31,KIRŞEHİR,10003,KALKINMA VE YATIRIM,SubeSayisi,Yurtiçi Şube Sayısı,,0.0,derived_zero_function_group_identity,SEKTOR = MEVDUAT + KATILIM + KALKINMA_VE_YATIRIM,Published sector total equals the sum of the three non-negative functional-group branch counts with zero residual.,28.0,26.0,,2.0,1,28.0,0.0,True,raw/2022-3_table06.json.gz,161d4c65226ef2fa8ec751910aaa0e63d6839f5caed8fb7340be7fb74bae573c,raw/2022-3_table06_info.json,dc1126557be1fea93212f1f4b438e665b9734368af18f6ab2ca33895cb56cd90,https://www.bddk.org.tr/BultenFinturk/tr/Home/MetaveriPdfIndir?tabloNo=6
2022-03,2022-03-31,KÜTAHYA,10003,KALKINMA VE YATIRIM,SubeSayisi,Yurtiçi Şube Sayısı,,0.0,derived_zero_function_group_identity,SEKTOR = MEVDUAT + KATILIM + KALKINMA_VE_YATIRIM,Published sector total equals the sum of the three non-negative functional-group branch counts with zero residual.,56.0,50.0,,6.0,1,56.0,0.0,True,raw/2022-3_table06.json.gz,161d4c65226ef2fa8ec751910aaa0e63d6839f5caed8fb7340be7fb74bae573c,raw/2022-3_table06_info.json,dc1126557be1fea93212f1f4b438e665b9734368af18f6ab2ca33895cb56cd90,https://www.bddk.org.tr/BultenFinturk/tr/Home/MetaveriPdfIndir?tabloNo=6
2022-03,2022-03-31,KİLİS,10003,KALKINMA VE YATIRIM,SubeSayisi,Yurtiçi Şube Sayısı,,0.0,derived_zero_function_group_identity,SEKTOR = MEVDUAT + KATILIM + KALKINMA_VE_YATIRIM,Published sector total equals the sum of the three non-negative functional-group branch counts with zero residual.,10.0,9.0,,1.0,1,10.0,0.0,True,raw/2022-3_table06.json.gz,161d4c65226ef2fa8ec751910aaa0e63d6839f5caed8fb7340be7fb74bae573c,raw/2022-3_table06_info.json,dc1126557be1fea93212f1f4b438e665b9734368af18f6ab2ca33895cb56cd90,https://www.bddk.org.tr/BultenFinturk/tr/Home/MetaveriPdfIndir?tabloNo=6
2022-03,2022-03-31,MALATYA,10003,KALKINMA VE YATIRIM,SubeSayisi,Yurtiçi Şube Sayısı,,0.0,derived_zero_function_group_identity,SEKTOR = MEVDUAT + KATILIM + KALKINMA_VE_YATIRIM,Published sector total equals the sum of the three non-negative functional-group branch counts with zero residual.,65.0,56.0,,9.0,1,65.0,0.0,True,raw/2022-3_table06.json.gz,161d4c65226ef2fa8ec751910aaa0e63d6839f5caed8fb7340be7fb74bae573c,raw/2022-3_table06_info.json,dc1126557be1fea93212f1f4b438e665b9734368af18f6ab2ca33895cb56cd90,https://www.bddk.org.tr/BultenFinturk/tr/Home/MetaveriPdfIndir?tabloNo=6
2022-03,2022-03-31,MARDİN,10003,KALKINMA VE YATIRIM,SubeSayisi,Yurtiçi Şube Sayısı,,0.0,derived_zero_function_group_identity,SEKTOR = MEVDUAT + KATILIM + KALKINMA_VE_YATIRIM,Published sector total equals the sum of the three non-negative functional-group branch counts with zero residual.,49.0,44.0,,5.0,1,49.0,0.0,True,raw/2022-3_table06.json.gz,161d4c65226ef2fa8ec751910aaa0e63d6839f5caed8fb7340be7fb74bae573c,raw/2022-3_table06_info.json,dc1126557be1fea93212f1f4b438e665b9734368af18f6ab2ca33895cb56cd90,https://www.bddk.org.tr/BultenFinturk/tr/Home/MetaveriPdfIndir?tabloNo=6
2022-03,2022-03-31,MUŞ,10003,KALKINMA VE YATIRIM,SubeSayisi,Yurtiçi Şube Sayısı,,0.0,derived_zero_function_group_identity,SEKTOR = MEVDUAT + KATILIM + KALKINMA_VE_YATIRIM,Published sector total equals the sum of the three non-negative functional-group branch counts with zero residual.,21.0,19.0,,2.0,1,21.0,0.0,True,raw/2022-3_table06.json.gz,161d4c65226ef2fa8ec751910aaa0e63d6839f5caed8fb7340be7fb74bae573c,raw/2022-3_table06_info.json,dc1126557be1fea93212f1f4b438e665b9734368af18f6ab2ca33895cb56cd90,https://www.bddk.org.tr/BultenFinturk/tr/Home/MetaveriPdfIndir?tabloNo=6
2022-03,2022-03-31,NEVŞEHİR,10003,KALKINMA VE YATIRIM,SubeSayisi,Yurtiçi Şube Sayısı,,0.0,derived_zero_function_group_identity,SEKTOR = MEVDUAT + KATILIM + KALKINMA_VE_YATIRIM,Published sector total equals the sum of the three non-negative functional-group branch counts with zero residual.,41.0,36.0,,5.0,1,41.0,0.0,True,raw/2022-3_table06.json.gz,161d4c65226ef2fa8ec751910aaa0e63d6839f5caed8fb7340be7fb74bae573c,raw/2022-3_table06_info.json,dc1126557be1fea93212f1f4b438e665b9734368af18f6ab2ca33895cb56cd90,https://www.bddk.org.tr/BultenFinturk/tr/Home/MetaveriPdfIndir?tabloNo=6
2022-03,2022-03-31,NİĞDE,10003,KALKINMA VE YATIRIM,SubeSayisi,Yurtiçi Şube Sayısı,,0.0,derived_zero_function_group_identity,SEKTOR = MEVDUAT + KATILIM + KALKINMA_VE_YATIRIM,Published sector total equals the sum of the three non-negative functional-group branch counts with zero residual.,27.0,25.0,,2.0,1,27.0,0.0,True,raw/2022-3_table06.json.gz,161d4c65226ef2fa8ec751910aaa0e63d6839f5caed8fb7340be7fb74bae573c,raw/2022-3_table06_info.json,dc1126557be1fea93212f1f4b438e665b9734368af18f6ab2ca33895cb56cd90,https://www.bddk.org.tr/BultenFinturk/tr/Home/MetaveriPdfIndir?tabloNo=6
2022-03,2022-03-31,ORDU,10003,KALKINMA VE YATIRIM,SubeSayisi,Yurtiçi Şube Sayısı,,0.0,derived_zero_function_group_identity,SEKTOR = MEVDUAT + KATILIM + KALKINMA_VE_YATIRIM,Published sector total equals the sum of the three non-negative functional-group branch counts with zero residual.,74.0,67.0,,7.0,1,74.0,0.0,True,raw/2022-3_table06.json.gz,161d4c65226ef2fa8ec751910aaa0e63d6839f5caed8fb7340be7fb74bae573c,raw/2022-3_table06_info.json,dc1126557be1fea93212f1f4b438e665b9734368af18f6ab2ca33895cb56cd90,https://www.bddk.org.tr/BultenFinturk/tr/Home/MetaveriPdfIndir?tabloNo=6
2022-03,2022-03-31,OSMANİYE,10003,KALKINMA VE YATIRIM,SubeSayisi,Yurtiçi Şube Sayısı,,0.0,derived_zero_function_group_identity,SEKTOR = MEVDUAT + KATILIM + KALKINMA_VE_YATIRIM,Published sector total equals the sum of the three non-negative functional-group branch counts with zero residual.,39.0,34.0,,5.0,1,39.0,0.0,True,raw/2022-3_table06.json.gz,161d4c65226ef2fa8ec751910aaa0e63d6839f5caed8fb7340be7fb74bae573c,raw/2022-3_table06_info.json,dc1126557be1fea93212f1f4b438e665b9734368af18f6ab2ca33895cb56cd90,https://www.bddk.org.tr/BultenFinturk/tr/Home/MetaveriPdfIndir?tabloNo=6
2022-03,2022-03-31,RİZE,10003,KALKINMA VE YATIRIM,SubeSayisi,Yurtiçi Şube Sayısı,,0.0,derived_zero_function_group_identity,SEKTOR = MEVDUAT + KATILIM + KALKINMA_VE_YATIRIM,Published sector total equals the sum of the three non-negative functional-group branch counts with zero residual.,51.0,45.0,,6.0,1,51.0,0.0,True,raw/2022-3_table06.json.gz,161d4c65226ef2fa8ec751910aaa0e63d6839f5caed8fb7340be7fb74bae573c,raw/2022-3_table06_info.json,dc1126557be1fea93212f1f4b438e665b9734368af18f6ab2ca33895cb56cd90,https://www.bddk.org.tr/BultenFinturk/tr/Home/MetaveriPdfIndir?tabloNo=6
2022-03,2022-03-31,SAKARYA,10003,KALKINMA VE YATIRIM,SubeSayisi,Yurtiçi Şube Sayısı,,0.0,derived_zero_function_group_identity,SEKTOR = MEVDUAT + KATILIM + KALKINMA_VE_YATIRIM,Published sector total equals the sum of the three non-negative functional-group branch counts with zero residual.,120.0,109.0,,11.0,1,120.0,0.0,True,raw/2022-3_table06.json.gz,161d4c65226ef2fa8ec751910aaa0e63d6839f5caed8fb7340be7fb74bae573c,raw/2022-3_table06_info.json,dc1126557be1fea93212f1f4b438e665b9734368af18f6ab2ca33895cb56cd90,https://www.bddk.org.tr/BultenFinturk/tr/Home/MetaveriPdfIndir?tabloNo=6
2022-03,2022-03-31,SİNOP,10003,KALKINMA VE YATIRIM,SubeSayisi,Yurtiçi Şube Sayısı,,0.0,derived_zero_function_group_identity,SEKTOR = MEVDUAT + KATILIM + KALKINMA_VE_YATIRIM,Published sector total equals the sum of the three non-negative functional-group branch counts with zero residual.,30.0,30.0,,,2,30.0,0.0,True,raw/2022-3_table06.json.gz,161d4c65226ef2fa8ec751910aaa0e63d6839f5caed8fb7340be7fb74bae573c,raw/2022-3_table06_info.json,dc1126557be1fea93212f1f4b438e665b9734368af18f6ab2ca33895cb56cd90,https://www.bddk.org.tr/BultenFinturk/tr/Home/MetaveriPdfIndir?tabloNo=6
2022-03,2022-03-31,SİNOP,10004,KATILIM,SubeSayisi,Yurtiçi Şube Sayısı,,0.0,derived_zero_function_group_identity,SEKTOR = MEVDUAT + KATILIM + KALKINMA_VE_YATIRIM,Published sector total equals the sum of the three non-negative functional-group branch counts with zero residual.,30.0,30.0,,,2,30.0,0.0,True,raw/2022-3_table06.json.gz,161d4c65226ef2fa8ec751910aaa0e63d6839f5caed8fb7340be7fb74bae573c,raw/2022-3_table06_info.json,dc1126557be1fea93212f1f4b438e665b9734368af18f6ab2ca33895cb56cd90,https://www.bddk.org.tr/BultenFinturk/tr/Home/MetaveriPdfIndir?tabloNo=6
2022-03,2022-03-31,SİİRT,10003,KALKINMA VE YATIRIM,SubeSayisi,Yurtiçi Şube Sayısı,,0.0,derived_zero_function_group_identity,SEKTOR = MEVDUAT + KATILIM + KALKINMA_VE_YATIRIM,Published sector total equals the sum of the three non-negative functional-group branch counts with zero residual.,22.0,17.0,,5.0,1,22.0,0.0,True,raw/2022-3_table06.json.gz,161d4c65226ef2fa8ec751910aaa0e63d6839f5caed8fb7340be7fb74bae573c,raw/2022-3_table06_info.json,dc1126557be1fea93212f1f4b438e665b9734368af18f6ab2ca33895cb56cd90,https://www.bddk.org.tr/BultenFinturk/tr/Home/MetaveriPdfIndir?tabloNo=6
2022-03,2022-03-31,TOKAT,10003,KALKINMA VE YATIRIM,SubeSayisi,Yurtiçi Şube Sayısı,,0.0,derived_zero_function_group_identity,SEKTOR = MEVDUAT + KATILIM + KALKINMA_VE_YATIRIM,Published sector total equals the sum of the three non-negative functional-group branch counts with zero residual.,58.0,53.0,,5.0,1,58.0,0.0,True,raw/2022-3_table06.json.gz,161d4c65226ef2fa8ec751910aaa0e63d6839f5caed8fb7340be7fb74bae573c,raw/2022-3_table06_info.json,dc1126557be1fea93212f1f4b438e665b9734368af18f6ab2ca33895cb56cd90,https://www.bddk.org.tr/BultenFinturk/tr/Home/MetaveriPdfIndir?tabloNo=6
2022-03,2022-03-31,TUNCELİ,10003,KALKINMA VE YATIRIM,SubeSayisi,Yurtiçi Şube Sayısı,,0.0,derived_zero_function_group_identity,SEKTOR = MEVDUAT + KATILIM + KALKINMA_VE_YATIRIM,Published sector total equals the sum of the three non-negative functional-group branch counts with zero residual.,13.0,13.0,,,2,13.0,0.0,True,raw/2022-3_table06.json.gz,161d4c65226ef2fa8ec751910aaa0e63d6839f5caed8fb7340be7fb74bae573c,raw/2022-3_table06_info.json,dc1126557be1fea93212f1f4b438e665b9734368af18f6ab2ca33895cb56cd90,https://www.bddk.org.tr/BultenFinturk/tr/Home/MetaveriPdfIndir?tabloNo=6
2022-03,2022-03-31,TUNCELİ,10004,KATILIM,SubeSayisi,Yurtiçi Şube Sayısı,,0.0,derived_zero_function_group_identity,SEKTOR = MEVDUAT + KATILIM + KALKINMA_VE_YATIRIM,Published sector total equals the sum of the three non-negative functional-group branch counts with zero residual.,13.0,13.0,,,2,13.0,0.0,True,raw/2022-3_table06.json.gz,161d4c65226ef2fa8ec751910aaa0e63d6839f5caed8fb7340be7fb74bae573c,raw/2022-3_table06_info.json,dc1126557be1fea93212f1f4b438e665b9734368af18f6ab2ca33895cb56cd90,https://www.bddk.org.tr/BultenFinturk/tr/Home/MetaveriPdfIndir?tabloNo=6
2022-03,2022-03-31,UŞAK,10003,KALKINMA VE YATIRIM,SubeSayisi,Yurtiçi Şube Sayısı,,0.0,derived_zero_function_group_identity,SEKTOR = MEVDUAT + KATILIM + KALKINMA_VE_YATIRIM,Published sector total equals the sum of the three non-negative functional-group branch counts with zero residual.,43.0,39.0,,4.0,1,43.0,0.0,True,raw/2022-3_table06.json.gz,161d4c65226ef2fa8ec751910aaa0e63d6839f5caed8fb7340be7fb74bae573c,raw/2022-3_table06_info.json,dc1126557be1fea93212f1f4b438e665b9734368af18f6ab2ca33895cb56cd90,https://www.bddk.org.tr/BultenFinturk/tr/Home/MetaveriPdfIndir?tabloNo=6
2022-03,2022-03-31,YALOVA,10003,KALKINMA VE YATIRIM,SubeSayisi,Yurtiçi Şube Sayısı,,0.0,derived_zero_function_group_identity,SEKTOR = MEVDUAT + KATILIM + KALKINMA_VE_YATIRIM,Published sector total equals the sum of the three non-negative functional-group branch counts with zero residual.,31.0,25.0,,6.0,1,31.0,0.0,True,raw/2022-3_table06.json.gz,161d4c65226ef2fa8ec751910aaa0e63d6839f5caed8fb7340be7fb74bae573c,raw/2022-3_table06_info.json,dc1126557be1fea93212f1f4b438e665b9734368af18f6ab2ca33895cb56cd90,https://www.bddk.org.tr/BultenFinturk/tr/Home/MetaveriPdfIndir?tabloNo=6
2022-03,2022-03-31,YOZGAT,10003,KALKINMA VE YATIRIM,SubeSayisi,Yurtiçi Şube Sayısı,,0.0,derived_zero_function_group_identity,SEKTOR = MEVDUAT + KATILIM + KALKINMA_VE_YATIRIM,Published sector total equals the sum of the three non-negative functional-group branch counts with zero residual.,53.0,50.0,,3.0,1,53.0,0.0,True,raw/2022-3_table06.json.gz,161d4c65226ef2fa8ec751910aaa0e63d6839f5caed8fb7340be7fb74bae573c,raw/2022-3_table06_info.json,dc1126557be1fea93212f1f4b438e665b9734368af18f6ab2ca33895cb56cd90,https://www.bddk.org.tr/BultenFinturk/tr/Home/MetaveriPdfIndir?tabloNo=6
2022-03,2022-03-31,ZONGULDAK,10003,KALKINMA VE YATIRIM,SubeSayisi,Yurtiçi Şube Sayısı,,0.0,derived_zero_function_group_identity,SEKTOR = MEVDUAT + KATILIM + KALKINMA_VE_YATIRIM,Published sector total equals the sum of the three non-negative functional-group branch counts with zero residual.,64.0,60.0,,4.0,1,64.0,0.0,True,raw/2022-3_table06.json.gz,161d4c65226ef2fa8ec751910aaa0e63d6839f5caed8fb7340be7fb74bae573c,raw/2022-3_table06_info.json,dc1126557be1fea93212f1f4b438e665b9734368af18f6ab2ca33895cb56cd90,https://www.bddk.org.tr/BultenFinturk/tr/Home/MetaveriPdfIndir?tabloNo=6
2022-03,2022-03-31,ÇANAKKALE,10003,KALKINMA VE YATIRIM,SubeSayisi,Yurtiçi Şube Sayısı,,0.0,derived_zero_function_group_identity,SEKTOR = MEVDUAT + KATILIM + KALKINMA_VE_YATIRIM,Published sector total equals the sum of the three non-negative functional-group branch counts with zero residual.,79.0,74.0,,5.0,1,79.0,0.0,True,raw/2022-3_table06.json.gz,161d4c65226ef2fa8ec751910aaa0e63d6839f5caed8fb7340be7fb74bae573c,raw/2022-3_table06_info.json,dc1126557be1fea93212f1f4b438e665b9734368af18f6ab2ca33895cb56cd90,https://www.bddk.org.tr/BultenFinturk/tr/Home/MetaveriPdfIndir?tabloNo=6
2022-03,2022-03-31,ÇANKIRI,10003,KALKINMA VE YATIRIM,SubeSayisi,Yurtiçi Şube Sayısı,,0.0,derived_zero_function_group_identity,SEKTOR = MEVDUAT + KATILIM + KALKINMA_VE_YATIRIM,Published sector total equals the sum of the three non-negative functional-group branch counts with zero residual.,32.0,30.0,,2.0,1,32.0,0.0,True,raw/2022-3_table06.json.gz,161d4c65226ef2fa8ec751910aaa0e63d6839f5caed8fb7340be7fb74bae573c,raw/2022-3_table06_info.json,dc1126557be1fea93212f1f4b438e665b9734368af18f6ab2ca33895cb56cd90,https://www.bddk.org.tr/BultenFinturk/tr/Home/MetaveriPdfIndir?tabloNo=6
2022-03,2022-03-31,ÇORUM,10003,KALKINMA VE YATIRIM,SubeSayisi,Yurtiçi Şube Sayısı,,0.0,derived_zero_function_group_identity,SEKTOR = MEVDUAT + KATILIM + KALKINMA_VE_YATIRIM,Published sector total equals the sum of the three non-negative functional-group branch counts with zero residual.,65.0,59.0,,6.0,1,65.0,0.0,True,raw/2022-3_table06.json.gz,161d4c65226ef2fa8ec751910aaa0e63d6839f5caed8fb7340be7fb74bae573c,raw/2022-3_table06_info.json,dc1126557be1fea93212f1f4b438e665b9734368af18f6ab2ca33895cb56cd90,https://www.bddk.org.tr/BultenFinturk/tr/Home/MetaveriPdfIndir?tabloNo=6
2022-03,2022-03-31,ŞANLIURFA,10003,KALKINMA VE YATIRIM,SubeSayisi,Yurtiçi Şube Sayısı,,0.0,derived_zero_function_group_identity,SEKTOR = MEVDUAT + KATILIM + KALKINMA_VE_YATIRIM,Published sector total equals the sum of the three non-negative functional-group branch counts with zero residual.,91.0,79.0,,12.0,1,91.0,0.0,True,raw/2022-3_table06.json.gz,161d4c65226ef2fa8ec751910aaa0e63d6839f5caed8fb7340be7fb74bae573c,raw/2022-3_table06_info.json,dc1126557be1fea93212f1f4b438e665b9734368af18f6ab2ca33895cb56cd90,https://www.bddk.org.tr/BultenFinturk/tr/Home/MetaveriPdfIndir?tabloNo=6
2022-03,2022-03-31,ŞIRNAK,10003,KALKINMA VE YATIRIM,SubeSayisi,Yurtiçi Şube Sayısı,,0.0,derived_zero_function_group_identity,SEKTOR = MEVDUAT + KATILIM + KALKINMA_VE_YATIRIM,Published sector total equals the sum of the three non-negative functional-group branch counts with zero residual.,22.0,21.0,,1.0,1,22.0,0.0,True,raw/2022-3_table06.json.gz,161d4c65226ef2fa8ec751910aaa0e63d6839f5caed8fb7340be7fb74bae573c,raw/2022-3_table06_info.json,dc1126557be1fea93212f1f4b438e665b9734368af18f6ab2ca33895cb56cd90,https://www.bddk.org.tr/BultenFinturk/tr/Home/MetaveriPdfIndir?tabloNo=6
2022-06,2022-06-30,ADIYAMAN,10003,KALKINMA VE YATIRIM,SubeSayisi,Yurtiçi Şube Sayısı,,0.0,derived_zero_function_group_identity,SEKTOR = MEVDUAT + KATILIM + KALKINMA_VE_YATIRIM,Published sector total equals the sum of the three non-negative functional-group branch counts with zero residual.,43.0,38.0,,5.0,1,43.0,0.0,True,raw/2022-6_table06.json.gz,84cb2aab54c052d54d6a296b79a84e8d4e06e8d8c138f7d430b9d2905884427e,raw/2022-6_table06_info.json,82be67ef217dab0fd5d63f52b6673d6f806ec280fbf19f58d243dc2a74a3849f,https://www.bddk.org.tr/BultenFinturk/tr/Home/MetaveriPdfIndir?tabloNo=6
2022-06,2022-06-30,AFYONKARAHİSAR,10003,KALKINMA VE YATIRIM,SubeSayisi,Yurtiçi Şube Sayısı,,0.0,derived_zero_function_group_identity,SEKTOR = MEVDUAT + KATILIM + KALKINMA_VE_YATIRIM,Published sector total equals the sum of the three non-negative functional-group branch counts with zero residual.,92.0,85.0,,7.0,1,92.0,0.0,True,raw/2022-6_table06.json.gz,84cb2aab54c052d54d6a296b79a84e8d4e06e8d8c138f7d430b9d2905884427e,raw/2022-6_table06_info.json,82be67ef217dab0fd5d63f52b6673d6f806ec280fbf19f58d243dc2a74a3849f,https://www.bddk.org.tr/BultenFinturk/tr/Home/MetaveriPdfIndir?tabloNo=6
2022-06,2022-06-30,AKSARAY,10003,KALKINMA VE YATIRIM,SubeSayisi,Yurtiçi Şube Sayısı,,0.0,derived_zero_function_group_identity,SEKTOR = MEVDUAT + KATILIM + KALKINMA_VE_YATIRIM,Published sector total equals the sum of the three non-negative functional-group branch counts with zero residual.,38.0,31.0,,7.0,1,38.0,0.0,True,raw/2022-6_table06.json.gz,84cb2aab54c052d54d6a296b79a84e8d4e06e8d8c138f7d430b9d2905884427e,raw/2022-6_table06_info.json,82be67ef217dab0fd5d63f52b6673d6f806ec280fbf19f58d243dc2a74a3849f,https://www.bddk.org.tr/BultenFinturk/tr/Home/MetaveriPdfIndir?tabloNo=6
2022-06,2022-06-30,AMASYA,10003,KALKINMA VE YATIRIM,SubeSayisi,Yurtiçi Şube Sayısı,,0.0,derived_zero_function_group_identity,SEKTOR = MEVDUAT + KATILIM + KALKINMA_VE_YATIRIM,Published sector total equals the sum of the three non-negative functional-group branch counts with zero residual.,40.0,37.0,,3.0,1,40.0,0.0,True,raw/2022-6_table06.json.gz,84cb2aab54c052d54d6a296b79a84e8d4e06e8d8c138f7d430b9d2905884427e,raw/2022-6_table06_info.json,82be67ef217dab0fd5d63f52b6673d6f806ec280fbf19f58d243dc2a74a3849f,https://www.bddk.org.tr/BultenFinturk/tr/Home/MetaveriPdfIndir?tabloNo=6
2022-06,2022-06-30,ARDAHAN,10003,KALKINMA VE YATIRIM,SubeSayisi,Yurtiçi Şube Sayısı,,0.0,derived_zero_function_group_identity,SEKTOR = MEVDUAT + KATILIM + KALKINMA_VE_YATIRIM,Published sector total equals the sum of the three non-negative functional-group branch counts with zero residual.,14.0,14.0,,,2,14.0,0.0,True,raw/2022-6_table06.json.gz,84cb2aab54c052d54d6a296b79a84e8d4e06e8d8c138f7d430b9d2905884427e,raw/2022-6_table06_info.json,82be67ef217dab0fd5d63f52b6673d6f806ec280fbf19f58d243dc2a74a3849f,https://www.bddk.org.tr/BultenFinturk/tr/Home/MetaveriPdfIndir?tabloNo=6
2022-06,2022-06-30,ARDAHAN,10004,KATILIM,SubeSayisi,Yurtiçi Şube Sayısı,,0.0,derived_zero_function_group_identity,SEKTOR = MEVDUAT + KATILIM + KALKINMA_VE_YATIRIM,Published sector total equals the sum of the three non-negative functional-group branch counts with zero residual.,14.0,14.0,,,2,14.0,0.0,True,raw/2022-6_table06.json.gz,84cb2aab54c052d54d6a296b79a84e8d4e06e8d8c138f7d430b9d2905884427e,raw/2022-6_table06_info.json,82be67ef217dab0fd5d63f52b6673d6f806ec280fbf19f58d243dc2a74a3849f,https://www.bddk.org.tr/BultenFinturk/tr/Home/MetaveriPdfIndir?tabloNo=6
2022-06,2022-06-30,ARTVİN,10003,KALKINMA VE YATIRIM,SubeSayisi,Yurtiçi Şube Sayısı,,0.0,derived_zero_function_group_identity,SEKTOR = MEVDUAT + KATILIM + KALKINMA_VE_YATIRIM,Published sector total equals the sum of the three non-negative functional-group branch counts with zero residual.,33.0,33.0,,,2,33.0,0.0,True,raw/2022-6_table06.json.gz,84cb2aab54c052d54d6a296b79a84e8d4e06e8d8c138f7d430b9d2905884427e,raw/2022-6_table06_info.json,82be67ef217dab0fd5d63f52b6673d6f806ec280fbf19f58d243dc2a74a3849f,https://www.bddk.org.tr/BultenFinturk/tr/Home/MetaveriPdfIndir?tabloNo=6
2022-06,2022-06-30,ARTVİN,10004,KATILIM,SubeSayisi,Yurtiçi Şube Sayısı,,0.0,derived_zero_function_group_identity,SEKTOR = MEVDUAT + KATILIM + KALKINMA_VE_YATIRIM,Published sector total equals the sum of the three non-negative functional-group branch counts with zero residual.,33.0,33.0,,,2,33.0,0.0,True,raw/2022-6_table06.json.gz,84cb2aab54c052d54d6a296b79a84e8d4e06e8d8c138f7d430b9d2905884427e,raw/2022-6_table06_info.json,82be67ef217dab0fd5d63f52b6673d6f806ec280fbf19f58d243dc2a74a3849f,https://www.bddk.org.tr/BultenFinturk/tr/Home/MetaveriPdfIndir?tabloNo=6
2022-06,2022-06-30,AYDIN,10003,KALKINMA VE YATIRIM,SubeSayisi,Yurtiçi Şube Sayısı,,0.0,derived_zero_function_group_identity,SEKTOR = MEVDUAT + KATILIM + KALKINMA_VE_YATIRIM,Published sector total equals the sum of the three non-negative functional-group branch counts with zero residual.,156.0,145.0,,11.0,1,156.0,0.0,True,raw/2022-6_table06.json.gz,84cb2aab54c052d54d6a296b79a84e8d4e06e8d8c138f7d430b9d2905884427e,raw/2022-6_table06_info.json,82be67ef217dab0fd5d63f52b6673d6f806ec280fbf19f58d243dc2a74a3849f,https://www.bddk.org.tr/BultenFinturk/tr/Home/MetaveriPdfIndir?tabloNo=6
2022-06,2022-06-30,AĞRI,10003,KALKINMA VE YATIRIM,SubeSayisi,Yurtiçi Şube Sayısı,,0.0,derived_zero_function_group_identity,SEKTOR = MEVDUAT + KATILIM + KALKINMA_VE_YATIRIM,Published sector total equals the sum of the three non-negative functional-group branch counts with zero residual.,28.0,26.0,,2.0,1,28.0,0.0,True,raw/2022-6_table06.json.gz,84cb2aab54c052d54d6a296b79a84e8d4e06e8d8c138f7d430b9d2905884427e,raw/2022-6_table06_info.json,82be67ef217dab0fd5d63f52b6673d6f806ec280fbf19f58d243dc2a74a3849f,https://www.bddk.org.tr/BultenFinturk/tr/Home/MetaveriPdfIndir?tabloNo=6
2022-06,2022-06-30,BALIKESİR,10003,KALKINMA VE YATIRIM,SubeSayisi,Yurtiçi Şube Sayısı,,0.0,derived_zero_function_group_identity,SEKTOR = MEVDUAT + KATILIM + KALKINMA_VE_YATIRIM,Published sector total equals the sum of the three non-negative functional-group branch counts with zero residual.,158.0,147.0,,11.0,1,158.0,0.0,True,raw/2022-6_table06.json.gz,84cb2aab54c052d54d6a296b79a84e8d4e06e8d8c138f7d430b9d2905884427e,raw/2022-6_table06_info.json,82be67ef217dab0fd5d63f52b6673d6f806ec280fbf19f58d243dc2a74a3849f,https://www.bddk.org.tr/BultenFinturk/tr/Home/MetaveriPdfIndir?tabloNo=6
2022-06,2022-06-30,BARTIN,10003,KALKINMA VE YATIRIM,SubeSayisi,Yurtiçi Şube Sayısı,,0.0,derived_zero_function_group_identity,SEKTOR = MEVDUAT + KATILIM + KALKINMA_VE_YATIRIM,Published sector total equals the sum of the three non-negative functional-group branch counts with zero residual.,22.0,20.0,,2.0,1,22.0,0.0,True,raw/2022-6_table06.json.gz,84cb2aab54c052d54d6a296b79a84e8d4e06e8d8c138f7d430b9d2905884427e,raw/2022-6_table06_info.json,82be67ef217dab0fd5d63f52b6673d6f806ec280fbf19f58d243dc2a74a3849f,https://www.bddk.org.tr/BultenFinturk/tr/Home/MetaveriPdfIndir?tabloNo=6
2022-06,2022-06-30,BATMAN,10003,KALKINMA VE YATIRIM,SubeSayisi,Yurtiçi Şube Sayısı,,0.0,derived_zero_function_group_identity,SEKTOR = MEVDUAT + KATILIM + KALKINMA_VE_YATIRIM,Published sector total equals the sum of the three non-negative functional-group branch counts with zero residual.,33.0,26.0,,7.0,1,33.0,0.0,True,raw/2022-6_table06.json.gz,84cb2aab54c052d54d6a296b79a84e8d4e06e8d8c138f7d430b9d2905884427e,raw/2022-6_table06_info.json,82be67ef217dab0fd5d63f52b6673d6f806ec280fbf19f58d243dc2a74a3849f,https://www.bddk.org.tr/BultenFinturk/tr/Home/MetaveriPdfIndir?tabloNo=6
2022-06,2022-06-30,BAYBURT,10003,KALKINMA VE YATIRIM,SubeSayisi,Yurtiçi Şube Sayısı,,0.0,derived_zero_function_group_identity,SEKTOR = MEVDUAT + KATILIM + KALKINMA_VE_YATIRIM,Published sector total equals the sum of the three non-negative functional-group branch counts with zero residual.,8.0,8.0,,,2,8.0,0.0,True,raw/2022-6_table06.json.gz,84cb2aab54c052d54d6a296b79a84e8d4e06e8d8c138f7d430b9d2905884427e,raw/2022-6_table06_info.json,82be67ef217dab0fd5d63f52b6673d6f806ec280fbf19f58d243dc2a74a3849f,https://www.bddk.org.tr/BultenFinturk/tr/Home/MetaveriPdfIndir?tabloNo=6
2022-06,2022-06-30,BAYBURT,10004,KATILIM,SubeSayisi,Yurtiçi Şube Sayısı,,0.0,derived_zero_function_group_identity,SEKTOR = MEVDUAT + KATILIM + KALKINMA_VE_YATIRIM,Published sector total equals the sum of the three non-negative functional-group branch counts with zero residual.,8.0,8.0,,,2,8.0,0.0,True,raw/2022-6_table06.json.gz,84cb2aab54c052d54d6a296b79a84e8d4e06e8d8c138f7d430b9d2905884427e,raw/2022-6_table06_info.json,82be67ef217dab0fd5d63f52b6673d6f806ec280fbf19f58d243dc2a74a3849f,https://www.bddk.org.tr/BultenFinturk/tr/Home/MetaveriPdfIndir?tabloNo=6
2022-06,2022-06-30,BOLU,10003,KALKINMA VE YATIRIM,SubeSayisi,Yurtiçi Şube Sayısı,,0.0,derived_zero_function_group_identity,SEKTOR = MEVDUAT + KATILIM + KALKINMA_VE_YATIRIM,Published sector total equals the sum of the three non-negative functional-group branch counts with zero residual.,40.0,35.0,,5.0,1,40.0,0.0,True,raw/2022-6_table06.json.gz,84cb2aab54c052d54d6a296b79a84e8d4e06e8d8c138f7d430b9d2905884427e,raw/2022-6_table06_info.json,82be67ef217dab0fd5d63f52b6673d6f806ec280fbf19f58d243dc2a74a3849f,https://www.bddk.org.tr/BultenFinturk/tr/Home/MetaveriPdfIndir?tabloNo=6
2022-06,2022-06-30,BURDUR,10003,KALKINMA VE YATIRIM,SubeSayisi,Yurtiçi Şube Sayısı,,0.0,derived_zero_function_group_identity,SEKTOR = MEVDUAT + KATILIM + KALKINMA_VE_YATIRIM,Published sector total equals the sum of the three non-negative functional-group branch counts with zero residual.,38.0,36.0,,2.0,1,38.0,0.0,True,raw/2022-6_table06.json.gz,84cb2aab54c052d54d6a296b79a84e8d4e06e8d8c138f7d430b9d2905884427e,raw/2022-6_table06_info.json,82be67ef217dab0fd5d63f52b6673d6f806ec280fbf19f58d243dc2a74a3849f,https://www.bddk.org.tr/BultenFinturk/tr/Home/MetaveriPdfIndir?tabloNo=6
2022-06,2022-06-30,BİLECİK,10003,KALKINMA VE YATIRIM,SubeSayisi,Yurtiçi Şube Sayısı,,0.0,derived_zero_function_group_identity,SEKTOR = MEVDUAT + KATILIM + KALKINMA_VE_YATIRIM,Published sector total equals the sum of the three non-negative functional-group branch counts with zero residual.,30.0,29.0,,1.0,1,30.0,0.0,True,raw/2022-6_table06.json.gz,84cb2aab54c052d54d6a296b79a84e8d4e06e8d8c138f7d430b9d2905884427e,raw/2022-6_table06_info.json,82be67ef217dab0fd5d63f52b6673d6f806ec280fbf19f58d243dc2a74a3849f,https://www.bddk.org.tr/BultenFinturk/tr/Home/MetaveriPdfIndir?tabloNo=6
2022-06,2022-06-30,BİNGÖL,10003,KALKINMA VE YATIRIM,SubeSayisi,Yurtiçi Şube Sayısı,,0.0,derived_zero_function_group_identity,SEKTOR = MEVDUAT + KATILIM + KALKINMA_VE_YATIRIM,Published sector total equals the sum of the three non-negative functional-group branch counts with zero residual.,16.0,14.0,,2.0,1,16.0,0.0,True,raw/2022-6_table06.json.gz,84cb2aab54c052d54d6a296b79a84e8d4e06e8d8c138f7d430b9d2905884427e,raw/2022-6_table06_info.json,82be67ef217dab0fd5d63f52b6673d6f806ec280fbf19f58d243dc2a74a3849f,https://www.bddk.org.tr/BultenFinturk/tr/Home/MetaveriPdfIndir?tabloNo=6
2022-06,2022-06-30,BİTLİS,10003,KALKINMA VE YATIRIM,SubeSayisi,Yurtiçi Şube Sayısı,,0.0,derived_zero_function_group_identity,SEKTOR = MEVDUAT + KATILIM + KALKINMA_VE_YATIRIM,Published sector total equals the sum of the three non-negative functional-group branch counts with zero residual.,21.0,20.0,,1.0,1,21.0,0.0,True,raw/2022-6_table06.json.gz,84cb2aab54c052d54d6a296b79a84e8d4e06e8d8c138f7d430b9d2905884427e,raw/2022-6_table06_info.json,82be67ef217dab0fd5d63f52b6673d6f806ec280fbf19f58d243dc2a74a3849f,https://www.bddk.org.tr/BultenFinturk/tr/Home/MetaveriPdfIndir?tabloNo=6
2022-06,2022-06-30,DÜZCE,10003,KALKINMA VE YATIRIM,SubeSayisi,Yurtiçi Şube Sayısı,,0.0,derived_zero_function_group_identity,SEKTOR = MEVDUAT + KATILIM + KALKINMA_VE_YATIRIM,Published sector total equals the sum of the three non-negative functional-group branch counts with zero residual.,38.0,32.0,,6.0,1,38.0,0.0,True,raw/2022-6_table06.json.gz,84cb2aab54c052d54d6a296b79a84e8d4e06e8d8c138f7d430b9d2905884427e,raw/2022-6_table06_info.json,82be67ef217dab0fd5d63f52b6673d6f806ec280fbf19f58d243dc2a74a3849f,https://www.bddk.org.tr/BultenFinturk/tr/Home/MetaveriPdfIndir?tabloNo=6
2022-06,2022-06-30,EDİRNE,10003,KALKINMA VE YATIRIM,SubeSayisi,Yurtiçi Şube Sayısı,,0.0,derived_zero_function_group_identity,SEKTOR = MEVDUAT + KATILIM + KALKINMA_VE_YATIRIM,Published sector total equals the sum of the three non-negative functional-group branch counts with zero residual.,60.0,57.0,,3.0,1,60.0,0.0,True,raw/2022-6_table06.json.gz,84cb2aab54c052d54d6a296b79a84e8d4e06e8d8c138f7d430b9d2905884427e,raw/2022-6_table06_info.json,82be67ef217dab0fd5d63f52b6673d6f806ec280fbf19f58d243dc2a74a3849f,https://www.bddk.org.tr/BultenFinturk/tr/Home/MetaveriPdfIndir?tabloNo=6
2022-06,2022-06-30,ERZİNCAN,10003,KALKINMA VE YATIRIM,SubeSayisi,Yurtiçi Şube Sayısı,,0.0,derived_zero_function_group_identity,SEKTOR = MEVDUAT + KATILIM + KALKINMA_VE_YATIRIM,Published sector total equals the sum of the three non-negative functional-group branch counts with zero residual.,31.0,26.0,,5.0,1,31.0,0.0,True,raw/2022-6_table06.json.gz,84cb2aab54c052d54d6a296b79a84e8d4e06e8d8c138f7d430b9d2905884427e,raw/2022-6_table06_info.json,82be67ef217dab0fd5d63f52b6673d6f806ec280fbf19f58d243dc2a74a3849f,https://www.bddk.org.tr/BultenFinturk/tr/Home/MetaveriPdfIndir?tabloNo=6
2022-06,2022-06-30,GÜMÜŞHANE,10003,KALKINMA VE YATIRIM,SubeSayisi,Yurtiçi Şube Sayısı,,0.0,derived_zero_function_group_identity,SEKTOR = MEVDUAT + KATILIM + KALKINMA_VE_YATIRIM,Published sector total equals the sum of the three non-negative functional-group branch counts with zero residual.,20.0,19.0,,1.0,1,20.0,0.0,True,raw/2022-6_table06.json.gz,84cb2aab54c052d54d6a296b79a84e8d4e06e8d8c138f7d430b9d2905884427e,raw/2022-6_table06_info.json,82be67ef217dab0fd5d63f52b6673d6f806ec280fbf19f58d243dc2a74a3849f,https://www.bddk.org.tr/BultenFinturk/tr/Home/MetaveriPdfIndir?tabloNo=6
2022-06,2022-06-30,GİRESUN,10003,KALKINMA VE YATIRIM,SubeSayisi,Yurtiçi Şube Sayısı,,0.0,derived_zero_function_group_identity,SEKTOR = MEVDUAT + KATILIM + KALKINMA_VE_YATIRIM,Published sector total equals the sum of the three non-negative functional-group branch counts with zero residual.,55.0,51.0,,4.0,1,55.0,0.0,True,raw/2022-6_table06.json.gz,84cb2aab54c052d54d6a296b79a84e8d4e06e8d8c138f7d430b9d2905884427e,raw/2022-6_table06_info.json,82be67ef217dab0fd5d63f52b6673d6f806ec280fbf19f58d243dc2a74a3849f,https://www.bddk.org.tr/BultenFinturk/tr/Home/MetaveriPdfIndir?tabloNo=6
2022-06,2022-06-30,HAKKARİ,10003,KALKINMA VE YATIRIM,SubeSayisi,Yurtiçi Şube Sayısı,,0.0,derived_zero_function_group_identity,SEKTOR = MEVDUAT + KATILIM + KALKINMA_VE_YATIRIM,Published sector total equals the sum of the three non-negative functional-group branch counts with zero residual.,17.0,17.0,,,2,17.0,0.0,True,raw/2022-6_table06.json.gz,84cb2aab54c052d54d6a296b79a84e8d4e06e8d8c138f7d430b9d2905884427e,raw/2022-6_table06_info.json,82be67ef217dab0fd5d63f52b6673d6f806ec280fbf19f58d243dc2a74a3849f,https://www.bddk.org.tr/BultenFinturk/tr/Home/MetaveriPdfIndir?tabloNo=6
2022-06,2022-06-30,HAKKARİ,10004,KATILIM,SubeSayisi,Yurtiçi Şube Sayısı,,0.0,derived_zero_function_group_identity,SEKTOR = MEVDUAT + KATILIM + KALKINMA_VE_YATIRIM,Published sector total equals the sum of the three non-negative functional-group branch counts with zero residual.,17.0,17.0,,,2,17.0,0.0,True,raw/2022-6_table06.json.gz,84cb2aab54c052d54d6a296b79a84e8d4e06e8d8c138f7d430b9d2905884427e,raw/2022-6_table06_info.json,82be67ef217dab0fd5d63f52b6673d6f806ec280fbf19f58d243dc2a74a3849f,https://www.bddk.org.tr/BultenFinturk/tr/Home/MetaveriPdfIndir?tabloNo=6
2022-06,2022-06-30,ISPARTA,10003,KALKINMA VE YATIRIM,SubeSayisi,Yurtiçi Şube Sayısı,,0.0,derived_zero_function_group_identity,SEKTOR = MEVDUAT + KATILIM + KALKINMA_VE_YATIRIM,Published sector total equals the sum of the three non-negative functional-group branch counts with zero residual.,56.0,49.0,,7.0,1,56.0,0.0,True,raw/2022-6_table06.json.gz,84cb2aab54c052d54d6a296b79a84e8d4e06e8d8c138f7d430b9d2905884427e,raw/2022-6_table06_info.json,82be67ef217dab0fd5d63f52b6673d6f806ec280fbf19f58d243dc2a74a3849f,https://www.bddk.org.tr/BultenFinturk/tr/Home/MetaveriPdfIndir?tabloNo=6
2022-06,2022-06-30,IĞDIR,10003,KALKINMA VE YATIRIM,SubeSayisi,Yurtiçi Şube Sayısı,,0.0,derived_zero_function_group_identity,SEKTOR = MEVDUAT + KATILIM + KALKINMA_VE_YATIRIM,Published sector total equals the sum of the three non-negative functional-group branch counts with zero residual.,16.0,15.0,,1.0,1,16.0,0.0,True,raw/2022-6_table06.json.gz,84cb2aab54c052d54d6a296b79a84e8d4e06e8d8c138f7d430b9d2905884427e,raw/2022-6_table06_info.json,82be67ef217dab0fd5d63f52b6673d6f806ec280fbf19f58d243dc2a74a3849f,https://www.bddk.org.tr/BultenFinturk/tr/Home/MetaveriPdfIndir?tabloNo=6
2022-06,2022-06-30,KARABÜK,10003,KALKINMA VE YATIRIM,SubeSayisi,Yurtiçi Şube Sayısı,,0.0,derived_zero_function_group_identity,SEKTOR = MEVDUAT + KATILIM + KALKINMA_VE_YATIRIM,Published sector total equals the sum of the three non-negative functional-group branch counts with zero residual.,29.0,26.0,,3.0,1,29.0,0.0,True,raw/2022-6_table06.json.gz,84cb2aab54c052d54d6a296b79a84e8d4e06e8d8c138f7d430b9d2905884427e,raw/2022-6_table06_info.json,82be67ef217dab0fd5d63f52b6673d6f806ec280fbf19f58d243dc2a74a3849f,https://www.bddk.org.tr/BultenFinturk/tr/Home/MetaveriPdfIndir?tabloNo=6
2022-06,2022-06-30,KARAMAN,10003,KALKINMA VE YATIRIM,SubeSayisi,Yurtiçi Şube Sayısı,,0.0,derived_zero_function_group_identity,SEKTOR = MEVDUAT + KATILIM + KALKINMA_VE_YATIRIM,Published sector total equals the sum of the three non-negative functional-group branch counts with zero residual.,27.0,22.0,,5.0,1,27.0,0.0,True,raw/2022-6_table06.json.gz,84cb2aab54c052d54d6a296b79a84e8d4e06e8d8c138f7d430b9d2905884427e,raw/2022-6_table06_info.json,82be67ef217dab0fd5d63f52b6673d6f806ec280fbf19f58d243dc2a74a3849f,https://www.bddk.org.tr/BultenFinturk/tr/Home/MetaveriPdfIndir?tabloNo=6
2022-06,2022-06-30,KARS,10003,KALKINMA VE YATIRIM,SubeSayisi,Yurtiçi Şube Sayısı,,0.0,derived_zero_function_group_identity,SEKTOR = MEVDUAT + KATILIM + KALKINMA_VE_YATIRIM,Published sector total equals the sum of the three non-negative functional-group branch counts with zero residual.,29.0,27.0,,2.0,1,29.0,0.0,True,raw/2022-6_table06.json.gz,84cb2aab54c052d54d6a296b79a84e8d4e06e8d8c138f7d430b9d2905884427e,raw/2022-6_table06_info.json,82be67ef217dab0fd5d63f52b6673d6f806ec280fbf19f58d243dc2a74a3849f,https://www.bddk.org.tr/BultenFinturk/tr/Home/MetaveriPdfIndir?tabloNo=6
2022-06,2022-06-30,KIRIKKALE,10003,KALKINMA VE YATIRIM,SubeSayisi,Yurtiçi Şube Sayısı,,0.0,derived_zero_function_group_identity,SEKTOR = MEVDUAT + KATILIM + KALKINMA_VE_YATIRIM,Published sector total equals the sum of the three non-negative functional-group branch counts with zero residual.,27.0,25.0,,2.0,1,27.0,0.0,True,raw/2022-6_table06.json.gz,84cb2aab54c052d54d6a296b79a84e8d4e06e8d8c138f7d430b9d2905884427e,raw/2022-6_table06_info.json,82be67ef217dab0fd5d63f52b6673d6f806ec280fbf19f58d243dc2a74a3849f,https://www.bddk.org.tr/BultenFinturk/tr/Home/MetaveriPdfIndir?tabloNo=6
2022-06,2022-06-30,KIRKLARELİ,10003,KALKINMA VE YATIRIM,SubeSayisi,Yurtiçi Şube Sayısı,,0.0,derived_zero_function_group_identity,SEKTOR = MEVDUAT + KATILIM + KALKINMA_VE_YATIRIM,Published sector total equals the sum of the three non-negative functional-group branch counts with zero residual.,50.0,49.0,,1.0,1,50.0,0.0,True,raw/2022-6_table06.json.gz,84cb2aab54c052d54d6a296b79a84e8d4e06e8d8c138f7d430b9d2905884427e,raw/2022-6_table06_info.json,82be67ef217dab0fd5d63f52b6673d6f806ec280fbf19f58d243dc2a74a3849f,https://www.bddk.org.tr/BultenFinturk/tr/Home/MetaveriPdfIndir?tabloNo=6
2022-06,2022-06-30,KIRŞEHİR,10003,KALKINMA VE YATIRIM,SubeSayisi,Yurtiçi Şube Sayısı,,0.0,derived_zero_function_group_identity,SEKTOR = MEVDUAT + KATILIM + KALKINMA_VE_YATIRIM,Published sector total equals the sum of the three non-negative functional-group branch counts with zero residual.,28.0,26.0,,2.0,1,28.0,0.0,True,raw/2022-6_table06.json.gz,84cb2aab54c052d54d6a296b79a84e8d4e06e8d8c138f7d430b9d2905884427e,raw/2022-6_table06_info.json,82be67ef217dab0fd5d63f52b6673d6f806ec280fbf19f58d243dc2a74a3849f,https://www.bddk.org.tr/BultenFinturk/tr/Home/MetaveriPdfIndir?tabloNo=6
2022-06,2022-06-30,KÜTAHYA,10003,KALKINMA VE YATIRIM,SubeSayisi,Yurtiçi Şube Sayısı,,0.0,derived_zero_function_group_identity,SEKTOR = MEVDUAT + KATILIM + KALKINMA_VE_YATIRIM,Published sector total equals the sum of the three non-negative functional-group branch counts with zero residual.,57.0,50.0,,7.0,1,57.0,0.0,True,raw/2022-6_table06.json.gz,84cb2aab54c052d54d6a296b79a84e8d4e06e8d8c138f7d430b9d2905884427e,raw/2022-6_table06_info.json,82be67ef217dab0fd5d63f52b6673d6f806ec280fbf19f58d243dc2a74a3849f,https://www.bddk.org.tr/BultenFinturk/tr/Home/MetaveriPdfIndir?tabloNo=6
2022-06,2022-06-30,KİLİS,10003,KALKINMA VE YATIRIM,SubeSayisi,Yurtiçi Şube Sayısı,,0.0,derived_zero_function_group_identity,SEKTOR = MEVDUAT + KATILIM + KALKINMA_VE_YATIRIM,Published sector total equals the sum of the three non-negative functional-group branch counts with zero residual.,10.0,9.0,,1.0,1,10.0,0.0,True,raw/2022-6_table06.json.gz,84cb2aab54c052d54d6a296b79a84e8d4e06e8d8c138f7d430b9d2905884427e,raw/2022-6_table06_info.json,82be67ef217dab0fd5d63f52b6673d6f806ec280fbf19f58d243dc2a74a3849f,https://www.bddk.org.tr/BultenFinturk/tr/Home/MetaveriPdfIndir?tabloNo=6
2022-06,2022-06-30,MALATYA,10003,KALKINMA VE YATIRIM,SubeSayisi,Yurtiçi Şube Sayısı,,0.0,derived_zero_function_group_identity,SEKTOR = MEVDUAT + KATILIM + KALKINMA_VE_YATIRIM,Published sector total equals the sum of the three non-negative functional-group branch counts with zero residual.,66.0,57.0,,9.0,1,66.0,0.0,True,raw/2022-6_table06.json.gz,84cb2aab54c052d54d6a296b79a84e8d4e06e8d8c138f7d430b9d2905884427e,raw/2022-6_table06_info.json,82be67ef217dab0fd5d63f52b6673d6f806ec280fbf19f58d243dc2a74a3849f,https://www.bddk.org.tr/BultenFinturk/tr/Home/MetaveriPdfIndir?tabloNo=6
2022-06,2022-06-30,MARDİN,10003,KALKINMA VE YATIRIM,SubeSayisi,Yurtiçi Şube Sayısı,,0.0,derived_zero_function_group_identity,SEKTOR = MEVDUAT + KATILIM + KALKINMA_VE_YATIRIM,Published sector total equals the sum of the three non-negative functional-group branch counts with zero residual.,49.0,44.0,,5.0,1,49.0,0.0,True,raw/2022-6_table06.json.gz,84cb2aab54c052d54d6a296b79a84e8d4e06e8d8c138f7d430b9d2905884427e,raw/2022-6_table06_info.json,82be67ef217dab0fd5d63f52b6673d6f806ec280fbf19f58d243dc2a74a3849f,https://www.bddk.org.tr/BultenFinturk/tr/Home/MetaveriPdfIndir?tabloNo=6
2022-06,2022-06-30,MUŞ,10003,KALKINMA VE YATIRIM,SubeSayisi,Yurtiçi Şube Sayısı,,0.0,derived_zero_function_group_identity,SEKTOR = MEVDUAT + KATILIM + KALKINMA_VE_YATIRIM,Published sector total equals the sum of the three non-negative functional-group branch counts with zero residual.,21.0,19.0,,2.0,1,21.0,0.0,True,raw/2022-6_table06.json.gz,84cb2aab54c052d54d6a296b79a84e8d4e06e8d8c138f7d430b9d2905884427e,raw/2022-6_table06_info.json,82be67ef217dab0fd5d63f52b6673d6f806ec280fbf19f58d243dc2a74a3849f,https://www.bddk.org.tr/BultenFinturk/tr/Home/MetaveriPdfIndir?tabloNo=6
2022-06,2022-06-30,NEVŞEHİR,10003,KALKINMA VE YATIRIM,SubeSayisi,Yurtiçi Şube Sayısı,,0.0,derived_zero_function_group_identity,SEKTOR = MEVDUAT + KATILIM + KALKINMA_VE_YATIRIM,Published sector total equals the sum of the three non-negative functional-group branch counts with zero residual.,41.0,36.0,,5.0,1,41.0,0.0,True,raw/2022-6_table06.json.gz,84cb2aab54c052d54d6a296b79a84e8d4e06e8d8c138f7d430b9d2905884427e,raw/2022-6_table06_info.json,82be67ef217dab0fd5d63f52b6673d6f806ec280fbf19f58d243dc2a74a3849f,https://www.bddk.org.tr/BultenFinturk/tr/Home/MetaveriPdfIndir?tabloNo=6
2022-06,2022-06-30,NİĞDE,10003,KALKINMA VE YATIRIM,SubeSayisi,Yurtiçi Şube Sayısı,,0.0,derived_zero_function_group_identity,SEKTOR = MEVDUAT + KATILIM + KALKINMA_VE_YATIRIM,Published sector total equals the sum of the three non-negative functional-group branch counts with zero residual.,26.0,24.0,,2.0,1,26.0,0.0,True,raw/2022-6_table06.json.gz,84cb2aab54c052d54d6a296b79a84e8d4e06e8d8c138f7d430b9d2905884427e,raw/2022-6_table06_info.json,82be67ef217dab0fd5d63f52b6673d6f806ec280fbf19f58d243dc2a74a3849f,https://www.bddk.org.tr/BultenFinturk/tr/Home/MetaveriPdfIndir?tabloNo=6
2022-06,2022-06-30,ORDU,10003,KALKINMA VE YATIRIM,SubeSayisi,Yurtiçi Şube Sayısı,,0.0,derived_zero_function_group_identity,SEKTOR = MEVDUAT + KATILIM + KALKINMA_VE_YATIRIM,Published sector total equals the sum of the three non-negative functional-group branch counts with zero residual.,74.0,67.0,,7.0,1,74.0,0.0,True,raw/2022-6_table06.json.gz,84cb2aab54c052d54d6a296b79a84e8d4e06e8d8c138f7d430b9d2905884427e,raw/2022-6_table06_info.json,82be67ef217dab0fd5d63f52b6673d6f806ec280fbf19f58d243dc2a74a3849f,https://www.bddk.org.tr/BultenFinturk/tr/Home/MetaveriPdfIndir?tabloNo=6
2022-06,2022-06-30,OSMANİYE,10003,KALKINMA VE YATIRIM,SubeSayisi,Yurtiçi Şube Sayısı,,0.0,derived_zero_function_group_identity,SEKTOR = MEVDUAT + KATILIM + KALKINMA_VE_YATIRIM,Published sector total equals the sum of the three non-negative functional-group branch counts with zero residual.,39.0,34.0,,5.0,1,39.0,0.0,True,raw/2022-6_table06.json.gz,84cb2aab54c052d54d6a296b79a84e8d4e06e8d8c138f7d430b9d2905884427e,raw/2022-6_table06_info.json,82be67ef217dab0fd5d63f52b6673d6f806ec280fbf19f58d243dc2a74a3849f,https://www.bddk.org.tr/BultenFinturk/tr/Home/MetaveriPdfIndir?tabloNo=6
2022-06,2022-06-30,RİZE,10003,KALKINMA VE YATIRIM,SubeSayisi,Yurtiçi Şube Sayısı,,0.0,derived_zero_function_group_identity,SEKTOR = MEVDUAT + KATILIM + KALKINMA_VE_YATIRIM,Published sector total equals the sum of the three non-negative functional-group branch counts with zero residual.,50.0,44.0,,6.0,1,50.0,0.0,True,raw/2022-6_table06.json.gz,84cb2aab54c052d54d6a296b79a84e8d4e06e8d8c138f7d430b9d2905884427e,raw/2022-6_table06_info.json,82be67ef217dab0fd5d63f52b6673d6f806ec280fbf19f58d243dc2a74a3849f,https://www.bddk.org.tr/BultenFinturk/tr/Home/MetaveriPdfIndir?tabloNo=6
2022-06,2022-06-30,SAKARYA,10003,KALKINMA VE YATIRIM,SubeSayisi,Yurtiçi Şube Sayısı,,0.0,derived_zero_function_group_identity,SEKTOR = MEVDUAT + KATILIM + KALKINMA_VE_YATIRIM,Published sector total equals the sum of the three non-negative functional-group branch counts with zero residual.,120.0,108.0,,12.0,1,120.0,0.0,True,raw/2022-6_table06.json.gz,84cb2aab54c052d54d6a296b79a84e8d4e06e8d8c138f7d430b9d2905884427e,raw/2022-6_table06_info.json,82be67ef217dab0fd5d63f52b6673d6f806ec280fbf19f58d243dc2a74a3849f,https://www.bddk.org.tr/BultenFinturk/tr/Home/MetaveriPdfIndir?tabloNo=6
2022-06,2022-06-30,SİNOP,10003,KALKINMA VE YATIRIM,SubeSayisi,Yurtiçi Şube Sayısı,,0.0,derived_zero_function_group_identity,SEKTOR = MEVDUAT + KATILIM + KALKINMA_VE_YATIRIM,Published sector total equals the sum of the three non-negative functional-group branch counts with zero residual.,30.0,30.0,,,2,30.0,0.0,True,raw/2022-6_table06.json.gz,84cb2aab54c052d54d6a296b79a84e8d4e06e8d8c138f7d430b9d2905884427e,raw/2022-6_table06_info.json,82be67ef217dab0fd5d63f52b6673d6f806ec280fbf19f58d243dc2a74a3849f,https://www.bddk.org.tr/BultenFinturk/tr/Home/MetaveriPdfIndir?tabloNo=6
2022-06,2022-06-30,SİNOP,10004,KATILIM,SubeSayisi,Yurtiçi Şube Sayısı,,0.0,derived_zero_function_group_identity,SEKTOR = MEVDUAT + KATILIM + KALKINMA_VE_YATIRIM,Published sector total equals the sum of the three non-negative functional-group branch counts with zero residual.,30.0,30.0,,,2,30.0,0.0,True,raw/2022-6_table06.json.gz,84cb2aab54c052d54d6a296b79a84e8d4e06e8d8c138f7d430b9d2905884427e,raw/2022-6_table06_info.json,82be67ef217dab0fd5d63f52b6673d6f806ec280fbf19f58d243dc2a74a3849f,https://www.bddk.org.tr/BultenFinturk/tr/Home/MetaveriPdfIndir?tabloNo=6
2022-06,2022-06-30,SİİRT,10003,KALKINMA VE YATIRIM,SubeSayisi,Yurtiçi Şube Sayısı,,0.0,derived_zero_function_group_identity,SEKTOR = MEVDUAT + KATILIM + KALKINMA_VE_YATIRIM,Published sector total equals the sum of the three non-negative functional-group branch counts with zero residual.,22.0,17.0,,5.0,1,22.0,0.0,True,raw/2022-6_table06.json.gz,84cb2aab54c052d54d6a296b79a84e8d4e06e8d8c138f7d430b9d2905884427e,raw/2022-6_table06_info.json,82be67ef217dab0fd5d63f52b6673d6f806ec280fbf19f58d243dc2a74a3849f,https://www.bddk.org.tr/BultenFinturk/tr/Home/MetaveriPdfIndir?tabloNo=6
2022-06,2022-06-30,TOKAT,10003,KALKINMA VE YATIRIM,SubeSayisi,Yurtiçi Şube Sayısı,,0.0,derived_zero_function_group_identity,SEKTOR = MEVDUAT + KATILIM + KALKINMA_VE_YATIRIM,Published sector total equals the sum of the three non-negative functional-group branch counts with zero residual.,58.0,53.0,,5.0,1,58.0,0.0,True,raw/2022-6_table06.json.gz,84cb2aab54c052d54d6a296b79a84e8d4e06e8d8c138f7d430b9d2905884427e,raw/2022-6_table06_info.json,82be67ef217dab0fd5d63f52b6673d6f806ec280fbf19f58d243dc2a74a3849f,https://www.bddk.org.tr/BultenFinturk/tr/Home/MetaveriPdfIndir?tabloNo=6
2022-06,2022-06-30,TUNCELİ,10003,KALKINMA VE YATIRIM,SubeSayisi,Yurtiçi Şube Sayısı,,0.0,derived_zero_function_group_identity,SEKTOR = MEVDUAT + KATILIM + KALKINMA_VE_YATIRIM,Published sector total equals the sum of the three non-negative functional-group branch counts with zero residual.,13.0,13.0,,,2,13.0,0.0,True,raw/2022-6_table06.json.gz,84cb2aab54c052d54d6a296b79a84e8d4e06e8d8c138f7d430b9d2905884427e,raw/2022-6_table06_info.json,82be67ef217dab0fd5d63f52b6673d6f806ec280fbf19f58d243dc2a74a3849f,https://www.bddk.org.tr/BultenFinturk/tr/Home/MetaveriPdfIndir?tabloNo=6
2022-06,2022-06-30,TUNCELİ,10004,KATILIM,SubeSayisi,Yurtiçi Şube Sayısı,,0.0,derived_zero_function_group_identity,SEKTOR = MEVDUAT + KATILIM + KALKINMA_VE_YATIRIM,Published sector total equals the sum of the three non-negative functional-group branch counts with zero residual.,13.0,13.0,,,2,13.0,0.0,True,raw/2022-6_table06.json.gz,84cb2aab54c052d54d6a296b79a84e8d4e06e8d8c138f7d430b9d2905884427e,raw/2022-6_table06_info.json,82be67ef217dab0fd5d63f52b6673d6f806ec280fbf19f58d243dc2a74a3849f,https://www.bddk.org.tr/BultenFinturk/tr/Home/MetaveriPdfIndir?tabloNo=6
2022-06,2022-06-30,UŞAK,10003,KALKINMA VE YATIRIM,SubeSayisi,Yurtiçi Şube Sayısı,,0.0,derived_zero_function_group_identity,SEKTOR = MEVDUAT + KATILIM + KALKINMA_VE_YATIRIM,Published sector total equals the sum of the three non-negative functional-group branch counts with zero residual.,44.0,40.0,,4.0,1,44.0,0.0,True,raw/2022-6_table06.json.gz,84cb2aab54c052d54d6a296b79a84e8d4e06e8d8c138f7d430b9d2905884427e,raw/2022-6_table06_info.json,82be67ef217dab0fd5d63f52b6673d6f806ec280fbf19f58d243dc2a74a3849f,https://www.bddk.org.tr/BultenFinturk/tr/Home/MetaveriPdfIndir?tabloNo=6
2022-06,2022-06-30,YALOVA,10003,KALKINMA VE YATIRIM,SubeSayisi,Yurtiçi Şube Sayısı,,0.0,derived_zero_function_group_identity,SEKTOR = MEVDUAT + KATILIM + KALKINMA_VE_YATIRIM,Published sector total equals the sum of the three non-negative functional-group branch counts with zero residual.,30.0,24.0,,6.0,1,30.0,0.0,True,raw/2022-6_table06.json.gz,84cb2aab54c052d54d6a296b79a84e8d4e06e8d8c138f7d430b9d2905884427e,raw/2022-6_table06_info.json,82be67ef217dab0fd5d63f52b6673d6f806ec280fbf19f58d243dc2a74a3849f,https://www.bddk.org.tr/BultenFinturk/tr/Home/MetaveriPdfIndir?tabloNo=6
2022-06,2022-06-30,YOZGAT,10003,KALKINMA VE YATIRIM,SubeSayisi,Yurtiçi Şube Sayısı,,0.0,derived_zero_function_group_identity,SEKTOR = MEVDUAT + KATILIM + KALKINMA_VE_YATIRIM,Published sector total equals the sum of the three non-negative functional-group branch counts with zero residual.,52.0,50.0,,2.0,1,52.0,0.0,True,raw/2022-6_table06.json.gz,84cb2aab54c052d54d6a296b79a84e8d4e06e8d8c138f7d430b9d2905884427e,raw/2022-6_table06_info.json,82be67ef217dab0fd5d63f52b6673d6f806ec280fbf19f58d243dc2a74a3849f,https://www.bddk.org.tr/BultenFinturk/tr/Home/MetaveriPdfIndir?tabloNo=6
2022-06,2022-06-30,ZONGULDAK,10003,KALKINMA VE YATIRIM,SubeSayisi,Yurtiçi Şube Sayısı,,0.0,derived_zero_function_group_identity,SEKTOR = MEVDUAT + KATILIM + KALKINMA_VE_YATIRIM,Published sector total equals the sum of the three non-negative functional-group branch counts with zero residual.,65.0,61.0,,4.0,1,65.0,0.0,True,raw/2022-6_table06.json.gz,84cb2aab54c052d54d6a296b79a84e8d4e06e8d8c138f7d430b9d2905884427e,raw/2022-6_table06_info.json,82be67ef217dab0fd5d63f52b6673d6f806ec280fbf19f58d243dc2a74a3849f,https://www.bddk.org.tr/BultenFinturk/tr/Home/MetaveriPdfIndir?tabloNo=6
2022-06,2022-06-30,ÇANAKKALE,10003,KALKINMA VE YATIRIM,SubeSayisi,Yurtiçi Şube Sayısı,,0.0,derived_zero_function_group_identity,SEKTOR = MEVDUAT + KATILIM + KALKINMA_VE_YATIRIM,Published sector total equals the sum of the three non-negative functional-group branch counts with zero residual.,79.0,74.0,,5.0,1,79.0,0.0,True,raw/2022-6_table06.json.gz,84cb2aab54c052d54d6a296b79a84e8d4e06e8d8c138f7d430b9d2905884427e,raw/2022-6_table06_info.json,82be67ef217dab0fd5d63f52b6673d6f806ec280fbf19f58d243dc2a74a3849f,https://www.bddk.org.tr/BultenFinturk/tr/Home/MetaveriPdfIndir?tabloNo=6
2022-06,2022-06-30,ÇANKIRI,10003,KALKINMA VE YATIRIM,SubeSayisi,Yurtiçi Şube Sayısı,,0.0,derived_zero_function_group_identity,SEKTOR = MEVDUAT + KATILIM + KALKINMA_VE_YATIRIM,Published sector total equals the sum of the three non-negative functional-group branch counts with zero residual.,32.0,30.0,,2.0,1,32.0,0.0,True,raw/2022-6_table06.json.gz,84cb2aab54c052d54d6a296b79a84e8d4e06e8d8c138f7d430b9d2905884427e,raw/2022-6_table06_info.json,82be67ef217dab0fd5d63f52b6673d6f806ec280fbf19f58d243dc2a74a3849f,https://www.bddk.org.tr/BultenFinturk/tr/Home/MetaveriPdfIndir?tabloNo=6
2022-06,2022-06-30,ÇORUM,10003,KALKINMA VE YATIRIM,SubeSayisi,Yurtiçi Şube Sayısı,,0.0,derived_zero_function_group_identity,SEKTOR = MEVDUAT + KATILIM + KALKINMA_VE_YATIRIM,Published sector total equals the sum of the three non-negative functional-group branch counts with zero residual.,65.0,59.0,,6.0,1,65.0,0.0,True,raw/2022-6_table06.json.gz,84cb2aab54c052d54d6a296b79a84e8d4e06e8d8c138f7d430b9d2905884427e,raw/2022-6_table06_info.json,82be67ef217dab0fd5d63f52b6673d6f806ec280fbf19f58d243dc2a74a3849f,https://www.bddk.org.tr/BultenFinturk/tr/Home/MetaveriPdfIndir?tabloNo=6
2022-06,2022-06-30,ŞANLIURFA,10003,KALKINMA VE YATIRIM,SubeSayisi,Yurtiçi Şube Sayısı,,0.0,derived_zero_function_group_identity,SEKTOR = MEVDUAT + KATILIM + KALKINMA_VE_YATIRIM,Published sector total equals the sum of the three non-negative functional-group branch counts with zero residual.,92.0,79.0,,13.0,1,92.0,0.0,True,raw/2022-6_table06.json.gz,84cb2aab54c052d54d6a296b79a84e8d4e06e8d8c138f7d430b9d2905884427e,raw/2022-6_table06_info.json,82be67ef217dab0fd5d63f52b6673d6f806ec280fbf19f58d243dc2a74a3849f,https://www.bddk.org.tr/BultenFinturk/tr/Home/MetaveriPdfIndir?tabloNo=6
2022-06,2022-06-30,ŞIRNAK,10003,KALKINMA VE YATIRIM,SubeSayisi,Yurtiçi Şube Sayısı,,0.0,derived_zero_function_group_identity,SEKTOR = MEVDUAT + KATILIM + KALKINMA_VE_YATIRIM,Published sector total equals the sum of the three non-negative functional-group branch counts with zero residual.,22.0,21.0,,1.0,1,22.0,0.0,True,raw/2022-6_table06.json.gz,84cb2aab54c052d54d6a296b79a84e8d4e06e8d8c138f7d430b9d2905884427e,raw/2022-6_table06_info.json,82be67ef217dab0fd5d63f52b6673d6f806ec280fbf19f58d243dc2a74a3849f,https://www.bddk.org.tr/BultenFinturk/tr/Home/MetaveriPdfIndir?tabloNo=6
2022-09,2022-09-30,ADIYAMAN,10003,KALKINMA VE YATIRIM,SubeSayisi,Yurtiçi Şube Sayısı,,0.0,derived_zero_function_group_identity,SEKTOR = MEVDUAT + KATILIM + KALKINMA_VE_YATIRIM,Published sector total equals the sum of the three non-negative functional-group branch counts with zero residual.,43.0,38.0,,5.0,1,43.0,0.0,True,raw/2022-9_table06.json.gz,d39116a80bd2de1daeccef445ced44d0d63166d4632ede5016c6927d93e823cb,raw/2022-9_table06_info.json,f30216234f6383cd954135659ec29c296c6db41f7faba95a6420cff0733d6a3d,https://www.bddk.org.tr/BultenFinturk/tr/Home/MetaveriPdfIndir?tabloNo=6
2022-09,2022-09-30,AFYONKARAHİSAR,10003,KALKINMA VE YATIRIM,SubeSayisi,Yurtiçi Şube Sayısı,,0.0,derived_zero_function_group_identity,SEKTOR = MEVDUAT + KATILIM + KALKINMA_VE_YATIRIM,Published sector total equals the sum of the three non-negative functional-group branch counts with zero residual.,92.0,85.0,,7.0,1,92.0,0.0,True,raw/2022-9_table06.json.gz,d39116a80bd2de1daeccef445ced44d0d63166d4632ede5016c6927d93e823cb,raw/2022-9_table06_info.json,f30216234f6383cd954135659ec29c296c6db41f7faba95a6420cff0733d6a3d,https://www.bddk.org.tr/BultenFinturk/tr/Home/MetaveriPdfIndir?tabloNo=6
2022-09,2022-09-30,AKSARAY,10003,KALKINMA VE YATIRIM,SubeSayisi,Yurtiçi Şube Sayısı,,0.0,derived_zero_function_group_identity,SEKTOR = MEVDUAT + KATILIM + KALKINMA_VE_YATIRIM,Published sector total equals the sum of the three non-negative functional-group branch counts with zero residual.,38.0,31.0,,7.0,1,38.0,0.0,True,raw/2022-9_table06.json.gz,d39116a80bd2de1daeccef445ced44d0d63166d4632ede5016c6927d93e823cb,raw/2022-9_table06_info.json,f30216234f6383cd954135659ec29c296c6db41f7faba95a6420cff0733d6a3d,https://www.bddk.org.tr/BultenFinturk/tr/Home/MetaveriPdfIndir?tabloNo=6
2022-09,2022-09-30,AMASYA,10003,KALKINMA VE YATIRIM,SubeSayisi,Yurtiçi Şube Sayısı,,0.0,derived_zero_function_group_identity,SEKTOR = MEVDUAT + KATILIM + KALKINMA_VE_YATIRIM,Published sector total equals the sum of the three non-negative functional-group branch counts with zero residual.,40.0,37.0,,3.0,1,40.0,0.0,True,raw/2022-9_table06.json.gz,d39116a80bd2de1daeccef445ced44d0d63166d4632ede5016c6927d93e823cb,raw/2022-9_table06_info.json,f30216234f6383cd954135659ec29c296c6db41f7faba95a6420cff0733d6a3d,https://www.bddk.org.tr/BultenFinturk/tr/Home/MetaveriPdfIndir?tabloNo=6
2022-09,2022-09-30,ARDAHAN,10003,KALKINMA VE YATIRIM,SubeSayisi,Yurtiçi Şube Sayısı,,0.0,derived_zero_function_group_identity,SEKTOR = MEVDUAT + KATILIM + KALKINMA_VE_YATIRIM,Published sector total equals the sum of the three non-negative functional-group branch counts with zero residual.,13.0,13.0,,,2,13.0,0.0,True,raw/2022-9_table06.json.gz,d39116a80bd2de1daeccef445ced44d0d63166d4632ede5016c6927d93e823cb,raw/2022-9_table06_info.json,f30216234f6383cd954135659ec29c296c6db41f7faba95a6420cff0733d6a3d,https://www.bddk.org.tr/BultenFinturk/tr/Home/MetaveriPdfIndir?tabloNo=6
2022-09,2022-09-30,ARDAHAN,10004,KATILIM,SubeSayisi,Yurtiçi Şube Sayısı,,0.0,derived_zero_function_group_identity,SEKTOR = MEVDUAT + KATILIM + KALKINMA_VE_YATIRIM,Published sector total equals the sum of the three non-negative functional-group branch counts with zero residual.,13.0,13.0,,,2,13.0,0.0,True,raw/2022-9_table06.json.gz,d39116a80bd2de1daeccef445ced44d0d63166d4632ede5016c6927d93e823cb,raw/2022-9_table06_info.json,f30216234f6383cd954135659ec29c296c6db41f7faba95a6420cff0733d6a3d,https://www.bddk.org.tr/BultenFinturk/tr/Home/MetaveriPdfIndir?tabloNo=6
2022-09,2022-09-30,ARTVİN,10003,KALKINMA VE YATIRIM,SubeSayisi,Yurtiçi Şube Sayısı,,0.0,derived_zero_function_group_identity,SEKTOR = MEVDUAT + KATILIM + KALKINMA_VE_YATIRIM,Published sector total equals the sum of the three non-negative functional-group branch counts with zero residual.,33.0,33.0,,,2,33.0,0.0,True,raw/2022-9_table06.json.gz,d39116a80bd2de1daeccef445ced44d0d63166d4632ede5016c6927d93e823cb,raw/2022-9_table06_info.json,f30216234f6383cd954135659ec29c296c6db41f7faba95a6420cff0733d6a3d,https://www.bddk.org.tr/BultenFinturk/tr/Home/MetaveriPdfIndir?tabloNo=6
2022-09,2022-09-30,ARTVİN,10004,KATILIM,SubeSayisi,Yurtiçi Şube Sayısı,,0.0,derived_zero_function_group_identity,SEKTOR = MEVDUAT + KATILIM + KALKINMA_VE_YATIRIM,Published sector total equals the sum of the three non-negative functional-group branch counts with zero residual.,33.0,33.0,,,2,33.0,0.0,True,raw/2022-9_table06.json.gz,d39116a80bd2de1daeccef445ced44d0d63166d4632ede5016c6927d93e823cb,raw/2022-9_table06_info.json,f30216234f6383cd954135659ec29c296c6db41f7faba95a6420cff0733d6a3d,https://www.bddk.org.tr/BultenFinturk/tr/Home/MetaveriPdfIndir?tabloNo=6
2022-09,2022-09-30,AYDIN,10003,KALKINMA VE YATIRIM,SubeSayisi,Yurtiçi Şube Sayısı,,0.0,derived_zero_function_group_identity,SEKTOR = MEVDUAT + KATILIM + KALKINMA_VE_YATIRIM,Published sector total equals the sum of the three non-negative functional-group branch counts with zero residual.,157.0,146.0,,11.0,1,157.0,0.0,True,raw/2022-9_table06.json.gz,d39116a80bd2de1daeccef445ced44d0d63166d4632ede5016c6927d93e823cb,raw/2022-9_table06_info.json,f30216234f6383cd954135659ec29c296c6db41f7faba95a6420cff0733d6a3d,https://www.bddk.org.tr/BultenFinturk/tr/Home/MetaveriPdfIndir?tabloNo=6
2022-09,2022-09-30,AĞRI,10003,KALKINMA VE YATIRIM,SubeSayisi,Yurtiçi Şube Sayısı,,0.0,derived_zero_function_group_identity,SEKTOR = MEVDUAT + KATILIM + KALKINMA_VE_YATIRIM,Published sector total equals the sum of the three non-negative functional-group branch counts with zero residual.,28.0,26.0,,2.0,1,28.0,0.0,True,raw/2022-9_table06.json.gz,d39116a80bd2de1daeccef445ced44d0d63166d4632ede5016c6927d93e823cb,raw/2022-9_table06_info.json,f30216234f6383cd954135659ec29c296c6db41f7faba95a6420cff0733d6a3d,https://www.bddk.org.tr/BultenFinturk/tr/Home/MetaveriPdfIndir?tabloNo=6
2022-09,2022-09-30,BALIKESİR,10003,KALKINMA VE YATIRIM,SubeSayisi,Yurtiçi Şube Sayısı,,0.0,derived_zero_function_group_identity,SEKTOR = MEVDUAT + KATILIM + KALKINMA_VE_YATIRIM,Published sector total equals the sum of the three non-negative functional-group branch counts with zero residual.,156.0,144.0,,12.0,1,156.0,0.0,True,raw/2022-9_table06.json.gz,d39116a80bd2de1daeccef445ced44d0d63166d4632ede5016c6927d93e823cb,raw/2022-9_table06_info.json,f30216234f6383cd954135659ec29c296c6db41f7faba95a6420cff0733d6a3d,https://www.bddk.org.tr/BultenFinturk/tr/Home/MetaveriPdfIndir?tabloNo=6
2022-09,2022-09-30,BARTIN,10003,KALKINMA VE YATIRIM,SubeSayisi,Yurtiçi Şube Sayısı,,0.0,derived_zero_function_group_identity,SEKTOR = MEVDUAT + KATILIM + KALKINMA_VE_YATIRIM,Published sector total equals the sum of the three non-negative functional-group branch counts with zero residual.,22.0,20.0,,2.0,1,22.0,0.0,True,raw/2022-9_table06.json.gz,d39116a80bd2de1daeccef445ced44d0d63166d4632ede5016c6927d93e823cb,raw/2022-9_table06_info.json,f30216234f6383cd954135659ec29c296c6db41f7faba95a6420cff0733d6a3d,https://www.bddk.org.tr/BultenFinturk/tr/Home/MetaveriPdfIndir?tabloNo=6
2022-09,2022-09-30,BATMAN,10003,KALKINMA VE YATIRIM,SubeSayisi,Yurtiçi Şube Sayısı,,0.0,derived_zero_function_group_identity,SEKTOR = MEVDUAT + KATILIM + KALKINMA_VE_YATIRIM,Published sector total equals the sum of the three non-negative functional-group branch counts with zero residual.,33.0,26.0,,7.0,1,33.0,0.0,True,raw/2022-9_table06.json.gz,d39116a80bd2de1daeccef445ced44d0d63166d4632ede5016c6927d93e823cb,raw/2022-9_table06_info.json,f30216234f6383cd954135659ec29c296c6db41f7faba95a6420cff0733d6a3d,https://www.bddk.org.tr/BultenFinturk/tr/Home/MetaveriPdfIndir?tabloNo=6
2022-09,2022-09-30,BAYBURT,10003,KALKINMA VE YATIRIM,SubeSayisi,Yurtiçi Şube Sayısı,,0.0,derived_zero_function_group_identity,SEKTOR = MEVDUAT + KATILIM + KALKINMA_VE_YATIRIM,Published sector total equals the sum of the three non-negative functional-group branch counts with zero residual.,8.0,8.0,,,2,8.0,0.0,True,raw/2022-9_table06.json.gz,d39116a80bd2de1daeccef445ced44d0d63166d4632ede5016c6927d93e823cb,raw/2022-9_table06_info.json,f30216234f6383cd954135659ec29c296c6db41f7faba95a6420cff0733d6a3d,https://www.bddk.org.tr/BultenFinturk/tr/Home/MetaveriPdfIndir?tabloNo=6
2022-09,2022-09-30,BAYBURT,10004,KATILIM,SubeSayisi,Yurtiçi Şube Sayısı,,0.0,derived_zero_function_group_identity,SEKTOR = MEVDUAT + KATILIM + KALKINMA_VE_YATIRIM,Published sector total equals the sum of the three non-negative functional-group branch counts with zero residual.,8.0,8.0,,,2,8.0,0.0,True,raw/2022-9_table06.json.gz,d39116a80bd2de1daeccef445ced44d0d63166d4632ede5016c6927d93e823cb,raw/2022-9_table06_info.json,f30216234f6383cd954135659ec29c296c6db41f7faba95a6420cff0733d6a3d,https://www.bddk.org.tr/BultenFinturk/tr/Home/MetaveriPdfIndir?tabloNo=6
2022-09,2022-09-30,BOLU,10003,KALKINMA VE YATIRIM,SubeSayisi,Yurtiçi Şube Sayısı,,0.0,derived_zero_function_group_identity,SEKTOR = MEVDUAT + KATILIM + KALKINMA_VE_YATIRIM,Published sector total equals the sum of the three non-negative functional-group branch counts with zero residual.,40.0,35.0,,5.0,1,40.0,0.0,True,raw/2022-9_table06.json.gz,d39116a80bd2de1daeccef445ced44d0d63166d4632ede5016c6927d93e823cb,raw/2022-9_table06_info.json,f30216234f6383cd954135659ec29c296c6db41f7faba95a6420cff0733d6a3d,https://www.bddk.org.tr/BultenFinturk/tr/Home/MetaveriPdfIndir?tabloNo=6
2022-09,2022-09-30,BURDUR,10003,KALKINMA VE YATIRIM,SubeSayisi,Yurtiçi Şube Sayısı,,0.0,derived_zero_function_group_identity,SEKTOR = MEVDUAT + KATILIM + KALKINMA_VE_YATIRIM,Published sector total equals the sum of the three non-negative functional-group branch counts with zero residual.,37.0,35.0,,2.0,1,37.0,0.0,True,raw/2022-9_table06.json.gz,d39116a80bd2de1daeccef445ced44d0d63166d4632ede5016c6927d93e823cb,raw/2022-9_table06_info.json,f30216234f6383cd954135659ec29c296c6db41f7faba95a6420cff0733d6a3d,https://www.bddk.org.tr/BultenFinturk/tr/Home/MetaveriPdfIndir?tabloNo=6
2022-09,2022-09-30,BİLECİK,10003,KALKINMA VE YATIRIM,SubeSayisi,Yurtiçi Şube Sayısı,,0.0,derived_zero_function_group_identity,SEKTOR = MEVDUAT + KATILIM + KALKINMA_VE_YATIRIM,Published sector total equals the sum of the three non-negative functional-group branch counts with zero residual.,30.0,29.0,,1.0,1,30.0,0.0,True,raw/2022-9_table06.json.gz,d39116a80bd2de1daeccef445ced44d0d63166d4632ede5016c6927d93e823cb,raw/2022-9_table06_info.json,f30216234f6383cd954135659ec29c296c6db41f7faba95a6420cff0733d6a3d,https://www.bddk.org.tr/BultenFinturk/tr/Home/MetaveriPdfIndir?tabloNo=6
2022-09,2022-09-30,BİNGÖL,10003,KALKINMA VE YATIRIM,SubeSayisi,Yurtiçi Şube Sayısı,,0.0,derived_zero_function_group_identity,SEKTOR = MEVDUAT + KATILIM + KALKINMA_VE_YATIRIM,Published sector total equals the sum of the three non-negative functional-group branch counts with zero residual.,16.0,14.0,,2.0,1,16.0,0.0,True,raw/2022-9_table06.json.gz,d39116a80bd2de1daeccef445ced44d0d63166d4632ede5016c6927d93e823cb,raw/2022-9_table06_info.json,f30216234f6383cd954135659ec29c296c6db41f7faba95a6420cff0733d6a3d,https://www.bddk.org.tr/BultenFinturk/tr/Home/MetaveriPdfIndir?tabloNo=6
2022-09,2022-09-30,BİTLİS,10003,KALKINMA VE YATIRIM,SubeSayisi,Yurtiçi Şube Sayısı,,0.0,derived_zero_function_group_identity,SEKTOR = MEVDUAT + KATILIM + KALKINMA_VE_YATIRIM,Published sector total equals the sum of the three non-negative functional-group branch counts with zero residual.,22.0,21.0,,1.0,1,22.0,0.0,True,raw/2022-9_table06.json.gz,d39116a80bd2de1daeccef445ced44d0d63166d4632ede5016c6927d93e823cb,raw/2022-9_table06_info.json,f30216234f6383cd954135659ec29c296c6db41f7faba95a6420cff0733d6a3d,https://www.bddk.org.tr/BultenFinturk/tr/Home/MetaveriPdfIndir?tabloNo=6
2022-09,2022-09-30,DÜZCE,10003,KALKINMA VE YATIRIM,SubeSayisi,Yurtiçi Şube Sayısı,,0.0,derived_zero_function_group_identity,SEKTOR = MEVDUAT + KATILIM + KALKINMA_VE_YATIRIM,Published sector total equals the sum of the three non-negative functional-group branch counts with zero residual.,37.0,31.0,,6.0,1,37.0,0.0,True,raw/2022-9_table06.json.gz,d39116a80bd2de1daeccef445ced44d0d63166d4632ede5016c6927d93e823cb,raw/2022-9_table06_info.json,f30216234f6383cd954135659ec29c296c6db41f7faba95a6420cff0733d6a3d,https://www.bddk.org.tr/BultenFinturk/tr/Home/MetaveriPdfIndir?tabloNo=6
2022-09,2022-09-30,EDİRNE,10003,KALKINMA VE YATIRIM,SubeSayisi,Yurtiçi Şube Sayısı,,0.0,derived_zero_function_group_identity,SEKTOR = MEVDUAT + KATILIM + KALKINMA_VE_YATIRIM,Published sector total equals the sum of the three non-negative functional-group branch counts with zero residual.,58.0,55.0,,3.0,1,58.0,0.0,True,raw/2022-9_table06.json.gz,d39116a80bd2de1daeccef445ced44d0d63166d4632ede5016c6927d93e823cb,raw/2022-9_table06_info.json,f30216234f6383cd954135659ec29c296c6db41f7faba95a6420cff0733d6a3d,https://www.bddk.org.tr/BultenFinturk/tr/Home/MetaveriPdfIndir?tabloNo=6
2022-09,2022-09-30,ERZİNCAN,10003,KALKINMA VE YATIRIM,SubeSayisi,Yurtiçi Şube Sayısı,,0.0,derived_zero_function_group_identity,SEKTOR = MEVDUAT + KATILIM + KALKINMA_VE_YATIRIM,Published sector total equals the sum of the three non-negative functional-group branch counts with zero residual.,30.0,25.0,,5.0,1,30.0,0.0,True,raw/2022-9_table06.json.gz,d39116a80bd2de1daeccef445ced44d0d63166d4632ede5016c6927d93e823cb,raw/2022-9_table06_info.json,f30216234f6383cd954135659ec29c296c6db41f7faba95a6420cff0733d6a3d,https://www.bddk.org.tr/BultenFinturk/tr/Home/MetaveriPdfIndir?tabloNo=6
2022-09,2022-09-30,GÜMÜŞHANE,10003,KALKINMA VE YATIRIM,SubeSayisi,Yurtiçi Şube Sayısı,,0.0,derived_zero_function_group_identity,SEKTOR = MEVDUAT + KATILIM + KALKINMA_VE_YATIRIM,Published sector total equals the sum of the three non-negative functional-group branch counts with zero residual.,20.0,19.0,,1.0,1,20.0,0.0,True,raw/2022-9_table06.json.gz,d39116a80bd2de1daeccef445ced44d0d63166d4632ede5016c6927d93e823cb,raw/2022-9_table06_info.json,f30216234f6383cd954135659ec29c296c6db41f7faba95a6420cff0733d6a3d,https://www.bddk.org.tr/BultenFinturk/tr/Home/MetaveriPdfIndir?tabloNo=6
2022-09,2022-09-30,GİRESUN,10003,KALKINMA VE YATIRIM,SubeSayisi,Yurtiçi Şube Sayısı,,0.0,derived_zero_function_group_identity,SEKTOR = MEVDUAT + KATILIM + KALKINMA_VE_YATIRIM,Published sector total equals the sum of the three non-negative functional-group branch counts with zero residual.,55.0,51.0,,4.0,1,55.0,0.0,True,raw/2022-9_table06.json.gz,d39116a80bd2de1daeccef445ced44d0d63166d4632ede5016c6927d93e823cb,raw/2022-9_table06_info.json,f30216234f6383cd954135659ec29c296c6db41f7faba95a6420cff0733d6a3d,https://www.bddk.org.tr/BultenFinturk/tr/Home/MetaveriPdfIndir?tabloNo=6
2022-09,2022-09-30,HAKKARİ,10003,KALKINMA VE YATIRIM,SubeSayisi,Yurtiçi Şube Sayısı,,0.0,derived_zero_function_group_identity,SEKTOR = MEVDUAT + KATILIM + KALKINMA_VE_YATIRIM,Published sector total equals the sum of the three non-negative functional-group branch counts with zero residual.,17.0,17.0,,,2,17.0,0.0,True,raw/2022-9_table06.json.gz,d39116a80bd2de1daeccef445ced44d0d63166d4632ede5016c6927d93e823cb,raw/2022-9_table06_info.json,f30216234f6383cd954135659ec29c296c6db41f7faba95a6420cff0733d6a3d,https://www.bddk.org.tr/BultenFinturk/tr/Home/MetaveriPdfIndir?tabloNo=6
2022-09,2022-09-30,HAKKARİ,10004,KATILIM,SubeSayisi,Yurtiçi Şube Sayısı,,0.0,derived_zero_function_group_identity,SEKTOR = MEVDUAT + KATILIM + KALKINMA_VE_YATIRIM,Published sector total equals the sum of the three non-negative functional-group branch counts with zero residual.,17.0,17.0,,,2,17.0,0.0,True,raw/2022-9_table06.json.gz,d39116a80bd2de1daeccef445ced44d0d63166d4632ede5016c6927d93e823cb,raw/2022-9_table06_info.json,f30216234f6383cd954135659ec29c296c6db41f7faba95a6420cff0733d6a3d,https://www.bddk.org.tr/BultenFinturk/tr/Home/MetaveriPdfIndir?tabloNo=6
2022-09,2022-09-30,ISPARTA,10003,KALKINMA VE YATIRIM,SubeSayisi,Yurtiçi Şube Sayısı,,0.0,derived_zero_function_group_identity,SEKTOR = MEVDUAT + KATILIM + KALKINMA_VE_YATIRIM,Published sector total equals the sum of the three non-negative functional-group branch counts with zero residual.,56.0,49.0,,7.0,1,56.0,0.0,True,raw/2022-9_table06.json.gz,d39116a80bd2de1daeccef445ced44d0d63166d4632ede5016c6927d93e823cb,raw/2022-9_table06_info.json,f30216234f6383cd954135659ec29c296c6db41f7faba95a6420cff0733d6a3d,https://www.bddk.org.tr/BultenFinturk/tr/Home/MetaveriPdfIndir?tabloNo=6
2022-09,2022-09-30,IĞDIR,10003,KALKINMA VE YATIRIM,SubeSayisi,Yurtiçi Şube Sayısı,,0.0,derived_zero_function_group_identity,SEKTOR = MEVDUAT + KATILIM + KALKINMA_VE_YATIRIM,Published sector total equals the sum of the three non-negative functional-group branch counts with zero residual.,16.0,15.0,,1.0,1,16.0,0.0,True,raw/2022-9_table06.json.gz,d39116a80bd2de1daeccef445ced44d0d63166d4632ede5016c6927d93e823cb,raw/2022-9_table06_info.json,f30216234f6383cd954135659ec29c296c6db41f7faba95a6420cff0733d6a3d,https://www.bddk.org.tr/BultenFinturk/tr/Home/MetaveriPdfIndir?tabloNo=6
2022-09,2022-09-30,KARABÜK,10003,KALKINMA VE YATIRIM,SubeSayisi,Yurtiçi Şube Sayısı,,0.0,derived_zero_function_group_identity,SEKTOR = MEVDUAT + KATILIM + KALKINMA_VE_YATIRIM,Published sector total equals the sum of the three non-negative functional-group branch counts with zero residual.,29.0,26.0,,3.0,1,29.0,0.0,True,raw/2022-9_table06.json.gz,d39116a80bd2de1daeccef445ced44d0d63166d4632ede5016c6927d93e823cb,raw/2022-9_table06_info.json,f30216234f6383cd954135659ec29c296c6db41f7faba95a6420cff0733d6a3d,https://www.bddk.org.tr/BultenFinturk/tr/Home/MetaveriPdfIndir?tabloNo=6
2022-09,2022-09-30,KARAMAN,10003,KALKINMA VE YATIRIM,SubeSayisi,Yurtiçi Şube Sayısı,,0.0,derived_zero_function_group_identity,SEKTOR = MEVDUAT + KATILIM + KALKINMA_VE_YATIRIM,Published sector total equals the sum of the three non-negative functional-group branch counts with zero residual.,26.0,21.0,,5.0,1,26.0,0.0,True,raw/2022-9_table06.json.gz,d39116a80bd2de1daeccef445ced44d0d63166d4632ede5016c6927d93e823cb,raw/2022-9_table06_info.json,f30216234f6383cd954135659ec29c296c6db41f7faba95a6420cff0733d6a3d,https://www.bddk.org.tr/BultenFinturk/tr/Home/MetaveriPdfIndir?tabloNo=6
2022-09,2022-09-30,KARS,10003,KALKINMA VE YATIRIM,SubeSayisi,Yurtiçi Şube Sayısı,,0.0,derived_zero_function_group_identity,SEKTOR = MEVDUAT + KATILIM + KALKINMA_VE_YATIRIM,Published sector total equals the sum of the three non-negative functional-group branch counts with zero residual.,27.0,25.0,,2.0,1,27.0,0.0,True,raw/2022-9_table06.json.gz,d39116a80bd2de1daeccef445ced44d0d63166d4632ede5016c6927d93e823cb,raw/2022-9_table06_info.json,f30216234f6383cd954135659ec29c296c6db41f7faba95a6420cff0733d6a3d,https://www.bddk.org.tr/BultenFinturk/tr/Home/MetaveriPdfIndir?tabloNo=6
2022-09,2022-09-30,KIRIKKALE,10003,KALKINMA VE YATIRIM,SubeSayisi,Yurtiçi Şube Sayısı,,0.0,derived_zero_function_group_identity,SEKTOR = MEVDUAT + KATILIM + KALKINMA_VE_YATIRIM,Published sector total equals the sum of the three non-negative functional-group branch counts with zero residual.,26.0,24.0,,2.0,1,26.0,0.0,True,raw/2022-9_table06.json.gz,d39116a80bd2de1daeccef445ced44d0d63166d4632ede5016c6927d93e823cb,raw/2022-9_table06_info.json,f30216234f6383cd954135659ec29c296c6db41f7faba95a6420cff0733d6a3d,https://www.bddk.org.tr/BultenFinturk/tr/Home/MetaveriPdfIndir?tabloNo=6
2022-09,2022-09-30,KIRKLARELİ,10003,KALKINMA VE YATIRIM,SubeSayisi,Yurtiçi Şube Sayısı,,0.0,derived_zero_function_group_identity,SEKTOR = MEVDUAT + KATILIM + KALKINMA_VE_YATIRIM,Published sector total equals the sum of the three non-negative functional-group branch counts with zero residual.,50.0,49.0,,1.0,1,50.0,0.0,True,raw/2022-9_table06.json.gz,d39116a80bd2de1daeccef445ced44d0d63166d4632ede5016c6927d93e823cb,raw/2022-9_table06_info.json,f30216234f6383cd954135659ec29c296c6db41f7faba95a6420cff0733d6a3d,https://www.bddk.org.tr/BultenFinturk/tr/Home/MetaveriPdfIndir?tabloNo=6
2022-09,2022-09-30,KIRŞEHİR,10003,KALKINMA VE YATIRIM,SubeSayisi,Yurtiçi Şube Sayısı,,0.0,derived_zero_function_group_identity,SEKTOR = MEVDUAT + KATILIM + KALKINMA_VE_YATIRIM,Published sector total equals the sum of the three non-negative functional-group branch counts with zero residual.,28.0,26.0,,2.0,1,28.0,0.0,True,raw/2022-9_table06.json.gz,d39116a80bd2de1daeccef445ced44d0d63166d4632ede5016c6927d93e823cb,raw/2022-9_table06_info.json,f30216234f6383cd954135659ec29c296c6db41f7faba95a6420cff0733d6a3d,https://www.bddk.org.tr/BultenFinturk/tr/Home/MetaveriPdfIndir?tabloNo=6
2022-09,2022-09-30,KÜTAHYA,10003,KALKINMA VE YATIRIM,SubeSayisi,Yurtiçi Şube Sayısı,,0.0,derived_zero_function_group_identity,SEKTOR = MEVDUAT + KATILIM + KALKINMA_VE_YATIRIM,Published sector total equals the sum of the three non-negative functional-group branch counts with zero residual.,56.0,49.0,,7.0,1,56.0,0.0,True,raw/2022-9_table06.json.gz,d39116a80bd2de1daeccef445ced44d0d63166d4632ede5016c6927d93e823cb,raw/2022-9_table06_info.json,f30216234f6383cd954135659ec29c296c6db41f7faba95a6420cff0733d6a3d,https://www.bddk.org.tr/BultenFinturk/tr/Home/MetaveriPdfIndir?tabloNo=6
2022-09,2022-09-30,KİLİS,10003,KALKINMA VE YATIRIM,SubeSayisi,Yurtiçi Şube Sayısı,,0.0,derived_zero_function_group_identity,SEKTOR = MEVDUAT + KATILIM + KALKINMA_VE_YATIRIM,Published sector total equals the sum of the three non-negative functional-group branch counts with zero residual.,10.0,9.0,,1.0,1,10.0,0.0,True,raw/2022-9_table06.json.gz,d39116a80bd2de1daeccef445ced44d0d63166d4632ede5016c6927d93e823cb,raw/2022-9_table06_info.json,f30216234f6383cd954135659ec29c296c6db41f7faba95a6420cff0733d6a3d,https://www.bddk.org.tr/BultenFinturk/tr/Home/MetaveriPdfIndir?tabloNo=6
2022-09,2022-09-30,MALATYA,10003,KALKINMA VE YATIRIM,SubeSayisi,Yurtiçi Şube Sayısı,,0.0,derived_zero_function_group_identity,SEKTOR = MEVDUAT + KATILIM + KALKINMA_VE_YATIRIM,Published sector total equals the sum of the three non-negative functional-group branch counts with zero residual.,67.0,58.0,,9.0,1,67.0,0.0,True,raw/2022-9_table06.json.gz,d39116a80bd2de1daeccef445ced44d0d63166d4632ede5016c6927d93e823cb,raw/2022-9_table06_info.json,f30216234f6383cd954135659ec29c296c6db41f7faba95a6420cff0733d6a3d,https://www.bddk.org.tr/BultenFinturk/tr/Home/MetaveriPdfIndir?tabloNo=6
2022-09,2022-09-30,MARDİN,10003,KALKINMA VE YATIRIM,SubeSayisi,Yurtiçi Şube Sayısı,,0.0,derived_zero_function_group_identity,SEKTOR = MEVDUAT + KATILIM + KALKINMA_VE_YATIRIM,Published sector total equals the sum of the three non-negative functional-group branch counts with zero residual.,49.0,44.0,,5.0,1,49.0,0.0,True,raw/2022-9_table06.json.gz,d39116a80bd2de1daeccef445ced44d0d63166d4632ede5016c6927d93e823cb,raw/2022-9_table06_info.json,f30216234f6383cd954135659ec29c296c6db41f7faba95a6420cff0733d6a3d,https://www.bddk.org.tr/BultenFinturk/tr/Home/MetaveriPdfIndir?tabloNo=6
2022-09,2022-09-30,MUŞ,10003,KALKINMA VE YATIRIM,SubeSayisi,Yurtiçi Şube Sayısı,,0.0,derived_zero_function_group_identity,SEKTOR = MEVDUAT + KATILIM + KALKINMA_VE_YATIRIM,Published sector total equals the sum of the three non-negative functional-group branch counts with zero residual.,19.0,17.0,,2.0,1,19.0,0.0,True,raw/2022-9_table06.json.gz,d39116a80bd2de1daeccef445ced44d0d63166d4632ede5016c6927d93e823cb,raw/2022-9_table06_info.json,f30216234f6383cd954135659ec29c296c6db41f7faba95a6420cff0733d6a3d,https://www.bddk.org.tr/BultenFinturk/tr/Home/MetaveriPdfIndir?tabloNo=6
2022-09,2022-09-30,NEVŞEHİR,10003,KALKINMA VE YATIRIM,SubeSayisi,Yurtiçi Şube Sayısı,,0.0,derived_zero_function_group_identity,SEKTOR = MEVDUAT + KATILIM + KALKINMA_VE_YATIRIM,Published sector total equals the sum of the three non-negative functional-group branch counts with zero residual.,41.0,36.0,,5.0,1,41.0,0.0,True,raw/2022-9_table06.json.gz,d39116a80bd2de1daeccef445ced44d0d63166d4632ede5016c6927d93e823cb,raw/2022-9_table06_info.json,f30216234f6383cd954135659ec29c296c6db41f7faba95a6420cff0733d6a3d,https://www.bddk.org.tr/BultenFinturk/tr/Home/MetaveriPdfIndir?tabloNo=6
2022-09,2022-09-30,NİĞDE,10003,KALKINMA VE YATIRIM,SubeSayisi,Yurtiçi Şube Sayısı,,0.0,derived_zero_function_group_identity,SEKTOR = MEVDUAT + KATILIM + KALKINMA_VE_YATIRIM,Published sector total equals the sum of the three non-negative functional-group branch counts with zero residual.,27.0,24.0,,3.0,1,27.0,0.0,True,raw/2022-9_table06.json.gz,d39116a80bd2de1daeccef445ced44d0d63166d4632ede5016c6927d93e823cb,raw/2022-9_table06_info.json,f30216234f6383cd954135659ec29c296c6db41f7faba95a6420cff0733d6a3d,https://www.bddk.org.tr/BultenFinturk/tr/Home/MetaveriPdfIndir?tabloNo=6
2022-09,2022-09-30,ORDU,10003,KALKINMA VE YATIRIM,SubeSayisi,Yurtiçi Şube Sayısı,,0.0,derived_zero_function_group_identity,SEKTOR = MEVDUAT + KATILIM + KALKINMA_VE_YATIRIM,Published sector total equals the sum of the three non-negative functional-group branch counts with zero residual.,74.0,67.0,,7.0,1,74.0,0.0,True,raw/2022-9_table06.json.gz,d39116a80bd2de1daeccef445ced44d0d63166d4632ede5016c6927d93e823cb,raw/2022-9_table06_info.json,f30216234f6383cd954135659ec29c296c6db41f7faba95a6420cff0733d6a3d,https://www.bddk.org.tr/BultenFinturk/tr/Home/MetaveriPdfIndir?tabloNo=6
2022-09,2022-09-30,OSMANİYE,10003,KALKINMA VE YATIRIM,SubeSayisi,Yurtiçi Şube Sayısı,,0.0,derived_zero_function_group_identity,SEKTOR = MEVDUAT + KATILIM + KALKINMA_VE_YATIRIM,Published sector total equals the sum of the three non-negative functional-group branch counts with zero residual.,39.0,34.0,,5.0,1,39.0,0.0,True,raw/2022-9_table06.json.gz,d39116a80bd2de1daeccef445ced44d0d63166d4632ede5016c6927d93e823cb,raw/2022-9_table06_info.json,f30216234f6383cd954135659ec29c296c6db41f7faba95a6420cff0733d6a3d,https://www.bddk.org.tr/BultenFinturk/tr/Home/MetaveriPdfIndir?tabloNo=6
2022-09,2022-09-30,RİZE,10003,KALKINMA VE YATIRIM,SubeSayisi,Yurtiçi Şube Sayısı,,0.0,derived_zero_function_group_identity,SEKTOR = MEVDUAT + KATILIM + KALKINMA_VE_YATIRIM,Published sector total equals the sum of the three non-negative functional-group branch counts with zero residual.,50.0,44.0,,6.0,1,50.0,0.0,True,raw/2022-9_table06.json.gz,d39116a80bd2de1daeccef445ced44d0d63166d4632ede5016c6927d93e823cb,raw/2022-9_table06_info.json,f30216234f6383cd954135659ec29c296c6db41f7faba95a6420cff0733d6a3d,https://www.bddk.org.tr/BultenFinturk/tr/Home/MetaveriPdfIndir?tabloNo=6
2022-09,2022-09-30,SAKARYA,10003,KALKINMA VE YATIRIM,SubeSayisi,Yurtiçi Şube Sayısı,,0.0,derived_zero_function_group_identity,SEKTOR = MEVDUAT + KATILIM + KALKINMA_VE_YATIRIM,Published sector total equals the sum of the three non-negative functional-group branch counts with zero residual.,121.0,109.0,,12.0,1,121.0,0.0,True,raw/2022-9_table06.json.gz,d39116a80bd2de1daeccef445ced44d0d63166d4632ede5016c6927d93e823cb,raw/2022-9_table06_info.json,f30216234f6383cd954135659ec29c296c6db41f7faba95a6420cff0733d6a3d,https://www.bddk.org.tr/BultenFinturk/tr/Home/MetaveriPdfIndir?tabloNo=6
2022-09,2022-09-30,SİNOP,10003,KALKINMA VE YATIRIM,SubeSayisi,Yurtiçi Şube Sayısı,,0.0,derived_zero_function_group_identity,SEKTOR = MEVDUAT + KATILIM + KALKINMA_VE_YATIRIM,Published sector total equals the sum of the three non-negative functional-group branch counts with zero residual.,30.0,30.0,,,2,30.0,0.0,True,raw/2022-9_table06.json.gz,d39116a80bd2de1daeccef445ced44d0d63166d4632ede5016c6927d93e823cb,raw/2022-9_table06_info.json,f30216234f6383cd954135659ec29c296c6db41f7faba95a6420cff0733d6a3d,https://www.bddk.org.tr/BultenFinturk/tr/Home/MetaveriPdfIndir?tabloNo=6
2022-09,2022-09-30,SİNOP,10004,KATILIM,SubeSayisi,Yurtiçi Şube Sayısı,,0.0,derived_zero_function_group_identity,SEKTOR = MEVDUAT + KATILIM + KALKINMA_VE_YATIRIM,Published sector total equals the sum of the three non-negative functional-group branch counts with zero residual.,30.0,30.0,,,2,30.0,0.0,True,raw/2022-9_table06.json.gz,d39116a80bd2de1daeccef445ced44d0d63166d4632ede5016c6927d93e823cb,raw/2022-9_table06_info.json,f30216234f6383cd954135659ec29c296c6db41f7faba95a6420cff0733d6a3d,https://www.bddk.org.tr/BultenFinturk/tr/Home/MetaveriPdfIndir?tabloNo=6
2022-09,2022-09-30,SİİRT,10003,KALKINMA VE YATIRIM,SubeSayisi,Yurtiçi Şube Sayısı,,0.0,derived_zero_function_group_identity,SEKTOR = MEVDUAT + KATILIM + KALKINMA_VE_YATIRIM,Published sector total equals the sum of the three non-negative functional-group branch counts with zero residual.,22.0,17.0,,5.0,1,22.0,0.0,True,raw/2022-9_table06.json.gz,d39116a80bd2de1daeccef445ced44d0d63166d4632ede5016c6927d93e823cb,raw/2022-9_table06_info.json,f30216234f6383cd954135659ec29c296c6db41f7faba95a6420cff0733d6a3d,https://www.bddk.org.tr/BultenFinturk/tr/Home/MetaveriPdfIndir?tabloNo=6
2022-09,2022-09-30,TOKAT,10003,KALKINMA VE YATIRIM,SubeSayisi,Yurtiçi Şube Sayısı,,0.0,derived_zero_function_group_identity,SEKTOR = MEVDUAT + KATILIM + KALKINMA_VE_YATIRIM,Published sector total equals the sum of the three non-negative functional-group branch counts with zero residual.,58.0,53.0,,5.0,1,58.0,0.0,True,raw/2022-9_table06.json.gz,d39116a80bd2de1daeccef445ced44d0d63166d4632ede5016c6927d93e823cb,raw/2022-9_table06_info.json,f30216234f6383cd954135659ec29c296c6db41f7faba95a6420cff0733d6a3d,https://www.bddk.org.tr/BultenFinturk/tr/Home/MetaveriPdfIndir?tabloNo=6
2022-09,2022-09-30,TUNCELİ,10003,KALKINMA VE YATIRIM,SubeSayisi,Yurtiçi Şube Sayısı,,0.0,derived_zero_function_group_identity,SEKTOR = MEVDUAT + KATILIM + KALKINMA_VE_YATIRIM,Published sector total equals the sum of the three non-negative functional-group branch counts with zero residual.,13.0,13.0,,,2,13.0,0.0,True,raw/2022-9_table06.json.gz,d39116a80bd2de1daeccef445ced44d0d63166d4632ede5016c6927d93e823cb,raw/2022-9_table06_info.json,f30216234f6383cd954135659ec29c296c6db41f7faba95a6420cff0733d6a3d,https://www.bddk.org.tr/BultenFinturk/tr/Home/MetaveriPdfIndir?tabloNo=6
2022-09,2022-09-30,TUNCELİ,10004,KATILIM,SubeSayisi,Yurtiçi Şube Sayısı,,0.0,derived_zero_function_group_identity,SEKTOR = MEVDUAT + KATILIM + KALKINMA_VE_YATIRIM,Published sector total equals the sum of the three non-negative functional-group branch counts with zero residual.,13.0,13.0,,,2,13.0,0.0,True,raw/2022-9_table06.json.gz,d39116a80bd2de1daeccef445ced44d0d63166d4632ede5016c6927d93e823cb,raw/2022-9_table06_info.json,f30216234f6383cd954135659ec29c296c6db41f7faba95a6420cff0733d6a3d,https://www.bddk.org.tr/BultenFinturk/tr/Home/MetaveriPdfIndir?tabloNo=6
2022-09,2022-09-30,UŞAK,10003,KALKINMA VE YATIRIM,SubeSayisi,Yurtiçi Şube Sayısı,,0.0,derived_zero_function_group_identity,SEKTOR = MEVDUAT + KATILIM + KALKINMA_VE_YATIRIM,Published sector total equals the sum of the three non-negative functional-group branch counts with zero residual.,45.0,40.0,,5.0,1,45.0,0.0,True,raw/2022-9_table06.json.gz,d39116a80bd2de1daeccef445ced44d0d63166d4632ede5016c6927d93e823cb,raw/2022-9_table06_info.json,f30216234f6383cd954135659ec29c296c6db41f7faba95a6420cff0733d6a3d,https://www.bddk.org.tr/BultenFinturk/tr/Home/MetaveriPdfIndir?tabloNo=6
2022-09,2022-09-30,YALOVA,10003,KALKINMA VE YATIRIM,SubeSayisi,Yurtiçi Şube Sayısı,,0.0,derived_zero_function_group_identity,SEKTOR = MEVDUAT + KATILIM + KALKINMA_VE_YATIRIM,Published sector total equals the sum of the three non-negative functional-group branch counts with zero residual.,30.0,24.0,,6.0,1,30.0,0.0,True,raw/2022-9_table06.json.gz,d39116a80bd2de1daeccef445ced44d0d63166d4632ede5016c6927d93e823cb,raw/2022-9_table06_info.json,f30216234f6383cd954135659ec29c296c6db41f7faba95a6420cff0733d6a3d,https://www.bddk.org.tr/BultenFinturk/tr/Home/MetaveriPdfIndir?tabloNo=6
2022-09,2022-09-30,YOZGAT,10003,KALKINMA VE YATIRIM,SubeSayisi,Yurtiçi Şube Sayısı,,0.0,derived_zero_function_group_identity,SEKTOR = MEVDUAT + KATILIM + KALKINMA_VE_YATIRIM,Published sector total equals the sum of the three non-negative functional-group branch counts with zero residual.,53.0,50.0,,3.0,1,53.0,0.0,True,raw/2022-9_table06.json.gz,d39116a80bd2de1daeccef445ced44d0d63166d4632ede5016c6927d93e823cb,raw/2022-9_table06_info.json,f30216234f6383cd954135659ec29c296c6db41f7faba95a6420cff0733d6a3d,https://www.bddk.org.tr/BultenFinturk/tr/Home/MetaveriPdfIndir?tabloNo=6
2022-09,2022-09-30,ZONGULDAK,10003,KALKINMA VE YATIRIM,SubeSayisi,Yurtiçi Şube Sayısı,,0.0,derived_zero_function_group_identity,SEKTOR = MEVDUAT + KATILIM + KALKINMA_VE_YATIRIM,Published sector total equals the sum of the three non-negative functional-group branch counts with zero residual.,64.0,60.0,,4.0,1,64.0,0.0,True,raw/2022-9_table06.json.gz,d39116a80bd2de1daeccef445ced44d0d63166d4632ede5016c6927d93e823cb,raw/2022-9_table06_info.json,f30216234f6383cd954135659ec29c296c6db41f7faba95a6420cff0733d6a3d,https://www.bddk.org.tr/BultenFinturk/tr/Home/MetaveriPdfIndir?tabloNo=6
2022-09,2022-09-30,ÇANAKKALE,10003,KALKINMA VE YATIRIM,SubeSayisi,Yurtiçi Şube Sayısı,,0.0,derived_zero_function_group_identity,SEKTOR = MEVDUAT + KATILIM + KALKINMA_VE_YATIRIM,Published sector total equals the sum of the three non-negative functional-group branch counts with zero residual.,79.0,74.0,,5.0,1,79.0,0.0,True,raw/2022-9_table06.json.gz,d39116a80bd2de1daeccef445ced44d0d63166d4632ede5016c6927d93e823cb,raw/2022-9_table06_info.json,f30216234f6383cd954135659ec29c296c6db41f7faba95a6420cff0733d6a3d,https://www.bddk.org.tr/BultenFinturk/tr/Home/MetaveriPdfIndir?tabloNo=6
2022-09,2022-09-30,ÇANKIRI,10003,KALKINMA VE YATIRIM,SubeSayisi,Yurtiçi Şube Sayısı,,0.0,derived_zero_function_group_identity,SEKTOR = MEVDUAT + KATILIM + KALKINMA_VE_YATIRIM,Published sector total equals the sum of the three non-negative functional-group branch counts with zero residual.,32.0,30.0,,2.0,1,32.0,0.0,True,raw/2022-9_table06.json.gz,d39116a80bd2de1daeccef445ced44d0d63166d4632ede5016c6927d93e823cb,raw/2022-9_table06_info.json,f30216234f6383cd954135659ec29c296c6db41f7faba95a6420cff0733d6a3d,https://www.bddk.org.tr/BultenFinturk/tr/Home/MetaveriPdfIndir?tabloNo=6
2022-09,2022-09-30,ÇORUM,10003,KALKINMA VE YATIRIM,SubeSayisi,Yurtiçi Şube Sayısı,,0.0,derived_zero_function_group_identity,SEKTOR = MEVDUAT + KATILIM + KALKINMA_VE_YATIRIM,Published sector total equals the sum of the three non-negative functional-group branch counts with zero residual.,64.0,58.0,,6.0,1,64.0,0.0,True,raw/2022-9_table06.json.gz,d39116a80bd2de1daeccef445ced44d0d63166d4632ede5016c6927d93e823cb,raw/2022-9_table06_info.json,f30216234f6383cd954135659ec29c296c6db41f7faba95a6420cff0733d6a3d,https://www.bddk.org.tr/BultenFinturk/tr/Home/MetaveriPdfIndir?tabloNo=6
2022-09,2022-09-30,ŞANLIURFA,10003,KALKINMA VE YATIRIM,SubeSayisi,Yurtiçi Şube Sayısı,,0.0,derived_zero_function_group_identity,SEKTOR = MEVDUAT + KATILIM + KALKINMA_VE_YATIRIM,Published sector total equals the sum of the three non-negative functional-group branch counts with zero residual.,91.0,78.0,,13.0,1,91.0,0.0,True,raw/2022-9_table06.json.gz,d39116a80bd2de1daeccef445ced44d0d63166d4632ede5016c6927d93e823cb,raw/2022-9_table06_info.json,f30216234f6383cd954135659ec29c296c6db41f7faba95a6420cff0733d6a3d,https://www.bddk.org.tr/BultenFinturk/tr/Home/MetaveriPdfIndir?tabloNo=6
2022-09,2022-09-30,ŞIRNAK,10003,KALKINMA VE YATIRIM,SubeSayisi,Yurtiçi Şube Sayısı,,0.0,derived_zero_function_group_identity,SEKTOR = MEVDUAT + KATILIM + KALKINMA_VE_YATIRIM,Published sector total equals the sum of the three non-negative functional-group branch counts with zero residual.,22.0,21.0,,1.0,1,22.0,0.0,True,raw/2022-9_table06.json.gz,d39116a80bd2de1daeccef445ced44d0d63166d4632ede5016c6927d93e823cb,raw/2022-9_table06_info.json,f30216234f6383cd954135659ec29c296c6db41f7faba95a6420cff0733d6a3d,https://www.bddk.org.tr/BultenFinturk/tr/Home/MetaveriPdfIndir?tabloNo=6
2022-12,2022-12-31,ADIYAMAN,10003,KALKINMA VE YATIRIM,SubeSayisi,Yurtiçi Şube Sayısı,,0.0,derived_zero_function_group_identity,SEKTOR = MEVDUAT + KATILIM + KALKINMA_VE_YATIRIM,Published sector total equals the sum of the three non-negative functional-group branch counts with zero residual.,44.0,39.0,,5.0,1,44.0,0.0,True,raw/2022-12_table06.json.gz,75b70dd28d1a80083c26e5e8641b5b4d180a563fe5e533f1be46d9a7f13f6713,raw/2022-12_table06_info.json,fe9fe3ba7229b2c98cf51de11cbe036db2ba1d0dd9fabb7d1c526149df2166f2,https://www.bddk.org.tr/BultenFinturk/tr/Home/MetaveriPdfIndir?tabloNo=6
2022-12,2022-12-31,AFYONKARAHİSAR,10003,KALKINMA VE YATIRIM,SubeSayisi,Yurtiçi Şube Sayısı,,0.0,derived_zero_function_group_identity,SEKTOR = MEVDUAT + KATILIM + KALKINMA_VE_YATIRIM,Published sector total equals the sum of the three non-negative functional-group branch counts with zero residual.,91.0,84.0,,7.0,1,91.0,0.0,True,raw/2022-12_table06.json.gz,75b70dd28d1a80083c26e5e8641b5b4d180a563fe5e533f1be46d9a7f13f6713,raw/2022-12_table06_info.json,fe9fe3ba7229b2c98cf51de11cbe036db2ba1d0dd9fabb7d1c526149df2166f2,https://www.bddk.org.tr/BultenFinturk/tr/Home/MetaveriPdfIndir?tabloNo=6
2022-12,2022-12-31,AKSARAY,10003,KALKINMA VE YATIRIM,SubeSayisi,Yurtiçi Şube Sayısı,,0.0,derived_zero_function_group_identity,SEKTOR = MEVDUAT + KATILIM + KALKINMA_VE_YATIRIM,Published sector total equals the sum of the three non-negative functional-group branch counts with zero residual.,39.0,32.0,,7.0,1,39.0,0.0,True,raw/2022-12_table06.json.gz,75b70dd28d1a80083c26e5e8641b5b4d180a563fe5e533f1be46d9a7f13f6713,raw/2022-12_table06_info.json,fe9fe3ba7229b2c98cf51de11cbe036db2ba1d0dd9fabb7d1c526149df2166f2,https://www.bddk.org.tr/BultenFinturk/tr/Home/MetaveriPdfIndir?tabloNo=6
2022-12,2022-12-31,AMASYA,10003,KALKINMA VE YATIRIM,SubeSayisi,Yurtiçi Şube Sayısı,,0.0,derived_zero_function_group_identity,SEKTOR = MEVDUAT + KATILIM + KALKINMA_VE_YATIRIM,Published sector total equals the sum of the three non-negative functional-group branch counts with zero residual.,40.0,37.0,,3.0,1,40.0,0.0,True,raw/2022-12_table06.json.gz,75b70dd28d1a80083c26e5e8641b5b4d180a563fe5e533f1be46d9a7f13f6713,raw/2022-12_table06_info.json,fe9fe3ba7229b2c98cf51de11cbe036db2ba1d0dd9fabb7d1c526149df2166f2,https://www.bddk.org.tr/BultenFinturk/tr/Home/MetaveriPdfIndir?tabloNo=6
2022-12,2022-12-31,ARDAHAN,10003,KALKINMA VE YATIRIM,SubeSayisi,Yurtiçi Şube Sayısı,,0.0,derived_zero_function_group_identity,SEKTOR = MEVDUAT + KATILIM + KALKINMA_VE_YATIRIM,Published sector total equals the sum of the three non-negative functional-group branch counts with zero residual.,13.0,13.0,,,2,13.0,0.0,True,raw/2022-12_table06.json.gz,75b70dd28d1a80083c26e5e8641b5b4d180a563fe5e533f1be46d9a7f13f6713,raw/2022-12_table06_info.json,fe9fe3ba7229b2c98cf51de11cbe036db2ba1d0dd9fabb7d1c526149df2166f2,https://www.bddk.org.tr/BultenFinturk/tr/Home/MetaveriPdfIndir?tabloNo=6
2022-12,2022-12-31,ARDAHAN,10004,KATILIM,SubeSayisi,Yurtiçi Şube Sayısı,,0.0,derived_zero_function_group_identity,SEKTOR = MEVDUAT + KATILIM + KALKINMA_VE_YATIRIM,Published sector total equals the sum of the three non-negative functional-group branch counts with zero residual.,13.0,13.0,,,2,13.0,0.0,True,raw/2022-12_table06.json.gz,75b70dd28d1a80083c26e5e8641b5b4d180a563fe5e533f1be46d9a7f13f6713,raw/2022-12_table06_info.json,fe9fe3ba7229b2c98cf51de11cbe036db2ba1d0dd9fabb7d1c526149df2166f2,https://www.bddk.org.tr/BultenFinturk/tr/Home/MetaveriPdfIndir?tabloNo=6
2022-12,2022-12-31,ARTVİN,10003,KALKINMA VE YATIRIM,SubeSayisi,Yurtiçi Şube Sayısı,,0.0,derived_zero_function_group_identity,SEKTOR = MEVDUAT + KATILIM + KALKINMA_VE_YATIRIM,Published sector total equals the sum of the three non-negative functional-group branch counts with zero residual.,32.0,32.0,,,2,32.0,0.0,True,raw/2022-12_table06.json.gz,75b70dd28d1a80083c26e5e8641b5b4d180a563fe5e533f1be46d9a7f13f6713,raw/2022-12_table06_info.json,fe9fe3ba7229b2c98cf51de11cbe036db2ba1d0dd9fabb7d1c526149df2166f2,https://www.bddk.org.tr/BultenFinturk/tr/Home/MetaveriPdfIndir?tabloNo=6
2022-12,2022-12-31,ARTVİN,10004,KATILIM,SubeSayisi,Yurtiçi Şube Sayısı,,0.0,derived_zero_function_group_identity,SEKTOR = MEVDUAT + KATILIM + KALKINMA_VE_YATIRIM,Published sector total equals the sum of the three non-negative functional-group branch counts with zero residual.,32.0,32.0,,,2,32.0,0.0,True,raw/2022-12_table06.json.gz,75b70dd28d1a80083c26e5e8641b5b4d180a563fe5e533f1be46d9a7f13f6713,raw/2022-12_table06_info.json,fe9fe3ba7229b2c98cf51de11cbe036db2ba1d0dd9fabb7d1c526149df2166f2,https://www.bddk.org.tr/BultenFinturk/tr/Home/MetaveriPdfIndir?tabloNo=6
2022-12,2022-12-31,AYDIN,10003,KALKINMA VE YATIRIM,SubeSayisi,Yurtiçi Şube Sayısı,,0.0,derived_zero_function_group_identity,SEKTOR = MEVDUAT + KATILIM + KALKINMA_VE_YATIRIM,Published sector total equals the sum of the three non-negative functional-group branch counts with zero residual.,157.0,146.0,,11.0,1,157.0,0.0,True,raw/2022-12_table06.json.gz,75b70dd28d1a80083c26e5e8641b5b4d180a563fe5e533f1be46d9a7f13f6713,raw/2022-12_table06_info.json,fe9fe3ba7229b2c98cf51de11cbe036db2ba1d0dd9fabb7d1c526149df2166f2,https://www.bddk.org.tr/BultenFinturk/tr/Home/MetaveriPdfIndir?tabloNo=6
2022-12,2022-12-31,AĞRI,10003,KALKINMA VE YATIRIM,SubeSayisi,Yurtiçi Şube Sayısı,,0.0,derived_zero_function_group_identity,SEKTOR = MEVDUAT + KATILIM + KALKINMA_VE_YATIRIM,Published sector total equals the sum of the three non-negative functional-group branch counts with zero residual.,26.0,24.0,,2.0,1,26.0,0.0,True,raw/2022-12_table06.json.gz,75b70dd28d1a80083c26e5e8641b5b4d180a563fe5e533f1be46d9a7f13f6713,raw/2022-12_table06_info.json,fe9fe3ba7229b2c98cf51de11cbe036db2ba1d0dd9fabb7d1c526149df2166f2,https://www.bddk.org.tr/BultenFinturk/tr/Home/MetaveriPdfIndir?tabloNo=6
2022-12,2022-12-31,BALIKESİR,10003,KALKINMA VE YATIRIM,SubeSayisi,Yurtiçi Şube Sayısı,,0.0,derived_zero_function_group_identity,SEKTOR = MEVDUAT + KATILIM + KALKINMA_VE_YATIRIM,Published sector total equals the sum of the three non-negative functional-group branch counts with zero residual.,157.0,145.0,,12.0,1,157.0,0.0,True,raw/2022-12_table06.json.gz,75b70dd28d1a80083c26e5e8641b5b4d180a563fe5e533f1be46d9a7f13f6713,raw/2022-12_table06_info.json,fe9fe3ba7229b2c98cf51de11cbe036db2ba1d0dd9fabb7d1c526149df2166f2,https://www.bddk.org.tr/BultenFinturk/tr/Home/MetaveriPdfIndir?tabloNo=6
2022-12,2022-12-31,BARTIN,10003,KALKINMA VE YATIRIM,SubeSayisi,Yurtiçi Şube Sayısı,,0.0,derived_zero_function_group_identity,SEKTOR = MEVDUAT + KATILIM + KALKINMA_VE_YATIRIM,Published sector total equals the sum of the three non-negative functional-group branch counts with zero residual.,22.0,20.0,,2.0,1,22.0,0.0,True,raw/2022-12_table06.json.gz,75b70dd28d1a80083c26e5e8641b5b4d180a563fe5e533f1be46d9a7f13f6713,raw/2022-12_table06_info.json,fe9fe3ba7229b2c98cf51de11cbe036db2ba1d0dd9fabb7d1c526149df2166f2,https://www.bddk.org.tr/BultenFinturk/tr/Home/MetaveriPdfIndir?tabloNo=6
2022-12,2022-12-31,BATMAN,10003,KALKINMA VE YATIRIM,SubeSayisi,Yurtiçi Şube Sayısı,,0.0,derived_zero_function_group_identity,SEKTOR = MEVDUAT + KATILIM + KALKINMA_VE_YATIRIM,Published sector total equals the sum of the three non-negative functional-group branch counts with zero residual.,32.0,25.0,,7.0,1,32.0,0.0,True,raw/2022-12_table06.json.gz,75b70dd28d1a80083c26e5e8641b5b4d180a563fe5e533f1be46d9a7f13f6713,raw/2022-12_table06_info.json,fe9fe3ba7229b2c98cf51de11cbe036db2ba1d0dd9fabb7d1c526149df2166f2,https://www.bddk.org.tr/BultenFinturk/tr/Home/MetaveriPdfIndir?tabloNo=6
2022-12,2022-12-31,BAYBURT,10003,KALKINMA VE YATIRIM,SubeSayisi,Yurtiçi Şube Sayısı,,0.0,derived_zero_function_group_identity,SEKTOR = MEVDUAT + KATILIM + KALKINMA_VE_YATIRIM,Published sector total equals the sum of the three non-negative functional-group branch counts with zero residual.,8.0,8.0,,,2,8.0,0.0,True,raw/2022-12_table06.json.gz,75b70dd28d1a80083c26e5e8641b5b4d180a563fe5e533f1be46d9a7f13f6713,raw/2022-12_table06_info.json,fe9fe3ba7229b2c98cf51de11cbe036db2ba1d0dd9fabb7d1c526149df2166f2,https://www.bddk.org.tr/BultenFinturk/tr/Home/MetaveriPdfIndir?tabloNo=6
2022-12,2022-12-31,BAYBURT,10004,KATILIM,SubeSayisi,Yurtiçi Şube Sayısı,,0.0,derived_zero_function_group_identity,SEKTOR = MEVDUAT + KATILIM + KALKINMA_VE_YATIRIM,Published sector total equals the sum of the three non-negative functional-group branch counts with zero residual.,8.0,8.0,,,2,8.0,0.0,True,raw/2022-12_table06.json.gz,75b70dd28d1a80083c26e5e8641b5b4d180a563fe5e533f1be46d9a7f13f6713,raw/2022-12_table06_info.json,fe9fe3ba7229b2c98cf51de11cbe036db2ba1d0dd9fabb7d1c526149df2166f2,https://www.bddk.org.tr/BultenFinturk/tr/Home/MetaveriPdfIndir?tabloNo=6
2022-12,2022-12-31,BOLU,10003,KALKINMA VE YATIRIM,SubeSayisi,Yurtiçi Şube Sayısı,,0.0,derived_zero_function_group_identity,SEKTOR = MEVDUAT + KATILIM + KALKINMA_VE_YATIRIM,Published sector total equals the sum of the three non-negative functional-group branch counts with zero residual.,40.0,35.0,,5.0,1,40.0,0.0,True,raw/2022-12_table06.json.gz,75b70dd28d1a80083c26e5e8641b5b4d180a563fe5e533f1be46d9a7f13f6713,raw/2022-12_table06_info.json,fe9fe3ba7229b2c98cf51de11cbe036db2ba1d0dd9fabb7d1c526149df2166f2,https://www.bddk.org.tr/BultenFinturk/tr/Home/MetaveriPdfIndir?tabloNo=6
2022-12,2022-12-31,BURDUR,10003,KALKINMA VE YATIRIM,SubeSayisi,Yurtiçi Şube Sayısı,,0.0,derived_zero_function_group_identity,SEKTOR = MEVDUAT + KATILIM + KALKINMA_VE_YATIRIM,Published sector total equals the sum of the three non-negative functional-group branch counts with zero residual.,36.0,34.0,,2.0,1,36.0,0.0,True,raw/2022-12_table06.json.gz,75b70dd28d1a80083c26e5e8641b5b4d180a563fe5e533f1be46d9a7f13f6713,raw/2022-12_table06_info.json,fe9fe3ba7229b2c98cf51de11cbe036db2ba1d0dd9fabb7d1c526149df2166f2,https://www.bddk.org.tr/BultenFinturk/tr/Home/MetaveriPdfIndir?tabloNo=6
2022-12,2022-12-31,BİLECİK,10003,KALKINMA VE YATIRIM,SubeSayisi,Yurtiçi Şube Sayısı,,0.0,derived_zero_function_group_identity,SEKTOR = MEVDUAT + KATILIM + KALKINMA_VE_YATIRIM,Published sector total equals the sum of the three non-negative functional-group branch counts with zero residual.,30.0,29.0,,1.0,1,30.0,0.0,True,raw/2022-12_table06.json.gz,75b70dd28d1a80083c26e5e8641b5b4d180a563fe5e533f1be46d9a7f13f6713,raw/2022-12_table06_info.json,fe9fe3ba7229b2c98cf51de11cbe036db2ba1d0dd9fabb7d1c526149df2166f2,https://www.bddk.org.tr/BultenFinturk/tr/Home/MetaveriPdfIndir?tabloNo=6
2022-12,2022-12-31,BİNGÖL,10003,KALKINMA VE YATIRIM,SubeSayisi,Yurtiçi Şube Sayısı,,0.0,derived_zero_function_group_identity,SEKTOR = MEVDUAT + KATILIM + KALKINMA_VE_YATIRIM,Published sector total equals the sum of the three non-negative functional-group branch counts with zero residual.,16.0,14.0,,2.0,1,16.0,0.0,True,raw/2022-12_table06.json.gz,75b70dd28d1a80083c26e5e8641b5b4d180a563fe5e533f1be46d9a7f13f6713,raw/2022-12_table06_info.json,fe9fe3ba7229b2c98cf51de11cbe036db2ba1d0dd9fabb7d1c526149df2166f2,https://www.bddk.org.tr/BultenFinturk/tr/Home/MetaveriPdfIndir?tabloNo=6
2022-12,2022-12-31,BİTLİS,10003,KALKINMA VE YATIRIM,SubeSayisi,Yurtiçi Şube Sayısı,,0.0,derived_zero_function_group_identity,SEKTOR = MEVDUAT + KATILIM + KALKINMA_VE_YATIRIM,Published sector total equals the sum of the three non-negative functional-group branch counts with zero residual.,22.0,21.0,,1.0,1,22.0,0.0,True,raw/2022-12_table06.json.gz,75b70dd28d1a80083c26e5e8641b5b4d180a563fe5e533f1be46d9a7f13f6713,raw/2022-12_table06_info.json,fe9fe3ba7229b2c98cf51de11cbe036db2ba1d0dd9fabb7d1c526149df2166f2,https://www.bddk.org.tr/BultenFinturk/tr/Home/MetaveriPdfIndir?tabloNo=6
2022-12,2022-12-31,DÜZCE,10003,KALKINMA VE YATIRIM,SubeSayisi,Yurtiçi Şube Sayısı,,0.0,derived_zero_function_group_identity,SEKTOR = MEVDUAT + KATILIM + KALKINMA_VE_YATIRIM,Published sector total equals the sum of the three non-negative functional-group branch counts with zero residual.,36.0,30.0,,6.0,1,36.0,0.0,True,raw/2022-12_table06.json.gz,75b70dd28d1a80083c26e5e8641b5b4d180a563fe5e533f1be46d9a7f13f6713,raw/2022-12_table06_info.json,fe9fe3ba7229b2c98cf51de11cbe036db2ba1d0dd9fabb7d1c526149df2166f2,https://www.bddk.org.tr/BultenFinturk/tr/Home/MetaveriPdfIndir?tabloNo=6
2022-12,2022-12-31,EDİRNE,10003,KALKINMA VE YATIRIM,SubeSayisi,Yurtiçi Şube Sayısı,,0.0,derived_zero_function_group_identity,SEKTOR = MEVDUAT + KATILIM + KALKINMA_VE_YATIRIM,Published sector total equals the sum of the three non-negative functional-group branch counts with zero residual.,58.0,55.0,,3.0,1,58.0,0.0,True,raw/2022-12_table06.json.gz,75b70dd28d1a80083c26e5e8641b5b4d180a563fe5e533f1be46d9a7f13f6713,raw/2022-12_table06_info.json,fe9fe3ba7229b2c98cf51de11cbe036db2ba1d0dd9fabb7d1c526149df2166f2,https://www.bddk.org.tr/BultenFinturk/tr/Home/MetaveriPdfIndir?tabloNo=6
2022-12,2022-12-31,ERZİNCAN,10003,KALKINMA VE YATIRIM,SubeSayisi,Yurtiçi Şube Sayısı,,0.0,derived_zero_function_group_identity,SEKTOR = MEVDUAT + KATILIM + KALKINMA_VE_YATIRIM,Published sector total equals the sum of the three non-negative functional-group branch counts with zero residual.,29.0,24.0,,5.0,1,29.0,0.0,True,raw/2022-12_table06.json.gz,75b70dd28d1a80083c26e5e8641b5b4d180a563fe5e533f1be46d9a7f13f6713,raw/2022-12_table06_info.json,fe9fe3ba7229b2c98cf51de11cbe036db2ba1d0dd9fabb7d1c526149df2166f2,https://www.bddk.org.tr/BultenFinturk/tr/Home/MetaveriPdfIndir?tabloNo=6
2022-12,2022-12-31,GÜMÜŞHANE,10003,KALKINMA VE YATIRIM,SubeSayisi,Yurtiçi Şube Sayısı,,0.0,derived_zero_function_group_identity,SEKTOR = MEVDUAT + KATILIM + KALKINMA_VE_YATIRIM,Published sector total equals the sum of the three non-negative functional-group branch counts with zero residual.,20.0,19.0,,1.0,1,20.0,0.0,True,raw/2022-12_table06.json.gz,75b70dd28d1a80083c26e5e8641b5b4d180a563fe5e533f1be46d9a7f13f6713,raw/2022-12_table06_info.json,fe9fe3ba7229b2c98cf51de11cbe036db2ba1d0dd9fabb7d1c526149df2166f2,https://www.bddk.org.tr/BultenFinturk/tr/Home/MetaveriPdfIndir?tabloNo=6
2022-12,2022-12-31,GİRESUN,10003,KALKINMA VE YATIRIM,SubeSayisi,Yurtiçi Şube Sayısı,,0.0,derived_zero_function_group_identity,SEKTOR = MEVDUAT + KATILIM + KALKINMA_VE_YATIRIM,Published sector total equals the sum of the three non-negative functional-group branch counts with zero residual.,55.0,51.0,,4.0,1,55.0,0.0,True,raw/2022-12_table06.json.gz,75b70dd28d1a80083c26e5e8641b5b4d180a563fe5e533f1be46d9a7f13f6713,raw/2022-12_table06_info.json,fe9fe3ba7229b2c98cf51de11cbe036db2ba1d0dd9fabb7d1c526149df2166f2,https://www.bddk.org.tr/BultenFinturk/tr/Home/MetaveriPdfIndir?tabloNo=6
2022-12,2022-12-31,HAKKARİ,10003,KALKINMA VE YATIRIM,SubeSayisi,Yurtiçi Şube Sayısı,,0.0,derived_zero_function_group_identity,SEKTOR = MEVDUAT + KATILIM + KALKINMA_VE_YATIRIM,Published sector total equals the sum of the three non-negative functional-group branch counts with zero residual.,16.0,16.0,,,2,16.0,0.0,True,raw/2022-12_table06.json.gz,75b70dd28d1a80083c26e5e8641b5b4d180a563fe5e533f1be46d9a7f13f6713,raw/2022-12_table06_info.json,fe9fe3ba7229b2c98cf51de11cbe036db2ba1d0dd9fabb7d1c526149df2166f2,https://www.bddk.org.tr/BultenFinturk/tr/Home/MetaveriPdfIndir?tabloNo=6
2022-12,2022-12-31,HAKKARİ,10004,KATILIM,SubeSayisi,Yurtiçi Şube Sayısı,,0.0,derived_zero_function_group_identity,SEKTOR = MEVDUAT + KATILIM + KALKINMA_VE_YATIRIM,Published sector total equals the sum of the three non-negative functional-group branch counts with zero residual.,16.0,16.0,,,2,16.0,0.0,True,raw/2022-12_table06.json.gz,75b70dd28d1a80083c26e5e8641b5b4d180a563fe5e533f1be46d9a7f13f6713,raw/2022-12_table06_info.json,fe9fe3ba7229b2c98cf51de11cbe036db2ba1d0dd9fabb7d1c526149df2166f2,https://www.bddk.org.tr/BultenFinturk/tr/Home/MetaveriPdfIndir?tabloNo=6
2022-12,2022-12-31,ISPARTA,10003,KALKINMA VE YATIRIM,SubeSayisi,Yurtiçi Şube Sayısı,,0.0,derived_zero_function_group_identity,SEKTOR = MEVDUAT + KATILIM + KALKINMA_VE_YATIRIM,Published sector total equals the sum of the three non-negative functional-group branch counts with zero residual.,56.0,49.0,,7.0,1,56.0,0.0,True,raw/2022-12_table06.json.gz,75b70dd28d1a80083c26e5e8641b5b4d180a563fe5e533f1be46d9a7f13f6713,raw/2022-12_table06_info.json,fe9fe3ba7229b2c98cf51de11cbe036db2ba1d0dd9fabb7d1c526149df2166f2,https://www.bddk.org.tr/BultenFinturk/tr/Home/MetaveriPdfIndir?tabloNo=6
2022-12,2022-12-31,IĞDIR,10003,KALKINMA VE YATIRIM,SubeSayisi,Yurtiçi Şube Sayısı,,0.0,derived_zero_function_group_identity,SEKTOR = MEVDUAT + KATILIM + KALKINMA_VE_YATIRIM,Published sector total equals the sum of the three non-negative functional-group branch counts with zero residual.,15.0,14.0,,1.0,1,15.0,0.0,True,raw/2022-12_table06.json.gz,75b70dd28d1a80083c26e5e8641b5b4d180a563fe5e533f1be46d9a7f13f6713,raw/2022-12_table06_info.json,fe9fe3ba7229b2c98cf51de11cbe036db2ba1d0dd9fabb7d1c526149df2166f2,https://www.bddk.org.tr/BultenFinturk/tr/Home/MetaveriPdfIndir?tabloNo=6
2022-12,2022-12-31,KARABÜK,10003,KALKINMA VE YATIRIM,SubeSayisi,Yurtiçi Şube Sayısı,,0.0,derived_zero_function_group_identity,SEKTOR = MEVDUAT + KATILIM + KALKINMA_VE_YATIRIM,Published sector total equals the sum of the three non-negative functional-group branch counts with zero residual.,28.0,25.0,,3.0,1,28.0,0.0,True,raw/2022-12_table06.json.gz,75b70dd28d1a80083c26e5e8641b5b4d180a563fe5e533f1be46d9a7f13f6713,raw/2022-12_table06_info.json,fe9fe3ba7229b2c98cf51de11cbe036db2ba1d0dd9fabb7d1c526149df2166f2,https://www.bddk.org.tr/BultenFinturk/tr/Home/MetaveriPdfIndir?tabloNo=6
2022-12,2022-12-31,KARAMAN,10003,KALKINMA VE YATIRIM,SubeSayisi,Yurtiçi Şube Sayısı,,0.0,derived_zero_function_group_identity,SEKTOR = MEVDUAT + KATILIM + KALKINMA_VE_YATIRIM,Published sector total equals the sum of the three non-negative functional-group branch counts with zero residual.,26.0,21.0,,5.0,1,26.0,0.0,True,raw/2022-12_table06.json.gz,75b70dd28d1a80083c26e5e8641b5b4d180a563fe5e533f1be46d9a7f13f6713,raw/2022-12_table06_info.json,fe9fe3ba7229b2c98cf51de11cbe036db2ba1d0dd9fabb7d1c526149df2166f2,https://www.bddk.org.tr/BultenFinturk/tr/Home/MetaveriPdfIndir?tabloNo=6
2022-12,2022-12-31,KARS,10003,KALKINMA VE YATIRIM,SubeSayisi,Yurtiçi Şube Sayısı,,0.0,derived_zero_function_group_identity,SEKTOR = MEVDUAT + KATILIM + KALKINMA_VE_YATIRIM,Published sector total equals the sum of the three non-negative functional-group branch counts with zero residual.,26.0,24.0,,2.0,1,26.0,0.0,True,raw/2022-12_table06.json.gz,75b70dd28d1a80083c26e5e8641b5b4d180a563fe5e533f1be46d9a7f13f6713,raw/2022-12_table06_info.json,fe9fe3ba7229b2c98cf51de11cbe036db2ba1d0dd9fabb7d1c526149df2166f2,https://www.bddk.org.tr/BultenFinturk/tr/Home/MetaveriPdfIndir?tabloNo=6
2022-12,2022-12-31,KIRIKKALE,10003,KALKINMA VE YATIRIM,SubeSayisi,Yurtiçi Şube Sayısı,,0.0,derived_zero_function_group_identity,SEKTOR = MEVDUAT + KATILIM + KALKINMA_VE_YATIRIM,Published sector total equals the sum of the three non-negative functional-group branch counts with zero residual.,26.0,24.0,,2.0,1,26.0,0.0,True,raw/2022-12_table06.json.gz,75b70dd28d1a80083c26e5e8641b5b4d180a563fe5e533f1be46d9a7f13f6713,raw/2022-12_table06_info.json,fe9fe3ba7229b2c98cf51de11cbe036db2ba1d0dd9fabb7d1c526149df2166f2,https://www.bddk.org.tr/BultenFinturk/tr/Home/MetaveriPdfIndir?tabloNo=6
2022-12,2022-12-31,KIRKLARELİ,10003,KALKINMA VE YATIRIM,SubeSayisi,Yurtiçi Şube Sayısı,,0.0,derived_zero_function_group_identity,SEKTOR = MEVDUAT + KATILIM + KALKINMA_VE_YATIRIM,Published sector total equals the sum of the three non-negative functional-group branch counts with zero residual.,49.0,48.0,,1.0,1,49.0,0.0,True,raw/2022-12_table06.json.gz,75b70dd28d1a80083c26e5e8641b5b4d180a563fe5e533f1be46d9a7f13f6713,raw/2022-12_table06_info.json,fe9fe3ba7229b2c98cf51de11cbe036db2ba1d0dd9fabb7d1c526149df2166f2,https://www.bddk.org.tr/BultenFinturk/tr/Home/MetaveriPdfIndir?tabloNo=6
2022-12,2022-12-31,KIRŞEHİR,10003,KALKINMA VE YATIRIM,SubeSayisi,Yurtiçi Şube Sayısı,,0.0,derived_zero_function_group_identity,SEKTOR = MEVDUAT + KATILIM + KALKINMA_VE_YATIRIM,Published sector total equals the sum of the three non-negative functional-group branch counts with zero residual.,27.0,25.0,,2.0,1,27.0,0.0,True,raw/2022-12_table06.json.gz,75b70dd28d1a80083c26e5e8641b5b4d180a563fe5e533f1be46d9a7f13f6713,raw/2022-12_table06_info.json,fe9fe3ba7229b2c98cf51de11cbe036db2ba1d0dd9fabb7d1c526149df2166f2,https://www.bddk.org.tr/BultenFinturk/tr/Home/MetaveriPdfIndir?tabloNo=6
2022-12,2022-12-31,KÜTAHYA,10003,KALKINMA VE YATIRIM,SubeSayisi,Yurtiçi Şube Sayısı,,0.0,derived_zero_function_group_identity,SEKTOR = MEVDUAT + KATILIM + KALKINMA_VE_YATIRIM,Published sector total equals the sum of the three non-negative functional-group branch counts with zero residual.,56.0,49.0,,7.0,1,56.0,0.0,True,raw/2022-12_table06.json.gz,75b70dd28d1a80083c26e5e8641b5b4d180a563fe5e533f1be46d9a7f13f6713,raw/2022-12_table06_info.json,fe9fe3ba7229b2c98cf51de11cbe036db2ba1d0dd9fabb7d1c526149df2166f2,https://www.bddk.org.tr/BultenFinturk/tr/Home/MetaveriPdfIndir?tabloNo=6
2022-12,2022-12-31,KİLİS,10003,KALKINMA VE YATIRIM,SubeSayisi,Yurtiçi Şube Sayısı,,0.0,derived_zero_function_group_identity,SEKTOR = MEVDUAT + KATILIM + KALKINMA_VE_YATIRIM,Published sector total equals the sum of the three non-negative functional-group branch counts with zero residual.,10.0,9.0,,1.0,1,10.0,0.0,True,raw/2022-12_table06.json.gz,75b70dd28d1a80083c26e5e8641b5b4d180a563fe5e533f1be46d9a7f13f6713,raw/2022-12_table06_info.json,fe9fe3ba7229b2c98cf51de11cbe036db2ba1d0dd9fabb7d1c526149df2166f2,https://www.bddk.org.tr/BultenFinturk/tr/Home/MetaveriPdfIndir?tabloNo=6
2022-12,2022-12-31,MALATYA,10003,KALKINMA VE YATIRIM,SubeSayisi,Yurtiçi Şube Sayısı,,0.0,derived_zero_function_group_identity,SEKTOR = MEVDUAT + KATILIM + KALKINMA_VE_YATIRIM,Published sector total equals the sum of the three non-negative functional-group branch counts with zero residual.,68.0,58.0,,10.0,1,68.0,0.0,True,raw/2022-12_table06.json.gz,75b70dd28d1a80083c26e5e8641b5b4d180a563fe5e533f1be46d9a7f13f6713,raw/2022-12_table06_info.json,fe9fe3ba7229b2c98cf51de11cbe036db2ba1d0dd9fabb7d1c526149df2166f2,https://www.bddk.org.tr/BultenFinturk/tr/Home/MetaveriPdfIndir?tabloNo=6
2022-12,2022-12-31,MARDİN,10003,KALKINMA VE YATIRIM,SubeSayisi,Yurtiçi Şube Sayısı,,0.0,derived_zero_function_group_identity,SEKTOR = MEVDUAT + KATILIM + KALKINMA_VE_YATIRIM,Published sector total equals the sum of the three non-negative functional-group branch counts with zero residual.,49.0,43.0,,6.0,1,49.0,0.0,True,raw/2022-12_table06.json.gz,75b70dd28d1a80083c26e5e8641b5b4d180a563fe5e533f1be46d9a7f13f6713,raw/2022-12_table06_info.json,fe9fe3ba7229b2c98cf51de11cbe036db2ba1d0dd9fabb7d1c526149df2166f2,https://www.bddk.org.tr/BultenFinturk/tr/Home/MetaveriPdfIndir?tabloNo=6
2022-12,2022-12-31,MUŞ,10003,KALKINMA VE YATIRIM,SubeSayisi,Yurtiçi Şube Sayısı,,0.0,derived_zero_function_group_identity,SEKTOR = MEVDUAT + KATILIM + KALKINMA_VE_YATIRIM,Published sector total equals the sum of the three non-negative functional-group branch counts with zero residual.,19.0,17.0,,2.0,1,19.0,0.0,True,raw/2022-12_table06.json.gz,75b70dd28d1a80083c26e5e8641b5b4d180a563fe5e533f1be46d9a7f13f6713,raw/2022-12_table06_info.json,fe9fe3ba7229b2c98cf51de11cbe036db2ba1d0dd9fabb7d1c526149df2166f2,https://www.bddk.org.tr/BultenFinturk/tr/Home/MetaveriPdfIndir?tabloNo=6
2022-12,2022-12-31,NEVŞEHİR,10003,KALKINMA VE YATIRIM,SubeSayisi,Yurtiçi Şube Sayısı,,0.0,derived_zero_function_group_identity,SEKTOR = MEVDUAT + KATILIM + KALKINMA_VE_YATIRIM,Published sector total equals the sum of the three non-negative functional-group branch counts with zero residual.,42.0,37.0,,5.0,1,42.0,0.0,True,raw/2022-12_table06.json.gz,75b70dd28d1a80083c26e5e8641b5b4d180a563fe5e533f1be46d9a7f13f6713,raw/2022-12_table06_info.json,fe9fe3ba7229b2c98cf51de11cbe036db2ba1d0dd9fabb7d1c526149df2166f2,https://www.bddk.org.tr/BultenFinturk/tr/Home/MetaveriPdfIndir?tabloNo=6
2022-12,2022-12-31,NİĞDE,10003,KALKINMA VE YATIRIM,SubeSayisi,Yurtiçi Şube Sayısı,,0.0,derived_zero_function_group_identity,SEKTOR = MEVDUAT + KATILIM + KALKINMA_VE_YATIRIM,Published sector total equals the sum of the three non-negative functional-group branch counts with zero residual.,27.0,24.0,,3.0,1,27.0,0.0,True,raw/2022-12_table06.json.gz,75b70dd28d1a80083c26e5e8641b5b4d180a563fe5e533f1be46d9a7f13f6713,raw/2022-12_table06_info.json,fe9fe3ba7229b2c98cf51de11cbe036db2ba1d0dd9fabb7d1c526149df2166f2,https://www.bddk.org.tr/BultenFinturk/tr/Home/MetaveriPdfIndir?tabloNo=6
2022-12,2022-12-31,ORDU,10003,KALKINMA VE YATIRIM,SubeSayisi,Yurtiçi Şube Sayısı,,0.0,derived_zero_function_group_identity,SEKTOR = MEVDUAT + KATILIM + KALKINMA_VE_YATIRIM,Published sector total equals the sum of the three non-negative functional-group branch counts with zero residual.,74.0,67.0,,7.0,1,74.0,0.0,True,raw/2022-12_table06.json.gz,75b70dd28d1a80083c26e5e8641b5b4d180a563fe5e533f1be46d9a7f13f6713,raw/2022-12_table06_info.json,fe9fe3ba7229b2c98cf51de11cbe036db2ba1d0dd9fabb7d1c526149df2166f2,https://www.bddk.org.tr/BultenFinturk/tr/Home/MetaveriPdfIndir?tabloNo=6
2022-12,2022-12-31,OSMANİYE,10003,KALKINMA VE YATIRIM,SubeSayisi,Yurtiçi Şube Sayısı,,0.0,derived_zero_function_group_identity,SEKTOR = MEVDUAT + KATILIM + KALKINMA_VE_YATIRIM,Published sector total equals the sum of the three non-negative functional-group branch counts with zero residual.,40.0,35.0,,5.0,1,40.0,0.0,True,raw/2022-12_table06.json.gz,75b70dd28d1a80083c26e5e8641b5b4d180a563fe5e533f1be46d9a7f13f6713,raw/2022-12_table06_info.json,fe9fe3ba7229b2c98cf51de11cbe036db2ba1d0dd9fabb7d1c526149df2166f2,https://www.bddk.org.tr/BultenFinturk/tr/Home/MetaveriPdfIndir?tabloNo=6
2022-12,2022-12-31,RİZE,10003,KALKINMA VE YATIRIM,SubeSayisi,Yurtiçi Şube Sayısı,,0.0,derived_zero_function_group_identity,SEKTOR = MEVDUAT + KATILIM + KALKINMA_VE_YATIRIM,Published sector total equals the sum of the three non-negative functional-group branch counts with zero residual.,50.0,44.0,,6.0,1,50.0,0.0,True,raw/2022-12_table06.json.gz,75b70dd28d1a80083c26e5e8641b5b4d180a563fe5e533f1be46d9a7f13f6713,raw/2022-12_table06_info.json,fe9fe3ba7229b2c98cf51de11cbe036db2ba1d0dd9fabb7d1c526149df2166f2,https://www.bddk.org.tr/BultenFinturk/tr/Home/MetaveriPdfIndir?tabloNo=6
2022-12,2022-12-31,SAKARYA,10003,KALKINMA VE YATIRIM,SubeSayisi,Yurtiçi Şube Sayısı,,0.0,derived_zero_function_group_identity,SEKTOR = MEVDUAT + KATILIM + KALKINMA_VE_YATIRIM,Published sector total equals the sum of the three non-negative functional-group branch counts with zero residual.,120.0,109.0,,11.0,1,120.0,0.0,True,raw/2022-12_table06.json.gz,75b70dd28d1a80083c26e5e8641b5b4d180a563fe5e533f1be46d9a7f13f6713,raw/2022-12_table06_info.json,fe9fe3ba7229b2c98cf51de11cbe036db2ba1d0dd9fabb7d1c526149df2166f2,https://www.bddk.org.tr/BultenFinturk/tr/Home/MetaveriPdfIndir?tabloNo=6
2022-12,2022-12-31,SİNOP,10003,KALKINMA VE YATIRIM,SubeSayisi,Yurtiçi Şube Sayısı,,0.0,derived_zero_function_group_identity,SEKTOR = MEVDUAT + KATILIM + KALKINMA_VE_YATIRIM,Published sector total equals the sum of the three non-negative functional-group branch counts with zero residual.,30.0,30.0,,,2,30.0,0.0,True,raw/2022-12_table06.json.gz,75b70dd28d1a80083c26e5e8641b5b4d180a563fe5e533f1be46d9a7f13f6713,raw/2022-12_table06_info.json,fe9fe3ba7229b2c98cf51de11cbe036db2ba1d0dd9fabb7d1c526149df2166f2,https://www.bddk.org.tr/BultenFinturk/tr/Home/MetaveriPdfIndir?tabloNo=6
2022-12,2022-12-31,SİNOP,10004,KATILIM,SubeSayisi,Yurtiçi Şube Sayısı,,0.0,derived_zero_function_group_identity,SEKTOR = MEVDUAT + KATILIM + KALKINMA_VE_YATIRIM,Published sector total equals the sum of the three non-negative functional-group branch counts with zero residual.,30.0,30.0,,,2,30.0,0.0,True,raw/2022-12_table06.json.gz,75b70dd28d1a80083c26e5e8641b5b4d180a563fe5e533f1be46d9a7f13f6713,raw/2022-12_table06_info.json,fe9fe3ba7229b2c98cf51de11cbe036db2ba1d0dd9fabb7d1c526149df2166f2,https://www.bddk.org.tr/BultenFinturk/tr/Home/MetaveriPdfIndir?tabloNo=6
2022-12,2022-12-31,SİİRT,10003,KALKINMA VE YATIRIM,SubeSayisi,Yurtiçi Şube Sayısı,,0.0,derived_zero_function_group_identity,SEKTOR = MEVDUAT + KATILIM + KALKINMA_VE_YATIRIM,Published sector total equals the sum of the three non-negative functional-group branch counts with zero residual.,21.0,16.0,,5.0,1,21.0,0.0,True,raw/2022-12_table06.json.gz,75b70dd28d1a80083c26e5e8641b5b4d180a563fe5e533f1be46d9a7f13f6713,raw/2022-12_table06_info.json,fe9fe3ba7229b2c98cf51de11cbe036db2ba1d0dd9fabb7d1c526149df2166f2,https://www.bddk.org.tr/BultenFinturk/tr/Home/MetaveriPdfIndir?tabloNo=6
2022-12,2022-12-31,TOKAT,10003,KALKINMA VE YATIRIM,SubeSayisi,Yurtiçi Şube Sayısı,,0.0,derived_zero_function_group_identity,SEKTOR = MEVDUAT + KATILIM + KALKINMA_VE_YATIRIM,Published sector total equals the sum of the three non-negative functional-group branch counts with zero residual.,56.0,51.0,,5.0,1,56.0,0.0,True,raw/2022-12_table06.json.gz,75b70dd28d1a80083c26e5e8641b5b4d180a563fe5e533f1be46d9a7f13f6713,raw/2022-12_table06_info.json,fe9fe3ba7229b2c98cf51de11cbe036db2ba1d0dd9fabb7d1c526149df2166f2,https://www.bddk.org.tr/BultenFinturk/tr/Home/MetaveriPdfIndir?tabloNo=6
2022-12,2022-12-31,TUNCELİ,10003,KALKINMA VE YATIRIM,SubeSayisi,Yurtiçi Şube Sayısı,,0.0,derived_zero_function_group_identity,SEKTOR = MEVDUAT + KATILIM + KALKINMA_VE_YATIRIM,Published sector total equals the sum of the three non-negative functional-group branch counts with zero residual.,13.0,13.0,,,2,13.0,0.0,True,raw/2022-12_table06.json.gz,75b70dd28d1a80083c26e5e8641b5b4d180a563fe5e533f1be46d9a7f13f6713,raw/2022-12_table06_info.json,fe9fe3ba7229b2c98cf51de11cbe036db2ba1d0dd9fabb7d1c526149df2166f2,https://www.bddk.org.tr/BultenFinturk/tr/Home/MetaveriPdfIndir?tabloNo=6
2022-12,2022-12-31,TUNCELİ,10004,KATILIM,SubeSayisi,Yurtiçi Şube Sayısı,,0.0,derived_zero_function_group_identity,SEKTOR = MEVDUAT + KATILIM + KALKINMA_VE_YATIRIM,Published sector total equals the sum of the three non-negative functional-group branch counts with zero residual.,13.0,13.0,,,2,13.0,0.0,True,raw/2022-12_table06.json.gz,75b70dd28d1a80083c26e5e8641b5b4d180a563fe5e533f1be46d9a7f13f6713,raw/2022-12_table06_info.json,fe9fe3ba7229b2c98cf51de11cbe036db2ba1d0dd9fabb7d1c526149df2166f2,https://www.bddk.org.tr/BultenFinturk/tr/Home/MetaveriPdfIndir?tabloNo=6
2022-12,2022-12-31,UŞAK,10003,KALKINMA VE YATIRIM,SubeSayisi,Yurtiçi Şube Sayısı,,0.0,derived_zero_function_group_identity,SEKTOR = MEVDUAT + KATILIM + KALKINMA_VE_YATIRIM,Published sector total equals the sum of the three non-negative functional-group branch counts with zero residual.,46.0,41.0,,5.0,1,46.0,0.0,True,raw/2022-12_table06.json.gz,75b70dd28d1a80083c26e5e8641b5b4d180a563fe5e533f1be46d9a7f13f6713,raw/2022-12_table06_info.json,fe9fe3ba7229b2c98cf51de11cbe036db2ba1d0dd9fabb7d1c526149df2166f2,https://www.bddk.org.tr/BultenFinturk/tr/Home/MetaveriPdfIndir?tabloNo=6
2022-12,2022-12-31,YALOVA,10003,KALKINMA VE YATIRIM,SubeSayisi,Yurtiçi Şube Sayısı,,0.0,derived_zero_function_group_identity,SEKTOR = MEVDUAT + KATILIM + KALKINMA_VE_YATIRIM,Published sector total equals the sum of the three non-negative functional-group branch counts with zero residual.,29.0,23.0,,6.0,1,29.0,0.0,True,raw/2022-12_table06.json.gz,75b70dd28d1a80083c26e5e8641b5b4d180a563fe5e533f1be46d9a7f13f6713,raw/2022-12_table06_info.json,fe9fe3ba7229b2c98cf51de11cbe036db2ba1d0dd9fabb7d1c526149df2166f2,https://www.bddk.org.tr/BultenFinturk/tr/Home/MetaveriPdfIndir?tabloNo=6
2022-12,2022-12-31,YOZGAT,10003,KALKINMA VE YATIRIM,SubeSayisi,Yurtiçi Şube Sayısı,,0.0,derived_zero_function_group_identity,SEKTOR = MEVDUAT + KATILIM + KALKINMA_VE_YATIRIM,Published sector total equals the sum of the three non-negative functional-group branch counts with zero residual.,53.0,50.0,,3.0,1,53.0,0.0,True,raw/2022-12_table06.json.gz,75b70dd28d1a80083c26e5e8641b5b4d180a563fe5e533f1be46d9a7f13f6713,raw/2022-12_table06_info.json,fe9fe3ba7229b2c98cf51de11cbe036db2ba1d0dd9fabb7d1c526149df2166f2,https://www.bddk.org.tr/BultenFinturk/tr/Home/MetaveriPdfIndir?tabloNo=6
2022-12,2022-12-31,ZONGULDAK,10003,KALKINMA VE YATIRIM,SubeSayisi,Yurtiçi Şube Sayısı,,0.0,derived_zero_function_group_identity,SEKTOR = MEVDUAT + KATILIM + KALKINMA_VE_YATIRIM,Published sector total equals the sum of the three non-negative functional-group branch counts with zero residual.,64.0,60.0,,4.0,1,64.0,0.0,True,raw/2022-12_table06.json.gz,75b70dd28d1a80083c26e5e8641b5b4d180a563fe5e533f1be46d9a7f13f6713,raw/2022-12_table06_info.json,fe9fe3ba7229b2c98cf51de11cbe036db2ba1d0dd9fabb7d1c526149df2166f2,https://www.bddk.org.tr/BultenFinturk/tr/Home/MetaveriPdfIndir?tabloNo=6
2022-12,2022-12-31,ÇANAKKALE,10003,KALKINMA VE YATIRIM,SubeSayisi,Yurtiçi Şube Sayısı,,0.0,derived_zero_function_group_identity,SEKTOR = MEVDUAT + KATILIM + KALKINMA_VE_YATIRIM,Published sector total equals the sum of the three non-negative functional-group branch counts with zero residual.,80.0,75.0,,5.0,1,80.0,0.0,True,raw/2022-12_table06.json.gz,75b70dd28d1a80083c26e5e8641b5b4d180a563fe5e533f1be46d9a7f13f6713,raw/2022-12_table06_info.json,fe9fe3ba7229b2c98cf51de11cbe036db2ba1d0dd9fabb7d1c526149df2166f2,https://www.bddk.org.tr/BultenFinturk/tr/Home/MetaveriPdfIndir?tabloNo=6
2022-12,2022-12-31,ÇANKIRI,10003,KALKINMA VE YATIRIM,SubeSayisi,Yurtiçi Şube Sayısı,,0.0,derived_zero_function_group_identity,SEKTOR = MEVDUAT + KATILIM + KALKINMA_VE_YATIRIM,Published sector total equals the sum of the three non-negative functional-group branch counts with zero residual.,32.0,30.0,,2.0,1,32.0,0.0,True,raw/2022-12_table06.json.gz,75b70dd28d1a80083c26e5e8641b5b4d180a563fe5e533f1be46d9a7f13f6713,raw/2022-12_table06_info.json,fe9fe3ba7229b2c98cf51de11cbe036db2ba1d0dd9fabb7d1c526149df2166f2,https://www.bddk.org.tr/BultenFinturk/tr/Home/MetaveriPdfIndir?tabloNo=6
2022-12,2022-12-31,ÇORUM,10003,KALKINMA VE YATIRIM,SubeSayisi,Yurtiçi Şube Sayısı,,0.0,derived_zero_function_group_identity,SEKTOR = MEVDUAT + KATILIM + KALKINMA_VE_YATIRIM,Published sector total equals the sum of the three non-negative functional-group branch counts with zero residual.,64.0,58.0,,6.0,1,64.0,0.0,True,raw/2022-12_table06.json.gz,75b70dd28d1a80083c26e5e8641b5b4d180a563fe5e533f1be46d9a7f13f6713,raw/2022-12_table06_info.json,fe9fe3ba7229b2c98cf51de11cbe036db2ba1d0dd9fabb7d1c526149df2166f2,https://www.bddk.org.tr/BultenFinturk/tr/Home/MetaveriPdfIndir?tabloNo=6
2022-12,2022-12-31,ŞANLIURFA,10003,KALKINMA VE YATIRIM,SubeSayisi,Yurtiçi Şube Sayısı,,0.0,derived_zero_function_group_identity,SEKTOR = MEVDUAT + KATILIM + KALKINMA_VE_YATIRIM,Published sector total equals the sum of the three non-negative functional-group branch counts with zero residual.,91.0,77.0,,14.0,1,91.0,0.0,True,raw/2022-12_table06.json.gz,75b70dd28d1a80083c26e5e8641b5b4d180a563fe5e533f1be46d9a7f13f6713,raw/2022-12_table06_info.json,fe9fe3ba7229b2c98cf51de11cbe036db2ba1d0dd9fabb7d1c526149df2166f2,https://www.bddk.org.tr/BultenFinturk/tr/Home/MetaveriPdfIndir?tabloNo=6
2022-12,2022-12-31,ŞIRNAK,10003,KALKINMA VE YATIRIM,SubeSayisi,Yurtiçi Şube Sayısı,,0.0,derived_zero_function_group_identity,SEKTOR = MEVDUAT + KATILIM + KALKINMA_VE_YATIRIM,Published sector total equals the sum of the three non-negative functional-group branch counts with zero residual.,22.0,21.0,,1.0,1,22.0,0.0,True,raw/2022-12_table06.json.gz,75b70dd28d1a80083c26e5e8641b5b4d180a563fe5e533f1be46d9a7f13f6713,raw/2022-12_table06_info.json,fe9fe3ba7229b2c98cf51de11cbe036db2ba1d0dd9fabb7d1c526149df2166f2,https://www.bddk.org.tr/BultenFinturk/tr/Home/MetaveriPdfIndir?tabloNo=6
2023-03,2023-03-31,ADIYAMAN,10003,KALKINMA VE YATIRIM,SubeSayisi,Yurtiçi Şube Sayısı,,0.0,derived_zero_function_group_identity,SEKTOR = MEVDUAT + KATILIM + KALKINMA_VE_YATIRIM,Published sector total equals the sum of the three non-negative functional-group branch counts with zero residual.,43.0,38.0,,5.0,1,43.0,0.0,True,raw/2023-3_table06.json.gz,4901dbecfc13fc73ff555d4c5b3e88d642bb799f45a64d44a2e0c0775c4e6c68,raw/2023-3_table06_info.json,4919e1b3e6d69969ce22027e3dbc225628bffc8774ea10e98ca92cb252f1daf7,https://www.bddk.org.tr/BultenFinturk/tr/Home/MetaveriPdfIndir?tabloNo=6
2023-03,2023-03-31,AFYONKARAHİSAR,10003,KALKINMA VE YATIRIM,SubeSayisi,Yurtiçi Şube Sayısı,,0.0,derived_zero_function_group_identity,SEKTOR = MEVDUAT + KATILIM + KALKINMA_VE_YATIRIM,Published sector total equals the sum of the three non-negative functional-group branch counts with zero residual.,91.0,84.0,,7.0,1,91.0,0.0,True,raw/2023-3_table06.json.gz,4901dbecfc13fc73ff555d4c5b3e88d642bb799f45a64d44a2e0c0775c4e6c68,raw/2023-3_table06_info.json,4919e1b3e6d69969ce22027e3dbc225628bffc8774ea10e98ca92cb252f1daf7,https://www.bddk.org.tr/BultenFinturk/tr/Home/MetaveriPdfIndir?tabloNo=6
2023-03,2023-03-31,AKSARAY,10003,KALKINMA VE YATIRIM,SubeSayisi,Yurtiçi Şube Sayısı,,0.0,derived_zero_function_group_identity,SEKTOR = MEVDUAT + KATILIM + KALKINMA_VE_YATIRIM,Published sector total equals the sum of the three non-negative functional-group branch counts with zero residual.,39.0,32.0,,7.0,1,39.0,0.0,True,raw/2023-3_table06.json.gz,4901dbecfc13fc73ff555d4c5b3e88d642bb799f45a64d44a2e0c0775c4e6c68,raw/2023-3_table06_info.json,4919e1b3e6d69969ce22027e3dbc225628bffc8774ea10e98ca92cb252f1daf7,https://www.bddk.org.tr/BultenFinturk/tr/Home/MetaveriPdfIndir?tabloNo=6
2023-03,2023-03-31,AMASYA,10003,KALKINMA VE YATIRIM,SubeSayisi,Yurtiçi Şube Sayısı,,0.0,derived_zero_function_group_identity,SEKTOR = MEVDUAT + KATILIM + KALKINMA_VE_YATIRIM,Published sector total equals the sum of the three non-negative functional-group branch counts with zero residual.,40.0,37.0,,3.0,1,40.0,0.0,True,raw/2023-3_table06.json.gz,4901dbecfc13fc73ff555d4c5b3e88d642bb799f45a64d44a2e0c0775c4e6c68,raw/2023-3_table06_info.json,4919e1b3e6d69969ce22027e3dbc225628bffc8774ea10e98ca92cb252f1daf7,https://www.bddk.org.tr/BultenFinturk/tr/Home/MetaveriPdfIndir?tabloNo=6
2023-03,2023-03-31,ARDAHAN,10003,KALKINMA VE YATIRIM,SubeSayisi,Yurtiçi Şube Sayısı,,0.0,derived_zero_function_group_identity,SEKTOR = MEVDUAT + KATILIM + KALKINMA_VE_YATIRIM,Published sector total equals the sum of the three non-negative functional-group branch counts with zero residual.,13.0,13.0,,,2,13.0,0.0,True,raw/2023-3_table06.json.gz,4901dbecfc13fc73ff555d4c5b3e88d642bb799f45a64d44a2e0c0775c4e6c68,raw/2023-3_table06_info.json,4919e1b3e6d69969ce22027e3dbc225628bffc8774ea10e98ca92cb252f1daf7,https://www.bddk.org.tr/BultenFinturk/tr/Home/MetaveriPdfIndir?tabloNo=6
2023-03,2023-03-31,ARDAHAN,10004,KATILIM,SubeSayisi,Yurtiçi Şube Sayısı,,0.0,derived_zero_function_group_identity,SEKTOR = MEVDUAT + KATILIM + KALKINMA_VE_YATIRIM,Published sector total equals the sum of the three non-negative functional-group branch counts with zero residual.,13.0,13.0,,,2,13.0,0.0,True,raw/2023-3_table06.json.gz,4901dbecfc13fc73ff555d4c5b3e88d642bb799f45a64d44a2e0c0775c4e6c68,raw/2023-3_table06_info.json,4919e1b3e6d69969ce22027e3dbc225628bffc8774ea10e98ca92cb252f1daf7,https://www.bddk.org.tr/BultenFinturk/tr/Home/MetaveriPdfIndir?tabloNo=6
2023-03,2023-03-31,ARTVİN,10003,KALKINMA VE YATIRIM,SubeSayisi,Yurtiçi Şube Sayısı,,0.0,derived_zero_function_group_identity,SEKTOR = MEVDUAT + KATILIM + KALKINMA_VE_YATIRIM,Published sector total equals the sum of the three non-negative functional-group branch counts with zero residual.,32.0,32.0,,,2,32.0,0.0,True,raw/2023-3_table06.json.gz,4901dbecfc13fc73ff555d4c5b3e88d642bb799f45a64d44a2e0c0775c4e6c68,raw/2023-3_table06_info.json,4919e1b3e6d69969ce22027e3dbc225628bffc8774ea10e98ca92cb252f1daf7,https://www.bddk.org.tr/BultenFinturk/tr/Home/MetaveriPdfIndir?tabloNo=6
2023-03,2023-03-31,ARTVİN,10004,KATILIM,SubeSayisi,Yurtiçi Şube Sayısı,,0.0,derived_zero_function_group_identity,SEKTOR = MEVDUAT + KATILIM + KALKINMA_VE_YATIRIM,Published sector total equals the sum of the three non-negative functional-group branch counts with zero residual.,32.0,32.0,,,2,32.0,0.0,True,raw/2023-3_table06.json.gz,4901dbecfc13fc73ff555d4c5b3e88d642bb799f45a64d44a2e0c0775c4e6c68,raw/2023-3_table06_info.json,4919e1b3e6d69969ce22027e3dbc225628bffc8774ea10e98ca92cb252f1daf7,https://www.bddk.org.tr/BultenFinturk/tr/Home/MetaveriPdfIndir?tabloNo=6
2023-03,2023-03-31,AYDIN,10003,KALKINMA VE YATIRIM,SubeSayisi,Yurtiçi Şube Sayısı,,0.0,derived_zero_function_group_identity,SEKTOR = MEVDUAT + KATILIM + KALKINMA_VE_YATIRIM,Published sector total equals the sum of the three non-negative functional-group branch counts with zero residual.,157.0,146.0,,11.0,1,157.0,0.0,True,raw/2023-3_table06.json.gz,4901dbecfc13fc73ff555d4c5b3e88d642bb799f45a64d44a2e0c0775c4e6c68,raw/2023-3_table06_info.json,4919e1b3e6d69969ce22027e3dbc225628bffc8774ea10e98ca92cb252f1daf7,https://www.bddk.org.tr/BultenFinturk/tr/Home/MetaveriPdfIndir?tabloNo=6
2023-03,2023-03-31,AĞRI,10003,KALKINMA VE YATIRIM,SubeSayisi,Yurtiçi Şube Sayısı,,0.0,derived_zero_function_group_identity,SEKTOR = MEVDUAT + KATILIM + KALKINMA_VE_YATIRIM,Published sector total equals the sum of the three non-negative functional-group branch counts with zero residual.,26.0,24.0,,2.0,1,26.0,0.0,True,raw/2023-3_table06.json.gz,4901dbecfc13fc73ff555d4c5b3e88d642bb799f45a64d44a2e0c0775c4e6c68,raw/2023-3_table06_info.json,4919e1b3e6d69969ce22027e3dbc225628bffc8774ea10e98ca92cb252f1daf7,https://www.bddk.org.tr/BultenFinturk/tr/Home/MetaveriPdfIndir?tabloNo=6
2023-03,2023-03-31,BALIKESİR,10003,KALKINMA VE YATIRIM,SubeSayisi,Yurtiçi Şube Sayısı,,0.0,derived_zero_function_group_identity,SEKTOR = MEVDUAT + KATILIM + KALKINMA_VE_YATIRIM,Published sector total equals the sum of the three non-negative functional-group branch counts with zero residual.,158.0,145.0,,13.0,1,158.0,0.0,True,raw/2023-3_table06.json.gz,4901dbecfc13fc73ff555d4c5b3e88d642bb799f45a64d44a2e0c0775c4e6c68,raw/2023-3_table06_info.json,4919e1b3e6d69969ce22027e3dbc225628bffc8774ea10e98ca92cb252f1daf7,https://www.bddk.org.tr/BultenFinturk/tr/Home/MetaveriPdfIndir?tabloNo=6
2023-03,2023-03-31,BARTIN,10003,KALKINMA VE YATIRIM,SubeSayisi,Yurtiçi Şube Sayısı,,0.0,derived_zero_function_group_identity,SEKTOR = MEVDUAT + KATILIM + KALKINMA_VE_YATIRIM,Published sector total equals the sum of the three non-negative functional-group branch counts with zero residual.,22.0,20.0,,2.0,1,22.0,0.0,True,raw/2023-3_table06.json.gz,4901dbecfc13fc73ff555d4c5b3e88d642bb799f45a64d44a2e0c0775c4e6c68,raw/2023-3_table06_info.json,4919e1b3e6d69969ce22027e3dbc225628bffc8774ea10e98ca92cb252f1daf7,https://www.bddk.org.tr/BultenFinturk/tr/Home/MetaveriPdfIndir?tabloNo=6
2023-03,2023-03-31,BATMAN,10003,KALKINMA VE YATIRIM,SubeSayisi,Yurtiçi Şube Sayısı,,0.0,derived_zero_function_group_identity,SEKTOR = MEVDUAT + KATILIM + KALKINMA_VE_YATIRIM,Published sector total equals the sum of the three non-negative functional-group branch counts with zero residual.,32.0,25.0,,7.0,1,32.0,0.0,True,raw/2023-3_table06.json.gz,4901dbecfc13fc73ff555d4c5b3e88d642bb799f45a64d44a2e0c0775c4e6c68,raw/2023-3_table06_info.json,4919e1b3e6d69969ce22027e3dbc225628bffc8774ea10e98ca92cb252f1daf7,https://www.bddk.org.tr/BultenFinturk/tr/Home/MetaveriPdfIndir?tabloNo=6
2023-03,2023-03-31,BAYBURT,10003,KALKINMA VE YATIRIM,SubeSayisi,Yurtiçi Şube Sayısı,,0.0,derived_zero_function_group_identity,SEKTOR = MEVDUAT + KATILIM + KALKINMA_VE_YATIRIM,Published sector total equals the sum of the three non-negative functional-group branch counts with zero residual.,8.0,8.0,,,2,8.0,0.0,True,raw/2023-3_table06.json.gz,4901dbecfc13fc73ff555d4c5b3e88d642bb799f45a64d44a2e0c0775c4e6c68,raw/2023-3_table06_info.json,4919e1b3e6d69969ce22027e3dbc225628bffc8774ea10e98ca92cb252f1daf7,https://www.bddk.org.tr/BultenFinturk/tr/Home/MetaveriPdfIndir?tabloNo=6
2023-03,2023-03-31,BAYBURT,10004,KATILIM,SubeSayisi,Yurtiçi Şube Sayısı,,0.0,derived_zero_function_group_identity,SEKTOR = MEVDUAT + KATILIM + KALKINMA_VE_YATIRIM,Published sector total equals the sum of the three non-negative functional-group branch counts with zero residual.,8.0,8.0,,,2,8.0,0.0,True,raw/2023-3_table06.json.gz,4901dbecfc13fc73ff555d4c5b3e88d642bb799f45a64d44a2e0c0775c4e6c68,raw/2023-3_table06_info.json,4919e1b3e6d69969ce22027e3dbc225628bffc8774ea10e98ca92cb252f1daf7,https://www.bddk.org.tr/BultenFinturk/tr/Home/MetaveriPdfIndir?tabloNo=6
2023-03,2023-03-31,BOLU,10003,KALKINMA VE YATIRIM,SubeSayisi,Yurtiçi Şube Sayısı,,0.0,derived_zero_function_group_identity,SEKTOR = MEVDUAT + KATILIM + KALKINMA_VE_YATIRIM,Published sector total equals the sum of the three non-negative functional-group branch counts with zero residual.,40.0,35.0,,5.0,1,40.0,0.0,True,raw/2023-3_table06.json.gz,4901dbecfc13fc73ff555d4c5b3e88d642bb799f45a64d44a2e0c0775c4e6c68,raw/2023-3_table06_info.json,4919e1b3e6d69969ce22027e3dbc225628bffc8774ea10e98ca92cb252f1daf7,https://www.bddk.org.tr/BultenFinturk/tr/Home/MetaveriPdfIndir?tabloNo=6
2023-03,2023-03-31,BURDUR,10003,KALKINMA VE YATIRIM,SubeSayisi,Yurtiçi Şube Sayısı,,0.0,derived_zero_function_group_identity,SEKTOR = MEVDUAT + KATILIM + KALKINMA_VE_YATIRIM,Published sector total equals the sum of the three non-negative functional-group branch counts with zero residual.,36.0,34.0,,2.0,1,36.0,0.0,True,raw/2023-3_table06.json.gz,4901dbecfc13fc73ff555d4c5b3e88d642bb799f45a64d44a2e0c0775c4e6c68,raw/2023-3_table06_info.json,4919e1b3e6d69969ce22027e3dbc225628bffc8774ea10e98ca92cb252f1daf7,https://www.bddk.org.tr/BultenFinturk/tr/Home/MetaveriPdfIndir?tabloNo=6
2023-03,2023-03-31,BİLECİK,10003,KALKINMA VE YATIRIM,SubeSayisi,Yurtiçi Şube Sayısı,,0.0,derived_zero_function_group_identity,SEKTOR = MEVDUAT + KATILIM + KALKINMA_VE_YATIRIM,Published sector total equals the sum of the three non-negative functional-group branch counts with zero residual.,30.0,29.0,,1.0,1,30.0,0.0,True,raw/2023-3_table06.json.gz,4901dbecfc13fc73ff555d4c5b3e88d642bb799f45a64d44a2e0c0775c4e6c68,raw/2023-3_table06_info.json,4919e1b3e6d69969ce22027e3dbc225628bffc8774ea10e98ca92cb252f1daf7,https://www.bddk.org.tr/BultenFinturk/tr/Home/MetaveriPdfIndir?tabloNo=6
2023-03,2023-03-31,BİNGÖL,10003,KALKINMA VE YATIRIM,SubeSayisi,Yurtiçi Şube Sayısı,,0.0,derived_zero_function_group_identity,SEKTOR = MEVDUAT + KATILIM + KALKINMA_VE_YATIRIM,Published sector total equals the sum of the three non-negative functional-group branch counts with zero residual.,16.0,14.0,,2.0,1,16.0,0.0,True,raw/2023-3_table06.json.gz,4901dbecfc13fc73ff555d4c5b3e88d642bb799f45a64d44a2e0c0775c4e6c68,raw/2023-3_table06_info.json,4919e1b3e6d69969ce22027e3dbc225628bffc8774ea10e98ca92cb252f1daf7,https://www.bddk.org.tr/BultenFinturk/tr/Home/MetaveriPdfIndir?tabloNo=6
2023-03,2023-03-31,BİTLİS,10003,KALKINMA VE YATIRIM,SubeSayisi,Yurtiçi Şube Sayısı,,0.0,derived_zero_function_group_identity,SEKTOR = MEVDUAT + KATILIM + KALKINMA_VE_YATIRIM,Published sector total equals the sum of the three non-negative functional-group branch counts with zero residual.,22.0,21.0,,1.0,1,22.0,0.0,True,raw/2023-3_table06.json.gz,4901dbecfc13fc73ff555d4c5b3e88d642bb799f45a64d44a2e0c0775c4e6c68,raw/2023-3_table06_info.json,4919e1b3e6d69969ce22027e3dbc225628bffc8774ea10e98ca92cb252f1daf7,https://www.bddk.org.tr/BultenFinturk/tr/Home/MetaveriPdfIndir?tabloNo=6
2023-03,2023-03-31,DÜZCE,10003,KALKINMA VE YATIRIM,SubeSayisi,Yurtiçi Şube Sayısı,,0.0,derived_zero_function_group_identity,SEKTOR = MEVDUAT + KATILIM + KALKINMA_VE_YATIRIM,Published sector total equals the sum of the three non-negative functional-group branch counts with zero residual.,37.0,30.0,,7.0,1,37.0,0.0,True,raw/2023-3_table06.json.gz,4901dbecfc13fc73ff555d4c5b3e88d642bb799f45a64d44a2e0c0775c4e6c68,raw/2023-3_table06_info.json,4919e1b3e6d69969ce22027e3dbc225628bffc8774ea10e98ca92cb252f1daf7,https://www.bddk.org.tr/BultenFinturk/tr/Home/MetaveriPdfIndir?tabloNo=6
2023-03,2023-03-31,EDİRNE,10003,KALKINMA VE YATIRIM,SubeSayisi,Yurtiçi Şube Sayısı,,0.0,derived_zero_function_group_identity,SEKTOR = MEVDUAT + KATILIM + KALKINMA_VE_YATIRIM,Published sector total equals the sum of the three non-negative functional-group branch counts with zero residual.,58.0,55.0,,3.0,1,58.0,0.0,True,raw/2023-3_table06.json.gz,4901dbecfc13fc73ff555d4c5b3e88d642bb799f45a64d44a2e0c0775c4e6c68,raw/2023-3_table06_info.json,4919e1b3e6d69969ce22027e3dbc225628bffc8774ea10e98ca92cb252f1daf7,https://www.bddk.org.tr/BultenFinturk/tr/Home/MetaveriPdfIndir?tabloNo=6
2023-03,2023-03-31,ERZİNCAN,10003,KALKINMA VE YATIRIM,SubeSayisi,Yurtiçi Şube Sayısı,,0.0,derived_zero_function_group_identity,SEKTOR = MEVDUAT + KATILIM + KALKINMA_VE_YATIRIM,Published sector total equals the sum of the three non-negative functional-group branch counts with zero residual.,29.0,24.0,,5.0,1,29.0,0.0,True,raw/2023-3_table06.json.gz,4901dbecfc13fc73ff555d4c5b3e88d642bb799f45a64d44a2e0c0775c4e6c68,raw/2023-3_table06_info.json,4919e1b3e6d69969ce22027e3dbc225628bffc8774ea10e98ca92cb252f1daf7,https://www.bddk.org.tr/BultenFinturk/tr/Home/MetaveriPdfIndir?tabloNo=6
2023-03,2023-03-31,GÜMÜŞHANE,10003,KALKINMA VE YATIRIM,SubeSayisi,Yurtiçi Şube Sayısı,,0.0,derived_zero_function_group_identity,SEKTOR = MEVDUAT + KATILIM + KALKINMA_VE_YATIRIM,Published sector total equals the sum of the three non-negative functional-group branch counts with zero residual.,20.0,19.0,,1.0,1,20.0,0.0,True,raw/2023-3_table06.json.gz,4901dbecfc13fc73ff555d4c5b3e88d642bb799f45a64d44a2e0c0775c4e6c68,raw/2023-3_table06_info.json,4919e1b3e6d69969ce22027e3dbc225628bffc8774ea10e98ca92cb252f1daf7,https://www.bddk.org.tr/BultenFinturk/tr/Home/MetaveriPdfIndir?tabloNo=6
2023-03,2023-03-31,GİRESUN,10003,KALKINMA VE YATIRIM,SubeSayisi,Yurtiçi Şube Sayısı,,0.0,derived_zero_function_group_identity,SEKTOR = MEVDUAT + KATILIM + KALKINMA_VE_YATIRIM,Published sector total equals the sum of the three non-negative functional-group branch counts with zero residual.,55.0,51.0,,4.0,1,55.0,0.0,True,raw/2023-3_table06.json.gz,4901dbecfc13fc73ff555d4c5b3e88d642bb799f45a64d44a2e0c0775c4e6c68,raw/2023-3_table06_info.json,4919e1b3e6d69969ce22027e3dbc225628bffc8774ea10e98ca92cb252f1daf7,https://www.bddk.org.tr/BultenFinturk/tr/Home/MetaveriPdfIndir?tabloNo=6
2023-03,2023-03-31,HAKKARİ,10003,KALKINMA VE YATIRIM,SubeSayisi,Yurtiçi Şube Sayısı,,0.0,derived_zero_function_group_identity,SEKTOR = MEVDUAT + KATILIM + KALKINMA_VE_YATIRIM,Published sector total equals the sum of the three non-negative functional-group branch counts with zero residual.,15.0,15.0,,,2,15.0,0.0,True,raw/2023-3_table06.json.gz,4901dbecfc13fc73ff555d4c5b3e88d642bb799f45a64d44a2e0c0775c4e6c68,raw/2023-3_table06_info.json,4919e1b3e6d69969ce22027e3dbc225628bffc8774ea10e98ca92cb252f1daf7,https://www.bddk.org.tr/BultenFinturk/tr/Home/MetaveriPdfIndir?tabloNo=6
2023-03,2023-03-31,HAKKARİ,10004,KATILIM,SubeSayisi,Yurtiçi Şube Sayısı,,0.0,derived_zero_function_group_identity,SEKTOR = MEVDUAT + KATILIM + KALKINMA_VE_YATIRIM,Published sector total equals the sum of the three non-negative functional-group branch counts with zero residual.,15.0,15.0,,,2,15.0,0.0,True,raw/2023-3_table06.json.gz,4901dbecfc13fc73ff555d4c5b3e88d642bb799f45a64d44a2e0c0775c4e6c68,raw/2023-3_table06_info.json,4919e1b3e6d69969ce22027e3dbc225628bffc8774ea10e98ca92cb252f1daf7,https://www.bddk.org.tr/BultenFinturk/tr/Home/MetaveriPdfIndir?tabloNo=6
2023-03,2023-03-31,ISPARTA,10003,KALKINMA VE YATIRIM,SubeSayisi,Yurtiçi Şube Sayısı,,0.0,derived_zero_function_group_identity,SEKTOR = MEVDUAT + KATILIM + KALKINMA_VE_YATIRIM,Published sector total equals the sum of the three non-negative functional-group branch counts with zero residual.,57.0,50.0,,7.0,1,57.0,0.0,True,raw/2023-3_table06.json.gz,4901dbecfc13fc73ff555d4c5b3e88d642bb799f45a64d44a2e0c0775c4e6c68,raw/2023-3_table06_info.json,4919e1b3e6d69969ce22027e3dbc225628bffc8774ea10e98ca92cb252f1daf7,https://www.bddk.org.tr/BultenFinturk/tr/Home/MetaveriPdfIndir?tabloNo=6
2023-03,2023-03-31,IĞDIR,10003,KALKINMA VE YATIRIM,SubeSayisi,Yurtiçi Şube Sayısı,,0.0,derived_zero_function_group_identity,SEKTOR = MEVDUAT + KATILIM + KALKINMA_VE_YATIRIM,Published sector total equals the sum of the three non-negative functional-group branch counts with zero residual.,15.0,14.0,,1.0,1,15.0,0.0,True,raw/2023-3_table06.json.gz,4901dbecfc13fc73ff555d4c5b3e88d642bb799f45a64d44a2e0c0775c4e6c68,raw/2023-3_table06_info.json,4919e1b3e6d69969ce22027e3dbc225628bffc8774ea10e98ca92cb252f1daf7,https://www.bddk.org.tr/BultenFinturk/tr/Home/MetaveriPdfIndir?tabloNo=6
2023-03,2023-03-31,KARABÜK,10003,KALKINMA VE YATIRIM,SubeSayisi,Yurtiçi Şube Sayısı,,0.0,derived_zero_function_group_identity,SEKTOR = MEVDUAT + KATILIM + KALKINMA_VE_YATIRIM,Published sector total equals the sum of the three non-negative functional-group branch counts with zero residual.,28.0,25.0,,3.0,1,28.0,0.0,True,raw/2023-3_table06.json.gz,4901dbecfc13fc73ff555d4c5b3e88d642bb799f45a64d44a2e0c0775c4e6c68,raw/2023-3_table06_info.json,4919e1b3e6d69969ce22027e3dbc225628bffc8774ea10e98ca92cb252f1daf7,https://www.bddk.org.tr/BultenFinturk/tr/Home/MetaveriPdfIndir?tabloNo=6
2023-03,2023-03-31,KARAMAN,10003,KALKINMA VE YATIRIM,SubeSayisi,Yurtiçi Şube Sayısı,,0.0,derived_zero_function_group_identity,SEKTOR = MEVDUAT + KATILIM + KALKINMA_VE_YATIRIM,Published sector total equals the sum of the three non-negative functional-group branch counts with zero residual.,26.0,21.0,,5.0,1,26.0,0.0,True,raw/2023-3_table06.json.gz,4901dbecfc13fc73ff555d4c5b3e88d642bb799f45a64d44a2e0c0775c4e6c68,raw/2023-3_table06_info.json,4919e1b3e6d69969ce22027e3dbc225628bffc8774ea10e98ca92cb252f1daf7,https://www.bddk.org.tr/BultenFinturk/tr/Home/MetaveriPdfIndir?tabloNo=6
2023-03,2023-03-31,KARS,10003,KALKINMA VE YATIRIM,SubeSayisi,Yurtiçi Şube Sayısı,,0.0,derived_zero_function_group_identity,SEKTOR = MEVDUAT + KATILIM + KALKINMA_VE_YATIRIM,Published sector total equals the sum of the three non-negative functional-group branch counts with zero residual.,26.0,24.0,,2.0,1,26.0,0.0,True,raw/2023-3_table06.json.gz,4901dbecfc13fc73ff555d4c5b3e88d642bb799f45a64d44a2e0c0775c4e6c68,raw/2023-3_table06_info.json,4919e1b3e6d69969ce22027e3dbc225628bffc8774ea10e98ca92cb252f1daf7,https://www.bddk.org.tr/BultenFinturk/tr/Home/MetaveriPdfIndir?tabloNo=6
2023-03,2023-03-31,KIRIKKALE,10003,KALKINMA VE YATIRIM,SubeSayisi,Yurtiçi Şube Sayısı,,0.0,derived_zero_function_group_identity,SEKTOR = MEVDUAT + KATILIM + KALKINMA_VE_YATIRIM,Published sector total equals the sum of the three non-negative functional-group branch counts with zero residual.,26.0,24.0,,2.0,1,26.0,0.0,True,raw/2023-3_table06.json.gz,4901dbecfc13fc73ff555d4c5b3e88d642bb799f45a64d44a2e0c0775c4e6c68,raw/2023-3_table06_info.json,4919e1b3e6d69969ce22027e3dbc225628bffc8774ea10e98ca92cb252f1daf7,https://www.bddk.org.tr/BultenFinturk/tr/Home/MetaveriPdfIndir?tabloNo=6
2023-03,2023-03-31,KIRKLARELİ,10003,KALKINMA VE YATIRIM,SubeSayisi,Yurtiçi Şube Sayısı,,0.0,derived_zero_function_group_identity,SEKTOR = MEVDUAT + KATILIM + KALKINMA_VE_YATIRIM,Published sector total equals the sum of the three non-negative functional-group branch counts with zero residual.,49.0,48.0,,1.0,1,49.0,0.0,True,raw/2023-3_table06.json.gz,4901dbecfc13fc73ff555d4c5b3e88d642bb799f45a64d44a2e0c0775c4e6c68,raw/2023-3_table06_info.json,4919e1b3e6d69969ce22027e3dbc225628bffc8774ea10e98ca92cb252f1daf7,https://www.bddk.org.tr/BultenFinturk/tr/Home/MetaveriPdfIndir?tabloNo=6
2023-03,2023-03-31,KIRŞEHİR,10003,KALKINMA VE YATIRIM,SubeSayisi,Yurtiçi Şube Sayısı,,0.0,derived_zero_function_group_identity,SEKTOR = MEVDUAT + KATILIM + KALKINMA_VE_YATIRIM,Published sector total equals the sum of the three non-negative functional-group branch counts with zero residual.,27.0,25.0,,2.0,1,27.0,0.0,True,raw/2023-3_table06.json.gz,4901dbecfc13fc73ff555d4c5b3e88d642bb799f45a64d44a2e0c0775c4e6c68,raw/2023-3_table06_info.json,4919e1b3e6d69969ce22027e3dbc225628bffc8774ea10e98ca92cb252f1daf7,https://www.bddk.org.tr/BultenFinturk/tr/Home/MetaveriPdfIndir?tabloNo=6
2023-03,2023-03-31,KÜTAHYA,10003,KALKINMA VE YATIRIM,SubeSayisi,Yurtiçi Şube Sayısı,,0.0,derived_zero_function_group_identity,SEKTOR = MEVDUAT + KATILIM + KALKINMA_VE_YATIRIM,Published sector total equals the sum of the three non-negative functional-group branch counts with zero residual.,56.0,49.0,,7.0,1,56.0,0.0,True,raw/2023-3_table06.json.gz,4901dbecfc13fc73ff555d4c5b3e88d642bb799f45a64d44a2e0c0775c4e6c68,raw/2023-3_table06_info.json,4919e1b3e6d69969ce22027e3dbc225628bffc8774ea10e98ca92cb252f1daf7,https://www.bddk.org.tr/BultenFinturk/tr/Home/MetaveriPdfIndir?tabloNo=6
2023-03,2023-03-31,KİLİS,10003,KALKINMA VE YATIRIM,SubeSayisi,Yurtiçi Şube Sayısı,,0.0,derived_zero_function_group_identity,SEKTOR = MEVDUAT + KATILIM + KALKINMA_VE_YATIRIM,Published sector total equals the sum of the three non-negative functional-group branch counts with zero residual.,10.0,9.0,,1.0,1,10.0,0.0,True,raw/2023-3_table06.json.gz,4901dbecfc13fc73ff555d4c5b3e88d642bb799f45a64d44a2e0c0775c4e6c68,raw/2023-3_table06_info.json,4919e1b3e6d69969ce22027e3dbc225628bffc8774ea10e98ca92cb252f1daf7,https://www.bddk.org.tr/BultenFinturk/tr/Home/MetaveriPdfIndir?tabloNo=6
2023-03,2023-03-31,MALATYA,10003,KALKINMA VE YATIRIM,SubeSayisi,Yurtiçi Şube Sayısı,,0.0,derived_zero_function_group_identity,SEKTOR = MEVDUAT + KATILIM + KALKINMA_VE_YATIRIM,Published sector total equals the sum of the three non-negative functional-group branch counts with zero residual.,68.0,58.0,,10.0,1,68.0,0.0,True,raw/2023-3_table06.json.gz,4901dbecfc13fc73ff555d4c5b3e88d642bb799f45a64d44a2e0c0775c4e6c68,raw/2023-3_table06_info.json,4919e1b3e6d69969ce22027e3dbc225628bffc8774ea10e98ca92cb252f1daf7,https://www.bddk.org.tr/BultenFinturk/tr/Home/MetaveriPdfIndir?tabloNo=6
2023-03,2023-03-31,MARDİN,10003,KALKINMA VE YATIRIM,SubeSayisi,Yurtiçi Şube Sayısı,,0.0,derived_zero_function_group_identity,SEKTOR = MEVDUAT + KATILIM + KALKINMA_VE_YATIRIM,Published sector total equals the sum of the three non-negative functional-group branch counts with zero residual.,49.0,43.0,,6.0,1,49.0,0.0,True,raw/2023-3_table06.json.gz,4901dbecfc13fc73ff555d4c5b3e88d642bb799f45a64d44a2e0c0775c4e6c68,raw/2023-3_table06_info.json,4919e1b3e6d69969ce22027e3dbc225628bffc8774ea10e98ca92cb252f1daf7,https://www.bddk.org.tr/BultenFinturk/tr/Home/MetaveriPdfIndir?tabloNo=6
2023-03,2023-03-31,MUŞ,10003,KALKINMA VE YATIRIM,SubeSayisi,Yurtiçi Şube Sayısı,,0.0,derived_zero_function_group_identity,SEKTOR = MEVDUAT + KATILIM + KALKINMA_VE_YATIRIM,Published sector total equals the sum of the three non-negative functional-group branch counts with zero residual.,19.0,17.0,,2.0,1,19.0,0.0,True,raw/2023-3_table06.json.gz,4901dbecfc13fc73ff555d4c5b3e88d642bb799f45a64d44a2e0c0775c4e6c68,raw/2023-3_table06_info.json,4919e1b3e6d69969ce22027e3dbc225628bffc8774ea10e98ca92cb252f1daf7,https://www.bddk.org.tr/BultenFinturk/tr/Home/MetaveriPdfIndir?tabloNo=6
2023-03,2023-03-31,NEVŞEHİR,10003,KALKINMA VE YATIRIM,SubeSayisi,Yurtiçi Şube Sayısı,,0.0,derived_zero_function_group_identity,SEKTOR = MEVDUAT + KATILIM + KALKINMA_VE_YATIRIM,Published sector total equals the sum of the three non-negative functional-group branch counts with zero residual.,43.0,37.0,,6.0,1,43.0,0.0,True,raw/2023-3_table06.json.gz,4901dbecfc13fc73ff555d4c5b3e88d642bb799f45a64d44a2e0c0775c4e6c68,raw/2023-3_table06_info.json,4919e1b3e6d69969ce22027e3dbc225628bffc8774ea10e98ca92cb252f1daf7,https://www.bddk.org.tr/BultenFinturk/tr/Home/MetaveriPdfIndir?tabloNo=6
2023-03,2023-03-31,NİĞDE,10003,KALKINMA VE YATIRIM,SubeSayisi,Yurtiçi Şube Sayısı,,0.0,derived_zero_function_group_identity,SEKTOR = MEVDUAT + KATILIM + KALKINMA_VE_YATIRIM,Published sector total equals the sum of the three non-negative functional-group branch counts with zero residual.,27.0,24.0,,3.0,1,27.0,0.0,True,raw/2023-3_table06.json.gz,4901dbecfc13fc73ff555d4c5b3e88d642bb799f45a64d44a2e0c0775c4e6c68,raw/2023-3_table06_info.json,4919e1b3e6d69969ce22027e3dbc225628bffc8774ea10e98ca92cb252f1daf7,https://www.bddk.org.tr/BultenFinturk/tr/Home/MetaveriPdfIndir?tabloNo=6
2023-03,2023-03-31,ORDU,10003,KALKINMA VE YATIRIM,SubeSayisi,Yurtiçi Şube Sayısı,,0.0,derived_zero_function_group_identity,SEKTOR = MEVDUAT + KATILIM + KALKINMA_VE_YATIRIM,Published sector total equals the sum of the three non-negative functional-group branch counts with zero residual.,74.0,67.0,,7.0,1,74.0,0.0,True,raw/2023-3_table06.json.gz,4901dbecfc13fc73ff555d4c5b3e88d642bb799f45a64d44a2e0c0775c4e6c68,raw/2023-3_table06_info.json,4919e1b3e6d69969ce22027e3dbc225628bffc8774ea10e98ca92cb252f1daf7,https://www.bddk.org.tr/BultenFinturk/tr/Home/MetaveriPdfIndir?tabloNo=6
2023-03,2023-03-31,OSMANİYE,10003,KALKINMA VE YATIRIM,SubeSayisi,Yurtiçi Şube Sayısı,,0.0,derived_zero_function_group_identity,SEKTOR = MEVDUAT + KATILIM + KALKINMA_VE_YATIRIM,Published sector total equals the sum of the three non-negative functional-group branch counts with zero residual.,40.0,35.0,,5.0,1,40.0,0.0,True,raw/2023-3_table06.json.gz,4901dbecfc13fc73ff555d4c5b3e88d642bb799f45a64d44a2e0c0775c4e6c68,raw/2023-3_table06_info.json,4919e1b3e6d69969ce22027e3dbc225628bffc8774ea10e98ca92cb252f1daf7,https://www.bddk.org.tr/BultenFinturk/tr/Home/MetaveriPdfIndir?tabloNo=6
2023-03,2023-03-31,RİZE,10003,KALKINMA VE YATIRIM,SubeSayisi,Yurtiçi Şube Sayısı,,0.0,derived_zero_function_group_identity,SEKTOR = MEVDUAT + KATILIM + KALKINMA_VE_YATIRIM,Published sector total equals the sum of the three non-negative functional-group branch counts with zero residual.,50.0,44.0,,6.0,1,50.0,0.0,True,raw/2023-3_table06.json.gz,4901dbecfc13fc73ff555d4c5b3e88d642bb799f45a64d44a2e0c0775c4e6c68,raw/2023-3_table06_info.json,4919e1b3e6d69969ce22027e3dbc225628bffc8774ea10e98ca92cb252f1daf7,https://www.bddk.org.tr/BultenFinturk/tr/Home/MetaveriPdfIndir?tabloNo=6
2023-03,2023-03-31,SAKARYA,10003,KALKINMA VE YATIRIM,SubeSayisi,Yurtiçi Şube Sayısı,,0.0,derived_zero_function_group_identity,SEKTOR = MEVDUAT + KATILIM + KALKINMA_VE_YATIRIM,Published sector total equals the sum of the three non-negative functional-group branch counts with zero residual.,120.0,108.0,,12.0,1,120.0,0.0,True,raw/2023-3_table06.json.gz,4901dbecfc13fc73ff555d4c5b3e88d642bb799f45a64d44a2e0c0775c4e6c68,raw/2023-3_table06_info.json,4919e1b3e6d69969ce22027e3dbc225628bffc8774ea10e98ca92cb252f1daf7,https://www.bddk.org.tr/BultenFinturk/tr/Home/MetaveriPdfIndir?tabloNo=6
2023-03,2023-03-31,SİNOP,10003,KALKINMA VE YATIRIM,SubeSayisi,Yurtiçi Şube Sayısı,,0.0,derived_zero_function_group_identity,SEKTOR = MEVDUAT + KATILIM + KALKINMA_VE_YATIRIM,Published sector total equals the sum of the three non-negative functional-group branch counts with zero residual.,30.0,30.0,,,2,30.0,0.0,True,raw/2023-3_table06.json.gz,4901dbecfc13fc73ff555d4c5b3e88d642bb799f45a64d44a2e0c0775c4e6c68,raw/2023-3_table06_info.json,4919e1b3e6d69969ce22027e3dbc225628bffc8774ea10e98ca92cb252f1daf7,https://www.bddk.org.tr/BultenFinturk/tr/Home/MetaveriPdfIndir?tabloNo=6
2023-03,2023-03-31,SİNOP,10004,KATILIM,SubeSayisi,Yurtiçi Şube Sayısı,,0.0,derived_zero_function_group_identity,SEKTOR = MEVDUAT + KATILIM + KALKINMA_VE_YATIRIM,Published sector total equals the sum of the three non-negative functional-group branch counts with zero residual.,30.0,30.0,,,2,30.0,0.0,True,raw/2023-3_table06.json.gz,4901dbecfc13fc73ff555d4c5b3e88d642bb799f45a64d44a2e0c0775c4e6c68,raw/2023-3_table06_info.json,4919e1b3e6d69969ce22027e3dbc225628bffc8774ea10e98ca92cb252f1daf7,https://www.bddk.org.tr/BultenFinturk/tr/Home/MetaveriPdfIndir?tabloNo=6
2023-03,2023-03-31,SİİRT,10003,KALKINMA VE YATIRIM,SubeSayisi,Yurtiçi Şube Sayısı,,0.0,derived_zero_function_group_identity,SEKTOR = MEVDUAT + KATILIM + KALKINMA_VE_YATIRIM,Published sector total equals the sum of the three non-negative functional-group branch counts with zero residual.,21.0,16.0,,5.0,1,21.0,0.0,True,raw/2023-3_table06.json.gz,4901dbecfc13fc73ff555d4c5b3e88d642bb799f45a64d44a2e0c0775c4e6c68,raw/2023-3_table06_info.json,4919e1b3e6d69969ce22027e3dbc225628bffc8774ea10e98ca92cb252f1daf7,https://www.bddk.org.tr/BultenFinturk/tr/Home/MetaveriPdfIndir?tabloNo=6
2023-03,2023-03-31,TOKAT,10003,KALKINMA VE YATIRIM,SubeSayisi,Yurtiçi Şube Sayısı,,0.0,derived_zero_function_group_identity,SEKTOR = MEVDUAT + KATILIM + KALKINMA_VE_YATIRIM,Published sector total equals the sum of the three non-negative functional-group branch counts with zero residual.,57.0,52.0,,5.0,1,57.0,0.0,True,raw/2023-3_table06.json.gz,4901dbecfc13fc73ff555d4c5b3e88d642bb799f45a64d44a2e0c0775c4e6c68,raw/2023-3_table06_info.json,4919e1b3e6d69969ce22027e3dbc225628bffc8774ea10e98ca92cb252f1daf7,https://www.bddk.org.tr/BultenFinturk/tr/Home/MetaveriPdfIndir?tabloNo=6
2023-03,2023-03-31,TUNCELİ,10003,KALKINMA VE YATIRIM,SubeSayisi,Yurtiçi Şube Sayısı,,0.0,derived_zero_function_group_identity,SEKTOR = MEVDUAT + KATILIM + KALKINMA_VE_YATIRIM,Published sector total equals the sum of the three non-negative functional-group branch counts with zero residual.,13.0,13.0,,,2,13.0,0.0,True,raw/2023-3_table06.json.gz,4901dbecfc13fc73ff555d4c5b3e88d642bb799f45a64d44a2e0c0775c4e6c68,raw/2023-3_table06_info.json,4919e1b3e6d69969ce22027e3dbc225628bffc8774ea10e98ca92cb252f1daf7,https://www.bddk.org.tr/BultenFinturk/tr/Home/MetaveriPdfIndir?tabloNo=6
2023-03,2023-03-31,TUNCELİ,10004,KATILIM,SubeSayisi,Yurtiçi Şube Sayısı,,0.0,derived_zero_function_group_identity,SEKTOR = MEVDUAT + KATILIM + KALKINMA_VE_YATIRIM,Published sector total equals the sum of the three non-negative functional-group branch counts with zero residual.,13.0,13.0,,,2,13.0,0.0,True,raw/2023-3_table06.json.gz,4901dbecfc13fc73ff555d4c5b3e88d642bb799f45a64d44a2e0c0775c4e6c68,raw/2023-3_table06_info.json,4919e1b3e6d69969ce22027e3dbc225628bffc8774ea10e98ca92cb252f1daf7,https://www.bddk.org.tr/BultenFinturk/tr/Home/MetaveriPdfIndir?tabloNo=6
2023-03,2023-03-31,UŞAK,10003,KALKINMA VE YATIRIM,SubeSayisi,Yurtiçi Şube Sayısı,,0.0,derived_zero_function_group_identity,SEKTOR = MEVDUAT + KATILIM + KALKINMA_VE_YATIRIM,Published sector total equals the sum of the three non-negative functional-group branch counts with zero residual.,46.0,41.0,,5.0,1,46.0,0.0,True,raw/2023-3_table06.json.gz,4901dbecfc13fc73ff555d4c5b3e88d642bb799f45a64d44a2e0c0775c4e6c68,raw/2023-3_table06_info.json,4919e1b3e6d69969ce22027e3dbc225628bffc8774ea10e98ca92cb252f1daf7,https://www.bddk.org.tr/BultenFinturk/tr/Home/MetaveriPdfIndir?tabloNo=6
2023-03,2023-03-31,YALOVA,10003,KALKINMA VE YATIRIM,SubeSayisi,Yurtiçi Şube Sayısı,,0.0,derived_zero_function_group_identity,SEKTOR = MEVDUAT + KATILIM + KALKINMA_VE_YATIRIM,Published sector total equals the sum of the three non-negative functional-group branch counts with zero residual.,29.0,23.0,,6.0,1,29.0,0.0,True,raw/2023-3_table06.json.gz,4901dbecfc13fc73ff555d4c5b3e88d642bb799f45a64d44a2e0c0775c4e6c68,raw/2023-3_table06_info.json,4919e1b3e6d69969ce22027e3dbc225628bffc8774ea10e98ca92cb252f1daf7,https://www.bddk.org.tr/BultenFinturk/tr/Home/MetaveriPdfIndir?tabloNo=6
2023-03,2023-03-31,YOZGAT,10003,KALKINMA VE YATIRIM,SubeSayisi,Yurtiçi Şube Sayısı,,0.0,derived_zero_function_group_identity,SEKTOR = MEVDUAT + KATILIM + KALKINMA_VE_YATIRIM,Published sector total equals the sum of the three non-negative functional-group branch counts with zero residual.,53.0,50.0,,3.0,1,53.0,0.0,True,raw/2023-3_table06.json.gz,4901dbecfc13fc73ff555d4c5b3e88d642bb799f45a64d44a2e0c0775c4e6c68,raw/2023-3_table06_info.json,4919e1b3e6d69969ce22027e3dbc225628bffc8774ea10e98ca92cb252f1daf7,https://www.bddk.org.tr/BultenFinturk/tr/Home/MetaveriPdfIndir?tabloNo=6
2023-03,2023-03-31,ZONGULDAK,10003,KALKINMA VE YATIRIM,SubeSayisi,Yurtiçi Şube Sayısı,,0.0,derived_zero_function_group_identity,SEKTOR = MEVDUAT + KATILIM + KALKINMA_VE_YATIRIM,Published sector total equals the sum of the three non-negative functional-group branch counts with zero residual.,64.0,60.0,,4.0,1,64.0,0.0,True,raw/2023-3_table06.json.gz,4901dbecfc13fc73ff555d4c5b3e88d642bb799f45a64d44a2e0c0775c4e6c68,raw/2023-3_table06_info.json,4919e1b3e6d69969ce22027e3dbc225628bffc8774ea10e98ca92cb252f1daf7,https://www.bddk.org.tr/BultenFinturk/tr/Home/MetaveriPdfIndir?tabloNo=6
2023-03,2023-03-31,ÇANAKKALE,10003,KALKINMA VE YATIRIM,SubeSayisi,Yurtiçi Şube Sayısı,,0.0,derived_zero_function_group_identity,SEKTOR = MEVDUAT + KATILIM + KALKINMA_VE_YATIRIM,Published sector total equals the sum of the three non-negative functional-group branch counts with zero residual.,80.0,75.0,,5.0,1,80.0,0.0,True,raw/2023-3_table06.json.gz,4901dbecfc13fc73ff555d4c5b3e88d642bb799f45a64d44a2e0c0775c4e6c68,raw/2023-3_table06_info.json,4919e1b3e6d69969ce22027e3dbc225628bffc8774ea10e98ca92cb252f1daf7,https://www.bddk.org.tr/BultenFinturk/tr/Home/MetaveriPdfIndir?tabloNo=6
2023-03,2023-03-31,ÇANKIRI,10003,KALKINMA VE YATIRIM,SubeSayisi,Yurtiçi Şube Sayısı,,0.0,derived_zero_function_group_identity,SEKTOR = MEVDUAT + KATILIM + KALKINMA_VE_YATIRIM,Published sector total equals the sum of the three non-negative functional-group branch counts with zero residual.,32.0,30.0,,2.0,1,32.0,0.0,True,raw/2023-3_table06.json.gz,4901dbecfc13fc73ff555d4c5b3e88d642bb799f45a64d44a2e0c0775c4e6c68,raw/2023-3_table06_info.json,4919e1b3e6d69969ce22027e3dbc225628bffc8774ea10e98ca92cb252f1daf7,https://www.bddk.org.tr/BultenFinturk/tr/Home/MetaveriPdfIndir?tabloNo=6
2023-03,2023-03-31,ÇORUM,10003,KALKINMA VE YATIRIM,SubeSayisi,Yurtiçi Şube Sayısı,,0.0,derived_zero_function_group_identity,SEKTOR = MEVDUAT + KATILIM + KALKINMA_VE_YATIRIM,Published sector total equals the sum of the three non-negative functional-group branch counts with zero residual.,64.0,58.0,,6.0,1,64.0,0.0,True,raw/2023-3_table06.json.gz,4901dbecfc13fc73ff555d4c5b3e88d642bb799f45a64d44a2e0c0775c4e6c68,raw/2023-3_table06_info.json,4919e1b3e6d69969ce22027e3dbc225628bffc8774ea10e98ca92cb252f1daf7,https://www.bddk.org.tr/BultenFinturk/tr/Home/MetaveriPdfIndir?tabloNo=6
2023-03,2023-03-31,ŞANLIURFA,10003,KALKINMA VE YATIRIM,SubeSayisi,Yurtiçi Şube Sayısı,,0.0,derived_zero_function_group_identity,SEKTOR = MEVDUAT + KATILIM + KALKINMA_VE_YATIRIM,Published sector total equals the sum of the three non-negative functional-group branch counts with zero residual.,91.0,77.0,,14.0,1,91.0,0.0,True,raw/2023-3_table06.json.gz,4901dbecfc13fc73ff555d4c5b3e88d642bb799f45a64d44a2e0c0775c4e6c68,raw/2023-3_table06_info.json,4919e1b3e6d69969ce22027e3dbc225628bffc8774ea10e98ca92cb252f1daf7,https://www.bddk.org.tr/BultenFinturk/tr/Home/MetaveriPdfIndir?tabloNo=6
2023-03,2023-03-31,ŞIRNAK,10003,KALKINMA VE YATIRIM,SubeSayisi,Yurtiçi Şube Sayısı,,0.0,derived_zero_function_group_identity,SEKTOR = MEVDUAT + KATILIM + KALKINMA_VE_YATIRIM,Published sector total equals the sum of the three non-negative functional-group branch counts with zero residual.,22.0,21.0,,1.0,1,22.0,0.0,True,raw/2023-3_table06.json.gz,4901dbecfc13fc73ff555d4c5b3e88d642bb799f45a64d44a2e0c0775c4e6c68,raw/2023-3_table06_info.json,4919e1b3e6d69969ce22027e3dbc225628bffc8774ea10e98ca92cb252f1daf7,https://www.bddk.org.tr/BultenFinturk/tr/Home/MetaveriPdfIndir?tabloNo=6
2023-06,2023-06-30,ADIYAMAN,10003,KALKINMA VE YATIRIM,SubeSayisi,Yurtiçi Şube Sayısı,,0.0,derived_zero_function_group_identity,SEKTOR = MEVDUAT + KATILIM + KALKINMA_VE_YATIRIM,Published sector total equals the sum of the three non-negative functional-group branch counts with zero residual.,41.0,36.0,,5.0,1,41.0,0.0,True,raw/2023-6_table06.json.gz,4e1b08686c766d518dc87013730e0ea698b6fe46fb9b4c17d44983cefbe3dae3,raw/2023-6_table06_info.json,0178fae5aef4e6e05c512d698a156d05fdbabbc36cf10ed5a83692276ed85834,https://www.bddk.org.tr/BultenFinturk/tr/Home/MetaveriPdfIndir?tabloNo=6
2023-06,2023-06-30,AFYONKARAHİSAR,10003,KALKINMA VE YATIRIM,SubeSayisi,Yurtiçi Şube Sayısı,,0.0,derived_zero_function_group_identity,SEKTOR = MEVDUAT + KATILIM + KALKINMA_VE_YATIRIM,Published sector total equals the sum of the three non-negative functional-group branch counts with zero residual.,88.0,81.0,,7.0,1,88.0,0.0,True,raw/2023-6_table06.json.gz,4e1b08686c766d518dc87013730e0ea698b6fe46fb9b4c17d44983cefbe3dae3,raw/2023-6_table06_info.json,0178fae5aef4e6e05c512d698a156d05fdbabbc36cf10ed5a83692276ed85834,https://www.bddk.org.tr/BultenFinturk/tr/Home/MetaveriPdfIndir?tabloNo=6
2023-06,2023-06-30,AKSARAY,10003,KALKINMA VE YATIRIM,SubeSayisi,Yurtiçi Şube Sayısı,,0.0,derived_zero_function_group_identity,SEKTOR = MEVDUAT + KATILIM + KALKINMA_VE_YATIRIM,Published sector total equals the sum of the three non-negative functional-group branch counts with zero residual.,39.0,32.0,,7.0,1,39.0,0.0,True,raw/2023-6_table06.json.gz,4e1b08686c766d518dc87013730e0ea698b6fe46fb9b4c17d44983cefbe3dae3,raw/2023-6_table06_info.json,0178fae5aef4e6e05c512d698a156d05fdbabbc36cf10ed5a83692276ed85834,https://www.bddk.org.tr/BultenFinturk/tr/Home/MetaveriPdfIndir?tabloNo=6
2023-06,2023-06-30,AMASYA,10003,KALKINMA VE YATIRIM,SubeSayisi,Yurtiçi Şube Sayısı,,0.0,derived_zero_function_group_identity,SEKTOR = MEVDUAT + KATILIM + KALKINMA_VE_YATIRIM,Published sector total equals the sum of the three non-negative functional-group branch counts with zero residual.,40.0,37.0,,3.0,1,40.0,0.0,True,raw/2023-6_table06.json.gz,4e1b08686c766d518dc87013730e0ea698b6fe46fb9b4c17d44983cefbe3dae3,raw/2023-6_table06_info.json,0178fae5aef4e6e05c512d698a156d05fdbabbc36cf10ed5a83692276ed85834,https://www.bddk.org.tr/BultenFinturk/tr/Home/MetaveriPdfIndir?tabloNo=6
2023-06,2023-06-30,ARDAHAN,10003,KALKINMA VE YATIRIM,SubeSayisi,Yurtiçi Şube Sayısı,,0.0,derived_zero_function_group_identity,SEKTOR = MEVDUAT + KATILIM + KALKINMA_VE_YATIRIM,Published sector total equals the sum of the three non-negative functional-group branch counts with zero residual.,12.0,12.0,,,2,12.0,0.0,True,raw/2023-6_table06.json.gz,4e1b08686c766d518dc87013730e0ea698b6fe46fb9b4c17d44983cefbe3dae3,raw/2023-6_table06_info.json,0178fae5aef4e6e05c512d698a156d05fdbabbc36cf10ed5a83692276ed85834,https://www.bddk.org.tr/BultenFinturk/tr/Home/MetaveriPdfIndir?tabloNo=6
2023-06,2023-06-30,ARDAHAN,10004,KATILIM,SubeSayisi,Yurtiçi Şube Sayısı,,0.0,derived_zero_function_group_identity,SEKTOR = MEVDUAT + KATILIM + KALKINMA_VE_YATIRIM,Published sector total equals the sum of the three non-negative functional-group branch counts with zero residual.,12.0,12.0,,,2,12.0,0.0,True,raw/2023-6_table06.json.gz,4e1b08686c766d518dc87013730e0ea698b6fe46fb9b4c17d44983cefbe3dae3,raw/2023-6_table06_info.json,0178fae5aef4e6e05c512d698a156d05fdbabbc36cf10ed5a83692276ed85834,https://www.bddk.org.tr/BultenFinturk/tr/Home/MetaveriPdfIndir?tabloNo=6
2023-06,2023-06-30,ARTVİN,10003,KALKINMA VE YATIRIM,SubeSayisi,Yurtiçi Şube Sayısı,,0.0,derived_zero_function_group_identity,SEKTOR = MEVDUAT + KATILIM + KALKINMA_VE_YATIRIM,Published sector total equals the sum of the three non-negative functional-group branch counts with zero residual.,32.0,32.0,,,2,32.0,0.0,True,raw/2023-6_table06.json.gz,4e1b08686c766d518dc87013730e0ea698b6fe46fb9b4c17d44983cefbe3dae3,raw/2023-6_table06_info.json,0178fae5aef4e6e05c512d698a156d05fdbabbc36cf10ed5a83692276ed85834,https://www.bddk.org.tr/BultenFinturk/tr/Home/MetaveriPdfIndir?tabloNo=6
2023-06,2023-06-30,ARTVİN,10004,KATILIM,SubeSayisi,Yurtiçi Şube Sayısı,,0.0,derived_zero_function_group_identity,SEKTOR = MEVDUAT + KATILIM + KALKINMA_VE_YATIRIM,Published sector total equals the sum of the three non-negative functional-group branch counts with zero residual.,32.0,32.0,,,2,32.0,0.0,True,raw/2023-6_table06.json.gz,4e1b08686c766d518dc87013730e0ea698b6fe46fb9b4c17d44983cefbe3dae3,raw/2023-6_table06_info.json,0178fae5aef4e6e05c512d698a156d05fdbabbc36cf10ed5a83692276ed85834,https://www.bddk.org.tr/BultenFinturk/tr/Home/MetaveriPdfIndir?tabloNo=6
2023-06,2023-06-30,AYDIN,10003,KALKINMA VE YATIRIM,SubeSayisi,Yurtiçi Şube Sayısı,,0.0,derived_zero_function_group_identity,SEKTOR = MEVDUAT + KATILIM + KALKINMA_VE_YATIRIM,Published sector total equals the sum of the three non-negative functional-group branch counts with zero residual.,157.0,146.0,,11.0,1,157.0,0.0,True,raw/2023-6_table06.json.gz,4e1b08686c766d518dc87013730e0ea698b6fe46fb9b4c17d44983cefbe3dae3,raw/2023-6_table06_info.json,0178fae5aef4e6e05c512d698a156d05fdbabbc36cf10ed5a83692276ed85834,https://www.bddk.org.tr/BultenFinturk/tr/Home/MetaveriPdfIndir?tabloNo=6
2023-06,2023-06-30,AĞRI,10003,KALKINMA VE YATIRIM,SubeSayisi,Yurtiçi Şube Sayısı,,0.0,derived_zero_function_group_identity,SEKTOR = MEVDUAT + KATILIM + KALKINMA_VE_YATIRIM,Published sector total equals the sum of the three non-negative functional-group branch counts with zero residual.,25.0,23.0,,2.0,1,25.0,0.0,True,raw/2023-6_table06.json.gz,4e1b08686c766d518dc87013730e0ea698b6fe46fb9b4c17d44983cefbe3dae3,raw/2023-6_table06_info.json,0178fae5aef4e6e05c512d698a156d05fdbabbc36cf10ed5a83692276ed85834,https://www.bddk.org.tr/BultenFinturk/tr/Home/MetaveriPdfIndir?tabloNo=6
2023-06,2023-06-30,BALIKESİR,10003,KALKINMA VE YATIRIM,SubeSayisi,Yurtiçi Şube Sayısı,,0.0,derived_zero_function_group_identity,SEKTOR = MEVDUAT + KATILIM + KALKINMA_VE_YATIRIM,Published sector total equals the sum of the three non-negative functional-group branch counts with zero residual.,158.0,145.0,,13.0,1,158.0,0.0,True,raw/2023-6_table06.json.gz,4e1b08686c766d518dc87013730e0ea698b6fe46fb9b4c17d44983cefbe3dae3,raw/2023-6_table06_info.json,0178fae5aef4e6e05c512d698a156d05fdbabbc36cf10ed5a83692276ed85834,https://www.bddk.org.tr/BultenFinturk/tr/Home/MetaveriPdfIndir?tabloNo=6
2023-06,2023-06-30,BARTIN,10003,KALKINMA VE YATIRIM,SubeSayisi,Yurtiçi Şube Sayısı,,0.0,derived_zero_function_group_identity,SEKTOR = MEVDUAT + KATILIM + KALKINMA_VE_YATIRIM,Published sector total equals the sum of the three non-negative functional-group branch counts with zero residual.,22.0,20.0,,2.0,1,22.0,0.0,True,raw/2023-6_table06.json.gz,4e1b08686c766d518dc87013730e0ea698b6fe46fb9b4c17d44983cefbe3dae3,raw/2023-6_table06_info.json,0178fae5aef4e6e05c512d698a156d05fdbabbc36cf10ed5a83692276ed85834,https://www.bddk.org.tr/BultenFinturk/tr/Home/MetaveriPdfIndir?tabloNo=6
2023-06,2023-06-30,BATMAN,10003,KALKINMA VE YATIRIM,SubeSayisi,Yurtiçi Şube Sayısı,,0.0,derived_zero_function_group_identity,SEKTOR = MEVDUAT + KATILIM + KALKINMA_VE_YATIRIM,Published sector total equals the sum of the three non-negative functional-group branch counts with zero residual.,32.0,25.0,,7.0,1,32.0,0.0,True,raw/2023-6_table06.json.gz,4e1b08686c766d518dc87013730e0ea698b6fe46fb9b4c17d44983cefbe3dae3,raw/2023-6_table06_info.json,0178fae5aef4e6e05c512d698a156d05fdbabbc36cf10ed5a83692276ed85834,https://www.bddk.org.tr/BultenFinturk/tr/Home/MetaveriPdfIndir?tabloNo=6
2023-06,2023-06-30,BAYBURT,10003,KALKINMA VE YATIRIM,SubeSayisi,Yurtiçi Şube Sayısı,,0.0,derived_zero_function_group_identity,SEKTOR = MEVDUAT + KATILIM + KALKINMA_VE_YATIRIM,Published sector total equals the sum of the three non-negative functional-group branch counts with zero residual.,8.0,8.0,,,2,8.0,0.0,True,raw/2023-6_table06.json.gz,4e1b08686c766d518dc87013730e0ea698b6fe46fb9b4c17d44983cefbe3dae3,raw/2023-6_table06_info.json,0178fae5aef4e6e05c512d698a156d05fdbabbc36cf10ed5a83692276ed85834,https://www.bddk.org.tr/BultenFinturk/tr/Home/MetaveriPdfIndir?tabloNo=6
2023-06,2023-06-30,BAYBURT,10004,KATILIM,SubeSayisi,Yurtiçi Şube Sayısı,,0.0,derived_zero_function_group_identity,SEKTOR = MEVDUAT + KATILIM + KALKINMA_VE_YATIRIM,Published sector total equals the sum of the three non-negative functional-group branch counts with zero residual.,8.0,8.0,,,2,8.0,0.0,True,raw/2023-6_table06.json.gz,4e1b08686c766d518dc87013730e0ea698b6fe46fb9b4c17d44983cefbe3dae3,raw/2023-6_table06_info.json,0178fae5aef4e6e05c512d698a156d05fdbabbc36cf10ed5a83692276ed85834,https://www.bddk.org.tr/BultenFinturk/tr/Home/MetaveriPdfIndir?tabloNo=6
2023-06,2023-06-30,BOLU,10003,KALKINMA VE YATIRIM,SubeSayisi,Yurtiçi Şube Sayısı,,0.0,derived_zero_function_group_identity,SEKTOR = MEVDUAT + KATILIM + KALKINMA_VE_YATIRIM,Published sector total equals the sum of the three non-negative functional-group branch counts with zero residual.,41.0,36.0,,5.0,1,41.0,0.0,True,raw/2023-6_table06.json.gz,4e1b08686c766d518dc87013730e0ea698b6fe46fb9b4c17d44983cefbe3dae3,raw/2023-6_table06_info.json,0178fae5aef4e6e05c512d698a156d05fdbabbc36cf10ed5a83692276ed85834,https://www.bddk.org.tr/BultenFinturk/tr/Home/MetaveriPdfIndir?tabloNo=6
2023-06,2023-06-30,BURDUR,10003,KALKINMA VE YATIRIM,SubeSayisi,Yurtiçi Şube Sayısı,,0.0,derived_zero_function_group_identity,SEKTOR = MEVDUAT + KATILIM + KALKINMA_VE_YATIRIM,Published sector total equals the sum of the three non-negative functional-group branch counts with zero residual.,36.0,34.0,,2.0,1,36.0,0.0,True,raw/2023-6_table06.json.gz,4e1b08686c766d518dc87013730e0ea698b6fe46fb9b4c17d44983cefbe3dae3,raw/2023-6_table06_info.json,0178fae5aef4e6e05c512d698a156d05fdbabbc36cf10ed5a83692276ed85834,https://www.bddk.org.tr/BultenFinturk/tr/Home/MetaveriPdfIndir?tabloNo=6
2023-06,2023-06-30,BİLECİK,10003,KALKINMA VE YATIRIM,SubeSayisi,Yurtiçi Şube Sayısı,,0.0,derived_zero_function_group_identity,SEKTOR = MEVDUAT + KATILIM + KALKINMA_VE_YATIRIM,Published sector total equals the sum of the three non-negative functional-group branch counts with zero residual.,30.0,29.0,,1.0,1,30.0,0.0,True,raw/2023-6_table06.json.gz,4e1b08686c766d518dc87013730e0ea698b6fe46fb9b4c17d44983cefbe3dae3,raw/2023-6_table06_info.json,0178fae5aef4e6e05c512d698a156d05fdbabbc36cf10ed5a83692276ed85834,https://www.bddk.org.tr/BultenFinturk/tr/Home/MetaveriPdfIndir?tabloNo=6
2023-06,2023-06-30,BİNGÖL,10003,KALKINMA VE YATIRIM,SubeSayisi,Yurtiçi Şube Sayısı,,0.0,derived_zero_function_group_identity,SEKTOR = MEVDUAT + KATILIM + KALKINMA_VE_YATIRIM,Published sector total equals the sum of the three non-negative functional-group branch counts with zero residual.,16.0,14.0,,2.0,1,16.0,0.0,True,raw/2023-6_table06.json.gz,4e1b08686c766d518dc87013730e0ea698b6fe46fb9b4c17d44983cefbe3dae3,raw/2023-6_table06_info.json,0178fae5aef4e6e05c512d698a156d05fdbabbc36cf10ed5a83692276ed85834,https://www.bddk.org.tr/BultenFinturk/tr/Home/MetaveriPdfIndir?tabloNo=6
2023-06,2023-06-30,BİTLİS,10003,KALKINMA VE YATIRIM,SubeSayisi,Yurtiçi Şube Sayısı,,0.0,derived_zero_function_group_identity,SEKTOR = MEVDUAT + KATILIM + KALKINMA_VE_YATIRIM,Published sector total equals the sum of the three non-negative functional-group branch counts with zero residual.,22.0,21.0,,1.0,1,22.0,0.0,True,raw/2023-6_table06.json.gz,4e1b08686c766d518dc87013730e0ea698b6fe46fb9b4c17d44983cefbe3dae3,raw/2023-6_table06_info.json,0178fae5aef4e6e05c512d698a156d05fdbabbc36cf10ed5a83692276ed85834,https://www.bddk.org.tr/BultenFinturk/tr/Home/MetaveriPdfIndir?tabloNo=6
2023-06,2023-06-30,DÜZCE,10003,KALKINMA VE YATIRIM,SubeSayisi,Yurtiçi Şube Sayısı,,0.0,derived_zero_function_group_identity,SEKTOR = MEVDUAT + KATILIM + KALKINMA_VE_YATIRIM,Published sector total equals the sum of the three non-negative functional-group branch counts with zero residual.,37.0,30.0,,7.0,1,37.0,0.0,True,raw/2023-6_table06.json.gz,4e1b08686c766d518dc87013730e0ea698b6fe46fb9b4c17d44983cefbe3dae3,raw/2023-6_table06_info.json,0178fae5aef4e6e05c512d698a156d05fdbabbc36cf10ed5a83692276ed85834,https://www.bddk.org.tr/BultenFinturk/tr/Home/MetaveriPdfIndir?tabloNo=6
2023-06,2023-06-30,EDİRNE,10003,KALKINMA VE YATIRIM,SubeSayisi,Yurtiçi Şube Sayısı,,0.0,derived_zero_function_group_identity,SEKTOR = MEVDUAT + KATILIM + KALKINMA_VE_YATIRIM,Published sector total equals the sum of the three non-negative functional-group branch counts with zero residual.,58.0,55.0,,3.0,1,58.0,0.0,True,raw/2023-6_table06.json.gz,4e1b08686c766d518dc87013730e0ea698b6fe46fb9b4c17d44983cefbe3dae3,raw/2023-6_table06_info.json,0178fae5aef4e6e05c512d698a156d05fdbabbc36cf10ed5a83692276ed85834,https://www.bddk.org.tr/BultenFinturk/tr/Home/MetaveriPdfIndir?tabloNo=6
2023-06,2023-06-30,ERZİNCAN,10003,KALKINMA VE YATIRIM,SubeSayisi,Yurtiçi Şube Sayısı,,0.0,derived_zero_function_group_identity,SEKTOR = MEVDUAT + KATILIM + KALKINMA_VE_YATIRIM,Published sector total equals the sum of the three non-negative functional-group branch counts with zero residual.,29.0,24.0,,5.0,1,29.0,0.0,True,raw/2023-6_table06.json.gz,4e1b08686c766d518dc87013730e0ea698b6fe46fb9b4c17d44983cefbe3dae3,raw/2023-6_table06_info.json,0178fae5aef4e6e05c512d698a156d05fdbabbc36cf10ed5a83692276ed85834,https://www.bddk.org.tr/BultenFinturk/tr/Home/MetaveriPdfIndir?tabloNo=6
2023-06,2023-06-30,GÜMÜŞHANE,10003,KALKINMA VE YATIRIM,SubeSayisi,Yurtiçi Şube Sayısı,,0.0,derived_zero_function_group_identity,SEKTOR = MEVDUAT + KATILIM + KALKINMA_VE_YATIRIM,Published sector total equals the sum of the three non-negative functional-group branch counts with zero residual.,20.0,19.0,,1.0,1,20.0,0.0,True,raw/2023-6_table06.json.gz,4e1b08686c766d518dc87013730e0ea698b6fe46fb9b4c17d44983cefbe3dae3,raw/2023-6_table06_info.json,0178fae5aef4e6e05c512d698a156d05fdbabbc36cf10ed5a83692276ed85834,https://www.bddk.org.tr/BultenFinturk/tr/Home/MetaveriPdfIndir?tabloNo=6
2023-06,2023-06-30,GİRESUN,10003,KALKINMA VE YATIRIM,SubeSayisi,Yurtiçi Şube Sayısı,,0.0,derived_zero_function_group_identity,SEKTOR = MEVDUAT + KATILIM + KALKINMA_VE_YATIRIM,Published sector total equals the sum of the three non-negative functional-group branch counts with zero residual.,54.0,50.0,,4.0,1,54.0,0.0,True,raw/2023-6_table06.json.gz,4e1b08686c766d518dc87013730e0ea698b6fe46fb9b4c17d44983cefbe3dae3,raw/2023-6_table06_info.json,0178fae5aef4e6e05c512d698a156d05fdbabbc36cf10ed5a83692276ed85834,https://www.bddk.org.tr/BultenFinturk/tr/Home/MetaveriPdfIndir?tabloNo=6
2023-06,2023-06-30,HAKKARİ,10003,KALKINMA VE YATIRIM,SubeSayisi,Yurtiçi Şube Sayısı,,0.0,derived_zero_function_group_identity,SEKTOR = MEVDUAT + KATILIM + KALKINMA_VE_YATIRIM,Published sector total equals the sum of the three non-negative functional-group branch counts with zero residual.,15.0,15.0,,,2,15.0,0.0,True,raw/2023-6_table06.json.gz,4e1b08686c766d518dc87013730e0ea698b6fe46fb9b4c17d44983cefbe3dae3,raw/2023-6_table06_info.json,0178fae5aef4e6e05c512d698a156d05fdbabbc36cf10ed5a83692276ed85834,https://www.bddk.org.tr/BultenFinturk/tr/Home/MetaveriPdfIndir?tabloNo=6
2023-06,2023-06-30,HAKKARİ,10004,KATILIM,SubeSayisi,Yurtiçi Şube Sayısı,,0.0,derived_zero_function_group_identity,SEKTOR = MEVDUAT + KATILIM + KALKINMA_VE_YATIRIM,Published sector total equals the sum of the three non-negative functional-group branch counts with zero residual.,15.0,15.0,,,2,15.0,0.0,True,raw/2023-6_table06.json.gz,4e1b08686c766d518dc87013730e0ea698b6fe46fb9b4c17d44983cefbe3dae3,raw/2023-6_table06_info.json,0178fae5aef4e6e05c512d698a156d05fdbabbc36cf10ed5a83692276ed85834,https://www.bddk.org.tr/BultenFinturk/tr/Home/MetaveriPdfIndir?tabloNo=6
2023-06,2023-06-30,ISPARTA,10003,KALKINMA VE YATIRIM,SubeSayisi,Yurtiçi Şube Sayısı,,0.0,derived_zero_function_group_identity,SEKTOR = MEVDUAT + KATILIM + KALKINMA_VE_YATIRIM,Published sector total equals the sum of the three non-negative functional-group branch counts with zero residual.,57.0,50.0,,7.0,1,57.0,0.0,True,raw/2023-6_table06.json.gz,4e1b08686c766d518dc87013730e0ea698b6fe46fb9b4c17d44983cefbe3dae3,raw/2023-6_table06_info.json,0178fae5aef4e6e05c512d698a156d05fdbabbc36cf10ed5a83692276ed85834,https://www.bddk.org.tr/BultenFinturk/tr/Home/MetaveriPdfIndir?tabloNo=6
2023-06,2023-06-30,IĞDIR,10003,KALKINMA VE YATIRIM,SubeSayisi,Yurtiçi Şube Sayısı,,0.0,derived_zero_function_group_identity,SEKTOR = MEVDUAT + KATILIM + KALKINMA_VE_YATIRIM,Published sector total equals the sum of the three non-negative functional-group branch counts with zero residual.,15.0,14.0,,1.0,1,15.0,0.0,True,raw/2023-6_table06.json.gz,4e1b08686c766d518dc87013730e0ea698b6fe46fb9b4c17d44983cefbe3dae3,raw/2023-6_table06_info.json,0178fae5aef4e6e05c512d698a156d05fdbabbc36cf10ed5a83692276ed85834,https://www.bddk.org.tr/BultenFinturk/tr/Home/MetaveriPdfIndir?tabloNo=6
2023-06,2023-06-30,KARABÜK,10003,KALKINMA VE YATIRIM,SubeSayisi,Yurtiçi Şube Sayısı,,0.0,derived_zero_function_group_identity,SEKTOR = MEVDUAT + KATILIM + KALKINMA_VE_YATIRIM,Published sector total equals the sum of the three non-negative functional-group branch counts with zero residual.,29.0,25.0,,4.0,1,29.0,0.0,True,raw/2023-6_table06.json.gz,4e1b08686c766d518dc87013730e0ea698b6fe46fb9b4c17d44983cefbe3dae3,raw/2023-6_table06_info.json,0178fae5aef4e6e05c512d698a156d05fdbabbc36cf10ed5a83692276ed85834,https://www.bddk.org.tr/BultenFinturk/tr/Home/MetaveriPdfIndir?tabloNo=6
2023-06,2023-06-30,KARAMAN,10003,KALKINMA VE YATIRIM,SubeSayisi,Yurtiçi Şube Sayısı,,0.0,derived_zero_function_group_identity,SEKTOR = MEVDUAT + KATILIM + KALKINMA_VE_YATIRIM,Published sector total equals the sum of the three non-negative functional-group branch counts with zero residual.,27.0,21.0,,6.0,1,27.0,0.0,True,raw/2023-6_table06.json.gz,4e1b08686c766d518dc87013730e0ea698b6fe46fb9b4c17d44983cefbe3dae3,raw/2023-6_table06_info.json,0178fae5aef4e6e05c512d698a156d05fdbabbc36cf10ed5a83692276ed85834,https://www.bddk.org.tr/BultenFinturk/tr/Home/MetaveriPdfIndir?tabloNo=6
2023-06,2023-06-30,KARS,10003,KALKINMA VE YATIRIM,SubeSayisi,Yurtiçi Şube Sayısı,,0.0,derived_zero_function_group_identity,SEKTOR = MEVDUAT + KATILIM + KALKINMA_VE_YATIRIM,Published sector total equals the sum of the three non-negative functional-group branch counts with zero residual.,26.0,24.0,,2.0,1,26.0,0.0,True,raw/2023-6_table06.json.gz,4e1b08686c766d518dc87013730e0ea698b6fe46fb9b4c17d44983cefbe3dae3,raw/2023-6_table06_info.json,0178fae5aef4e6e05c512d698a156d05fdbabbc36cf10ed5a83692276ed85834,https://www.bddk.org.tr/BultenFinturk/tr/Home/MetaveriPdfIndir?tabloNo=6
2023-06,2023-06-30,KIRIKKALE,10003,KALKINMA VE YATIRIM,SubeSayisi,Yurtiçi Şube Sayısı,,0.0,derived_zero_function_group_identity,SEKTOR = MEVDUAT + KATILIM + KALKINMA_VE_YATIRIM,Published sector total equals the sum of the three non-negative functional-group branch counts with zero residual.,26.0,24.0,,2.0,1,26.0,0.0,True,raw/2023-6_table06.json.gz,4e1b08686c766d518dc87013730e0ea698b6fe46fb9b4c17d44983cefbe3dae3,raw/2023-6_table06_info.json,0178fae5aef4e6e05c512d698a156d05fdbabbc36cf10ed5a83692276ed85834,https://www.bddk.org.tr/BultenFinturk/tr/Home/MetaveriPdfIndir?tabloNo=6
2023-06,2023-06-30,KIRKLARELİ,10003,KALKINMA VE YATIRIM,SubeSayisi,Yurtiçi Şube Sayısı,,0.0,derived_zero_function_group_identity,SEKTOR = MEVDUAT + KATILIM + KALKINMA_VE_YATIRIM,Published sector total equals the sum of the three non-negative functional-group branch counts with zero residual.,48.0,47.0,,1.0,1,48.0,0.0,True,raw/2023-6_table06.json.gz,4e1b08686c766d518dc87013730e0ea698b6fe46fb9b4c17d44983cefbe3dae3,raw/2023-6_table06_info.json,0178fae5aef4e6e05c512d698a156d05fdbabbc36cf10ed5a83692276ed85834,https://www.bddk.org.tr/BultenFinturk/tr/Home/MetaveriPdfIndir?tabloNo=6
2023-06,2023-06-30,KIRŞEHİR,10003,KALKINMA VE YATIRIM,SubeSayisi,Yurtiçi Şube Sayısı,,0.0,derived_zero_function_group_identity,SEKTOR = MEVDUAT + KATILIM + KALKINMA_VE_YATIRIM,Published sector total equals the sum of the three non-negative functional-group branch counts with zero residual.,27.0,24.0,,3.0,1,27.0,0.0,True,raw/2023-6_table06.json.gz,4e1b08686c766d518dc87013730e0ea698b6fe46fb9b4c17d44983cefbe3dae3,raw/2023-6_table06_info.json,0178fae5aef4e6e05c512d698a156d05fdbabbc36cf10ed5a83692276ed85834,https://www.bddk.org.tr/BultenFinturk/tr/Home/MetaveriPdfIndir?tabloNo=6
2023-06,2023-06-30,KÜTAHYA,10003,KALKINMA VE YATIRIM,SubeSayisi,Yurtiçi Şube Sayısı,,0.0,derived_zero_function_group_identity,SEKTOR = MEVDUAT + KATILIM + KALKINMA_VE_YATIRIM,Published sector total equals the sum of the three non-negative functional-group branch counts with zero residual.,56.0,49.0,,7.0,1,56.0,0.0,True,raw/2023-6_table06.json.gz,4e1b08686c766d518dc87013730e0ea698b6fe46fb9b4c17d44983cefbe3dae3,raw/2023-6_table06_info.json,0178fae5aef4e6e05c512d698a156d05fdbabbc36cf10ed5a83692276ed85834,https://www.bddk.org.tr/BultenFinturk/tr/Home/MetaveriPdfIndir?tabloNo=6
2023-06,2023-06-30,KİLİS,10003,KALKINMA VE YATIRIM,SubeSayisi,Yurtiçi Şube Sayısı,,0.0,derived_zero_function_group_identity,SEKTOR = MEVDUAT + KATILIM + KALKINMA_VE_YATIRIM,Published sector total equals the sum of the three non-negative functional-group branch counts with zero residual.,10.0,9.0,,1.0,1,10.0,0.0,True,raw/2023-6_table06.json.gz,4e1b08686c766d518dc87013730e0ea698b6fe46fb9b4c17d44983cefbe3dae3,raw/2023-6_table06_info.json,0178fae5aef4e6e05c512d698a156d05fdbabbc36cf10ed5a83692276ed85834,https://www.bddk.org.tr/BultenFinturk/tr/Home/MetaveriPdfIndir?tabloNo=6
2023-06,2023-06-30,MALATYA,10003,KALKINMA VE YATIRIM,SubeSayisi,Yurtiçi Şube Sayısı,,0.0,derived_zero_function_group_identity,SEKTOR = MEVDUAT + KATILIM + KALKINMA_VE_YATIRIM,Published sector total equals the sum of the three non-negative functional-group branch counts with zero residual.,64.0,55.0,,9.0,1,64.0,0.0,True,raw/2023-6_table06.json.gz,4e1b08686c766d518dc87013730e0ea698b6fe46fb9b4c17d44983cefbe3dae3,raw/2023-6_table06_info.json,0178fae5aef4e6e05c512d698a156d05fdbabbc36cf10ed5a83692276ed85834,https://www.bddk.org.tr/BultenFinturk/tr/Home/MetaveriPdfIndir?tabloNo=6
2023-06,2023-06-30,MARDİN,10003,KALKINMA VE YATIRIM,SubeSayisi,Yurtiçi Şube Sayısı,,0.0,derived_zero_function_group_identity,SEKTOR = MEVDUAT + KATILIM + KALKINMA_VE_YATIRIM,Published sector total equals the sum of the three non-negative functional-group branch counts with zero residual.,48.0,42.0,,6.0,1,48.0,0.0,True,raw/2023-6_table06.json.gz,4e1b08686c766d518dc87013730e0ea698b6fe46fb9b4c17d44983cefbe3dae3,raw/2023-6_table06_info.json,0178fae5aef4e6e05c512d698a156d05fdbabbc36cf10ed5a83692276ed85834,https://www.bddk.org.tr/BultenFinturk/tr/Home/MetaveriPdfIndir?tabloNo=6
2023-06,2023-06-30,MUŞ,10003,KALKINMA VE YATIRIM,SubeSayisi,Yurtiçi Şube Sayısı,,0.0,derived_zero_function_group_identity,SEKTOR = MEVDUAT + KATILIM + KALKINMA_VE_YATIRIM,Published sector total equals the sum of the three non-negative functional-group branch counts with zero residual.,19.0,17.0,,2.0,1,19.0,0.0,True,raw/2023-6_table06.json.gz,4e1b08686c766d518dc87013730e0ea698b6fe46fb9b4c17d44983cefbe3dae3,raw/2023-6_table06_info.json,0178fae5aef4e6e05c512d698a156d05fdbabbc36cf10ed5a83692276ed85834,https://www.bddk.org.tr/BultenFinturk/tr/Home/MetaveriPdfIndir?tabloNo=6
2023-06,2023-06-30,NEVŞEHİR,10003,KALKINMA VE YATIRIM,SubeSayisi,Yurtiçi Şube Sayısı,,0.0,derived_zero_function_group_identity,SEKTOR = MEVDUAT + KATILIM + KALKINMA_VE_YATIRIM,Published sector total equals the sum of the three non-negative functional-group branch counts with zero residual.,44.0,38.0,,6.0,1,44.0,0.0,True,raw/2023-6_table06.json.gz,4e1b08686c766d518dc87013730e0ea698b6fe46fb9b4c17d44983cefbe3dae3,raw/2023-6_table06_info.json,0178fae5aef4e6e05c512d698a156d05fdbabbc36cf10ed5a83692276ed85834,https://www.bddk.org.tr/BultenFinturk/tr/Home/MetaveriPdfIndir?tabloNo=6
2023-06,2023-06-30,NİĞDE,10003,KALKINMA VE YATIRIM,SubeSayisi,Yurtiçi Şube Sayısı,,0.0,derived_zero_function_group_identity,SEKTOR = MEVDUAT + KATILIM + KALKINMA_VE_YATIRIM,Published sector total equals the sum of the three non-negative functional-group branch counts with zero residual.,27.0,24.0,,3.0,1,27.0,0.0,True,raw/2023-6_table06.json.gz,4e1b08686c766d518dc87013730e0ea698b6fe46fb9b4c17d44983cefbe3dae3,raw/2023-6_table06_info.json,0178fae5aef4e6e05c512d698a156d05fdbabbc36cf10ed5a83692276ed85834,https://www.bddk.org.tr/BultenFinturk/tr/Home/MetaveriPdfIndir?tabloNo=6
2023-06,2023-06-30,ORDU,10003,KALKINMA VE YATIRIM,SubeSayisi,Yurtiçi Şube Sayısı,,0.0,derived_zero_function_group_identity,SEKTOR = MEVDUAT + KATILIM + KALKINMA_VE_YATIRIM,Published sector total equals the sum of the three non-negative functional-group branch counts with zero residual.,74.0,67.0,,7.0,1,74.0,0.0,True,raw/2023-6_table06.json.gz,4e1b08686c766d518dc87013730e0ea698b6fe46fb9b4c17d44983cefbe3dae3,raw/2023-6_table06_info.json,0178fae5aef4e6e05c512d698a156d05fdbabbc36cf10ed5a83692276ed85834,https://www.bddk.org.tr/BultenFinturk/tr/Home/MetaveriPdfIndir?tabloNo=6
2023-06,2023-06-30,OSMANİYE,10003,KALKINMA VE YATIRIM,SubeSayisi,Yurtiçi Şube Sayısı,,0.0,derived_zero_function_group_identity,SEKTOR = MEVDUAT + KATILIM + KALKINMA_VE_YATIRIM,Published sector total equals the sum of the three non-negative functional-group branch counts with zero residual.,41.0,35.0,,6.0,1,41.0,0.0,True,raw/2023-6_table06.json.gz,4e1b08686c766d518dc87013730e0ea698b6fe46fb9b4c17d44983cefbe3dae3,raw/2023-6_table06_info.json,0178fae5aef4e6e05c512d698a156d05fdbabbc36cf10ed5a83692276ed85834,https://www.bddk.org.tr/BultenFinturk/tr/Home/MetaveriPdfIndir?tabloNo=6
2023-06,2023-06-30,RİZE,10003,KALKINMA VE YATIRIM,SubeSayisi,Yurtiçi Şube Sayısı,,0.0,derived_zero_function_group_identity,SEKTOR = MEVDUAT + KATILIM + KALKINMA_VE_YATIRIM,Published sector total equals the sum of the three non-negative functional-group branch counts with zero residual.,50.0,44.0,,6.0,1,50.0,0.0,True,raw/2023-6_table06.json.gz,4e1b08686c766d518dc87013730e0ea698b6fe46fb9b4c17d44983cefbe3dae3,raw/2023-6_table06_info.json,0178fae5aef4e6e05c512d698a156d05fdbabbc36cf10ed5a83692276ed85834,https://www.bddk.org.tr/BultenFinturk/tr/Home/MetaveriPdfIndir?tabloNo=6
2023-06,2023-06-30,SAKARYA,10003,KALKINMA VE YATIRIM,SubeSayisi,Yurtiçi Şube Sayısı,,0.0,derived_zero_function_group_identity,SEKTOR = MEVDUAT + KATILIM + KALKINMA_VE_YATIRIM,Published sector total equals the sum of the three non-negative functional-group branch counts with zero residual.,120.0,107.0,,13.0,1,120.0,0.0,True,raw/2023-6_table06.json.gz,4e1b08686c766d518dc87013730e0ea698b6fe46fb9b4c17d44983cefbe3dae3,raw/2023-6_table06_info.json,0178fae5aef4e6e05c512d698a156d05fdbabbc36cf10ed5a83692276ed85834,https://www.bddk.org.tr/BultenFinturk/tr/Home/MetaveriPdfIndir?tabloNo=6
2023-06,2023-06-30,SİNOP,10003,KALKINMA VE YATIRIM,SubeSayisi,Yurtiçi Şube Sayısı,,0.0,derived_zero_function_group_identity,SEKTOR = MEVDUAT + KATILIM + KALKINMA_VE_YATIRIM,Published sector total equals the sum of the three non-negative functional-group branch counts with zero residual.,30.0,30.0,,,2,30.0,0.0,True,raw/2023-6_table06.json.gz,4e1b08686c766d518dc87013730e0ea698b6fe46fb9b4c17d44983cefbe3dae3,raw/2023-6_table06_info.json,0178fae5aef4e6e05c512d698a156d05fdbabbc36cf10ed5a83692276ed85834,https://www.bddk.org.tr/BultenFinturk/tr/Home/MetaveriPdfIndir?tabloNo=6
2023-06,2023-06-30,SİNOP,10004,KATILIM,SubeSayisi,Yurtiçi Şube Sayısı,,0.0,derived_zero_function_group_identity,SEKTOR = MEVDUAT + KATILIM + KALKINMA_VE_YATIRIM,Published sector total equals the sum of the three non-negative functional-group branch counts with zero residual.,30.0,30.0,,,2,30.0,0.0,True,raw/2023-6_table06.json.gz,4e1b08686c766d518dc87013730e0ea698b6fe46fb9b4c17d44983cefbe3dae3,raw/2023-6_table06_info.json,0178fae5aef4e6e05c512d698a156d05fdbabbc36cf10ed5a83692276ed85834,https://www.bddk.org.tr/BultenFinturk/tr/Home/MetaveriPdfIndir?tabloNo=6
2023-06,2023-06-30,SİİRT,10003,KALKINMA VE YATIRIM,SubeSayisi,Yurtiçi Şube Sayısı,,0.0,derived_zero_function_group_identity,SEKTOR = MEVDUAT + KATILIM + KALKINMA_VE_YATIRIM,Published sector total equals the sum of the three non-negative functional-group branch counts with zero residual.,21.0,16.0,,5.0,1,21.0,0.0,True,raw/2023-6_table06.json.gz,4e1b08686c766d518dc87013730e0ea698b6fe46fb9b4c17d44983cefbe3dae3,raw/2023-6_table06_info.json,0178fae5aef4e6e05c512d698a156d05fdbabbc36cf10ed5a83692276ed85834,https://www.bddk.org.tr/BultenFinturk/tr/Home/MetaveriPdfIndir?tabloNo=6
2023-06,2023-06-30,TOKAT,10003,KALKINMA VE YATIRIM,SubeSayisi,Yurtiçi Şube Sayısı,,0.0,derived_zero_function_group_identity,SEKTOR = MEVDUAT + KATILIM + KALKINMA_VE_YATIRIM,Published sector total equals the sum of the three non-negative functional-group branch counts with zero residual.,57.0,52.0,,5.0,1,57.0,0.0,True,raw/2023-6_table06.json.gz,4e1b08686c766d518dc87013730e0ea698b6fe46fb9b4c17d44983cefbe3dae3,raw/2023-6_table06_info.json,0178fae5aef4e6e05c512d698a156d05fdbabbc36cf10ed5a83692276ed85834,https://www.bddk.org.tr/BultenFinturk/tr/Home/MetaveriPdfIndir?tabloNo=6
2023-06,2023-06-30,TUNCELİ,10003,KALKINMA VE YATIRIM,SubeSayisi,Yurtiçi Şube Sayısı,,0.0,derived_zero_function_group_identity,SEKTOR = MEVDUAT + KATILIM + KALKINMA_VE_YATIRIM,Published sector total equals the sum of the three non-negative functional-group branch counts with zero residual.,13.0,13.0,,,2,13.0,0.0,True,raw/2023-6_table06.json.gz,4e1b08686c766d518dc87013730e0ea698b6fe46fb9b4c17d44983cefbe3dae3,raw/2023-6_table06_info.json,0178fae5aef4e6e05c512d698a156d05fdbabbc36cf10ed5a83692276ed85834,https://www.bddk.org.tr/BultenFinturk/tr/Home/MetaveriPdfIndir?tabloNo=6
2023-06,2023-06-30,TUNCELİ,10004,KATILIM,SubeSayisi,Yurtiçi Şube Sayısı,,0.0,derived_zero_function_group_identity,SEKTOR = MEVDUAT + KATILIM + KALKINMA_VE_YATIRIM,Published sector total equals the sum of the three non-negative functional-group branch counts with zero residual.,13.0,13.0,,,2,13.0,0.0,True,raw/2023-6_table06.json.gz,4e1b08686c766d518dc87013730e0ea698b6fe46fb9b4c17d44983cefbe3dae3,raw/2023-6_table06_info.json,0178fae5aef4e6e05c512d698a156d05fdbabbc36cf10ed5a83692276ed85834,https://www.bddk.org.tr/BultenFinturk/tr/Home/MetaveriPdfIndir?tabloNo=6
2023-06,2023-06-30,UŞAK,10003,KALKINMA VE YATIRIM,SubeSayisi,Yurtiçi Şube Sayısı,,0.0,derived_zero_function_group_identity,SEKTOR = MEVDUAT + KATILIM + KALKINMA_VE_YATIRIM,Published sector total equals the sum of the three non-negative functional-group branch counts with zero residual.,46.0,41.0,,5.0,1,46.0,0.0,True,raw/2023-6_table06.json.gz,4e1b08686c766d518dc87013730e0ea698b6fe46fb9b4c17d44983cefbe3dae3,raw/2023-6_table06_info.json,0178fae5aef4e6e05c512d698a156d05fdbabbc36cf10ed5a83692276ed85834,https://www.bddk.org.tr/BultenFinturk/tr/Home/MetaveriPdfIndir?tabloNo=6
2023-06,2023-06-30,YALOVA,10003,KALKINMA VE YATIRIM,SubeSayisi,Yurtiçi Şube Sayısı,,0.0,derived_zero_function_group_identity,SEKTOR = MEVDUAT + KATILIM + KALKINMA_VE_YATIRIM,Published sector total equals the sum of the three non-negative functional-group branch counts with zero residual.,29.0,23.0,,6.0,1,29.0,0.0,True,raw/2023-6_table06.json.gz,4e1b08686c766d518dc87013730e0ea698b6fe46fb9b4c17d44983cefbe3dae3,raw/2023-6_table06_info.json,0178fae5aef4e6e05c512d698a156d05fdbabbc36cf10ed5a83692276ed85834,https://www.bddk.org.tr/BultenFinturk/tr/Home/MetaveriPdfIndir?tabloNo=6
2023-06,2023-06-30,YOZGAT,10003,KALKINMA VE YATIRIM,SubeSayisi,Yurtiçi Şube Sayısı,,0.0,derived_zero_function_group_identity,SEKTOR = MEVDUAT + KATILIM + KALKINMA_VE_YATIRIM,Published sector total equals the sum of the three non-negative functional-group branch counts with zero residual.,52.0,49.0,,3.0,1,52.0,0.0,True,raw/2023-6_table06.json.gz,4e1b08686c766d518dc87013730e0ea698b6fe46fb9b4c17d44983cefbe3dae3,raw/2023-6_table06_info.json,0178fae5aef4e6e05c512d698a156d05fdbabbc36cf10ed5a83692276ed85834,https://www.bddk.org.tr/BultenFinturk/tr/Home/MetaveriPdfIndir?tabloNo=6
2023-06,2023-06-30,ZONGULDAK,10003,KALKINMA VE YATIRIM,SubeSayisi,Yurtiçi Şube Sayısı,,0.0,derived_zero_function_group_identity,SEKTOR = MEVDUAT + KATILIM + KALKINMA_VE_YATIRIM,Published sector total equals the sum of the three non-negative functional-group branch counts with zero residual.,64.0,60.0,,4.0,1,64.0,0.0,True,raw/2023-6_table06.json.gz,4e1b08686c766d518dc87013730e0ea698b6fe46fb9b4c17d44983cefbe3dae3,raw/2023-6_table06_info.json,0178fae5aef4e6e05c512d698a156d05fdbabbc36cf10ed5a83692276ed85834,https://www.bddk.org.tr/BultenFinturk/tr/Home/MetaveriPdfIndir?tabloNo=6
2023-06,2023-06-30,ÇANAKKALE,10003,KALKINMA VE YATIRIM,SubeSayisi,Yurtiçi Şube Sayısı,,0.0,derived_zero_function_group_identity,SEKTOR = MEVDUAT + KATILIM + KALKINMA_VE_YATIRIM,Published sector total equals the sum of the three non-negative functional-group branch counts with zero residual.,80.0,75.0,,5.0,1,80.0,0.0,True,raw/2023-6_table06.json.gz,4e1b08686c766d518dc87013730e0ea698b6fe46fb9b4c17d44983cefbe3dae3,raw/2023-6_table06_info.json,0178fae5aef4e6e05c512d698a156d05fdbabbc36cf10ed5a83692276ed85834,https://www.bddk.org.tr/BultenFinturk/tr/Home/MetaveriPdfIndir?tabloNo=6
2023-06,2023-06-30,ÇANKIRI,10003,KALKINMA VE YATIRIM,SubeSayisi,Yurtiçi Şube Sayısı,,0.0,derived_zero_function_group_identity,SEKTOR = MEVDUAT + KATILIM + KALKINMA_VE_YATIRIM,Published sector total equals the sum of the three non-negative functional-group branch counts with zero residual.,31.0,29.0,,2.0,1,31.0,0.0,True,raw/2023-6_table06.json.gz,4e1b08686c766d518dc87013730e0ea698b6fe46fb9b4c17d44983cefbe3dae3,raw/2023-6_table06_info.json,0178fae5aef4e6e05c512d698a156d05fdbabbc36cf10ed5a83692276ed85834,https://www.bddk.org.tr/BultenFinturk/tr/Home/MetaveriPdfIndir?tabloNo=6
2023-06,2023-06-30,ÇORUM,10003,KALKINMA VE YATIRIM,SubeSayisi,Yurtiçi Şube Sayısı,,0.0,derived_zero_function_group_identity,SEKTOR = MEVDUAT + KATILIM + KALKINMA_VE_YATIRIM,Published sector total equals the sum of the three non-negative functional-group branch counts with zero residual.,63.0,57.0,,6.0,1,63.0,0.0,True,raw/2023-6_table06.json.gz,4e1b08686c766d518dc87013730e0ea698b6fe46fb9b4c17d44983cefbe3dae3,raw/2023-6_table06_info.json,0178fae5aef4e6e05c512d698a156d05fdbabbc36cf10ed5a83692276ed85834,https://www.bddk.org.tr/BultenFinturk/tr/Home/MetaveriPdfIndir?tabloNo=6
2023-06,2023-06-30,ŞANLIURFA,10003,KALKINMA VE YATIRIM,SubeSayisi,Yurtiçi Şube Sayısı,,0.0,derived_zero_function_group_identity,SEKTOR = MEVDUAT + KATILIM + KALKINMA_VE_YATIRIM,Published sector total equals the sum of the three non-negative functional-group branch counts with zero residual.,90.0,76.0,,14.0,1,90.0,0.0,True,raw/2023-6_table06.json.gz,4e1b08686c766d518dc87013730e0ea698b6fe46fb9b4c17d44983cefbe3dae3,raw/2023-6_table06_info.json,0178fae5aef4e6e05c512d698a156d05fdbabbc36cf10ed5a83692276ed85834,https://www.bddk.org.tr/BultenFinturk/tr/Home/MetaveriPdfIndir?tabloNo=6
2023-06,2023-06-30,ŞIRNAK,10003,KALKINMA VE YATIRIM,SubeSayisi,Yurtiçi Şube Sayısı,,0.0,derived_zero_function_group_identity,SEKTOR = MEVDUAT + KATILIM + KALKINMA_VE_YATIRIM,Published sector total equals the sum of the three non-negative functional-group branch counts with zero residual.,22.0,21.0,,1.0,1,22.0,0.0,True,raw/2023-6_table06.json.gz,4e1b08686c766d518dc87013730e0ea698b6fe46fb9b4c17d44983cefbe3dae3,raw/2023-6_table06_info.json,0178fae5aef4e6e05c512d698a156d05fdbabbc36cf10ed5a83692276ed85834,https://www.bddk.org.tr/BultenFinturk/tr/Home/MetaveriPdfIndir?tabloNo=6
2023-09,2023-09-30,ADIYAMAN,10003,KALKINMA VE YATIRIM,SubeSayisi,Yurtiçi Şube Sayısı,,0.0,derived_zero_function_group_identity,SEKTOR = MEVDUAT + KATILIM + KALKINMA_VE_YATIRIM,Published sector total equals the sum of the three non-negative functional-group branch counts with zero residual.,41.0,36.0,,5.0,1,41.0,0.0,True,raw/2023-9_table06.json.gz,25af5a758692d6b70a79e16ce4e4a11ea0913b00c9d2f122bdd3d85bc5eaf575,raw/2023-9_table06_info.json,92e7f02b6741680c5bb5697a319468050eb28f5145bed20304378bab43cd2016,https://www.bddk.org.tr/BultenFinturk/tr/Home/MetaveriPdfIndir?tabloNo=6
2023-09,2023-09-30,AFYONKARAHİSAR,10003,KALKINMA VE YATIRIM,SubeSayisi,Yurtiçi Şube Sayısı,,0.0,derived_zero_function_group_identity,SEKTOR = MEVDUAT + KATILIM + KALKINMA_VE_YATIRIM,Published sector total equals the sum of the three non-negative functional-group branch counts with zero residual.,88.0,81.0,,7.0,1,88.0,0.0,True,raw/2023-9_table06.json.gz,25af5a758692d6b70a79e16ce4e4a11ea0913b00c9d2f122bdd3d85bc5eaf575,raw/2023-9_table06_info.json,92e7f02b6741680c5bb5697a319468050eb28f5145bed20304378bab43cd2016,https://www.bddk.org.tr/BultenFinturk/tr/Home/MetaveriPdfIndir?tabloNo=6
2023-09,2023-09-30,AKSARAY,10003,KALKINMA VE YATIRIM,SubeSayisi,Yurtiçi Şube Sayısı,,0.0,derived_zero_function_group_identity,SEKTOR = MEVDUAT + KATILIM + KALKINMA_VE_YATIRIM,Published sector total equals the sum of the three non-negative functional-group branch counts with zero residual.,39.0,32.0,,7.0,1,39.0,0.0,True,raw/2023-9_table06.json.gz,25af5a758692d6b70a79e16ce4e4a11ea0913b00c9d2f122bdd3d85bc5eaf575,raw/2023-9_table06_info.json,92e7f02b6741680c5bb5697a319468050eb28f5145bed20304378bab43cd2016,https://www.bddk.org.tr/BultenFinturk/tr/Home/MetaveriPdfIndir?tabloNo=6
2023-09,2023-09-30,AMASYA,10003,KALKINMA VE YATIRIM,SubeSayisi,Yurtiçi Şube Sayısı,,0.0,derived_zero_function_group_identity,SEKTOR = MEVDUAT + KATILIM + KALKINMA_VE_YATIRIM,Published sector total equals the sum of the three non-negative functional-group branch counts with zero residual.,39.0,36.0,,3.0,1,39.0,0.0,True,raw/2023-9_table06.json.gz,25af5a758692d6b70a79e16ce4e4a11ea0913b00c9d2f122bdd3d85bc5eaf575,raw/2023-9_table06_info.json,92e7f02b6741680c5bb5697a319468050eb28f5145bed20304378bab43cd2016,https://www.bddk.org.tr/BultenFinturk/tr/Home/MetaveriPdfIndir?tabloNo=6
2023-09,2023-09-30,ARDAHAN,10003,KALKINMA VE YATIRIM,SubeSayisi,Yurtiçi Şube Sayısı,,0.0,derived_zero_function_group_identity,SEKTOR = MEVDUAT + KATILIM + KALKINMA_VE_YATIRIM,Published sector total equals the sum of the three non-negative functional-group branch counts with zero residual.,12.0,12.0,,,2,12.0,0.0,True,raw/2023-9_table06.json.gz,25af5a758692d6b70a79e16ce4e4a11ea0913b00c9d2f122bdd3d85bc5eaf575,raw/2023-9_table06_info.json,92e7f02b6741680c5bb5697a319468050eb28f5145bed20304378bab43cd2016,https://www.bddk.org.tr/BultenFinturk/tr/Home/MetaveriPdfIndir?tabloNo=6
2023-09,2023-09-30,ARDAHAN,10004,KATILIM,SubeSayisi,Yurtiçi Şube Sayısı,,0.0,derived_zero_function_group_identity,SEKTOR = MEVDUAT + KATILIM + KALKINMA_VE_YATIRIM,Published sector total equals the sum of the three non-negative functional-group branch counts with zero residual.,12.0,12.0,,,2,12.0,0.0,True,raw/2023-9_table06.json.gz,25af5a758692d6b70a79e16ce4e4a11ea0913b00c9d2f122bdd3d85bc5eaf575,raw/2023-9_table06_info.json,92e7f02b6741680c5bb5697a319468050eb28f5145bed20304378bab43cd2016,https://www.bddk.org.tr/BultenFinturk/tr/Home/MetaveriPdfIndir?tabloNo=6
2023-09,2023-09-30,ARTVİN,10003,KALKINMA VE YATIRIM,SubeSayisi,Yurtiçi Şube Sayısı,,0.0,derived_zero_function_group_identity,SEKTOR = MEVDUAT + KATILIM + KALKINMA_VE_YATIRIM,Published sector total equals the sum of the three non-negative functional-group branch counts with zero residual.,32.0,32.0,,,2,32.0,0.0,True,raw/2023-9_table06.json.gz,25af5a758692d6b70a79e16ce4e4a11ea0913b00c9d2f122bdd3d85bc5eaf575,raw/2023-9_table06_info.json,92e7f02b6741680c5bb5697a319468050eb28f5145bed20304378bab43cd2016,https://www.bddk.org.tr/BultenFinturk/tr/Home/MetaveriPdfIndir?tabloNo=6
2023-09,2023-09-30,ARTVİN,10004,KATILIM,SubeSayisi,Yurtiçi Şube Sayısı,,0.0,derived_zero_function_group_identity,SEKTOR = MEVDUAT + KATILIM + KALKINMA_VE_YATIRIM,Published sector total equals the sum of the three non-negative functional-group branch counts with zero residual.,32.0,32.0,,,2,32.0,0.0,True,raw/2023-9_table06.json.gz,25af5a758692d6b70a79e16ce4e4a11ea0913b00c9d2f122bdd3d85bc5eaf575,raw/2023-9_table06_info.json,92e7f02b6741680c5bb5697a319468050eb28f5145bed20304378bab43cd2016,https://www.bddk.org.tr/BultenFinturk/tr/Home/MetaveriPdfIndir?tabloNo=6
2023-09,2023-09-30,AYDIN,10003,KALKINMA VE YATIRIM,SubeSayisi,Yurtiçi Şube Sayısı,,0.0,derived_zero_function_group_identity,SEKTOR = MEVDUAT + KATILIM + KALKINMA_VE_YATIRIM,Published sector total equals the sum of the three non-negative functional-group branch counts with zero residual.,156.0,145.0,,11.0,1,156.0,0.0,True,raw/2023-9_table06.json.gz,25af5a758692d6b70a79e16ce4e4a11ea0913b00c9d2f122bdd3d85bc5eaf575,raw/2023-9_table06_info.json,92e7f02b6741680c5bb5697a319468050eb28f5145bed20304378bab43cd2016,https://www.bddk.org.tr/BultenFinturk/tr/Home/MetaveriPdfIndir?tabloNo=6
2023-09,2023-09-30,AĞRI,10003,KALKINMA VE YATIRIM,SubeSayisi,Yurtiçi Şube Sayısı,,0.0,derived_zero_function_group_identity,SEKTOR = MEVDUAT + KATILIM + KALKINMA_VE_YATIRIM,Published sector total equals the sum of the three non-negative functional-group branch counts with zero residual.,25.0,23.0,,2.0,1,25.0,0.0,True,raw/2023-9_table06.json.gz,25af5a758692d6b70a79e16ce4e4a11ea0913b00c9d2f122bdd3d85bc5eaf575,raw/2023-9_table06_info.json,92e7f02b6741680c5bb5697a319468050eb28f5145bed20304378bab43cd2016,https://www.bddk.org.tr/BultenFinturk/tr/Home/MetaveriPdfIndir?tabloNo=6
2023-09,2023-09-30,BALIKESİR,10003,KALKINMA VE YATIRIM,SubeSayisi,Yurtiçi Şube Sayısı,,0.0,derived_zero_function_group_identity,SEKTOR = MEVDUAT + KATILIM + KALKINMA_VE_YATIRIM,Published sector total equals the sum of the three non-negative functional-group branch counts with zero residual.,158.0,145.0,,13.0,1,158.0,0.0,True,raw/2023-9_table06.json.gz,25af5a758692d6b70a79e16ce4e4a11ea0913b00c9d2f122bdd3d85bc5eaf575,raw/2023-9_table06_info.json,92e7f02b6741680c5bb5697a319468050eb28f5145bed20304378bab43cd2016,https://www.bddk.org.tr/BultenFinturk/tr/Home/MetaveriPdfIndir?tabloNo=6
2023-09,2023-09-30,BARTIN,10003,KALKINMA VE YATIRIM,SubeSayisi,Yurtiçi Şube Sayısı,,0.0,derived_zero_function_group_identity,SEKTOR = MEVDUAT + KATILIM + KALKINMA_VE_YATIRIM,Published sector total equals the sum of the three non-negative functional-group branch counts with zero residual.,22.0,20.0,,2.0,1,22.0,0.0,True,raw/2023-9_table06.json.gz,25af5a758692d6b70a79e16ce4e4a11ea0913b00c9d2f122bdd3d85bc5eaf575,raw/2023-9_table06_info.json,92e7f02b6741680c5bb5697a319468050eb28f5145bed20304378bab43cd2016,https://www.bddk.org.tr/BultenFinturk/tr/Home/MetaveriPdfIndir?tabloNo=6
2023-09,2023-09-30,BATMAN,10003,KALKINMA VE YATIRIM,SubeSayisi,Yurtiçi Şube Sayısı,,0.0,derived_zero_function_group_identity,SEKTOR = MEVDUAT + KATILIM + KALKINMA_VE_YATIRIM,Published sector total equals the sum of the three non-negative functional-group branch counts with zero residual.,31.0,25.0,,6.0,1,31.0,0.0,True,raw/2023-9_table06.json.gz,25af5a758692d6b70a79e16ce4e4a11ea0913b00c9d2f122bdd3d85bc5eaf575,raw/2023-9_table06_info.json,92e7f02b6741680c5bb5697a319468050eb28f5145bed20304378bab43cd2016,https://www.bddk.org.tr/BultenFinturk/tr/Home/MetaveriPdfIndir?tabloNo=6
2023-09,2023-09-30,BAYBURT,10003,KALKINMA VE YATIRIM,SubeSayisi,Yurtiçi Şube Sayısı,,0.0,derived_zero_function_group_identity,SEKTOR = MEVDUAT + KATILIM + KALKINMA_VE_YATIRIM,Published sector total equals the sum of the three non-negative functional-group branch counts with zero residual.,8.0,8.0,,,2,8.0,0.0,True,raw/2023-9_table06.json.gz,25af5a758692d6b70a79e16ce4e4a11ea0913b00c9d2f122bdd3d85bc5eaf575,raw/2023-9_table06_info.json,92e7f02b6741680c5bb5697a319468050eb28f5145bed20304378bab43cd2016,https://www.bddk.org.tr/BultenFinturk/tr/Home/MetaveriPdfIndir?tabloNo=6
2023-09,2023-09-30,BAYBURT,10004,KATILIM,SubeSayisi,Yurtiçi Şube Sayısı,,0.0,derived_zero_function_group_identity,SEKTOR = MEVDUAT + KATILIM + KALKINMA_VE_YATIRIM,Published sector total equals the sum of the three non-negative functional-group branch counts with zero residual.,8.0,8.0,,,2,8.0,0.0,True,raw/2023-9_table06.json.gz,25af5a758692d6b70a79e16ce4e4a11ea0913b00c9d2f122bdd3d85bc5eaf575,raw/2023-9_table06_info.json,92e7f02b6741680c5bb5697a319468050eb28f5145bed20304378bab43cd2016,https://www.bddk.org.tr/BultenFinturk/tr/Home/MetaveriPdfIndir?tabloNo=6
2023-09,2023-09-30,BOLU,10003,KALKINMA VE YATIRIM,SubeSayisi,Yurtiçi Şube Sayısı,,0.0,derived_zero_function_group_identity,SEKTOR = MEVDUAT + KATILIM + KALKINMA_VE_YATIRIM,Published sector total equals the sum of the three non-negative functional-group branch counts with zero residual.,40.0,35.0,,5.0,1,40.0,0.0,True,raw/2023-9_table06.json.gz,25af5a758692d6b70a79e16ce4e4a11ea0913b00c9d2f122bdd3d85bc5eaf575,raw/2023-9_table06_info.json,92e7f02b6741680c5bb5697a319468050eb28f5145bed20304378bab43cd2016,https://www.bddk.org.tr/BultenFinturk/tr/Home/MetaveriPdfIndir?tabloNo=6
2023-09,2023-09-30,BURDUR,10003,KALKINMA VE YATIRIM,SubeSayisi,Yurtiçi Şube Sayısı,,0.0,derived_zero_function_group_identity,SEKTOR = MEVDUAT + KATILIM + KALKINMA_VE_YATIRIM,Published sector total equals the sum of the three non-negative functional-group branch counts with zero residual.,36.0,34.0,,2.0,1,36.0,0.0,True,raw/2023-9_table06.json.gz,25af5a758692d6b70a79e16ce4e4a11ea0913b00c9d2f122bdd3d85bc5eaf575,raw/2023-9_table06_info.json,92e7f02b6741680c5bb5697a319468050eb28f5145bed20304378bab43cd2016,https://www.bddk.org.tr/BultenFinturk/tr/Home/MetaveriPdfIndir?tabloNo=6
2023-09,2023-09-30,BİLECİK,10003,KALKINMA VE YATIRIM,SubeSayisi,Yurtiçi Şube Sayısı,,0.0,derived_zero_function_group_identity,SEKTOR = MEVDUAT + KATILIM + KALKINMA_VE_YATIRIM,Published sector total equals the sum of the three non-negative functional-group branch counts with zero residual.,30.0,29.0,,1.0,1,30.0,0.0,True,raw/2023-9_table06.json.gz,25af5a758692d6b70a79e16ce4e4a11ea0913b00c9d2f122bdd3d85bc5eaf575,raw/2023-9_table06_info.json,92e7f02b6741680c5bb5697a319468050eb28f5145bed20304378bab43cd2016,https://www.bddk.org.tr/BultenFinturk/tr/Home/MetaveriPdfIndir?tabloNo=6
2023-09,2023-09-30,BİNGÖL,10003,KALKINMA VE YATIRIM,SubeSayisi,Yurtiçi Şube Sayısı,,0.0,derived_zero_function_group_identity,SEKTOR = MEVDUAT + KATILIM + KALKINMA_VE_YATIRIM,Published sector total equals the sum of the three non-negative functional-group branch counts with zero residual.,16.0,14.0,,2.0,1,16.0,0.0,True,raw/2023-9_table06.json.gz,25af5a758692d6b70a79e16ce4e4a11ea0913b00c9d2f122bdd3d85bc5eaf575,raw/2023-9_table06_info.json,92e7f02b6741680c5bb5697a319468050eb28f5145bed20304378bab43cd2016,https://www.bddk.org.tr/BultenFinturk/tr/Home/MetaveriPdfIndir?tabloNo=6
2023-09,2023-09-30,BİTLİS,10003,KALKINMA VE YATIRIM,SubeSayisi,Yurtiçi Şube Sayısı,,0.0,derived_zero_function_group_identity,SEKTOR = MEVDUAT + KATILIM + KALKINMA_VE_YATIRIM,Published sector total equals the sum of the three non-negative functional-group branch counts with zero residual.,21.0,20.0,,1.0,1,21.0,0.0,True,raw/2023-9_table06.json.gz,25af5a758692d6b70a79e16ce4e4a11ea0913b00c9d2f122bdd3d85bc5eaf575,raw/2023-9_table06_info.json,92e7f02b6741680c5bb5697a319468050eb28f5145bed20304378bab43cd2016,https://www.bddk.org.tr/BultenFinturk/tr/Home/MetaveriPdfIndir?tabloNo=6
2023-09,2023-09-30,DÜZCE,10003,KALKINMA VE YATIRIM,SubeSayisi,Yurtiçi Şube Sayısı,,0.0,derived_zero_function_group_identity,SEKTOR = MEVDUAT + KATILIM + KALKINMA_VE_YATIRIM,Published sector total equals the sum of the three non-negative functional-group branch counts with zero residual.,37.0,30.0,,7.0,1,37.0,0.0,True,raw/2023-9_table06.json.gz,25af5a758692d6b70a79e16ce4e4a11ea0913b00c9d2f122bdd3d85bc5eaf575,raw/2023-9_table06_info.json,92e7f02b6741680c5bb5697a319468050eb28f5145bed20304378bab43cd2016,https://www.bddk.org.tr/BultenFinturk/tr/Home/MetaveriPdfIndir?tabloNo=6
2023-09,2023-09-30,EDİRNE,10003,KALKINMA VE YATIRIM,SubeSayisi,Yurtiçi Şube Sayısı,,0.0,derived_zero_function_group_identity,SEKTOR = MEVDUAT + KATILIM + KALKINMA_VE_YATIRIM,Published sector total equals the sum of the three non-negative functional-group branch counts with zero residual.,58.0,55.0,,3.0,1,58.0,0.0,True,raw/2023-9_table06.json.gz,25af5a758692d6b70a79e16ce4e4a11ea0913b00c9d2f122bdd3d85bc5eaf575,raw/2023-9_table06_info.json,92e7f02b6741680c5bb5697a319468050eb28f5145bed20304378bab43cd2016,https://www.bddk.org.tr/BultenFinturk/tr/Home/MetaveriPdfIndir?tabloNo=6
2023-09,2023-09-30,ERZİNCAN,10003,KALKINMA VE YATIRIM,SubeSayisi,Yurtiçi Şube Sayısı,,0.0,derived_zero_function_group_identity,SEKTOR = MEVDUAT + KATILIM + KALKINMA_VE_YATIRIM,Published sector total equals the sum of the three non-negative functional-group branch counts with zero residual.,30.0,25.0,,5.0,1,30.0,0.0,True,raw/2023-9_table06.json.gz,25af5a758692d6b70a79e16ce4e4a11ea0913b00c9d2f122bdd3d85bc5eaf575,raw/2023-9_table06_info.json,92e7f02b6741680c5bb5697a319468050eb28f5145bed20304378bab43cd2016,https://www.bddk.org.tr/BultenFinturk/tr/Home/MetaveriPdfIndir?tabloNo=6
2023-09,2023-09-30,GÜMÜŞHANE,10003,KALKINMA VE YATIRIM,SubeSayisi,Yurtiçi Şube Sayısı,,0.0,derived_zero_function_group_identity,SEKTOR = MEVDUAT + KATILIM + KALKINMA_VE_YATIRIM,Published sector total equals the sum of the three non-negative functional-group branch counts with zero residual.,20.0,19.0,,1.0,1,20.0,0.0,True,raw/2023-9_table06.json.gz,25af5a758692d6b70a79e16ce4e4a11ea0913b00c9d2f122bdd3d85bc5eaf575,raw/2023-9_table06_info.json,92e7f02b6741680c5bb5697a319468050eb28f5145bed20304378bab43cd2016,https://www.bddk.org.tr/BultenFinturk/tr/Home/MetaveriPdfIndir?tabloNo=6
2023-09,2023-09-30,GİRESUN,10003,KALKINMA VE YATIRIM,SubeSayisi,Yurtiçi Şube Sayısı,,0.0,derived_zero_function_group_identity,SEKTOR = MEVDUAT + KATILIM + KALKINMA_VE_YATIRIM,Published sector total equals the sum of the three non-negative functional-group branch counts with zero residual.,55.0,51.0,,4.0,1,55.0,0.0,True,raw/2023-9_table06.json.gz,25af5a758692d6b70a79e16ce4e4a11ea0913b00c9d2f122bdd3d85bc5eaf575,raw/2023-9_table06_info.json,92e7f02b6741680c5bb5697a319468050eb28f5145bed20304378bab43cd2016,https://www.bddk.org.tr/BultenFinturk/tr/Home/MetaveriPdfIndir?tabloNo=6
2023-09,2023-09-30,HAKKARİ,10003,KALKINMA VE YATIRIM,SubeSayisi,Yurtiçi Şube Sayısı,,0.0,derived_zero_function_group_identity,SEKTOR = MEVDUAT + KATILIM + KALKINMA_VE_YATIRIM,Published sector total equals the sum of the three non-negative functional-group branch counts with zero residual.,15.0,15.0,,,2,15.0,0.0,True,raw/2023-9_table06.json.gz,25af5a758692d6b70a79e16ce4e4a11ea0913b00c9d2f122bdd3d85bc5eaf575,raw/2023-9_table06_info.json,92e7f02b6741680c5bb5697a319468050eb28f5145bed20304378bab43cd2016,https://www.bddk.org.tr/BultenFinturk/tr/Home/MetaveriPdfIndir?tabloNo=6
2023-09,2023-09-30,HAKKARİ,10004,KATILIM,SubeSayisi,Yurtiçi Şube Sayısı,,0.0,derived_zero_function_group_identity,SEKTOR = MEVDUAT + KATILIM + KALKINMA_VE_YATIRIM,Published sector total equals the sum of the three non-negative functional-group branch counts with zero residual.,15.0,15.0,,,2,15.0,0.0,True,raw/2023-9_table06.json.gz,25af5a758692d6b70a79e16ce4e4a11ea0913b00c9d2f122bdd3d85bc5eaf575,raw/2023-9_table06_info.json,92e7f02b6741680c5bb5697a319468050eb28f5145bed20304378bab43cd2016,https://www.bddk.org.tr/BultenFinturk/tr/Home/MetaveriPdfIndir?tabloNo=6
2023-09,2023-09-30,ISPARTA,10003,KALKINMA VE YATIRIM,SubeSayisi,Yurtiçi Şube Sayısı,,0.0,derived_zero_function_group_identity,SEKTOR = MEVDUAT + KATILIM + KALKINMA_VE_YATIRIM,Published sector total equals the sum of the three non-negative functional-group branch counts with zero residual.,58.0,51.0,,7.0,1,58.0,0.0,True,raw/2023-9_table06.json.gz,25af5a758692d6b70a79e16ce4e4a11ea0913b00c9d2f122bdd3d85bc5eaf575,raw/2023-9_table06_info.json,92e7f02b6741680c5bb5697a319468050eb28f5145bed20304378bab43cd2016,https://www.bddk.org.tr/BultenFinturk/tr/Home/MetaveriPdfIndir?tabloNo=6
2023-09,2023-09-30,IĞDIR,10003,KALKINMA VE YATIRIM,SubeSayisi,Yurtiçi Şube Sayısı,,0.0,derived_zero_function_group_identity,SEKTOR = MEVDUAT + KATILIM + KALKINMA_VE_YATIRIM,Published sector total equals the sum of the three non-negative functional-group branch counts with zero residual.,15.0,14.0,,1.0,1,15.0,0.0,True,raw/2023-9_table06.json.gz,25af5a758692d6b70a79e16ce4e4a11ea0913b00c9d2f122bdd3d85bc5eaf575,raw/2023-9_table06_info.json,92e7f02b6741680c5bb5697a319468050eb28f5145bed20304378bab43cd2016,https://www.bddk.org.tr/BultenFinturk/tr/Home/MetaveriPdfIndir?tabloNo=6
2023-09,2023-09-30,KARABÜK,10003,KALKINMA VE YATIRIM,SubeSayisi,Yurtiçi Şube Sayısı,,0.0,derived_zero_function_group_identity,SEKTOR = MEVDUAT + KATILIM + KALKINMA_VE_YATIRIM,Published sector total equals the sum of the three non-negative functional-group branch counts with zero residual.,30.0,25.0,,5.0,1,30.0,0.0,True,raw/2023-9_table06.json.gz,25af5a758692d6b70a79e16ce4e4a11ea0913b00c9d2f122bdd3d85bc5eaf575,raw/2023-9_table06_info.json,92e7f02b6741680c5bb5697a319468050eb28f5145bed20304378bab43cd2016,https://www.bddk.org.tr/BultenFinturk/tr/Home/MetaveriPdfIndir?tabloNo=6
2023-09,2023-09-30,KARAMAN,10003,KALKINMA VE YATIRIM,SubeSayisi,Yurtiçi Şube Sayısı,,0.0,derived_zero_function_group_identity,SEKTOR = MEVDUAT + KATILIM + KALKINMA_VE_YATIRIM,Published sector total equals the sum of the three non-negative functional-group branch counts with zero residual.,27.0,21.0,,6.0,1,27.0,0.0,True,raw/2023-9_table06.json.gz,25af5a758692d6b70a79e16ce4e4a11ea0913b00c9d2f122bdd3d85bc5eaf575,raw/2023-9_table06_info.json,92e7f02b6741680c5bb5697a319468050eb28f5145bed20304378bab43cd2016,https://www.bddk.org.tr/BultenFinturk/tr/Home/MetaveriPdfIndir?tabloNo=6
2023-09,2023-09-30,KARS,10003,KALKINMA VE YATIRIM,SubeSayisi,Yurtiçi Şube Sayısı,,0.0,derived_zero_function_group_identity,SEKTOR = MEVDUAT + KATILIM + KALKINMA_VE_YATIRIM,Published sector total equals the sum of the three non-negative functional-group branch counts with zero residual.,26.0,24.0,,2.0,1,26.0,0.0,True,raw/2023-9_table06.json.gz,25af5a758692d6b70a79e16ce4e4a11ea0913b00c9d2f122bdd3d85bc5eaf575,raw/2023-9_table06_info.json,92e7f02b6741680c5bb5697a319468050eb28f5145bed20304378bab43cd2016,https://www.bddk.org.tr/BultenFinturk/tr/Home/MetaveriPdfIndir?tabloNo=6
2023-09,2023-09-30,KIRIKKALE,10003,KALKINMA VE YATIRIM,SubeSayisi,Yurtiçi Şube Sayısı,,0.0,derived_zero_function_group_identity,SEKTOR = MEVDUAT + KATILIM + KALKINMA_VE_YATIRIM,Published sector total equals the sum of the three non-negative functional-group branch counts with zero residual.,27.0,24.0,,3.0,1,27.0,0.0,True,raw/2023-9_table06.json.gz,25af5a758692d6b70a79e16ce4e4a11ea0913b00c9d2f122bdd3d85bc5eaf575,raw/2023-9_table06_info.json,92e7f02b6741680c5bb5697a319468050eb28f5145bed20304378bab43cd2016,https://www.bddk.org.tr/BultenFinturk/tr/Home/MetaveriPdfIndir?tabloNo=6
2023-09,2023-09-30,KIRKLARELİ,10003,KALKINMA VE YATIRIM,SubeSayisi,Yurtiçi Şube Sayısı,,0.0,derived_zero_function_group_identity,SEKTOR = MEVDUAT + KATILIM + KALKINMA_VE_YATIRIM,Published sector total equals the sum of the three non-negative functional-group branch counts with zero residual.,48.0,47.0,,1.0,1,48.0,0.0,True,raw/2023-9_table06.json.gz,25af5a758692d6b70a79e16ce4e4a11ea0913b00c9d2f122bdd3d85bc5eaf575,raw/2023-9_table06_info.json,92e7f02b6741680c5bb5697a319468050eb28f5145bed20304378bab43cd2016,https://www.bddk.org.tr/BultenFinturk/tr/Home/MetaveriPdfIndir?tabloNo=6
2023-09,2023-09-30,KIRŞEHİR,10003,KALKINMA VE YATIRIM,SubeSayisi,Yurtiçi Şube Sayısı,,0.0,derived_zero_function_group_identity,SEKTOR = MEVDUAT + KATILIM + KALKINMA_VE_YATIRIM,Published sector total equals the sum of the three non-negative functional-group branch counts with zero residual.,27.0,24.0,,3.0,1,27.0,0.0,True,raw/2023-9_table06.json.gz,25af5a758692d6b70a79e16ce4e4a11ea0913b00c9d2f122bdd3d85bc5eaf575,raw/2023-9_table06_info.json,92e7f02b6741680c5bb5697a319468050eb28f5145bed20304378bab43cd2016,https://www.bddk.org.tr/BultenFinturk/tr/Home/MetaveriPdfIndir?tabloNo=6
2023-09,2023-09-30,KÜTAHYA,10003,KALKINMA VE YATIRIM,SubeSayisi,Yurtiçi Şube Sayısı,,0.0,derived_zero_function_group_identity,SEKTOR = MEVDUAT + KATILIM + KALKINMA_VE_YATIRIM,Published sector total equals the sum of the three non-negative functional-group branch counts with zero residual.,56.0,49.0,,7.0,1,56.0,0.0,True,raw/2023-9_table06.json.gz,25af5a758692d6b70a79e16ce4e4a11ea0913b00c9d2f122bdd3d85bc5eaf575,raw/2023-9_table06_info.json,92e7f02b6741680c5bb5697a319468050eb28f5145bed20304378bab43cd2016,https://www.bddk.org.tr/BultenFinturk/tr/Home/MetaveriPdfIndir?tabloNo=6
2023-09,2023-09-30,KİLİS,10003,KALKINMA VE YATIRIM,SubeSayisi,Yurtiçi Şube Sayısı,,0.0,derived_zero_function_group_identity,SEKTOR = MEVDUAT + KATILIM + KALKINMA_VE_YATIRIM,Published sector total equals the sum of the three non-negative functional-group branch counts with zero residual.,10.0,9.0,,1.0,1,10.0,0.0,True,raw/2023-9_table06.json.gz,25af5a758692d6b70a79e16ce4e4a11ea0913b00c9d2f122bdd3d85bc5eaf575,raw/2023-9_table06_info.json,92e7f02b6741680c5bb5697a319468050eb28f5145bed20304378bab43cd2016,https://www.bddk.org.tr/BultenFinturk/tr/Home/MetaveriPdfIndir?tabloNo=6
2023-09,2023-09-30,MALATYA,10003,KALKINMA VE YATIRIM,SubeSayisi,Yurtiçi Şube Sayısı,,0.0,derived_zero_function_group_identity,SEKTOR = MEVDUAT + KATILIM + KALKINMA_VE_YATIRIM,Published sector total equals the sum of the three non-negative functional-group branch counts with zero residual.,64.0,55.0,,9.0,1,64.0,0.0,True,raw/2023-9_table06.json.gz,25af5a758692d6b70a79e16ce4e4a11ea0913b00c9d2f122bdd3d85bc5eaf575,raw/2023-9_table06_info.json,92e7f02b6741680c5bb5697a319468050eb28f5145bed20304378bab43cd2016,https://www.bddk.org.tr/BultenFinturk/tr/Home/MetaveriPdfIndir?tabloNo=6
2023-09,2023-09-30,MARDİN,10003,KALKINMA VE YATIRIM,SubeSayisi,Yurtiçi Şube Sayısı,,0.0,derived_zero_function_group_identity,SEKTOR = MEVDUAT + KATILIM + KALKINMA_VE_YATIRIM,Published sector total equals the sum of the three non-negative functional-group branch counts with zero residual.,48.0,42.0,,6.0,1,48.0,0.0,True,raw/2023-9_table06.json.gz,25af5a758692d6b70a79e16ce4e4a11ea0913b00c9d2f122bdd3d85bc5eaf575,raw/2023-9_table06_info.json,92e7f02b6741680c5bb5697a319468050eb28f5145bed20304378bab43cd2016,https://www.bddk.org.tr/BultenFinturk/tr/Home/MetaveriPdfIndir?tabloNo=6
2023-09,2023-09-30,MUŞ,10003,KALKINMA VE YATIRIM,SubeSayisi,Yurtiçi Şube Sayısı,,0.0,derived_zero_function_group_identity,SEKTOR = MEVDUAT + KATILIM + KALKINMA_VE_YATIRIM,Published sector total equals the sum of the three non-negative functional-group branch counts with zero residual.,19.0,17.0,,2.0,1,19.0,0.0,True,raw/2023-9_table06.json.gz,25af5a758692d6b70a79e16ce4e4a11ea0913b00c9d2f122bdd3d85bc5eaf575,raw/2023-9_table06_info.json,92e7f02b6741680c5bb5697a319468050eb28f5145bed20304378bab43cd2016,https://www.bddk.org.tr/BultenFinturk/tr/Home/MetaveriPdfIndir?tabloNo=6
2023-09,2023-09-30,NEVŞEHİR,10003,KALKINMA VE YATIRIM,SubeSayisi,Yurtiçi Şube Sayısı,,0.0,derived_zero_function_group_identity,SEKTOR = MEVDUAT + KATILIM + KALKINMA_VE_YATIRIM,Published sector total equals the sum of the three non-negative functional-group branch counts with zero residual.,43.0,37.0,,6.0,1,43.0,0.0,True,raw/2023-9_table06.json.gz,25af5a758692d6b70a79e16ce4e4a11ea0913b00c9d2f122bdd3d85bc5eaf575,raw/2023-9_table06_info.json,92e7f02b6741680c5bb5697a319468050eb28f5145bed20304378bab43cd2016,https://www.bddk.org.tr/BultenFinturk/tr/Home/MetaveriPdfIndir?tabloNo=6
2023-09,2023-09-30,NİĞDE,10003,KALKINMA VE YATIRIM,SubeSayisi,Yurtiçi Şube Sayısı,,0.0,derived_zero_function_group_identity,SEKTOR = MEVDUAT + KATILIM + KALKINMA_VE_YATIRIM,Published sector total equals the sum of the three non-negative functional-group branch counts with zero residual.,28.0,24.0,,4.0,1,28.0,0.0,True,raw/2023-9_table06.json.gz,25af5a758692d6b70a79e16ce4e4a11ea0913b00c9d2f122bdd3d85bc5eaf575,raw/2023-9_table06_info.json,92e7f02b6741680c5bb5697a319468050eb28f5145bed20304378bab43cd2016,https://www.bddk.org.tr/BultenFinturk/tr/Home/MetaveriPdfIndir?tabloNo=6
2023-09,2023-09-30,ORDU,10003,KALKINMA VE YATIRIM,SubeSayisi,Yurtiçi Şube Sayısı,,0.0,derived_zero_function_group_identity,SEKTOR = MEVDUAT + KATILIM + KALKINMA_VE_YATIRIM,Published sector total equals the sum of the three non-negative functional-group branch counts with zero residual.,74.0,67.0,,7.0,1,74.0,0.0,True,raw/2023-9_table06.json.gz,25af5a758692d6b70a79e16ce4e4a11ea0913b00c9d2f122bdd3d85bc5eaf575,raw/2023-9_table06_info.json,92e7f02b6741680c5bb5697a319468050eb28f5145bed20304378bab43cd2016,https://www.bddk.org.tr/BultenFinturk/tr/Home/MetaveriPdfIndir?tabloNo=6
2023-09,2023-09-30,OSMANİYE,10003,KALKINMA VE YATIRIM,SubeSayisi,Yurtiçi Şube Sayısı,,0.0,derived_zero_function_group_identity,SEKTOR = MEVDUAT + KATILIM + KALKINMA_VE_YATIRIM,Published sector total equals the sum of the three non-negative functional-group branch counts with zero residual.,41.0,35.0,,6.0,1,41.0,0.0,True,raw/2023-9_table06.json.gz,25af5a758692d6b70a79e16ce4e4a11ea0913b00c9d2f122bdd3d85bc5eaf575,raw/2023-9_table06_info.json,92e7f02b6741680c5bb5697a319468050eb28f5145bed20304378bab43cd2016,https://www.bddk.org.tr/BultenFinturk/tr/Home/MetaveriPdfIndir?tabloNo=6
2023-09,2023-09-30,RİZE,10003,KALKINMA VE YATIRIM,SubeSayisi,Yurtiçi Şube Sayısı,,0.0,derived_zero_function_group_identity,SEKTOR = MEVDUAT + KATILIM + KALKINMA_VE_YATIRIM,Published sector total equals the sum of the three non-negative functional-group branch counts with zero residual.,50.0,44.0,,6.0,1,50.0,0.0,True,raw/2023-9_table06.json.gz,25af5a758692d6b70a79e16ce4e4a11ea0913b00c9d2f122bdd3d85bc5eaf575,raw/2023-9_table06_info.json,92e7f02b6741680c5bb5697a319468050eb28f5145bed20304378bab43cd2016,https://www.bddk.org.tr/BultenFinturk/tr/Home/MetaveriPdfIndir?tabloNo=6
2023-09,2023-09-30,SAKARYA,10003,KALKINMA VE YATIRIM,SubeSayisi,Yurtiçi Şube Sayısı,,0.0,derived_zero_function_group_identity,SEKTOR = MEVDUAT + KATILIM + KALKINMA_VE_YATIRIM,Published sector total equals the sum of the three non-negative functional-group branch counts with zero residual.,118.0,105.0,,13.0,1,118.0,0.0,True,raw/2023-9_table06.json.gz,25af5a758692d6b70a79e16ce4e4a11ea0913b00c9d2f122bdd3d85bc5eaf575,raw/2023-9_table06_info.json,92e7f02b6741680c5bb5697a319468050eb28f5145bed20304378bab43cd2016,https://www.bddk.org.tr/BultenFinturk/tr/Home/MetaveriPdfIndir?tabloNo=6
2023-09,2023-09-30,SİNOP,10003,KALKINMA VE YATIRIM,SubeSayisi,Yurtiçi Şube Sayısı,,0.0,derived_zero_function_group_identity,SEKTOR = MEVDUAT + KATILIM + KALKINMA_VE_YATIRIM,Published sector total equals the sum of the three non-negative functional-group branch counts with zero residual.,30.0,30.0,,,2,30.0,0.0,True,raw/2023-9_table06.json.gz,25af5a758692d6b70a79e16ce4e4a11ea0913b00c9d2f122bdd3d85bc5eaf575,raw/2023-9_table06_info.json,92e7f02b6741680c5bb5697a319468050eb28f5145bed20304378bab43cd2016,https://www.bddk.org.tr/BultenFinturk/tr/Home/MetaveriPdfIndir?tabloNo=6
2023-09,2023-09-30,SİNOP,10004,KATILIM,SubeSayisi,Yurtiçi Şube Sayısı,,0.0,derived_zero_function_group_identity,SEKTOR = MEVDUAT + KATILIM + KALKINMA_VE_YATIRIM,Published sector total equals the sum of the three non-negative functional-group branch counts with zero residual.,30.0,30.0,,,2,30.0,0.0,True,raw/2023-9_table06.json.gz,25af5a758692d6b70a79e16ce4e4a11ea0913b00c9d2f122bdd3d85bc5eaf575,raw/2023-9_table06_info.json,92e7f02b6741680c5bb5697a319468050eb28f5145bed20304378bab43cd2016,https://www.bddk.org.tr/BultenFinturk/tr/Home/MetaveriPdfIndir?tabloNo=6
2023-09,2023-09-30,SİİRT,10003,KALKINMA VE YATIRIM,SubeSayisi,Yurtiçi Şube Sayısı,,0.0,derived_zero_function_group_identity,SEKTOR = MEVDUAT + KATILIM + KALKINMA_VE_YATIRIM,Published sector total equals the sum of the three non-negative functional-group branch counts with zero residual.,21.0,16.0,,5.0,1,21.0,0.0,True,raw/2023-9_table06.json.gz,25af5a758692d6b70a79e16ce4e4a11ea0913b00c9d2f122bdd3d85bc5eaf575,raw/2023-9_table06_info.json,92e7f02b6741680c5bb5697a319468050eb28f5145bed20304378bab43cd2016,https://www.bddk.org.tr/BultenFinturk/tr/Home/MetaveriPdfIndir?tabloNo=6
2023-09,2023-09-30,TOKAT,10003,KALKINMA VE YATIRIM,SubeSayisi,Yurtiçi Şube Sayısı,,0.0,derived_zero_function_group_identity,SEKTOR = MEVDUAT + KATILIM + KALKINMA_VE_YATIRIM,Published sector total equals the sum of the three non-negative functional-group branch counts with zero residual.,57.0,52.0,,5.0,1,57.0,0.0,True,raw/2023-9_table06.json.gz,25af5a758692d6b70a79e16ce4e4a11ea0913b00c9d2f122bdd3d85bc5eaf575,raw/2023-9_table06_info.json,92e7f02b6741680c5bb5697a319468050eb28f5145bed20304378bab43cd2016,https://www.bddk.org.tr/BultenFinturk/tr/Home/MetaveriPdfIndir?tabloNo=6
2023-09,2023-09-30,TUNCELİ,10003,KALKINMA VE YATIRIM,SubeSayisi,Yurtiçi Şube Sayısı,,0.0,derived_zero_function_group_identity,SEKTOR = MEVDUAT + KATILIM + KALKINMA_VE_YATIRIM,Published sector total equals the sum of the three non-negative functional-group branch counts with zero residual.,13.0,13.0,,,2,13.0,0.0,True,raw/2023-9_table06.json.gz,25af5a758692d6b70a79e16ce4e4a11ea0913b00c9d2f122bdd3d85bc5eaf575,raw/2023-9_table06_info.json,92e7f02b6741680c5bb5697a319468050eb28f5145bed20304378bab43cd2016,https://www.bddk.org.tr/BultenFinturk/tr/Home/MetaveriPdfIndir?tabloNo=6
2023-09,2023-09-30,TUNCELİ,10004,KATILIM,SubeSayisi,Yurtiçi Şube Sayısı,,0.0,derived_zero_function_group_identity,SEKTOR = MEVDUAT + KATILIM + KALKINMA_VE_YATIRIM,Published sector total equals the sum of the three non-negative functional-group branch counts with zero residual.,13.0,13.0,,,2,13.0,0.0,True,raw/2023-9_table06.json.gz,25af5a758692d6b70a79e16ce4e4a11ea0913b00c9d2f122bdd3d85bc5eaf575,raw/2023-9_table06_info.json,92e7f02b6741680c5bb5697a319468050eb28f5145bed20304378bab43cd2016,https://www.bddk.org.tr/BultenFinturk/tr/Home/MetaveriPdfIndir?tabloNo=6
2023-09,2023-09-30,UŞAK,10003,KALKINMA VE YATIRIM,SubeSayisi,Yurtiçi Şube Sayısı,,0.0,derived_zero_function_group_identity,SEKTOR = MEVDUAT + KATILIM + KALKINMA_VE_YATIRIM,Published sector total equals the sum of the three non-negative functional-group branch counts with zero residual.,45.0,40.0,,5.0,1,45.0,0.0,True,raw/2023-9_table06.json.gz,25af5a758692d6b70a79e16ce4e4a11ea0913b00c9d2f122bdd3d85bc5eaf575,raw/2023-9_table06_info.json,92e7f02b6741680c5bb5697a319468050eb28f5145bed20304378bab43cd2016,https://www.bddk.org.tr/BultenFinturk/tr/Home/MetaveriPdfIndir?tabloNo=6
2023-09,2023-09-30,YALOVA,10003,KALKINMA VE YATIRIM,SubeSayisi,Yurtiçi Şube Sayısı,,0.0,derived_zero_function_group_identity,SEKTOR = MEVDUAT + KATILIM + KALKINMA_VE_YATIRIM,Published sector total equals the sum of the three non-negative functional-group branch counts with zero residual.,29.0,23.0,,6.0,1,29.0,0.0,True,raw/2023-9_table06.json.gz,25af5a758692d6b70a79e16ce4e4a11ea0913b00c9d2f122bdd3d85bc5eaf575,raw/2023-9_table06_info.json,92e7f02b6741680c5bb5697a319468050eb28f5145bed20304378bab43cd2016,https://www.bddk.org.tr/BultenFinturk/tr/Home/MetaveriPdfIndir?tabloNo=6
2023-09,2023-09-30,YOZGAT,10003,KALKINMA VE YATIRIM,SubeSayisi,Yurtiçi Şube Sayısı,,0.0,derived_zero_function_group_identity,SEKTOR = MEVDUAT + KATILIM + KALKINMA_VE_YATIRIM,Published sector total equals the sum of the three non-negative functional-group branch counts with zero residual.,51.0,48.0,,3.0,1,51.0,0.0,True,raw/2023-9_table06.json.gz,25af5a758692d6b70a79e16ce4e4a11ea0913b00c9d2f122bdd3d85bc5eaf575,raw/2023-9_table06_info.json,92e7f02b6741680c5bb5697a319468050eb28f5145bed20304378bab43cd2016,https://www.bddk.org.tr/BultenFinturk/tr/Home/MetaveriPdfIndir?tabloNo=6
2023-09,2023-09-30,ZONGULDAK,10003,KALKINMA VE YATIRIM,SubeSayisi,Yurtiçi Şube Sayısı,,0.0,derived_zero_function_group_identity,SEKTOR = MEVDUAT + KATILIM + KALKINMA_VE_YATIRIM,Published sector total equals the sum of the three non-negative functional-group branch counts with zero residual.,64.0,60.0,,4.0,1,64.0,0.0,True,raw/2023-9_table06.json.gz,25af5a758692d6b70a79e16ce4e4a11ea0913b00c9d2f122bdd3d85bc5eaf575,raw/2023-9_table06_info.json,92e7f02b6741680c5bb5697a319468050eb28f5145bed20304378bab43cd2016,https://www.bddk.org.tr/BultenFinturk/tr/Home/MetaveriPdfIndir?tabloNo=6
2023-09,2023-09-30,ÇANAKKALE,10003,KALKINMA VE YATIRIM,SubeSayisi,Yurtiçi Şube Sayısı,,0.0,derived_zero_function_group_identity,SEKTOR = MEVDUAT + KATILIM + KALKINMA_VE_YATIRIM,Published sector total equals the sum of the three non-negative functional-group branch counts with zero residual.,79.0,74.0,,5.0,1,79.0,0.0,True,raw/2023-9_table06.json.gz,25af5a758692d6b70a79e16ce4e4a11ea0913b00c9d2f122bdd3d85bc5eaf575,raw/2023-9_table06_info.json,92e7f02b6741680c5bb5697a319468050eb28f5145bed20304378bab43cd2016,https://www.bddk.org.tr/BultenFinturk/tr/Home/MetaveriPdfIndir?tabloNo=6
2023-09,2023-09-30,ÇANKIRI,10003,KALKINMA VE YATIRIM,SubeSayisi,Yurtiçi Şube Sayısı,,0.0,derived_zero_function_group_identity,SEKTOR = MEVDUAT + KATILIM + KALKINMA_VE_YATIRIM,Published sector total equals the sum of the three non-negative functional-group branch counts with zero residual.,31.0,29.0,,2.0,1,31.0,0.0,True,raw/2023-9_table06.json.gz,25af5a758692d6b70a79e16ce4e4a11ea0913b00c9d2f122bdd3d85bc5eaf575,raw/2023-9_table06_info.json,92e7f02b6741680c5bb5697a319468050eb28f5145bed20304378bab43cd2016,https://www.bddk.org.tr/BultenFinturk/tr/Home/MetaveriPdfIndir?tabloNo=6
2023-09,2023-09-30,ÇORUM,10003,KALKINMA VE YATIRIM,SubeSayisi,Yurtiçi Şube Sayısı,,0.0,derived_zero_function_group_identity,SEKTOR = MEVDUAT + KATILIM + KALKINMA_VE_YATIRIM,Published sector total equals the sum of the three non-negative functional-group branch counts with zero residual.,63.0,57.0,,6.0,1,63.0,0.0,True,raw/2023-9_table06.json.gz,25af5a758692d6b70a79e16ce4e4a11ea0913b00c9d2f122bdd3d85bc5eaf575,raw/2023-9_table06_info.json,92e7f02b6741680c5bb5697a319468050eb28f5145bed20304378bab43cd2016,https://www.bddk.org.tr/BultenFinturk/tr/Home/MetaveriPdfIndir?tabloNo=6
2023-09,2023-09-30,ŞANLIURFA,10003,KALKINMA VE YATIRIM,SubeSayisi,Yurtiçi Şube Sayısı,,0.0,derived_zero_function_group_identity,SEKTOR = MEVDUAT + KATILIM + KALKINMA_VE_YATIRIM,Published sector total equals the sum of the three non-negative functional-group branch counts with zero residual.,91.0,77.0,,14.0,1,91.0,0.0,True,raw/2023-9_table06.json.gz,25af5a758692d6b70a79e16ce4e4a11ea0913b00c9d2f122bdd3d85bc5eaf575,raw/2023-9_table06_info.json,92e7f02b6741680c5bb5697a319468050eb28f5145bed20304378bab43cd2016,https://www.bddk.org.tr/BultenFinturk/tr/Home/MetaveriPdfIndir?tabloNo=6
2023-09,2023-09-30,ŞIRNAK,10003,KALKINMA VE YATIRIM,SubeSayisi,Yurtiçi Şube Sayısı,,0.0,derived_zero_function_group_identity,SEKTOR = MEVDUAT + KATILIM + KALKINMA_VE_YATIRIM,Published sector total equals the sum of the three non-negative functional-group branch counts with zero residual.,22.0,21.0,,1.0,1,22.0,0.0,True,raw/2023-9_table06.json.gz,25af5a758692d6b70a79e16ce4e4a11ea0913b00c9d2f122bdd3d85bc5eaf575,raw/2023-9_table06_info.json,92e7f02b6741680c5bb5697a319468050eb28f5145bed20304378bab43cd2016,https://www.bddk.org.tr/BultenFinturk/tr/Home/MetaveriPdfIndir?tabloNo=6
2023-12,2023-12-31,ADIYAMAN,10003,KALKINMA VE YATIRIM,SubeSayisi,Yurtiçi Şube Sayısı,,0.0,derived_zero_function_group_identity,SEKTOR = MEVDUAT + KATILIM + KALKINMA_VE_YATIRIM,Published sector total equals the sum of the three non-negative functional-group branch counts with zero residual.,40.0,35.0,,5.0,1,40.0,0.0,True,raw/2023-12_table06.json.gz,5c5498cc8416cbba475768dfd37298b948d29d474d6d92294a75d8b4492e2383,raw/2023-12_table06_info.json,762972614b5999bfc32d56c281f107aed2c71ac402bdfb4dd7c24d691310fb0d,https://www.bddk.org.tr/BultenFinturk/tr/Home/MetaveriPdfIndir?tabloNo=6
2023-12,2023-12-31,AFYONKARAHİSAR,10003,KALKINMA VE YATIRIM,SubeSayisi,Yurtiçi Şube Sayısı,,0.0,derived_zero_function_group_identity,SEKTOR = MEVDUAT + KATILIM + KALKINMA_VE_YATIRIM,Published sector total equals the sum of the three non-negative functional-group branch counts with zero residual.,87.0,80.0,,7.0,1,87.0,0.0,True,raw/2023-12_table06.json.gz,5c5498cc8416cbba475768dfd37298b948d29d474d6d92294a75d8b4492e2383,raw/2023-12_table06_info.json,762972614b5999bfc32d56c281f107aed2c71ac402bdfb4dd7c24d691310fb0d,https://www.bddk.org.tr/BultenFinturk/tr/Home/MetaveriPdfIndir?tabloNo=6
2023-12,2023-12-31,AKSARAY,10003,KALKINMA VE YATIRIM,SubeSayisi,Yurtiçi Şube Sayısı,,0.0,derived_zero_function_group_identity,SEKTOR = MEVDUAT + KATILIM + KALKINMA_VE_YATIRIM,Published sector total equals the sum of the three non-negative functional-group branch counts with zero residual.,39.0,32.0,,7.0,1,39.0,0.0,True,raw/2023-12_table06.json.gz,5c5498cc8416cbba475768dfd37298b948d29d474d6d92294a75d8b4492e2383,raw/2023-12_table06_info.json,762972614b5999bfc32d56c281f107aed2c71ac402bdfb4dd7c24d691310fb0d,https://www.bddk.org.tr/BultenFinturk/tr/Home/MetaveriPdfIndir?tabloNo=6
2023-12,2023-12-31,AMASYA,10003,KALKINMA VE YATIRIM,SubeSayisi,Yurtiçi Şube Sayısı,,0.0,derived_zero_function_group_identity,SEKTOR = MEVDUAT + KATILIM + KALKINMA_VE_YATIRIM,Published sector total equals the sum of the three non-negative functional-group branch counts with zero residual.,40.0,36.0,,4.0,1,40.0,0.0,True,raw/2023-12_table06.json.gz,5c5498cc8416cbba475768dfd37298b948d29d474d6d92294a75d8b4492e2383,raw/2023-12_table06_info.json,762972614b5999bfc32d56c281f107aed2c71ac402bdfb4dd7c24d691310fb0d,https://www.bddk.org.tr/BultenFinturk/tr/Home/MetaveriPdfIndir?tabloNo=6
2023-12,2023-12-31,ARDAHAN,10003,KALKINMA VE YATIRIM,SubeSayisi,Yurtiçi Şube Sayısı,,0.0,derived_zero_function_group_identity,SEKTOR = MEVDUAT + KATILIM + KALKINMA_VE_YATIRIM,Published sector total equals the sum of the three non-negative functional-group branch counts with zero residual.,12.0,12.0,,,2,12.0,0.0,True,raw/2023-12_table06.json.gz,5c5498cc8416cbba475768dfd37298b948d29d474d6d92294a75d8b4492e2383,raw/2023-12_table06_info.json,762972614b5999bfc32d56c281f107aed2c71ac402bdfb4dd7c24d691310fb0d,https://www.bddk.org.tr/BultenFinturk/tr/Home/MetaveriPdfIndir?tabloNo=6
2023-12,2023-12-31,ARDAHAN,10004,KATILIM,SubeSayisi,Yurtiçi Şube Sayısı,,0.0,derived_zero_function_group_identity,SEKTOR = MEVDUAT + KATILIM + KALKINMA_VE_YATIRIM,Published sector total equals the sum of the three non-negative functional-group branch counts with zero residual.,12.0,12.0,,,2,12.0,0.0,True,raw/2023-12_table06.json.gz,5c5498cc8416cbba475768dfd37298b948d29d474d6d92294a75d8b4492e2383,raw/2023-12_table06_info.json,762972614b5999bfc32d56c281f107aed2c71ac402bdfb4dd7c24d691310fb0d,https://www.bddk.org.tr/BultenFinturk/tr/Home/MetaveriPdfIndir?tabloNo=6
2023-12,2023-12-31,ARTVİN,10003,KALKINMA VE YATIRIM,SubeSayisi,Yurtiçi Şube Sayısı,,0.0,derived_zero_function_group_identity,SEKTOR = MEVDUAT + KATILIM + KALKINMA_VE_YATIRIM,Published sector total equals the sum of the three non-negative functional-group branch counts with zero residual.,32.0,32.0,,,2,32.0,0.0,True,raw/2023-12_table06.json.gz,5c5498cc8416cbba475768dfd37298b948d29d474d6d92294a75d8b4492e2383,raw/2023-12_table06_info.json,762972614b5999bfc32d56c281f107aed2c71ac402bdfb4dd7c24d691310fb0d,https://www.bddk.org.tr/BultenFinturk/tr/Home/MetaveriPdfIndir?tabloNo=6
2023-12,2023-12-31,ARTVİN,10004,KATILIM,SubeSayisi,Yurtiçi Şube Sayısı,,0.0,derived_zero_function_group_identity,SEKTOR = MEVDUAT + KATILIM + KALKINMA_VE_YATIRIM,Published sector total equals the sum of the three non-negative functional-group branch counts with zero residual.,32.0,32.0,,,2,32.0,0.0,True,raw/2023-12_table06.json.gz,5c5498cc8416cbba475768dfd37298b948d29d474d6d92294a75d8b4492e2383,raw/2023-12_table06_info.json,762972614b5999bfc32d56c281f107aed2c71ac402bdfb4dd7c24d691310fb0d,https://www.bddk.org.tr/BultenFinturk/tr/Home/MetaveriPdfIndir?tabloNo=6
2023-12,2023-12-31,AYDIN,10003,KALKINMA VE YATIRIM,SubeSayisi,Yurtiçi Şube Sayısı,,0.0,derived_zero_function_group_identity,SEKTOR = MEVDUAT + KATILIM + KALKINMA_VE_YATIRIM,Published sector total equals the sum of the three non-negative functional-group branch counts with zero residual.,155.0,144.0,,11.0,1,155.0,0.0,True,raw/2023-12_table06.json.gz,5c5498cc8416cbba475768dfd37298b948d29d474d6d92294a75d8b4492e2383,raw/2023-12_table06_info.json,762972614b5999bfc32d56c281f107aed2c71ac402bdfb4dd7c24d691310fb0d,https://www.bddk.org.tr/BultenFinturk/tr/Home/MetaveriPdfIndir?tabloNo=6
2023-12,2023-12-31,AĞRI,10003,KALKINMA VE YATIRIM,SubeSayisi,Yurtiçi Şube Sayısı,,0.0,derived_zero_function_group_identity,SEKTOR = MEVDUAT + KATILIM + KALKINMA_VE_YATIRIM,Published sector total equals the sum of the three non-negative functional-group branch counts with zero residual.,25.0,23.0,,2.0,1,25.0,0.0,True,raw/2023-12_table06.json.gz,5c5498cc8416cbba475768dfd37298b948d29d474d6d92294a75d8b4492e2383,raw/2023-12_table06_info.json,762972614b5999bfc32d56c281f107aed2c71ac402bdfb4dd7c24d691310fb0d,https://www.bddk.org.tr/BultenFinturk/tr/Home/MetaveriPdfIndir?tabloNo=6
2023-12,2023-12-31,BALIKESİR,10003,KALKINMA VE YATIRIM,SubeSayisi,Yurtiçi Şube Sayısı,,0.0,derived_zero_function_group_identity,SEKTOR = MEVDUAT + KATILIM + KALKINMA_VE_YATIRIM,Published sector total equals the sum of the three non-negative functional-group branch counts with zero residual.,158.0,145.0,,13.0,1,158.0,0.0,True,raw/2023-12_table06.json.gz,5c5498cc8416cbba475768dfd37298b948d29d474d6d92294a75d8b4492e2383,raw/2023-12_table06_info.json,762972614b5999bfc32d56c281f107aed2c71ac402bdfb4dd7c24d691310fb0d,https://www.bddk.org.tr/BultenFinturk/tr/Home/MetaveriPdfIndir?tabloNo=6
2023-12,2023-12-31,BARTIN,10003,KALKINMA VE YATIRIM,SubeSayisi,Yurtiçi Şube Sayısı,,0.0,derived_zero_function_group_identity,SEKTOR = MEVDUAT + KATILIM + KALKINMA_VE_YATIRIM,Published sector total equals the sum of the three non-negative functional-group branch counts with zero residual.,22.0,20.0,,2.0,1,22.0,0.0,True,raw/2023-12_table06.json.gz,5c5498cc8416cbba475768dfd37298b948d29d474d6d92294a75d8b4492e2383,raw/2023-12_table06_info.json,762972614b5999bfc32d56c281f107aed2c71ac402bdfb4dd7c24d691310fb0d,https://www.bddk.org.tr/BultenFinturk/tr/Home/MetaveriPdfIndir?tabloNo=6
2023-12,2023-12-31,BATMAN,10003,KALKINMA VE YATIRIM,SubeSayisi,Yurtiçi Şube Sayısı,,0.0,derived_zero_function_group_identity,SEKTOR = MEVDUAT + KATILIM + KALKINMA_VE_YATIRIM,Published sector total equals the sum of the three non-negative functional-group branch counts with zero residual.,31.0,25.0,,6.0,1,31.0,0.0,True,raw/2023-12_table06.json.gz,5c5498cc8416cbba475768dfd37298b948d29d474d6d92294a75d8b4492e2383,raw/2023-12_table06_info.json,762972614b5999bfc32d56c281f107aed2c71ac402bdfb4dd7c24d691310fb0d,https://www.bddk.org.tr/BultenFinturk/tr/Home/MetaveriPdfIndir?tabloNo=6
2023-12,2023-12-31,BAYBURT,10003,KALKINMA VE YATIRIM,SubeSayisi,Yurtiçi Şube Sayısı,,0.0,derived_zero_function_group_identity,SEKTOR = MEVDUAT + KATILIM + KALKINMA_VE_YATIRIM,Published sector total equals the sum of the three non-negative functional-group branch counts with zero residual.,8.0,8.0,,,2,8.0,0.0,True,raw/2023-12_table06.json.gz,5c5498cc8416cbba475768dfd37298b948d29d474d6d92294a75d8b4492e2383,raw/2023-12_table06_info.json,762972614b5999bfc32d56c281f107aed2c71ac402bdfb4dd7c24d691310fb0d,https://www.bddk.org.tr/BultenFinturk/tr/Home/MetaveriPdfIndir?tabloNo=6
2023-12,2023-12-31,BAYBURT,10004,KATILIM,SubeSayisi,Yurtiçi Şube Sayısı,,0.0,derived_zero_function_group_identity,SEKTOR = MEVDUAT + KATILIM + KALKINMA_VE_YATIRIM,Published sector total equals the sum of the three non-negative functional-group branch counts with zero residual.,8.0,8.0,,,2,8.0,0.0,True,raw/2023-12_table06.json.gz,5c5498cc8416cbba475768dfd37298b948d29d474d6d92294a75d8b4492e2383,raw/2023-12_table06_info.json,762972614b5999bfc32d56c281f107aed2c71ac402bdfb4dd7c24d691310fb0d,https://www.bddk.org.tr/BultenFinturk/tr/Home/MetaveriPdfIndir?tabloNo=6
2023-12,2023-12-31,BOLU,10003,KALKINMA VE YATIRIM,SubeSayisi,Yurtiçi Şube Sayısı,,0.0,derived_zero_function_group_identity,SEKTOR = MEVDUAT + KATILIM + KALKINMA_VE_YATIRIM,Published sector total equals the sum of the three non-negative functional-group branch counts with zero residual.,40.0,35.0,,5.0,1,40.0,0.0,True,raw/2023-12_table06.json.gz,5c5498cc8416cbba475768dfd37298b948d29d474d6d92294a75d8b4492e2383,raw/2023-12_table06_info.json,762972614b5999bfc32d56c281f107aed2c71ac402bdfb4dd7c24d691310fb0d,https://www.bddk.org.tr/BultenFinturk/tr/Home/MetaveriPdfIndir?tabloNo=6
2023-12,2023-12-31,BURDUR,10003,KALKINMA VE YATIRIM,SubeSayisi,Yurtiçi Şube Sayısı,,0.0,derived_zero_function_group_identity,SEKTOR = MEVDUAT + KATILIM + KALKINMA_VE_YATIRIM,Published sector total equals the sum of the three non-negative functional-group branch counts with zero residual.,36.0,34.0,,2.0,1,36.0,0.0,True,raw/2023-12_table06.json.gz,5c5498cc8416cbba475768dfd37298b948d29d474d6d92294a75d8b4492e2383,raw/2023-12_table06_info.json,762972614b5999bfc32d56c281f107aed2c71ac402bdfb4dd7c24d691310fb0d,https://www.bddk.org.tr/BultenFinturk/tr/Home/MetaveriPdfIndir?tabloNo=6
2023-12,2023-12-31,BİLECİK,10003,KALKINMA VE YATIRIM,SubeSayisi,Yurtiçi Şube Sayısı,,0.0,derived_zero_function_group_identity,SEKTOR = MEVDUAT + KATILIM + KALKINMA_VE_YATIRIM,Published sector total equals the sum of the three non-negative functional-group branch counts with zero residual.,30.0,29.0,,1.0,1,30.0,0.0,True,raw/2023-12_table06.json.gz,5c5498cc8416cbba475768dfd37298b948d29d474d6d92294a75d8b4492e2383,raw/2023-12_table06_info.json,762972614b5999bfc32d56c281f107aed2c71ac402bdfb4dd7c24d691310fb0d,https://www.bddk.org.tr/BultenFinturk/tr/Home/MetaveriPdfIndir?tabloNo=6
2023-12,2023-12-31,BİNGÖL,10003,KALKINMA VE YATIRIM,SubeSayisi,Yurtiçi Şube Sayısı,,0.0,derived_zero_function_group_identity,SEKTOR = MEVDUAT + KATILIM + KALKINMA_VE_YATIRIM,Published sector total equals the sum of the three non-negative functional-group branch counts with zero residual.,18.0,15.0,,3.0,1,18.0,0.0,True,raw/2023-12_table06.json.gz,5c5498cc8416cbba475768dfd37298b948d29d474d6d92294a75d8b4492e2383,raw/2023-12_table06_info.json,762972614b5999bfc32d56c281f107aed2c71ac402bdfb4dd7c24d691310fb0d,https://www.bddk.org.tr/BultenFinturk/tr/Home/MetaveriPdfIndir?tabloNo=6
2023-12,2023-12-31,BİTLİS,10003,KALKINMA VE YATIRIM,SubeSayisi,Yurtiçi Şube Sayısı,,0.0,derived_zero_function_group_identity,SEKTOR = MEVDUAT + KATILIM + KALKINMA_VE_YATIRIM,Published sector total equals the sum of the three non-negative functional-group branch counts with zero residual.,21.0,20.0,,1.0,1,21.0,0.0,True,raw/2023-12_table06.json.gz,5c5498cc8416cbba475768dfd37298b948d29d474d6d92294a75d8b4492e2383,raw/2023-12_table06_info.json,762972614b5999bfc32d56c281f107aed2c71ac402bdfb4dd7c24d691310fb0d,https://www.bddk.org.tr/BultenFinturk/tr/Home/MetaveriPdfIndir?tabloNo=6
2023-12,2023-12-31,DÜZCE,10003,KALKINMA VE YATIRIM,SubeSayisi,Yurtiçi Şube Sayısı,,0.0,derived_zero_function_group_identity,SEKTOR = MEVDUAT + KATILIM + KALKINMA_VE_YATIRIM,Published sector total equals the sum of the three non-negative functional-group branch counts with zero residual.,36.0,29.0,,7.0,1,36.0,0.0,True,raw/2023-12_table06.json.gz,5c5498cc8416cbba475768dfd37298b948d29d474d6d92294a75d8b4492e2383,raw/2023-12_table06_info.json,762972614b5999bfc32d56c281f107aed2c71ac402bdfb4dd7c24d691310fb0d,https://www.bddk.org.tr/BultenFinturk/tr/Home/MetaveriPdfIndir?tabloNo=6
2023-12,2023-12-31,EDİRNE,10003,KALKINMA VE YATIRIM,SubeSayisi,Yurtiçi Şube Sayısı,,0.0,derived_zero_function_group_identity,SEKTOR = MEVDUAT + KATILIM + KALKINMA_VE_YATIRIM,Published sector total equals the sum of the three non-negative functional-group branch counts with zero residual.,56.0,53.0,,3.0,1,56.0,0.0,True,raw/2023-12_table06.json.gz,5c5498cc8416cbba475768dfd37298b948d29d474d6d92294a75d8b4492e2383,raw/2023-12_table06_info.json,762972614b5999bfc32d56c281f107aed2c71ac402bdfb4dd7c24d691310fb0d,https://www.bddk.org.tr/BultenFinturk/tr/Home/MetaveriPdfIndir?tabloNo=6
2023-12,2023-12-31,ERZİNCAN,10003,KALKINMA VE YATIRIM,SubeSayisi,Yurtiçi Şube Sayısı,,0.0,derived_zero_function_group_identity,SEKTOR = MEVDUAT + KATILIM + KALKINMA_VE_YATIRIM,Published sector total equals the sum of the three non-negative functional-group branch counts with zero residual.,30.0,25.0,,5.0,1,30.0,0.0,True,raw/2023-12_table06.json.gz,5c5498cc8416cbba475768dfd37298b948d29d474d6d92294a75d8b4492e2383,raw/2023-12_table06_info.json,762972614b5999bfc32d56c281f107aed2c71ac402bdfb4dd7c24d691310fb0d,https://www.bddk.org.tr/BultenFinturk/tr/Home/MetaveriPdfIndir?tabloNo=6
2023-12,2023-12-31,GÜMÜŞHANE,10003,KALKINMA VE YATIRIM,SubeSayisi,Yurtiçi Şube Sayısı,,0.0,derived_zero_function_group_identity,SEKTOR = MEVDUAT + KATILIM + KALKINMA_VE_YATIRIM,Published sector total equals the sum of the three non-negative functional-group branch counts with zero residual.,20.0,19.0,,1.0,1,20.0,0.0,True,raw/2023-12_table06.json.gz,5c5498cc8416cbba475768dfd37298b948d29d474d6d92294a75d8b4492e2383,raw/2023-12_table06_info.json,762972614b5999bfc32d56c281f107aed2c71ac402bdfb4dd7c24d691310fb0d,https://www.bddk.org.tr/BultenFinturk/tr/Home/MetaveriPdfIndir?tabloNo=6
2023-12,2023-12-31,GİRESUN,10003,KALKINMA VE YATIRIM,SubeSayisi,Yurtiçi Şube Sayısı,,0.0,derived_zero_function_group_identity,SEKTOR = MEVDUAT + KATILIM + KALKINMA_VE_YATIRIM,Published sector total equals the sum of the three non-negative functional-group branch counts with zero residual.,56.0,51.0,,5.0,1,56.0,0.0,True,raw/2023-12_table06.json.gz,5c5498cc8416cbba475768dfd37298b948d29d474d6d92294a75d8b4492e2383,raw/2023-12_table06_info.json,762972614b5999bfc32d56c281f107aed2c71ac402bdfb4dd7c24d691310fb0d,https://www.bddk.org.tr/BultenFinturk/tr/Home/MetaveriPdfIndir?tabloNo=6
2023-12,2023-12-31,HAKKARİ,10003,KALKINMA VE YATIRIM,SubeSayisi,Yurtiçi Şube Sayısı,,0.0,derived_zero_function_group_identity,SEKTOR = MEVDUAT + KATILIM + KALKINMA_VE_YATIRIM,Published sector total equals the sum of the three non-negative functional-group branch counts with zero residual.,15.0,15.0,,,2,15.0,0.0,True,raw/2023-12_table06.json.gz,5c5498cc8416cbba475768dfd37298b948d29d474d6d92294a75d8b4492e2383,raw/2023-12_table06_info.json,762972614b5999bfc32d56c281f107aed2c71ac402bdfb4dd7c24d691310fb0d,https://www.bddk.org.tr/BultenFinturk/tr/Home/MetaveriPdfIndir?tabloNo=6
2023-12,2023-12-31,HAKKARİ,10004,KATILIM,SubeSayisi,Yurtiçi Şube Sayısı,,0.0,derived_zero_function_group_identity,SEKTOR = MEVDUAT + KATILIM + KALKINMA_VE_YATIRIM,Published sector total equals the sum of the three non-negative functional-group branch counts with zero residual.,15.0,15.0,,,2,15.0,0.0,True,raw/2023-12_table06.json.gz,5c5498cc8416cbba475768dfd37298b948d29d474d6d92294a75d8b4492e2383,raw/2023-12_table06_info.json,762972614b5999bfc32d56c281f107aed2c71ac402bdfb4dd7c24d691310fb0d,https://www.bddk.org.tr/BultenFinturk/tr/Home/MetaveriPdfIndir?tabloNo=6
2023-12,2023-12-31,ISPARTA,10003,KALKINMA VE YATIRIM,SubeSayisi,Yurtiçi Şube Sayısı,,0.0,derived_zero_function_group_identity,SEKTOR = MEVDUAT + KATILIM + KALKINMA_VE_YATIRIM,Published sector total equals the sum of the three non-negative functional-group branch counts with zero residual.,57.0,50.0,,7.0,1,57.0,0.0,True,raw/2023-12_table06.json.gz,5c5498cc8416cbba475768dfd37298b948d29d474d6d92294a75d8b4492e2383,raw/2023-12_table06_info.json,762972614b5999bfc32d56c281f107aed2c71ac402bdfb4dd7c24d691310fb0d,https://www.bddk.org.tr/BultenFinturk/tr/Home/MetaveriPdfIndir?tabloNo=6
2023-12,2023-12-31,IĞDIR,10003,KALKINMA VE YATIRIM,SubeSayisi,Yurtiçi Şube Sayısı,,0.0,derived_zero_function_group_identity,SEKTOR = MEVDUAT + KATILIM + KALKINMA_VE_YATIRIM,Published sector total equals the sum of the three non-negative functional-group branch counts with zero residual.,15.0,14.0,,1.0,1,15.0,0.0,True,raw/2023-12_table06.json.gz,5c5498cc8416cbba475768dfd37298b948d29d474d6d92294a75d8b4492e2383,raw/2023-12_table06_info.json,762972614b5999bfc32d56c281f107aed2c71ac402bdfb4dd7c24d691310fb0d,https://www.bddk.org.tr/BultenFinturk/tr/Home/MetaveriPdfIndir?tabloNo=6
2023-12,2023-12-31,KARABÜK,10003,KALKINMA VE YATIRIM,SubeSayisi,Yurtiçi Şube Sayısı,,0.0,derived_zero_function_group_identity,SEKTOR = MEVDUAT + KATILIM + KALKINMA_VE_YATIRIM,Published sector total equals the sum of the three non-negative functional-group branch counts with zero residual.,30.0,25.0,,5.0,1,30.0,0.0,True,raw/2023-12_table06.json.gz,5c5498cc8416cbba475768dfd37298b948d29d474d6d92294a75d8b4492e2383,raw/2023-12_table06_info.json,762972614b5999bfc32d56c281f107aed2c71ac402bdfb4dd7c24d691310fb0d,https://www.bddk.org.tr/BultenFinturk/tr/Home/MetaveriPdfIndir?tabloNo=6
2023-12,2023-12-31,KARAMAN,10003,KALKINMA VE YATIRIM,SubeSayisi,Yurtiçi Şube Sayısı,,0.0,derived_zero_function_group_identity,SEKTOR = MEVDUAT + KATILIM + KALKINMA_VE_YATIRIM,Published sector total equals the sum of the three non-negative functional-group branch counts with zero residual.,27.0,21.0,,6.0,1,27.0,0.0,True,raw/2023-12_table06.json.gz,5c5498cc8416cbba475768dfd37298b948d29d474d6d92294a75d8b4492e2383,raw/2023-12_table06_info.json,762972614b5999bfc32d56c281f107aed2c71ac402bdfb4dd7c24d691310fb0d,https://www.bddk.org.tr/BultenFinturk/tr/Home/MetaveriPdfIndir?tabloNo=6
2023-12,2023-12-31,KARS,10003,KALKINMA VE YATIRIM,SubeSayisi,Yurtiçi Şube Sayısı,,0.0,derived_zero_function_group_identity,SEKTOR = MEVDUAT + KATILIM + KALKINMA_VE_YATIRIM,Published sector total equals the sum of the three non-negative functional-group branch counts with zero residual.,26.0,24.0,,2.0,1,26.0,0.0,True,raw/2023-12_table06.json.gz,5c5498cc8416cbba475768dfd37298b948d29d474d6d92294a75d8b4492e2383,raw/2023-12_table06_info.json,762972614b5999bfc32d56c281f107aed2c71ac402bdfb4dd7c24d691310fb0d,https://www.bddk.org.tr/BultenFinturk/tr/Home/MetaveriPdfIndir?tabloNo=6
2023-12,2023-12-31,KIRIKKALE,10003,KALKINMA VE YATIRIM,SubeSayisi,Yurtiçi Şube Sayısı,,0.0,derived_zero_function_group_identity,SEKTOR = MEVDUAT + KATILIM + KALKINMA_VE_YATIRIM,Published sector total equals the sum of the three non-negative functional-group branch counts with zero residual.,28.0,25.0,,3.0,1,28.0,0.0,True,raw/2023-12_table06.json.gz,5c5498cc8416cbba475768dfd37298b948d29d474d6d92294a75d8b4492e2383,raw/2023-12_table06_info.json,762972614b5999bfc32d56c281f107aed2c71ac402bdfb4dd7c24d691310fb0d,https://www.bddk.org.tr/BultenFinturk/tr/Home/MetaveriPdfIndir?tabloNo=6
2023-12,2023-12-31,KIRKLARELİ,10003,KALKINMA VE YATIRIM,SubeSayisi,Yurtiçi Şube Sayısı,,0.0,derived_zero_function_group_identity,SEKTOR = MEVDUAT + KATILIM + KALKINMA_VE_YATIRIM,Published sector total equals the sum of the three non-negative functional-group branch counts with zero residual.,46.0,45.0,,1.0,1,46.0,0.0,True,raw/2023-12_table06.json.gz,5c5498cc8416cbba475768dfd37298b948d29d474d6d92294a75d8b4492e2383,raw/2023-12_table06_info.json,762972614b5999bfc32d56c281f107aed2c71ac402bdfb4dd7c24d691310fb0d,https://www.bddk.org.tr/BultenFinturk/tr/Home/MetaveriPdfIndir?tabloNo=6
2023-12,2023-12-31,KIRŞEHİR,10003,KALKINMA VE YATIRIM,SubeSayisi,Yurtiçi Şube Sayısı,,0.0,derived_zero_function_group_identity,SEKTOR = MEVDUAT + KATILIM + KALKINMA_VE_YATIRIM,Published sector total equals the sum of the three non-negative functional-group branch counts with zero residual.,27.0,24.0,,3.0,1,27.0,0.0,True,raw/2023-12_table06.json.gz,5c5498cc8416cbba475768dfd37298b948d29d474d6d92294a75d8b4492e2383,raw/2023-12_table06_info.json,762972614b5999bfc32d56c281f107aed2c71ac402bdfb4dd7c24d691310fb0d,https://www.bddk.org.tr/BultenFinturk/tr/Home/MetaveriPdfIndir?tabloNo=6
2023-12,2023-12-31,KÜTAHYA,10003,KALKINMA VE YATIRIM,SubeSayisi,Yurtiçi Şube Sayısı,,0.0,derived_zero_function_group_identity,SEKTOR = MEVDUAT + KATILIM + KALKINMA_VE_YATIRIM,Published sector total equals the sum of the three non-negative functional-group branch counts with zero residual.,54.0,47.0,,7.0,1,54.0,0.0,True,raw/2023-12_table06.json.gz,5c5498cc8416cbba475768dfd37298b948d29d474d6d92294a75d8b4492e2383,raw/2023-12_table06_info.json,762972614b5999bfc32d56c281f107aed2c71ac402bdfb4dd7c24d691310fb0d,https://www.bddk.org.tr/BultenFinturk/tr/Home/MetaveriPdfIndir?tabloNo=6
2023-12,2023-12-31,KİLİS,10003,KALKINMA VE YATIRIM,SubeSayisi,Yurtiçi Şube Sayısı,,0.0,derived_zero_function_group_identity,SEKTOR = MEVDUAT + KATILIM + KALKINMA_VE_YATIRIM,Published sector total equals the sum of the three non-negative functional-group branch counts with zero residual.,10.0,9.0,,1.0,1,10.0,0.0,True,raw/2023-12_table06.json.gz,5c5498cc8416cbba475768dfd37298b948d29d474d6d92294a75d8b4492e2383,raw/2023-12_table06_info.json,762972614b5999bfc32d56c281f107aed2c71ac402bdfb4dd7c24d691310fb0d,https://www.bddk.org.tr/BultenFinturk/tr/Home/MetaveriPdfIndir?tabloNo=6
2023-12,2023-12-31,MALATYA,10003,KALKINMA VE YATIRIM,SubeSayisi,Yurtiçi Şube Sayısı,,0.0,derived_zero_function_group_identity,SEKTOR = MEVDUAT + KATILIM + KALKINMA_VE_YATIRIM,Published sector total equals the sum of the three non-negative functional-group branch counts with zero residual.,63.0,54.0,,9.0,1,63.0,0.0,True,raw/2023-12_table06.json.gz,5c5498cc8416cbba475768dfd37298b948d29d474d6d92294a75d8b4492e2383,raw/2023-12_table06_info.json,762972614b5999bfc32d56c281f107aed2c71ac402bdfb4dd7c24d691310fb0d,https://www.bddk.org.tr/BultenFinturk/tr/Home/MetaveriPdfIndir?tabloNo=6
2023-12,2023-12-31,MARDİN,10003,KALKINMA VE YATIRIM,SubeSayisi,Yurtiçi Şube Sayısı,,0.0,derived_zero_function_group_identity,SEKTOR = MEVDUAT + KATILIM + KALKINMA_VE_YATIRIM,Published sector total equals the sum of the three non-negative functional-group branch counts with zero residual.,48.0,42.0,,6.0,1,48.0,0.0,True,raw/2023-12_table06.json.gz,5c5498cc8416cbba475768dfd37298b948d29d474d6d92294a75d8b4492e2383,raw/2023-12_table06_info.json,762972614b5999bfc32d56c281f107aed2c71ac402bdfb4dd7c24d691310fb0d,https://www.bddk.org.tr/BultenFinturk/tr/Home/MetaveriPdfIndir?tabloNo=6
2023-12,2023-12-31,MUŞ,10003,KALKINMA VE YATIRIM,SubeSayisi,Yurtiçi Şube Sayısı,,0.0,derived_zero_function_group_identity,SEKTOR = MEVDUAT + KATILIM + KALKINMA_VE_YATIRIM,Published sector total equals the sum of the three non-negative functional-group branch counts with zero residual.,20.0,17.0,,3.0,1,20.0,0.0,True,raw/2023-12_table06.json.gz,5c5498cc8416cbba475768dfd37298b948d29d474d6d92294a75d8b4492e2383,raw/2023-12_table06_info.json,762972614b5999bfc32d56c281f107aed2c71ac402bdfb4dd7c24d691310fb0d,https://www.bddk.org.tr/BultenFinturk/tr/Home/MetaveriPdfIndir?tabloNo=6
2023-12,2023-12-31,NEVŞEHİR,10003,KALKINMA VE YATIRIM,SubeSayisi,Yurtiçi Şube Sayısı,,0.0,derived_zero_function_group_identity,SEKTOR = MEVDUAT + KATILIM + KALKINMA_VE_YATIRIM,Published sector total equals the sum of the three non-negative functional-group branch counts with zero residual.,43.0,37.0,,6.0,1,43.0,0.0,True,raw/2023-12_table06.json.gz,5c5498cc8416cbba475768dfd37298b948d29d474d6d92294a75d8b4492e2383,raw/2023-12_table06_info.json,762972614b5999bfc32d56c281f107aed2c71ac402bdfb4dd7c24d691310fb0d,https://www.bddk.org.tr/BultenFinturk/tr/Home/MetaveriPdfIndir?tabloNo=6
2023-12,2023-12-31,NİĞDE,10003,KALKINMA VE YATIRIM,SubeSayisi,Yurtiçi Şube Sayısı,,0.0,derived_zero_function_group_identity,SEKTOR = MEVDUAT + KATILIM + KALKINMA_VE_YATIRIM,Published sector total equals the sum of the three non-negative functional-group branch counts with zero residual.,28.0,24.0,,4.0,1,28.0,0.0,True,raw/2023-12_table06.json.gz,5c5498cc8416cbba475768dfd37298b948d29d474d6d92294a75d8b4492e2383,raw/2023-12_table06_info.json,762972614b5999bfc32d56c281f107aed2c71ac402bdfb4dd7c24d691310fb0d,https://www.bddk.org.tr/BultenFinturk/tr/Home/MetaveriPdfIndir?tabloNo=6
2023-12,2023-12-31,ORDU,10003,KALKINMA VE YATIRIM,SubeSayisi,Yurtiçi Şube Sayısı,,0.0,derived_zero_function_group_identity,SEKTOR = MEVDUAT + KATILIM + KALKINMA_VE_YATIRIM,Published sector total equals the sum of the three non-negative functional-group branch counts with zero residual.,74.0,67.0,,7.0,1,74.0,0.0,True,raw/2023-12_table06.json.gz,5c5498cc8416cbba475768dfd37298b948d29d474d6d92294a75d8b4492e2383,raw/2023-12_table06_info.json,762972614b5999bfc32d56c281f107aed2c71ac402bdfb4dd7c24d691310fb0d,https://www.bddk.org.tr/BultenFinturk/tr/Home/MetaveriPdfIndir?tabloNo=6
2023-12,2023-12-31,OSMANİYE,10003,KALKINMA VE YATIRIM,SubeSayisi,Yurtiçi Şube Sayısı,,0.0,derived_zero_function_group_identity,SEKTOR = MEVDUAT + KATILIM + KALKINMA_VE_YATIRIM,Published sector total equals the sum of the three non-negative functional-group branch counts with zero residual.,39.0,33.0,,6.0,1,39.0,0.0,True,raw/2023-12_table06.json.gz,5c5498cc8416cbba475768dfd37298b948d29d474d6d92294a75d8b4492e2383,raw/2023-12_table06_info.json,762972614b5999bfc32d56c281f107aed2c71ac402bdfb4dd7c24d691310fb0d,https://www.bddk.org.tr/BultenFinturk/tr/Home/MetaveriPdfIndir?tabloNo=6
2023-12,2023-12-31,RİZE,10003,KALKINMA VE YATIRIM,SubeSayisi,Yurtiçi Şube Sayısı,,0.0,derived_zero_function_group_identity,SEKTOR = MEVDUAT + KATILIM + KALKINMA_VE_YATIRIM,Published sector total equals the sum of the three non-negative functional-group branch counts with zero residual.,49.0,43.0,,6.0,1,49.0,0.0,True,raw/2023-12_table06.json.gz,5c5498cc8416cbba475768dfd37298b948d29d474d6d92294a75d8b4492e2383,raw/2023-12_table06_info.json,762972614b5999bfc32d56c281f107aed2c71ac402bdfb4dd7c24d691310fb0d,https://www.bddk.org.tr/BultenFinturk/tr/Home/MetaveriPdfIndir?tabloNo=6
2023-12,2023-12-31,SAKARYA,10003,KALKINMA VE YATIRIM,SubeSayisi,Yurtiçi Şube Sayısı,,0.0,derived_zero_function_group_identity,SEKTOR = MEVDUAT + KATILIM + KALKINMA_VE_YATIRIM,Published sector total equals the sum of the three non-negative functional-group branch counts with zero residual.,117.0,104.0,,13.0,1,117.0,0.0,True,raw/2023-12_table06.json.gz,5c5498cc8416cbba475768dfd37298b948d29d474d6d92294a75d8b4492e2383,raw/2023-12_table06_info.json,762972614b5999bfc32d56c281f107aed2c71ac402bdfb4dd7c24d691310fb0d,https://www.bddk.org.tr/BultenFinturk/tr/Home/MetaveriPdfIndir?tabloNo=6
2023-12,2023-12-31,SİNOP,10003,KALKINMA VE YATIRIM,SubeSayisi,Yurtiçi Şube Sayısı,,0.0,derived_zero_function_group_identity,SEKTOR = MEVDUAT + KATILIM + KALKINMA_VE_YATIRIM,Published sector total equals the sum of the three non-negative functional-group branch counts with zero residual.,29.0,29.0,,,2,29.0,0.0,True,raw/2023-12_table06.json.gz,5c5498cc8416cbba475768dfd37298b948d29d474d6d92294a75d8b4492e2383,raw/2023-12_table06_info.json,762972614b5999bfc32d56c281f107aed2c71ac402bdfb4dd7c24d691310fb0d,https://www.bddk.org.tr/BultenFinturk/tr/Home/MetaveriPdfIndir?tabloNo=6
2023-12,2023-12-31,SİNOP,10004,KATILIM,SubeSayisi,Yurtiçi Şube Sayısı,,0.0,derived_zero_function_group_identity,SEKTOR = MEVDUAT + KATILIM + KALKINMA_VE_YATIRIM,Published sector total equals the sum of the three non-negative functional-group branch counts with zero residual.,29.0,29.0,,,2,29.0,0.0,True,raw/2023-12_table06.json.gz,5c5498cc8416cbba475768dfd37298b948d29d474d6d92294a75d8b4492e2383,raw/2023-12_table06_info.json,762972614b5999bfc32d56c281f107aed2c71ac402bdfb4dd7c24d691310fb0d,https://www.bddk.org.tr/BultenFinturk/tr/Home/MetaveriPdfIndir?tabloNo=6
2023-12,2023-12-31,SİİRT,10003,KALKINMA VE YATIRIM,SubeSayisi,Yurtiçi Şube Sayısı,,0.0,derived_zero_function_group_identity,SEKTOR = MEVDUAT + KATILIM + KALKINMA_VE_YATIRIM,Published sector total equals the sum of the three non-negative functional-group branch counts with zero residual.,21.0,16.0,,5.0,1,21.0,0.0,True,raw/2023-12_table06.json.gz,5c5498cc8416cbba475768dfd37298b948d29d474d6d92294a75d8b4492e2383,raw/2023-12_table06_info.json,762972614b5999bfc32d56c281f107aed2c71ac402bdfb4dd7c24d691310fb0d,https://www.bddk.org.tr/BultenFinturk/tr/Home/MetaveriPdfIndir?tabloNo=6
2023-12,2023-12-31,TOKAT,10003,KALKINMA VE YATIRIM,SubeSayisi,Yurtiçi Şube Sayısı,,0.0,derived_zero_function_group_identity,SEKTOR = MEVDUAT + KATILIM + KALKINMA_VE_YATIRIM,Published sector total equals the sum of the three non-negative functional-group branch counts with zero residual.,58.0,52.0,,6.0,1,58.0,0.0,True,raw/2023-12_table06.json.gz,5c5498cc8416cbba475768dfd37298b948d29d474d6d92294a75d8b4492e2383,raw/2023-12_table06_info.json,762972614b5999bfc32d56c281f107aed2c71ac402bdfb4dd7c24d691310fb0d,https://www.bddk.org.tr/BultenFinturk/tr/Home/MetaveriPdfIndir?tabloNo=6
2023-12,2023-12-31,TUNCELİ,10003,KALKINMA VE YATIRIM,SubeSayisi,Yurtiçi Şube Sayısı,,0.0,derived_zero_function_group_identity,SEKTOR = MEVDUAT + KATILIM + KALKINMA_VE_YATIRIM,Published sector total equals the sum of the three non-negative functional-group branch counts with zero residual.,13.0,13.0,,,2,13.0,0.0,True,raw/2023-12_table06.json.gz,5c5498cc8416cbba475768dfd37298b948d29d474d6d92294a75d8b4492e2383,raw/2023-12_table06_info.json,762972614b5999bfc32d56c281f107aed2c71ac402bdfb4dd7c24d691310fb0d,https://www.bddk.org.tr/BultenFinturk/tr/Home/MetaveriPdfIndir?tabloNo=6
2023-12,2023-12-31,TUNCELİ,10004,KATILIM,SubeSayisi,Yurtiçi Şube Sayısı,,0.0,derived_zero_function_group_identity,SEKTOR = MEVDUAT + KATILIM + KALKINMA_VE_YATIRIM,Published sector total equals the sum of the three non-negative functional-group branch counts with zero residual.,13.0,13.0,,,2,13.0,0.0,True,raw/2023-12_table06.json.gz,5c5498cc8416cbba475768dfd37298b948d29d474d6d92294a75d8b4492e2383,raw/2023-12_table06_info.json,762972614b5999bfc32d56c281f107aed2c71ac402bdfb4dd7c24d691310fb0d,https://www.bddk.org.tr/BultenFinturk/tr/Home/MetaveriPdfIndir?tabloNo=6
2023-12,2023-12-31,UŞAK,10003,KALKINMA VE YATIRIM,SubeSayisi,Yurtiçi Şube Sayısı,,0.0,derived_zero_function_group_identity,SEKTOR = MEVDUAT + KATILIM + KALKINMA_VE_YATIRIM,Published sector total equals the sum of the three non-negative functional-group branch counts with zero residual.,44.0,39.0,,5.0,1,44.0,0.0,True,raw/2023-12_table06.json.gz,5c5498cc8416cbba475768dfd37298b948d29d474d6d92294a75d8b4492e2383,raw/2023-12_table06_info.json,762972614b5999bfc32d56c281f107aed2c71ac402bdfb4dd7c24d691310fb0d,https://www.bddk.org.tr/BultenFinturk/tr/Home/MetaveriPdfIndir?tabloNo=6
2023-12,2023-12-31,YALOVA,10003,KALKINMA VE YATIRIM,SubeSayisi,Yurtiçi Şube Sayısı,,0.0,derived_zero_function_group_identity,SEKTOR = MEVDUAT + KATILIM + KALKINMA_VE_YATIRIM,Published sector total equals the sum of the three non-negative functional-group branch counts with zero residual.,29.0,23.0,,6.0,1,29.0,0.0,True,raw/2023-12_table06.json.gz,5c5498cc8416cbba475768dfd37298b948d29d474d6d92294a75d8b4492e2383,raw/2023-12_table06_info.json,762972614b5999bfc32d56c281f107aed2c71ac402bdfb4dd7c24d691310fb0d,https://www.bddk.org.tr/BultenFinturk/tr/Home/MetaveriPdfIndir?tabloNo=6
2023-12,2023-12-31,YOZGAT,10003,KALKINMA VE YATIRIM,SubeSayisi,Yurtiçi Şube Sayısı,,0.0,derived_zero_function_group_identity,SEKTOR = MEVDUAT + KATILIM + KALKINMA_VE_YATIRIM,Published sector total equals the sum of the three non-negative functional-group branch counts with zero residual.,50.0,47.0,,3.0,1,50.0,0.0,True,raw/2023-12_table06.json.gz,5c5498cc8416cbba475768dfd37298b948d29d474d6d92294a75d8b4492e2383,raw/2023-12_table06_info.json,762972614b5999bfc32d56c281f107aed2c71ac402bdfb4dd7c24d691310fb0d,https://www.bddk.org.tr/BultenFinturk/tr/Home/MetaveriPdfIndir?tabloNo=6
2023-12,2023-12-31,ZONGULDAK,10003,KALKINMA VE YATIRIM,SubeSayisi,Yurtiçi Şube Sayısı,,0.0,derived_zero_function_group_identity,SEKTOR = MEVDUAT + KATILIM + KALKINMA_VE_YATIRIM,Published sector total equals the sum of the three non-negative functional-group branch counts with zero residual.,64.0,60.0,,4.0,1,64.0,0.0,True,raw/2023-12_table06.json.gz,5c5498cc8416cbba475768dfd37298b948d29d474d6d92294a75d8b4492e2383,raw/2023-12_table06_info.json,762972614b5999bfc32d56c281f107aed2c71ac402bdfb4dd7c24d691310fb0d,https://www.bddk.org.tr/BultenFinturk/tr/Home/MetaveriPdfIndir?tabloNo=6
2023-12,2023-12-31,ÇANAKKALE,10003,KALKINMA VE YATIRIM,SubeSayisi,Yurtiçi Şube Sayısı,,0.0,derived_zero_function_group_identity,SEKTOR = MEVDUAT + KATILIM + KALKINMA_VE_YATIRIM,Published sector total equals the sum of the three non-negative functional-group branch counts with zero residual.,79.0,74.0,,5.0,1,79.0,0.0,True,raw/2023-12_table06.json.gz,5c5498cc8416cbba475768dfd37298b948d29d474d6d92294a75d8b4492e2383,raw/2023-12_table06_info.json,762972614b5999bfc32d56c281f107aed2c71ac402bdfb4dd7c24d691310fb0d,https://www.bddk.org.tr/BultenFinturk/tr/Home/MetaveriPdfIndir?tabloNo=6
2023-12,2023-12-31,ÇANKIRI,10003,KALKINMA VE YATIRIM,SubeSayisi,Yurtiçi Şube Sayısı,,0.0,derived_zero_function_group_identity,SEKTOR = MEVDUAT + KATILIM + KALKINMA_VE_YATIRIM,Published sector total equals the sum of the three non-negative functional-group branch counts with zero residual.,31.0,29.0,,2.0,1,31.0,0.0,True,raw/2023-12_table06.json.gz,5c5498cc8416cbba475768dfd37298b948d29d474d6d92294a75d8b4492e2383,raw/2023-12_table06_info.json,762972614b5999bfc32d56c281f107aed2c71ac402bdfb4dd7c24d691310fb0d,https://www.bddk.org.tr/BultenFinturk/tr/Home/MetaveriPdfIndir?tabloNo=6
2023-12,2023-12-31,ÇORUM,10003,KALKINMA VE YATIRIM,SubeSayisi,Yurtiçi Şube Sayısı,,0.0,derived_zero_function_group_identity,SEKTOR = MEVDUAT + KATILIM + KALKINMA_VE_YATIRIM,Published sector total equals the sum of the three non-negative functional-group branch counts with zero residual.,62.0,56.0,,6.0,1,62.0,0.0,True,raw/2023-12_table06.json.gz,5c5498cc8416cbba475768dfd37298b948d29d474d6d92294a75d8b4492e2383,raw/2023-12_table06_info.json,762972614b5999bfc32d56c281f107aed2c71ac402bdfb4dd7c24d691310fb0d,https://www.bddk.org.tr/BultenFinturk/tr/Home/MetaveriPdfIndir?tabloNo=6
2023-12,2023-12-31,ŞANLIURFA,10003,KALKINMA VE YATIRIM,SubeSayisi,Yurtiçi Şube Sayısı,,0.0,derived_zero_function_group_identity,SEKTOR = MEVDUAT + KATILIM + KALKINMA_VE_YATIRIM,Published sector total equals the sum of the three non-negative functional-group branch counts with zero residual.,91.0,77.0,,14.0,1,91.0,0.0,True,raw/2023-12_table06.json.gz,5c5498cc8416cbba475768dfd37298b948d29d474d6d92294a75d8b4492e2383,raw/2023-12_table06_info.json,762972614b5999bfc32d56c281f107aed2c71ac402bdfb4dd7c24d691310fb0d,https://www.bddk.org.tr/BultenFinturk/tr/Home/MetaveriPdfIndir?tabloNo=6
2023-12,2023-12-31,ŞIRNAK,10003,KALKINMA VE YATIRIM,SubeSayisi,Yurtiçi Şube Sayısı,,0.0,derived_zero_function_group_identity,SEKTOR = MEVDUAT + KATILIM + KALKINMA_VE_YATIRIM,Published sector total equals the sum of the three non-negative functional-group branch counts with zero residual.,22.0,21.0,,1.0,1,22.0,0.0,True,raw/2023-12_table06.json.gz,5c5498cc8416cbba475768dfd37298b948d29d474d6d92294a75d8b4492e2383,raw/2023-12_table06_info.json,762972614b5999bfc32d56c281f107aed2c71ac402bdfb4dd7c24d691310fb0d,https://www.bddk.org.tr/BultenFinturk/tr/Home/MetaveriPdfIndir?tabloNo=6
2024-03,2024-03-31,ADIYAMAN,10003,KALKINMA VE YATIRIM,SubeSayisi,Yurtiçi Şube Sayısı,,0.0,derived_zero_function_group_identity,SEKTOR = MEVDUAT + KATILIM + KALKINMA_VE_YATIRIM,Published sector total equals the sum of the three non-negative functional-group branch counts with zero residual.,40.0,35.0,,5.0,1,40.0,0.0,True,raw/2024-3_table06.json.gz,9595c9dc549331debb81bcbbfc0635ad500f1ce77d587d9424e3da600ed4edd7,raw/2024-3_table06_info.json,8298d0c8de472ce06e6243a23f88b5e609e6013dfa6d74027aa9431a6fca9e51,https://www.bddk.org.tr/BultenFinturk/tr/Home/MetaveriPdfIndir?tabloNo=6
2024-03,2024-03-31,AFYONKARAHİSAR,10003,KALKINMA VE YATIRIM,SubeSayisi,Yurtiçi Şube Sayısı,,0.0,derived_zero_function_group_identity,SEKTOR = MEVDUAT + KATILIM + KALKINMA_VE_YATIRIM,Published sector total equals the sum of the three non-negative functional-group branch counts with zero residual.,87.0,80.0,,7.0,1,87.0,0.0,True,raw/2024-3_table06.json.gz,9595c9dc549331debb81bcbbfc0635ad500f1ce77d587d9424e3da600ed4edd7,raw/2024-3_table06_info.json,8298d0c8de472ce06e6243a23f88b5e609e6013dfa6d74027aa9431a6fca9e51,https://www.bddk.org.tr/BultenFinturk/tr/Home/MetaveriPdfIndir?tabloNo=6
2024-03,2024-03-31,AKSARAY,10003,KALKINMA VE YATIRIM,SubeSayisi,Yurtiçi Şube Sayısı,,0.0,derived_zero_function_group_identity,SEKTOR = MEVDUAT + KATILIM + KALKINMA_VE_YATIRIM,Published sector total equals the sum of the three non-negative functional-group branch counts with zero residual.,39.0,32.0,,7.0,1,39.0,0.0,True,raw/2024-3_table06.json.gz,9595c9dc549331debb81bcbbfc0635ad500f1ce77d587d9424e3da600ed4edd7,raw/2024-3_table06_info.json,8298d0c8de472ce06e6243a23f88b5e609e6013dfa6d74027aa9431a6fca9e51,https://www.bddk.org.tr/BultenFinturk/tr/Home/MetaveriPdfIndir?tabloNo=6
2024-03,2024-03-31,AMASYA,10003,KALKINMA VE YATIRIM,SubeSayisi,Yurtiçi Şube Sayısı,,0.0,derived_zero_function_group_identity,SEKTOR = MEVDUAT + KATILIM + KALKINMA_VE_YATIRIM,Published sector total equals the sum of the three non-negative functional-group branch counts with zero residual.,40.0,36.0,,4.0,1,40.0,0.0,True,raw/2024-3_table06.json.gz,9595c9dc549331debb81bcbbfc0635ad500f1ce77d587d9424e3da600ed4edd7,raw/2024-3_table06_info.json,8298d0c8de472ce06e6243a23f88b5e609e6013dfa6d74027aa9431a6fca9e51,https://www.bddk.org.tr/BultenFinturk/tr/Home/MetaveriPdfIndir?tabloNo=6
2024-03,2024-03-31,ARDAHAN,10003,KALKINMA VE YATIRIM,SubeSayisi,Yurtiçi Şube Sayısı,,0.0,derived_zero_function_group_identity,SEKTOR = MEVDUAT + KATILIM + KALKINMA_VE_YATIRIM,Published sector total equals the sum of the three non-negative functional-group branch counts with zero residual.,12.0,12.0,,,2,12.0,0.0,True,raw/2024-3_table06.json.gz,9595c9dc549331debb81bcbbfc0635ad500f1ce77d587d9424e3da600ed4edd7,raw/2024-3_table06_info.json,8298d0c8de472ce06e6243a23f88b5e609e6013dfa6d74027aa9431a6fca9e51,https://www.bddk.org.tr/BultenFinturk/tr/Home/MetaveriPdfIndir?tabloNo=6
2024-03,2024-03-31,ARDAHAN,10004,KATILIM,SubeSayisi,Yurtiçi Şube Sayısı,,0.0,derived_zero_function_group_identity,SEKTOR = MEVDUAT + KATILIM + KALKINMA_VE_YATIRIM,Published sector total equals the sum of the three non-negative functional-group branch counts with zero residual.,12.0,12.0,,,2,12.0,0.0,True,raw/2024-3_table06.json.gz,9595c9dc549331debb81bcbbfc0635ad500f1ce77d587d9424e3da600ed4edd7,raw/2024-3_table06_info.json,8298d0c8de472ce06e6243a23f88b5e609e6013dfa6d74027aa9431a6fca9e51,https://www.bddk.org.tr/BultenFinturk/tr/Home/MetaveriPdfIndir?tabloNo=6
2024-03,2024-03-31,ARTVİN,10003,KALKINMA VE YATIRIM,SubeSayisi,Yurtiçi Şube Sayısı,,0.0,derived_zero_function_group_identity,SEKTOR = MEVDUAT + KATILIM + KALKINMA_VE_YATIRIM,Published sector total equals the sum of the three non-negative functional-group branch counts with zero residual.,32.0,32.0,,,2,32.0,0.0,True,raw/2024-3_table06.json.gz,9595c9dc549331debb81bcbbfc0635ad500f1ce77d587d9424e3da600ed4edd7,raw/2024-3_table06_info.json,8298d0c8de472ce06e6243a23f88b5e609e6013dfa6d74027aa9431a6fca9e51,https://www.bddk.org.tr/BultenFinturk/tr/Home/MetaveriPdfIndir?tabloNo=6
2024-03,2024-03-31,ARTVİN,10004,KATILIM,SubeSayisi,Yurtiçi Şube Sayısı,,0.0,derived_zero_function_group_identity,SEKTOR = MEVDUAT + KATILIM + KALKINMA_VE_YATIRIM,Published sector total equals the sum of the three non-negative functional-group branch counts with zero residual.,32.0,32.0,,,2,32.0,0.0,True,raw/2024-3_table06.json.gz,9595c9dc549331debb81bcbbfc0635ad500f1ce77d587d9424e3da600ed4edd7,raw/2024-3_table06_info.json,8298d0c8de472ce06e6243a23f88b5e609e6013dfa6d74027aa9431a6fca9e51,https://www.bddk.org.tr/BultenFinturk/tr/Home/MetaveriPdfIndir?tabloNo=6
2024-03,2024-03-31,AYDIN,10003,KALKINMA VE YATIRIM,SubeSayisi,Yurtiçi Şube Sayısı,,0.0,derived_zero_function_group_identity,SEKTOR = MEVDUAT + KATILIM + KALKINMA_VE_YATIRIM,Published sector total equals the sum of the three non-negative functional-group branch counts with zero residual.,153.0,142.0,,11.0,1,153.0,0.0,True,raw/2024-3_table06.json.gz,9595c9dc549331debb81bcbbfc0635ad500f1ce77d587d9424e3da600ed4edd7,raw/2024-3_table06_info.json,8298d0c8de472ce06e6243a23f88b5e609e6013dfa6d74027aa9431a6fca9e51,https://www.bddk.org.tr/BultenFinturk/tr/Home/MetaveriPdfIndir?tabloNo=6
2024-03,2024-03-31,AĞRI,10003,KALKINMA VE YATIRIM,SubeSayisi,Yurtiçi Şube Sayısı,,0.0,derived_zero_function_group_identity,SEKTOR = MEVDUAT + KATILIM + KALKINMA_VE_YATIRIM,Published sector total equals the sum of the three non-negative functional-group branch counts with zero residual.,25.0,23.0,,2.0,1,25.0,0.0,True,raw/2024-3_table06.json.gz,9595c9dc549331debb81bcbbfc0635ad500f1ce77d587d9424e3da600ed4edd7,raw/2024-3_table06_info.json,8298d0c8de472ce06e6243a23f88b5e609e6013dfa6d74027aa9431a6fca9e51,https://www.bddk.org.tr/BultenFinturk/tr/Home/MetaveriPdfIndir?tabloNo=6
2024-03,2024-03-31,BALIKESİR,10003,KALKINMA VE YATIRIM,SubeSayisi,Yurtiçi Şube Sayısı,,0.0,derived_zero_function_group_identity,SEKTOR = MEVDUAT + KATILIM + KALKINMA_VE_YATIRIM,Published sector total equals the sum of the three non-negative functional-group branch counts with zero residual.,157.0,144.0,,13.0,1,157.0,0.0,True,raw/2024-3_table06.json.gz,9595c9dc549331debb81bcbbfc0635ad500f1ce77d587d9424e3da600ed4edd7,raw/2024-3_table06_info.json,8298d0c8de472ce06e6243a23f88b5e609e6013dfa6d74027aa9431a6fca9e51,https://www.bddk.org.tr/BultenFinturk/tr/Home/MetaveriPdfIndir?tabloNo=6
2024-03,2024-03-31,BARTIN,10003,KALKINMA VE YATIRIM,SubeSayisi,Yurtiçi Şube Sayısı,,0.0,derived_zero_function_group_identity,SEKTOR = MEVDUAT + KATILIM + KALKINMA_VE_YATIRIM,Published sector total equals the sum of the three non-negative functional-group branch counts with zero residual.,22.0,20.0,,2.0,1,22.0,0.0,True,raw/2024-3_table06.json.gz,9595c9dc549331debb81bcbbfc0635ad500f1ce77d587d9424e3da600ed4edd7,raw/2024-3_table06_info.json,8298d0c8de472ce06e6243a23f88b5e609e6013dfa6d74027aa9431a6fca9e51,https://www.bddk.org.tr/BultenFinturk/tr/Home/MetaveriPdfIndir?tabloNo=6
2024-03,2024-03-31,BATMAN,10003,KALKINMA VE YATIRIM,SubeSayisi,Yurtiçi Şube Sayısı,,0.0,derived_zero_function_group_identity,SEKTOR = MEVDUAT + KATILIM + KALKINMA_VE_YATIRIM,Published sector total equals the sum of the three non-negative functional-group branch counts with zero residual.,31.0,25.0,,6.0,1,31.0,0.0,True,raw/2024-3_table06.json.gz,9595c9dc549331debb81bcbbfc0635ad500f1ce77d587d9424e3da600ed4edd7,raw/2024-3_table06_info.json,8298d0c8de472ce06e6243a23f88b5e609e6013dfa6d74027aa9431a6fca9e51,https://www.bddk.org.tr/BultenFinturk/tr/Home/MetaveriPdfIndir?tabloNo=6
2024-03,2024-03-31,BAYBURT,10003,KALKINMA VE YATIRIM,SubeSayisi,Yurtiçi Şube Sayısı,,0.0,derived_zero_function_group_identity,SEKTOR = MEVDUAT + KATILIM + KALKINMA_VE_YATIRIM,Published sector total equals the sum of the three non-negative functional-group branch counts with zero residual.,9.0,8.0,,1.0,1,9.0,0.0,True,raw/2024-3_table06.json.gz,9595c9dc549331debb81bcbbfc0635ad500f1ce77d587d9424e3da600ed4edd7,raw/2024-3_table06_info.json,8298d0c8de472ce06e6243a23f88b5e609e6013dfa6d74027aa9431a6fca9e51,https://www.bddk.org.tr/BultenFinturk/tr/Home/MetaveriPdfIndir?tabloNo=6
2024-03,2024-03-31,BOLU,10003,KALKINMA VE YATIRIM,SubeSayisi,Yurtiçi Şube Sayısı,,0.0,derived_zero_function_group_identity,SEKTOR = MEVDUAT + KATILIM + KALKINMA_VE_YATIRIM,Published sector total equals the sum of the three non-negative functional-group branch counts with zero residual.,39.0,34.0,,5.0,1,39.0,0.0,True,raw/2024-3_table06.json.gz,9595c9dc549331debb81bcbbfc0635ad500f1ce77d587d9424e3da600ed4edd7,raw/2024-3_table06_info.json,8298d0c8de472ce06e6243a23f88b5e609e6013dfa6d74027aa9431a6fca9e51,https://www.bddk.org.tr/BultenFinturk/tr/Home/MetaveriPdfIndir?tabloNo=6
2024-03,2024-03-31,BURDUR,10003,KALKINMA VE YATIRIM,SubeSayisi,Yurtiçi Şube Sayısı,,0.0,derived_zero_function_group_identity,SEKTOR = MEVDUAT + KATILIM + KALKINMA_VE_YATIRIM,Published sector total equals the sum of the three non-negative functional-group branch counts with zero residual.,36.0,34.0,,2.0,1,36.0,0.0,True,raw/2024-3_table06.json.gz,9595c9dc549331debb81bcbbfc0635ad500f1ce77d587d9424e3da600ed4edd7,raw/2024-3_table06_info.json,8298d0c8de472ce06e6243a23f88b5e609e6013dfa6d74027aa9431a6fca9e51,https://www.bddk.org.tr/BultenFinturk/tr/Home/MetaveriPdfIndir?tabloNo=6
2024-03,2024-03-31,BİLECİK,10003,KALKINMA VE YATIRIM,SubeSayisi,Yurtiçi Şube Sayısı,,0.0,derived_zero_function_group_identity,SEKTOR = MEVDUAT + KATILIM + KALKINMA_VE_YATIRIM,Published sector total equals the sum of the three non-negative functional-group branch counts with zero residual.,30.0,29.0,,1.0,1,30.0,0.0,True,raw/2024-3_table06.json.gz,9595c9dc549331debb81bcbbfc0635ad500f1ce77d587d9424e3da600ed4edd7,raw/2024-3_table06_info.json,8298d0c8de472ce06e6243a23f88b5e609e6013dfa6d74027aa9431a6fca9e51,https://www.bddk.org.tr/BultenFinturk/tr/Home/MetaveriPdfIndir?tabloNo=6
2024-03,2024-03-31,BİNGÖL,10003,KALKINMA VE YATIRIM,SubeSayisi,Yurtiçi Şube Sayısı,,0.0,derived_zero_function_group_identity,SEKTOR = MEVDUAT + KATILIM + KALKINMA_VE_YATIRIM,Published sector total equals the sum of the three non-negative functional-group branch counts with zero residual.,18.0,15.0,,3.0,1,18.0,0.0,True,raw/2024-3_table06.json.gz,9595c9dc549331debb81bcbbfc0635ad500f1ce77d587d9424e3da600ed4edd7,raw/2024-3_table06_info.json,8298d0c8de472ce06e6243a23f88b5e609e6013dfa6d74027aa9431a6fca9e51,https://www.bddk.org.tr/BultenFinturk/tr/Home/MetaveriPdfIndir?tabloNo=6
2024-03,2024-03-31,BİTLİS,10003,KALKINMA VE YATIRIM,SubeSayisi,Yurtiçi Şube Sayısı,,0.0,derived_zero_function_group_identity,SEKTOR = MEVDUAT + KATILIM + KALKINMA_VE_YATIRIM,Published sector total equals the sum of the three non-negative functional-group branch counts with zero residual.,21.0,20.0,,1.0,1,21.0,0.0,True,raw/2024-3_table06.json.gz,9595c9dc549331debb81bcbbfc0635ad500f1ce77d587d9424e3da600ed4edd7,raw/2024-3_table06_info.json,8298d0c8de472ce06e6243a23f88b5e609e6013dfa6d74027aa9431a6fca9e51,https://www.bddk.org.tr/BultenFinturk/tr/Home/MetaveriPdfIndir?tabloNo=6
2024-03,2024-03-31,DÜZCE,10003,KALKINMA VE YATIRIM,SubeSayisi,Yurtiçi Şube Sayısı,,0.0,derived_zero_function_group_identity,SEKTOR = MEVDUAT + KATILIM + KALKINMA_VE_YATIRIM,Published sector total equals the sum of the three non-negative functional-group branch counts with zero residual.,36.0,29.0,,7.0,1,36.0,0.0,True,raw/2024-3_table06.json.gz,9595c9dc549331debb81bcbbfc0635ad500f1ce77d587d9424e3da600ed4edd7,raw/2024-3_table06_info.json,8298d0c8de472ce06e6243a23f88b5e609e6013dfa6d74027aa9431a6fca9e51,https://www.bddk.org.tr/BultenFinturk/tr/Home/MetaveriPdfIndir?tabloNo=6
2024-03,2024-03-31,EDİRNE,10003,KALKINMA VE YATIRIM,SubeSayisi,Yurtiçi Şube Sayısı,,0.0,derived_zero_function_group_identity,SEKTOR = MEVDUAT + KATILIM + KALKINMA_VE_YATIRIM,Published sector total equals the sum of the three non-negative functional-group branch counts with zero residual.,56.0,53.0,,3.0,1,56.0,0.0,True,raw/2024-3_table06.json.gz,9595c9dc549331debb81bcbbfc0635ad500f1ce77d587d9424e3da600ed4edd7,raw/2024-3_table06_info.json,8298d0c8de472ce06e6243a23f88b5e609e6013dfa6d74027aa9431a6fca9e51,https://www.bddk.org.tr/BultenFinturk/tr/Home/MetaveriPdfIndir?tabloNo=6
2024-03,2024-03-31,ERZİNCAN,10003,KALKINMA VE YATIRIM,SubeSayisi,Yurtiçi Şube Sayısı,,0.0,derived_zero_function_group_identity,SEKTOR = MEVDUAT + KATILIM + KALKINMA_VE_YATIRIM,Published sector total equals the sum of the three non-negative functional-group branch counts with zero residual.,29.0,24.0,,5.0,1,29.0,0.0,True,raw/2024-3_table06.json.gz,9595c9dc549331debb81bcbbfc0635ad500f1ce77d587d9424e3da600ed4edd7,raw/2024-3_table06_info.json,8298d0c8de472ce06e6243a23f88b5e609e6013dfa6d74027aa9431a6fca9e51,https://www.bddk.org.tr/BultenFinturk/tr/Home/MetaveriPdfIndir?tabloNo=6
2024-03,2024-03-31,GÜMÜŞHANE,10003,KALKINMA VE YATIRIM,SubeSayisi,Yurtiçi Şube Sayısı,,0.0,derived_zero_function_group_identity,SEKTOR = MEVDUAT + KATILIM + KALKINMA_VE_YATIRIM,Published sector total equals the sum of the three non-negative functional-group branch counts with zero residual.,20.0,19.0,,1.0,1,20.0,0.0,True,raw/2024-3_table06.json.gz,9595c9dc549331debb81bcbbfc0635ad500f1ce77d587d9424e3da600ed4edd7,raw/2024-3_table06_info.json,8298d0c8de472ce06e6243a23f88b5e609e6013dfa6d74027aa9431a6fca9e51,https://www.bddk.org.tr/BultenFinturk/tr/Home/MetaveriPdfIndir?tabloNo=6
2024-03,2024-03-31,GİRESUN,10003,KALKINMA VE YATIRIM,SubeSayisi,Yurtiçi Şube Sayısı,,0.0,derived_zero_function_group_identity,SEKTOR = MEVDUAT + KATILIM + KALKINMA_VE_YATIRIM,Published sector total equals the sum of the three non-negative functional-group branch counts with zero residual.,56.0,51.0,,5.0,1,56.0,0.0,True,raw/2024-3_table06.json.gz,9595c9dc549331debb81bcbbfc0635ad500f1ce77d587d9424e3da600ed4edd7,raw/2024-3_table06_info.json,8298d0c8de472ce06e6243a23f88b5e609e6013dfa6d74027aa9431a6fca9e51,https://www.bddk.org.tr/BultenFinturk/tr/Home/MetaveriPdfIndir?tabloNo=6
2024-03,2024-03-31,HAKKARİ,10003,KALKINMA VE YATIRIM,SubeSayisi,Yurtiçi Şube Sayısı,,0.0,derived_zero_function_group_identity,SEKTOR = MEVDUAT + KATILIM + KALKINMA_VE_YATIRIM,Published sector total equals the sum of the three non-negative functional-group branch counts with zero residual.,15.0,15.0,,,2,15.0,0.0,True,raw/2024-3_table06.json.gz,9595c9dc549331debb81bcbbfc0635ad500f1ce77d587d9424e3da600ed4edd7,raw/2024-3_table06_info.json,8298d0c8de472ce06e6243a23f88b5e609e6013dfa6d74027aa9431a6fca9e51,https://www.bddk.org.tr/BultenFinturk/tr/Home/MetaveriPdfIndir?tabloNo=6
2024-03,2024-03-31,HAKKARİ,10004,KATILIM,SubeSayisi,Yurtiçi Şube Sayısı,,0.0,derived_zero_function_group_identity,SEKTOR = MEVDUAT + KATILIM + KALKINMA_VE_YATIRIM,Published sector total equals the sum of the three non-negative functional-group branch counts with zero residual.,15.0,15.0,,,2,15.0,0.0,True,raw/2024-3_table06.json.gz,9595c9dc549331debb81bcbbfc0635ad500f1ce77d587d9424e3da600ed4edd7,raw/2024-3_table06_info.json,8298d0c8de472ce06e6243a23f88b5e609e6013dfa6d74027aa9431a6fca9e51,https://www.bddk.org.tr/BultenFinturk/tr/Home/MetaveriPdfIndir?tabloNo=6
2024-03,2024-03-31,ISPARTA,10003,KALKINMA VE YATIRIM,SubeSayisi,Yurtiçi Şube Sayısı,,0.0,derived_zero_function_group_identity,SEKTOR = MEVDUAT + KATILIM + KALKINMA_VE_YATIRIM,Published sector total equals the sum of the three non-negative functional-group branch counts with zero residual.,57.0,50.0,,7.0,1,57.0,0.0,True,raw/2024-3_table06.json.gz,9595c9dc549331debb81bcbbfc0635ad500f1ce77d587d9424e3da600ed4edd7,raw/2024-3_table06_info.json,8298d0c8de472ce06e6243a23f88b5e609e6013dfa6d74027aa9431a6fca9e51,https://www.bddk.org.tr/BultenFinturk/tr/Home/MetaveriPdfIndir?tabloNo=6
2024-03,2024-03-31,IĞDIR,10003,KALKINMA VE YATIRIM,SubeSayisi,Yurtiçi Şube Sayısı,,0.0,derived_zero_function_group_identity,SEKTOR = MEVDUAT + KATILIM + KALKINMA_VE_YATIRIM,Published sector total equals the sum of the three non-negative functional-group branch counts with zero residual.,15.0,14.0,,1.0,1,15.0,0.0,True,raw/2024-3_table06.json.gz,9595c9dc549331debb81bcbbfc0635ad500f1ce77d587d9424e3da600ed4edd7,raw/2024-3_table06_info.json,8298d0c8de472ce06e6243a23f88b5e609e6013dfa6d74027aa9431a6fca9e51,https://www.bddk.org.tr/BultenFinturk/tr/Home/MetaveriPdfIndir?tabloNo=6
2024-03,2024-03-31,KARABÜK,10003,KALKINMA VE YATIRIM,SubeSayisi,Yurtiçi Şube Sayısı,,0.0,derived_zero_function_group_identity,SEKTOR = MEVDUAT + KATILIM + KALKINMA_VE_YATIRIM,Published sector total equals the sum of the three non-negative functional-group branch counts with zero residual.,31.0,25.0,,6.0,1,31.0,0.0,True,raw/2024-3_table06.json.gz,9595c9dc549331debb81bcbbfc0635ad500f1ce77d587d9424e3da600ed4edd7,raw/2024-3_table06_info.json,8298d0c8de472ce06e6243a23f88b5e609e6013dfa6d74027aa9431a6fca9e51,https://www.bddk.org.tr/BultenFinturk/tr/Home/MetaveriPdfIndir?tabloNo=6
2024-03,2024-03-31,KARAMAN,10003,KALKINMA VE YATIRIM,SubeSayisi,Yurtiçi Şube Sayısı,,0.0,derived_zero_function_group_identity,SEKTOR = MEVDUAT + KATILIM + KALKINMA_VE_YATIRIM,Published sector total equals the sum of the three non-negative functional-group branch counts with zero residual.,27.0,21.0,,6.0,1,27.0,0.0,True,raw/2024-3_table06.json.gz,9595c9dc549331debb81bcbbfc0635ad500f1ce77d587d9424e3da600ed4edd7,raw/2024-3_table06_info.json,8298d0c8de472ce06e6243a23f88b5e609e6013dfa6d74027aa9431a6fca9e51,https://www.bddk.org.tr/BultenFinturk/tr/Home/MetaveriPdfIndir?tabloNo=6
2024-03,2024-03-31,KARS,10003,KALKINMA VE YATIRIM,SubeSayisi,Yurtiçi Şube Sayısı,,0.0,derived_zero_function_group_identity,SEKTOR = MEVDUAT + KATILIM + KALKINMA_VE_YATIRIM,Published sector total equals the sum of the three non-negative functional-group branch counts with zero residual.,26.0,24.0,,2.0,1,26.0,0.0,True,raw/2024-3_table06.json.gz,9595c9dc549331debb81bcbbfc0635ad500f1ce77d587d9424e3da600ed4edd7,raw/2024-3_table06_info.json,8298d0c8de472ce06e6243a23f88b5e609e6013dfa6d74027aa9431a6fca9e51,https://www.bddk.org.tr/BultenFinturk/tr/Home/MetaveriPdfIndir?tabloNo=6
2024-03,2024-03-31,KIRIKKALE,10003,KALKINMA VE YATIRIM,SubeSayisi,Yurtiçi Şube Sayısı,,0.0,derived_zero_function_group_identity,SEKTOR = MEVDUAT + KATILIM + KALKINMA_VE_YATIRIM,Published sector total equals the sum of the three non-negative functional-group branch counts with zero residual.,28.0,25.0,,3.0,1,28.0,0.0,True,raw/2024-3_table06.json.gz,9595c9dc549331debb81bcbbfc0635ad500f1ce77d587d9424e3da600ed4edd7,raw/2024-3_table06_info.json,8298d0c8de472ce06e6243a23f88b5e609e6013dfa6d74027aa9431a6fca9e51,https://www.bddk.org.tr/BultenFinturk/tr/Home/MetaveriPdfIndir?tabloNo=6
2024-03,2024-03-31,KIRKLARELİ,10003,KALKINMA VE YATIRIM,SubeSayisi,Yurtiçi Şube Sayısı,,0.0,derived_zero_function_group_identity,SEKTOR = MEVDUAT + KATILIM + KALKINMA_VE_YATIRIM,Published sector total equals the sum of the three non-negative functional-group branch counts with zero residual.,45.0,44.0,,1.0,1,45.0,0.0,True,raw/2024-3_table06.json.gz,9595c9dc549331debb81bcbbfc0635ad500f1ce77d587d9424e3da600ed4edd7,raw/2024-3_table06_info.json,8298d0c8de472ce06e6243a23f88b5e609e6013dfa6d74027aa9431a6fca9e51,https://www.bddk.org.tr/BultenFinturk/tr/Home/MetaveriPdfIndir?tabloNo=6
2024-03,2024-03-31,KIRŞEHİR,10003,KALKINMA VE YATIRIM,SubeSayisi,Yurtiçi Şube Sayısı,,0.0,derived_zero_function_group_identity,SEKTOR = MEVDUAT + KATILIM + KALKINMA_VE_YATIRIM,Published sector total equals the sum of the three non-negative functional-group branch counts with zero residual.,27.0,24.0,,3.0,1,27.0,0.0,True,raw/2024-3_table06.json.gz,9595c9dc549331debb81bcbbfc0635ad500f1ce77d587d9424e3da600ed4edd7,raw/2024-3_table06_info.json,8298d0c8de472ce06e6243a23f88b5e609e6013dfa6d74027aa9431a6fca9e51,https://www.bddk.org.tr/BultenFinturk/tr/Home/MetaveriPdfIndir?tabloNo=6
2024-03,2024-03-31,KÜTAHYA,10003,KALKINMA VE YATIRIM,SubeSayisi,Yurtiçi Şube Sayısı,,0.0,derived_zero_function_group_identity,SEKTOR = MEVDUAT + KATILIM + KALKINMA_VE_YATIRIM,Published sector total equals the sum of the three non-negative functional-group branch counts with zero residual.,54.0,47.0,,7.0,1,54.0,0.0,True,raw/2024-3_table06.json.gz,9595c9dc549331debb81bcbbfc0635ad500f1ce77d587d9424e3da600ed4edd7,raw/2024-3_table06_info.json,8298d0c8de472ce06e6243a23f88b5e609e6013dfa6d74027aa9431a6fca9e51,https://www.bddk.org.tr/BultenFinturk/tr/Home/MetaveriPdfIndir?tabloNo=6
2024-03,2024-03-31,KİLİS,10003,KALKINMA VE YATIRIM,SubeSayisi,Yurtiçi Şube Sayısı,,0.0,derived_zero_function_group_identity,SEKTOR = MEVDUAT + KATILIM + KALKINMA_VE_YATIRIM,Published sector total equals the sum of the three non-negative functional-group branch counts with zero residual.,10.0,9.0,,1.0,1,10.0,0.0,True,raw/2024-3_table06.json.gz,9595c9dc549331debb81bcbbfc0635ad500f1ce77d587d9424e3da600ed4edd7,raw/2024-3_table06_info.json,8298d0c8de472ce06e6243a23f88b5e609e6013dfa6d74027aa9431a6fca9e51,https://www.bddk.org.tr/BultenFinturk/tr/Home/MetaveriPdfIndir?tabloNo=6
2024-03,2024-03-31,MALATYA,10003,KALKINMA VE YATIRIM,SubeSayisi,Yurtiçi Şube Sayısı,,0.0,derived_zero_function_group_identity,SEKTOR = MEVDUAT + KATILIM + KALKINMA_VE_YATIRIM,Published sector total equals the sum of the three non-negative functional-group branch counts with zero residual.,63.0,54.0,,9.0,1,63.0,0.0,True,raw/2024-3_table06.json.gz,9595c9dc549331debb81bcbbfc0635ad500f1ce77d587d9424e3da600ed4edd7,raw/2024-3_table06_info.json,8298d0c8de472ce06e6243a23f88b5e609e6013dfa6d74027aa9431a6fca9e51,https://www.bddk.org.tr/BultenFinturk/tr/Home/MetaveriPdfIndir?tabloNo=6
2024-03,2024-03-31,MARDİN,10003,KALKINMA VE YATIRIM,SubeSayisi,Yurtiçi Şube Sayısı,,0.0,derived_zero_function_group_identity,SEKTOR = MEVDUAT + KATILIM + KALKINMA_VE_YATIRIM,Published sector total equals the sum of the three non-negative functional-group branch counts with zero residual.,48.0,42.0,,6.0,1,48.0,0.0,True,raw/2024-3_table06.json.gz,9595c9dc549331debb81bcbbfc0635ad500f1ce77d587d9424e3da600ed4edd7,raw/2024-3_table06_info.json,8298d0c8de472ce06e6243a23f88b5e609e6013dfa6d74027aa9431a6fca9e51,https://www.bddk.org.tr/BultenFinturk/tr/Home/MetaveriPdfIndir?tabloNo=6
2024-03,2024-03-31,MUŞ,10003,KALKINMA VE YATIRIM,SubeSayisi,Yurtiçi Şube Sayısı,,0.0,derived_zero_function_group_identity,SEKTOR = MEVDUAT + KATILIM + KALKINMA_VE_YATIRIM,Published sector total equals the sum of the three non-negative functional-group branch counts with zero residual.,20.0,17.0,,3.0,1,20.0,0.0,True,raw/2024-3_table06.json.gz,9595c9dc549331debb81bcbbfc0635ad500f1ce77d587d9424e3da600ed4edd7,raw/2024-3_table06_info.json,8298d0c8de472ce06e6243a23f88b5e609e6013dfa6d74027aa9431a6fca9e51,https://www.bddk.org.tr/BultenFinturk/tr/Home/MetaveriPdfIndir?tabloNo=6
2024-03,2024-03-31,NEVŞEHİR,10003,KALKINMA VE YATIRIM,SubeSayisi,Yurtiçi Şube Sayısı,,0.0,derived_zero_function_group_identity,SEKTOR = MEVDUAT + KATILIM + KALKINMA_VE_YATIRIM,Published sector total equals the sum of the three non-negative functional-group branch counts with zero residual.,43.0,37.0,,6.0,1,43.0,0.0,True,raw/2024-3_table06.json.gz,9595c9dc549331debb81bcbbfc0635ad500f1ce77d587d9424e3da600ed4edd7,raw/2024-3_table06_info.json,8298d0c8de472ce06e6243a23f88b5e609e6013dfa6d74027aa9431a6fca9e51,https://www.bddk.org.tr/BultenFinturk/tr/Home/MetaveriPdfIndir?tabloNo=6
2024-03,2024-03-31,NİĞDE,10003,KALKINMA VE YATIRIM,SubeSayisi,Yurtiçi Şube Sayısı,,0.0,derived_zero_function_group_identity,SEKTOR = MEVDUAT + KATILIM + KALKINMA_VE_YATIRIM,Published sector total equals the sum of the three non-negative functional-group branch counts with zero residual.,28.0,24.0,,4.0,1,28.0,0.0,True,raw/2024-3_table06.json.gz,9595c9dc549331debb81bcbbfc0635ad500f1ce77d587d9424e3da600ed4edd7,raw/2024-3_table06_info.json,8298d0c8de472ce06e6243a23f88b5e609e6013dfa6d74027aa9431a6fca9e51,https://www.bddk.org.tr/BultenFinturk/tr/Home/MetaveriPdfIndir?tabloNo=6
2024-03,2024-03-31,ORDU,10003,KALKINMA VE YATIRIM,SubeSayisi,Yurtiçi Şube Sayısı,,0.0,derived_zero_function_group_identity,SEKTOR = MEVDUAT + KATILIM + KALKINMA_VE_YATIRIM,Published sector total equals the sum of the three non-negative functional-group branch counts with zero residual.,75.0,68.0,,7.0,1,75.0,0.0,True,raw/2024-3_table06.json.gz,9595c9dc549331debb81bcbbfc0635ad500f1ce77d587d9424e3da600ed4edd7,raw/2024-3_table06_info.json,8298d0c8de472ce06e6243a23f88b5e609e6013dfa6d74027aa9431a6fca9e51,https://www.bddk.org.tr/BultenFinturk/tr/Home/MetaveriPdfIndir?tabloNo=6
2024-03,2024-03-31,OSMANİYE,10003,KALKINMA VE YATIRIM,SubeSayisi,Yurtiçi Şube Sayısı,,0.0,derived_zero_function_group_identity,SEKTOR = MEVDUAT + KATILIM + KALKINMA_VE_YATIRIM,Published sector total equals the sum of the three non-negative functional-group branch counts with zero residual.,39.0,33.0,,6.0,1,39.0,0.0,True,raw/2024-3_table06.json.gz,9595c9dc549331debb81bcbbfc0635ad500f1ce77d587d9424e3da600ed4edd7,raw/2024-3_table06_info.json,8298d0c8de472ce06e6243a23f88b5e609e6013dfa6d74027aa9431a6fca9e51,https://www.bddk.org.tr/BultenFinturk/tr/Home/MetaveriPdfIndir?tabloNo=6
2024-03,2024-03-31,RİZE,10003,KALKINMA VE YATIRIM,SubeSayisi,Yurtiçi Şube Sayısı,,0.0,derived_zero_function_group_identity,SEKTOR = MEVDUAT + KATILIM + KALKINMA_VE_YATIRIM,Published sector total equals the sum of the three non-negative functional-group branch counts with zero residual.,49.0,43.0,,6.0,1,49.0,0.0,True,raw/2024-3_table06.json.gz,9595c9dc549331debb81bcbbfc0635ad500f1ce77d587d9424e3da600ed4edd7,raw/2024-3_table06_info.json,8298d0c8de472ce06e6243a23f88b5e609e6013dfa6d74027aa9431a6fca9e51,https://www.bddk.org.tr/BultenFinturk/tr/Home/MetaveriPdfIndir?tabloNo=6
2024-03,2024-03-31,SAKARYA,10003,KALKINMA VE YATIRIM,SubeSayisi,Yurtiçi Şube Sayısı,,0.0,derived_zero_function_group_identity,SEKTOR = MEVDUAT + KATILIM + KALKINMA_VE_YATIRIM,Published sector total equals the sum of the three non-negative functional-group branch counts with zero residual.,117.0,104.0,,13.0,1,117.0,0.0,True,raw/2024-3_table06.json.gz,9595c9dc549331debb81bcbbfc0635ad500f1ce77d587d9424e3da600ed4edd7,raw/2024-3_table06_info.json,8298d0c8de472ce06e6243a23f88b5e609e6013dfa6d74027aa9431a6fca9e51,https://www.bddk.org.tr/BultenFinturk/tr/Home/MetaveriPdfIndir?tabloNo=6
2024-03,2024-03-31,SİNOP,10003,KALKINMA VE YATIRIM,SubeSayisi,Yurtiçi Şube Sayısı,,0.0,derived_zero_function_group_identity,SEKTOR = MEVDUAT + KATILIM + KALKINMA_VE_YATIRIM,Published sector total equals the sum of the three non-negative functional-group branch counts with zero residual.,29.0,29.0,,,2,29.0,0.0,True,raw/2024-3_table06.json.gz,9595c9dc549331debb81bcbbfc0635ad500f1ce77d587d9424e3da600ed4edd7,raw/2024-3_table06_info.json,8298d0c8de472ce06e6243a23f88b5e609e6013dfa6d74027aa9431a6fca9e51,https://www.bddk.org.tr/BultenFinturk/tr/Home/MetaveriPdfIndir?tabloNo=6
2024-03,2024-03-31,SİNOP,10004,KATILIM,SubeSayisi,Yurtiçi Şube Sayısı,,0.0,derived_zero_function_group_identity,SEKTOR = MEVDUAT + KATILIM + KALKINMA_VE_YATIRIM,Published sector total equals the sum of the three non-negative functional-group branch counts with zero residual.,29.0,29.0,,,2,29.0,0.0,True,raw/2024-3_table06.json.gz,9595c9dc549331debb81bcbbfc0635ad500f1ce77d587d9424e3da600ed4edd7,raw/2024-3_table06_info.json,8298d0c8de472ce06e6243a23f88b5e609e6013dfa6d74027aa9431a6fca9e51,https://www.bddk.org.tr/BultenFinturk/tr/Home/MetaveriPdfIndir?tabloNo=6
2024-03,2024-03-31,SİİRT,10003,KALKINMA VE YATIRIM,SubeSayisi,Yurtiçi Şube Sayısı,,0.0,derived_zero_function_group_identity,SEKTOR = MEVDUAT + KATILIM + KALKINMA_VE_YATIRIM,Published sector total equals the sum of the three non-negative functional-group branch counts with zero residual.,21.0,16.0,,5.0,1,21.0,0.0,True,raw/2024-3_table06.json.gz,9595c9dc549331debb81bcbbfc0635ad500f1ce77d587d9424e3da600ed4edd7,raw/2024-3_table06_info.json,8298d0c8de472ce06e6243a23f88b5e609e6013dfa6d74027aa9431a6fca9e51,https://www.bddk.org.tr/BultenFinturk/tr/Home/MetaveriPdfIndir?tabloNo=6
2024-03,2024-03-31,TOKAT,10003,KALKINMA VE YATIRIM,SubeSayisi,Yurtiçi Şube Sayısı,,0.0,derived_zero_function_group_identity,SEKTOR = MEVDUAT + KATILIM + KALKINMA_VE_YATIRIM,Published sector total equals the sum of the three non-negative functional-group branch counts with zero residual.,58.0,52.0,,6.0,1,58.0,0.0,True,raw/2024-3_table06.json.gz,9595c9dc549331debb81bcbbfc0635ad500f1ce77d587d9424e3da600ed4edd7,raw/2024-3_table06_info.json,8298d0c8de472ce06e6243a23f88b5e609e6013dfa6d74027aa9431a6fca9e51,https://www.bddk.org.tr/BultenFinturk/tr/Home/MetaveriPdfIndir?tabloNo=6
2024-03,2024-03-31,TUNCELİ,10003,KALKINMA VE YATIRIM,SubeSayisi,Yurtiçi Şube Sayısı,,0.0,derived_zero_function_group_identity,SEKTOR = MEVDUAT + KATILIM + KALKINMA_VE_YATIRIM,Published sector total equals the sum of the three non-negative functional-group branch counts with zero residual.,13.0,13.0,,,2,13.0,0.0,True,raw/2024-3_table06.json.gz,9595c9dc549331debb81bcbbfc0635ad500f1ce77d587d9424e3da600ed4edd7,raw/2024-3_table06_info.json,8298d0c8de472ce06e6243a23f88b5e609e6013dfa6d74027aa9431a6fca9e51,https://www.bddk.org.tr/BultenFinturk/tr/Home/MetaveriPdfIndir?tabloNo=6
2024-03,2024-03-31,TUNCELİ,10004,KATILIM,SubeSayisi,Yurtiçi Şube Sayısı,,0.0,derived_zero_function_group_identity,SEKTOR = MEVDUAT + KATILIM + KALKINMA_VE_YATIRIM,Published sector total equals the sum of the three non-negative functional-group branch counts with zero residual.,13.0,13.0,,,2,13.0,0.0,True,raw/2024-3_table06.json.gz,9595c9dc549331debb81bcbbfc0635ad500f1ce77d587d9424e3da600ed4edd7,raw/2024-3_table06_info.json,8298d0c8de472ce06e6243a23f88b5e609e6013dfa6d74027aa9431a6fca9e51,https://www.bddk.org.tr/BultenFinturk/tr/Home/MetaveriPdfIndir?tabloNo=6
2024-03,2024-03-31,UŞAK,10003,KALKINMA VE YATIRIM,SubeSayisi,Yurtiçi Şube Sayısı,,0.0,derived_zero_function_group_identity,SEKTOR = MEVDUAT + KATILIM + KALKINMA_VE_YATIRIM,Published sector total equals the sum of the three non-negative functional-group branch counts with zero residual.,44.0,39.0,,5.0,1,44.0,0.0,True,raw/2024-3_table06.json.gz,9595c9dc549331debb81bcbbfc0635ad500f1ce77d587d9424e3da600ed4edd7,raw/2024-3_table06_info.json,8298d0c8de472ce06e6243a23f88b5e609e6013dfa6d74027aa9431a6fca9e51,https://www.bddk.org.tr/BultenFinturk/tr/Home/MetaveriPdfIndir?tabloNo=6
2024-03,2024-03-31,YALOVA,10003,KALKINMA VE YATIRIM,SubeSayisi,Yurtiçi Şube Sayısı,,0.0,derived_zero_function_group_identity,SEKTOR = MEVDUAT + KATILIM + KALKINMA_VE_YATIRIM,Published sector total equals the sum of the three non-negative functional-group branch counts with zero residual.,29.0,23.0,,6.0,1,29.0,0.0,True,raw/2024-3_table06.json.gz,9595c9dc549331debb81bcbbfc0635ad500f1ce77d587d9424e3da600ed4edd7,raw/2024-3_table06_info.json,8298d0c8de472ce06e6243a23f88b5e609e6013dfa6d74027aa9431a6fca9e51,https://www.bddk.org.tr/BultenFinturk/tr/Home/MetaveriPdfIndir?tabloNo=6
2024-03,2024-03-31,YOZGAT,10003,KALKINMA VE YATIRIM,SubeSayisi,Yurtiçi Şube Sayısı,,0.0,derived_zero_function_group_identity,SEKTOR = MEVDUAT + KATILIM + KALKINMA_VE_YATIRIM,Published sector total equals the sum of the three non-negative functional-group branch counts with zero residual.,50.0,47.0,,3.0,1,50.0,0.0,True,raw/2024-3_table06.json.gz,9595c9dc549331debb81bcbbfc0635ad500f1ce77d587d9424e3da600ed4edd7,raw/2024-3_table06_info.json,8298d0c8de472ce06e6243a23f88b5e609e6013dfa6d74027aa9431a6fca9e51,https://www.bddk.org.tr/BultenFinturk/tr/Home/MetaveriPdfIndir?tabloNo=6
2024-03,2024-03-31,ZONGULDAK,10003,KALKINMA VE YATIRIM,SubeSayisi,Yurtiçi Şube Sayısı,,0.0,derived_zero_function_group_identity,SEKTOR = MEVDUAT + KATILIM + KALKINMA_VE_YATIRIM,Published sector total equals the sum of the three non-negative functional-group branch counts with zero residual.,64.0,60.0,,4.0,1,64.0,0.0,True,raw/2024-3_table06.json.gz,9595c9dc549331debb81bcbbfc0635ad500f1ce77d587d9424e3da600ed4edd7,raw/2024-3_table06_info.json,8298d0c8de472ce06e6243a23f88b5e609e6013dfa6d74027aa9431a6fca9e51,https://www.bddk.org.tr/BultenFinturk/tr/Home/MetaveriPdfIndir?tabloNo=6
2024-03,2024-03-31,ÇANAKKALE,10003,KALKINMA VE YATIRIM,SubeSayisi,Yurtiçi Şube Sayısı,,0.0,derived_zero_function_group_identity,SEKTOR = MEVDUAT + KATILIM + KALKINMA_VE_YATIRIM,Published sector total equals the sum of the three non-negative functional-group branch counts with zero residual.,79.0,74.0,,5.0,1,79.0,0.0,True,raw/2024-3_table06.json.gz,9595c9dc549331debb81bcbbfc0635ad500f1ce77d587d9424e3da600ed4edd7,raw/2024-3_table06_info.json,8298d0c8de472ce06e6243a23f88b5e609e6013dfa6d74027aa9431a6fca9e51,https://www.bddk.org.tr/BultenFinturk/tr/Home/MetaveriPdfIndir?tabloNo=6
2024-03,2024-03-31,ÇANKIRI,10003,KALKINMA VE YATIRIM,SubeSayisi,Yurtiçi Şube Sayısı,,0.0,derived_zero_function_group_identity,SEKTOR = MEVDUAT + KATILIM + KALKINMA_VE_YATIRIM,Published sector total equals the sum of the three non-negative functional-group branch counts with zero residual.,31.0,29.0,,2.0,1,31.0,0.0,True,raw/2024-3_table06.json.gz,9595c9dc549331debb81bcbbfc0635ad500f1ce77d587d9424e3da600ed4edd7,raw/2024-3_table06_info.json,8298d0c8de472ce06e6243a23f88b5e609e6013dfa6d74027aa9431a6fca9e51,https://www.bddk.org.tr/BultenFinturk/tr/Home/MetaveriPdfIndir?tabloNo=6
2024-03,2024-03-31,ÇORUM,10003,KALKINMA VE YATIRIM,SubeSayisi,Yurtiçi Şube Sayısı,,0.0,derived_zero_function_group_identity,SEKTOR = MEVDUAT + KATILIM + KALKINMA_VE_YATIRIM,Published sector total equals the sum of the three non-negative functional-group branch counts with zero residual.,62.0,56.0,,6.0,1,62.0,0.0,True,raw/2024-3_table06.json.gz,9595c9dc549331debb81bcbbfc0635ad500f1ce77d587d9424e3da600ed4edd7,raw/2024-3_table06_info.json,8298d0c8de472ce06e6243a23f88b5e609e6013dfa6d74027aa9431a6fca9e51,https://www.bddk.org.tr/BultenFinturk/tr/Home/MetaveriPdfIndir?tabloNo=6
2024-03,2024-03-31,ŞANLIURFA,10003,KALKINMA VE YATIRIM,SubeSayisi,Yurtiçi Şube Sayısı,,0.0,derived_zero_function_group_identity,SEKTOR = MEVDUAT + KATILIM + KALKINMA_VE_YATIRIM,Published sector total equals the sum of the three non-negative functional-group branch counts with zero residual.,91.0,77.0,,14.0,1,91.0,0.0,True,raw/2024-3_table06.json.gz,9595c9dc549331debb81bcbbfc0635ad500f1ce77d587d9424e3da600ed4edd7,raw/2024-3_table06_info.json,8298d0c8de472ce06e6243a23f88b5e609e6013dfa6d74027aa9431a6fca9e51,https://www.bddk.org.tr/BultenFinturk/tr/Home/MetaveriPdfIndir?tabloNo=6
2024-03,2024-03-31,ŞIRNAK,10003,KALKINMA VE YATIRIM,SubeSayisi,Yurtiçi Şube Sayısı,,0.0,derived_zero_function_group_identity,SEKTOR = MEVDUAT + KATILIM + KALKINMA_VE_YATIRIM,Published sector total equals the sum of the three non-negative functional-group branch counts with zero residual.,22.0,21.0,,1.0,1,22.0,0.0,True,raw/2024-3_table06.json.gz,9595c9dc549331debb81bcbbfc0635ad500f1ce77d587d9424e3da600ed4edd7,raw/2024-3_table06_info.json,8298d0c8de472ce06e6243a23f88b5e609e6013dfa6d74027aa9431a6fca9e51,https://www.bddk.org.tr/BultenFinturk/tr/Home/MetaveriPdfIndir?tabloNo=6
2024-06,2024-06-30,ADIYAMAN,10003,KALKINMA VE YATIRIM,SubeSayisi,Yurtiçi Şube Sayısı,,0.0,derived_zero_function_group_identity,SEKTOR = MEVDUAT + KATILIM + KALKINMA_VE_YATIRIM,Published sector total equals the sum of the three non-negative functional-group branch counts with zero residual.,40.0,35.0,,5.0,1,40.0,0.0,True,raw/2024-6_table06.json.gz,a3c84c081ce001efa99e54ff927f4167907cbd823457fc4e2df49ff24273a76c,raw/2024-6_table06_info.json,8ed6cf066a5e5c0babf1f5d17ff457dc2b5b968d13a66416de1ae9410135497c,https://www.bddk.org.tr/BultenFinturk/tr/Home/MetaveriPdfIndir?tabloNo=6
2024-06,2024-06-30,AFYONKARAHİSAR,10003,KALKINMA VE YATIRIM,SubeSayisi,Yurtiçi Şube Sayısı,,0.0,derived_zero_function_group_identity,SEKTOR = MEVDUAT + KATILIM + KALKINMA_VE_YATIRIM,Published sector total equals the sum of the three non-negative functional-group branch counts with zero residual.,87.0,80.0,,7.0,1,87.0,0.0,True,raw/2024-6_table06.json.gz,a3c84c081ce001efa99e54ff927f4167907cbd823457fc4e2df49ff24273a76c,raw/2024-6_table06_info.json,8ed6cf066a5e5c0babf1f5d17ff457dc2b5b968d13a66416de1ae9410135497c,https://www.bddk.org.tr/BultenFinturk/tr/Home/MetaveriPdfIndir?tabloNo=6
2024-06,2024-06-30,AKSARAY,10003,KALKINMA VE YATIRIM,SubeSayisi,Yurtiçi Şube Sayısı,,0.0,derived_zero_function_group_identity,SEKTOR = MEVDUAT + KATILIM + KALKINMA_VE_YATIRIM,Published sector total equals the sum of the three non-negative functional-group branch counts with zero residual.,40.0,32.0,,8.0,1,40.0,0.0,True,raw/2024-6_table06.json.gz,a3c84c081ce001efa99e54ff927f4167907cbd823457fc4e2df49ff24273a76c,raw/2024-6_table06_info.json,8ed6cf066a5e5c0babf1f5d17ff457dc2b5b968d13a66416de1ae9410135497c,https://www.bddk.org.tr/BultenFinturk/tr/Home/MetaveriPdfIndir?tabloNo=6
2024-06,2024-06-30,AMASYA,10003,KALKINMA VE YATIRIM,SubeSayisi,Yurtiçi Şube Sayısı,,0.0,derived_zero_function_group_identity,SEKTOR = MEVDUAT + KATILIM + KALKINMA_VE_YATIRIM,Published sector total equals the sum of the three non-negative functional-group branch counts with zero residual.,40.0,36.0,,4.0,1,40.0,0.0,True,raw/2024-6_table06.json.gz,a3c84c081ce001efa99e54ff927f4167907cbd823457fc4e2df49ff24273a76c,raw/2024-6_table06_info.json,8ed6cf066a5e5c0babf1f5d17ff457dc2b5b968d13a66416de1ae9410135497c,https://www.bddk.org.tr/BultenFinturk/tr/Home/MetaveriPdfIndir?tabloNo=6
2024-06,2024-06-30,ARDAHAN,10003,KALKINMA VE YATIRIM,SubeSayisi,Yurtiçi Şube Sayısı,,0.0,derived_zero_function_group_identity,SEKTOR = MEVDUAT + KATILIM + KALKINMA_VE_YATIRIM,Published sector total equals the sum of the three non-negative functional-group branch counts with zero residual.,12.0,12.0,,,2,12.0,0.0,True,raw/2024-6_table06.json.gz,a3c84c081ce001efa99e54ff927f4167907cbd823457fc4e2df49ff24273a76c,raw/2024-6_table06_info.json,8ed6cf066a5e5c0babf1f5d17ff457dc2b5b968d13a66416de1ae9410135497c,https://www.bddk.org.tr/BultenFinturk/tr/Home/MetaveriPdfIndir?tabloNo=6
2024-06,2024-06-30,ARDAHAN,10004,KATILIM,SubeSayisi,Yurtiçi Şube Sayısı,,0.0,derived_zero_function_group_identity,SEKTOR = MEVDUAT + KATILIM + KALKINMA_VE_YATIRIM,Published sector total equals the sum of the three non-negative functional-group branch counts with zero residual.,12.0,12.0,,,2,12.0,0.0,True,raw/2024-6_table06.json.gz,a3c84c081ce001efa99e54ff927f4167907cbd823457fc4e2df49ff24273a76c,raw/2024-6_table06_info.json,8ed6cf066a5e5c0babf1f5d17ff457dc2b5b968d13a66416de1ae9410135497c,https://www.bddk.org.tr/BultenFinturk/tr/Home/MetaveriPdfIndir?tabloNo=6
2024-06,2024-06-30,ARTVİN,10003,KALKINMA VE YATIRIM,SubeSayisi,Yurtiçi Şube Sayısı,,0.0,derived_zero_function_group_identity,SEKTOR = MEVDUAT + KATILIM + KALKINMA_VE_YATIRIM,Published sector total equals the sum of the three non-negative functional-group branch counts with zero residual.,32.0,32.0,,,2,32.0,0.0,True,raw/2024-6_table06.json.gz,a3c84c081ce001efa99e54ff927f4167907cbd823457fc4e2df49ff24273a76c,raw/2024-6_table06_info.json,8ed6cf066a5e5c0babf1f5d17ff457dc2b5b968d13a66416de1ae9410135497c,https://www.bddk.org.tr/BultenFinturk/tr/Home/MetaveriPdfIndir?tabloNo=6
2024-06,2024-06-30,ARTVİN,10004,KATILIM,SubeSayisi,Yurtiçi Şube Sayısı,,0.0,derived_zero_function_group_identity,SEKTOR = MEVDUAT + KATILIM + KALKINMA_VE_YATIRIM,Published sector total equals the sum of the three non-negative functional-group branch counts with zero residual.,32.0,32.0,,,2,32.0,0.0,True,raw/2024-6_table06.json.gz,a3c84c081ce001efa99e54ff927f4167907cbd823457fc4e2df49ff24273a76c,raw/2024-6_table06_info.json,8ed6cf066a5e5c0babf1f5d17ff457dc2b5b968d13a66416de1ae9410135497c,https://www.bddk.org.tr/BultenFinturk/tr/Home/MetaveriPdfIndir?tabloNo=6
2024-06,2024-06-30,AĞRI,10003,KALKINMA VE YATIRIM,SubeSayisi,Yurtiçi Şube Sayısı,,0.0,derived_zero_function_group_identity,SEKTOR = MEVDUAT + KATILIM + KALKINMA_VE_YATIRIM,Published sector total equals the sum of the three non-negative functional-group branch counts with zero residual.,25.0,23.0,,2.0,1,25.0,0.0,True,raw/2024-6_table06.json.gz,a3c84c081ce001efa99e54ff927f4167907cbd823457fc4e2df49ff24273a76c,raw/2024-6_table06_info.json,8ed6cf066a5e5c0babf1f5d17ff457dc2b5b968d13a66416de1ae9410135497c,https://www.bddk.org.tr/BultenFinturk/tr/Home/MetaveriPdfIndir?tabloNo=6
2024-06,2024-06-30,BALIKESİR,10003,KALKINMA VE YATIRIM,SubeSayisi,Yurtiçi Şube Sayısı,,0.0,derived_zero_function_group_identity,SEKTOR = MEVDUAT + KATILIM + KALKINMA_VE_YATIRIM,Published sector total equals the sum of the three non-negative functional-group branch counts with zero residual.,157.0,144.0,,13.0,1,157.0,0.0,True,raw/2024-6_table06.json.gz,a3c84c081ce001efa99e54ff927f4167907cbd823457fc4e2df49ff24273a76c,raw/2024-6_table06_info.json,8ed6cf066a5e5c0babf1f5d17ff457dc2b5b968d13a66416de1ae9410135497c,https://www.bddk.org.tr/BultenFinturk/tr/Home/MetaveriPdfIndir?tabloNo=6
2024-06,2024-06-30,BARTIN,10003,KALKINMA VE YATIRIM,SubeSayisi,Yurtiçi Şube Sayısı,,0.0,derived_zero_function_group_identity,SEKTOR = MEVDUAT + KATILIM + KALKINMA_VE_YATIRIM,Published sector total equals the sum of the three non-negative functional-group branch counts with zero residual.,22.0,20.0,,2.0,1,22.0,0.0,True,raw/2024-6_table06.json.gz,a3c84c081ce001efa99e54ff927f4167907cbd823457fc4e2df49ff24273a76c,raw/2024-6_table06_info.json,8ed6cf066a5e5c0babf1f5d17ff457dc2b5b968d13a66416de1ae9410135497c,https://www.bddk.org.tr/BultenFinturk/tr/Home/MetaveriPdfIndir?tabloNo=6
2024-06,2024-06-30,BATMAN,10003,KALKINMA VE YATIRIM,SubeSayisi,Yurtiçi Şube Sayısı,,0.0,derived_zero_function_group_identity,SEKTOR = MEVDUAT + KATILIM + KALKINMA_VE_YATIRIM,Published sector total equals the sum of the three non-negative functional-group branch counts with zero residual.,31.0,25.0,,6.0,1,31.0,0.0,True,raw/2024-6_table06.json.gz,a3c84c081ce001efa99e54ff927f4167907cbd823457fc4e2df49ff24273a76c,raw/2024-6_table06_info.json,8ed6cf066a5e5c0babf1f5d17ff457dc2b5b968d13a66416de1ae9410135497c,https://www.bddk.org.tr/BultenFinturk/tr/Home/MetaveriPdfIndir?tabloNo=6
2024-06,2024-06-30,BAYBURT,10003,KALKINMA VE YATIRIM,SubeSayisi,Yurtiçi Şube Sayısı,,0.0,derived_zero_function_group_identity,SEKTOR = MEVDUAT + KATILIM + KALKINMA_VE_YATIRIM,Published sector total equals the sum of the three non-negative functional-group branch counts with zero residual.,10.0,9.0,,1.0,1,10.0,0.0,True,raw/2024-6_table06.json.gz,a3c84c081ce001efa99e54ff927f4167907cbd823457fc4e2df49ff24273a76c,raw/2024-6_table06_info.json,8ed6cf066a5e5c0babf1f5d17ff457dc2b5b968d13a66416de1ae9410135497c,https://www.bddk.org.tr/BultenFinturk/tr/Home/MetaveriPdfIndir?tabloNo=6
2024-06,2024-06-30,BOLU,10003,KALKINMA VE YATIRIM,SubeSayisi,Yurtiçi Şube Sayısı,,0.0,derived_zero_function_group_identity,SEKTOR = MEVDUAT + KATILIM + KALKINMA_VE_YATIRIM,Published sector total equals the sum of the three non-negative functional-group branch counts with zero residual.,38.0,33.0,,5.0,1,38.0,0.0,True,raw/2024-6_table06.json.gz,a3c84c081ce001efa99e54ff927f4167907cbd823457fc4e2df49ff24273a76c,raw/2024-6_table06_info.json,8ed6cf066a5e5c0babf1f5d17ff457dc2b5b968d13a66416de1ae9410135497c,https://www.bddk.org.tr/BultenFinturk/tr/Home/MetaveriPdfIndir?tabloNo=6
2024-06,2024-06-30,BURDUR,10003,KALKINMA VE YATIRIM,SubeSayisi,Yurtiçi Şube Sayısı,,0.0,derived_zero_function_group_identity,SEKTOR = MEVDUAT + KATILIM + KALKINMA_VE_YATIRIM,Published sector total equals the sum of the three non-negative functional-group branch counts with zero residual.,36.0,34.0,,2.0,1,36.0,0.0,True,raw/2024-6_table06.json.gz,a3c84c081ce001efa99e54ff927f4167907cbd823457fc4e2df49ff24273a76c,raw/2024-6_table06_info.json,8ed6cf066a5e5c0babf1f5d17ff457dc2b5b968d13a66416de1ae9410135497c,https://www.bddk.org.tr/BultenFinturk/tr/Home/MetaveriPdfIndir?tabloNo=6
2024-06,2024-06-30,BİLECİK,10003,KALKINMA VE YATIRIM,SubeSayisi,Yurtiçi Şube Sayısı,,0.0,derived_zero_function_group_identity,SEKTOR = MEVDUAT + KATILIM + KALKINMA_VE_YATIRIM,Published sector total equals the sum of the three non-negative functional-group branch counts with zero residual.,30.0,29.0,,1.0,1,30.0,0.0,True,raw/2024-6_table06.json.gz,a3c84c081ce001efa99e54ff927f4167907cbd823457fc4e2df49ff24273a76c,raw/2024-6_table06_info.json,8ed6cf066a5e5c0babf1f5d17ff457dc2b5b968d13a66416de1ae9410135497c,https://www.bddk.org.tr/BultenFinturk/tr/Home/MetaveriPdfIndir?tabloNo=6
2024-06,2024-06-30,BİNGÖL,10003,KALKINMA VE YATIRIM,SubeSayisi,Yurtiçi Şube Sayısı,,0.0,derived_zero_function_group_identity,SEKTOR = MEVDUAT + KATILIM + KALKINMA_VE_YATIRIM,Published sector total equals the sum of the three non-negative functional-group branch counts with zero residual.,18.0,15.0,,3.0,1,18.0,0.0,True,raw/2024-6_table06.json.gz,a3c84c081ce001efa99e54ff927f4167907cbd823457fc4e2df49ff24273a76c,raw/2024-6_table06_info.json,8ed6cf066a5e5c0babf1f5d17ff457dc2b5b968d13a66416de1ae9410135497c,https://www.bddk.org.tr/BultenFinturk/tr/Home/MetaveriPdfIndir?tabloNo=6
2024-06,2024-06-30,BİTLİS,10003,KALKINMA VE YATIRIM,SubeSayisi,Yurtiçi Şube Sayısı,,0.0,derived_zero_function_group_identity,SEKTOR = MEVDUAT + KATILIM + KALKINMA_VE_YATIRIM,Published sector total equals the sum of the three non-negative functional-group branch counts with zero residual.,21.0,20.0,,1.0,1,21.0,0.0,True,raw/2024-6_table06.json.gz,a3c84c081ce001efa99e54ff927f4167907cbd823457fc4e2df49ff24273a76c,raw/2024-6_table06_info.json,8ed6cf066a5e5c0babf1f5d17ff457dc2b5b968d13a66416de1ae9410135497c,https://www.bddk.org.tr/BultenFinturk/tr/Home/MetaveriPdfIndir?tabloNo=6
2024-06,2024-06-30,DÜZCE,10003,KALKINMA VE YATIRIM,SubeSayisi,Yurtiçi Şube Sayısı,,0.0,derived_zero_function_group_identity,SEKTOR = MEVDUAT + KATILIM + KALKINMA_VE_YATIRIM,Published sector total equals the sum of the three non-negative functional-group branch counts with zero residual.,36.0,29.0,,7.0,1,36.0,0.0,True,raw/2024-6_table06.json.gz,a3c84c081ce001efa99e54ff927f4167907cbd823457fc4e2df49ff24273a76c,raw/2024-6_table06_info.json,8ed6cf066a5e5c0babf1f5d17ff457dc2b5b968d13a66416de1ae9410135497c,https://www.bddk.org.tr/BultenFinturk/tr/Home/MetaveriPdfIndir?tabloNo=6
2024-06,2024-06-30,EDİRNE,10003,KALKINMA VE YATIRIM,SubeSayisi,Yurtiçi Şube Sayısı,,0.0,derived_zero_function_group_identity,SEKTOR = MEVDUAT + KATILIM + KALKINMA_VE_YATIRIM,Published sector total equals the sum of the three non-negative functional-group branch counts with zero residual.,55.0,52.0,,3.0,1,55.0,0.0,True,raw/2024-6_table06.json.gz,a3c84c081ce001efa99e54ff927f4167907cbd823457fc4e2df49ff24273a76c,raw/2024-6_table06_info.json,8ed6cf066a5e5c0babf1f5d17ff457dc2b5b968d13a66416de1ae9410135497c,https://www.bddk.org.tr/BultenFinturk/tr/Home/MetaveriPdfIndir?tabloNo=6
2024-06,2024-06-30,ERZİNCAN,10003,KALKINMA VE YATIRIM,SubeSayisi,Yurtiçi Şube Sayısı,,0.0,derived_zero_function_group_identity,SEKTOR = MEVDUAT + KATILIM + KALKINMA_VE_YATIRIM,Published sector total equals the sum of the three non-negative functional-group branch counts with zero residual.,29.0,24.0,,5.0,1,29.0,0.0,True,raw/2024-6_table06.json.gz,a3c84c081ce001efa99e54ff927f4167907cbd823457fc4e2df49ff24273a76c,raw/2024-6_table06_info.json,8ed6cf066a5e5c0babf1f5d17ff457dc2b5b968d13a66416de1ae9410135497c,https://www.bddk.org.tr/BultenFinturk/tr/Home/MetaveriPdfIndir?tabloNo=6
2024-06,2024-06-30,GÜMÜŞHANE,10003,KALKINMA VE YATIRIM,SubeSayisi,Yurtiçi Şube Sayısı,,0.0,derived_zero_function_group_identity,SEKTOR = MEVDUAT + KATILIM + KALKINMA_VE_YATIRIM,Published sector total equals the sum of the three non-negative functional-group branch counts with zero residual.,20.0,19.0,,1.0,1,20.0,0.0,True,raw/2024-6_table06.json.gz,a3c84c081ce001efa99e54ff927f4167907cbd823457fc4e2df49ff24273a76c,raw/2024-6_table06_info.json,8ed6cf066a5e5c0babf1f5d17ff457dc2b5b968d13a66416de1ae9410135497c,https://www.bddk.org.tr/BultenFinturk/tr/Home/MetaveriPdfIndir?tabloNo=6
2024-06,2024-06-30,GİRESUN,10003,KALKINMA VE YATIRIM,SubeSayisi,Yurtiçi Şube Sayısı,,0.0,derived_zero_function_group_identity,SEKTOR = MEVDUAT + KATILIM + KALKINMA_VE_YATIRIM,Published sector total equals the sum of the three non-negative functional-group branch counts with zero residual.,56.0,51.0,,5.0,1,56.0,0.0,True,raw/2024-6_table06.json.gz,a3c84c081ce001efa99e54ff927f4167907cbd823457fc4e2df49ff24273a76c,raw/2024-6_table06_info.json,8ed6cf066a5e5c0babf1f5d17ff457dc2b5b968d13a66416de1ae9410135497c,https://www.bddk.org.tr/BultenFinturk/tr/Home/MetaveriPdfIndir?tabloNo=6
2024-06,2024-06-30,HAKKARİ,10003,KALKINMA VE YATIRIM,SubeSayisi,Yurtiçi Şube Sayısı,,0.0,derived_zero_function_group_identity,SEKTOR = MEVDUAT + KATILIM + KALKINMA_VE_YATIRIM,Published sector total equals the sum of the three non-negative functional-group branch counts with zero residual.,15.0,15.0,,,2,15.0,0.0,True,raw/2024-6_table06.json.gz,a3c84c081ce001efa99e54ff927f4167907cbd823457fc4e2df49ff24273a76c,raw/2024-6_table06_info.json,8ed6cf066a5e5c0babf1f5d17ff457dc2b5b968d13a66416de1ae9410135497c,https://www.bddk.org.tr/BultenFinturk/tr/Home/MetaveriPdfIndir?tabloNo=6
2024-06,2024-06-30,HAKKARİ,10004,KATILIM,SubeSayisi,Yurtiçi Şube Sayısı,,0.0,derived_zero_function_group_identity,SEKTOR = MEVDUAT + KATILIM + KALKINMA_VE_YATIRIM,Published sector total equals the sum of the three non-negative functional-group branch counts with zero residual.,15.0,15.0,,,2,15.0,0.0,True,raw/2024-6_table06.json.gz,a3c84c081ce001efa99e54ff927f4167907cbd823457fc4e2df49ff24273a76c,raw/2024-6_table06_info.json,8ed6cf066a5e5c0babf1f5d17ff457dc2b5b968d13a66416de1ae9410135497c,https://www.bddk.org.tr/BultenFinturk/tr/Home/MetaveriPdfIndir?tabloNo=6
2024-06,2024-06-30,ISPARTA,10003,KALKINMA VE YATIRIM,SubeSayisi,Yurtiçi Şube Sayısı,,0.0,derived_zero_function_group_identity,SEKTOR = MEVDUAT + KATILIM + KALKINMA_VE_YATIRIM,Published sector total equals the sum of the three non-negative functional-group branch counts with zero residual.,56.0,49.0,,7.0,1,56.0,0.0,True,raw/2024-6_table06.json.gz,a3c84c081ce001efa99e54ff927f4167907cbd823457fc4e2df49ff24273a76c,raw/2024-6_table06_info.json,8ed6cf066a5e5c0babf1f5d17ff457dc2b5b968d13a66416de1ae9410135497c,https://www.bddk.org.tr/BultenFinturk/tr/Home/MetaveriPdfIndir?tabloNo=6
2024-06,2024-06-30,IĞDIR,10003,KALKINMA VE YATIRIM,SubeSayisi,Yurtiçi Şube Sayısı,,0.0,derived_zero_function_group_identity,SEKTOR = MEVDUAT + KATILIM + KALKINMA_VE_YATIRIM,Published sector total equals the sum of the three non-negative functional-group branch counts with zero residual.,15.0,14.0,,1.0,1,15.0,0.0,True,raw/2024-6_table06.json.gz,a3c84c081ce001efa99e54ff927f4167907cbd823457fc4e2df49ff24273a76c,raw/2024-6_table06_info.json,8ed6cf066a5e5c0babf1f5d17ff457dc2b5b968d13a66416de1ae9410135497c,https://www.bddk.org.tr/BultenFinturk/tr/Home/MetaveriPdfIndir?tabloNo=6
2024-06,2024-06-30,KARABÜK,10003,KALKINMA VE YATIRIM,SubeSayisi,Yurtiçi Şube Sayısı,,0.0,derived_zero_function_group_identity,SEKTOR = MEVDUAT + KATILIM + KALKINMA_VE_YATIRIM,Published sector total equals the sum of the three non-negative functional-group branch counts with zero residual.,31.0,25.0,,6.0,1,31.0,0.0,True,raw/2024-6_table06.json.gz,a3c84c081ce001efa99e54ff927f4167907cbd823457fc4e2df49ff24273a76c,raw/2024-6_table06_info.json,8ed6cf066a5e5c0babf1f5d17ff457dc2b5b968d13a66416de1ae9410135497c,https://www.bddk.org.tr/BultenFinturk/tr/Home/MetaveriPdfIndir?tabloNo=6
2024-06,2024-06-30,KARAMAN,10003,KALKINMA VE YATIRIM,SubeSayisi,Yurtiçi Şube Sayısı,,0.0,derived_zero_function_group_identity,SEKTOR = MEVDUAT + KATILIM + KALKINMA_VE_YATIRIM,Published sector total equals the sum of the three non-negative functional-group branch counts with zero residual.,27.0,21.0,,6.0,1,27.0,0.0,True,raw/2024-6_table06.json.gz,a3c84c081ce001efa99e54ff927f4167907cbd823457fc4e2df49ff24273a76c,raw/2024-6_table06_info.json,8ed6cf066a5e5c0babf1f5d17ff457dc2b5b968d13a66416de1ae9410135497c,https://www.bddk.org.tr/BultenFinturk/tr/Home/MetaveriPdfIndir?tabloNo=6
2024-06,2024-06-30,KARS,10003,KALKINMA VE YATIRIM,SubeSayisi,Yurtiçi Şube Sayısı,,0.0,derived_zero_function_group_identity,SEKTOR = MEVDUAT + KATILIM + KALKINMA_VE_YATIRIM,Published sector total equals the sum of the three non-negative functional-group branch counts with zero residual.,26.0,24.0,,2.0,1,26.0,0.0,True,raw/2024-6_table06.json.gz,a3c84c081ce001efa99e54ff927f4167907cbd823457fc4e2df49ff24273a76c,raw/2024-6_table06_info.json,8ed6cf066a5e5c0babf1f5d17ff457dc2b5b968d13a66416de1ae9410135497c,https://www.bddk.org.tr/BultenFinturk/tr/Home/MetaveriPdfIndir?tabloNo=6
2024-06,2024-06-30,KIRIKKALE,10003,KALKINMA VE YATIRIM,SubeSayisi,Yurtiçi Şube Sayısı,,0.0,derived_zero_function_group_identity,SEKTOR = MEVDUAT + KATILIM + KALKINMA_VE_YATIRIM,Published sector total equals the sum of the three non-negative functional-group branch counts with zero residual.,28.0,25.0,,3.0,1,28.0,0.0,True,raw/2024-6_table06.json.gz,a3c84c081ce001efa99e54ff927f4167907cbd823457fc4e2df49ff24273a76c,raw/2024-6_table06_info.json,8ed6cf066a5e5c0babf1f5d17ff457dc2b5b968d13a66416de1ae9410135497c,https://www.bddk.org.tr/BultenFinturk/tr/Home/MetaveriPdfIndir?tabloNo=6
2024-06,2024-06-30,KIRKLARELİ,10003,KALKINMA VE YATIRIM,SubeSayisi,Yurtiçi Şube Sayısı,,0.0,derived_zero_function_group_identity,SEKTOR = MEVDUAT + KATILIM + KALKINMA_VE_YATIRIM,Published sector total equals the sum of the three non-negative functional-group branch counts with zero residual.,45.0,44.0,,1.0,1,45.0,0.0,True,raw/2024-6_table06.json.gz,a3c84c081ce001efa99e54ff927f4167907cbd823457fc4e2df49ff24273a76c,raw/2024-6_table06_info.json,8ed6cf066a5e5c0babf1f5d17ff457dc2b5b968d13a66416de1ae9410135497c,https://www.bddk.org.tr/BultenFinturk/tr/Home/MetaveriPdfIndir?tabloNo=6
2024-06,2024-06-30,KIRŞEHİR,10003,KALKINMA VE YATIRIM,SubeSayisi,Yurtiçi Şube Sayısı,,0.0,derived_zero_function_group_identity,SEKTOR = MEVDUAT + KATILIM + KALKINMA_VE_YATIRIM,Published sector total equals the sum of the three non-negative functional-group branch counts with zero residual.,27.0,24.0,,3.0,1,27.0,0.0,True,raw/2024-6_table06.json.gz,a3c84c081ce001efa99e54ff927f4167907cbd823457fc4e2df49ff24273a76c,raw/2024-6_table06_info.json,8ed6cf066a5e5c0babf1f5d17ff457dc2b5b968d13a66416de1ae9410135497c,https://www.bddk.org.tr/BultenFinturk/tr/Home/MetaveriPdfIndir?tabloNo=6
2024-06,2024-06-30,KÜTAHYA,10003,KALKINMA VE YATIRIM,SubeSayisi,Yurtiçi Şube Sayısı,,0.0,derived_zero_function_group_identity,SEKTOR = MEVDUAT + KATILIM + KALKINMA_VE_YATIRIM,Published sector total equals the sum of the three non-negative functional-group branch counts with zero residual.,54.0,47.0,,7.0,1,54.0,0.0,True,raw/2024-6_table06.json.gz,a3c84c081ce001efa99e54ff927f4167907cbd823457fc4e2df49ff24273a76c,raw/2024-6_table06_info.json,8ed6cf066a5e5c0babf1f5d17ff457dc2b5b968d13a66416de1ae9410135497c,https://www.bddk.org.tr/BultenFinturk/tr/Home/MetaveriPdfIndir?tabloNo=6
2024-06,2024-06-30,KİLİS,10003,KALKINMA VE YATIRIM,SubeSayisi,Yurtiçi Şube Sayısı,,0.0,derived_zero_function_group_identity,SEKTOR = MEVDUAT + KATILIM + KALKINMA_VE_YATIRIM,Published sector total equals the sum of the three non-negative functional-group branch counts with zero residual.,10.0,9.0,,1.0,1,10.0,0.0,True,raw/2024-6_table06.json.gz,a3c84c081ce001efa99e54ff927f4167907cbd823457fc4e2df49ff24273a76c,raw/2024-6_table06_info.json,8ed6cf066a5e5c0babf1f5d17ff457dc2b5b968d13a66416de1ae9410135497c,https://www.bddk.org.tr/BultenFinturk/tr/Home/MetaveriPdfIndir?tabloNo=6
2024-06,2024-06-30,MALATYA,10003,KALKINMA VE YATIRIM,SubeSayisi,Yurtiçi Şube Sayısı,,0.0,derived_zero_function_group_identity,SEKTOR = MEVDUAT + KATILIM + KALKINMA_VE_YATIRIM,Published sector total equals the sum of the three non-negative functional-group branch counts with zero residual.,63.0,54.0,,9.0,1,63.0,0.0,True,raw/2024-6_table06.json.gz,a3c84c081ce001efa99e54ff927f4167907cbd823457fc4e2df49ff24273a76c,raw/2024-6_table06_info.json,8ed6cf066a5e5c0babf1f5d17ff457dc2b5b968d13a66416de1ae9410135497c,https://www.bddk.org.tr/BultenFinturk/tr/Home/MetaveriPdfIndir?tabloNo=6
2024-06,2024-06-30,MARDİN,10003,KALKINMA VE YATIRIM,SubeSayisi,Yurtiçi Şube Sayısı,,0.0,derived_zero_function_group_identity,SEKTOR = MEVDUAT + KATILIM + KALKINMA_VE_YATIRIM,Published sector total equals the sum of the three non-negative functional-group branch counts with zero residual.,48.0,42.0,,6.0,1,48.0,0.0,True,raw/2024-6_table06.json.gz,a3c84c081ce001efa99e54ff927f4167907cbd823457fc4e2df49ff24273a76c,raw/2024-6_table06_info.json,8ed6cf066a5e5c0babf1f5d17ff457dc2b5b968d13a66416de1ae9410135497c,https://www.bddk.org.tr/BultenFinturk/tr/Home/MetaveriPdfIndir?tabloNo=6
2024-06,2024-06-30,MUŞ,10003,KALKINMA VE YATIRIM,SubeSayisi,Yurtiçi Şube Sayısı,,0.0,derived_zero_function_group_identity,SEKTOR = MEVDUAT + KATILIM + KALKINMA_VE_YATIRIM,Published sector total equals the sum of the three non-negative functional-group branch counts with zero residual.,20.0,17.0,,3.0,1,20.0,0.0,True,raw/2024-6_table06.json.gz,a3c84c081ce001efa99e54ff927f4167907cbd823457fc4e2df49ff24273a76c,raw/2024-6_table06_info.json,8ed6cf066a5e5c0babf1f5d17ff457dc2b5b968d13a66416de1ae9410135497c,https://www.bddk.org.tr/BultenFinturk/tr/Home/MetaveriPdfIndir?tabloNo=6
2024-06,2024-06-30,NEVŞEHİR,10003,KALKINMA VE YATIRIM,SubeSayisi,Yurtiçi Şube Sayısı,,0.0,derived_zero_function_group_identity,SEKTOR = MEVDUAT + KATILIM + KALKINMA_VE_YATIRIM,Published sector total equals the sum of the three non-negative functional-group branch counts with zero residual.,43.0,37.0,,6.0,1,43.0,0.0,True,raw/2024-6_table06.json.gz,a3c84c081ce001efa99e54ff927f4167907cbd823457fc4e2df49ff24273a76c,raw/2024-6_table06_info.json,8ed6cf066a5e5c0babf1f5d17ff457dc2b5b968d13a66416de1ae9410135497c,https://www.bddk.org.tr/BultenFinturk/tr/Home/MetaveriPdfIndir?tabloNo=6
2024-06,2024-06-30,NİĞDE,10003,KALKINMA VE YATIRIM,SubeSayisi,Yurtiçi Şube Sayısı,,0.0,derived_zero_function_group_identity,SEKTOR = MEVDUAT + KATILIM + KALKINMA_VE_YATIRIM,Published sector total equals the sum of the three non-negative functional-group branch counts with zero residual.,29.0,25.0,,4.0,1,29.0,0.0,True,raw/2024-6_table06.json.gz,a3c84c081ce001efa99e54ff927f4167907cbd823457fc4e2df49ff24273a76c,raw/2024-6_table06_info.json,8ed6cf066a5e5c0babf1f5d17ff457dc2b5b968d13a66416de1ae9410135497c,https://www.bddk.org.tr/BultenFinturk/tr/Home/MetaveriPdfIndir?tabloNo=6
2024-06,2024-06-30,ORDU,10003,KALKINMA VE YATIRIM,SubeSayisi,Yurtiçi Şube Sayısı,,0.0,derived_zero_function_group_identity,SEKTOR = MEVDUAT + KATILIM + KALKINMA_VE_YATIRIM,Published sector total equals the sum of the three non-negative functional-group branch counts with zero residual.,74.0,67.0,,7.0,1,74.0,0.0,True,raw/2024-6_table06.json.gz,a3c84c081ce001efa99e54ff927f4167907cbd823457fc4e2df49ff24273a76c,raw/2024-6_table06_info.json,8ed6cf066a5e5c0babf1f5d17ff457dc2b5b968d13a66416de1ae9410135497c,https://www.bddk.org.tr/BultenFinturk/tr/Home/MetaveriPdfIndir?tabloNo=6
2024-06,2024-06-30,OSMANİYE,10003,KALKINMA VE YATIRIM,SubeSayisi,Yurtiçi Şube Sayısı,,0.0,derived_zero_function_group_identity,SEKTOR = MEVDUAT + KATILIM + KALKINMA_VE_YATIRIM,Published sector total equals the sum of the three non-negative functional-group branch counts with zero residual.,39.0,33.0,,6.0,1,39.0,0.0,True,raw/2024-6_table06.json.gz,a3c84c081ce001efa99e54ff927f4167907cbd823457fc4e2df49ff24273a76c,raw/2024-6_table06_info.json,8ed6cf066a5e5c0babf1f5d17ff457dc2b5b968d13a66416de1ae9410135497c,https://www.bddk.org.tr/BultenFinturk/tr/Home/MetaveriPdfIndir?tabloNo=6
2024-06,2024-06-30,RİZE,10003,KALKINMA VE YATIRIM,SubeSayisi,Yurtiçi Şube Sayısı,,0.0,derived_zero_function_group_identity,SEKTOR = MEVDUAT + KATILIM + KALKINMA_VE_YATIRIM,Published sector total equals the sum of the three non-negative functional-group branch counts with zero residual.,49.0,43.0,,6.0,1,49.0,0.0,True,raw/2024-6_table06.json.gz,a3c84c081ce001efa99e54ff927f4167907cbd823457fc4e2df49ff24273a76c,raw/2024-6_table06_info.json,8ed6cf066a5e5c0babf1f5d17ff457dc2b5b968d13a66416de1ae9410135497c,https://www.bddk.org.tr/BultenFinturk/tr/Home/MetaveriPdfIndir?tabloNo=6
2024-06,2024-06-30,SAKARYA,10003,KALKINMA VE YATIRIM,SubeSayisi,Yurtiçi Şube Sayısı,,0.0,derived_zero_function_group_identity,SEKTOR = MEVDUAT + KATILIM + KALKINMA_VE_YATIRIM,Published sector total equals the sum of the three non-negative functional-group branch counts with zero residual.,116.0,103.0,,13.0,1,116.0,0.0,True,raw/2024-6_table06.json.gz,a3c84c081ce001efa99e54ff927f4167907cbd823457fc4e2df49ff24273a76c,raw/2024-6_table06_info.json,8ed6cf066a5e5c0babf1f5d17ff457dc2b5b968d13a66416de1ae9410135497c,https://www.bddk.org.tr/BultenFinturk/tr/Home/MetaveriPdfIndir?tabloNo=6
2024-06,2024-06-30,SİNOP,10003,KALKINMA VE YATIRIM,SubeSayisi,Yurtiçi Şube Sayısı,,0.0,derived_zero_function_group_identity,SEKTOR = MEVDUAT + KATILIM + KALKINMA_VE_YATIRIM,Published sector total equals the sum of the three non-negative functional-group branch counts with zero residual.,30.0,30.0,,,2,30.0,0.0,True,raw/2024-6_table06.json.gz,a3c84c081ce001efa99e54ff927f4167907cbd823457fc4e2df49ff24273a76c,raw/2024-6_table06_info.json,8ed6cf066a5e5c0babf1f5d17ff457dc2b5b968d13a66416de1ae9410135497c,https://www.bddk.org.tr/BultenFinturk/tr/Home/MetaveriPdfIndir?tabloNo=6
2024-06,2024-06-30,SİNOP,10004,KATILIM,SubeSayisi,Yurtiçi Şube Sayısı,,0.0,derived_zero_function_group_identity,SEKTOR = MEVDUAT + KATILIM + KALKINMA_VE_YATIRIM,Published sector total equals the sum of the three non-negative functional-group branch counts with zero residual.,30.0,30.0,,,2,30.0,0.0,True,raw/2024-6_table06.json.gz,a3c84c081ce001efa99e54ff927f4167907cbd823457fc4e2df49ff24273a76c,raw/2024-6_table06_info.json,8ed6cf066a5e5c0babf1f5d17ff457dc2b5b968d13a66416de1ae9410135497c,https://www.bddk.org.tr/BultenFinturk/tr/Home/MetaveriPdfIndir?tabloNo=6
2024-06,2024-06-30,SİİRT,10003,KALKINMA VE YATIRIM,SubeSayisi,Yurtiçi Şube Sayısı,,0.0,derived_zero_function_group_identity,SEKTOR = MEVDUAT + KATILIM + KALKINMA_VE_YATIRIM,Published sector total equals the sum of the three non-negative functional-group branch counts with zero residual.,21.0,16.0,,5.0,1,21.0,0.0,True,raw/2024-6_table06.json.gz,a3c84c081ce001efa99e54ff927f4167907cbd823457fc4e2df49ff24273a76c,raw/2024-6_table06_info.json,8ed6cf066a5e5c0babf1f5d17ff457dc2b5b968d13a66416de1ae9410135497c,https://www.bddk.org.tr/BultenFinturk/tr/Home/MetaveriPdfIndir?tabloNo=6
2024-06,2024-06-30,TOKAT,10003,KALKINMA VE YATIRIM,SubeSayisi,Yurtiçi Şube Sayısı,,0.0,derived_zero_function_group_identity,SEKTOR = MEVDUAT + KATILIM + KALKINMA_VE_YATIRIM,Published sector total equals the sum of the three non-negative functional-group branch counts with zero residual.,58.0,52.0,,6.0,1,58.0,0.0,True,raw/2024-6_table06.json.gz,a3c84c081ce001efa99e54ff927f4167907cbd823457fc4e2df49ff24273a76c,raw/2024-6_table06_info.json,8ed6cf066a5e5c0babf1f5d17ff457dc2b5b968d13a66416de1ae9410135497c,https://www.bddk.org.tr/BultenFinturk/tr/Home/MetaveriPdfIndir?tabloNo=6
2024-06,2024-06-30,TUNCELİ,10003,KALKINMA VE YATIRIM,SubeSayisi,Yurtiçi Şube Sayısı,,0.0,derived_zero_function_group_identity,SEKTOR = MEVDUAT + KATILIM + KALKINMA_VE_YATIRIM,Published sector total equals the sum of the three non-negative functional-group branch counts with zero residual.,13.0,13.0,,,2,13.0,0.0,True,raw/2024-6_table06.json.gz,a3c84c081ce001efa99e54ff927f4167907cbd823457fc4e2df49ff24273a76c,raw/2024-6_table06_info.json,8ed6cf066a5e5c0babf1f5d17ff457dc2b5b968d13a66416de1ae9410135497c,https://www.bddk.org.tr/BultenFinturk/tr/Home/MetaveriPdfIndir?tabloNo=6
2024-06,2024-06-30,TUNCELİ,10004,KATILIM,SubeSayisi,Yurtiçi Şube Sayısı,,0.0,derived_zero_function_group_identity,SEKTOR = MEVDUAT + KATILIM + KALKINMA_VE_YATIRIM,Published sector total equals the sum of the three non-negative functional-group branch counts with zero residual.,13.0,13.0,,,2,13.0,0.0,True,raw/2024-6_table06.json.gz,a3c84c081ce001efa99e54ff927f4167907cbd823457fc4e2df49ff24273a76c,raw/2024-6_table06_info.json,8ed6cf066a5e5c0babf1f5d17ff457dc2b5b968d13a66416de1ae9410135497c,https://www.bddk.org.tr/BultenFinturk/tr/Home/MetaveriPdfIndir?tabloNo=6
2024-06,2024-06-30,UŞAK,10003,KALKINMA VE YATIRIM,SubeSayisi,Yurtiçi Şube Sayısı,,0.0,derived_zero_function_group_identity,SEKTOR = MEVDUAT + KATILIM + KALKINMA_VE_YATIRIM,Published sector total equals the sum of the three non-negative functional-group branch counts with zero residual.,44.0,39.0,,5.0,1,44.0,0.0,True,raw/2024-6_table06.json.gz,a3c84c081ce001efa99e54ff927f4167907cbd823457fc4e2df49ff24273a76c,raw/2024-6_table06_info.json,8ed6cf066a5e5c0babf1f5d17ff457dc2b5b968d13a66416de1ae9410135497c,https://www.bddk.org.tr/BultenFinturk/tr/Home/MetaveriPdfIndir?tabloNo=6
2024-06,2024-06-30,YALOVA,10003,KALKINMA VE YATIRIM,SubeSayisi,Yurtiçi Şube Sayısı,,0.0,derived_zero_function_group_identity,SEKTOR = MEVDUAT + KATILIM + KALKINMA_VE_YATIRIM,Published sector total equals the sum of the three non-negative functional-group branch counts with zero residual.,29.0,23.0,,6.0,1,29.0,0.0,True,raw/2024-6_table06.json.gz,a3c84c081ce001efa99e54ff927f4167907cbd823457fc4e2df49ff24273a76c,raw/2024-6_table06_info.json,8ed6cf066a5e5c0babf1f5d17ff457dc2b5b968d13a66416de1ae9410135497c,https://www.bddk.org.tr/BultenFinturk/tr/Home/MetaveriPdfIndir?tabloNo=6
2024-06,2024-06-30,YOZGAT,10003,KALKINMA VE YATIRIM,SubeSayisi,Yurtiçi Şube Sayısı,,0.0,derived_zero_function_group_identity,SEKTOR = MEVDUAT + KATILIM + KALKINMA_VE_YATIRIM,Published sector total equals the sum of the three non-negative functional-group branch counts with zero residual.,50.0,47.0,,3.0,1,50.0,0.0,True,raw/2024-6_table06.json.gz,a3c84c081ce001efa99e54ff927f4167907cbd823457fc4e2df49ff24273a76c,raw/2024-6_table06_info.json,8ed6cf066a5e5c0babf1f5d17ff457dc2b5b968d13a66416de1ae9410135497c,https://www.bddk.org.tr/BultenFinturk/tr/Home/MetaveriPdfIndir?tabloNo=6
2024-06,2024-06-30,ZONGULDAK,10003,KALKINMA VE YATIRIM,SubeSayisi,Yurtiçi Şube Sayısı,,0.0,derived_zero_function_group_identity,SEKTOR = MEVDUAT + KATILIM + KALKINMA_VE_YATIRIM,Published sector total equals the sum of the three non-negative functional-group branch counts with zero residual.,64.0,60.0,,4.0,1,64.0,0.0,True,raw/2024-6_table06.json.gz,a3c84c081ce001efa99e54ff927f4167907cbd823457fc4e2df49ff24273a76c,raw/2024-6_table06_info.json,8ed6cf066a5e5c0babf1f5d17ff457dc2b5b968d13a66416de1ae9410135497c,https://www.bddk.org.tr/BultenFinturk/tr/Home/MetaveriPdfIndir?tabloNo=6
2024-06,2024-06-30,ÇANAKKALE,10003,KALKINMA VE YATIRIM,SubeSayisi,Yurtiçi Şube Sayısı,,0.0,derived_zero_function_group_identity,SEKTOR = MEVDUAT + KATILIM + KALKINMA_VE_YATIRIM,Published sector total equals the sum of the three non-negative functional-group branch counts with zero residual.,79.0,74.0,,5.0,1,79.0,0.0,True,raw/2024-6_table06.json.gz,a3c84c081ce001efa99e54ff927f4167907cbd823457fc4e2df49ff24273a76c,raw/2024-6_table06_info.json,8ed6cf066a5e5c0babf1f5d17ff457dc2b5b968d13a66416de1ae9410135497c,https://www.bddk.org.tr/BultenFinturk/tr/Home/MetaveriPdfIndir?tabloNo=6
2024-06,2024-06-30,ÇANKIRI,10003,KALKINMA VE YATIRIM,SubeSayisi,Yurtiçi Şube Sayısı,,0.0,derived_zero_function_group_identity,SEKTOR = MEVDUAT + KATILIM + KALKINMA_VE_YATIRIM,Published sector total equals the sum of the three non-negative functional-group branch counts with zero residual.,30.0,28.0,,2.0,1,30.0,0.0,True,raw/2024-6_table06.json.gz,a3c84c081ce001efa99e54ff927f4167907cbd823457fc4e2df49ff24273a76c,raw/2024-6_table06_info.json,8ed6cf066a5e5c0babf1f5d17ff457dc2b5b968d13a66416de1ae9410135497c,https://www.bddk.org.tr/BultenFinturk/tr/Home/MetaveriPdfIndir?tabloNo=6
2024-06,2024-06-30,ÇORUM,10003,KALKINMA VE YATIRIM,SubeSayisi,Yurtiçi Şube Sayısı,,0.0,derived_zero_function_group_identity,SEKTOR = MEVDUAT + KATILIM + KALKINMA_VE_YATIRIM,Published sector total equals the sum of the three non-negative functional-group branch counts with zero residual.,62.0,56.0,,6.0,1,62.0,0.0,True,raw/2024-6_table06.json.gz,a3c84c081ce001efa99e54ff927f4167907cbd823457fc4e2df49ff24273a76c,raw/2024-6_table06_info.json,8ed6cf066a5e5c0babf1f5d17ff457dc2b5b968d13a66416de1ae9410135497c,https://www.bddk.org.tr/BultenFinturk/tr/Home/MetaveriPdfIndir?tabloNo=6
2024-06,2024-06-30,ŞANLIURFA,10003,KALKINMA VE YATIRIM,SubeSayisi,Yurtiçi Şube Sayısı,,0.0,derived_zero_function_group_identity,SEKTOR = MEVDUAT + KATILIM + KALKINMA_VE_YATIRIM,Published sector total equals the sum of the three non-negative functional-group branch counts with zero residual.,91.0,77.0,,14.0,1,91.0,0.0,True,raw/2024-6_table06.json.gz,a3c84c081ce001efa99e54ff927f4167907cbd823457fc4e2df49ff24273a76c,raw/2024-6_table06_info.json,8ed6cf066a5e5c0babf1f5d17ff457dc2b5b968d13a66416de1ae9410135497c,https://www.bddk.org.tr/BultenFinturk/tr/Home/MetaveriPdfIndir?tabloNo=6
2024-06,2024-06-30,ŞIRNAK,10003,KALKINMA VE YATIRIM,SubeSayisi,Yurtiçi Şube Sayısı,,0.0,derived_zero_function_group_identity,SEKTOR = MEVDUAT + KATILIM + KALKINMA_VE_YATIRIM,Published sector total equals the sum of the three non-negative functional-group branch counts with zero residual.,22.0,21.0,,1.0,1,22.0,0.0,True,raw/2024-6_table06.json.gz,a3c84c081ce001efa99e54ff927f4167907cbd823457fc4e2df49ff24273a76c,raw/2024-6_table06_info.json,8ed6cf066a5e5c0babf1f5d17ff457dc2b5b968d13a66416de1ae9410135497c,https://www.bddk.org.tr/BultenFinturk/tr/Home/MetaveriPdfIndir?tabloNo=6
2024-09,2024-09-30,ADIYAMAN,10003,KALKINMA VE YATIRIM,SubeSayisi,Yurtiçi Şube Sayısı,,0.0,derived_zero_function_group_identity,SEKTOR = MEVDUAT + KATILIM + KALKINMA_VE_YATIRIM,Published sector total equals the sum of the three non-negative functional-group branch counts with zero residual.,40.0,35.0,,5.0,1,40.0,0.0,True,raw/2024-9_table06.json.gz,db43dda172b094a99c3748a07a08eed85be87a06aaa54091eb998f9a90defc79,raw/2024-9_table06_info.json,8ae748aeb0691bab720f5887695e49053a9bdc29c46104199e22332b45769e5c,https://www.bddk.org.tr/BultenFinturk/tr/Home/MetaveriPdfIndir?tabloNo=6
2024-09,2024-09-30,AFYONKARAHİSAR,10003,KALKINMA VE YATIRIM,SubeSayisi,Yurtiçi Şube Sayısı,,0.0,derived_zero_function_group_identity,SEKTOR = MEVDUAT + KATILIM + KALKINMA_VE_YATIRIM,Published sector total equals the sum of the three non-negative functional-group branch counts with zero residual.,87.0,80.0,,7.0,1,87.0,0.0,True,raw/2024-9_table06.json.gz,db43dda172b094a99c3748a07a08eed85be87a06aaa54091eb998f9a90defc79,raw/2024-9_table06_info.json,8ae748aeb0691bab720f5887695e49053a9bdc29c46104199e22332b45769e5c,https://www.bddk.org.tr/BultenFinturk/tr/Home/MetaveriPdfIndir?tabloNo=6
2024-09,2024-09-30,AKSARAY,10003,KALKINMA VE YATIRIM,SubeSayisi,Yurtiçi Şube Sayısı,,0.0,derived_zero_function_group_identity,SEKTOR = MEVDUAT + KATILIM + KALKINMA_VE_YATIRIM,Published sector total equals the sum of the three non-negative functional-group branch counts with zero residual.,41.0,33.0,,8.0,1,41.0,0.0,True,raw/2024-9_table06.json.gz,db43dda172b094a99c3748a07a08eed85be87a06aaa54091eb998f9a90defc79,raw/2024-9_table06_info.json,8ae748aeb0691bab720f5887695e49053a9bdc29c46104199e22332b45769e5c,https://www.bddk.org.tr/BultenFinturk/tr/Home/MetaveriPdfIndir?tabloNo=6
2024-09,2024-09-30,AMASYA,10003,KALKINMA VE YATIRIM,SubeSayisi,Yurtiçi Şube Sayısı,,0.0,derived_zero_function_group_identity,SEKTOR = MEVDUAT + KATILIM + KALKINMA_VE_YATIRIM,Published sector total equals the sum of the three non-negative functional-group branch counts with zero residual.,40.0,36.0,,4.0,1,40.0,0.0,True,raw/2024-9_table06.json.gz,db43dda172b094a99c3748a07a08eed85be87a06aaa54091eb998f9a90defc79,raw/2024-9_table06_info.json,8ae748aeb0691bab720f5887695e49053a9bdc29c46104199e22332b45769e5c,https://www.bddk.org.tr/BultenFinturk/tr/Home/MetaveriPdfIndir?tabloNo=6
2024-09,2024-09-30,ARDAHAN,10003,KALKINMA VE YATIRIM,SubeSayisi,Yurtiçi Şube Sayısı,,0.0,derived_zero_function_group_identity,SEKTOR = MEVDUAT + KATILIM + KALKINMA_VE_YATIRIM,Published sector total equals the sum of the three non-negative functional-group branch counts with zero residual.,12.0,12.0,,,2,12.0,0.0,True,raw/2024-9_table06.json.gz,db43dda172b094a99c3748a07a08eed85be87a06aaa54091eb998f9a90defc79,raw/2024-9_table06_info.json,8ae748aeb0691bab720f5887695e49053a9bdc29c46104199e22332b45769e5c,https://www.bddk.org.tr/BultenFinturk/tr/Home/MetaveriPdfIndir?tabloNo=6
2024-09,2024-09-30,ARDAHAN,10004,KATILIM,SubeSayisi,Yurtiçi Şube Sayısı,,0.0,derived_zero_function_group_identity,SEKTOR = MEVDUAT + KATILIM + KALKINMA_VE_YATIRIM,Published sector total equals the sum of the three non-negative functional-group branch counts with zero residual.,12.0,12.0,,,2,12.0,0.0,True,raw/2024-9_table06.json.gz,db43dda172b094a99c3748a07a08eed85be87a06aaa54091eb998f9a90defc79,raw/2024-9_table06_info.json,8ae748aeb0691bab720f5887695e49053a9bdc29c46104199e22332b45769e5c,https://www.bddk.org.tr/BultenFinturk/tr/Home/MetaveriPdfIndir?tabloNo=6
2024-09,2024-09-30,ARTVİN,10003,KALKINMA VE YATIRIM,SubeSayisi,Yurtiçi Şube Sayısı,,0.0,derived_zero_function_group_identity,SEKTOR = MEVDUAT + KATILIM + KALKINMA_VE_YATIRIM,Published sector total equals the sum of the three non-negative functional-group branch counts with zero residual.,31.0,31.0,,,2,31.0,0.0,True,raw/2024-9_table06.json.gz,db43dda172b094a99c3748a07a08eed85be87a06aaa54091eb998f9a90defc79,raw/2024-9_table06_info.json,8ae748aeb0691bab720f5887695e49053a9bdc29c46104199e22332b45769e5c,https://www.bddk.org.tr/BultenFinturk/tr/Home/MetaveriPdfIndir?tabloNo=6
2024-09,2024-09-30,ARTVİN,10004,KATILIM,SubeSayisi,Yurtiçi Şube Sayısı,,0.0,derived_zero_function_group_identity,SEKTOR = MEVDUAT + KATILIM + KALKINMA_VE_YATIRIM,Published sector total equals the sum of the three non-negative functional-group branch counts with zero residual.,31.0,31.0,,,2,31.0,0.0,True,raw/2024-9_table06.json.gz,db43dda172b094a99c3748a07a08eed85be87a06aaa54091eb998f9a90defc79,raw/2024-9_table06_info.json,8ae748aeb0691bab720f5887695e49053a9bdc29c46104199e22332b45769e5c,https://www.bddk.org.tr/BultenFinturk/tr/Home/MetaveriPdfIndir?tabloNo=6
2024-09,2024-09-30,AĞRI,10003,KALKINMA VE YATIRIM,SubeSayisi,Yurtiçi Şube Sayısı,,0.0,derived_zero_function_group_identity,SEKTOR = MEVDUAT + KATILIM + KALKINMA_VE_YATIRIM,Published sector total equals the sum of the three non-negative functional-group branch counts with zero residual.,25.0,23.0,,2.0,1,25.0,0.0,True,raw/2024-9_table06.json.gz,db43dda172b094a99c3748a07a08eed85be87a06aaa54091eb998f9a90defc79,raw/2024-9_table06_info.json,8ae748aeb0691bab720f5887695e49053a9bdc29c46104199e22332b45769e5c,https://www.bddk.org.tr/BultenFinturk/tr/Home/MetaveriPdfIndir?tabloNo=6
2024-09,2024-09-30,BALIKESİR,10003,KALKINMA VE YATIRIM,SubeSayisi,Yurtiçi Şube Sayısı,,0.0,derived_zero_function_group_identity,SEKTOR = MEVDUAT + KATILIM + KALKINMA_VE_YATIRIM,Published sector total equals the sum of the three non-negative functional-group branch counts with zero residual.,157.0,144.0,,13.0,1,157.0,0.0,True,raw/2024-9_table06.json.gz,db43dda172b094a99c3748a07a08eed85be87a06aaa54091eb998f9a90defc79,raw/2024-9_table06_info.json,8ae748aeb0691bab720f5887695e49053a9bdc29c46104199e22332b45769e5c,https://www.bddk.org.tr/BultenFinturk/tr/Home/MetaveriPdfIndir?tabloNo=6
2024-09,2024-09-30,BARTIN,10003,KALKINMA VE YATIRIM,SubeSayisi,Yurtiçi Şube Sayısı,,0.0,derived_zero_function_group_identity,SEKTOR = MEVDUAT + KATILIM + KALKINMA_VE_YATIRIM,Published sector total equals the sum of the three non-negative functional-group branch counts with zero residual.,22.0,20.0,,2.0,1,22.0,0.0,True,raw/2024-9_table06.json.gz,db43dda172b094a99c3748a07a08eed85be87a06aaa54091eb998f9a90defc79,raw/2024-9_table06_info.json,8ae748aeb0691bab720f5887695e49053a9bdc29c46104199e22332b45769e5c,https://www.bddk.org.tr/BultenFinturk/tr/Home/MetaveriPdfIndir?tabloNo=6
2024-09,2024-09-30,BATMAN,10003,KALKINMA VE YATIRIM,SubeSayisi,Yurtiçi Şube Sayısı,,0.0,derived_zero_function_group_identity,SEKTOR = MEVDUAT + KATILIM + KALKINMA_VE_YATIRIM,Published sector total equals the sum of the three non-negative functional-group branch counts with zero residual.,32.0,25.0,,7.0,1,32.0,0.0,True,raw/2024-9_table06.json.gz,db43dda172b094a99c3748a07a08eed85be87a06aaa54091eb998f9a90defc79,raw/2024-9_table06_info.json,8ae748aeb0691bab720f5887695e49053a9bdc29c46104199e22332b45769e5c,https://www.bddk.org.tr/BultenFinturk/tr/Home/MetaveriPdfIndir?tabloNo=6
2024-09,2024-09-30,BAYBURT,10003,KALKINMA VE YATIRIM,SubeSayisi,Yurtiçi Şube Sayısı,,0.0,derived_zero_function_group_identity,SEKTOR = MEVDUAT + KATILIM + KALKINMA_VE_YATIRIM,Published sector total equals the sum of the three non-negative functional-group branch counts with zero residual.,10.0,9.0,,1.0,1,10.0,0.0,True,raw/2024-9_table06.json.gz,db43dda172b094a99c3748a07a08eed85be87a06aaa54091eb998f9a90defc79,raw/2024-9_table06_info.json,8ae748aeb0691bab720f5887695e49053a9bdc29c46104199e22332b45769e5c,https://www.bddk.org.tr/BultenFinturk/tr/Home/MetaveriPdfIndir?tabloNo=6
2024-09,2024-09-30,BOLU,10003,KALKINMA VE YATIRIM,SubeSayisi,Yurtiçi Şube Sayısı,,0.0,derived_zero_function_group_identity,SEKTOR = MEVDUAT + KATILIM + KALKINMA_VE_YATIRIM,Published sector total equals the sum of the three non-negative functional-group branch counts with zero residual.,37.0,32.0,,5.0,1,37.0,0.0,True,raw/2024-9_table06.json.gz,db43dda172b094a99c3748a07a08eed85be87a06aaa54091eb998f9a90defc79,raw/2024-9_table06_info.json,8ae748aeb0691bab720f5887695e49053a9bdc29c46104199e22332b45769e5c,https://www.bddk.org.tr/BultenFinturk/tr/Home/MetaveriPdfIndir?tabloNo=6
2024-09,2024-09-30,BURDUR,10003,KALKINMA VE YATIRIM,SubeSayisi,Yurtiçi Şube Sayısı,,0.0,derived_zero_function_group_identity,SEKTOR = MEVDUAT + KATILIM + KALKINMA_VE_YATIRIM,Published sector total equals the sum of the three non-negative functional-group branch counts with zero residual.,36.0,34.0,,2.0,1,36.0,0.0,True,raw/2024-9_table06.json.gz,db43dda172b094a99c3748a07a08eed85be87a06aaa54091eb998f9a90defc79,raw/2024-9_table06_info.json,8ae748aeb0691bab720f5887695e49053a9bdc29c46104199e22332b45769e5c,https://www.bddk.org.tr/BultenFinturk/tr/Home/MetaveriPdfIndir?tabloNo=6
2024-09,2024-09-30,BİLECİK,10003,KALKINMA VE YATIRIM,SubeSayisi,Yurtiçi Şube Sayısı,,0.0,derived_zero_function_group_identity,SEKTOR = MEVDUAT + KATILIM + KALKINMA_VE_YATIRIM,Published sector total equals the sum of the three non-negative functional-group branch counts with zero residual.,30.0,29.0,,1.0,1,30.0,0.0,True,raw/2024-9_table06.json.gz,db43dda172b094a99c3748a07a08eed85be87a06aaa54091eb998f9a90defc79,raw/2024-9_table06_info.json,8ae748aeb0691bab720f5887695e49053a9bdc29c46104199e22332b45769e5c,https://www.bddk.org.tr/BultenFinturk/tr/Home/MetaveriPdfIndir?tabloNo=6
2024-09,2024-09-30,BİNGÖL,10003,KALKINMA VE YATIRIM,SubeSayisi,Yurtiçi Şube Sayısı,,0.0,derived_zero_function_group_identity,SEKTOR = MEVDUAT + KATILIM + KALKINMA_VE_YATIRIM,Published sector total equals the sum of the three non-negative functional-group branch counts with zero residual.,18.0,15.0,,3.0,1,18.0,0.0,True,raw/2024-9_table06.json.gz,db43dda172b094a99c3748a07a08eed85be87a06aaa54091eb998f9a90defc79,raw/2024-9_table06_info.json,8ae748aeb0691bab720f5887695e49053a9bdc29c46104199e22332b45769e5c,https://www.bddk.org.tr/BultenFinturk/tr/Home/MetaveriPdfIndir?tabloNo=6
2024-09,2024-09-30,BİTLİS,10003,KALKINMA VE YATIRIM,SubeSayisi,Yurtiçi Şube Sayısı,,0.0,derived_zero_function_group_identity,SEKTOR = MEVDUAT + KATILIM + KALKINMA_VE_YATIRIM,Published sector total equals the sum of the three non-negative functional-group branch counts with zero residual.,21.0,20.0,,1.0,1,21.0,0.0,True,raw/2024-9_table06.json.gz,db43dda172b094a99c3748a07a08eed85be87a06aaa54091eb998f9a90defc79,raw/2024-9_table06_info.json,8ae748aeb0691bab720f5887695e49053a9bdc29c46104199e22332b45769e5c,https://www.bddk.org.tr/BultenFinturk/tr/Home/MetaveriPdfIndir?tabloNo=6
2024-09,2024-09-30,DÜZCE,10003,KALKINMA VE YATIRIM,SubeSayisi,Yurtiçi Şube Sayısı,,0.0,derived_zero_function_group_identity,SEKTOR = MEVDUAT + KATILIM + KALKINMA_VE_YATIRIM,Published sector total equals the sum of the three non-negative functional-group branch counts with zero residual.,36.0,29.0,,7.0,1,36.0,0.0,True,raw/2024-9_table06.json.gz,db43dda172b094a99c3748a07a08eed85be87a06aaa54091eb998f9a90defc79,raw/2024-9_table06_info.json,8ae748aeb0691bab720f5887695e49053a9bdc29c46104199e22332b45769e5c,https://www.bddk.org.tr/BultenFinturk/tr/Home/MetaveriPdfIndir?tabloNo=6
2024-09,2024-09-30,EDİRNE,10003,KALKINMA VE YATIRIM,SubeSayisi,Yurtiçi Şube Sayısı,,0.0,derived_zero_function_group_identity,SEKTOR = MEVDUAT + KATILIM + KALKINMA_VE_YATIRIM,Published sector total equals the sum of the three non-negative functional-group branch counts with zero residual.,56.0,53.0,,3.0,1,56.0,0.0,True,raw/2024-9_table06.json.gz,db43dda172b094a99c3748a07a08eed85be87a06aaa54091eb998f9a90defc79,raw/2024-9_table06_info.json,8ae748aeb0691bab720f5887695e49053a9bdc29c46104199e22332b45769e5c,https://www.bddk.org.tr/BultenFinturk/tr/Home/MetaveriPdfIndir?tabloNo=6
2024-09,2024-09-30,ERZİNCAN,10003,KALKINMA VE YATIRIM,SubeSayisi,Yurtiçi Şube Sayısı,,0.0,derived_zero_function_group_identity,SEKTOR = MEVDUAT + KATILIM + KALKINMA_VE_YATIRIM,Published sector total equals the sum of the three non-negative functional-group branch counts with zero residual.,29.0,24.0,,5.0,1,29.0,0.0,True,raw/2024-9_table06.json.gz,db43dda172b094a99c3748a07a08eed85be87a06aaa54091eb998f9a90defc79,raw/2024-9_table06_info.json,8ae748aeb0691bab720f5887695e49053a9bdc29c46104199e22332b45769e5c,https://www.bddk.org.tr/BultenFinturk/tr/Home/MetaveriPdfIndir?tabloNo=6
2024-09,2024-09-30,GÜMÜŞHANE,10003,KALKINMA VE YATIRIM,SubeSayisi,Yurtiçi Şube Sayısı,,0.0,derived_zero_function_group_identity,SEKTOR = MEVDUAT + KATILIM + KALKINMA_VE_YATIRIM,Published sector total equals the sum of the three non-negative functional-group branch counts with zero residual.,20.0,19.0,,1.0,1,20.0,0.0,True,raw/2024-9_table06.json.gz,db43dda172b094a99c3748a07a08eed85be87a06aaa54091eb998f9a90defc79,raw/2024-9_table06_info.json,8ae748aeb0691bab720f5887695e49053a9bdc29c46104199e22332b45769e5c,https://www.bddk.org.tr/BultenFinturk/tr/Home/MetaveriPdfIndir?tabloNo=6
2024-09,2024-09-30,GİRESUN,10003,KALKINMA VE YATIRIM,SubeSayisi,Yurtiçi Şube Sayısı,,0.0,derived_zero_function_group_identity,SEKTOR = MEVDUAT + KATILIM + KALKINMA_VE_YATIRIM,Published sector total equals the sum of the three non-negative functional-group branch counts with zero residual.,56.0,51.0,,5.0,1,56.0,0.0,True,raw/2024-9_table06.json.gz,db43dda172b094a99c3748a07a08eed85be87a06aaa54091eb998f9a90defc79,raw/2024-9_table06_info.json,8ae748aeb0691bab720f5887695e49053a9bdc29c46104199e22332b45769e5c,https://www.bddk.org.tr/BultenFinturk/tr/Home/MetaveriPdfIndir?tabloNo=6
2024-09,2024-09-30,HAKKARİ,10003,KALKINMA VE YATIRIM,SubeSayisi,Yurtiçi Şube Sayısı,,0.0,derived_zero_function_group_identity,SEKTOR = MEVDUAT + KATILIM + KALKINMA_VE_YATIRIM,Published sector total equals the sum of the three non-negative functional-group branch counts with zero residual.,15.0,15.0,,,2,15.0,0.0,True,raw/2024-9_table06.json.gz,db43dda172b094a99c3748a07a08eed85be87a06aaa54091eb998f9a90defc79,raw/2024-9_table06_info.json,8ae748aeb0691bab720f5887695e49053a9bdc29c46104199e22332b45769e5c,https://www.bddk.org.tr/BultenFinturk/tr/Home/MetaveriPdfIndir?tabloNo=6
2024-09,2024-09-30,HAKKARİ,10004,KATILIM,SubeSayisi,Yurtiçi Şube Sayısı,,0.0,derived_zero_function_group_identity,SEKTOR = MEVDUAT + KATILIM + KALKINMA_VE_YATIRIM,Published sector total equals the sum of the three non-negative functional-group branch counts with zero residual.,15.0,15.0,,,2,15.0,0.0,True,raw/2024-9_table06.json.gz,db43dda172b094a99c3748a07a08eed85be87a06aaa54091eb998f9a90defc79,raw/2024-9_table06_info.json,8ae748aeb0691bab720f5887695e49053a9bdc29c46104199e22332b45769e5c,https://www.bddk.org.tr/BultenFinturk/tr/Home/MetaveriPdfIndir?tabloNo=6
2024-09,2024-09-30,ISPARTA,10003,KALKINMA VE YATIRIM,SubeSayisi,Yurtiçi Şube Sayısı,,0.0,derived_zero_function_group_identity,SEKTOR = MEVDUAT + KATILIM + KALKINMA_VE_YATIRIM,Published sector total equals the sum of the three non-negative functional-group branch counts with zero residual.,56.0,49.0,,7.0,1,56.0,0.0,True,raw/2024-9_table06.json.gz,db43dda172b094a99c3748a07a08eed85be87a06aaa54091eb998f9a90defc79,raw/2024-9_table06_info.json,8ae748aeb0691bab720f5887695e49053a9bdc29c46104199e22332b45769e5c,https://www.bddk.org.tr/BultenFinturk/tr/Home/MetaveriPdfIndir?tabloNo=6
2024-09,2024-09-30,IĞDIR,10003,KALKINMA VE YATIRIM,SubeSayisi,Yurtiçi Şube Sayısı,,0.0,derived_zero_function_group_identity,SEKTOR = MEVDUAT + KATILIM + KALKINMA_VE_YATIRIM,Published sector total equals the sum of the three non-negative functional-group branch counts with zero residual.,16.0,14.0,,2.0,1,16.0,0.0,True,raw/2024-9_table06.json.gz,db43dda172b094a99c3748a07a08eed85be87a06aaa54091eb998f9a90defc79,raw/2024-9_table06_info.json,8ae748aeb0691bab720f5887695e49053a9bdc29c46104199e22332b45769e5c,https://www.bddk.org.tr/BultenFinturk/tr/Home/MetaveriPdfIndir?tabloNo=6
2024-09,2024-09-30,KARABÜK,10003,KALKINMA VE YATIRIM,SubeSayisi,Yurtiçi Şube Sayısı,,0.0,derived_zero_function_group_identity,SEKTOR = MEVDUAT + KATILIM + KALKINMA_VE_YATIRIM,Published sector total equals the sum of the three non-negative functional-group branch counts with zero residual.,31.0,25.0,,6.0,1,31.0,0.0,True,raw/2024-9_table06.json.gz,db43dda172b094a99c3748a07a08eed85be87a06aaa54091eb998f9a90defc79,raw/2024-9_table06_info.json,8ae748aeb0691bab720f5887695e49053a9bdc29c46104199e22332b45769e5c,https://www.bddk.org.tr/BultenFinturk/tr/Home/MetaveriPdfIndir?tabloNo=6
2024-09,2024-09-30,KARAMAN,10003,KALKINMA VE YATIRIM,SubeSayisi,Yurtiçi Şube Sayısı,,0.0,derived_zero_function_group_identity,SEKTOR = MEVDUAT + KATILIM + KALKINMA_VE_YATIRIM,Published sector total equals the sum of the three non-negative functional-group branch counts with zero residual.,27.0,21.0,,6.0,1,27.0,0.0,True,raw/2024-9_table06.json.gz,db43dda172b094a99c3748a07a08eed85be87a06aaa54091eb998f9a90defc79,raw/2024-9_table06_info.json,8ae748aeb0691bab720f5887695e49053a9bdc29c46104199e22332b45769e5c,https://www.bddk.org.tr/BultenFinturk/tr/Home/MetaveriPdfIndir?tabloNo=6
2024-09,2024-09-30,KARS,10003,KALKINMA VE YATIRIM,SubeSayisi,Yurtiçi Şube Sayısı,,0.0,derived_zero_function_group_identity,SEKTOR = MEVDUAT + KATILIM + KALKINMA_VE_YATIRIM,Published sector total equals the sum of the three non-negative functional-group branch counts with zero residual.,26.0,24.0,,2.0,1,26.0,0.0,True,raw/2024-9_table06.json.gz,db43dda172b094a99c3748a07a08eed85be87a06aaa54091eb998f9a90defc79,raw/2024-9_table06_info.json,8ae748aeb0691bab720f5887695e49053a9bdc29c46104199e22332b45769e5c,https://www.bddk.org.tr/BultenFinturk/tr/Home/MetaveriPdfIndir?tabloNo=6
2024-09,2024-09-30,KIRIKKALE,10003,KALKINMA VE YATIRIM,SubeSayisi,Yurtiçi Şube Sayısı,,0.0,derived_zero_function_group_identity,SEKTOR = MEVDUAT + KATILIM + KALKINMA_VE_YATIRIM,Published sector total equals the sum of the three non-negative functional-group branch counts with zero residual.,28.0,25.0,,3.0,1,28.0,0.0,True,raw/2024-9_table06.json.gz,db43dda172b094a99c3748a07a08eed85be87a06aaa54091eb998f9a90defc79,raw/2024-9_table06_info.json,8ae748aeb0691bab720f5887695e49053a9bdc29c46104199e22332b45769e5c,https://www.bddk.org.tr/BultenFinturk/tr/Home/MetaveriPdfIndir?tabloNo=6
2024-09,2024-09-30,KIRKLARELİ,10003,KALKINMA VE YATIRIM,SubeSayisi,Yurtiçi Şube Sayısı,,0.0,derived_zero_function_group_identity,SEKTOR = MEVDUAT + KATILIM + KALKINMA_VE_YATIRIM,Published sector total equals the sum of the three non-negative functional-group branch counts with zero residual.,45.0,44.0,,1.0,1,45.0,0.0,True,raw/2024-9_table06.json.gz,db43dda172b094a99c3748a07a08eed85be87a06aaa54091eb998f9a90defc79,raw/2024-9_table06_info.json,8ae748aeb0691bab720f5887695e49053a9bdc29c46104199e22332b45769e5c,https://www.bddk.org.tr/BultenFinturk/tr/Home/MetaveriPdfIndir?tabloNo=6
2024-09,2024-09-30,KIRŞEHİR,10003,KALKINMA VE YATIRIM,SubeSayisi,Yurtiçi Şube Sayısı,,0.0,derived_zero_function_group_identity,SEKTOR = MEVDUAT + KATILIM + KALKINMA_VE_YATIRIM,Published sector total equals the sum of the three non-negative functional-group branch counts with zero residual.,27.0,24.0,,3.0,1,27.0,0.0,True,raw/2024-9_table06.json.gz,db43dda172b094a99c3748a07a08eed85be87a06aaa54091eb998f9a90defc79,raw/2024-9_table06_info.json,8ae748aeb0691bab720f5887695e49053a9bdc29c46104199e22332b45769e5c,https://www.bddk.org.tr/BultenFinturk/tr/Home/MetaveriPdfIndir?tabloNo=6
2024-09,2024-09-30,KÜTAHYA,10003,KALKINMA VE YATIRIM,SubeSayisi,Yurtiçi Şube Sayısı,,0.0,derived_zero_function_group_identity,SEKTOR = MEVDUAT + KATILIM + KALKINMA_VE_YATIRIM,Published sector total equals the sum of the three non-negative functional-group branch counts with zero residual.,54.0,47.0,,7.0,1,54.0,0.0,True,raw/2024-9_table06.json.gz,db43dda172b094a99c3748a07a08eed85be87a06aaa54091eb998f9a90defc79,raw/2024-9_table06_info.json,8ae748aeb0691bab720f5887695e49053a9bdc29c46104199e22332b45769e5c,https://www.bddk.org.tr/BultenFinturk/tr/Home/MetaveriPdfIndir?tabloNo=6
2024-09,2024-09-30,KİLİS,10003,KALKINMA VE YATIRIM,SubeSayisi,Yurtiçi Şube Sayısı,,0.0,derived_zero_function_group_identity,SEKTOR = MEVDUAT + KATILIM + KALKINMA_VE_YATIRIM,Published sector total equals the sum of the three non-negative functional-group branch counts with zero residual.,10.0,9.0,,1.0,1,10.0,0.0,True,raw/2024-9_table06.json.gz,db43dda172b094a99c3748a07a08eed85be87a06aaa54091eb998f9a90defc79,raw/2024-9_table06_info.json,8ae748aeb0691bab720f5887695e49053a9bdc29c46104199e22332b45769e5c,https://www.bddk.org.tr/BultenFinturk/tr/Home/MetaveriPdfIndir?tabloNo=6
2024-09,2024-09-30,MALATYA,10003,KALKINMA VE YATIRIM,SubeSayisi,Yurtiçi Şube Sayısı,,0.0,derived_zero_function_group_identity,SEKTOR = MEVDUAT + KATILIM + KALKINMA_VE_YATIRIM,Published sector total equals the sum of the three non-negative functional-group branch counts with zero residual.,63.0,54.0,,9.0,1,63.0,0.0,True,raw/2024-9_table06.json.gz,db43dda172b094a99c3748a07a08eed85be87a06aaa54091eb998f9a90defc79,raw/2024-9_table06_info.json,8ae748aeb0691bab720f5887695e49053a9bdc29c46104199e22332b45769e5c,https://www.bddk.org.tr/BultenFinturk/tr/Home/MetaveriPdfIndir?tabloNo=6
2024-09,2024-09-30,MARDİN,10003,KALKINMA VE YATIRIM,SubeSayisi,Yurtiçi Şube Sayısı,,0.0,derived_zero_function_group_identity,SEKTOR = MEVDUAT + KATILIM + KALKINMA_VE_YATIRIM,Published sector total equals the sum of the three non-negative functional-group branch counts with zero residual.,48.0,42.0,,6.0,1,48.0,0.0,True,raw/2024-9_table06.json.gz,db43dda172b094a99c3748a07a08eed85be87a06aaa54091eb998f9a90defc79,raw/2024-9_table06_info.json,8ae748aeb0691bab720f5887695e49053a9bdc29c46104199e22332b45769e5c,https://www.bddk.org.tr/BultenFinturk/tr/Home/MetaveriPdfIndir?tabloNo=6
2024-09,2024-09-30,MUŞ,10003,KALKINMA VE YATIRIM,SubeSayisi,Yurtiçi Şube Sayısı,,0.0,derived_zero_function_group_identity,SEKTOR = MEVDUAT + KATILIM + KALKINMA_VE_YATIRIM,Published sector total equals the sum of the three non-negative functional-group branch counts with zero residual.,20.0,17.0,,3.0,1,20.0,0.0,True,raw/2024-9_table06.json.gz,db43dda172b094a99c3748a07a08eed85be87a06aaa54091eb998f9a90defc79,raw/2024-9_table06_info.json,8ae748aeb0691bab720f5887695e49053a9bdc29c46104199e22332b45769e5c,https://www.bddk.org.tr/BultenFinturk/tr/Home/MetaveriPdfIndir?tabloNo=6
2024-09,2024-09-30,NEVŞEHİR,10003,KALKINMA VE YATIRIM,SubeSayisi,Yurtiçi Şube Sayısı,,0.0,derived_zero_function_group_identity,SEKTOR = MEVDUAT + KATILIM + KALKINMA_VE_YATIRIM,Published sector total equals the sum of the three non-negative functional-group branch counts with zero residual.,43.0,37.0,,6.0,1,43.0,0.0,True,raw/2024-9_table06.json.gz,db43dda172b094a99c3748a07a08eed85be87a06aaa54091eb998f9a90defc79,raw/2024-9_table06_info.json,8ae748aeb0691bab720f5887695e49053a9bdc29c46104199e22332b45769e5c,https://www.bddk.org.tr/BultenFinturk/tr/Home/MetaveriPdfIndir?tabloNo=6
2024-09,2024-09-30,NİĞDE,10003,KALKINMA VE YATIRIM,SubeSayisi,Yurtiçi Şube Sayısı,,0.0,derived_zero_function_group_identity,SEKTOR = MEVDUAT + KATILIM + KALKINMA_VE_YATIRIM,Published sector total equals the sum of the three non-negative functional-group branch counts with zero residual.,30.0,26.0,,4.0,1,30.0,0.0,True,raw/2024-9_table06.json.gz,db43dda172b094a99c3748a07a08eed85be87a06aaa54091eb998f9a90defc79,raw/2024-9_table06_info.json,8ae748aeb0691bab720f5887695e49053a9bdc29c46104199e22332b45769e5c,https://www.bddk.org.tr/BultenFinturk/tr/Home/MetaveriPdfIndir?tabloNo=6
2024-09,2024-09-30,ORDU,10003,KALKINMA VE YATIRIM,SubeSayisi,Yurtiçi Şube Sayısı,,0.0,derived_zero_function_group_identity,SEKTOR = MEVDUAT + KATILIM + KALKINMA_VE_YATIRIM,Published sector total equals the sum of the three non-negative functional-group branch counts with zero residual.,74.0,67.0,,7.0,1,74.0,0.0,True,raw/2024-9_table06.json.gz,db43dda172b094a99c3748a07a08eed85be87a06aaa54091eb998f9a90defc79,raw/2024-9_table06_info.json,8ae748aeb0691bab720f5887695e49053a9bdc29c46104199e22332b45769e5c,https://www.bddk.org.tr/BultenFinturk/tr/Home/MetaveriPdfIndir?tabloNo=6
2024-09,2024-09-30,OSMANİYE,10003,KALKINMA VE YATIRIM,SubeSayisi,Yurtiçi Şube Sayısı,,0.0,derived_zero_function_group_identity,SEKTOR = MEVDUAT + KATILIM + KALKINMA_VE_YATIRIM,Published sector total equals the sum of the three non-negative functional-group branch counts with zero residual.,39.0,33.0,,6.0,1,39.0,0.0,True,raw/2024-9_table06.json.gz,db43dda172b094a99c3748a07a08eed85be87a06aaa54091eb998f9a90defc79,raw/2024-9_table06_info.json,8ae748aeb0691bab720f5887695e49053a9bdc29c46104199e22332b45769e5c,https://www.bddk.org.tr/BultenFinturk/tr/Home/MetaveriPdfIndir?tabloNo=6
2024-09,2024-09-30,RİZE,10003,KALKINMA VE YATIRIM,SubeSayisi,Yurtiçi Şube Sayısı,,0.0,derived_zero_function_group_identity,SEKTOR = MEVDUAT + KATILIM + KALKINMA_VE_YATIRIM,Published sector total equals the sum of the three non-negative functional-group branch counts with zero residual.,49.0,43.0,,6.0,1,49.0,0.0,True,raw/2024-9_table06.json.gz,db43dda172b094a99c3748a07a08eed85be87a06aaa54091eb998f9a90defc79,raw/2024-9_table06_info.json,8ae748aeb0691bab720f5887695e49053a9bdc29c46104199e22332b45769e5c,https://www.bddk.org.tr/BultenFinturk/tr/Home/MetaveriPdfIndir?tabloNo=6
2024-09,2024-09-30,SAKARYA,10003,KALKINMA VE YATIRIM,SubeSayisi,Yurtiçi Şube Sayısı,,0.0,derived_zero_function_group_identity,SEKTOR = MEVDUAT + KATILIM + KALKINMA_VE_YATIRIM,Published sector total equals the sum of the three non-negative functional-group branch counts with zero residual.,115.0,102.0,,13.0,1,115.0,0.0,True,raw/2024-9_table06.json.gz,db43dda172b094a99c3748a07a08eed85be87a06aaa54091eb998f9a90defc79,raw/2024-9_table06_info.json,8ae748aeb0691bab720f5887695e49053a9bdc29c46104199e22332b45769e5c,https://www.bddk.org.tr/BultenFinturk/tr/Home/MetaveriPdfIndir?tabloNo=6
2024-09,2024-09-30,SİNOP,10003,KALKINMA VE YATIRIM,SubeSayisi,Yurtiçi Şube Sayısı,,0.0,derived_zero_function_group_identity,SEKTOR = MEVDUAT + KATILIM + KALKINMA_VE_YATIRIM,Published sector total equals the sum of the three non-negative functional-group branch counts with zero residual.,30.0,30.0,,,2,30.0,0.0,True,raw/2024-9_table06.json.gz,db43dda172b094a99c3748a07a08eed85be87a06aaa54091eb998f9a90defc79,raw/2024-9_table06_info.json,8ae748aeb0691bab720f5887695e49053a9bdc29c46104199e22332b45769e5c,https://www.bddk.org.tr/BultenFinturk/tr/Home/MetaveriPdfIndir?tabloNo=6
2024-09,2024-09-30,SİNOP,10004,KATILIM,SubeSayisi,Yurtiçi Şube Sayısı,,0.0,derived_zero_function_group_identity,SEKTOR = MEVDUAT + KATILIM + KALKINMA_VE_YATIRIM,Published sector total equals the sum of the three non-negative functional-group branch counts with zero residual.,30.0,30.0,,,2,30.0,0.0,True,raw/2024-9_table06.json.gz,db43dda172b094a99c3748a07a08eed85be87a06aaa54091eb998f9a90defc79,raw/2024-9_table06_info.json,8ae748aeb0691bab720f5887695e49053a9bdc29c46104199e22332b45769e5c,https://www.bddk.org.tr/BultenFinturk/tr/Home/MetaveriPdfIndir?tabloNo=6
2024-09,2024-09-30,SİİRT,10003,KALKINMA VE YATIRIM,SubeSayisi,Yurtiçi Şube Sayısı,,0.0,derived_zero_function_group_identity,SEKTOR = MEVDUAT + KATILIM + KALKINMA_VE_YATIRIM,Published sector total equals the sum of the three non-negative functional-group branch counts with zero residual.,21.0,16.0,,5.0,1,21.0,0.0,True,raw/2024-9_table06.json.gz,db43dda172b094a99c3748a07a08eed85be87a06aaa54091eb998f9a90defc79,raw/2024-9_table06_info.json,8ae748aeb0691bab720f5887695e49053a9bdc29c46104199e22332b45769e5c,https://www.bddk.org.tr/BultenFinturk/tr/Home/MetaveriPdfIndir?tabloNo=6
2024-09,2024-09-30,TOKAT,10003,KALKINMA VE YATIRIM,SubeSayisi,Yurtiçi Şube Sayısı,,0.0,derived_zero_function_group_identity,SEKTOR = MEVDUAT + KATILIM + KALKINMA_VE_YATIRIM,Published sector total equals the sum of the three non-negative functional-group branch counts with zero residual.,58.0,52.0,,6.0,1,58.0,0.0,True,raw/2024-9_table06.json.gz,db43dda172b094a99c3748a07a08eed85be87a06aaa54091eb998f9a90defc79,raw/2024-9_table06_info.json,8ae748aeb0691bab720f5887695e49053a9bdc29c46104199e22332b45769e5c,https://www.bddk.org.tr/BultenFinturk/tr/Home/MetaveriPdfIndir?tabloNo=6
2024-09,2024-09-30,TUNCELİ,10003,KALKINMA VE YATIRIM,SubeSayisi,Yurtiçi Şube Sayısı,,0.0,derived_zero_function_group_identity,SEKTOR = MEVDUAT + KATILIM + KALKINMA_VE_YATIRIM,Published sector total equals the sum of the three non-negative functional-group branch counts with zero residual.,13.0,13.0,,,2,13.0,0.0,True,raw/2024-9_table06.json.gz,db43dda172b094a99c3748a07a08eed85be87a06aaa54091eb998f9a90defc79,raw/2024-9_table06_info.json,8ae748aeb0691bab720f5887695e49053a9bdc29c46104199e22332b45769e5c,https://www.bddk.org.tr/BultenFinturk/tr/Home/MetaveriPdfIndir?tabloNo=6
2024-09,2024-09-30,TUNCELİ,10004,KATILIM,SubeSayisi,Yurtiçi Şube Sayısı,,0.0,derived_zero_function_group_identity,SEKTOR = MEVDUAT + KATILIM + KALKINMA_VE_YATIRIM,Published sector total equals the sum of the three non-negative functional-group branch counts with zero residual.,13.0,13.0,,,2,13.0,0.0,True,raw/2024-9_table06.json.gz,db43dda172b094a99c3748a07a08eed85be87a06aaa54091eb998f9a90defc79,raw/2024-9_table06_info.json,8ae748aeb0691bab720f5887695e49053a9bdc29c46104199e22332b45769e5c,https://www.bddk.org.tr/BultenFinturk/tr/Home/MetaveriPdfIndir?tabloNo=6
2024-09,2024-09-30,UŞAK,10003,KALKINMA VE YATIRIM,SubeSayisi,Yurtiçi Şube Sayısı,,0.0,derived_zero_function_group_identity,SEKTOR = MEVDUAT + KATILIM + KALKINMA_VE_YATIRIM,Published sector total equals the sum of the three non-negative functional-group branch counts with zero residual.,44.0,39.0,,5.0,1,44.0,0.0,True,raw/2024-9_table06.json.gz,db43dda172b094a99c3748a07a08eed85be87a06aaa54091eb998f9a90defc79,raw/2024-9_table06_info.json,8ae748aeb0691bab720f5887695e49053a9bdc29c46104199e22332b45769e5c,https://www.bddk.org.tr/BultenFinturk/tr/Home/MetaveriPdfIndir?tabloNo=6
2024-09,2024-09-30,YALOVA,10003,KALKINMA VE YATIRIM,SubeSayisi,Yurtiçi Şube Sayısı,,0.0,derived_zero_function_group_identity,SEKTOR = MEVDUAT + KATILIM + KALKINMA_VE_YATIRIM,Published sector total equals the sum of the three non-negative functional-group branch counts with zero residual.,29.0,23.0,,6.0,1,29.0,0.0,True,raw/2024-9_table06.json.gz,db43dda172b094a99c3748a07a08eed85be87a06aaa54091eb998f9a90defc79,raw/2024-9_table06_info.json,8ae748aeb0691bab720f5887695e49053a9bdc29c46104199e22332b45769e5c,https://www.bddk.org.tr/BultenFinturk/tr/Home/MetaveriPdfIndir?tabloNo=6
2024-09,2024-09-30,YOZGAT,10003,KALKINMA VE YATIRIM,SubeSayisi,Yurtiçi Şube Sayısı,,0.0,derived_zero_function_group_identity,SEKTOR = MEVDUAT + KATILIM + KALKINMA_VE_YATIRIM,Published sector total equals the sum of the three non-negative functional-group branch counts with zero residual.,50.0,47.0,,3.0,1,50.0,0.0,True,raw/2024-9_table06.json.gz,db43dda172b094a99c3748a07a08eed85be87a06aaa54091eb998f9a90defc79,raw/2024-9_table06_info.json,8ae748aeb0691bab720f5887695e49053a9bdc29c46104199e22332b45769e5c,https://www.bddk.org.tr/BultenFinturk/tr/Home/MetaveriPdfIndir?tabloNo=6
2024-09,2024-09-30,ZONGULDAK,10003,KALKINMA VE YATIRIM,SubeSayisi,Yurtiçi Şube Sayısı,,0.0,derived_zero_function_group_identity,SEKTOR = MEVDUAT + KATILIM + KALKINMA_VE_YATIRIM,Published sector total equals the sum of the three non-negative functional-group branch counts with zero residual.,63.0,59.0,,4.0,1,63.0,0.0,True,raw/2024-9_table06.json.gz,db43dda172b094a99c3748a07a08eed85be87a06aaa54091eb998f9a90defc79,raw/2024-9_table06_info.json,8ae748aeb0691bab720f5887695e49053a9bdc29c46104199e22332b45769e5c,https://www.bddk.org.tr/BultenFinturk/tr/Home/MetaveriPdfIndir?tabloNo=6
2024-09,2024-09-30,ÇANAKKALE,10003,KALKINMA VE YATIRIM,SubeSayisi,Yurtiçi Şube Sayısı,,0.0,derived_zero_function_group_identity,SEKTOR = MEVDUAT + KATILIM + KALKINMA_VE_YATIRIM,Published sector total equals the sum of the three non-negative functional-group branch counts with zero residual.,79.0,74.0,,5.0,1,79.0,0.0,True,raw/2024-9_table06.json.gz,db43dda172b094a99c3748a07a08eed85be87a06aaa54091eb998f9a90defc79,raw/2024-9_table06_info.json,8ae748aeb0691bab720f5887695e49053a9bdc29c46104199e22332b45769e5c,https://www.bddk.org.tr/BultenFinturk/tr/Home/MetaveriPdfIndir?tabloNo=6
2024-09,2024-09-30,ÇANKIRI,10003,KALKINMA VE YATIRIM,SubeSayisi,Yurtiçi Şube Sayısı,,0.0,derived_zero_function_group_identity,SEKTOR = MEVDUAT + KATILIM + KALKINMA_VE_YATIRIM,Published sector total equals the sum of the three non-negative functional-group branch counts with zero residual.,30.0,28.0,,2.0,1,30.0,0.0,True,raw/2024-9_table06.json.gz,db43dda172b094a99c3748a07a08eed85be87a06aaa54091eb998f9a90defc79,raw/2024-9_table06_info.json,8ae748aeb0691bab720f5887695e49053a9bdc29c46104199e22332b45769e5c,https://www.bddk.org.tr/BultenFinturk/tr/Home/MetaveriPdfIndir?tabloNo=6
2024-09,2024-09-30,ÇORUM,10003,KALKINMA VE YATIRIM,SubeSayisi,Yurtiçi Şube Sayısı,,0.0,derived_zero_function_group_identity,SEKTOR = MEVDUAT + KATILIM + KALKINMA_VE_YATIRIM,Published sector total equals the sum of the three non-negative functional-group branch counts with zero residual.,61.0,55.0,,6.0,1,61.0,0.0,True,raw/2024-9_table06.json.gz,db43dda172b094a99c3748a07a08eed85be87a06aaa54091eb998f9a90defc79,raw/2024-9_table06_info.json,8ae748aeb0691bab720f5887695e49053a9bdc29c46104199e22332b45769e5c,https://www.bddk.org.tr/BultenFinturk/tr/Home/MetaveriPdfIndir?tabloNo=6
2024-09,2024-09-30,ŞANLIURFA,10003,KALKINMA VE YATIRIM,SubeSayisi,Yurtiçi Şube Sayısı,,0.0,derived_zero_function_group_identity,SEKTOR = MEVDUAT + KATILIM + KALKINMA_VE_YATIRIM,Published sector total equals the sum of the three non-negative functional-group branch counts with zero residual.,91.0,77.0,,14.0,1,91.0,0.0,True,raw/2024-9_table06.json.gz,db43dda172b094a99c3748a07a08eed85be87a06aaa54091eb998f9a90defc79,raw/2024-9_table06_info.json,8ae748aeb0691bab720f5887695e49053a9bdc29c46104199e22332b45769e5c,https://www.bddk.org.tr/BultenFinturk/tr/Home/MetaveriPdfIndir?tabloNo=6
2024-09,2024-09-30,ŞIRNAK,10003,KALKINMA VE YATIRIM,SubeSayisi,Yurtiçi Şube Sayısı,,0.0,derived_zero_function_group_identity,SEKTOR = MEVDUAT + KATILIM + KALKINMA_VE_YATIRIM,Published sector total equals the sum of the three non-negative functional-group branch counts with zero residual.,22.0,21.0,,1.0,1,22.0,0.0,True,raw/2024-9_table06.json.gz,db43dda172b094a99c3748a07a08eed85be87a06aaa54091eb998f9a90defc79,raw/2024-9_table06_info.json,8ae748aeb0691bab720f5887695e49053a9bdc29c46104199e22332b45769e5c,https://www.bddk.org.tr/BultenFinturk/tr/Home/MetaveriPdfIndir?tabloNo=6
2024-12,2024-12-31,ADIYAMAN,10003,KALKINMA VE YATIRIM,SubeSayisi,Yurtiçi Şube Sayısı,,0.0,derived_zero_function_group_identity,SEKTOR = MEVDUAT + KATILIM + KALKINMA_VE_YATIRIM,Published sector total equals the sum of the three non-negative functional-group branch counts with zero residual.,39.0,34.0,,5.0,1,39.0,0.0,True,raw/2024-12_table06.json.gz,5fddc4db73ac2db8dfe6d3bce64c94af0b3440e33366632f3a9a1bf0a76f5fb6,raw/2024-12_table06_info.json,83d7f0b381572514a426041edc9adcda0a9d418be62e466e3e09884c964c124a,https://www.bddk.org.tr/BultenFinturk/tr/Home/MetaveriPdfIndir?tabloNo=6
2024-12,2024-12-31,AFYONKARAHİSAR,10003,KALKINMA VE YATIRIM,SubeSayisi,Yurtiçi Şube Sayısı,,0.0,derived_zero_function_group_identity,SEKTOR = MEVDUAT + KATILIM + KALKINMA_VE_YATIRIM,Published sector total equals the sum of the three non-negative functional-group branch counts with zero residual.,86.0,79.0,,7.0,1,86.0,0.0,True,raw/2024-12_table06.json.gz,5fddc4db73ac2db8dfe6d3bce64c94af0b3440e33366632f3a9a1bf0a76f5fb6,raw/2024-12_table06_info.json,83d7f0b381572514a426041edc9adcda0a9d418be62e466e3e09884c964c124a,https://www.bddk.org.tr/BultenFinturk/tr/Home/MetaveriPdfIndir?tabloNo=6
2024-12,2024-12-31,AKSARAY,10003,KALKINMA VE YATIRIM,SubeSayisi,Yurtiçi Şube Sayısı,,0.0,derived_zero_function_group_identity,SEKTOR = MEVDUAT + KATILIM + KALKINMA_VE_YATIRIM,Published sector total equals the sum of the three non-negative functional-group branch counts with zero residual.,41.0,33.0,,8.0,1,41.0,0.0,True,raw/2024-12_table06.json.gz,5fddc4db73ac2db8dfe6d3bce64c94af0b3440e33366632f3a9a1bf0a76f5fb6,raw/2024-12_table06_info.json,83d7f0b381572514a426041edc9adcda0a9d418be62e466e3e09884c964c124a,https://www.bddk.org.tr/BultenFinturk/tr/Home/MetaveriPdfIndir?tabloNo=6
2024-12,2024-12-31,AMASYA,10003,KALKINMA VE YATIRIM,SubeSayisi,Yurtiçi Şube Sayısı,,0.0,derived_zero_function_group_identity,SEKTOR = MEVDUAT + KATILIM + KALKINMA_VE_YATIRIM,Published sector total equals the sum of the three non-negative functional-group branch counts with zero residual.,40.0,36.0,,4.0,1,40.0,0.0,True,raw/2024-12_table06.json.gz,5fddc4db73ac2db8dfe6d3bce64c94af0b3440e33366632f3a9a1bf0a76f5fb6,raw/2024-12_table06_info.json,83d7f0b381572514a426041edc9adcda0a9d418be62e466e3e09884c964c124a,https://www.bddk.org.tr/BultenFinturk/tr/Home/MetaveriPdfIndir?tabloNo=6
2024-12,2024-12-31,ARDAHAN,10003,KALKINMA VE YATIRIM,SubeSayisi,Yurtiçi Şube Sayısı,,0.0,derived_zero_function_group_identity,SEKTOR = MEVDUAT + KATILIM + KALKINMA_VE_YATIRIM,Published sector total equals the sum of the three non-negative functional-group branch counts with zero residual.,12.0,12.0,,,2,12.0,0.0,True,raw/2024-12_table06.json.gz,5fddc4db73ac2db8dfe6d3bce64c94af0b3440e33366632f3a9a1bf0a76f5fb6,raw/2024-12_table06_info.json,83d7f0b381572514a426041edc9adcda0a9d418be62e466e3e09884c964c124a,https://www.bddk.org.tr/BultenFinturk/tr/Home/MetaveriPdfIndir?tabloNo=6
2024-12,2024-12-31,ARDAHAN,10004,KATILIM,SubeSayisi,Yurtiçi Şube Sayısı,,0.0,derived_zero_function_group_identity,SEKTOR = MEVDUAT + KATILIM + KALKINMA_VE_YATIRIM,Published sector total equals the sum of the three non-negative functional-group branch counts with zero residual.,12.0,12.0,,,2,12.0,0.0,True,raw/2024-12_table06.json.gz,5fddc4db73ac2db8dfe6d3bce64c94af0b3440e33366632f3a9a1bf0a76f5fb6,raw/2024-12_table06_info.json,83d7f0b381572514a426041edc9adcda0a9d418be62e466e3e09884c964c124a,https://www.bddk.org.tr/BultenFinturk/tr/Home/MetaveriPdfIndir?tabloNo=6
2024-12,2024-12-31,ARTVİN,10003,KALKINMA VE YATIRIM,SubeSayisi,Yurtiçi Şube Sayısı,,0.0,derived_zero_function_group_identity,SEKTOR = MEVDUAT + KATILIM + KALKINMA_VE_YATIRIM,Published sector total equals the sum of the three non-negative functional-group branch counts with zero residual.,30.0,30.0,,,2,30.0,0.0,True,raw/2024-12_table06.json.gz,5fddc4db73ac2db8dfe6d3bce64c94af0b3440e33366632f3a9a1bf0a76f5fb6,raw/2024-12_table06_info.json,83d7f0b381572514a426041edc9adcda0a9d418be62e466e3e09884c964c124a,https://www.bddk.org.tr/BultenFinturk/tr/Home/MetaveriPdfIndir?tabloNo=6
2024-12,2024-12-31,ARTVİN,10004,KATILIM,SubeSayisi,Yurtiçi Şube Sayısı,,0.0,derived_zero_function_group_identity,SEKTOR = MEVDUAT + KATILIM + KALKINMA_VE_YATIRIM,Published sector total equals the sum of the three non-negative functional-group branch counts with zero residual.,30.0,30.0,,,2,30.0,0.0,True,raw/2024-12_table06.json.gz,5fddc4db73ac2db8dfe6d3bce64c94af0b3440e33366632f3a9a1bf0a76f5fb6,raw/2024-12_table06_info.json,83d7f0b381572514a426041edc9adcda0a9d418be62e466e3e09884c964c124a,https://www.bddk.org.tr/BultenFinturk/tr/Home/MetaveriPdfIndir?tabloNo=6
2024-12,2024-12-31,AĞRI,10003,KALKINMA VE YATIRIM,SubeSayisi,Yurtiçi Şube Sayısı,,0.0,derived_zero_function_group_identity,SEKTOR = MEVDUAT + KATILIM + KALKINMA_VE_YATIRIM,Published sector total equals the sum of the three non-negative functional-group branch counts with zero residual.,25.0,23.0,,2.0,1,25.0,0.0,True,raw/2024-12_table06.json.gz,5fddc4db73ac2db8dfe6d3bce64c94af0b3440e33366632f3a9a1bf0a76f5fb6,raw/2024-12_table06_info.json,83d7f0b381572514a426041edc9adcda0a9d418be62e466e3e09884c964c124a,https://www.bddk.org.tr/BultenFinturk/tr/Home/MetaveriPdfIndir?tabloNo=6
2024-12,2024-12-31,BALIKESİR,10003,KALKINMA VE YATIRIM,SubeSayisi,Yurtiçi Şube Sayısı,,0.0,derived_zero_function_group_identity,SEKTOR = MEVDUAT + KATILIM + KALKINMA_VE_YATIRIM,Published sector total equals the sum of the three non-negative functional-group branch counts with zero residual.,156.0,142.0,,14.0,1,156.0,0.0,True,raw/2024-12_table06.json.gz,5fddc4db73ac2db8dfe6d3bce64c94af0b3440e33366632f3a9a1bf0a76f5fb6,raw/2024-12_table06_info.json,83d7f0b381572514a426041edc9adcda0a9d418be62e466e3e09884c964c124a,https://www.bddk.org.tr/BultenFinturk/tr/Home/MetaveriPdfIndir?tabloNo=6
2024-12,2024-12-31,BARTIN,10003,KALKINMA VE YATIRIM,SubeSayisi,Yurtiçi Şube Sayısı,,0.0,derived_zero_function_group_identity,SEKTOR = MEVDUAT + KATILIM + KALKINMA_VE_YATIRIM,Published sector total equals the sum of the three non-negative functional-group branch counts with zero residual.,22.0,20.0,,2.0,1,22.0,0.0,True,raw/2024-12_table06.json.gz,5fddc4db73ac2db8dfe6d3bce64c94af0b3440e33366632f3a9a1bf0a76f5fb6,raw/2024-12_table06_info.json,83d7f0b381572514a426041edc9adcda0a9d418be62e466e3e09884c964c124a,https://www.bddk.org.tr/BultenFinturk/tr/Home/MetaveriPdfIndir?tabloNo=6
2024-12,2024-12-31,BATMAN,10003,KALKINMA VE YATIRIM,SubeSayisi,Yurtiçi Şube Sayısı,,0.0,derived_zero_function_group_identity,SEKTOR = MEVDUAT + KATILIM + KALKINMA_VE_YATIRIM,Published sector total equals the sum of the three non-negative functional-group branch counts with zero residual.,32.0,25.0,,7.0,1,32.0,0.0,True,raw/2024-12_table06.json.gz,5fddc4db73ac2db8dfe6d3bce64c94af0b3440e33366632f3a9a1bf0a76f5fb6,raw/2024-12_table06_info.json,83d7f0b381572514a426041edc9adcda0a9d418be62e466e3e09884c964c124a,https://www.bddk.org.tr/BultenFinturk/tr/Home/MetaveriPdfIndir?tabloNo=6
2024-12,2024-12-31,BAYBURT,10003,KALKINMA VE YATIRIM,SubeSayisi,Yurtiçi Şube Sayısı,,0.0,derived_zero_function_group_identity,SEKTOR = MEVDUAT + KATILIM + KALKINMA_VE_YATIRIM,Published sector total equals the sum of the three non-negative functional-group branch counts with zero residual.,10.0,9.0,,1.0,1,10.0,0.0,True,raw/2024-12_table06.json.gz,5fddc4db73ac2db8dfe6d3bce64c94af0b3440e33366632f3a9a1bf0a76f5fb6,raw/2024-12_table06_info.json,83d7f0b381572514a426041edc9adcda0a9d418be62e466e3e09884c964c124a,https://www.bddk.org.tr/BultenFinturk/tr/Home/MetaveriPdfIndir?tabloNo=6
2024-12,2024-12-31,BOLU,10003,KALKINMA VE YATIRIM,SubeSayisi,Yurtiçi Şube Sayısı,,0.0,derived_zero_function_group_identity,SEKTOR = MEVDUAT + KATILIM + KALKINMA_VE_YATIRIM,Published sector total equals the sum of the three non-negative functional-group branch counts with zero residual.,37.0,32.0,,5.0,1,37.0,0.0,True,raw/2024-12_table06.json.gz,5fddc4db73ac2db8dfe6d3bce64c94af0b3440e33366632f3a9a1bf0a76f5fb6,raw/2024-12_table06_info.json,83d7f0b381572514a426041edc9adcda0a9d418be62e466e3e09884c964c124a,https://www.bddk.org.tr/BultenFinturk/tr/Home/MetaveriPdfIndir?tabloNo=6
2024-12,2024-12-31,BURDUR,10003,KALKINMA VE YATIRIM,SubeSayisi,Yurtiçi Şube Sayısı,,0.0,derived_zero_function_group_identity,SEKTOR = MEVDUAT + KATILIM + KALKINMA_VE_YATIRIM,Published sector total equals the sum of the three non-negative functional-group branch counts with zero residual.,36.0,34.0,,2.0,1,36.0,0.0,True,raw/2024-12_table06.json.gz,5fddc4db73ac2db8dfe6d3bce64c94af0b3440e33366632f3a9a1bf0a76f5fb6,raw/2024-12_table06_info.json,83d7f0b381572514a426041edc9adcda0a9d418be62e466e3e09884c964c124a,https://www.bddk.org.tr/BultenFinturk/tr/Home/MetaveriPdfIndir?tabloNo=6
2024-12,2024-12-31,BİLECİK,10003,KALKINMA VE YATIRIM,SubeSayisi,Yurtiçi Şube Sayısı,,0.0,derived_zero_function_group_identity,SEKTOR = MEVDUAT + KATILIM + KALKINMA_VE_YATIRIM,Published sector total equals the sum of the three non-negative functional-group branch counts with zero residual.,30.0,29.0,,1.0,1,30.0,0.0,True,raw/2024-12_table06.json.gz,5fddc4db73ac2db8dfe6d3bce64c94af0b3440e33366632f3a9a1bf0a76f5fb6,raw/2024-12_table06_info.json,83d7f0b381572514a426041edc9adcda0a9d418be62e466e3e09884c964c124a,https://www.bddk.org.tr/BultenFinturk/tr/Home/MetaveriPdfIndir?tabloNo=6
2024-12,2024-12-31,BİNGÖL,10003,KALKINMA VE YATIRIM,SubeSayisi,Yurtiçi Şube Sayısı,,0.0,derived_zero_function_group_identity,SEKTOR = MEVDUAT + KATILIM + KALKINMA_VE_YATIRIM,Published sector total equals the sum of the three non-negative functional-group branch counts with zero residual.,18.0,15.0,,3.0,1,18.0,0.0,True,raw/2024-12_table06.json.gz,5fddc4db73ac2db8dfe6d3bce64c94af0b3440e33366632f3a9a1bf0a76f5fb6,raw/2024-12_table06_info.json,83d7f0b381572514a426041edc9adcda0a9d418be62e466e3e09884c964c124a,https://www.bddk.org.tr/BultenFinturk/tr/Home/MetaveriPdfIndir?tabloNo=6
2024-12,2024-12-31,BİTLİS,10003,KALKINMA VE YATIRIM,SubeSayisi,Yurtiçi Şube Sayısı,,0.0,derived_zero_function_group_identity,SEKTOR = MEVDUAT + KATILIM + KALKINMA_VE_YATIRIM,Published sector total equals the sum of the three non-negative functional-group branch counts with zero residual.,21.0,20.0,,1.0,1,21.0,0.0,True,raw/2024-12_table06.json.gz,5fddc4db73ac2db8dfe6d3bce64c94af0b3440e33366632f3a9a1bf0a76f5fb6,raw/2024-12_table06_info.json,83d7f0b381572514a426041edc9adcda0a9d418be62e466e3e09884c964c124a,https://www.bddk.org.tr/BultenFinturk/tr/Home/MetaveriPdfIndir?tabloNo=6
2024-12,2024-12-31,DÜZCE,10003,KALKINMA VE YATIRIM,SubeSayisi,Yurtiçi Şube Sayısı,,0.0,derived_zero_function_group_identity,SEKTOR = MEVDUAT + KATILIM + KALKINMA_VE_YATIRIM,Published sector total equals the sum of the three non-negative functional-group branch counts with zero residual.,36.0,29.0,,7.0,1,36.0,0.0,True,raw/2024-12_table06.json.gz,5fddc4db73ac2db8dfe6d3bce64c94af0b3440e33366632f3a9a1bf0a76f5fb6,raw/2024-12_table06_info.json,83d7f0b381572514a426041edc9adcda0a9d418be62e466e3e09884c964c124a,https://www.bddk.org.tr/BultenFinturk/tr/Home/MetaveriPdfIndir?tabloNo=6
2024-12,2024-12-31,EDİRNE,10003,KALKINMA VE YATIRIM,SubeSayisi,Yurtiçi Şube Sayısı,,0.0,derived_zero_function_group_identity,SEKTOR = MEVDUAT + KATILIM + KALKINMA_VE_YATIRIM,Published sector total equals the sum of the three non-negative functional-group branch counts with zero residual.,55.0,52.0,,3.0,1,55.0,0.0,True,raw/2024-12_table06.json.gz,5fddc4db73ac2db8dfe6d3bce64c94af0b3440e33366632f3a9a1bf0a76f5fb6,raw/2024-12_table06_info.json,83d7f0b381572514a426041edc9adcda0a9d418be62e466e3e09884c964c124a,https://www.bddk.org.tr/BultenFinturk/tr/Home/MetaveriPdfIndir?tabloNo=6
2024-12,2024-12-31,ERZİNCAN,10003,KALKINMA VE YATIRIM,SubeSayisi,Yurtiçi Şube Sayısı,,0.0,derived_zero_function_group_identity,SEKTOR = MEVDUAT + KATILIM + KALKINMA_VE_YATIRIM,Published sector total equals the sum of the three non-negative functional-group branch counts with zero residual.,29.0,24.0,,5.0,1,29.0,0.0,True,raw/2024-12_table06.json.gz,5fddc4db73ac2db8dfe6d3bce64c94af0b3440e33366632f3a9a1bf0a76f5fb6,raw/2024-12_table06_info.json,83d7f0b381572514a426041edc9adcda0a9d418be62e466e3e09884c964c124a,https://www.bddk.org.tr/BultenFinturk/tr/Home/MetaveriPdfIndir?tabloNo=6
2024-12,2024-12-31,GÜMÜŞHANE,10003,KALKINMA VE YATIRIM,SubeSayisi,Yurtiçi Şube Sayısı,,0.0,derived_zero_function_group_identity,SEKTOR = MEVDUAT + KATILIM + KALKINMA_VE_YATIRIM,Published sector total equals the sum of the three non-negative functional-group branch counts with zero residual.,20.0,19.0,,1.0,1,20.0,0.0,True,raw/2024-12_table06.json.gz,5fddc4db73ac2db8dfe6d3bce64c94af0b3440e33366632f3a9a1bf0a76f5fb6,raw/2024-12_table06_info.json,83d7f0b381572514a426041edc9adcda0a9d418be62e466e3e09884c964c124a,https://www.bddk.org.tr/BultenFinturk/tr/Home/MetaveriPdfIndir?tabloNo=6
2024-12,2024-12-31,GİRESUN,10003,KALKINMA VE YATIRIM,SubeSayisi,Yurtiçi Şube Sayısı,,0.0,derived_zero_function_group_identity,SEKTOR = MEVDUAT + KATILIM + KALKINMA_VE_YATIRIM,Published sector total equals the sum of the three non-negative functional-group branch counts with zero residual.,55.0,50.0,,5.0,1,55.0,0.0,True,raw/2024-12_table06.json.gz,5fddc4db73ac2db8dfe6d3bce64c94af0b3440e33366632f3a9a1bf0a76f5fb6,raw/2024-12_table06_info.json,83d7f0b381572514a426041edc9adcda0a9d418be62e466e3e09884c964c124a,https://www.bddk.org.tr/BultenFinturk/tr/Home/MetaveriPdfIndir?tabloNo=6
2024-12,2024-12-31,HAKKARİ,10003,KALKINMA VE YATIRIM,SubeSayisi,Yurtiçi Şube Sayısı,,0.0,derived_zero_function_group_identity,SEKTOR = MEVDUAT + KATILIM + KALKINMA_VE_YATIRIM,Published sector total equals the sum of the three non-negative functional-group branch counts with zero residual.,15.0,15.0,,,2,15.0,0.0,True,raw/2024-12_table06.json.gz,5fddc4db73ac2db8dfe6d3bce64c94af0b3440e33366632f3a9a1bf0a76f5fb6,raw/2024-12_table06_info.json,83d7f0b381572514a426041edc9adcda0a9d418be62e466e3e09884c964c124a,https://www.bddk.org.tr/BultenFinturk/tr/Home/MetaveriPdfIndir?tabloNo=6
2024-12,2024-12-31,HAKKARİ,10004,KATILIM,SubeSayisi,Yurtiçi Şube Sayısı,,0.0,derived_zero_function_group_identity,SEKTOR = MEVDUAT + KATILIM + KALKINMA_VE_YATIRIM,Published sector total equals the sum of the three non-negative functional-group branch counts with zero residual.,15.0,15.0,,,2,15.0,0.0,True,raw/2024-12_table06.json.gz,5fddc4db73ac2db8dfe6d3bce64c94af0b3440e33366632f3a9a1bf0a76f5fb6,raw/2024-12_table06_info.json,83d7f0b381572514a426041edc9adcda0a9d418be62e466e3e09884c964c124a,https://www.bddk.org.tr/BultenFinturk/tr/Home/MetaveriPdfIndir?tabloNo=6
2024-12,2024-12-31,ISPARTA,10003,KALKINMA VE YATIRIM,SubeSayisi,Yurtiçi Şube Sayısı,,0.0,derived_zero_function_group_identity,SEKTOR = MEVDUAT + KATILIM + KALKINMA_VE_YATIRIM,Published sector total equals the sum of the three non-negative functional-group branch counts with zero residual.,53.0,46.0,,7.0,1,53.0,0.0,True,raw/2024-12_table06.json.gz,5fddc4db73ac2db8dfe6d3bce64c94af0b3440e33366632f3a9a1bf0a76f5fb6,raw/2024-12_table06_info.json,83d7f0b381572514a426041edc9adcda0a9d418be62e466e3e09884c964c124a,https://www.bddk.org.tr/BultenFinturk/tr/Home/MetaveriPdfIndir?tabloNo=6
2024-12,2024-12-31,IĞDIR,10003,KALKINMA VE YATIRIM,SubeSayisi,Yurtiçi Şube Sayısı,,0.0,derived_zero_function_group_identity,SEKTOR = MEVDUAT + KATILIM + KALKINMA_VE_YATIRIM,Published sector total equals the sum of the three non-negative functional-group branch counts with zero residual.,16.0,14.0,,2.0,1,16.0,0.0,True,raw/2024-12_table06.json.gz,5fddc4db73ac2db8dfe6d3bce64c94af0b3440e33366632f3a9a1bf0a76f5fb6,raw/2024-12_table06_info.json,83d7f0b381572514a426041edc9adcda0a9d418be62e466e3e09884c964c124a,https://www.bddk.org.tr/BultenFinturk/tr/Home/MetaveriPdfIndir?tabloNo=6
2024-12,2024-12-31,KARABÜK,10003,KALKINMA VE YATIRIM,SubeSayisi,Yurtiçi Şube Sayısı,,0.0,derived_zero_function_group_identity,SEKTOR = MEVDUAT + KATILIM + KALKINMA_VE_YATIRIM,Published sector total equals the sum of the three non-negative functional-group branch counts with zero residual.,31.0,25.0,,6.0,1,31.0,0.0,True,raw/2024-12_table06.json.gz,5fddc4db73ac2db8dfe6d3bce64c94af0b3440e33366632f3a9a1bf0a76f5fb6,raw/2024-12_table06_info.json,83d7f0b381572514a426041edc9adcda0a9d418be62e466e3e09884c964c124a,https://www.bddk.org.tr/BultenFinturk/tr/Home/MetaveriPdfIndir?tabloNo=6
2024-12,2024-12-31,KARAMAN,10003,KALKINMA VE YATIRIM,SubeSayisi,Yurtiçi Şube Sayısı,,0.0,derived_zero_function_group_identity,SEKTOR = MEVDUAT + KATILIM + KALKINMA_VE_YATIRIM,Published sector total equals the sum of the three non-negative functional-group branch counts with zero residual.,27.0,21.0,,6.0,1,27.0,0.0,True,raw/2024-12_table06.json.gz,5fddc4db73ac2db8dfe6d3bce64c94af0b3440e33366632f3a9a1bf0a76f5fb6,raw/2024-12_table06_info.json,83d7f0b381572514a426041edc9adcda0a9d418be62e466e3e09884c964c124a,https://www.bddk.org.tr/BultenFinturk/tr/Home/MetaveriPdfIndir?tabloNo=6
2024-12,2024-12-31,KARS,10003,KALKINMA VE YATIRIM,SubeSayisi,Yurtiçi Şube Sayısı,,0.0,derived_zero_function_group_identity,SEKTOR = MEVDUAT + KATILIM + KALKINMA_VE_YATIRIM,Published sector total equals the sum of the three non-negative functional-group branch counts with zero residual.,26.0,24.0,,2.0,1,26.0,0.0,True,raw/2024-12_table06.json.gz,5fddc4db73ac2db8dfe6d3bce64c94af0b3440e33366632f3a9a1bf0a76f5fb6,raw/2024-12_table06_info.json,83d7f0b381572514a426041edc9adcda0a9d418be62e466e3e09884c964c124a,https://www.bddk.org.tr/BultenFinturk/tr/Home/MetaveriPdfIndir?tabloNo=6
2024-12,2024-12-31,KIRIKKALE,10003,KALKINMA VE YATIRIM,SubeSayisi,Yurtiçi Şube Sayısı,,0.0,derived_zero_function_group_identity,SEKTOR = MEVDUAT + KATILIM + KALKINMA_VE_YATIRIM,Published sector total equals the sum of the three non-negative functional-group branch counts with zero residual.,28.0,25.0,,3.0,1,28.0,0.0,True,raw/2024-12_table06.json.gz,5fddc4db73ac2db8dfe6d3bce64c94af0b3440e33366632f3a9a1bf0a76f5fb6,raw/2024-12_table06_info.json,83d7f0b381572514a426041edc9adcda0a9d418be62e466e3e09884c964c124a,https://www.bddk.org.tr/BultenFinturk/tr/Home/MetaveriPdfIndir?tabloNo=6
2024-12,2024-12-31,KIRKLARELİ,10003,KALKINMA VE YATIRIM,SubeSayisi,Yurtiçi Şube Sayısı,,0.0,derived_zero_function_group_identity,SEKTOR = MEVDUAT + KATILIM + KALKINMA_VE_YATIRIM,Published sector total equals the sum of the three non-negative functional-group branch counts with zero residual.,44.0,43.0,,1.0,1,44.0,0.0,True,raw/2024-12_table06.json.gz,5fddc4db73ac2db8dfe6d3bce64c94af0b3440e33366632f3a9a1bf0a76f5fb6,raw/2024-12_table06_info.json,83d7f0b381572514a426041edc9adcda0a9d418be62e466e3e09884c964c124a,https://www.bddk.org.tr/BultenFinturk/tr/Home/MetaveriPdfIndir?tabloNo=6
2024-12,2024-12-31,KIRŞEHİR,10003,KALKINMA VE YATIRIM,SubeSayisi,Yurtiçi Şube Sayısı,,0.0,derived_zero_function_group_identity,SEKTOR = MEVDUAT + KATILIM + KALKINMA_VE_YATIRIM,Published sector total equals the sum of the three non-negative functional-group branch counts with zero residual.,27.0,24.0,,3.0,1,27.0,0.0,True,raw/2024-12_table06.json.gz,5fddc4db73ac2db8dfe6d3bce64c94af0b3440e33366632f3a9a1bf0a76f5fb6,raw/2024-12_table06_info.json,83d7f0b381572514a426041edc9adcda0a9d418be62e466e3e09884c964c124a,https://www.bddk.org.tr/BultenFinturk/tr/Home/MetaveriPdfIndir?tabloNo=6
2024-12,2024-12-31,KÜTAHYA,10003,KALKINMA VE YATIRIM,SubeSayisi,Yurtiçi Şube Sayısı,,0.0,derived_zero_function_group_identity,SEKTOR = MEVDUAT + KATILIM + KALKINMA_VE_YATIRIM,Published sector total equals the sum of the three non-negative functional-group branch counts with zero residual.,53.0,46.0,,7.0,1,53.0,0.0,True,raw/2024-12_table06.json.gz,5fddc4db73ac2db8dfe6d3bce64c94af0b3440e33366632f3a9a1bf0a76f5fb6,raw/2024-12_table06_info.json,83d7f0b381572514a426041edc9adcda0a9d418be62e466e3e09884c964c124a,https://www.bddk.org.tr/BultenFinturk/tr/Home/MetaveriPdfIndir?tabloNo=6
2024-12,2024-12-31,KİLİS,10003,KALKINMA VE YATIRIM,SubeSayisi,Yurtiçi Şube Sayısı,,0.0,derived_zero_function_group_identity,SEKTOR = MEVDUAT + KATILIM + KALKINMA_VE_YATIRIM,Published sector total equals the sum of the three non-negative functional-group branch counts with zero residual.,10.0,9.0,,1.0,1,10.0,0.0,True,raw/2024-12_table06.json.gz,5fddc4db73ac2db8dfe6d3bce64c94af0b3440e33366632f3a9a1bf0a76f5fb6,raw/2024-12_table06_info.json,83d7f0b381572514a426041edc9adcda0a9d418be62e466e3e09884c964c124a,https://www.bddk.org.tr/BultenFinturk/tr/Home/MetaveriPdfIndir?tabloNo=6
2024-12,2024-12-31,MALATYA,10003,KALKINMA VE YATIRIM,SubeSayisi,Yurtiçi Şube Sayısı,,0.0,derived_zero_function_group_identity,SEKTOR = MEVDUAT + KATILIM + KALKINMA_VE_YATIRIM,Published sector total equals the sum of the three non-negative functional-group branch counts with zero residual.,62.0,53.0,,9.0,1,62.0,0.0,True,raw/2024-12_table06.json.gz,5fddc4db73ac2db8dfe6d3bce64c94af0b3440e33366632f3a9a1bf0a76f5fb6,raw/2024-12_table06_info.json,83d7f0b381572514a426041edc9adcda0a9d418be62e466e3e09884c964c124a,https://www.bddk.org.tr/BultenFinturk/tr/Home/MetaveriPdfIndir?tabloNo=6
2024-12,2024-12-31,MARDİN,10003,KALKINMA VE YATIRIM,SubeSayisi,Yurtiçi Şube Sayısı,,0.0,derived_zero_function_group_identity,SEKTOR = MEVDUAT + KATILIM + KALKINMA_VE_YATIRIM,Published sector total equals the sum of the three non-negative functional-group branch counts with zero residual.,48.0,42.0,,6.0,1,48.0,0.0,True,raw/2024-12_table06.json.gz,5fddc4db73ac2db8dfe6d3bce64c94af0b3440e33366632f3a9a1bf0a76f5fb6,raw/2024-12_table06_info.json,83d7f0b381572514a426041edc9adcda0a9d418be62e466e3e09884c964c124a,https://www.bddk.org.tr/BultenFinturk/tr/Home/MetaveriPdfIndir?tabloNo=6
2024-12,2024-12-31,MUŞ,10003,KALKINMA VE YATIRIM,SubeSayisi,Yurtiçi Şube Sayısı,,0.0,derived_zero_function_group_identity,SEKTOR = MEVDUAT + KATILIM + KALKINMA_VE_YATIRIM,Published sector total equals the sum of the three non-negative functional-group branch counts with zero residual.,20.0,17.0,,3.0,1,20.0,0.0,True,raw/2024-12_table06.json.gz,5fddc4db73ac2db8dfe6d3bce64c94af0b3440e33366632f3a9a1bf0a76f5fb6,raw/2024-12_table06_info.json,83d7f0b381572514a426041edc9adcda0a9d418be62e466e3e09884c964c124a,https://www.bddk.org.tr/BultenFinturk/tr/Home/MetaveriPdfIndir?tabloNo=6
2024-12,2024-12-31,NEVŞEHİR,10003,KALKINMA VE YATIRIM,SubeSayisi,Yurtiçi Şube Sayısı,,0.0,derived_zero_function_group_identity,SEKTOR = MEVDUAT + KATILIM + KALKINMA_VE_YATIRIM,Published sector total equals the sum of the three non-negative functional-group branch counts with zero residual.,43.0,37.0,,6.0,1,43.0,0.0,True,raw/2024-12_table06.json.gz,5fddc4db73ac2db8dfe6d3bce64c94af0b3440e33366632f3a9a1bf0a76f5fb6,raw/2024-12_table06_info.json,83d7f0b381572514a426041edc9adcda0a9d418be62e466e3e09884c964c124a,https://www.bddk.org.tr/BultenFinturk/tr/Home/MetaveriPdfIndir?tabloNo=6
2024-12,2024-12-31,NİĞDE,10003,KALKINMA VE YATIRIM,SubeSayisi,Yurtiçi Şube Sayısı,,0.0,derived_zero_function_group_identity,SEKTOR = MEVDUAT + KATILIM + KALKINMA_VE_YATIRIM,Published sector total equals the sum of the three non-negative functional-group branch counts with zero residual.,30.0,26.0,,4.0,1,30.0,0.0,True,raw/2024-12_table06.json.gz,5fddc4db73ac2db8dfe6d3bce64c94af0b3440e33366632f3a9a1bf0a76f5fb6,raw/2024-12_table06_info.json,83d7f0b381572514a426041edc9adcda0a9d418be62e466e3e09884c964c124a,https://www.bddk.org.tr/BultenFinturk/tr/Home/MetaveriPdfIndir?tabloNo=6
2024-12,2024-12-31,ORDU,10003,KALKINMA VE YATIRIM,SubeSayisi,Yurtiçi Şube Sayısı,,0.0,derived_zero_function_group_identity,SEKTOR = MEVDUAT + KATILIM + KALKINMA_VE_YATIRIM,Published sector total equals the sum of the three non-negative functional-group branch counts with zero residual.,74.0,67.0,,7.0,1,74.0,0.0,True,raw/2024-12_table06.json.gz,5fddc4db73ac2db8dfe6d3bce64c94af0b3440e33366632f3a9a1bf0a76f5fb6,raw/2024-12_table06_info.json,83d7f0b381572514a426041edc9adcda0a9d418be62e466e3e09884c964c124a,https://www.bddk.org.tr/BultenFinturk/tr/Home/MetaveriPdfIndir?tabloNo=6
2024-12,2024-12-31,OSMANİYE,10003,KALKINMA VE YATIRIM,SubeSayisi,Yurtiçi Şube Sayısı,,0.0,derived_zero_function_group_identity,SEKTOR = MEVDUAT + KATILIM + KALKINMA_VE_YATIRIM,Published sector total equals the sum of the three non-negative functional-group branch counts with zero residual.,39.0,33.0,,6.0,1,39.0,0.0,True,raw/2024-12_table06.json.gz,5fddc4db73ac2db8dfe6d3bce64c94af0b3440e33366632f3a9a1bf0a76f5fb6,raw/2024-12_table06_info.json,83d7f0b381572514a426041edc9adcda0a9d418be62e466e3e09884c964c124a,https://www.bddk.org.tr/BultenFinturk/tr/Home/MetaveriPdfIndir?tabloNo=6
2024-12,2024-12-31,RİZE,10003,KALKINMA VE YATIRIM,SubeSayisi,Yurtiçi Şube Sayısı,,0.0,derived_zero_function_group_identity,SEKTOR = MEVDUAT + KATILIM + KALKINMA_VE_YATIRIM,Published sector total equals the sum of the three non-negative functional-group branch counts with zero residual.,48.0,42.0,,6.0,1,48.0,0.0,True,raw/2024-12_table06.json.gz,5fddc4db73ac2db8dfe6d3bce64c94af0b3440e33366632f3a9a1bf0a76f5fb6,raw/2024-12_table06_info.json,83d7f0b381572514a426041edc9adcda0a9d418be62e466e3e09884c964c124a,https://www.bddk.org.tr/BultenFinturk/tr/Home/MetaveriPdfIndir?tabloNo=6
2024-12,2024-12-31,SAKARYA,10003,KALKINMA VE YATIRIM,SubeSayisi,Yurtiçi Şube Sayısı,,0.0,derived_zero_function_group_identity,SEKTOR = MEVDUAT + KATILIM + KALKINMA_VE_YATIRIM,Published sector total equals the sum of the three non-negative functional-group branch counts with zero residual.,113.0,100.0,,13.0,1,113.0,0.0,True,raw/2024-12_table06.json.gz,5fddc4db73ac2db8dfe6d3bce64c94af0b3440e33366632f3a9a1bf0a76f5fb6,raw/2024-12_table06_info.json,83d7f0b381572514a426041edc9adcda0a9d418be62e466e3e09884c964c124a,https://www.bddk.org.tr/BultenFinturk/tr/Home/MetaveriPdfIndir?tabloNo=6
2024-12,2024-12-31,SİNOP,10003,KALKINMA VE YATIRIM,SubeSayisi,Yurtiçi Şube Sayısı,,0.0,derived_zero_function_group_identity,SEKTOR = MEVDUAT + KATILIM + KALKINMA_VE_YATIRIM,Published sector total equals the sum of the three non-negative functional-group branch counts with zero residual.,30.0,30.0,,,2,30.0,0.0,True,raw/2024-12_table06.json.gz,5fddc4db73ac2db8dfe6d3bce64c94af0b3440e33366632f3a9a1bf0a76f5fb6,raw/2024-12_table06_info.json,83d7f0b381572514a426041edc9adcda0a9d418be62e466e3e09884c964c124a,https://www.bddk.org.tr/BultenFinturk/tr/Home/MetaveriPdfIndir?tabloNo=6
2024-12,2024-12-31,SİNOP,10004,KATILIM,SubeSayisi,Yurtiçi Şube Sayısı,,0.0,derived_zero_function_group_identity,SEKTOR = MEVDUAT + KATILIM + KALKINMA_VE_YATIRIM,Published sector total equals the sum of the three non-negative functional-group branch counts with zero residual.,30.0,30.0,,,2,30.0,0.0,True,raw/2024-12_table06.json.gz,5fddc4db73ac2db8dfe6d3bce64c94af0b3440e33366632f3a9a1bf0a76f5fb6,raw/2024-12_table06_info.json,83d7f0b381572514a426041edc9adcda0a9d418be62e466e3e09884c964c124a,https://www.bddk.org.tr/BultenFinturk/tr/Home/MetaveriPdfIndir?tabloNo=6
2024-12,2024-12-31,SİİRT,10003,KALKINMA VE YATIRIM,SubeSayisi,Yurtiçi Şube Sayısı,,0.0,derived_zero_function_group_identity,SEKTOR = MEVDUAT + KATILIM + KALKINMA_VE_YATIRIM,Published sector total equals the sum of the three non-negative functional-group branch counts with zero residual.,21.0,16.0,,5.0,1,21.0,0.0,True,raw/2024-12_table06.json.gz,5fddc4db73ac2db8dfe6d3bce64c94af0b3440e33366632f3a9a1bf0a76f5fb6,raw/2024-12_table06_info.json,83d7f0b381572514a426041edc9adcda0a9d418be62e466e3e09884c964c124a,https://www.bddk.org.tr/BultenFinturk/tr/Home/MetaveriPdfIndir?tabloNo=6
2024-12,2024-12-31,TOKAT,10003,KALKINMA VE YATIRIM,SubeSayisi,Yurtiçi Şube Sayısı,,0.0,derived_zero_function_group_identity,SEKTOR = MEVDUAT + KATILIM + KALKINMA_VE_YATIRIM,Published sector total equals the sum of the three non-negative functional-group branch counts with zero residual.,58.0,52.0,,6.0,1,58.0,0.0,True,raw/2024-12_table06.json.gz,5fddc4db73ac2db8dfe6d3bce64c94af0b3440e33366632f3a9a1bf0a76f5fb6,raw/2024-12_table06_info.json,83d7f0b381572514a426041edc9adcda0a9d418be62e466e3e09884c964c124a,https://www.bddk.org.tr/BultenFinturk/tr/Home/MetaveriPdfIndir?tabloNo=6
2024-12,2024-12-31,TUNCELİ,10003,KALKINMA VE YATIRIM,SubeSayisi,Yurtiçi Şube Sayısı,,0.0,derived_zero_function_group_identity,SEKTOR = MEVDUAT + KATILIM + KALKINMA_VE_YATIRIM,Published sector total equals the sum of the three non-negative functional-group branch counts with zero residual.,13.0,13.0,,,2,13.0,0.0,True,raw/2024-12_table06.json.gz,5fddc4db73ac2db8dfe6d3bce64c94af0b3440e33366632f3a9a1bf0a76f5fb6,raw/2024-12_table06_info.json,83d7f0b381572514a426041edc9adcda0a9d418be62e466e3e09884c964c124a,https://www.bddk.org.tr/BultenFinturk/tr/Home/MetaveriPdfIndir?tabloNo=6
2024-12,2024-12-31,TUNCELİ,10004,KATILIM,SubeSayisi,Yurtiçi Şube Sayısı,,0.0,derived_zero_function_group_identity,SEKTOR = MEVDUAT + KATILIM + KALKINMA_VE_YATIRIM,Published sector total equals the sum of the three non-negative functional-group branch counts with zero residual.,13.0,13.0,,,2,13.0,0.0,True,raw/2024-12_table06.json.gz,5fddc4db73ac2db8dfe6d3bce64c94af0b3440e33366632f3a9a1bf0a76f5fb6,raw/2024-12_table06_info.json,83d7f0b381572514a426041edc9adcda0a9d418be62e466e3e09884c964c124a,https://www.bddk.org.tr/BultenFinturk/tr/Home/MetaveriPdfIndir?tabloNo=6
2024-12,2024-12-31,UŞAK,10003,KALKINMA VE YATIRIM,SubeSayisi,Yurtiçi Şube Sayısı,,0.0,derived_zero_function_group_identity,SEKTOR = MEVDUAT + KATILIM + KALKINMA_VE_YATIRIM,Published sector total equals the sum of the three non-negative functional-group branch counts with zero residual.,44.0,39.0,,5.0,1,44.0,0.0,True,raw/2024-12_table06.json.gz,5fddc4db73ac2db8dfe6d3bce64c94af0b3440e33366632f3a9a1bf0a76f5fb6,raw/2024-12_table06_info.json,83d7f0b381572514a426041edc9adcda0a9d418be62e466e3e09884c964c124a,https://www.bddk.org.tr/BultenFinturk/tr/Home/MetaveriPdfIndir?tabloNo=6
2024-12,2024-12-31,YALOVA,10003,KALKINMA VE YATIRIM,SubeSayisi,Yurtiçi Şube Sayısı,,0.0,derived_zero_function_group_identity,SEKTOR = MEVDUAT + KATILIM + KALKINMA_VE_YATIRIM,Published sector total equals the sum of the three non-negative functional-group branch counts with zero residual.,29.0,23.0,,6.0,1,29.0,0.0,True,raw/2024-12_table06.json.gz,5fddc4db73ac2db8dfe6d3bce64c94af0b3440e33366632f3a9a1bf0a76f5fb6,raw/2024-12_table06_info.json,83d7f0b381572514a426041edc9adcda0a9d418be62e466e3e09884c964c124a,https://www.bddk.org.tr/BultenFinturk/tr/Home/MetaveriPdfIndir?tabloNo=6
2024-12,2024-12-31,YOZGAT,10003,KALKINMA VE YATIRIM,SubeSayisi,Yurtiçi Şube Sayısı,,0.0,derived_zero_function_group_identity,SEKTOR = MEVDUAT + KATILIM + KALKINMA_VE_YATIRIM,Published sector total equals the sum of the three non-negative functional-group branch counts with zero residual.,48.0,45.0,,3.0,1,48.0,0.0,True,raw/2024-12_table06.json.gz,5fddc4db73ac2db8dfe6d3bce64c94af0b3440e33366632f3a9a1bf0a76f5fb6,raw/2024-12_table06_info.json,83d7f0b381572514a426041edc9adcda0a9d418be62e466e3e09884c964c124a,https://www.bddk.org.tr/BultenFinturk/tr/Home/MetaveriPdfIndir?tabloNo=6
2024-12,2024-12-31,ZONGULDAK,10003,KALKINMA VE YATIRIM,SubeSayisi,Yurtiçi Şube Sayısı,,0.0,derived_zero_function_group_identity,SEKTOR = MEVDUAT + KATILIM + KALKINMA_VE_YATIRIM,Published sector total equals the sum of the three non-negative functional-group branch counts with zero residual.,62.0,58.0,,4.0,1,62.0,0.0,True,raw/2024-12_table06.json.gz,5fddc4db73ac2db8dfe6d3bce64c94af0b3440e33366632f3a9a1bf0a76f5fb6,raw/2024-12_table06_info.json,83d7f0b381572514a426041edc9adcda0a9d418be62e466e3e09884c964c124a,https://www.bddk.org.tr/BultenFinturk/tr/Home/MetaveriPdfIndir?tabloNo=6
2024-12,2024-12-31,ÇANAKKALE,10003,KALKINMA VE YATIRIM,SubeSayisi,Yurtiçi Şube Sayısı,,0.0,derived_zero_function_group_identity,SEKTOR = MEVDUAT + KATILIM + KALKINMA_VE_YATIRIM,Published sector total equals the sum of the three non-negative functional-group branch counts with zero residual.,78.0,73.0,,5.0,1,78.0,0.0,True,raw/2024-12_table06.json.gz,5fddc4db73ac2db8dfe6d3bce64c94af0b3440e33366632f3a9a1bf0a76f5fb6,raw/2024-12_table06_info.json,83d7f0b381572514a426041edc9adcda0a9d418be62e466e3e09884c964c124a,https://www.bddk.org.tr/BultenFinturk/tr/Home/MetaveriPdfIndir?tabloNo=6
2024-12,2024-12-31,ÇANKIRI,10003,KALKINMA VE YATIRIM,SubeSayisi,Yurtiçi Şube Sayısı,,0.0,derived_zero_function_group_identity,SEKTOR = MEVDUAT + KATILIM + KALKINMA_VE_YATIRIM,Published sector total equals the sum of the three non-negative functional-group branch counts with zero residual.,30.0,28.0,,2.0,1,30.0,0.0,True,raw/2024-12_table06.json.gz,5fddc4db73ac2db8dfe6d3bce64c94af0b3440e33366632f3a9a1bf0a76f5fb6,raw/2024-12_table06_info.json,83d7f0b381572514a426041edc9adcda0a9d418be62e466e3e09884c964c124a,https://www.bddk.org.tr/BultenFinturk/tr/Home/MetaveriPdfIndir?tabloNo=6
2024-12,2024-12-31,ÇORUM,10003,KALKINMA VE YATIRIM,SubeSayisi,Yurtiçi Şube Sayısı,,0.0,derived_zero_function_group_identity,SEKTOR = MEVDUAT + KATILIM + KALKINMA_VE_YATIRIM,Published sector total equals the sum of the three non-negative functional-group branch counts with zero residual.,59.0,53.0,,6.0,1,59.0,0.0,True,raw/2024-12_table06.json.gz,5fddc4db73ac2db8dfe6d3bce64c94af0b3440e33366632f3a9a1bf0a76f5fb6,raw/2024-12_table06_info.json,83d7f0b381572514a426041edc9adcda0a9d418be62e466e3e09884c964c124a,https://www.bddk.org.tr/BultenFinturk/tr/Home/MetaveriPdfIndir?tabloNo=6
2024-12,2024-12-31,ŞANLIURFA,10003,KALKINMA VE YATIRIM,SubeSayisi,Yurtiçi Şube Sayısı,,0.0,derived_zero_function_group_identity,SEKTOR = MEVDUAT + KATILIM + KALKINMA_VE_YATIRIM,Published sector total equals the sum of the three non-negative functional-group branch counts with zero residual.,91.0,77.0,,14.0,1,91.0,0.0,True,raw/2024-12_table06.json.gz,5fddc4db73ac2db8dfe6d3bce64c94af0b3440e33366632f3a9a1bf0a76f5fb6,raw/2024-12_table06_info.json,83d7f0b381572514a426041edc9adcda0a9d418be62e466e3e09884c964c124a,https://www.bddk.org.tr/BultenFinturk/tr/Home/MetaveriPdfIndir?tabloNo=6
2024-12,2024-12-31,ŞIRNAK,10003,KALKINMA VE YATIRIM,SubeSayisi,Yurtiçi Şube Sayısı,,0.0,derived_zero_function_group_identity,SEKTOR = MEVDUAT + KATILIM + KALKINMA_VE_YATIRIM,Published sector total equals the sum of the three non-negative functional-group branch counts with zero residual.,22.0,21.0,,1.0,1,22.0,0.0,True,raw/2024-12_table06.json.gz,5fddc4db73ac2db8dfe6d3bce64c94af0b3440e33366632f3a9a1bf0a76f5fb6,raw/2024-12_table06_info.json,83d7f0b381572514a426041edc9adcda0a9d418be62e466e3e09884c964c124a,https://www.bddk.org.tr/BultenFinturk/tr/Home/MetaveriPdfIndir?tabloNo=6
2025-03,2025-03-31,ADIYAMAN,10003,KALKINMA VE YATIRIM,SubeSayisi,Yurtiçi Şube Sayısı,,0.0,derived_zero_function_group_identity,SEKTOR = MEVDUAT + KATILIM + KALKINMA_VE_YATIRIM,Published sector total equals the sum of the three non-negative functional-group branch counts with zero residual.,39.0,34.0,,5.0,1,39.0,0.0,True,raw/2025-3_table06.json.gz,8618b6fd7ebdc14d43f68aa3c263b401c1e39c9ed73b6753e892e731d123dfb0,raw/2025-3_table06_info.json,a1a407e626f140676b995fe59f5ed41b60968d0562b4cd16945a164777c8aa9e,https://www.bddk.org.tr/BultenFinturk/tr/Home/MetaveriPdfIndir?tabloNo=6
2025-03,2025-03-31,AFYONKARAHİSAR,10003,KALKINMA VE YATIRIM,SubeSayisi,Yurtiçi Şube Sayısı,,0.0,derived_zero_function_group_identity,SEKTOR = MEVDUAT + KATILIM + KALKINMA_VE_YATIRIM,Published sector total equals the sum of the three non-negative functional-group branch counts with zero residual.,86.0,79.0,,7.0,1,86.0,0.0,True,raw/2025-3_table06.json.gz,8618b6fd7ebdc14d43f68aa3c263b401c1e39c9ed73b6753e892e731d123dfb0,raw/2025-3_table06_info.json,a1a407e626f140676b995fe59f5ed41b60968d0562b4cd16945a164777c8aa9e,https://www.bddk.org.tr/BultenFinturk/tr/Home/MetaveriPdfIndir?tabloNo=6
2025-03,2025-03-31,AKSARAY,10003,KALKINMA VE YATIRIM,SubeSayisi,Yurtiçi Şube Sayısı,,0.0,derived_zero_function_group_identity,SEKTOR = MEVDUAT + KATILIM + KALKINMA_VE_YATIRIM,Published sector total equals the sum of the three non-negative functional-group branch counts with zero residual.,41.0,33.0,,8.0,1,41.0,0.0,True,raw/2025-3_table06.json.gz,8618b6fd7ebdc14d43f68aa3c263b401c1e39c9ed73b6753e892e731d123dfb0,raw/2025-3_table06_info.json,a1a407e626f140676b995fe59f5ed41b60968d0562b4cd16945a164777c8aa9e,https://www.bddk.org.tr/BultenFinturk/tr/Home/MetaveriPdfIndir?tabloNo=6
2025-03,2025-03-31,AMASYA,10003,KALKINMA VE YATIRIM,SubeSayisi,Yurtiçi Şube Sayısı,,0.0,derived_zero_function_group_identity,SEKTOR = MEVDUAT + KATILIM + KALKINMA_VE_YATIRIM,Published sector total equals the sum of the three non-negative functional-group branch counts with zero residual.,40.0,36.0,,4.0,1,40.0,0.0,True,raw/2025-3_table06.json.gz,8618b6fd7ebdc14d43f68aa3c263b401c1e39c9ed73b6753e892e731d123dfb0,raw/2025-3_table06_info.json,a1a407e626f140676b995fe59f5ed41b60968d0562b4cd16945a164777c8aa9e,https://www.bddk.org.tr/BultenFinturk/tr/Home/MetaveriPdfIndir?tabloNo=6
2025-03,2025-03-31,ARDAHAN,10003,KALKINMA VE YATIRIM,SubeSayisi,Yurtiçi Şube Sayısı,,0.0,derived_zero_function_group_identity,SEKTOR = MEVDUAT + KATILIM + KALKINMA_VE_YATIRIM,Published sector total equals the sum of the three non-negative functional-group branch counts with zero residual.,12.0,12.0,,,2,12.0,0.0,True,raw/2025-3_table06.json.gz,8618b6fd7ebdc14d43f68aa3c263b401c1e39c9ed73b6753e892e731d123dfb0,raw/2025-3_table06_info.json,a1a407e626f140676b995fe59f5ed41b60968d0562b4cd16945a164777c8aa9e,https://www.bddk.org.tr/BultenFinturk/tr/Home/MetaveriPdfIndir?tabloNo=6
2025-03,2025-03-31,ARDAHAN,10004,KATILIM,SubeSayisi,Yurtiçi Şube Sayısı,,0.0,derived_zero_function_group_identity,SEKTOR = MEVDUAT + KATILIM + KALKINMA_VE_YATIRIM,Published sector total equals the sum of the three non-negative functional-group branch counts with zero residual.,12.0,12.0,,,2,12.0,0.0,True,raw/2025-3_table06.json.gz,8618b6fd7ebdc14d43f68aa3c263b401c1e39c9ed73b6753e892e731d123dfb0,raw/2025-3_table06_info.json,a1a407e626f140676b995fe59f5ed41b60968d0562b4cd16945a164777c8aa9e,https://www.bddk.org.tr/BultenFinturk/tr/Home/MetaveriPdfIndir?tabloNo=6
2025-03,2025-03-31,ARTVİN,10003,KALKINMA VE YATIRIM,SubeSayisi,Yurtiçi Şube Sayısı,,0.0,derived_zero_function_group_identity,SEKTOR = MEVDUAT + KATILIM + KALKINMA_VE_YATIRIM,Published sector total equals the sum of the three non-negative functional-group branch counts with zero residual.,29.0,29.0,,,2,29.0,0.0,True,raw/2025-3_table06.json.gz,8618b6fd7ebdc14d43f68aa3c263b401c1e39c9ed73b6753e892e731d123dfb0,raw/2025-3_table06_info.json,a1a407e626f140676b995fe59f5ed41b60968d0562b4cd16945a164777c8aa9e,https://www.bddk.org.tr/BultenFinturk/tr/Home/MetaveriPdfIndir?tabloNo=6
2025-03,2025-03-31,ARTVİN,10004,KATILIM,SubeSayisi,Yurtiçi Şube Sayısı,,0.0,derived_zero_function_group_identity,SEKTOR = MEVDUAT + KATILIM + KALKINMA_VE_YATIRIM,Published sector total equals the sum of the three non-negative functional-group branch counts with zero residual.,29.0,29.0,,,2,29.0,0.0,True,raw/2025-3_table06.json.gz,8618b6fd7ebdc14d43f68aa3c263b401c1e39c9ed73b6753e892e731d123dfb0,raw/2025-3_table06_info.json,a1a407e626f140676b995fe59f5ed41b60968d0562b4cd16945a164777c8aa9e,https://www.bddk.org.tr/BultenFinturk/tr/Home/MetaveriPdfIndir?tabloNo=6
2025-03,2025-03-31,AĞRI,10003,KALKINMA VE YATIRIM,SubeSayisi,Yurtiçi Şube Sayısı,,0.0,derived_zero_function_group_identity,SEKTOR = MEVDUAT + KATILIM + KALKINMA_VE_YATIRIM,Published sector total equals the sum of the three non-negative functional-group branch counts with zero residual.,25.0,23.0,,2.0,1,25.0,0.0,True,raw/2025-3_table06.json.gz,8618b6fd7ebdc14d43f68aa3c263b401c1e39c9ed73b6753e892e731d123dfb0,raw/2025-3_table06_info.json,a1a407e626f140676b995fe59f5ed41b60968d0562b4cd16945a164777c8aa9e,https://www.bddk.org.tr/BultenFinturk/tr/Home/MetaveriPdfIndir?tabloNo=6
2025-03,2025-03-31,BALIKESİR,10003,KALKINMA VE YATIRIM,SubeSayisi,Yurtiçi Şube Sayısı,,0.0,derived_zero_function_group_identity,SEKTOR = MEVDUAT + KATILIM + KALKINMA_VE_YATIRIM,Published sector total equals the sum of the three non-negative functional-group branch counts with zero residual.,156.0,142.0,,14.0,1,156.0,0.0,True,raw/2025-3_table06.json.gz,8618b6fd7ebdc14d43f68aa3c263b401c1e39c9ed73b6753e892e731d123dfb0,raw/2025-3_table06_info.json,a1a407e626f140676b995fe59f5ed41b60968d0562b4cd16945a164777c8aa9e,https://www.bddk.org.tr/BultenFinturk/tr/Home/MetaveriPdfIndir?tabloNo=6
2025-03,2025-03-31,BARTIN,10003,KALKINMA VE YATIRIM,SubeSayisi,Yurtiçi Şube Sayısı,,0.0,derived_zero_function_group_identity,SEKTOR = MEVDUAT + KATILIM + KALKINMA_VE_YATIRIM,Published sector total equals the sum of the three non-negative functional-group branch counts with zero residual.,22.0,20.0,,2.0,1,22.0,0.0,True,raw/2025-3_table06.json.gz,8618b6fd7ebdc14d43f68aa3c263b401c1e39c9ed73b6753e892e731d123dfb0,raw/2025-3_table06_info.json,a1a407e626f140676b995fe59f5ed41b60968d0562b4cd16945a164777c8aa9e,https://www.bddk.org.tr/BultenFinturk/tr/Home/MetaveriPdfIndir?tabloNo=6
2025-03,2025-03-31,BATMAN,10003,KALKINMA VE YATIRIM,SubeSayisi,Yurtiçi Şube Sayısı,,0.0,derived_zero_function_group_identity,SEKTOR = MEVDUAT + KATILIM + KALKINMA_VE_YATIRIM,Published sector total equals the sum of the three non-negative functional-group branch counts with zero residual.,32.0,25.0,,7.0,1,32.0,0.0,True,raw/2025-3_table06.json.gz,8618b6fd7ebdc14d43f68aa3c263b401c1e39c9ed73b6753e892e731d123dfb0,raw/2025-3_table06_info.json,a1a407e626f140676b995fe59f5ed41b60968d0562b4cd16945a164777c8aa9e,https://www.bddk.org.tr/BultenFinturk/tr/Home/MetaveriPdfIndir?tabloNo=6
2025-03,2025-03-31,BAYBURT,10003,KALKINMA VE YATIRIM,SubeSayisi,Yurtiçi Şube Sayısı,,0.0,derived_zero_function_group_identity,SEKTOR = MEVDUAT + KATILIM + KALKINMA_VE_YATIRIM,Published sector total equals the sum of the three non-negative functional-group branch counts with zero residual.,10.0,9.0,,1.0,1,10.0,0.0,True,raw/2025-3_table06.json.gz,8618b6fd7ebdc14d43f68aa3c263b401c1e39c9ed73b6753e892e731d123dfb0,raw/2025-3_table06_info.json,a1a407e626f140676b995fe59f5ed41b60968d0562b4cd16945a164777c8aa9e,https://www.bddk.org.tr/BultenFinturk/tr/Home/MetaveriPdfIndir?tabloNo=6
2025-03,2025-03-31,BOLU,10003,KALKINMA VE YATIRIM,SubeSayisi,Yurtiçi Şube Sayısı,,0.0,derived_zero_function_group_identity,SEKTOR = MEVDUAT + KATILIM + KALKINMA_VE_YATIRIM,Published sector total equals the sum of the three non-negative functional-group branch counts with zero residual.,36.0,31.0,,5.0,1,36.0,0.0,True,raw/2025-3_table06.json.gz,8618b6fd7ebdc14d43f68aa3c263b401c1e39c9ed73b6753e892e731d123dfb0,raw/2025-3_table06_info.json,a1a407e626f140676b995fe59f5ed41b60968d0562b4cd16945a164777c8aa9e,https://www.bddk.org.tr/BultenFinturk/tr/Home/MetaveriPdfIndir?tabloNo=6
2025-03,2025-03-31,BURDUR,10003,KALKINMA VE YATIRIM,SubeSayisi,Yurtiçi Şube Sayısı,,0.0,derived_zero_function_group_identity,SEKTOR = MEVDUAT + KATILIM + KALKINMA_VE_YATIRIM,Published sector total equals the sum of the three non-negative functional-group branch counts with zero residual.,36.0,34.0,,2.0,1,36.0,0.0,True,raw/2025-3_table06.json.gz,8618b6fd7ebdc14d43f68aa3c263b401c1e39c9ed73b6753e892e731d123dfb0,raw/2025-3_table06_info.json,a1a407e626f140676b995fe59f5ed41b60968d0562b4cd16945a164777c8aa9e,https://www.bddk.org.tr/BultenFinturk/tr/Home/MetaveriPdfIndir?tabloNo=6
2025-03,2025-03-31,BİLECİK,10003,KALKINMA VE YATIRIM,SubeSayisi,Yurtiçi Şube Sayısı,,0.0,derived_zero_function_group_identity,SEKTOR = MEVDUAT + KATILIM + KALKINMA_VE_YATIRIM,Published sector total equals the sum of the three non-negative functional-group branch counts with zero residual.,30.0,29.0,,1.0,1,30.0,0.0,True,raw/2025-3_table06.json.gz,8618b6fd7ebdc14d43f68aa3c263b401c1e39c9ed73b6753e892e731d123dfb0,raw/2025-3_table06_info.json,a1a407e626f140676b995fe59f5ed41b60968d0562b4cd16945a164777c8aa9e,https://www.bddk.org.tr/BultenFinturk/tr/Home/MetaveriPdfIndir?tabloNo=6
2025-03,2025-03-31,BİNGÖL,10003,KALKINMA VE YATIRIM,SubeSayisi,Yurtiçi Şube Sayısı,,0.0,derived_zero_function_group_identity,SEKTOR = MEVDUAT + KATILIM + KALKINMA_VE_YATIRIM,Published sector total equals the sum of the three non-negative functional-group branch counts with zero residual.,18.0,15.0,,3.0,1,18.0,0.0,True,raw/2025-3_table06.json.gz,8618b6fd7ebdc14d43f68aa3c263b401c1e39c9ed73b6753e892e731d123dfb0,raw/2025-3_table06_info.json,a1a407e626f140676b995fe59f5ed41b60968d0562b4cd16945a164777c8aa9e,https://www.bddk.org.tr/BultenFinturk/tr/Home/MetaveriPdfIndir?tabloNo=6
2025-03,2025-03-31,BİTLİS,10003,KALKINMA VE YATIRIM,SubeSayisi,Yurtiçi Şube Sayısı,,0.0,derived_zero_function_group_identity,SEKTOR = MEVDUAT + KATILIM + KALKINMA_VE_YATIRIM,Published sector total equals the sum of the three non-negative functional-group branch counts with zero residual.,21.0,20.0,,1.0,1,21.0,0.0,True,raw/2025-3_table06.json.gz,8618b6fd7ebdc14d43f68aa3c263b401c1e39c9ed73b6753e892e731d123dfb0,raw/2025-3_table06_info.json,a1a407e626f140676b995fe59f5ed41b60968d0562b4cd16945a164777c8aa9e,https://www.bddk.org.tr/BultenFinturk/tr/Home/MetaveriPdfIndir?tabloNo=6
2025-03,2025-03-31,DÜZCE,10003,KALKINMA VE YATIRIM,SubeSayisi,Yurtiçi Şube Sayısı,,0.0,derived_zero_function_group_identity,SEKTOR = MEVDUAT + KATILIM + KALKINMA_VE_YATIRIM,Published sector total equals the sum of the three non-negative functional-group branch counts with zero residual.,36.0,29.0,,7.0,1,36.0,0.0,True,raw/2025-3_table06.json.gz,8618b6fd7ebdc14d43f68aa3c263b401c1e39c9ed73b6753e892e731d123dfb0,raw/2025-3_table06_info.json,a1a407e626f140676b995fe59f5ed41b60968d0562b4cd16945a164777c8aa9e,https://www.bddk.org.tr/BultenFinturk/tr/Home/MetaveriPdfIndir?tabloNo=6
2025-03,2025-03-31,EDİRNE,10003,KALKINMA VE YATIRIM,SubeSayisi,Yurtiçi Şube Sayısı,,0.0,derived_zero_function_group_identity,SEKTOR = MEVDUAT + KATILIM + KALKINMA_VE_YATIRIM,Published sector total equals the sum of the three non-negative functional-group branch counts with zero residual.,55.0,52.0,,3.0,1,55.0,0.0,True,raw/2025-3_table06.json.gz,8618b6fd7ebdc14d43f68aa3c263b401c1e39c9ed73b6753e892e731d123dfb0,raw/2025-3_table06_info.json,a1a407e626f140676b995fe59f5ed41b60968d0562b4cd16945a164777c8aa9e,https://www.bddk.org.tr/BultenFinturk/tr/Home/MetaveriPdfIndir?tabloNo=6
2025-03,2025-03-31,ERZİNCAN,10003,KALKINMA VE YATIRIM,SubeSayisi,Yurtiçi Şube Sayısı,,0.0,derived_zero_function_group_identity,SEKTOR = MEVDUAT + KATILIM + KALKINMA_VE_YATIRIM,Published sector total equals the sum of the three non-negative functional-group branch counts with zero residual.,29.0,24.0,,5.0,1,29.0,0.0,True,raw/2025-3_table06.json.gz,8618b6fd7ebdc14d43f68aa3c263b401c1e39c9ed73b6753e892e731d123dfb0,raw/2025-3_table06_info.json,a1a407e626f140676b995fe59f5ed41b60968d0562b4cd16945a164777c8aa9e,https://www.bddk.org.tr/BultenFinturk/tr/Home/MetaveriPdfIndir?tabloNo=6
2025-03,2025-03-31,GÜMÜŞHANE,10003,KALKINMA VE YATIRIM,SubeSayisi,Yurtiçi Şube Sayısı,,0.0,derived_zero_function_group_identity,SEKTOR = MEVDUAT + KATILIM + KALKINMA_VE_YATIRIM,Published sector total equals the sum of the three non-negative functional-group branch counts with zero residual.,20.0,19.0,,1.0,1,20.0,0.0,True,raw/2025-3_table06.json.gz,8618b6fd7ebdc14d43f68aa3c263b401c1e39c9ed73b6753e892e731d123dfb0,raw/2025-3_table06_info.json,a1a407e626f140676b995fe59f5ed41b60968d0562b4cd16945a164777c8aa9e,https://www.bddk.org.tr/BultenFinturk/tr/Home/MetaveriPdfIndir?tabloNo=6
2025-03,2025-03-31,GİRESUN,10003,KALKINMA VE YATIRIM,SubeSayisi,Yurtiçi Şube Sayısı,,0.0,derived_zero_function_group_identity,SEKTOR = MEVDUAT + KATILIM + KALKINMA_VE_YATIRIM,Published sector total equals the sum of the three non-negative functional-group branch counts with zero residual.,55.0,50.0,,5.0,1,55.0,0.0,True,raw/2025-3_table06.json.gz,8618b6fd7ebdc14d43f68aa3c263b401c1e39c9ed73b6753e892e731d123dfb0,raw/2025-3_table06_info.json,a1a407e626f140676b995fe59f5ed41b60968d0562b4cd16945a164777c8aa9e,https://www.bddk.org.tr/BultenFinturk/tr/Home/MetaveriPdfIndir?tabloNo=6
2025-03,2025-03-31,HAKKARİ,10003,KALKINMA VE YATIRIM,SubeSayisi,Yurtiçi Şube Sayısı,,0.0,derived_zero_function_group_identity,SEKTOR = MEVDUAT + KATILIM + KALKINMA_VE_YATIRIM,Published sector total equals the sum of the three non-negative functional-group branch counts with zero residual.,15.0,15.0,,,2,15.0,0.0,True,raw/2025-3_table06.json.gz,8618b6fd7ebdc14d43f68aa3c263b401c1e39c9ed73b6753e892e731d123dfb0,raw/2025-3_table06_info.json,a1a407e626f140676b995fe59f5ed41b60968d0562b4cd16945a164777c8aa9e,https://www.bddk.org.tr/BultenFinturk/tr/Home/MetaveriPdfIndir?tabloNo=6
2025-03,2025-03-31,HAKKARİ,10004,KATILIM,SubeSayisi,Yurtiçi Şube Sayısı,,0.0,derived_zero_function_group_identity,SEKTOR = MEVDUAT + KATILIM + KALKINMA_VE_YATIRIM,Published sector total equals the sum of the three non-negative functional-group branch counts with zero residual.,15.0,15.0,,,2,15.0,0.0,True,raw/2025-3_table06.json.gz,8618b6fd7ebdc14d43f68aa3c263b401c1e39c9ed73b6753e892e731d123dfb0,raw/2025-3_table06_info.json,a1a407e626f140676b995fe59f5ed41b60968d0562b4cd16945a164777c8aa9e,https://www.bddk.org.tr/BultenFinturk/tr/Home/MetaveriPdfIndir?tabloNo=6
2025-03,2025-03-31,ISPARTA,10003,KALKINMA VE YATIRIM,SubeSayisi,Yurtiçi Şube Sayısı,,0.0,derived_zero_function_group_identity,SEKTOR = MEVDUAT + KATILIM + KALKINMA_VE_YATIRIM,Published sector total equals the sum of the three non-negative functional-group branch counts with zero residual.,53.0,46.0,,7.0,1,53.0,0.0,True,raw/2025-3_table06.json.gz,8618b6fd7ebdc14d43f68aa3c263b401c1e39c9ed73b6753e892e731d123dfb0,raw/2025-3_table06_info.json,a1a407e626f140676b995fe59f5ed41b60968d0562b4cd16945a164777c8aa9e,https://www.bddk.org.tr/BultenFinturk/tr/Home/MetaveriPdfIndir?tabloNo=6
2025-03,2025-03-31,IĞDIR,10003,KALKINMA VE YATIRIM,SubeSayisi,Yurtiçi Şube Sayısı,,0.0,derived_zero_function_group_identity,SEKTOR = MEVDUAT + KATILIM + KALKINMA_VE_YATIRIM,Published sector total equals the sum of the three non-negative functional-group branch counts with zero residual.,17.0,15.0,,2.0,1,17.0,0.0,True,raw/2025-3_table06.json.gz,8618b6fd7ebdc14d43f68aa3c263b401c1e39c9ed73b6753e892e731d123dfb0,raw/2025-3_table06_info.json,a1a407e626f140676b995fe59f5ed41b60968d0562b4cd16945a164777c8aa9e,https://www.bddk.org.tr/BultenFinturk/tr/Home/MetaveriPdfIndir?tabloNo=6
2025-03,2025-03-31,KARABÜK,10003,KALKINMA VE YATIRIM,SubeSayisi,Yurtiçi Şube Sayısı,,0.0,derived_zero_function_group_identity,SEKTOR = MEVDUAT + KATILIM + KALKINMA_VE_YATIRIM,Published sector total equals the sum of the three non-negative functional-group branch counts with zero residual.,31.0,25.0,,6.0,1,31.0,0.0,True,raw/2025-3_table06.json.gz,8618b6fd7ebdc14d43f68aa3c263b401c1e39c9ed73b6753e892e731d123dfb0,raw/2025-3_table06_info.json,a1a407e626f140676b995fe59f5ed41b60968d0562b4cd16945a164777c8aa9e,https://www.bddk.org.tr/BultenFinturk/tr/Home/MetaveriPdfIndir?tabloNo=6
2025-03,2025-03-31,KARAMAN,10003,KALKINMA VE YATIRIM,SubeSayisi,Yurtiçi Şube Sayısı,,0.0,derived_zero_function_group_identity,SEKTOR = MEVDUAT + KATILIM + KALKINMA_VE_YATIRIM,Published sector total equals the sum of the three non-negative functional-group branch counts with zero residual.,27.0,21.0,,6.0,1,27.0,0.0,True,raw/2025-3_table06.json.gz,8618b6fd7ebdc14d43f68aa3c263b401c1e39c9ed73b6753e892e731d123dfb0,raw/2025-3_table06_info.json,a1a407e626f140676b995fe59f5ed41b60968d0562b4cd16945a164777c8aa9e,https://www.bddk.org.tr/BultenFinturk/tr/Home/MetaveriPdfIndir?tabloNo=6
2025-03,2025-03-31,KARS,10003,KALKINMA VE YATIRIM,SubeSayisi,Yurtiçi Şube Sayısı,,0.0,derived_zero_function_group_identity,SEKTOR = MEVDUAT + KATILIM + KALKINMA_VE_YATIRIM,Published sector total equals the sum of the three non-negative functional-group branch counts with zero residual.,26.0,24.0,,2.0,1,26.0,0.0,True,raw/2025-3_table06.json.gz,8618b6fd7ebdc14d43f68aa3c263b401c1e39c9ed73b6753e892e731d123dfb0,raw/2025-3_table06_info.json,a1a407e626f140676b995fe59f5ed41b60968d0562b4cd16945a164777c8aa9e,https://www.bddk.org.tr/BultenFinturk/tr/Home/MetaveriPdfIndir?tabloNo=6
2025-03,2025-03-31,KIRIKKALE,10003,KALKINMA VE YATIRIM,SubeSayisi,Yurtiçi Şube Sayısı,,0.0,derived_zero_function_group_identity,SEKTOR = MEVDUAT + KATILIM + KALKINMA_VE_YATIRIM,Published sector total equals the sum of the three non-negative functional-group branch counts with zero residual.,28.0,25.0,,3.0,1,28.0,0.0,True,raw/2025-3_table06.json.gz,8618b6fd7ebdc14d43f68aa3c263b401c1e39c9ed73b6753e892e731d123dfb0,raw/2025-3_table06_info.json,a1a407e626f140676b995fe59f5ed41b60968d0562b4cd16945a164777c8aa9e,https://www.bddk.org.tr/BultenFinturk/tr/Home/MetaveriPdfIndir?tabloNo=6
2025-03,2025-03-31,KIRKLARELİ,10003,KALKINMA VE YATIRIM,SubeSayisi,Yurtiçi Şube Sayısı,,0.0,derived_zero_function_group_identity,SEKTOR = MEVDUAT + KATILIM + KALKINMA_VE_YATIRIM,Published sector total equals the sum of the three non-negative functional-group branch counts with zero residual.,44.0,43.0,,1.0,1,44.0,0.0,True,raw/2025-3_table06.json.gz,8618b6fd7ebdc14d43f68aa3c263b401c1e39c9ed73b6753e892e731d123dfb0,raw/2025-3_table06_info.json,a1a407e626f140676b995fe59f5ed41b60968d0562b4cd16945a164777c8aa9e,https://www.bddk.org.tr/BultenFinturk/tr/Home/MetaveriPdfIndir?tabloNo=6
2025-03,2025-03-31,KIRŞEHİR,10003,KALKINMA VE YATIRIM,SubeSayisi,Yurtiçi Şube Sayısı,,0.0,derived_zero_function_group_identity,SEKTOR = MEVDUAT + KATILIM + KALKINMA_VE_YATIRIM,Published sector total equals the sum of the three non-negative functional-group branch counts with zero residual.,27.0,24.0,,3.0,1,27.0,0.0,True,raw/2025-3_table06.json.gz,8618b6fd7ebdc14d43f68aa3c263b401c1e39c9ed73b6753e892e731d123dfb0,raw/2025-3_table06_info.json,a1a407e626f140676b995fe59f5ed41b60968d0562b4cd16945a164777c8aa9e,https://www.bddk.org.tr/BultenFinturk/tr/Home/MetaveriPdfIndir?tabloNo=6
2025-03,2025-03-31,KÜTAHYA,10003,KALKINMA VE YATIRIM,SubeSayisi,Yurtiçi Şube Sayısı,,0.0,derived_zero_function_group_identity,SEKTOR = MEVDUAT + KATILIM + KALKINMA_VE_YATIRIM,Published sector total equals the sum of the three non-negative functional-group branch counts with zero residual.,52.0,45.0,,7.0,1,52.0,0.0,True,raw/2025-3_table06.json.gz,8618b6fd7ebdc14d43f68aa3c263b401c1e39c9ed73b6753e892e731d123dfb0,raw/2025-3_table06_info.json,a1a407e626f140676b995fe59f5ed41b60968d0562b4cd16945a164777c8aa9e,https://www.bddk.org.tr/BultenFinturk/tr/Home/MetaveriPdfIndir?tabloNo=6
2025-03,2025-03-31,KİLİS,10003,KALKINMA VE YATIRIM,SubeSayisi,Yurtiçi Şube Sayısı,,0.0,derived_zero_function_group_identity,SEKTOR = MEVDUAT + KATILIM + KALKINMA_VE_YATIRIM,Published sector total equals the sum of the three non-negative functional-group branch counts with zero residual.,10.0,9.0,,1.0,1,10.0,0.0,True,raw/2025-3_table06.json.gz,8618b6fd7ebdc14d43f68aa3c263b401c1e39c9ed73b6753e892e731d123dfb0,raw/2025-3_table06_info.json,a1a407e626f140676b995fe59f5ed41b60968d0562b4cd16945a164777c8aa9e,https://www.bddk.org.tr/BultenFinturk/tr/Home/MetaveriPdfIndir?tabloNo=6
2025-03,2025-03-31,MALATYA,10003,KALKINMA VE YATIRIM,SubeSayisi,Yurtiçi Şube Sayısı,,0.0,derived_zero_function_group_identity,SEKTOR = MEVDUAT + KATILIM + KALKINMA_VE_YATIRIM,Published sector total equals the sum of the three non-negative functional-group branch counts with zero residual.,62.0,53.0,,9.0,1,62.0,0.0,True,raw/2025-3_table06.json.gz,8618b6fd7ebdc14d43f68aa3c263b401c1e39c9ed73b6753e892e731d123dfb0,raw/2025-3_table06_info.json,a1a407e626f140676b995fe59f5ed41b60968d0562b4cd16945a164777c8aa9e,https://www.bddk.org.tr/BultenFinturk/tr/Home/MetaveriPdfIndir?tabloNo=6
2025-03,2025-03-31,MARDİN,10003,KALKINMA VE YATIRIM,SubeSayisi,Yurtiçi Şube Sayısı,,0.0,derived_zero_function_group_identity,SEKTOR = MEVDUAT + KATILIM + KALKINMA_VE_YATIRIM,Published sector total equals the sum of the three non-negative functional-group branch counts with zero residual.,47.0,41.0,,6.0,1,47.0,0.0,True,raw/2025-3_table06.json.gz,8618b6fd7ebdc14d43f68aa3c263b401c1e39c9ed73b6753e892e731d123dfb0,raw/2025-3_table06_info.json,a1a407e626f140676b995fe59f5ed41b60968d0562b4cd16945a164777c8aa9e,https://www.bddk.org.tr/BultenFinturk/tr/Home/MetaveriPdfIndir?tabloNo=6
2025-03,2025-03-31,MUŞ,10003,KALKINMA VE YATIRIM,SubeSayisi,Yurtiçi Şube Sayısı,,0.0,derived_zero_function_group_identity,SEKTOR = MEVDUAT + KATILIM + KALKINMA_VE_YATIRIM,Published sector total equals the sum of the three non-negative functional-group branch counts with zero residual.,20.0,17.0,,3.0,1,20.0,0.0,True,raw/2025-3_table06.json.gz,8618b6fd7ebdc14d43f68aa3c263b401c1e39c9ed73b6753e892e731d123dfb0,raw/2025-3_table06_info.json,a1a407e626f140676b995fe59f5ed41b60968d0562b4cd16945a164777c8aa9e,https://www.bddk.org.tr/BultenFinturk/tr/Home/MetaveriPdfIndir?tabloNo=6
2025-03,2025-03-31,NEVŞEHİR,10003,KALKINMA VE YATIRIM,SubeSayisi,Yurtiçi Şube Sayısı,,0.0,derived_zero_function_group_identity,SEKTOR = MEVDUAT + KATILIM + KALKINMA_VE_YATIRIM,Published sector total equals the sum of the three non-negative functional-group branch counts with zero residual.,43.0,37.0,,6.0,1,43.0,0.0,True,raw/2025-3_table06.json.gz,8618b6fd7ebdc14d43f68aa3c263b401c1e39c9ed73b6753e892e731d123dfb0,raw/2025-3_table06_info.json,a1a407e626f140676b995fe59f5ed41b60968d0562b4cd16945a164777c8aa9e,https://www.bddk.org.tr/BultenFinturk/tr/Home/MetaveriPdfIndir?tabloNo=6
2025-03,2025-03-31,NİĞDE,10003,KALKINMA VE YATIRIM,SubeSayisi,Yurtiçi Şube Sayısı,,0.0,derived_zero_function_group_identity,SEKTOR = MEVDUAT + KATILIM + KALKINMA_VE_YATIRIM,Published sector total equals the sum of the three non-negative functional-group branch counts with zero residual.,30.0,26.0,,4.0,1,30.0,0.0,True,raw/2025-3_table06.json.gz,8618b6fd7ebdc14d43f68aa3c263b401c1e39c9ed73b6753e892e731d123dfb0,raw/2025-3_table06_info.json,a1a407e626f140676b995fe59f5ed41b60968d0562b4cd16945a164777c8aa9e,https://www.bddk.org.tr/BultenFinturk/tr/Home/MetaveriPdfIndir?tabloNo=6
2025-03,2025-03-31,ORDU,10003,KALKINMA VE YATIRIM,SubeSayisi,Yurtiçi Şube Sayısı,,0.0,derived_zero_function_group_identity,SEKTOR = MEVDUAT + KATILIM + KALKINMA_VE_YATIRIM,Published sector total equals the sum of the three non-negative functional-group branch counts with zero residual.,74.0,67.0,,7.0,1,74.0,0.0,True,raw/2025-3_table06.json.gz,8618b6fd7ebdc14d43f68aa3c263b401c1e39c9ed73b6753e892e731d123dfb0,raw/2025-3_table06_info.json,a1a407e626f140676b995fe59f5ed41b60968d0562b4cd16945a164777c8aa9e,https://www.bddk.org.tr/BultenFinturk/tr/Home/MetaveriPdfIndir?tabloNo=6
2025-03,2025-03-31,OSMANİYE,10003,KALKINMA VE YATIRIM,SubeSayisi,Yurtiçi Şube Sayısı,,0.0,derived_zero_function_group_identity,SEKTOR = MEVDUAT + KATILIM + KALKINMA_VE_YATIRIM,Published sector total equals the sum of the three non-negative functional-group branch counts with zero residual.,39.0,33.0,,6.0,1,39.0,0.0,True,raw/2025-3_table06.json.gz,8618b6fd7ebdc14d43f68aa3c263b401c1e39c9ed73b6753e892e731d123dfb0,raw/2025-3_table06_info.json,a1a407e626f140676b995fe59f5ed41b60968d0562b4cd16945a164777c8aa9e,https://www.bddk.org.tr/BultenFinturk/tr/Home/MetaveriPdfIndir?tabloNo=6
2025-03,2025-03-31,RİZE,10003,KALKINMA VE YATIRIM,SubeSayisi,Yurtiçi Şube Sayısı,,0.0,derived_zero_function_group_identity,SEKTOR = MEVDUAT + KATILIM + KALKINMA_VE_YATIRIM,Published sector total equals the sum of the three non-negative functional-group branch counts with zero residual.,48.0,42.0,,6.0,1,48.0,0.0,True,raw/2025-3_table06.json.gz,8618b6fd7ebdc14d43f68aa3c263b401c1e39c9ed73b6753e892e731d123dfb0,raw/2025-3_table06_info.json,a1a407e626f140676b995fe59f5ed41b60968d0562b4cd16945a164777c8aa9e,https://www.bddk.org.tr/BultenFinturk/tr/Home/MetaveriPdfIndir?tabloNo=6
2025-03,2025-03-31,SAKARYA,10003,KALKINMA VE YATIRIM,SubeSayisi,Yurtiçi Şube Sayısı,,0.0,derived_zero_function_group_identity,SEKTOR = MEVDUAT + KATILIM + KALKINMA_VE_YATIRIM,Published sector total equals the sum of the three non-negative functional-group branch counts with zero residual.,113.0,100.0,,13.0,1,113.0,0.0,True,raw/2025-3_table06.json.gz,8618b6fd7ebdc14d43f68aa3c263b401c1e39c9ed73b6753e892e731d123dfb0,raw/2025-3_table06_info.json,a1a407e626f140676b995fe59f5ed41b60968d0562b4cd16945a164777c8aa9e,https://www.bddk.org.tr/BultenFinturk/tr/Home/MetaveriPdfIndir?tabloNo=6
2025-03,2025-03-31,SİNOP,10003,KALKINMA VE YATIRIM,SubeSayisi,Yurtiçi Şube Sayısı,,0.0,derived_zero_function_group_identity,SEKTOR = MEVDUAT + KATILIM + KALKINMA_VE_YATIRIM,Published sector total equals the sum of the three non-negative functional-group branch counts with zero residual.,30.0,30.0,,,2,30.0,0.0,True,raw/2025-3_table06.json.gz,8618b6fd7ebdc14d43f68aa3c263b401c1e39c9ed73b6753e892e731d123dfb0,raw/2025-3_table06_info.json,a1a407e626f140676b995fe59f5ed41b60968d0562b4cd16945a164777c8aa9e,https://www.bddk.org.tr/BultenFinturk/tr/Home/MetaveriPdfIndir?tabloNo=6
2025-03,2025-03-31,SİNOP,10004,KATILIM,SubeSayisi,Yurtiçi Şube Sayısı,,0.0,derived_zero_function_group_identity,SEKTOR = MEVDUAT + KATILIM + KALKINMA_VE_YATIRIM,Published sector total equals the sum of the three non-negative functional-group branch counts with zero residual.,30.0,30.0,,,2,30.0,0.0,True,raw/2025-3_table06.json.gz,8618b6fd7ebdc14d43f68aa3c263b401c1e39c9ed73b6753e892e731d123dfb0,raw/2025-3_table06_info.json,a1a407e626f140676b995fe59f5ed41b60968d0562b4cd16945a164777c8aa9e,https://www.bddk.org.tr/BultenFinturk/tr/Home/MetaveriPdfIndir?tabloNo=6
2025-03,2025-03-31,SİİRT,10003,KALKINMA VE YATIRIM,SubeSayisi,Yurtiçi Şube Sayısı,,0.0,derived_zero_function_group_identity,SEKTOR = MEVDUAT + KATILIM + KALKINMA_VE_YATIRIM,Published sector total equals the sum of the three non-negative functional-group branch counts with zero residual.,21.0,16.0,,5.0,1,21.0,0.0,True,raw/2025-3_table06.json.gz,8618b6fd7ebdc14d43f68aa3c263b401c1e39c9ed73b6753e892e731d123dfb0,raw/2025-3_table06_info.json,a1a407e626f140676b995fe59f5ed41b60968d0562b4cd16945a164777c8aa9e,https://www.bddk.org.tr/BultenFinturk/tr/Home/MetaveriPdfIndir?tabloNo=6
2025-03,2025-03-31,TOKAT,10003,KALKINMA VE YATIRIM,SubeSayisi,Yurtiçi Şube Sayısı,,0.0,derived_zero_function_group_identity,SEKTOR = MEVDUAT + KATILIM + KALKINMA_VE_YATIRIM,Published sector total equals the sum of the three non-negative functional-group branch counts with zero residual.,58.0,52.0,,6.0,1,58.0,0.0,True,raw/2025-3_table06.json.gz,8618b6fd7ebdc14d43f68aa3c263b401c1e39c9ed73b6753e892e731d123dfb0,raw/2025-3_table06_info.json,a1a407e626f140676b995fe59f5ed41b60968d0562b4cd16945a164777c8aa9e,https://www.bddk.org.tr/BultenFinturk/tr/Home/MetaveriPdfIndir?tabloNo=6
2025-03,2025-03-31,TUNCELİ,10003,KALKINMA VE YATIRIM,SubeSayisi,Yurtiçi Şube Sayısı,,0.0,derived_zero_function_group_identity,SEKTOR = MEVDUAT + KATILIM + KALKINMA_VE_YATIRIM,Published sector total equals the sum of the three non-negative functional-group branch counts with zero residual.,13.0,13.0,,,2,13.0,0.0,True,raw/2025-3_table06.json.gz,8618b6fd7ebdc14d43f68aa3c263b401c1e39c9ed73b6753e892e731d123dfb0,raw/2025-3_table06_info.json,a1a407e626f140676b995fe59f5ed41b60968d0562b4cd16945a164777c8aa9e,https://www.bddk.org.tr/BultenFinturk/tr/Home/MetaveriPdfIndir?tabloNo=6
2025-03,2025-03-31,TUNCELİ,10004,KATILIM,SubeSayisi,Yurtiçi Şube Sayısı,,0.0,derived_zero_function_group_identity,SEKTOR = MEVDUAT + KATILIM + KALKINMA_VE_YATIRIM,Published sector total equals the sum of the three non-negative functional-group branch counts with zero residual.,13.0,13.0,,,2,13.0,0.0,True,raw/2025-3_table06.json.gz,8618b6fd7ebdc14d43f68aa3c263b401c1e39c9ed73b6753e892e731d123dfb0,raw/2025-3_table06_info.json,a1a407e626f140676b995fe59f5ed41b60968d0562b4cd16945a164777c8aa9e,https://www.bddk.org.tr/BultenFinturk/tr/Home/MetaveriPdfIndir?tabloNo=6
2025-03,2025-03-31,UŞAK,10003,KALKINMA VE YATIRIM,SubeSayisi,Yurtiçi Şube Sayısı,,0.0,derived_zero_function_group_identity,SEKTOR = MEVDUAT + KATILIM + KALKINMA_VE_YATIRIM,Published sector total equals the sum of the three non-negative functional-group branch counts with zero residual.,44.0,39.0,,5.0,1,44.0,0.0,True,raw/2025-3_table06.json.gz,8618b6fd7ebdc14d43f68aa3c263b401c1e39c9ed73b6753e892e731d123dfb0,raw/2025-3_table06_info.json,a1a407e626f140676b995fe59f5ed41b60968d0562b4cd16945a164777c8aa9e,https://www.bddk.org.tr/BultenFinturk/tr/Home/MetaveriPdfIndir?tabloNo=6
2025-03,2025-03-31,YALOVA,10003,KALKINMA VE YATIRIM,SubeSayisi,Yurtiçi Şube Sayısı,,0.0,derived_zero_function_group_identity,SEKTOR = MEVDUAT + KATILIM + KALKINMA_VE_YATIRIM,Published sector total equals the sum of the three non-negative functional-group branch counts with zero residual.,30.0,24.0,,6.0,1,30.0,0.0,True,raw/2025-3_table06.json.gz,8618b6fd7ebdc14d43f68aa3c263b401c1e39c9ed73b6753e892e731d123dfb0,raw/2025-3_table06_info.json,a1a407e626f140676b995fe59f5ed41b60968d0562b4cd16945a164777c8aa9e,https://www.bddk.org.tr/BultenFinturk/tr/Home/MetaveriPdfIndir?tabloNo=6
2025-03,2025-03-31,YOZGAT,10003,KALKINMA VE YATIRIM,SubeSayisi,Yurtiçi Şube Sayısı,,0.0,derived_zero_function_group_identity,SEKTOR = MEVDUAT + KATILIM + KALKINMA_VE_YATIRIM,Published sector total equals the sum of the three non-negative functional-group branch counts with zero residual.,48.0,45.0,,3.0,1,48.0,0.0,True,raw/2025-3_table06.json.gz,8618b6fd7ebdc14d43f68aa3c263b401c1e39c9ed73b6753e892e731d123dfb0,raw/2025-3_table06_info.json,a1a407e626f140676b995fe59f5ed41b60968d0562b4cd16945a164777c8aa9e,https://www.bddk.org.tr/BultenFinturk/tr/Home/MetaveriPdfIndir?tabloNo=6
2025-03,2025-03-31,ZONGULDAK,10003,KALKINMA VE YATIRIM,SubeSayisi,Yurtiçi Şube Sayısı,,0.0,derived_zero_function_group_identity,SEKTOR = MEVDUAT + KATILIM + KALKINMA_VE_YATIRIM,Published sector total equals the sum of the three non-negative functional-group branch counts with zero residual.,62.0,58.0,,4.0,1,62.0,0.0,True,raw/2025-3_table06.json.gz,8618b6fd7ebdc14d43f68aa3c263b401c1e39c9ed73b6753e892e731d123dfb0,raw/2025-3_table06_info.json,a1a407e626f140676b995fe59f5ed41b60968d0562b4cd16945a164777c8aa9e,https://www.bddk.org.tr/BultenFinturk/tr/Home/MetaveriPdfIndir?tabloNo=6
2025-03,2025-03-31,ÇANAKKALE,10003,KALKINMA VE YATIRIM,SubeSayisi,Yurtiçi Şube Sayısı,,0.0,derived_zero_function_group_identity,SEKTOR = MEVDUAT + KATILIM + KALKINMA_VE_YATIRIM,Published sector total equals the sum of the three non-negative functional-group branch counts with zero residual.,78.0,73.0,,5.0,1,78.0,0.0,True,raw/2025-3_table06.json.gz,8618b6fd7ebdc14d43f68aa3c263b401c1e39c9ed73b6753e892e731d123dfb0,raw/2025-3_table06_info.json,a1a407e626f140676b995fe59f5ed41b60968d0562b4cd16945a164777c8aa9e,https://www.bddk.org.tr/BultenFinturk/tr/Home/MetaveriPdfIndir?tabloNo=6
2025-03,2025-03-31,ÇANKIRI,10003,KALKINMA VE YATIRIM,SubeSayisi,Yurtiçi Şube Sayısı,,0.0,derived_zero_function_group_identity,SEKTOR = MEVDUAT + KATILIM + KALKINMA_VE_YATIRIM,Published sector total equals the sum of the three non-negative functional-group branch counts with zero residual.,30.0,28.0,,2.0,1,30.0,0.0,True,raw/2025-3_table06.json.gz,8618b6fd7ebdc14d43f68aa3c263b401c1e39c9ed73b6753e892e731d123dfb0,raw/2025-3_table06_info.json,a1a407e626f140676b995fe59f5ed41b60968d0562b4cd16945a164777c8aa9e,https://www.bddk.org.tr/BultenFinturk/tr/Home/MetaveriPdfIndir?tabloNo=6
2025-03,2025-03-31,ÇORUM,10003,KALKINMA VE YATIRIM,SubeSayisi,Yurtiçi Şube Sayısı,,0.0,derived_zero_function_group_identity,SEKTOR = MEVDUAT + KATILIM + KALKINMA_VE_YATIRIM,Published sector total equals the sum of the three non-negative functional-group branch counts with zero residual.,59.0,53.0,,6.0,1,59.0,0.0,True,raw/2025-3_table06.json.gz,8618b6fd7ebdc14d43f68aa3c263b401c1e39c9ed73b6753e892e731d123dfb0,raw/2025-3_table06_info.json,a1a407e626f140676b995fe59f5ed41b60968d0562b4cd16945a164777c8aa9e,https://www.bddk.org.tr/BultenFinturk/tr/Home/MetaveriPdfIndir?tabloNo=6
2025-03,2025-03-31,ŞANLIURFA,10003,KALKINMA VE YATIRIM,SubeSayisi,Yurtiçi Şube Sayısı,,0.0,derived_zero_function_group_identity,SEKTOR = MEVDUAT + KATILIM + KALKINMA_VE_YATIRIM,Published sector total equals the sum of the three non-negative functional-group branch counts with zero residual.,91.0,77.0,,14.0,1,91.0,0.0,True,raw/2025-3_table06.json.gz,8618b6fd7ebdc14d43f68aa3c263b401c1e39c9ed73b6753e892e731d123dfb0,raw/2025-3_table06_info.json,a1a407e626f140676b995fe59f5ed41b60968d0562b4cd16945a164777c8aa9e,https://www.bddk.org.tr/BultenFinturk/tr/Home/MetaveriPdfIndir?tabloNo=6
2025-03,2025-03-31,ŞIRNAK,10003,KALKINMA VE YATIRIM,SubeSayisi,Yurtiçi Şube Sayısı,,0.0,derived_zero_function_group_identity,SEKTOR = MEVDUAT + KATILIM + KALKINMA_VE_YATIRIM,Published sector total equals the sum of the three non-negative functional-group branch counts with zero residual.,22.0,21.0,,1.0,1,22.0,0.0,True,raw/2025-3_table06.json.gz,8618b6fd7ebdc14d43f68aa3c263b401c1e39c9ed73b6753e892e731d123dfb0,raw/2025-3_table06_info.json,a1a407e626f140676b995fe59f5ed41b60968d0562b4cd16945a164777c8aa9e,https://www.bddk.org.tr/BultenFinturk/tr/Home/MetaveriPdfIndir?tabloNo=6
2025-06,2025-06-30,ADIYAMAN,10003,KALKINMA VE YATIRIM,SubeSayisi,Yurtiçi Şube Sayısı,,0.0,derived_zero_function_group_identity,SEKTOR = MEVDUAT + KATILIM + KALKINMA_VE_YATIRIM,Published sector total equals the sum of the three non-negative functional-group branch counts with zero residual.,39.0,34.0,,5.0,1,39.0,0.0,True,raw/2025-6_table06.json.gz,42dc093bcac6732f77bd8c7ec5b6979b2e839219ddf31ac0fc46580d6ea406fe,raw/2025-6_table06_info.json,337660a2daa288600e17df9f96ab82bd657169834f063f67e04841da631dd2c1,https://www.bddk.org.tr/BultenFinturk/tr/Home/MetaveriPdfIndir?tabloNo=6
2025-06,2025-06-30,AFYONKARAHİSAR,10003,KALKINMA VE YATIRIM,SubeSayisi,Yurtiçi Şube Sayısı,,0.0,derived_zero_function_group_identity,SEKTOR = MEVDUAT + KATILIM + KALKINMA_VE_YATIRIM,Published sector total equals the sum of the three non-negative functional-group branch counts with zero residual.,87.0,80.0,,7.0,1,87.0,0.0,True,raw/2025-6_table06.json.gz,42dc093bcac6732f77bd8c7ec5b6979b2e839219ddf31ac0fc46580d6ea406fe,raw/2025-6_table06_info.json,337660a2daa288600e17df9f96ab82bd657169834f063f67e04841da631dd2c1,https://www.bddk.org.tr/BultenFinturk/tr/Home/MetaveriPdfIndir?tabloNo=6
2025-06,2025-06-30,AKSARAY,10003,KALKINMA VE YATIRIM,SubeSayisi,Yurtiçi Şube Sayısı,,0.0,derived_zero_function_group_identity,SEKTOR = MEVDUAT + KATILIM + KALKINMA_VE_YATIRIM,Published sector total equals the sum of the three non-negative functional-group branch counts with zero residual.,41.0,33.0,,8.0,1,41.0,0.0,True,raw/2025-6_table06.json.gz,42dc093bcac6732f77bd8c7ec5b6979b2e839219ddf31ac0fc46580d6ea406fe,raw/2025-6_table06_info.json,337660a2daa288600e17df9f96ab82bd657169834f063f67e04841da631dd2c1,https://www.bddk.org.tr/BultenFinturk/tr/Home/MetaveriPdfIndir?tabloNo=6
2025-06,2025-06-30,AMASYA,10003,KALKINMA VE YATIRIM,SubeSayisi,Yurtiçi Şube Sayısı,,0.0,derived_zero_function_group_identity,SEKTOR = MEVDUAT + KATILIM + KALKINMA_VE_YATIRIM,Published sector total equals the sum of the three non-negative functional-group branch counts with zero residual.,40.0,36.0,,4.0,1,40.0,0.0,True,raw/2025-6_table06.json.gz,42dc093bcac6732f77bd8c7ec5b6979b2e839219ddf31ac0fc46580d6ea406fe,raw/2025-6_table06_info.json,337660a2daa288600e17df9f96ab82bd657169834f063f67e04841da631dd2c1,https://www.bddk.org.tr/BultenFinturk/tr/Home/MetaveriPdfIndir?tabloNo=6
2025-06,2025-06-30,ARDAHAN,10003,KALKINMA VE YATIRIM,SubeSayisi,Yurtiçi Şube Sayısı,,0.0,derived_zero_function_group_identity,SEKTOR = MEVDUAT + KATILIM + KALKINMA_VE_YATIRIM,Published sector total equals the sum of the three non-negative functional-group branch counts with zero residual.,12.0,12.0,,,2,12.0,0.0,True,raw/2025-6_table06.json.gz,42dc093bcac6732f77bd8c7ec5b6979b2e839219ddf31ac0fc46580d6ea406fe,raw/2025-6_table06_info.json,337660a2daa288600e17df9f96ab82bd657169834f063f67e04841da631dd2c1,https://www.bddk.org.tr/BultenFinturk/tr/Home/MetaveriPdfIndir?tabloNo=6
2025-06,2025-06-30,ARDAHAN,10004,KATILIM,SubeSayisi,Yurtiçi Şube Sayısı,,0.0,derived_zero_function_group_identity,SEKTOR = MEVDUAT + KATILIM + KALKINMA_VE_YATIRIM,Published sector total equals the sum of the three non-negative functional-group branch counts with zero residual.,12.0,12.0,,,2,12.0,0.0,True,raw/2025-6_table06.json.gz,42dc093bcac6732f77bd8c7ec5b6979b2e839219ddf31ac0fc46580d6ea406fe,raw/2025-6_table06_info.json,337660a2daa288600e17df9f96ab82bd657169834f063f67e04841da631dd2c1,https://www.bddk.org.tr/BultenFinturk/tr/Home/MetaveriPdfIndir?tabloNo=6
2025-06,2025-06-30,ARTVİN,10003,KALKINMA VE YATIRIM,SubeSayisi,Yurtiçi Şube Sayısı,,0.0,derived_zero_function_group_identity,SEKTOR = MEVDUAT + KATILIM + KALKINMA_VE_YATIRIM,Published sector total equals the sum of the three non-negative functional-group branch counts with zero residual.,29.0,29.0,,,2,29.0,0.0,True,raw/2025-6_table06.json.gz,42dc093bcac6732f77bd8c7ec5b6979b2e839219ddf31ac0fc46580d6ea406fe,raw/2025-6_table06_info.json,337660a2daa288600e17df9f96ab82bd657169834f063f67e04841da631dd2c1,https://www.bddk.org.tr/BultenFinturk/tr/Home/MetaveriPdfIndir?tabloNo=6
2025-06,2025-06-30,ARTVİN,10004,KATILIM,SubeSayisi,Yurtiçi Şube Sayısı,,0.0,derived_zero_function_group_identity,SEKTOR = MEVDUAT + KATILIM + KALKINMA_VE_YATIRIM,Published sector total equals the sum of the three non-negative functional-group branch counts with zero residual.,29.0,29.0,,,2,29.0,0.0,True,raw/2025-6_table06.json.gz,42dc093bcac6732f77bd8c7ec5b6979b2e839219ddf31ac0fc46580d6ea406fe,raw/2025-6_table06_info.json,337660a2daa288600e17df9f96ab82bd657169834f063f67e04841da631dd2c1,https://www.bddk.org.tr/BultenFinturk/tr/Home/MetaveriPdfIndir?tabloNo=6
2025-06,2025-06-30,AĞRI,10003,KALKINMA VE YATIRIM,SubeSayisi,Yurtiçi Şube Sayısı,,0.0,derived_zero_function_group_identity,SEKTOR = MEVDUAT + KATILIM + KALKINMA_VE_YATIRIM,Published sector total equals the sum of the three non-negative functional-group branch counts with zero residual.,24.0,22.0,,2.0,1,24.0,0.0,True,raw/2025-6_table06.json.gz,42dc093bcac6732f77bd8c7ec5b6979b2e839219ddf31ac0fc46580d6ea406fe,raw/2025-6_table06_info.json,337660a2daa288600e17df9f96ab82bd657169834f063f67e04841da631dd2c1,https://www.bddk.org.tr/BultenFinturk/tr/Home/MetaveriPdfIndir?tabloNo=6
2025-06,2025-06-30,BALIKESİR,10003,KALKINMA VE YATIRIM,SubeSayisi,Yurtiçi Şube Sayısı,,0.0,derived_zero_function_group_identity,SEKTOR = MEVDUAT + KATILIM + KALKINMA_VE_YATIRIM,Published sector total equals the sum of the three non-negative functional-group branch counts with zero residual.,152.0,139.0,,13.0,1,152.0,0.0,True,raw/2025-6_table06.json.gz,42dc093bcac6732f77bd8c7ec5b6979b2e839219ddf31ac0fc46580d6ea406fe,raw/2025-6_table06_info.json,337660a2daa288600e17df9f96ab82bd657169834f063f67e04841da631dd2c1,https://www.bddk.org.tr/BultenFinturk/tr/Home/MetaveriPdfIndir?tabloNo=6
2025-06,2025-06-30,BARTIN,10003,KALKINMA VE YATIRIM,SubeSayisi,Yurtiçi Şube Sayısı,,0.0,derived_zero_function_group_identity,SEKTOR = MEVDUAT + KATILIM + KALKINMA_VE_YATIRIM,Published sector total equals the sum of the three non-negative functional-group branch counts with zero residual.,22.0,20.0,,2.0,1,22.0,0.0,True,raw/2025-6_table06.json.gz,42dc093bcac6732f77bd8c7ec5b6979b2e839219ddf31ac0fc46580d6ea406fe,raw/2025-6_table06_info.json,337660a2daa288600e17df9f96ab82bd657169834f063f67e04841da631dd2c1,https://www.bddk.org.tr/BultenFinturk/tr/Home/MetaveriPdfIndir?tabloNo=6
2025-06,2025-06-30,BATMAN,10003,KALKINMA VE YATIRIM,SubeSayisi,Yurtiçi Şube Sayısı,,0.0,derived_zero_function_group_identity,SEKTOR = MEVDUAT + KATILIM + KALKINMA_VE_YATIRIM,Published sector total equals the sum of the three non-negative functional-group branch counts with zero residual.,32.0,25.0,,7.0,1,32.0,0.0,True,raw/2025-6_table06.json.gz,42dc093bcac6732f77bd8c7ec5b6979b2e839219ddf31ac0fc46580d6ea406fe,raw/2025-6_table06_info.json,337660a2daa288600e17df9f96ab82bd657169834f063f67e04841da631dd2c1,https://www.bddk.org.tr/BultenFinturk/tr/Home/MetaveriPdfIndir?tabloNo=6
2025-06,2025-06-30,BAYBURT,10003,KALKINMA VE YATIRIM,SubeSayisi,Yurtiçi Şube Sayısı,,0.0,derived_zero_function_group_identity,SEKTOR = MEVDUAT + KATILIM + KALKINMA_VE_YATIRIM,Published sector total equals the sum of the three non-negative functional-group branch counts with zero residual.,10.0,9.0,,1.0,1,10.0,0.0,True,raw/2025-6_table06.json.gz,42dc093bcac6732f77bd8c7ec5b6979b2e839219ddf31ac0fc46580d6ea406fe,raw/2025-6_table06_info.json,337660a2daa288600e17df9f96ab82bd657169834f063f67e04841da631dd2c1,https://www.bddk.org.tr/BultenFinturk/tr/Home/MetaveriPdfIndir?tabloNo=6
2025-06,2025-06-30,BOLU,10003,KALKINMA VE YATIRIM,SubeSayisi,Yurtiçi Şube Sayısı,,0.0,derived_zero_function_group_identity,SEKTOR = MEVDUAT + KATILIM + KALKINMA_VE_YATIRIM,Published sector total equals the sum of the three non-negative functional-group branch counts with zero residual.,36.0,31.0,,5.0,1,36.0,0.0,True,raw/2025-6_table06.json.gz,42dc093bcac6732f77bd8c7ec5b6979b2e839219ddf31ac0fc46580d6ea406fe,raw/2025-6_table06_info.json,337660a2daa288600e17df9f96ab82bd657169834f063f67e04841da631dd2c1,https://www.bddk.org.tr/BultenFinturk/tr/Home/MetaveriPdfIndir?tabloNo=6
2025-06,2025-06-30,BURDUR,10003,KALKINMA VE YATIRIM,SubeSayisi,Yurtiçi Şube Sayısı,,0.0,derived_zero_function_group_identity,SEKTOR = MEVDUAT + KATILIM + KALKINMA_VE_YATIRIM,Published sector total equals the sum of the three non-negative functional-group branch counts with zero residual.,36.0,34.0,,2.0,1,36.0,0.0,True,raw/2025-6_table06.json.gz,42dc093bcac6732f77bd8c7ec5b6979b2e839219ddf31ac0fc46580d6ea406fe,raw/2025-6_table06_info.json,337660a2daa288600e17df9f96ab82bd657169834f063f67e04841da631dd2c1,https://www.bddk.org.tr/BultenFinturk/tr/Home/MetaveriPdfIndir?tabloNo=6
2025-06,2025-06-30,BİLECİK,10003,KALKINMA VE YATIRIM,SubeSayisi,Yurtiçi Şube Sayısı,,0.0,derived_zero_function_group_identity,SEKTOR = MEVDUAT + KATILIM + KALKINMA_VE_YATIRIM,Published sector total equals the sum of the three non-negative functional-group branch counts with zero residual.,29.0,28.0,,1.0,1,29.0,0.0,True,raw/2025-6_table06.json.gz,42dc093bcac6732f77bd8c7ec5b6979b2e839219ddf31ac0fc46580d6ea406fe,raw/2025-6_table06_info.json,337660a2daa288600e17df9f96ab82bd657169834f063f67e04841da631dd2c1,https://www.bddk.org.tr/BultenFinturk/tr/Home/MetaveriPdfIndir?tabloNo=6
2025-06,2025-06-30,BİNGÖL,10003,KALKINMA VE YATIRIM,SubeSayisi,Yurtiçi Şube Sayısı,,0.0,derived_zero_function_group_identity,SEKTOR = MEVDUAT + KATILIM + KALKINMA_VE_YATIRIM,Published sector total equals the sum of the three non-negative functional-group branch counts with zero residual.,18.0,15.0,,3.0,1,18.0,0.0,True,raw/2025-6_table06.json.gz,42dc093bcac6732f77bd8c7ec5b6979b2e839219ddf31ac0fc46580d6ea406fe,raw/2025-6_table06_info.json,337660a2daa288600e17df9f96ab82bd657169834f063f67e04841da631dd2c1,https://www.bddk.org.tr/BultenFinturk/tr/Home/MetaveriPdfIndir?tabloNo=6
2025-06,2025-06-30,BİTLİS,10003,KALKINMA VE YATIRIM,SubeSayisi,Yurtiçi Şube Sayısı,,0.0,derived_zero_function_group_identity,SEKTOR = MEVDUAT + KATILIM + KALKINMA_VE_YATIRIM,Published sector total equals the sum of the three non-negative functional-group branch counts with zero residual.,21.0,20.0,,1.0,1,21.0,0.0,True,raw/2025-6_table06.json.gz,42dc093bcac6732f77bd8c7ec5b6979b2e839219ddf31ac0fc46580d6ea406fe,raw/2025-6_table06_info.json,337660a2daa288600e17df9f96ab82bd657169834f063f67e04841da631dd2c1,https://www.bddk.org.tr/BultenFinturk/tr/Home/MetaveriPdfIndir?tabloNo=6
2025-06,2025-06-30,DÜZCE,10003,KALKINMA VE YATIRIM,SubeSayisi,Yurtiçi Şube Sayısı,,0.0,derived_zero_function_group_identity,SEKTOR = MEVDUAT + KATILIM + KALKINMA_VE_YATIRIM,Published sector total equals the sum of the three non-negative functional-group branch counts with zero residual.,36.0,29.0,,7.0,1,36.0,0.0,True,raw/2025-6_table06.json.gz,42dc093bcac6732f77bd8c7ec5b6979b2e839219ddf31ac0fc46580d6ea406fe,raw/2025-6_table06_info.json,337660a2daa288600e17df9f96ab82bd657169834f063f67e04841da631dd2c1,https://www.bddk.org.tr/BultenFinturk/tr/Home/MetaveriPdfIndir?tabloNo=6
2025-06,2025-06-30,EDİRNE,10003,KALKINMA VE YATIRIM,SubeSayisi,Yurtiçi Şube Sayısı,,0.0,derived_zero_function_group_identity,SEKTOR = MEVDUAT + KATILIM + KALKINMA_VE_YATIRIM,Published sector total equals the sum of the three non-negative functional-group branch counts with zero residual.,55.0,51.0,,4.0,1,55.0,0.0,True,raw/2025-6_table06.json.gz,42dc093bcac6732f77bd8c7ec5b6979b2e839219ddf31ac0fc46580d6ea406fe,raw/2025-6_table06_info.json,337660a2daa288600e17df9f96ab82bd657169834f063f67e04841da631dd2c1,https://www.bddk.org.tr/BultenFinturk/tr/Home/MetaveriPdfIndir?tabloNo=6
2025-06,2025-06-30,ERZİNCAN,10003,KALKINMA VE YATIRIM,SubeSayisi,Yurtiçi Şube Sayısı,,0.0,derived_zero_function_group_identity,SEKTOR = MEVDUAT + KATILIM + KALKINMA_VE_YATIRIM,Published sector total equals the sum of the three non-negative functional-group branch counts with zero residual.,29.0,24.0,,5.0,1,29.0,0.0,True,raw/2025-6_table06.json.gz,42dc093bcac6732f77bd8c7ec5b6979b2e839219ddf31ac0fc46580d6ea406fe,raw/2025-6_table06_info.json,337660a2daa288600e17df9f96ab82bd657169834f063f67e04841da631dd2c1,https://www.bddk.org.tr/BultenFinturk/tr/Home/MetaveriPdfIndir?tabloNo=6
2025-06,2025-06-30,GÜMÜŞHANE,10003,KALKINMA VE YATIRIM,SubeSayisi,Yurtiçi Şube Sayısı,,0.0,derived_zero_function_group_identity,SEKTOR = MEVDUAT + KATILIM + KALKINMA_VE_YATIRIM,Published sector total equals the sum of the three non-negative functional-group branch counts with zero residual.,20.0,19.0,,1.0,1,20.0,0.0,True,raw/2025-6_table06.json.gz,42dc093bcac6732f77bd8c7ec5b6979b2e839219ddf31ac0fc46580d6ea406fe,raw/2025-6_table06_info.json,337660a2daa288600e17df9f96ab82bd657169834f063f67e04841da631dd2c1,https://www.bddk.org.tr/BultenFinturk/tr/Home/MetaveriPdfIndir?tabloNo=6
2025-06,2025-06-30,GİRESUN,10003,KALKINMA VE YATIRIM,SubeSayisi,Yurtiçi Şube Sayısı,,0.0,derived_zero_function_group_identity,SEKTOR = MEVDUAT + KATILIM + KALKINMA_VE_YATIRIM,Published sector total equals the sum of the three non-negative functional-group branch counts with zero residual.,55.0,50.0,,5.0,1,55.0,0.0,True,raw/2025-6_table06.json.gz,42dc093bcac6732f77bd8c7ec5b6979b2e839219ddf31ac0fc46580d6ea406fe,raw/2025-6_table06_info.json,337660a2daa288600e17df9f96ab82bd657169834f063f67e04841da631dd2c1,https://www.bddk.org.tr/BultenFinturk/tr/Home/MetaveriPdfIndir?tabloNo=6
2025-06,2025-06-30,HAKKARİ,10003,KALKINMA VE YATIRIM,SubeSayisi,Yurtiçi Şube Sayısı,,0.0,derived_zero_function_group_identity,SEKTOR = MEVDUAT + KATILIM + KALKINMA_VE_YATIRIM,Published sector total equals the sum of the three non-negative functional-group branch counts with zero residual.,14.0,14.0,,,2,14.0,0.0,True,raw/2025-6_table06.json.gz,42dc093bcac6732f77bd8c7ec5b6979b2e839219ddf31ac0fc46580d6ea406fe,raw/2025-6_table06_info.json,337660a2daa288600e17df9f96ab82bd657169834f063f67e04841da631dd2c1,https://www.bddk.org.tr/BultenFinturk/tr/Home/MetaveriPdfIndir?tabloNo=6
2025-06,2025-06-30,HAKKARİ,10004,KATILIM,SubeSayisi,Yurtiçi Şube Sayısı,,0.0,derived_zero_function_group_identity,SEKTOR = MEVDUAT + KATILIM + KALKINMA_VE_YATIRIM,Published sector total equals the sum of the three non-negative functional-group branch counts with zero residual.,14.0,14.0,,,2,14.0,0.0,True,raw/2025-6_table06.json.gz,42dc093bcac6732f77bd8c7ec5b6979b2e839219ddf31ac0fc46580d6ea406fe,raw/2025-6_table06_info.json,337660a2daa288600e17df9f96ab82bd657169834f063f67e04841da631dd2c1,https://www.bddk.org.tr/BultenFinturk/tr/Home/MetaveriPdfIndir?tabloNo=6
2025-06,2025-06-30,ISPARTA,10003,KALKINMA VE YATIRIM,SubeSayisi,Yurtiçi Şube Sayısı,,0.0,derived_zero_function_group_identity,SEKTOR = MEVDUAT + KATILIM + KALKINMA_VE_YATIRIM,Published sector total equals the sum of the three non-negative functional-group branch counts with zero residual.,53.0,46.0,,7.0,1,53.0,0.0,True,raw/2025-6_table06.json.gz,42dc093bcac6732f77bd8c7ec5b6979b2e839219ddf31ac0fc46580d6ea406fe,raw/2025-6_table06_info.json,337660a2daa288600e17df9f96ab82bd657169834f063f67e04841da631dd2c1,https://www.bddk.org.tr/BultenFinturk/tr/Home/MetaveriPdfIndir?tabloNo=6
2025-06,2025-06-30,IĞDIR,10003,KALKINMA VE YATIRIM,SubeSayisi,Yurtiçi Şube Sayısı,,0.0,derived_zero_function_group_identity,SEKTOR = MEVDUAT + KATILIM + KALKINMA_VE_YATIRIM,Published sector total equals the sum of the three non-negative functional-group branch counts with zero residual.,16.0,15.0,,1.0,1,16.0,0.0,True,raw/2025-6_table06.json.gz,42dc093bcac6732f77bd8c7ec5b6979b2e839219ddf31ac0fc46580d6ea406fe,raw/2025-6_table06_info.json,337660a2daa288600e17df9f96ab82bd657169834f063f67e04841da631dd2c1,https://www.bddk.org.tr/BultenFinturk/tr/Home/MetaveriPdfIndir?tabloNo=6
2025-06,2025-06-30,KARABÜK,10003,KALKINMA VE YATIRIM,SubeSayisi,Yurtiçi Şube Sayısı,,0.0,derived_zero_function_group_identity,SEKTOR = MEVDUAT + KATILIM + KALKINMA_VE_YATIRIM,Published sector total equals the sum of the three non-negative functional-group branch counts with zero residual.,31.0,25.0,,6.0,1,31.0,0.0,True,raw/2025-6_table06.json.gz,42dc093bcac6732f77bd8c7ec5b6979b2e839219ddf31ac0fc46580d6ea406fe,raw/2025-6_table06_info.json,337660a2daa288600e17df9f96ab82bd657169834f063f67e04841da631dd2c1,https://www.bddk.org.tr/BultenFinturk/tr/Home/MetaveriPdfIndir?tabloNo=6
2025-06,2025-06-30,KARAMAN,10003,KALKINMA VE YATIRIM,SubeSayisi,Yurtiçi Şube Sayısı,,0.0,derived_zero_function_group_identity,SEKTOR = MEVDUAT + KATILIM + KALKINMA_VE_YATIRIM,Published sector total equals the sum of the three non-negative functional-group branch counts with zero residual.,27.0,21.0,,6.0,1,27.0,0.0,True,raw/2025-6_table06.json.gz,42dc093bcac6732f77bd8c7ec5b6979b2e839219ddf31ac0fc46580d6ea406fe,raw/2025-6_table06_info.json,337660a2daa288600e17df9f96ab82bd657169834f063f67e04841da631dd2c1,https://www.bddk.org.tr/BultenFinturk/tr/Home/MetaveriPdfIndir?tabloNo=6
2025-06,2025-06-30,KARS,10003,KALKINMA VE YATIRIM,SubeSayisi,Yurtiçi Şube Sayısı,,0.0,derived_zero_function_group_identity,SEKTOR = MEVDUAT + KATILIM + KALKINMA_VE_YATIRIM,Published sector total equals the sum of the three non-negative functional-group branch counts with zero residual.,25.0,24.0,,1.0,1,25.0,0.0,True,raw/2025-6_table06.json.gz,42dc093bcac6732f77bd8c7ec5b6979b2e839219ddf31ac0fc46580d6ea406fe,raw/2025-6_table06_info.json,337660a2daa288600e17df9f96ab82bd657169834f063f67e04841da631dd2c1,https://www.bddk.org.tr/BultenFinturk/tr/Home/MetaveriPdfIndir?tabloNo=6
2025-06,2025-06-30,KIRIKKALE,10003,KALKINMA VE YATIRIM,SubeSayisi,Yurtiçi Şube Sayısı,,0.0,derived_zero_function_group_identity,SEKTOR = MEVDUAT + KATILIM + KALKINMA_VE_YATIRIM,Published sector total equals the sum of the three non-negative functional-group branch counts with zero residual.,28.0,25.0,,3.0,1,28.0,0.0,True,raw/2025-6_table06.json.gz,42dc093bcac6732f77bd8c7ec5b6979b2e839219ddf31ac0fc46580d6ea406fe,raw/2025-6_table06_info.json,337660a2daa288600e17df9f96ab82bd657169834f063f67e04841da631dd2c1,https://www.bddk.org.tr/BultenFinturk/tr/Home/MetaveriPdfIndir?tabloNo=6
2025-06,2025-06-30,KIRKLARELİ,10003,KALKINMA VE YATIRIM,SubeSayisi,Yurtiçi Şube Sayısı,,0.0,derived_zero_function_group_identity,SEKTOR = MEVDUAT + KATILIM + KALKINMA_VE_YATIRIM,Published sector total equals the sum of the three non-negative functional-group branch counts with zero residual.,43.0,42.0,,1.0,1,43.0,0.0,True,raw/2025-6_table06.json.gz,42dc093bcac6732f77bd8c7ec5b6979b2e839219ddf31ac0fc46580d6ea406fe,raw/2025-6_table06_info.json,337660a2daa288600e17df9f96ab82bd657169834f063f67e04841da631dd2c1,https://www.bddk.org.tr/BultenFinturk/tr/Home/MetaveriPdfIndir?tabloNo=6
2025-06,2025-06-30,KIRŞEHİR,10003,KALKINMA VE YATIRIM,SubeSayisi,Yurtiçi Şube Sayısı,,0.0,derived_zero_function_group_identity,SEKTOR = MEVDUAT + KATILIM + KALKINMA_VE_YATIRIM,Published sector total equals the sum of the three non-negative functional-group branch counts with zero residual.,26.0,23.0,,3.0,1,26.0,0.0,True,raw/2025-6_table06.json.gz,42dc093bcac6732f77bd8c7ec5b6979b2e839219ddf31ac0fc46580d6ea406fe,raw/2025-6_table06_info.json,337660a2daa288600e17df9f96ab82bd657169834f063f67e04841da631dd2c1,https://www.bddk.org.tr/BultenFinturk/tr/Home/MetaveriPdfIndir?tabloNo=6
2025-06,2025-06-30,KÜTAHYA,10003,KALKINMA VE YATIRIM,SubeSayisi,Yurtiçi Şube Sayısı,,0.0,derived_zero_function_group_identity,SEKTOR = MEVDUAT + KATILIM + KALKINMA_VE_YATIRIM,Published sector total equals the sum of the three non-negative functional-group branch counts with zero residual.,52.0,45.0,,7.0,1,52.0,0.0,True,raw/2025-6_table06.json.gz,42dc093bcac6732f77bd8c7ec5b6979b2e839219ddf31ac0fc46580d6ea406fe,raw/2025-6_table06_info.json,337660a2daa288600e17df9f96ab82bd657169834f063f67e04841da631dd2c1,https://www.bddk.org.tr/BultenFinturk/tr/Home/MetaveriPdfIndir?tabloNo=6
2025-06,2025-06-30,KİLİS,10003,KALKINMA VE YATIRIM,SubeSayisi,Yurtiçi Şube Sayısı,,0.0,derived_zero_function_group_identity,SEKTOR = MEVDUAT + KATILIM + KALKINMA_VE_YATIRIM,Published sector total equals the sum of the three non-negative functional-group branch counts with zero residual.,10.0,9.0,,1.0,1,10.0,0.0,True,raw/2025-6_table06.json.gz,42dc093bcac6732f77bd8c7ec5b6979b2e839219ddf31ac0fc46580d6ea406fe,raw/2025-6_table06_info.json,337660a2daa288600e17df9f96ab82bd657169834f063f67e04841da631dd2c1,https://www.bddk.org.tr/BultenFinturk/tr/Home/MetaveriPdfIndir?tabloNo=6
2025-06,2025-06-30,MALATYA,10003,KALKINMA VE YATIRIM,SubeSayisi,Yurtiçi Şube Sayısı,,0.0,derived_zero_function_group_identity,SEKTOR = MEVDUAT + KATILIM + KALKINMA_VE_YATIRIM,Published sector total equals the sum of the three non-negative functional-group branch counts with zero residual.,61.0,53.0,,8.0,1,61.0,0.0,True,raw/2025-6_table06.json.gz,42dc093bcac6732f77bd8c7ec5b6979b2e839219ddf31ac0fc46580d6ea406fe,raw/2025-6_table06_info.json,337660a2daa288600e17df9f96ab82bd657169834f063f67e04841da631dd2c1,https://www.bddk.org.tr/BultenFinturk/tr/Home/MetaveriPdfIndir?tabloNo=6
2025-06,2025-06-30,MARDİN,10003,KALKINMA VE YATIRIM,SubeSayisi,Yurtiçi Şube Sayısı,,0.0,derived_zero_function_group_identity,SEKTOR = MEVDUAT + KATILIM + KALKINMA_VE_YATIRIM,Published sector total equals the sum of the three non-negative functional-group branch counts with zero residual.,47.0,41.0,,6.0,1,47.0,0.0,True,raw/2025-6_table06.json.gz,42dc093bcac6732f77bd8c7ec5b6979b2e839219ddf31ac0fc46580d6ea406fe,raw/2025-6_table06_info.json,337660a2daa288600e17df9f96ab82bd657169834f063f67e04841da631dd2c1,https://www.bddk.org.tr/BultenFinturk/tr/Home/MetaveriPdfIndir?tabloNo=6
2025-06,2025-06-30,MUŞ,10003,KALKINMA VE YATIRIM,SubeSayisi,Yurtiçi Şube Sayısı,,0.0,derived_zero_function_group_identity,SEKTOR = MEVDUAT + KATILIM + KALKINMA_VE_YATIRIM,Published sector total equals the sum of the three non-negative functional-group branch counts with zero residual.,20.0,17.0,,3.0,1,20.0,0.0,True,raw/2025-6_table06.json.gz,42dc093bcac6732f77bd8c7ec5b6979b2e839219ddf31ac0fc46580d6ea406fe,raw/2025-6_table06_info.json,337660a2daa288600e17df9f96ab82bd657169834f063f67e04841da631dd2c1,https://www.bddk.org.tr/BultenFinturk/tr/Home/MetaveriPdfIndir?tabloNo=6
2025-06,2025-06-30,NEVŞEHİR,10003,KALKINMA VE YATIRIM,SubeSayisi,Yurtiçi Şube Sayısı,,0.0,derived_zero_function_group_identity,SEKTOR = MEVDUAT + KATILIM + KALKINMA_VE_YATIRIM,Published sector total equals the sum of the three non-negative functional-group branch counts with zero residual.,43.0,37.0,,6.0,1,43.0,0.0,True,raw/2025-6_table06.json.gz,42dc093bcac6732f77bd8c7ec5b6979b2e839219ddf31ac0fc46580d6ea406fe,raw/2025-6_table06_info.json,337660a2daa288600e17df9f96ab82bd657169834f063f67e04841da631dd2c1,https://www.bddk.org.tr/BultenFinturk/tr/Home/MetaveriPdfIndir?tabloNo=6
2025-06,2025-06-30,NİĞDE,10003,KALKINMA VE YATIRIM,SubeSayisi,Yurtiçi Şube Sayısı,,0.0,derived_zero_function_group_identity,SEKTOR = MEVDUAT + KATILIM + KALKINMA_VE_YATIRIM,Published sector total equals the sum of the three non-negative functional-group branch counts with zero residual.,30.0,26.0,,4.0,1,30.0,0.0,True,raw/2025-6_table06.json.gz,42dc093bcac6732f77bd8c7ec5b6979b2e839219ddf31ac0fc46580d6ea406fe,raw/2025-6_table06_info.json,337660a2daa288600e17df9f96ab82bd657169834f063f67e04841da631dd2c1,https://www.bddk.org.tr/BultenFinturk/tr/Home/MetaveriPdfIndir?tabloNo=6
2025-06,2025-06-30,ORDU,10003,KALKINMA VE YATIRIM,SubeSayisi,Yurtiçi Şube Sayısı,,0.0,derived_zero_function_group_identity,SEKTOR = MEVDUAT + KATILIM + KALKINMA_VE_YATIRIM,Published sector total equals the sum of the three non-negative functional-group branch counts with zero residual.,74.0,67.0,,7.0,1,74.0,0.0,True,raw/2025-6_table06.json.gz,42dc093bcac6732f77bd8c7ec5b6979b2e839219ddf31ac0fc46580d6ea406fe,raw/2025-6_table06_info.json,337660a2daa288600e17df9f96ab82bd657169834f063f67e04841da631dd2c1,https://www.bddk.org.tr/BultenFinturk/tr/Home/MetaveriPdfIndir?tabloNo=6
2025-06,2025-06-30,OSMANİYE,10003,KALKINMA VE YATIRIM,SubeSayisi,Yurtiçi Şube Sayısı,,0.0,derived_zero_function_group_identity,SEKTOR = MEVDUAT + KATILIM + KALKINMA_VE_YATIRIM,Published sector total equals the sum of the three non-negative functional-group branch counts with zero residual.,39.0,33.0,,6.0,1,39.0,0.0,True,raw/2025-6_table06.json.gz,42dc093bcac6732f77bd8c7ec5b6979b2e839219ddf31ac0fc46580d6ea406fe,raw/2025-6_table06_info.json,337660a2daa288600e17df9f96ab82bd657169834f063f67e04841da631dd2c1,https://www.bddk.org.tr/BultenFinturk/tr/Home/MetaveriPdfIndir?tabloNo=6
2025-06,2025-06-30,RİZE,10003,KALKINMA VE YATIRIM,SubeSayisi,Yurtiçi Şube Sayısı,,0.0,derived_zero_function_group_identity,SEKTOR = MEVDUAT + KATILIM + KALKINMA_VE_YATIRIM,Published sector total equals the sum of the three non-negative functional-group branch counts with zero residual.,46.0,40.0,,6.0,1,46.0,0.0,True,raw/2025-6_table06.json.gz,42dc093bcac6732f77bd8c7ec5b6979b2e839219ddf31ac0fc46580d6ea406fe,raw/2025-6_table06_info.json,337660a2daa288600e17df9f96ab82bd657169834f063f67e04841da631dd2c1,https://www.bddk.org.tr/BultenFinturk/tr/Home/MetaveriPdfIndir?tabloNo=6
2025-06,2025-06-30,SAKARYA,10003,KALKINMA VE YATIRIM,SubeSayisi,Yurtiçi Şube Sayısı,,0.0,derived_zero_function_group_identity,SEKTOR = MEVDUAT + KATILIM + KALKINMA_VE_YATIRIM,Published sector total equals the sum of the three non-negative functional-group branch counts with zero residual.,113.0,100.0,,13.0,1,113.0,0.0,True,raw/2025-6_table06.json.gz,42dc093bcac6732f77bd8c7ec5b6979b2e839219ddf31ac0fc46580d6ea406fe,raw/2025-6_table06_info.json,337660a2daa288600e17df9f96ab82bd657169834f063f67e04841da631dd2c1,https://www.bddk.org.tr/BultenFinturk/tr/Home/MetaveriPdfIndir?tabloNo=6
2025-06,2025-06-30,SİNOP,10003,KALKINMA VE YATIRIM,SubeSayisi,Yurtiçi Şube Sayısı,,0.0,derived_zero_function_group_identity,SEKTOR = MEVDUAT + KATILIM + KALKINMA_VE_YATIRIM,Published sector total equals the sum of the three non-negative functional-group branch counts with zero residual.,30.0,30.0,,,2,30.0,0.0,True,raw/2025-6_table06.json.gz,42dc093bcac6732f77bd8c7ec5b6979b2e839219ddf31ac0fc46580d6ea406fe,raw/2025-6_table06_info.json,337660a2daa288600e17df9f96ab82bd657169834f063f67e04841da631dd2c1,https://www.bddk.org.tr/BultenFinturk/tr/Home/MetaveriPdfIndir?tabloNo=6
2025-06,2025-06-30,SİNOP,10004,KATILIM,SubeSayisi,Yurtiçi Şube Sayısı,,0.0,derived_zero_function_group_identity,SEKTOR = MEVDUAT + KATILIM + KALKINMA_VE_YATIRIM,Published sector total equals the sum of the three non-negative functional-group branch counts with zero residual.,30.0,30.0,,,2,30.0,0.0,True,raw/2025-6_table06.json.gz,42dc093bcac6732f77bd8c7ec5b6979b2e839219ddf31ac0fc46580d6ea406fe,raw/2025-6_table06_info.json,337660a2daa288600e17df9f96ab82bd657169834f063f67e04841da631dd2c1,https://www.bddk.org.tr/BultenFinturk/tr/Home/MetaveriPdfIndir?tabloNo=6
2025-06,2025-06-30,SİİRT,10003,KALKINMA VE YATIRIM,SubeSayisi,Yurtiçi Şube Sayısı,,0.0,derived_zero_function_group_identity,SEKTOR = MEVDUAT + KATILIM + KALKINMA_VE_YATIRIM,Published sector total equals the sum of the three non-negative functional-group branch counts with zero residual.,21.0,16.0,,5.0,1,21.0,0.0,True,raw/2025-6_table06.json.gz,42dc093bcac6732f77bd8c7ec5b6979b2e839219ddf31ac0fc46580d6ea406fe,raw/2025-6_table06_info.json,337660a2daa288600e17df9f96ab82bd657169834f063f67e04841da631dd2c1,https://www.bddk.org.tr/BultenFinturk/tr/Home/MetaveriPdfIndir?tabloNo=6
2025-06,2025-06-30,TOKAT,10003,KALKINMA VE YATIRIM,SubeSayisi,Yurtiçi Şube Sayısı,,0.0,derived_zero_function_group_identity,SEKTOR = MEVDUAT + KATILIM + KALKINMA_VE_YATIRIM,Published sector total equals the sum of the three non-negative functional-group branch counts with zero residual.,58.0,52.0,,6.0,1,58.0,0.0,True,raw/2025-6_table06.json.gz,42dc093bcac6732f77bd8c7ec5b6979b2e839219ddf31ac0fc46580d6ea406fe,raw/2025-6_table06_info.json,337660a2daa288600e17df9f96ab82bd657169834f063f67e04841da631dd2c1,https://www.bddk.org.tr/BultenFinturk/tr/Home/MetaveriPdfIndir?tabloNo=6
2025-06,2025-06-30,TUNCELİ,10003,KALKINMA VE YATIRIM,SubeSayisi,Yurtiçi Şube Sayısı,,0.0,derived_zero_function_group_identity,SEKTOR = MEVDUAT + KATILIM + KALKINMA_VE_YATIRIM,Published sector total equals the sum of the three non-negative functional-group branch counts with zero residual.,13.0,13.0,,,2,13.0,0.0,True,raw/2025-6_table06.json.gz,42dc093bcac6732f77bd8c7ec5b6979b2e839219ddf31ac0fc46580d6ea406fe,raw/2025-6_table06_info.json,337660a2daa288600e17df9f96ab82bd657169834f063f67e04841da631dd2c1,https://www.bddk.org.tr/BultenFinturk/tr/Home/MetaveriPdfIndir?tabloNo=6
2025-06,2025-06-30,TUNCELİ,10004,KATILIM,SubeSayisi,Yurtiçi Şube Sayısı,,0.0,derived_zero_function_group_identity,SEKTOR = MEVDUAT + KATILIM + KALKINMA_VE_YATIRIM,Published sector total equals the sum of the three non-negative functional-group branch counts with zero residual.,13.0,13.0,,,2,13.0,0.0,True,raw/2025-6_table06.json.gz,42dc093bcac6732f77bd8c7ec5b6979b2e839219ddf31ac0fc46580d6ea406fe,raw/2025-6_table06_info.json,337660a2daa288600e17df9f96ab82bd657169834f063f67e04841da631dd2c1,https://www.bddk.org.tr/BultenFinturk/tr/Home/MetaveriPdfIndir?tabloNo=6
2025-06,2025-06-30,UŞAK,10003,KALKINMA VE YATIRIM,SubeSayisi,Yurtiçi Şube Sayısı,,0.0,derived_zero_function_group_identity,SEKTOR = MEVDUAT + KATILIM + KALKINMA_VE_YATIRIM,Published sector total equals the sum of the three non-negative functional-group branch counts with zero residual.,44.0,39.0,,5.0,1,44.0,0.0,True,raw/2025-6_table06.json.gz,42dc093bcac6732f77bd8c7ec5b6979b2e839219ddf31ac0fc46580d6ea406fe,raw/2025-6_table06_info.json,337660a2daa288600e17df9f96ab82bd657169834f063f67e04841da631dd2c1,https://www.bddk.org.tr/BultenFinturk/tr/Home/MetaveriPdfIndir?tabloNo=6
2025-06,2025-06-30,YALOVA,10003,KALKINMA VE YATIRIM,SubeSayisi,Yurtiçi Şube Sayısı,,0.0,derived_zero_function_group_identity,SEKTOR = MEVDUAT + KATILIM + KALKINMA_VE_YATIRIM,Published sector total equals the sum of the three non-negative functional-group branch counts with zero residual.,30.0,24.0,,6.0,1,30.0,0.0,True,raw/2025-6_table06.json.gz,42dc093bcac6732f77bd8c7ec5b6979b2e839219ddf31ac0fc46580d6ea406fe,raw/2025-6_table06_info.json,337660a2daa288600e17df9f96ab82bd657169834f063f67e04841da631dd2c1,https://www.bddk.org.tr/BultenFinturk/tr/Home/MetaveriPdfIndir?tabloNo=6
2025-06,2025-06-30,YOZGAT,10003,KALKINMA VE YATIRIM,SubeSayisi,Yurtiçi Şube Sayısı,,0.0,derived_zero_function_group_identity,SEKTOR = MEVDUAT + KATILIM + KALKINMA_VE_YATIRIM,Published sector total equals the sum of the three non-negative functional-group branch counts with zero residual.,48.0,45.0,,3.0,1,48.0,0.0,True,raw/2025-6_table06.json.gz,42dc093bcac6732f77bd8c7ec5b6979b2e839219ddf31ac0fc46580d6ea406fe,raw/2025-6_table06_info.json,337660a2daa288600e17df9f96ab82bd657169834f063f67e04841da631dd2c1,https://www.bddk.org.tr/BultenFinturk/tr/Home/MetaveriPdfIndir?tabloNo=6
2025-06,2025-06-30,ZONGULDAK,10003,KALKINMA VE YATIRIM,SubeSayisi,Yurtiçi Şube Sayısı,,0.0,derived_zero_function_group_identity,SEKTOR = MEVDUAT + KATILIM + KALKINMA_VE_YATIRIM,Published sector total equals the sum of the three non-negative functional-group branch counts with zero residual.,61.0,58.0,,3.0,1,61.0,0.0,True,raw/2025-6_table06.json.gz,42dc093bcac6732f77bd8c7ec5b6979b2e839219ddf31ac0fc46580d6ea406fe,raw/2025-6_table06_info.json,337660a2daa288600e17df9f96ab82bd657169834f063f67e04841da631dd2c1,https://www.bddk.org.tr/BultenFinturk/tr/Home/MetaveriPdfIndir?tabloNo=6
2025-06,2025-06-30,ÇANAKKALE,10003,KALKINMA VE YATIRIM,SubeSayisi,Yurtiçi Şube Sayısı,,0.0,derived_zero_function_group_identity,SEKTOR = MEVDUAT + KATILIM + KALKINMA_VE_YATIRIM,Published sector total equals the sum of the three non-negative functional-group branch counts with zero residual.,76.0,72.0,,4.0,1,76.0,0.0,True,raw/2025-6_table06.json.gz,42dc093bcac6732f77bd8c7ec5b6979b2e839219ddf31ac0fc46580d6ea406fe,raw/2025-6_table06_info.json,337660a2daa288600e17df9f96ab82bd657169834f063f67e04841da631dd2c1,https://www.bddk.org.tr/BultenFinturk/tr/Home/MetaveriPdfIndir?tabloNo=6
2025-06,2025-06-30,ÇANKIRI,10003,KALKINMA VE YATIRIM,SubeSayisi,Yurtiçi Şube Sayısı,,0.0,derived_zero_function_group_identity,SEKTOR = MEVDUAT + KATILIM + KALKINMA_VE_YATIRIM,Published sector total equals the sum of the three non-negative functional-group branch counts with zero residual.,30.0,28.0,,2.0,1,30.0,0.0,True,raw/2025-6_table06.json.gz,42dc093bcac6732f77bd8c7ec5b6979b2e839219ddf31ac0fc46580d6ea406fe,raw/2025-6_table06_info.json,337660a2daa288600e17df9f96ab82bd657169834f063f67e04841da631dd2c1,https://www.bddk.org.tr/BultenFinturk/tr/Home/MetaveriPdfIndir?tabloNo=6
2025-06,2025-06-30,ÇORUM,10003,KALKINMA VE YATIRIM,SubeSayisi,Yurtiçi Şube Sayısı,,0.0,derived_zero_function_group_identity,SEKTOR = MEVDUAT + KATILIM + KALKINMA_VE_YATIRIM,Published sector total equals the sum of the three non-negative functional-group branch counts with zero residual.,59.0,53.0,,6.0,1,59.0,0.0,True,raw/2025-6_table06.json.gz,42dc093bcac6732f77bd8c7ec5b6979b2e839219ddf31ac0fc46580d6ea406fe,raw/2025-6_table06_info.json,337660a2daa288600e17df9f96ab82bd657169834f063f67e04841da631dd2c1,https://www.bddk.org.tr/BultenFinturk/tr/Home/MetaveriPdfIndir?tabloNo=6
2025-06,2025-06-30,ŞANLIURFA,10003,KALKINMA VE YATIRIM,SubeSayisi,Yurtiçi Şube Sayısı,,0.0,derived_zero_function_group_identity,SEKTOR = MEVDUAT + KATILIM + KALKINMA_VE_YATIRIM,Published sector total equals the sum of the three non-negative functional-group branch counts with zero residual.,91.0,77.0,,14.0,1,91.0,0.0,True,raw/2025-6_table06.json.gz,42dc093bcac6732f77bd8c7ec5b6979b2e839219ddf31ac0fc46580d6ea406fe,raw/2025-6_table06_info.json,337660a2daa288600e17df9f96ab82bd657169834f063f67e04841da631dd2c1,https://www.bddk.org.tr/BultenFinturk/tr/Home/MetaveriPdfIndir?tabloNo=6
2025-06,2025-06-30,ŞIRNAK,10003,KALKINMA VE YATIRIM,SubeSayisi,Yurtiçi Şube Sayısı,,0.0,derived_zero_function_group_identity,SEKTOR = MEVDUAT + KATILIM + KALKINMA_VE_YATIRIM,Published sector total equals the sum of the three non-negative functional-group branch counts with zero residual.,21.0,21.0,,,2,21.0,0.0,True,raw/2025-6_table06.json.gz,42dc093bcac6732f77bd8c7ec5b6979b2e839219ddf31ac0fc46580d6ea406fe,raw/2025-6_table06_info.json,337660a2daa288600e17df9f96ab82bd657169834f063f67e04841da631dd2c1,https://www.bddk.org.tr/BultenFinturk/tr/Home/MetaveriPdfIndir?tabloNo=6
2025-06,2025-06-30,ŞIRNAK,10004,KATILIM,SubeSayisi,Yurtiçi Şube Sayısı,,0.0,derived_zero_function_group_identity,SEKTOR = MEVDUAT + KATILIM + KALKINMA_VE_YATIRIM,Published sector total equals the sum of the three non-negative functional-group branch counts with zero residual.,21.0,21.0,,,2,21.0,0.0,True,raw/2025-6_table06.json.gz,42dc093bcac6732f77bd8c7ec5b6979b2e839219ddf31ac0fc46580d6ea406fe,raw/2025-6_table06_info.json,337660a2daa288600e17df9f96ab82bd657169834f063f67e04841da631dd2c1,https://www.bddk.org.tr/BultenFinturk/tr/Home/MetaveriPdfIndir?tabloNo=6
2025-09,2025-09-30,ADIYAMAN,10003,KALKINMA VE YATIRIM,SubeSayisi,Yurtiçi Şube Sayısı,,0.0,derived_zero_function_group_identity,SEKTOR = MEVDUAT + KATILIM + KALKINMA_VE_YATIRIM,Published sector total equals the sum of the three non-negative functional-group branch counts with zero residual.,39.0,34.0,,5.0,1,39.0,0.0,True,raw/2025-9_table06.json.gz,8fa15a50996f47080e81d5d9ab8048631068a9831070ecaf3f1f756faa73e2e4,raw/2025-9_table06_info.json,63367010675160c8c7e37c875c22d1c5940f03cb3b06206880eecb4b2292e7c4,https://www.bddk.org.tr/BultenFinturk/tr/Home/MetaveriPdfIndir?tabloNo=6
2025-09,2025-09-30,AFYONKARAHİSAR,10003,KALKINMA VE YATIRIM,SubeSayisi,Yurtiçi Şube Sayısı,,0.0,derived_zero_function_group_identity,SEKTOR = MEVDUAT + KATILIM + KALKINMA_VE_YATIRIM,Published sector total equals the sum of the three non-negative functional-group branch counts with zero residual.,86.0,79.0,,7.0,1,86.0,0.0,True,raw/2025-9_table06.json.gz,8fa15a50996f47080e81d5d9ab8048631068a9831070ecaf3f1f756faa73e2e4,raw/2025-9_table06_info.json,63367010675160c8c7e37c875c22d1c5940f03cb3b06206880eecb4b2292e7c4,https://www.bddk.org.tr/BultenFinturk/tr/Home/MetaveriPdfIndir?tabloNo=6
2025-09,2025-09-30,AKSARAY,10003,KALKINMA VE YATIRIM,SubeSayisi,Yurtiçi Şube Sayısı,,0.0,derived_zero_function_group_identity,SEKTOR = MEVDUAT + KATILIM + KALKINMA_VE_YATIRIM,Published sector total equals the sum of the three non-negative functional-group branch counts with zero residual.,39.0,31.0,,8.0,1,39.0,0.0,True,raw/2025-9_table06.json.gz,8fa15a50996f47080e81d5d9ab8048631068a9831070ecaf3f1f756faa73e2e4,raw/2025-9_table06_info.json,63367010675160c8c7e37c875c22d1c5940f03cb3b06206880eecb4b2292e7c4,https://www.bddk.org.tr/BultenFinturk/tr/Home/MetaveriPdfIndir?tabloNo=6
2025-09,2025-09-30,AMASYA,10003,KALKINMA VE YATIRIM,SubeSayisi,Yurtiçi Şube Sayısı,,0.0,derived_zero_function_group_identity,SEKTOR = MEVDUAT + KATILIM + KALKINMA_VE_YATIRIM,Published sector total equals the sum of the three non-negative functional-group branch counts with zero residual.,40.0,36.0,,4.0,1,40.0,0.0,True,raw/2025-9_table06.json.gz,8fa15a50996f47080e81d5d9ab8048631068a9831070ecaf3f1f756faa73e2e4,raw/2025-9_table06_info.json,63367010675160c8c7e37c875c22d1c5940f03cb3b06206880eecb4b2292e7c4,https://www.bddk.org.tr/BultenFinturk/tr/Home/MetaveriPdfIndir?tabloNo=6
2025-09,2025-09-30,ARDAHAN,10003,KALKINMA VE YATIRIM,SubeSayisi,Yurtiçi Şube Sayısı,,0.0,derived_zero_function_group_identity,SEKTOR = MEVDUAT + KATILIM + KALKINMA_VE_YATIRIM,Published sector total equals the sum of the three non-negative functional-group branch counts with zero residual.,12.0,12.0,,,2,12.0,0.0,True,raw/2025-9_table06.json.gz,8fa15a50996f47080e81d5d9ab8048631068a9831070ecaf3f1f756faa73e2e4,raw/2025-9_table06_info.json,63367010675160c8c7e37c875c22d1c5940f03cb3b06206880eecb4b2292e7c4,https://www.bddk.org.tr/BultenFinturk/tr/Home/MetaveriPdfIndir?tabloNo=6
2025-09,2025-09-30,ARDAHAN,10004,KATILIM,SubeSayisi,Yurtiçi Şube Sayısı,,0.0,derived_zero_function_group_identity,SEKTOR = MEVDUAT + KATILIM + KALKINMA_VE_YATIRIM,Published sector total equals the sum of the three non-negative functional-group branch counts with zero residual.,12.0,12.0,,,2,12.0,0.0,True,raw/2025-9_table06.json.gz,8fa15a50996f47080e81d5d9ab8048631068a9831070ecaf3f1f756faa73e2e4,raw/2025-9_table06_info.json,63367010675160c8c7e37c875c22d1c5940f03cb3b06206880eecb4b2292e7c4,https://www.bddk.org.tr/BultenFinturk/tr/Home/MetaveriPdfIndir?tabloNo=6
2025-09,2025-09-30,ARTVİN,10003,KALKINMA VE YATIRIM,SubeSayisi,Yurtiçi Şube Sayısı,,0.0,derived_zero_function_group_identity,SEKTOR = MEVDUAT + KATILIM + KALKINMA_VE_YATIRIM,Published sector total equals the sum of the three non-negative functional-group branch counts with zero residual.,29.0,29.0,,,2,29.0,0.0,True,raw/2025-9_table06.json.gz,8fa15a50996f47080e81d5d9ab8048631068a9831070ecaf3f1f756faa73e2e4,raw/2025-9_table06_info.json,63367010675160c8c7e37c875c22d1c5940f03cb3b06206880eecb4b2292e7c4,https://www.bddk.org.tr/BultenFinturk/tr/Home/MetaveriPdfIndir?tabloNo=6
2025-09,2025-09-30,ARTVİN,10004,KATILIM,SubeSayisi,Yurtiçi Şube Sayısı,,0.0,derived_zero_function_group_identity,SEKTOR = MEVDUAT + KATILIM + KALKINMA_VE_YATIRIM,Published sector total equals the sum of the three non-negative functional-group branch counts with zero residual.,29.0,29.0,,,2,29.0,0.0,True,raw/2025-9_table06.json.gz,8fa15a50996f47080e81d5d9ab8048631068a9831070ecaf3f1f756faa73e2e4,raw/2025-9_table06_info.json,63367010675160c8c7e37c875c22d1c5940f03cb3b06206880eecb4b2292e7c4,https://www.bddk.org.tr/BultenFinturk/tr/Home/MetaveriPdfIndir?tabloNo=6
2025-09,2025-09-30,AĞRI,10003,KALKINMA VE YATIRIM,SubeSayisi,Yurtiçi Şube Sayısı,,0.0,derived_zero_function_group_identity,SEKTOR = MEVDUAT + KATILIM + KALKINMA_VE_YATIRIM,Published sector total equals the sum of the three non-negative functional-group branch counts with zero residual.,24.0,22.0,,2.0,1,24.0,0.0,True,raw/2025-9_table06.json.gz,8fa15a50996f47080e81d5d9ab8048631068a9831070ecaf3f1f756faa73e2e4,raw/2025-9_table06_info.json,63367010675160c8c7e37c875c22d1c5940f03cb3b06206880eecb4b2292e7c4,https://www.bddk.org.tr/BultenFinturk/tr/Home/MetaveriPdfIndir?tabloNo=6
2025-09,2025-09-30,BALIKESİR,10003,KALKINMA VE YATIRIM,SubeSayisi,Yurtiçi Şube Sayısı,,0.0,derived_zero_function_group_identity,SEKTOR = MEVDUAT + KATILIM + KALKINMA_VE_YATIRIM,Published sector total equals the sum of the three non-negative functional-group branch counts with zero residual.,150.0,137.0,,13.0,1,150.0,0.0,True,raw/2025-9_table06.json.gz,8fa15a50996f47080e81d5d9ab8048631068a9831070ecaf3f1f756faa73e2e4,raw/2025-9_table06_info.json,63367010675160c8c7e37c875c22d1c5940f03cb3b06206880eecb4b2292e7c4,https://www.bddk.org.tr/BultenFinturk/tr/Home/MetaveriPdfIndir?tabloNo=6
2025-09,2025-09-30,BARTIN,10003,KALKINMA VE YATIRIM,SubeSayisi,Yurtiçi Şube Sayısı,,0.0,derived_zero_function_group_identity,SEKTOR = MEVDUAT + KATILIM + KALKINMA_VE_YATIRIM,Published sector total equals the sum of the three non-negative functional-group branch counts with zero residual.,22.0,20.0,,2.0,1,22.0,0.0,True,raw/2025-9_table06.json.gz,8fa15a50996f47080e81d5d9ab8048631068a9831070ecaf3f1f756faa73e2e4,raw/2025-9_table06_info.json,63367010675160c8c7e37c875c22d1c5940f03cb3b06206880eecb4b2292e7c4,https://www.bddk.org.tr/BultenFinturk/tr/Home/MetaveriPdfIndir?tabloNo=6
2025-09,2025-09-30,BATMAN,10003,KALKINMA VE YATIRIM,SubeSayisi,Yurtiçi Şube Sayısı,,0.0,derived_zero_function_group_identity,SEKTOR = MEVDUAT + KATILIM + KALKINMA_VE_YATIRIM,Published sector total equals the sum of the three non-negative functional-group branch counts with zero residual.,32.0,25.0,,7.0,1,32.0,0.0,True,raw/2025-9_table06.json.gz,8fa15a50996f47080e81d5d9ab8048631068a9831070ecaf3f1f756faa73e2e4,raw/2025-9_table06_info.json,63367010675160c8c7e37c875c22d1c5940f03cb3b06206880eecb4b2292e7c4,https://www.bddk.org.tr/BultenFinturk/tr/Home/MetaveriPdfIndir?tabloNo=6
2025-09,2025-09-30,BAYBURT,10003,KALKINMA VE YATIRIM,SubeSayisi,Yurtiçi Şube Sayısı,,0.0,derived_zero_function_group_identity,SEKTOR = MEVDUAT + KATILIM + KALKINMA_VE_YATIRIM,Published sector total equals the sum of the three non-negative functional-group branch counts with zero residual.,10.0,9.0,,1.0,1,10.0,0.0,True,raw/2025-9_table06.json.gz,8fa15a50996f47080e81d5d9ab8048631068a9831070ecaf3f1f756faa73e2e4,raw/2025-9_table06_info.json,63367010675160c8c7e37c875c22d1c5940f03cb3b06206880eecb4b2292e7c4,https://www.bddk.org.tr/BultenFinturk/tr/Home/MetaveriPdfIndir?tabloNo=6
2025-09,2025-09-30,BOLU,10003,KALKINMA VE YATIRIM,SubeSayisi,Yurtiçi Şube Sayısı,,0.0,derived_zero_function_group_identity,SEKTOR = MEVDUAT + KATILIM + KALKINMA_VE_YATIRIM,Published sector total equals the sum of the three non-negative functional-group branch counts with zero residual.,35.0,30.0,,5.0,1,35.0,0.0,True,raw/2025-9_table06.json.gz,8fa15a50996f47080e81d5d9ab8048631068a9831070ecaf3f1f756faa73e2e4,raw/2025-9_table06_info.json,63367010675160c8c7e37c875c22d1c5940f03cb3b06206880eecb4b2292e7c4,https://www.bddk.org.tr/BultenFinturk/tr/Home/MetaveriPdfIndir?tabloNo=6
2025-09,2025-09-30,BURDUR,10003,KALKINMA VE YATIRIM,SubeSayisi,Yurtiçi Şube Sayısı,,0.0,derived_zero_function_group_identity,SEKTOR = MEVDUAT + KATILIM + KALKINMA_VE_YATIRIM,Published sector total equals the sum of the three non-negative functional-group branch counts with zero residual.,36.0,34.0,,2.0,1,36.0,0.0,True,raw/2025-9_table06.json.gz,8fa15a50996f47080e81d5d9ab8048631068a9831070ecaf3f1f756faa73e2e4,raw/2025-9_table06_info.json,63367010675160c8c7e37c875c22d1c5940f03cb3b06206880eecb4b2292e7c4,https://www.bddk.org.tr/BultenFinturk/tr/Home/MetaveriPdfIndir?tabloNo=6
2025-09,2025-09-30,BİLECİK,10003,KALKINMA VE YATIRIM,SubeSayisi,Yurtiçi Şube Sayısı,,0.0,derived_zero_function_group_identity,SEKTOR = MEVDUAT + KATILIM + KALKINMA_VE_YATIRIM,Published sector total equals the sum of the three non-negative functional-group branch counts with zero residual.,29.0,28.0,,1.0,1,29.0,0.0,True,raw/2025-9_table06.json.gz,8fa15a50996f47080e81d5d9ab8048631068a9831070ecaf3f1f756faa73e2e4,raw/2025-9_table06_info.json,63367010675160c8c7e37c875c22d1c5940f03cb3b06206880eecb4b2292e7c4,https://www.bddk.org.tr/BultenFinturk/tr/Home/MetaveriPdfIndir?tabloNo=6
2025-09,2025-09-30,BİNGÖL,10003,KALKINMA VE YATIRIM,SubeSayisi,Yurtiçi Şube Sayısı,,0.0,derived_zero_function_group_identity,SEKTOR = MEVDUAT + KATILIM + KALKINMA_VE_YATIRIM,Published sector total equals the sum of the three non-negative functional-group branch counts with zero residual.,18.0,15.0,,3.0,1,18.0,0.0,True,raw/2025-9_table06.json.gz,8fa15a50996f47080e81d5d9ab8048631068a9831070ecaf3f1f756faa73e2e4,raw/2025-9_table06_info.json,63367010675160c8c7e37c875c22d1c5940f03cb3b06206880eecb4b2292e7c4,https://www.bddk.org.tr/BultenFinturk/tr/Home/MetaveriPdfIndir?tabloNo=6
2025-09,2025-09-30,BİTLİS,10003,KALKINMA VE YATIRIM,SubeSayisi,Yurtiçi Şube Sayısı,,0.0,derived_zero_function_group_identity,SEKTOR = MEVDUAT + KATILIM + KALKINMA_VE_YATIRIM,Published sector total equals the sum of the three non-negative functional-group branch counts with zero residual.,21.0,20.0,,1.0,1,21.0,0.0,True,raw/2025-9_table06.json.gz,8fa15a50996f47080e81d5d9ab8048631068a9831070ecaf3f1f756faa73e2e4,raw/2025-9_table06_info.json,63367010675160c8c7e37c875c22d1c5940f03cb3b06206880eecb4b2292e7c4,https://www.bddk.org.tr/BultenFinturk/tr/Home/MetaveriPdfIndir?tabloNo=6
2025-09,2025-09-30,DÜZCE,10003,KALKINMA VE YATIRIM,SubeSayisi,Yurtiçi Şube Sayısı,,0.0,derived_zero_function_group_identity,SEKTOR = MEVDUAT + KATILIM + KALKINMA_VE_YATIRIM,Published sector total equals the sum of the three non-negative functional-group branch counts with zero residual.,35.0,28.0,,7.0,1,35.0,0.0,True,raw/2025-9_table06.json.gz,8fa15a50996f47080e81d5d9ab8048631068a9831070ecaf3f1f756faa73e2e4,raw/2025-9_table06_info.json,63367010675160c8c7e37c875c22d1c5940f03cb3b06206880eecb4b2292e7c4,https://www.bddk.org.tr/BultenFinturk/tr/Home/MetaveriPdfIndir?tabloNo=6
2025-09,2025-09-30,EDİRNE,10003,KALKINMA VE YATIRIM,SubeSayisi,Yurtiçi Şube Sayısı,,0.0,derived_zero_function_group_identity,SEKTOR = MEVDUAT + KATILIM + KALKINMA_VE_YATIRIM,Published sector total equals the sum of the three non-negative functional-group branch counts with zero residual.,55.0,51.0,,4.0,1,55.0,0.0,True,raw/2025-9_table06.json.gz,8fa15a50996f47080e81d5d9ab8048631068a9831070ecaf3f1f756faa73e2e4,raw/2025-9_table06_info.json,63367010675160c8c7e37c875c22d1c5940f03cb3b06206880eecb4b2292e7c4,https://www.bddk.org.tr/BultenFinturk/tr/Home/MetaveriPdfIndir?tabloNo=6
2025-09,2025-09-30,ERZİNCAN,10003,KALKINMA VE YATIRIM,SubeSayisi,Yurtiçi Şube Sayısı,,0.0,derived_zero_function_group_identity,SEKTOR = MEVDUAT + KATILIM + KALKINMA_VE_YATIRIM,Published sector total equals the sum of the three non-negative functional-group branch counts with zero residual.,29.0,24.0,,5.0,1,29.0,0.0,True,raw/2025-9_table06.json.gz,8fa15a50996f47080e81d5d9ab8048631068a9831070ecaf3f1f756faa73e2e4,raw/2025-9_table06_info.json,63367010675160c8c7e37c875c22d1c5940f03cb3b06206880eecb4b2292e7c4,https://www.bddk.org.tr/BultenFinturk/tr/Home/MetaveriPdfIndir?tabloNo=6
2025-09,2025-09-30,GÜMÜŞHANE,10003,KALKINMA VE YATIRIM,SubeSayisi,Yurtiçi Şube Sayısı,,0.0,derived_zero_function_group_identity,SEKTOR = MEVDUAT + KATILIM + KALKINMA_VE_YATIRIM,Published sector total equals the sum of the three non-negative functional-group branch counts with zero residual.,19.0,18.0,,1.0,1,19.0,0.0,True,raw/2025-9_table06.json.gz,8fa15a50996f47080e81d5d9ab8048631068a9831070ecaf3f1f756faa73e2e4,raw/2025-9_table06_info.json,63367010675160c8c7e37c875c22d1c5940f03cb3b06206880eecb4b2292e7c4,https://www.bddk.org.tr/BultenFinturk/tr/Home/MetaveriPdfIndir?tabloNo=6
2025-09,2025-09-30,GİRESUN,10003,KALKINMA VE YATIRIM,SubeSayisi,Yurtiçi Şube Sayısı,,0.0,derived_zero_function_group_identity,SEKTOR = MEVDUAT + KATILIM + KALKINMA_VE_YATIRIM,Published sector total equals the sum of the three non-negative functional-group branch counts with zero residual.,55.0,50.0,,5.0,1,55.0,0.0,True,raw/2025-9_table06.json.gz,8fa15a50996f47080e81d5d9ab8048631068a9831070ecaf3f1f756faa73e2e4,raw/2025-9_table06_info.json,63367010675160c8c7e37c875c22d1c5940f03cb3b06206880eecb4b2292e7c4,https://www.bddk.org.tr/BultenFinturk/tr/Home/MetaveriPdfIndir?tabloNo=6
2025-09,2025-09-30,HAKKARİ,10003,KALKINMA VE YATIRIM,SubeSayisi,Yurtiçi Şube Sayısı,,0.0,derived_zero_function_group_identity,SEKTOR = MEVDUAT + KATILIM + KALKINMA_VE_YATIRIM,Published sector total equals the sum of the three non-negative functional-group branch counts with zero residual.,14.0,14.0,,,2,14.0,0.0,True,raw/2025-9_table06.json.gz,8fa15a50996f47080e81d5d9ab8048631068a9831070ecaf3f1f756faa73e2e4,raw/2025-9_table06_info.json,63367010675160c8c7e37c875c22d1c5940f03cb3b06206880eecb4b2292e7c4,https://www.bddk.org.tr/BultenFinturk/tr/Home/MetaveriPdfIndir?tabloNo=6
2025-09,2025-09-30,HAKKARİ,10004,KATILIM,SubeSayisi,Yurtiçi Şube Sayısı,,0.0,derived_zero_function_group_identity,SEKTOR = MEVDUAT + KATILIM + KALKINMA_VE_YATIRIM,Published sector total equals the sum of the three non-negative functional-group branch counts with zero residual.,14.0,14.0,,,2,14.0,0.0,True,raw/2025-9_table06.json.gz,8fa15a50996f47080e81d5d9ab8048631068a9831070ecaf3f1f756faa73e2e4,raw/2025-9_table06_info.json,63367010675160c8c7e37c875c22d1c5940f03cb3b06206880eecb4b2292e7c4,https://www.bddk.org.tr/BultenFinturk/tr/Home/MetaveriPdfIndir?tabloNo=6
2025-09,2025-09-30,ISPARTA,10003,KALKINMA VE YATIRIM,SubeSayisi,Yurtiçi Şube Sayısı,,0.0,derived_zero_function_group_identity,SEKTOR = MEVDUAT + KATILIM + KALKINMA_VE_YATIRIM,Published sector total equals the sum of the three non-negative functional-group branch counts with zero residual.,53.0,46.0,,7.0,1,53.0,0.0,True,raw/2025-9_table06.json.gz,8fa15a50996f47080e81d5d9ab8048631068a9831070ecaf3f1f756faa73e2e4,raw/2025-9_table06_info.json,63367010675160c8c7e37c875c22d1c5940f03cb3b06206880eecb4b2292e7c4,https://www.bddk.org.tr/BultenFinturk/tr/Home/MetaveriPdfIndir?tabloNo=6
2025-09,2025-09-30,IĞDIR,10003,KALKINMA VE YATIRIM,SubeSayisi,Yurtiçi Şube Sayısı,,0.0,derived_zero_function_group_identity,SEKTOR = MEVDUAT + KATILIM + KALKINMA_VE_YATIRIM,Published sector total equals the sum of the three non-negative functional-group branch counts with zero residual.,16.0,15.0,,1.0,1,16.0,0.0,True,raw/2025-9_table06.json.gz,8fa15a50996f47080e81d5d9ab8048631068a9831070ecaf3f1f756faa73e2e4,raw/2025-9_table06_info.json,63367010675160c8c7e37c875c22d1c5940f03cb3b06206880eecb4b2292e7c4,https://www.bddk.org.tr/BultenFinturk/tr/Home/MetaveriPdfIndir?tabloNo=6
2025-09,2025-09-30,KARABÜK,10003,KALKINMA VE YATIRIM,SubeSayisi,Yurtiçi Şube Sayısı,,0.0,derived_zero_function_group_identity,SEKTOR = MEVDUAT + KATILIM + KALKINMA_VE_YATIRIM,Published sector total equals the sum of the three non-negative functional-group branch counts with zero residual.,31.0,25.0,,6.0,1,31.0,0.0,True,raw/2025-9_table06.json.gz,8fa15a50996f47080e81d5d9ab8048631068a9831070ecaf3f1f756faa73e2e4,raw/2025-9_table06_info.json,63367010675160c8c7e37c875c22d1c5940f03cb3b06206880eecb4b2292e7c4,https://www.bddk.org.tr/BultenFinturk/tr/Home/MetaveriPdfIndir?tabloNo=6
2025-09,2025-09-30,KARAMAN,10003,KALKINMA VE YATIRIM,SubeSayisi,Yurtiçi Şube Sayısı,,0.0,derived_zero_function_group_identity,SEKTOR = MEVDUAT + KATILIM + KALKINMA_VE_YATIRIM,Published sector total equals the sum of the three non-negative functional-group branch counts with zero residual.,27.0,21.0,,6.0,1,27.0,0.0,True,raw/2025-9_table06.json.gz,8fa15a50996f47080e81d5d9ab8048631068a9831070ecaf3f1f756faa73e2e4,raw/2025-9_table06_info.json,63367010675160c8c7e37c875c22d1c5940f03cb3b06206880eecb4b2292e7c4,https://www.bddk.org.tr/BultenFinturk/tr/Home/MetaveriPdfIndir?tabloNo=6
2025-09,2025-09-30,KARS,10003,KALKINMA VE YATIRIM,SubeSayisi,Yurtiçi Şube Sayısı,,0.0,derived_zero_function_group_identity,SEKTOR = MEVDUAT + KATILIM + KALKINMA_VE_YATIRIM,Published sector total equals the sum of the three non-negative functional-group branch counts with zero residual.,24.0,23.0,,1.0,1,24.0,0.0,True,raw/2025-9_table06.json.gz,8fa15a50996f47080e81d5d9ab8048631068a9831070ecaf3f1f756faa73e2e4,raw/2025-9_table06_info.json,63367010675160c8c7e37c875c22d1c5940f03cb3b06206880eecb4b2292e7c4,https://www.bddk.org.tr/BultenFinturk/tr/Home/MetaveriPdfIndir?tabloNo=6
2025-09,2025-09-30,KIRIKKALE,10003,KALKINMA VE YATIRIM,SubeSayisi,Yurtiçi Şube Sayısı,,0.0,derived_zero_function_group_identity,SEKTOR = MEVDUAT + KATILIM + KALKINMA_VE_YATIRIM,Published sector total equals the sum of the three non-negative functional-group branch counts with zero residual.,28.0,25.0,,3.0,1,28.0,0.0,True,raw/2025-9_table06.json.gz,8fa15a50996f47080e81d5d9ab8048631068a9831070ecaf3f1f756faa73e2e4,raw/2025-9_table06_info.json,63367010675160c8c7e37c875c22d1c5940f03cb3b06206880eecb4b2292e7c4,https://www.bddk.org.tr/BultenFinturk/tr/Home/MetaveriPdfIndir?tabloNo=6
2025-09,2025-09-30,KIRKLARELİ,10003,KALKINMA VE YATIRIM,SubeSayisi,Yurtiçi Şube Sayısı,,0.0,derived_zero_function_group_identity,SEKTOR = MEVDUAT + KATILIM + KALKINMA_VE_YATIRIM,Published sector total equals the sum of the three non-negative functional-group branch counts with zero residual.,43.0,42.0,,1.0,1,43.0,0.0,True,raw/2025-9_table06.json.gz,8fa15a50996f47080e81d5d9ab8048631068a9831070ecaf3f1f756faa73e2e4,raw/2025-9_table06_info.json,63367010675160c8c7e37c875c22d1c5940f03cb3b06206880eecb4b2292e7c4,https://www.bddk.org.tr/BultenFinturk/tr/Home/MetaveriPdfIndir?tabloNo=6
2025-09,2025-09-30,KIRŞEHİR,10003,KALKINMA VE YATIRIM,SubeSayisi,Yurtiçi Şube Sayısı,,0.0,derived_zero_function_group_identity,SEKTOR = MEVDUAT + KATILIM + KALKINMA_VE_YATIRIM,Published sector total equals the sum of the three non-negative functional-group branch counts with zero residual.,26.0,23.0,,3.0,1,26.0,0.0,True,raw/2025-9_table06.json.gz,8fa15a50996f47080e81d5d9ab8048631068a9831070ecaf3f1f756faa73e2e4,raw/2025-9_table06_info.json,63367010675160c8c7e37c875c22d1c5940f03cb3b06206880eecb4b2292e7c4,https://www.bddk.org.tr/BultenFinturk/tr/Home/MetaveriPdfIndir?tabloNo=6
2025-09,2025-09-30,KÜTAHYA,10003,KALKINMA VE YATIRIM,SubeSayisi,Yurtiçi Şube Sayısı,,0.0,derived_zero_function_group_identity,SEKTOR = MEVDUAT + KATILIM + KALKINMA_VE_YATIRIM,Published sector total equals the sum of the three non-negative functional-group branch counts with zero residual.,52.0,45.0,,7.0,1,52.0,0.0,True,raw/2025-9_table06.json.gz,8fa15a50996f47080e81d5d9ab8048631068a9831070ecaf3f1f756faa73e2e4,raw/2025-9_table06_info.json,63367010675160c8c7e37c875c22d1c5940f03cb3b06206880eecb4b2292e7c4,https://www.bddk.org.tr/BultenFinturk/tr/Home/MetaveriPdfIndir?tabloNo=6
2025-09,2025-09-30,KİLİS,10003,KALKINMA VE YATIRIM,SubeSayisi,Yurtiçi Şube Sayısı,,0.0,derived_zero_function_group_identity,SEKTOR = MEVDUAT + KATILIM + KALKINMA_VE_YATIRIM,Published sector total equals the sum of the three non-negative functional-group branch counts with zero residual.,10.0,9.0,,1.0,1,10.0,0.0,True,raw/2025-9_table06.json.gz,8fa15a50996f47080e81d5d9ab8048631068a9831070ecaf3f1f756faa73e2e4,raw/2025-9_table06_info.json,63367010675160c8c7e37c875c22d1c5940f03cb3b06206880eecb4b2292e7c4,https://www.bddk.org.tr/BultenFinturk/tr/Home/MetaveriPdfIndir?tabloNo=6
2025-09,2025-09-30,MALATYA,10003,KALKINMA VE YATIRIM,SubeSayisi,Yurtiçi Şube Sayısı,,0.0,derived_zero_function_group_identity,SEKTOR = MEVDUAT + KATILIM + KALKINMA_VE_YATIRIM,Published sector total equals the sum of the three non-negative functional-group branch counts with zero residual.,60.0,52.0,,8.0,1,60.0,0.0,True,raw/2025-9_table06.json.gz,8fa15a50996f47080e81d5d9ab8048631068a9831070ecaf3f1f756faa73e2e4,raw/2025-9_table06_info.json,63367010675160c8c7e37c875c22d1c5940f03cb3b06206880eecb4b2292e7c4,https://www.bddk.org.tr/BultenFinturk/tr/Home/MetaveriPdfIndir?tabloNo=6
2025-09,2025-09-30,MARDİN,10003,KALKINMA VE YATIRIM,SubeSayisi,Yurtiçi Şube Sayısı,,0.0,derived_zero_function_group_identity,SEKTOR = MEVDUAT + KATILIM + KALKINMA_VE_YATIRIM,Published sector total equals the sum of the three non-negative functional-group branch counts with zero residual.,45.0,39.0,,6.0,1,45.0,0.0,True,raw/2025-9_table06.json.gz,8fa15a50996f47080e81d5d9ab8048631068a9831070ecaf3f1f756faa73e2e4,raw/2025-9_table06_info.json,63367010675160c8c7e37c875c22d1c5940f03cb3b06206880eecb4b2292e7c4,https://www.bddk.org.tr/BultenFinturk/tr/Home/MetaveriPdfIndir?tabloNo=6
2025-09,2025-09-30,MUŞ,10003,KALKINMA VE YATIRIM,SubeSayisi,Yurtiçi Şube Sayısı,,0.0,derived_zero_function_group_identity,SEKTOR = MEVDUAT + KATILIM + KALKINMA_VE_YATIRIM,Published sector total equals the sum of the three non-negative functional-group branch counts with zero residual.,20.0,17.0,,3.0,1,20.0,0.0,True,raw/2025-9_table06.json.gz,8fa15a50996f47080e81d5d9ab8048631068a9831070ecaf3f1f756faa73e2e4,raw/2025-9_table06_info.json,63367010675160c8c7e37c875c22d1c5940f03cb3b06206880eecb4b2292e7c4,https://www.bddk.org.tr/BultenFinturk/tr/Home/MetaveriPdfIndir?tabloNo=6
2025-09,2025-09-30,NEVŞEHİR,10003,KALKINMA VE YATIRIM,SubeSayisi,Yurtiçi Şube Sayısı,,0.0,derived_zero_function_group_identity,SEKTOR = MEVDUAT + KATILIM + KALKINMA_VE_YATIRIM,Published sector total equals the sum of the three non-negative functional-group branch counts with zero residual.,43.0,37.0,,6.0,1,43.0,0.0,True,raw/2025-9_table06.json.gz,8fa15a50996f47080e81d5d9ab8048631068a9831070ecaf3f1f756faa73e2e4,raw/2025-9_table06_info.json,63367010675160c8c7e37c875c22d1c5940f03cb3b06206880eecb4b2292e7c4,https://www.bddk.org.tr/BultenFinturk/tr/Home/MetaveriPdfIndir?tabloNo=6
2025-09,2025-09-30,NİĞDE,10003,KALKINMA VE YATIRIM,SubeSayisi,Yurtiçi Şube Sayısı,,0.0,derived_zero_function_group_identity,SEKTOR = MEVDUAT + KATILIM + KALKINMA_VE_YATIRIM,Published sector total equals the sum of the three non-negative functional-group branch counts with zero residual.,30.0,26.0,,4.0,1,30.0,0.0,True,raw/2025-9_table06.json.gz,8fa15a50996f47080e81d5d9ab8048631068a9831070ecaf3f1f756faa73e2e4,raw/2025-9_table06_info.json,63367010675160c8c7e37c875c22d1c5940f03cb3b06206880eecb4b2292e7c4,https://www.bddk.org.tr/BultenFinturk/tr/Home/MetaveriPdfIndir?tabloNo=6
2025-09,2025-09-30,ORDU,10003,KALKINMA VE YATIRIM,SubeSayisi,Yurtiçi Şube Sayısı,,0.0,derived_zero_function_group_identity,SEKTOR = MEVDUAT + KATILIM + KALKINMA_VE_YATIRIM,Published sector total equals the sum of the three non-negative functional-group branch counts with zero residual.,73.0,66.0,,7.0,1,73.0,0.0,True,raw/2025-9_table06.json.gz,8fa15a50996f47080e81d5d9ab8048631068a9831070ecaf3f1f756faa73e2e4,raw/2025-9_table06_info.json,63367010675160c8c7e37c875c22d1c5940f03cb3b06206880eecb4b2292e7c4,https://www.bddk.org.tr/BultenFinturk/tr/Home/MetaveriPdfIndir?tabloNo=6
2025-09,2025-09-30,OSMANİYE,10003,KALKINMA VE YATIRIM,SubeSayisi,Yurtiçi Şube Sayısı,,0.0,derived_zero_function_group_identity,SEKTOR = MEVDUAT + KATILIM + KALKINMA_VE_YATIRIM,Published sector total equals the sum of the three non-negative functional-group branch counts with zero residual.,39.0,33.0,,6.0,1,39.0,0.0,True,raw/2025-9_table06.json.gz,8fa15a50996f47080e81d5d9ab8048631068a9831070ecaf3f1f756faa73e2e4,raw/2025-9_table06_info.json,63367010675160c8c7e37c875c22d1c5940f03cb3b06206880eecb4b2292e7c4,https://www.bddk.org.tr/BultenFinturk/tr/Home/MetaveriPdfIndir?tabloNo=6
2025-09,2025-09-30,RİZE,10003,KALKINMA VE YATIRIM,SubeSayisi,Yurtiçi Şube Sayısı,,0.0,derived_zero_function_group_identity,SEKTOR = MEVDUAT + KATILIM + KALKINMA_VE_YATIRIM,Published sector total equals the sum of the three non-negative functional-group branch counts with zero residual.,46.0,40.0,,6.0,1,46.0,0.0,True,raw/2025-9_table06.json.gz,8fa15a50996f47080e81d5d9ab8048631068a9831070ecaf3f1f756faa73e2e4,raw/2025-9_table06_info.json,63367010675160c8c7e37c875c22d1c5940f03cb3b06206880eecb4b2292e7c4,https://www.bddk.org.tr/BultenFinturk/tr/Home/MetaveriPdfIndir?tabloNo=6
2025-09,2025-09-30,SAKARYA,10003,KALKINMA VE YATIRIM,SubeSayisi,Yurtiçi Şube Sayısı,,0.0,derived_zero_function_group_identity,SEKTOR = MEVDUAT + KATILIM + KALKINMA_VE_YATIRIM,Published sector total equals the sum of the three non-negative functional-group branch counts with zero residual.,112.0,98.0,,14.0,1,112.0,0.0,True,raw/2025-9_table06.json.gz,8fa15a50996f47080e81d5d9ab8048631068a9831070ecaf3f1f756faa73e2e4,raw/2025-9_table06_info.json,63367010675160c8c7e37c875c22d1c5940f03cb3b06206880eecb4b2292e7c4,https://www.bddk.org.tr/BultenFinturk/tr/Home/MetaveriPdfIndir?tabloNo=6
2025-09,2025-09-30,SİNOP,10003,KALKINMA VE YATIRIM,SubeSayisi,Yurtiçi Şube Sayısı,,0.0,derived_zero_function_group_identity,SEKTOR = MEVDUAT + KATILIM + KALKINMA_VE_YATIRIM,Published sector total equals the sum of the three non-negative functional-group branch counts with zero residual.,29.0,29.0,,,2,29.0,0.0,True,raw/2025-9_table06.json.gz,8fa15a50996f47080e81d5d9ab8048631068a9831070ecaf3f1f756faa73e2e4,raw/2025-9_table06_info.json,63367010675160c8c7e37c875c22d1c5940f03cb3b06206880eecb4b2292e7c4,https://www.bddk.org.tr/BultenFinturk/tr/Home/MetaveriPdfIndir?tabloNo=6
2025-09,2025-09-30,SİNOP,10004,KATILIM,SubeSayisi,Yurtiçi Şube Sayısı,,0.0,derived_zero_function_group_identity,SEKTOR = MEVDUAT + KATILIM + KALKINMA_VE_YATIRIM,Published sector total equals the sum of the three non-negative functional-group branch counts with zero residual.,29.0,29.0,,,2,29.0,0.0,True,raw/2025-9_table06.json.gz,8fa15a50996f47080e81d5d9ab8048631068a9831070ecaf3f1f756faa73e2e4,raw/2025-9_table06_info.json,63367010675160c8c7e37c875c22d1c5940f03cb3b06206880eecb4b2292e7c4,https://www.bddk.org.tr/BultenFinturk/tr/Home/MetaveriPdfIndir?tabloNo=6
2025-09,2025-09-30,SİİRT,10003,KALKINMA VE YATIRIM,SubeSayisi,Yurtiçi Şube Sayısı,,0.0,derived_zero_function_group_identity,SEKTOR = MEVDUAT + KATILIM + KALKINMA_VE_YATIRIM,Published sector total equals the sum of the three non-negative functional-group branch counts with zero residual.,22.0,16.0,,6.0,1,22.0,0.0,True,raw/2025-9_table06.json.gz,8fa15a50996f47080e81d5d9ab8048631068a9831070ecaf3f1f756faa73e2e4,raw/2025-9_table06_info.json,63367010675160c8c7e37c875c22d1c5940f03cb3b06206880eecb4b2292e7c4,https://www.bddk.org.tr/BultenFinturk/tr/Home/MetaveriPdfIndir?tabloNo=6
2025-09,2025-09-30,TOKAT,10003,KALKINMA VE YATIRIM,SubeSayisi,Yurtiçi Şube Sayısı,,0.0,derived_zero_function_group_identity,SEKTOR = MEVDUAT + KATILIM + KALKINMA_VE_YATIRIM,Published sector total equals the sum of the three non-negative functional-group branch counts with zero residual.,58.0,52.0,,6.0,1,58.0,0.0,True,raw/2025-9_table06.json.gz,8fa15a50996f47080e81d5d9ab8048631068a9831070ecaf3f1f756faa73e2e4,raw/2025-9_table06_info.json,63367010675160c8c7e37c875c22d1c5940f03cb3b06206880eecb4b2292e7c4,https://www.bddk.org.tr/BultenFinturk/tr/Home/MetaveriPdfIndir?tabloNo=6
2025-09,2025-09-30,TUNCELİ,10003,KALKINMA VE YATIRIM,SubeSayisi,Yurtiçi Şube Sayısı,,0.0,derived_zero_function_group_identity,SEKTOR = MEVDUAT + KATILIM + KALKINMA_VE_YATIRIM,Published sector total equals the sum of the three non-negative functional-group branch counts with zero residual.,13.0,13.0,,,2,13.0,0.0,True,raw/2025-9_table06.json.gz,8fa15a50996f47080e81d5d9ab8048631068a9831070ecaf3f1f756faa73e2e4,raw/2025-9_table06_info.json,63367010675160c8c7e37c875c22d1c5940f03cb3b06206880eecb4b2292e7c4,https://www.bddk.org.tr/BultenFinturk/tr/Home/MetaveriPdfIndir?tabloNo=6
2025-09,2025-09-30,TUNCELİ,10004,KATILIM,SubeSayisi,Yurtiçi Şube Sayısı,,0.0,derived_zero_function_group_identity,SEKTOR = MEVDUAT + KATILIM + KALKINMA_VE_YATIRIM,Published sector total equals the sum of the three non-negative functional-group branch counts with zero residual.,13.0,13.0,,,2,13.0,0.0,True,raw/2025-9_table06.json.gz,8fa15a50996f47080e81d5d9ab8048631068a9831070ecaf3f1f756faa73e2e4,raw/2025-9_table06_info.json,63367010675160c8c7e37c875c22d1c5940f03cb3b06206880eecb4b2292e7c4,https://www.bddk.org.tr/BultenFinturk/tr/Home/MetaveriPdfIndir?tabloNo=6
2025-09,2025-09-30,UŞAK,10003,KALKINMA VE YATIRIM,SubeSayisi,Yurtiçi Şube Sayısı,,0.0,derived_zero_function_group_identity,SEKTOR = MEVDUAT + KATILIM + KALKINMA_VE_YATIRIM,Published sector total equals the sum of the three non-negative functional-group branch counts with zero residual.,44.0,39.0,,5.0,1,44.0,0.0,True,raw/2025-9_table06.json.gz,8fa15a50996f47080e81d5d9ab8048631068a9831070ecaf3f1f756faa73e2e4,raw/2025-9_table06_info.json,63367010675160c8c7e37c875c22d1c5940f03cb3b06206880eecb4b2292e7c4,https://www.bddk.org.tr/BultenFinturk/tr/Home/MetaveriPdfIndir?tabloNo=6
2025-09,2025-09-30,YALOVA,10003,KALKINMA VE YATIRIM,SubeSayisi,Yurtiçi Şube Sayısı,,0.0,derived_zero_function_group_identity,SEKTOR = MEVDUAT + KATILIM + KALKINMA_VE_YATIRIM,Published sector total equals the sum of the three non-negative functional-group branch counts with zero residual.,30.0,24.0,,6.0,1,30.0,0.0,True,raw/2025-9_table06.json.gz,8fa15a50996f47080e81d5d9ab8048631068a9831070ecaf3f1f756faa73e2e4,raw/2025-9_table06_info.json,63367010675160c8c7e37c875c22d1c5940f03cb3b06206880eecb4b2292e7c4,https://www.bddk.org.tr/BultenFinturk/tr/Home/MetaveriPdfIndir?tabloNo=6
2025-09,2025-09-30,YOZGAT,10003,KALKINMA VE YATIRIM,SubeSayisi,Yurtiçi Şube Sayısı,,0.0,derived_zero_function_group_identity,SEKTOR = MEVDUAT + KATILIM + KALKINMA_VE_YATIRIM,Published sector total equals the sum of the three non-negative functional-group branch counts with zero residual.,48.0,45.0,,3.0,1,48.0,0.0,True,raw/2025-9_table06.json.gz,8fa15a50996f47080e81d5d9ab8048631068a9831070ecaf3f1f756faa73e2e4,raw/2025-9_table06_info.json,63367010675160c8c7e37c875c22d1c5940f03cb3b06206880eecb4b2292e7c4,https://www.bddk.org.tr/BultenFinturk/tr/Home/MetaveriPdfIndir?tabloNo=6
2025-09,2025-09-30,ZONGULDAK,10003,KALKINMA VE YATIRIM,SubeSayisi,Yurtiçi Şube Sayısı,,0.0,derived_zero_function_group_identity,SEKTOR = MEVDUAT + KATILIM + KALKINMA_VE_YATIRIM,Published sector total equals the sum of the three non-negative functional-group branch counts with zero residual.,61.0,57.0,,4.0,1,61.0,0.0,True,raw/2025-9_table06.json.gz,8fa15a50996f47080e81d5d9ab8048631068a9831070ecaf3f1f756faa73e2e4,raw/2025-9_table06_info.json,63367010675160c8c7e37c875c22d1c5940f03cb3b06206880eecb4b2292e7c4,https://www.bddk.org.tr/BultenFinturk/tr/Home/MetaveriPdfIndir?tabloNo=6
2025-09,2025-09-30,ÇANAKKALE,10003,KALKINMA VE YATIRIM,SubeSayisi,Yurtiçi Şube Sayısı,,0.0,derived_zero_function_group_identity,SEKTOR = MEVDUAT + KATILIM + KALKINMA_VE_YATIRIM,Published sector total equals the sum of the three non-negative functional-group branch counts with zero residual.,76.0,72.0,,4.0,1,76.0,0.0,True,raw/2025-9_table06.json.gz,8fa15a50996f47080e81d5d9ab8048631068a9831070ecaf3f1f756faa73e2e4,raw/2025-9_table06_info.json,63367010675160c8c7e37c875c22d1c5940f03cb3b06206880eecb4b2292e7c4,https://www.bddk.org.tr/BultenFinturk/tr/Home/MetaveriPdfIndir?tabloNo=6
2025-09,2025-09-30,ÇANKIRI,10003,KALKINMA VE YATIRIM,SubeSayisi,Yurtiçi Şube Sayısı,,0.0,derived_zero_function_group_identity,SEKTOR = MEVDUAT + KATILIM + KALKINMA_VE_YATIRIM,Published sector total equals the sum of the three non-negative functional-group branch counts with zero residual.,30.0,28.0,,2.0,1,30.0,0.0,True,raw/2025-9_table06.json.gz,8fa15a50996f47080e81d5d9ab8048631068a9831070ecaf3f1f756faa73e2e4,raw/2025-9_table06_info.json,63367010675160c8c7e37c875c22d1c5940f03cb3b06206880eecb4b2292e7c4,https://www.bddk.org.tr/BultenFinturk/tr/Home/MetaveriPdfIndir?tabloNo=6
2025-09,2025-09-30,ÇORUM,10003,KALKINMA VE YATIRIM,SubeSayisi,Yurtiçi Şube Sayısı,,0.0,derived_zero_function_group_identity,SEKTOR = MEVDUAT + KATILIM + KALKINMA_VE_YATIRIM,Published sector total equals the sum of the three non-negative functional-group branch counts with zero residual.,59.0,53.0,,6.0,1,59.0,0.0,True,raw/2025-9_table06.json.gz,8fa15a50996f47080e81d5d9ab8048631068a9831070ecaf3f1f756faa73e2e4,raw/2025-9_table06_info.json,63367010675160c8c7e37c875c22d1c5940f03cb3b06206880eecb4b2292e7c4,https://www.bddk.org.tr/BultenFinturk/tr/Home/MetaveriPdfIndir?tabloNo=6
2025-09,2025-09-30,ŞANLIURFA,10003,KALKINMA VE YATIRIM,SubeSayisi,Yurtiçi Şube Sayısı,,0.0,derived_zero_function_group_identity,SEKTOR = MEVDUAT + KATILIM + KALKINMA_VE_YATIRIM,Published sector total equals the sum of the three non-negative functional-group branch counts with zero residual.,91.0,77.0,,14.0,1,91.0,0.0,True,raw/2025-9_table06.json.gz,8fa15a50996f47080e81d5d9ab8048631068a9831070ecaf3f1f756faa73e2e4,raw/2025-9_table06_info.json,63367010675160c8c7e37c875c22d1c5940f03cb3b06206880eecb4b2292e7c4,https://www.bddk.org.tr/BultenFinturk/tr/Home/MetaveriPdfIndir?tabloNo=6
2025-09,2025-09-30,ŞIRNAK,10003,KALKINMA VE YATIRIM,SubeSayisi,Yurtiçi Şube Sayısı,,0.0,derived_zero_function_group_identity,SEKTOR = MEVDUAT + KATILIM + KALKINMA_VE_YATIRIM,Published sector total equals the sum of the three non-negative functional-group branch counts with zero residual.,21.0,21.0,,,2,21.0,0.0,True,raw/2025-9_table06.json.gz,8fa15a50996f47080e81d5d9ab8048631068a9831070ecaf3f1f756faa73e2e4,raw/2025-9_table06_info.json,63367010675160c8c7e37c875c22d1c5940f03cb3b06206880eecb4b2292e7c4,https://www.bddk.org.tr/BultenFinturk/tr/Home/MetaveriPdfIndir?tabloNo=6
2025-09,2025-09-30,ŞIRNAK,10004,KATILIM,SubeSayisi,Yurtiçi Şube Sayısı,,0.0,derived_zero_function_group_identity,SEKTOR = MEVDUAT + KATILIM + KALKINMA_VE_YATIRIM,Published sector total equals the sum of the three non-negative functional-group branch counts with zero residual.,21.0,21.0,,,2,21.0,0.0,True,raw/2025-9_table06.json.gz,8fa15a50996f47080e81d5d9ab8048631068a9831070ecaf3f1f756faa73e2e4,raw/2025-9_table06_info.json,63367010675160c8c7e37c875c22d1c5940f03cb3b06206880eecb4b2292e7c4,https://www.bddk.org.tr/BultenFinturk/tr/Home/MetaveriPdfIndir?tabloNo=6
2025-12,2025-12-31,ADIYAMAN,10003,KALKINMA VE YATIRIM,SubeSayisi,Yurtiçi Şube Sayısı,,0.0,derived_zero_function_group_identity,SEKTOR = MEVDUAT + KATILIM + KALKINMA_VE_YATIRIM,Published sector total equals the sum of the three non-negative functional-group branch counts with zero residual.,39.0,34.0,,5.0,1,39.0,0.0,True,raw/2025-12_table06.json.gz,3840a2152940d7408e87cd73a6609526502e05221f929feeeeb0d46f3162e1ac,raw/2025-12_table06_info.json,2747dbf8bbb45e7f9cd42d91858ff4ecd43eacc4ba00041aab2b584139e580ed,https://www.bddk.org.tr/BultenFinturk/tr/Home/MetaveriPdfIndir?tabloNo=6
2025-12,2025-12-31,AFYONKARAHİSAR,10003,KALKINMA VE YATIRIM,SubeSayisi,Yurtiçi Şube Sayısı,,0.0,derived_zero_function_group_identity,SEKTOR = MEVDUAT + KATILIM + KALKINMA_VE_YATIRIM,Published sector total equals the sum of the three non-negative functional-group branch counts with zero residual.,85.0,78.0,,7.0,1,85.0,0.0,True,raw/2025-12_table06.json.gz,3840a2152940d7408e87cd73a6609526502e05221f929feeeeb0d46f3162e1ac,raw/2025-12_table06_info.json,2747dbf8bbb45e7f9cd42d91858ff4ecd43eacc4ba00041aab2b584139e580ed,https://www.bddk.org.tr/BultenFinturk/tr/Home/MetaveriPdfIndir?tabloNo=6
2025-12,2025-12-31,AKSARAY,10003,KALKINMA VE YATIRIM,SubeSayisi,Yurtiçi Şube Sayısı,,0.0,derived_zero_function_group_identity,SEKTOR = MEVDUAT + KATILIM + KALKINMA_VE_YATIRIM,Published sector total equals the sum of the three non-negative functional-group branch counts with zero residual.,39.0,31.0,,8.0,1,39.0,0.0,True,raw/2025-12_table06.json.gz,3840a2152940d7408e87cd73a6609526502e05221f929feeeeb0d46f3162e1ac,raw/2025-12_table06_info.json,2747dbf8bbb45e7f9cd42d91858ff4ecd43eacc4ba00041aab2b584139e580ed,https://www.bddk.org.tr/BultenFinturk/tr/Home/MetaveriPdfIndir?tabloNo=6
2025-12,2025-12-31,AMASYA,10003,KALKINMA VE YATIRIM,SubeSayisi,Yurtiçi Şube Sayısı,,0.0,derived_zero_function_group_identity,SEKTOR = MEVDUAT + KATILIM + KALKINMA_VE_YATIRIM,Published sector total equals the sum of the three non-negative functional-group branch counts with zero residual.,40.0,36.0,,4.0,1,40.0,0.0,True,raw/2025-12_table06.json.gz,3840a2152940d7408e87cd73a6609526502e05221f929feeeeb0d46f3162e1ac,raw/2025-12_table06_info.json,2747dbf8bbb45e7f9cd42d91858ff4ecd43eacc4ba00041aab2b584139e580ed,https://www.bddk.org.tr/BultenFinturk/tr/Home/MetaveriPdfIndir?tabloNo=6
2025-12,2025-12-31,ARDAHAN,10003,KALKINMA VE YATIRIM,SubeSayisi,Yurtiçi Şube Sayısı,,0.0,derived_zero_function_group_identity,SEKTOR = MEVDUAT + KATILIM + KALKINMA_VE_YATIRIM,Published sector total equals the sum of the three non-negative functional-group branch counts with zero residual.,12.0,12.0,,,2,12.0,0.0,True,raw/2025-12_table06.json.gz,3840a2152940d7408e87cd73a6609526502e05221f929feeeeb0d46f3162e1ac,raw/2025-12_table06_info.json,2747dbf8bbb45e7f9cd42d91858ff4ecd43eacc4ba00041aab2b584139e580ed,https://www.bddk.org.tr/BultenFinturk/tr/Home/MetaveriPdfIndir?tabloNo=6
2025-12,2025-12-31,ARDAHAN,10004,KATILIM,SubeSayisi,Yurtiçi Şube Sayısı,,0.0,derived_zero_function_group_identity,SEKTOR = MEVDUAT + KATILIM + KALKINMA_VE_YATIRIM,Published sector total equals the sum of the three non-negative functional-group branch counts with zero residual.,12.0,12.0,,,2,12.0,0.0,True,raw/2025-12_table06.json.gz,3840a2152940d7408e87cd73a6609526502e05221f929feeeeb0d46f3162e1ac,raw/2025-12_table06_info.json,2747dbf8bbb45e7f9cd42d91858ff4ecd43eacc4ba00041aab2b584139e580ed,https://www.bddk.org.tr/BultenFinturk/tr/Home/MetaveriPdfIndir?tabloNo=6
2025-12,2025-12-31,ARTVİN,10003,KALKINMA VE YATIRIM,SubeSayisi,Yurtiçi Şube Sayısı,,0.0,derived_zero_function_group_identity,SEKTOR = MEVDUAT + KATILIM + KALKINMA_VE_YATIRIM,Published sector total equals the sum of the three non-negative functional-group branch counts with zero residual.,29.0,29.0,,,2,29.0,0.0,True,raw/2025-12_table06.json.gz,3840a2152940d7408e87cd73a6609526502e05221f929feeeeb0d46f3162e1ac,raw/2025-12_table06_info.json,2747dbf8bbb45e7f9cd42d91858ff4ecd43eacc4ba00041aab2b584139e580ed,https://www.bddk.org.tr/BultenFinturk/tr/Home/MetaveriPdfIndir?tabloNo=6
2025-12,2025-12-31,ARTVİN,10004,KATILIM,SubeSayisi,Yurtiçi Şube Sayısı,,0.0,derived_zero_function_group_identity,SEKTOR = MEVDUAT + KATILIM + KALKINMA_VE_YATIRIM,Published sector total equals the sum of the three non-negative functional-group branch counts with zero residual.,29.0,29.0,,,2,29.0,0.0,True,raw/2025-12_table06.json.gz,3840a2152940d7408e87cd73a6609526502e05221f929feeeeb0d46f3162e1ac,raw/2025-12_table06_info.json,2747dbf8bbb45e7f9cd42d91858ff4ecd43eacc4ba00041aab2b584139e580ed,https://www.bddk.org.tr/BultenFinturk/tr/Home/MetaveriPdfIndir?tabloNo=6
2025-12,2025-12-31,AĞRI,10003,KALKINMA VE YATIRIM,SubeSayisi,Yurtiçi Şube Sayısı,,0.0,derived_zero_function_group_identity,SEKTOR = MEVDUAT + KATILIM + KALKINMA_VE_YATIRIM,Published sector total equals the sum of the three non-negative functional-group branch counts with zero residual.,24.0,22.0,,2.0,1,24.0,0.0,True,raw/2025-12_table06.json.gz,3840a2152940d7408e87cd73a6609526502e05221f929feeeeb0d46f3162e1ac,raw/2025-12_table06_info.json,2747dbf8bbb45e7f9cd42d91858ff4ecd43eacc4ba00041aab2b584139e580ed,https://www.bddk.org.tr/BultenFinturk/tr/Home/MetaveriPdfIndir?tabloNo=6
2025-12,2025-12-31,BALIKESİR,10003,KALKINMA VE YATIRIM,SubeSayisi,Yurtiçi Şube Sayısı,,0.0,derived_zero_function_group_identity,SEKTOR = MEVDUAT + KATILIM + KALKINMA_VE_YATIRIM,Published sector total equals the sum of the three non-negative functional-group branch counts with zero residual.,150.0,137.0,,13.0,1,150.0,0.0,True,raw/2025-12_table06.json.gz,3840a2152940d7408e87cd73a6609526502e05221f929feeeeb0d46f3162e1ac,raw/2025-12_table06_info.json,2747dbf8bbb45e7f9cd42d91858ff4ecd43eacc4ba00041aab2b584139e580ed,https://www.bddk.org.tr/BultenFinturk/tr/Home/MetaveriPdfIndir?tabloNo=6
2025-12,2025-12-31,BARTIN,10003,KALKINMA VE YATIRIM,SubeSayisi,Yurtiçi Şube Sayısı,,0.0,derived_zero_function_group_identity,SEKTOR = MEVDUAT + KATILIM + KALKINMA_VE_YATIRIM,Published sector total equals the sum of the three non-negative functional-group branch counts with zero residual.,22.0,20.0,,2.0,1,22.0,0.0,True,raw/2025-12_table06.json.gz,3840a2152940d7408e87cd73a6609526502e05221f929feeeeb0d46f3162e1ac,raw/2025-12_table06_info.json,2747dbf8bbb45e7f9cd42d91858ff4ecd43eacc4ba00041aab2b584139e580ed,https://www.bddk.org.tr/BultenFinturk/tr/Home/MetaveriPdfIndir?tabloNo=6
2025-12,2025-12-31,BATMAN,10003,KALKINMA VE YATIRIM,SubeSayisi,Yurtiçi Şube Sayısı,,0.0,derived_zero_function_group_identity,SEKTOR = MEVDUAT + KATILIM + KALKINMA_VE_YATIRIM,Published sector total equals the sum of the three non-negative functional-group branch counts with zero residual.,32.0,25.0,,7.0,1,32.0,0.0,True,raw/2025-12_table06.json.gz,3840a2152940d7408e87cd73a6609526502e05221f929feeeeb0d46f3162e1ac,raw/2025-12_table06_info.json,2747dbf8bbb45e7f9cd42d91858ff4ecd43eacc4ba00041aab2b584139e580ed,https://www.bddk.org.tr/BultenFinturk/tr/Home/MetaveriPdfIndir?tabloNo=6
2025-12,2025-12-31,BAYBURT,10003,KALKINMA VE YATIRIM,SubeSayisi,Yurtiçi Şube Sayısı,,0.0,derived_zero_function_group_identity,SEKTOR = MEVDUAT + KATILIM + KALKINMA_VE_YATIRIM,Published sector total equals the sum of the three non-negative functional-group branch counts with zero residual.,10.0,9.0,,1.0,1,10.0,0.0,True,raw/2025-12_table06.json.gz,3840a2152940d7408e87cd73a6609526502e05221f929feeeeb0d46f3162e1ac,raw/2025-12_table06_info.json,2747dbf8bbb45e7f9cd42d91858ff4ecd43eacc4ba00041aab2b584139e580ed,https://www.bddk.org.tr/BultenFinturk/tr/Home/MetaveriPdfIndir?tabloNo=6
2025-12,2025-12-31,BOLU,10003,KALKINMA VE YATIRIM,SubeSayisi,Yurtiçi Şube Sayısı,,0.0,derived_zero_function_group_identity,SEKTOR = MEVDUAT + KATILIM + KALKINMA_VE_YATIRIM,Published sector total equals the sum of the three non-negative functional-group branch counts with zero residual.,35.0,30.0,,5.0,1,35.0,0.0,True,raw/2025-12_table06.json.gz,3840a2152940d7408e87cd73a6609526502e05221f929feeeeb0d46f3162e1ac,raw/2025-12_table06_info.json,2747dbf8bbb45e7f9cd42d91858ff4ecd43eacc4ba00041aab2b584139e580ed,https://www.bddk.org.tr/BultenFinturk/tr/Home/MetaveriPdfIndir?tabloNo=6
2025-12,2025-12-31,BURDUR,10003,KALKINMA VE YATIRIM,SubeSayisi,Yurtiçi Şube Sayısı,,0.0,derived_zero_function_group_identity,SEKTOR = MEVDUAT + KATILIM + KALKINMA_VE_YATIRIM,Published sector total equals the sum of the three non-negative functional-group branch counts with zero residual.,35.0,33.0,,2.0,1,35.0,0.0,True,raw/2025-12_table06.json.gz,3840a2152940d7408e87cd73a6609526502e05221f929feeeeb0d46f3162e1ac,raw/2025-12_table06_info.json,2747dbf8bbb45e7f9cd42d91858ff4ecd43eacc4ba00041aab2b584139e580ed,https://www.bddk.org.tr/BultenFinturk/tr/Home/MetaveriPdfIndir?tabloNo=6
2025-12,2025-12-31,BİLECİK,10003,KALKINMA VE YATIRIM,SubeSayisi,Yurtiçi Şube Sayısı,,0.0,derived_zero_function_group_identity,SEKTOR = MEVDUAT + KATILIM + KALKINMA_VE_YATIRIM,Published sector total equals the sum of the three non-negative functional-group branch counts with zero residual.,29.0,28.0,,1.0,1,29.0,0.0,True,raw/2025-12_table06.json.gz,3840a2152940d7408e87cd73a6609526502e05221f929feeeeb0d46f3162e1ac,raw/2025-12_table06_info.json,2747dbf8bbb45e7f9cd42d91858ff4ecd43eacc4ba00041aab2b584139e580ed,https://www.bddk.org.tr/BultenFinturk/tr/Home/MetaveriPdfIndir?tabloNo=6
2025-12,2025-12-31,BİNGÖL,10003,KALKINMA VE YATIRIM,SubeSayisi,Yurtiçi Şube Sayısı,,0.0,derived_zero_function_group_identity,SEKTOR = MEVDUAT + KATILIM + KALKINMA_VE_YATIRIM,Published sector total equals the sum of the three non-negative functional-group branch counts with zero residual.,18.0,15.0,,3.0,1,18.0,0.0,True,raw/2025-12_table06.json.gz,3840a2152940d7408e87cd73a6609526502e05221f929feeeeb0d46f3162e1ac,raw/2025-12_table06_info.json,2747dbf8bbb45e7f9cd42d91858ff4ecd43eacc4ba00041aab2b584139e580ed,https://www.bddk.org.tr/BultenFinturk/tr/Home/MetaveriPdfIndir?tabloNo=6
2025-12,2025-12-31,BİTLİS,10003,KALKINMA VE YATIRIM,SubeSayisi,Yurtiçi Şube Sayısı,,0.0,derived_zero_function_group_identity,SEKTOR = MEVDUAT + KATILIM + KALKINMA_VE_YATIRIM,Published sector total equals the sum of the three non-negative functional-group branch counts with zero residual.,21.0,20.0,,1.0,1,21.0,0.0,True,raw/2025-12_table06.json.gz,3840a2152940d7408e87cd73a6609526502e05221f929feeeeb0d46f3162e1ac,raw/2025-12_table06_info.json,2747dbf8bbb45e7f9cd42d91858ff4ecd43eacc4ba00041aab2b584139e580ed,https://www.bddk.org.tr/BultenFinturk/tr/Home/MetaveriPdfIndir?tabloNo=6
2025-12,2025-12-31,DÜZCE,10003,KALKINMA VE YATIRIM,SubeSayisi,Yurtiçi Şube Sayısı,,0.0,derived_zero_function_group_identity,SEKTOR = MEVDUAT + KATILIM + KALKINMA_VE_YATIRIM,Published sector total equals the sum of the three non-negative functional-group branch counts with zero residual.,35.0,28.0,,7.0,1,35.0,0.0,True,raw/2025-12_table06.json.gz,3840a2152940d7408e87cd73a6609526502e05221f929feeeeb0d46f3162e1ac,raw/2025-12_table06_info.json,2747dbf8bbb45e7f9cd42d91858ff4ecd43eacc4ba00041aab2b584139e580ed,https://www.bddk.org.tr/BultenFinturk/tr/Home/MetaveriPdfIndir?tabloNo=6
2025-12,2025-12-31,EDİRNE,10003,KALKINMA VE YATIRIM,SubeSayisi,Yurtiçi Şube Sayısı,,0.0,derived_zero_function_group_identity,SEKTOR = MEVDUAT + KATILIM + KALKINMA_VE_YATIRIM,Published sector total equals the sum of the three non-negative functional-group branch counts with zero residual.,55.0,51.0,,4.0,1,55.0,0.0,True,raw/2025-12_table06.json.gz,3840a2152940d7408e87cd73a6609526502e05221f929feeeeb0d46f3162e1ac,raw/2025-12_table06_info.json,2747dbf8bbb45e7f9cd42d91858ff4ecd43eacc4ba00041aab2b584139e580ed,https://www.bddk.org.tr/BultenFinturk/tr/Home/MetaveriPdfIndir?tabloNo=6
2025-12,2025-12-31,ERZİNCAN,10003,KALKINMA VE YATIRIM,SubeSayisi,Yurtiçi Şube Sayısı,,0.0,derived_zero_function_group_identity,SEKTOR = MEVDUAT + KATILIM + KALKINMA_VE_YATIRIM,Published sector total equals the sum of the three non-negative functional-group branch counts with zero residual.,29.0,24.0,,5.0,1,29.0,0.0,True,raw/2025-12_table06.json.gz,3840a2152940d7408e87cd73a6609526502e05221f929feeeeb0d46f3162e1ac,raw/2025-12_table06_info.json,2747dbf8bbb45e7f9cd42d91858ff4ecd43eacc4ba00041aab2b584139e580ed,https://www.bddk.org.tr/BultenFinturk/tr/Home/MetaveriPdfIndir?tabloNo=6
2025-12,2025-12-31,GÜMÜŞHANE,10003,KALKINMA VE YATIRIM,SubeSayisi,Yurtiçi Şube Sayısı,,0.0,derived_zero_function_group_identity,SEKTOR = MEVDUAT + KATILIM + KALKINMA_VE_YATIRIM,Published sector total equals the sum of the three non-negative functional-group branch counts with zero residual.,19.0,18.0,,1.0,1,19.0,0.0,True,raw/2025-12_table06.json.gz,3840a2152940d7408e87cd73a6609526502e05221f929feeeeb0d46f3162e1ac,raw/2025-12_table06_info.json,2747dbf8bbb45e7f9cd42d91858ff4ecd43eacc4ba00041aab2b584139e580ed,https://www.bddk.org.tr/BultenFinturk/tr/Home/MetaveriPdfIndir?tabloNo=6
2025-12,2025-12-31,GİRESUN,10003,KALKINMA VE YATIRIM,SubeSayisi,Yurtiçi Şube Sayısı,,0.0,derived_zero_function_group_identity,SEKTOR = MEVDUAT + KATILIM + KALKINMA_VE_YATIRIM,Published sector total equals the sum of the three non-negative functional-group branch counts with zero residual.,55.0,50.0,,5.0,1,55.0,0.0,True,raw/2025-12_table06.json.gz,3840a2152940d7408e87cd73a6609526502e05221f929feeeeb0d46f3162e1ac,raw/2025-12_table06_info.json,2747dbf8bbb45e7f9cd42d91858ff4ecd43eacc4ba00041aab2b584139e580ed,https://www.bddk.org.tr/BultenFinturk/tr/Home/MetaveriPdfIndir?tabloNo=6
2025-12,2025-12-31,HAKKARİ,10003,KALKINMA VE YATIRIM,SubeSayisi,Yurtiçi Şube Sayısı,,0.0,derived_zero_function_group_identity,SEKTOR = MEVDUAT + KATILIM + KALKINMA_VE_YATIRIM,Published sector total equals the sum of the three non-negative functional-group branch counts with zero residual.,13.0,13.0,,,2,13.0,0.0,True,raw/2025-12_table06.json.gz,3840a2152940d7408e87cd73a6609526502e05221f929feeeeb0d46f3162e1ac,raw/2025-12_table06_info.json,2747dbf8bbb45e7f9cd42d91858ff4ecd43eacc4ba00041aab2b584139e580ed,https://www.bddk.org.tr/BultenFinturk/tr/Home/MetaveriPdfIndir?tabloNo=6
2025-12,2025-12-31,HAKKARİ,10004,KATILIM,SubeSayisi,Yurtiçi Şube Sayısı,,0.0,derived_zero_function_group_identity,SEKTOR = MEVDUAT + KATILIM + KALKINMA_VE_YATIRIM,Published sector total equals the sum of the three non-negative functional-group branch counts with zero residual.,13.0,13.0,,,2,13.0,0.0,True,raw/2025-12_table06.json.gz,3840a2152940d7408e87cd73a6609526502e05221f929feeeeb0d46f3162e1ac,raw/2025-12_table06_info.json,2747dbf8bbb45e7f9cd42d91858ff4ecd43eacc4ba00041aab2b584139e580ed,https://www.bddk.org.tr/BultenFinturk/tr/Home/MetaveriPdfIndir?tabloNo=6
2025-12,2025-12-31,ISPARTA,10003,KALKINMA VE YATIRIM,SubeSayisi,Yurtiçi Şube Sayısı,,0.0,derived_zero_function_group_identity,SEKTOR = MEVDUAT + KATILIM + KALKINMA_VE_YATIRIM,Published sector total equals the sum of the three non-negative functional-group branch counts with zero residual.,53.0,46.0,,7.0,1,53.0,0.0,True,raw/2025-12_table06.json.gz,3840a2152940d7408e87cd73a6609526502e05221f929feeeeb0d46f3162e1ac,raw/2025-12_table06_info.json,2747dbf8bbb45e7f9cd42d91858ff4ecd43eacc4ba00041aab2b584139e580ed,https://www.bddk.org.tr/BultenFinturk/tr/Home/MetaveriPdfIndir?tabloNo=6
2025-12,2025-12-31,IĞDIR,10003,KALKINMA VE YATIRIM,SubeSayisi,Yurtiçi Şube Sayısı,,0.0,derived_zero_function_group_identity,SEKTOR = MEVDUAT + KATILIM + KALKINMA_VE_YATIRIM,Published sector total equals the sum of the three non-negative functional-group branch counts with zero residual.,16.0,15.0,,1.0,1,16.0,0.0,True,raw/2025-12_table06.json.gz,3840a2152940d7408e87cd73a6609526502e05221f929feeeeb0d46f3162e1ac,raw/2025-12_table06_info.json,2747dbf8bbb45e7f9cd42d91858ff4ecd43eacc4ba00041aab2b584139e580ed,https://www.bddk.org.tr/BultenFinturk/tr/Home/MetaveriPdfIndir?tabloNo=6
2025-12,2025-12-31,KARABÜK,10003,KALKINMA VE YATIRIM,SubeSayisi,Yurtiçi Şube Sayısı,,0.0,derived_zero_function_group_identity,SEKTOR = MEVDUAT + KATILIM + KALKINMA_VE_YATIRIM,Published sector total equals the sum of the three non-negative functional-group branch counts with zero residual.,30.0,24.0,,6.0,1,30.0,0.0,True,raw/2025-12_table06.json.gz,3840a2152940d7408e87cd73a6609526502e05221f929feeeeb0d46f3162e1ac,raw/2025-12_table06_info.json,2747dbf8bbb45e7f9cd42d91858ff4ecd43eacc4ba00041aab2b584139e580ed,https://www.bddk.org.tr/BultenFinturk/tr/Home/MetaveriPdfIndir?tabloNo=6
2025-12,2025-12-31,KARAMAN,10003,KALKINMA VE YATIRIM,SubeSayisi,Yurtiçi Şube Sayısı,,0.0,derived_zero_function_group_identity,SEKTOR = MEVDUAT + KATILIM + KALKINMA_VE_YATIRIM,Published sector total equals the sum of the three non-negative functional-group branch counts with zero residual.,27.0,21.0,,6.0,1,27.0,0.0,True,raw/2025-12_table06.json.gz,3840a2152940d7408e87cd73a6609526502e05221f929feeeeb0d46f3162e1ac,raw/2025-12_table06_info.json,2747dbf8bbb45e7f9cd42d91858ff4ecd43eacc4ba00041aab2b584139e580ed,https://www.bddk.org.tr/BultenFinturk/tr/Home/MetaveriPdfIndir?tabloNo=6
2025-12,2025-12-31,KARS,10003,KALKINMA VE YATIRIM,SubeSayisi,Yurtiçi Şube Sayısı,,0.0,derived_zero_function_group_identity,SEKTOR = MEVDUAT + KATILIM + KALKINMA_VE_YATIRIM,Published sector total equals the sum of the three non-negative functional-group branch counts with zero residual.,24.0,23.0,,1.0,1,24.0,0.0,True,raw/2025-12_table06.json.gz,3840a2152940d7408e87cd73a6609526502e05221f929feeeeb0d46f3162e1ac,raw/2025-12_table06_info.json,2747dbf8bbb45e7f9cd42d91858ff4ecd43eacc4ba00041aab2b584139e580ed,https://www.bddk.org.tr/BultenFinturk/tr/Home/MetaveriPdfIndir?tabloNo=6
2025-12,2025-12-31,KIRIKKALE,10003,KALKINMA VE YATIRIM,SubeSayisi,Yurtiçi Şube Sayısı,,0.0,derived_zero_function_group_identity,SEKTOR = MEVDUAT + KATILIM + KALKINMA_VE_YATIRIM,Published sector total equals the sum of the three non-negative functional-group branch counts with zero residual.,28.0,25.0,,3.0,1,28.0,0.0,True,raw/2025-12_table06.json.gz,3840a2152940d7408e87cd73a6609526502e05221f929feeeeb0d46f3162e1ac,raw/2025-12_table06_info.json,2747dbf8bbb45e7f9cd42d91858ff4ecd43eacc4ba00041aab2b584139e580ed,https://www.bddk.org.tr/BultenFinturk/tr/Home/MetaveriPdfIndir?tabloNo=6
2025-12,2025-12-31,KIRKLARELİ,10003,KALKINMA VE YATIRIM,SubeSayisi,Yurtiçi Şube Sayısı,,0.0,derived_zero_function_group_identity,SEKTOR = MEVDUAT + KATILIM + KALKINMA_VE_YATIRIM,Published sector total equals the sum of the three non-negative functional-group branch counts with zero residual.,42.0,41.0,,1.0,1,42.0,0.0,True,raw/2025-12_table06.json.gz,3840a2152940d7408e87cd73a6609526502e05221f929feeeeb0d46f3162e1ac,raw/2025-12_table06_info.json,2747dbf8bbb45e7f9cd42d91858ff4ecd43eacc4ba00041aab2b584139e580ed,https://www.bddk.org.tr/BultenFinturk/tr/Home/MetaveriPdfIndir?tabloNo=6
2025-12,2025-12-31,KIRŞEHİR,10003,KALKINMA VE YATIRIM,SubeSayisi,Yurtiçi Şube Sayısı,,0.0,derived_zero_function_group_identity,SEKTOR = MEVDUAT + KATILIM + KALKINMA_VE_YATIRIM,Published sector total equals the sum of the three non-negative functional-group branch counts with zero residual.,26.0,23.0,,3.0,1,26.0,0.0,True,raw/2025-12_table06.json.gz,3840a2152940d7408e87cd73a6609526502e05221f929feeeeb0d46f3162e1ac,raw/2025-12_table06_info.json,2747dbf8bbb45e7f9cd42d91858ff4ecd43eacc4ba00041aab2b584139e580ed,https://www.bddk.org.tr/BultenFinturk/tr/Home/MetaveriPdfIndir?tabloNo=6
2025-12,2025-12-31,KÜTAHYA,10003,KALKINMA VE YATIRIM,SubeSayisi,Yurtiçi Şube Sayısı,,0.0,derived_zero_function_group_identity,SEKTOR = MEVDUAT + KATILIM + KALKINMA_VE_YATIRIM,Published sector total equals the sum of the three non-negative functional-group branch counts with zero residual.,52.0,45.0,,7.0,1,52.0,0.0,True,raw/2025-12_table06.json.gz,3840a2152940d7408e87cd73a6609526502e05221f929feeeeb0d46f3162e1ac,raw/2025-12_table06_info.json,2747dbf8bbb45e7f9cd42d91858ff4ecd43eacc4ba00041aab2b584139e580ed,https://www.bddk.org.tr/BultenFinturk/tr/Home/MetaveriPdfIndir?tabloNo=6
2025-12,2025-12-31,KİLİS,10003,KALKINMA VE YATIRIM,SubeSayisi,Yurtiçi Şube Sayısı,,0.0,derived_zero_function_group_identity,SEKTOR = MEVDUAT + KATILIM + KALKINMA_VE_YATIRIM,Published sector total equals the sum of the three non-negative functional-group branch counts with zero residual.,10.0,9.0,,1.0,1,10.0,0.0,True,raw/2025-12_table06.json.gz,3840a2152940d7408e87cd73a6609526502e05221f929feeeeb0d46f3162e1ac,raw/2025-12_table06_info.json,2747dbf8bbb45e7f9cd42d91858ff4ecd43eacc4ba00041aab2b584139e580ed,https://www.bddk.org.tr/BultenFinturk/tr/Home/MetaveriPdfIndir?tabloNo=6
2025-12,2025-12-31,MALATYA,10003,KALKINMA VE YATIRIM,SubeSayisi,Yurtiçi Şube Sayısı,,0.0,derived_zero_function_group_identity,SEKTOR = MEVDUAT + KATILIM + KALKINMA_VE_YATIRIM,Published sector total equals the sum of the three non-negative functional-group branch counts with zero residual.,61.0,53.0,,8.0,1,61.0,0.0,True,raw/2025-12_table06.json.gz,3840a2152940d7408e87cd73a6609526502e05221f929feeeeb0d46f3162e1ac,raw/2025-12_table06_info.json,2747dbf8bbb45e7f9cd42d91858ff4ecd43eacc4ba00041aab2b584139e580ed,https://www.bddk.org.tr/BultenFinturk/tr/Home/MetaveriPdfIndir?tabloNo=6
2025-12,2025-12-31,MARDİN,10003,KALKINMA VE YATIRIM,SubeSayisi,Yurtiçi Şube Sayısı,,0.0,derived_zero_function_group_identity,SEKTOR = MEVDUAT + KATILIM + KALKINMA_VE_YATIRIM,Published sector total equals the sum of the three non-negative functional-group branch counts with zero residual.,45.0,39.0,,6.0,1,45.0,0.0,True,raw/2025-12_table06.json.gz,3840a2152940d7408e87cd73a6609526502e05221f929feeeeb0d46f3162e1ac,raw/2025-12_table06_info.json,2747dbf8bbb45e7f9cd42d91858ff4ecd43eacc4ba00041aab2b584139e580ed,https://www.bddk.org.tr/BultenFinturk/tr/Home/MetaveriPdfIndir?tabloNo=6
2025-12,2025-12-31,MUŞ,10003,KALKINMA VE YATIRIM,SubeSayisi,Yurtiçi Şube Sayısı,,0.0,derived_zero_function_group_identity,SEKTOR = MEVDUAT + KATILIM + KALKINMA_VE_YATIRIM,Published sector total equals the sum of the three non-negative functional-group branch counts with zero residual.,19.0,16.0,,3.0,1,19.0,0.0,True,raw/2025-12_table06.json.gz,3840a2152940d7408e87cd73a6609526502e05221f929feeeeb0d46f3162e1ac,raw/2025-12_table06_info.json,2747dbf8bbb45e7f9cd42d91858ff4ecd43eacc4ba00041aab2b584139e580ed,https://www.bddk.org.tr/BultenFinturk/tr/Home/MetaveriPdfIndir?tabloNo=6
2025-12,2025-12-31,NEVŞEHİR,10003,KALKINMA VE YATIRIM,SubeSayisi,Yurtiçi Şube Sayısı,,0.0,derived_zero_function_group_identity,SEKTOR = MEVDUAT + KATILIM + KALKINMA_VE_YATIRIM,Published sector total equals the sum of the three non-negative functional-group branch counts with zero residual.,43.0,37.0,,6.0,1,43.0,0.0,True,raw/2025-12_table06.json.gz,3840a2152940d7408e87cd73a6609526502e05221f929feeeeb0d46f3162e1ac,raw/2025-12_table06_info.json,2747dbf8bbb45e7f9cd42d91858ff4ecd43eacc4ba00041aab2b584139e580ed,https://www.bddk.org.tr/BultenFinturk/tr/Home/MetaveriPdfIndir?tabloNo=6
2025-12,2025-12-31,NİĞDE,10003,KALKINMA VE YATIRIM,SubeSayisi,Yurtiçi Şube Sayısı,,0.0,derived_zero_function_group_identity,SEKTOR = MEVDUAT + KATILIM + KALKINMA_VE_YATIRIM,Published sector total equals the sum of the three non-negative functional-group branch counts with zero residual.,29.0,25.0,,4.0,1,29.0,0.0,True,raw/2025-12_table06.json.gz,3840a2152940d7408e87cd73a6609526502e05221f929feeeeb0d46f3162e1ac,raw/2025-12_table06_info.json,2747dbf8bbb45e7f9cd42d91858ff4ecd43eacc4ba00041aab2b584139e580ed,https://www.bddk.org.tr/BultenFinturk/tr/Home/MetaveriPdfIndir?tabloNo=6
2025-12,2025-12-31,ORDU,10003,KALKINMA VE YATIRIM,SubeSayisi,Yurtiçi Şube Sayısı,,0.0,derived_zero_function_group_identity,SEKTOR = MEVDUAT + KATILIM + KALKINMA_VE_YATIRIM,Published sector total equals the sum of the three non-negative functional-group branch counts with zero residual.,73.0,66.0,,7.0,1,73.0,0.0,True,raw/2025-12_table06.json.gz,3840a2152940d7408e87cd73a6609526502e05221f929feeeeb0d46f3162e1ac,raw/2025-12_table06_info.json,2747dbf8bbb45e7f9cd42d91858ff4ecd43eacc4ba00041aab2b584139e580ed,https://www.bddk.org.tr/BultenFinturk/tr/Home/MetaveriPdfIndir?tabloNo=6
2025-12,2025-12-31,OSMANİYE,10003,KALKINMA VE YATIRIM,SubeSayisi,Yurtiçi Şube Sayısı,,0.0,derived_zero_function_group_identity,SEKTOR = MEVDUAT + KATILIM + KALKINMA_VE_YATIRIM,Published sector total equals the sum of the three non-negative functional-group branch counts with zero residual.,39.0,33.0,,6.0,1,39.0,0.0,True,raw/2025-12_table06.json.gz,3840a2152940d7408e87cd73a6609526502e05221f929feeeeb0d46f3162e1ac,raw/2025-12_table06_info.json,2747dbf8bbb45e7f9cd42d91858ff4ecd43eacc4ba00041aab2b584139e580ed,https://www.bddk.org.tr/BultenFinturk/tr/Home/MetaveriPdfIndir?tabloNo=6
2025-12,2025-12-31,RİZE,10003,KALKINMA VE YATIRIM,SubeSayisi,Yurtiçi Şube Sayısı,,0.0,derived_zero_function_group_identity,SEKTOR = MEVDUAT + KATILIM + KALKINMA_VE_YATIRIM,Published sector total equals the sum of the three non-negative functional-group branch counts with zero residual.,45.0,39.0,,6.0,1,45.0,0.0,True,raw/2025-12_table06.json.gz,3840a2152940d7408e87cd73a6609526502e05221f929feeeeb0d46f3162e1ac,raw/2025-12_table06_info.json,2747dbf8bbb45e7f9cd42d91858ff4ecd43eacc4ba00041aab2b584139e580ed,https://www.bddk.org.tr/BultenFinturk/tr/Home/MetaveriPdfIndir?tabloNo=6
2025-12,2025-12-31,SAKARYA,10003,KALKINMA VE YATIRIM,SubeSayisi,Yurtiçi Şube Sayısı,,0.0,derived_zero_function_group_identity,SEKTOR = MEVDUAT + KATILIM + KALKINMA_VE_YATIRIM,Published sector total equals the sum of the three non-negative functional-group branch counts with zero residual.,111.0,97.0,,14.0,1,111.0,0.0,True,raw/2025-12_table06.json.gz,3840a2152940d7408e87cd73a6609526502e05221f929feeeeb0d46f3162e1ac,raw/2025-12_table06_info.json,2747dbf8bbb45e7f9cd42d91858ff4ecd43eacc4ba00041aab2b584139e580ed,https://www.bddk.org.tr/BultenFinturk/tr/Home/MetaveriPdfIndir?tabloNo=6
2025-12,2025-12-31,SİNOP,10003,KALKINMA VE YATIRIM,SubeSayisi,Yurtiçi Şube Sayısı,,0.0,derived_zero_function_group_identity,SEKTOR = MEVDUAT + KATILIM + KALKINMA_VE_YATIRIM,Published sector total equals the sum of the three non-negative functional-group branch counts with zero residual.,29.0,29.0,,,2,29.0,0.0,True,raw/2025-12_table06.json.gz,3840a2152940d7408e87cd73a6609526502e05221f929feeeeb0d46f3162e1ac,raw/2025-12_table06_info.json,2747dbf8bbb45e7f9cd42d91858ff4ecd43eacc4ba00041aab2b584139e580ed,https://www.bddk.org.tr/BultenFinturk/tr/Home/MetaveriPdfIndir?tabloNo=6
2025-12,2025-12-31,SİNOP,10004,KATILIM,SubeSayisi,Yurtiçi Şube Sayısı,,0.0,derived_zero_function_group_identity,SEKTOR = MEVDUAT + KATILIM + KALKINMA_VE_YATIRIM,Published sector total equals the sum of the three non-negative functional-group branch counts with zero residual.,29.0,29.0,,,2,29.0,0.0,True,raw/2025-12_table06.json.gz,3840a2152940d7408e87cd73a6609526502e05221f929feeeeb0d46f3162e1ac,raw/2025-12_table06_info.json,2747dbf8bbb45e7f9cd42d91858ff4ecd43eacc4ba00041aab2b584139e580ed,https://www.bddk.org.tr/BultenFinturk/tr/Home/MetaveriPdfIndir?tabloNo=6
2025-12,2025-12-31,SİİRT,10003,KALKINMA VE YATIRIM,SubeSayisi,Yurtiçi Şube Sayısı,,0.0,derived_zero_function_group_identity,SEKTOR = MEVDUAT + KATILIM + KALKINMA_VE_YATIRIM,Published sector total equals the sum of the three non-negative functional-group branch counts with zero residual.,22.0,16.0,,6.0,1,22.0,0.0,True,raw/2025-12_table06.json.gz,3840a2152940d7408e87cd73a6609526502e05221f929feeeeb0d46f3162e1ac,raw/2025-12_table06_info.json,2747dbf8bbb45e7f9cd42d91858ff4ecd43eacc4ba00041aab2b584139e580ed,https://www.bddk.org.tr/BultenFinturk/tr/Home/MetaveriPdfIndir?tabloNo=6
2025-12,2025-12-31,TOKAT,10003,KALKINMA VE YATIRIM,SubeSayisi,Yurtiçi Şube Sayısı,,0.0,derived_zero_function_group_identity,SEKTOR = MEVDUAT + KATILIM + KALKINMA_VE_YATIRIM,Published sector total equals the sum of the three non-negative functional-group branch counts with zero residual.,58.0,52.0,,6.0,1,58.0,0.0,True,raw/2025-12_table06.json.gz,3840a2152940d7408e87cd73a6609526502e05221f929feeeeb0d46f3162e1ac,raw/2025-12_table06_info.json,2747dbf8bbb45e7f9cd42d91858ff4ecd43eacc4ba00041aab2b584139e580ed,https://www.bddk.org.tr/BultenFinturk/tr/Home/MetaveriPdfIndir?tabloNo=6
2025-12,2025-12-31,TUNCELİ,10003,KALKINMA VE YATIRIM,SubeSayisi,Yurtiçi Şube Sayısı,,0.0,derived_zero_function_group_identity,SEKTOR = MEVDUAT + KATILIM + KALKINMA_VE_YATIRIM,Published sector total equals the sum of the three non-negative functional-group branch counts with zero residual.,13.0,13.0,,,2,13.0,0.0,True,raw/2025-12_table06.json.gz,3840a2152940d7408e87cd73a6609526502e05221f929feeeeb0d46f3162e1ac,raw/2025-12_table06_info.json,2747dbf8bbb45e7f9cd42d91858ff4ecd43eacc4ba00041aab2b584139e580ed,https://www.bddk.org.tr/BultenFinturk/tr/Home/MetaveriPdfIndir?tabloNo=6
2025-12,2025-12-31,TUNCELİ,10004,KATILIM,SubeSayisi,Yurtiçi Şube Sayısı,,0.0,derived_zero_function_group_identity,SEKTOR = MEVDUAT + KATILIM + KALKINMA_VE_YATIRIM,Published sector total equals the sum of the three non-negative functional-group branch counts with zero residual.,13.0,13.0,,,2,13.0,0.0,True,raw/2025-12_table06.json.gz,3840a2152940d7408e87cd73a6609526502e05221f929feeeeb0d46f3162e1ac,raw/2025-12_table06_info.json,2747dbf8bbb45e7f9cd42d91858ff4ecd43eacc4ba00041aab2b584139e580ed,https://www.bddk.org.tr/BultenFinturk/tr/Home/MetaveriPdfIndir?tabloNo=6
2025-12,2025-12-31,UŞAK,10003,KALKINMA VE YATIRIM,SubeSayisi,Yurtiçi Şube Sayısı,,0.0,derived_zero_function_group_identity,SEKTOR = MEVDUAT + KATILIM + KALKINMA_VE_YATIRIM,Published sector total equals the sum of the three non-negative functional-group branch counts with zero residual.,43.0,38.0,,5.0,1,43.0,0.0,True,raw/2025-12_table06.json.gz,3840a2152940d7408e87cd73a6609526502e05221f929feeeeb0d46f3162e1ac,raw/2025-12_table06_info.json,2747dbf8bbb45e7f9cd42d91858ff4ecd43eacc4ba00041aab2b584139e580ed,https://www.bddk.org.tr/BultenFinturk/tr/Home/MetaveriPdfIndir?tabloNo=6
2025-12,2025-12-31,YALOVA,10003,KALKINMA VE YATIRIM,SubeSayisi,Yurtiçi Şube Sayısı,,0.0,derived_zero_function_group_identity,SEKTOR = MEVDUAT + KATILIM + KALKINMA_VE_YATIRIM,Published sector total equals the sum of the three non-negative functional-group branch counts with zero residual.,29.0,23.0,,6.0,1,29.0,0.0,True,raw/2025-12_table06.json.gz,3840a2152940d7408e87cd73a6609526502e05221f929feeeeb0d46f3162e1ac,raw/2025-12_table06_info.json,2747dbf8bbb45e7f9cd42d91858ff4ecd43eacc4ba00041aab2b584139e580ed,https://www.bddk.org.tr/BultenFinturk/tr/Home/MetaveriPdfIndir?tabloNo=6
2025-12,2025-12-31,YOZGAT,10003,KALKINMA VE YATIRIM,SubeSayisi,Yurtiçi Şube Sayısı,,0.0,derived_zero_function_group_identity,SEKTOR = MEVDUAT + KATILIM + KALKINMA_VE_YATIRIM,Published sector total equals the sum of the three non-negative functional-group branch counts with zero residual.,48.0,44.0,,4.0,1,48.0,0.0,True,raw/2025-12_table06.json.gz,3840a2152940d7408e87cd73a6609526502e05221f929feeeeb0d46f3162e1ac,raw/2025-12_table06_info.json,2747dbf8bbb45e7f9cd42d91858ff4ecd43eacc4ba00041aab2b584139e580ed,https://www.bddk.org.tr/BultenFinturk/tr/Home/MetaveriPdfIndir?tabloNo=6
2025-12,2025-12-31,ZONGULDAK,10003,KALKINMA VE YATIRIM,SubeSayisi,Yurtiçi Şube Sayısı,,0.0,derived_zero_function_group_identity,SEKTOR = MEVDUAT + KATILIM + KALKINMA_VE_YATIRIM,Published sector total equals the sum of the three non-negative functional-group branch counts with zero residual.,61.0,57.0,,4.0,1,61.0,0.0,True,raw/2025-12_table06.json.gz,3840a2152940d7408e87cd73a6609526502e05221f929feeeeb0d46f3162e1ac,raw/2025-12_table06_info.json,2747dbf8bbb45e7f9cd42d91858ff4ecd43eacc4ba00041aab2b584139e580ed,https://www.bddk.org.tr/BultenFinturk/tr/Home/MetaveriPdfIndir?tabloNo=6
2025-12,2025-12-31,ÇANAKKALE,10003,KALKINMA VE YATIRIM,SubeSayisi,Yurtiçi Şube Sayısı,,0.0,derived_zero_function_group_identity,SEKTOR = MEVDUAT + KATILIM + KALKINMA_VE_YATIRIM,Published sector total equals the sum of the three non-negative functional-group branch counts with zero residual.,76.0,72.0,,4.0,1,76.0,0.0,True,raw/2025-12_table06.json.gz,3840a2152940d7408e87cd73a6609526502e05221f929feeeeb0d46f3162e1ac,raw/2025-12_table06_info.json,2747dbf8bbb45e7f9cd42d91858ff4ecd43eacc4ba00041aab2b584139e580ed,https://www.bddk.org.tr/BultenFinturk/tr/Home/MetaveriPdfIndir?tabloNo=6
2025-12,2025-12-31,ÇANKIRI,10003,KALKINMA VE YATIRIM,SubeSayisi,Yurtiçi Şube Sayısı,,0.0,derived_zero_function_group_identity,SEKTOR = MEVDUAT + KATILIM + KALKINMA_VE_YATIRIM,Published sector total equals the sum of the three non-negative functional-group branch counts with zero residual.,31.0,28.0,,3.0,1,31.0,0.0,True,raw/2025-12_table06.json.gz,3840a2152940d7408e87cd73a6609526502e05221f929feeeeb0d46f3162e1ac,raw/2025-12_table06_info.json,2747dbf8bbb45e7f9cd42d91858ff4ecd43eacc4ba00041aab2b584139e580ed,https://www.bddk.org.tr/BultenFinturk/tr/Home/MetaveriPdfIndir?tabloNo=6
2025-12,2025-12-31,ÇORUM,10003,KALKINMA VE YATIRIM,SubeSayisi,Yurtiçi Şube Sayısı,,0.0,derived_zero_function_group_identity,SEKTOR = MEVDUAT + KATILIM + KALKINMA_VE_YATIRIM,Published sector total equals the sum of the three non-negative functional-group branch counts with zero residual.,59.0,53.0,,6.0,1,59.0,0.0,True,raw/2025-12_table06.json.gz,3840a2152940d7408e87cd73a6609526502e05221f929feeeeb0d46f3162e1ac,raw/2025-12_table06_info.json,2747dbf8bbb45e7f9cd42d91858ff4ecd43eacc4ba00041aab2b584139e580ed,https://www.bddk.org.tr/BultenFinturk/tr/Home/MetaveriPdfIndir?tabloNo=6
2025-12,2025-12-31,ŞANLIURFA,10003,KALKINMA VE YATIRIM,SubeSayisi,Yurtiçi Şube Sayısı,,0.0,derived_zero_function_group_identity,SEKTOR = MEVDUAT + KATILIM + KALKINMA_VE_YATIRIM,Published sector total equals the sum of the three non-negative functional-group branch counts with zero residual.,91.0,77.0,,14.0,1,91.0,0.0,True,raw/2025-12_table06.json.gz,3840a2152940d7408e87cd73a6609526502e05221f929feeeeb0d46f3162e1ac,raw/2025-12_table06_info.json,2747dbf8bbb45e7f9cd42d91858ff4ecd43eacc4ba00041aab2b584139e580ed,https://www.bddk.org.tr/BultenFinturk/tr/Home/MetaveriPdfIndir?tabloNo=6
2025-12,2025-12-31,ŞIRNAK,10003,KALKINMA VE YATIRIM,SubeSayisi,Yurtiçi Şube Sayısı,,0.0,derived_zero_function_group_identity,SEKTOR = MEVDUAT + KATILIM + KALKINMA_VE_YATIRIM,Published sector total equals the sum of the three non-negative functional-group branch counts with zero residual.,21.0,21.0,,,2,21.0,0.0,True,raw/2025-12_table06.json.gz,3840a2152940d7408e87cd73a6609526502e05221f929feeeeb0d46f3162e1ac,raw/2025-12_table06_info.json,2747dbf8bbb45e7f9cd42d91858ff4ecd43eacc4ba00041aab2b584139e580ed,https://www.bddk.org.tr/BultenFinturk/tr/Home/MetaveriPdfIndir?tabloNo=6
2025-12,2025-12-31,ŞIRNAK,10004,KATILIM,SubeSayisi,Yurtiçi Şube Sayısı,,0.0,derived_zero_function_group_identity,SEKTOR = MEVDUAT + KATILIM + KALKINMA_VE_YATIRIM,Published sector total equals the sum of the three non-negative functional-group branch counts with zero residual.,21.0,21.0,,,2,21.0,0.0,True,raw/2025-12_table06.json.gz,3840a2152940d7408e87cd73a6609526502e05221f929feeeeb0d46f3162e1ac,raw/2025-12_table06_info.json,2747dbf8bbb45e7f9cd42d91858ff4ecd43eacc4ba00041aab2b584139e580ed,https://www.bddk.org.tr/BultenFinturk/tr/Home/MetaveriPdfIndir?tabloNo=6
2026-03,2026-03-31,ADIYAMAN,10003,KALKINMA VE YATIRIM,SubeSayisi,Yurtiçi Şube Sayısı,,0.0,derived_zero_function_group_identity,SEKTOR = MEVDUAT + KATILIM + KALKINMA_VE_YATIRIM,Published sector total equals the sum of the three non-negative functional-group branch counts with zero residual.,39.0,34.0,,5.0,1,39.0,0.0,True,raw/2026-3_table06.json.gz,983d771605b35c43f4591f7d1bee420ddea90e71efeabe03e777884ed6604eb0,raw/2026-3_table06_info.json,691207003c35fe03421097628648427ffb66fe76406632bf8a330452415667e4,https://www.bddk.org.tr/BultenFinturk/tr/Home/MetaveriPdfIndir?tabloNo=6
2026-03,2026-03-31,AFYONKARAHİSAR,10003,KALKINMA VE YATIRIM,SubeSayisi,Yurtiçi Şube Sayısı,,0.0,derived_zero_function_group_identity,SEKTOR = MEVDUAT + KATILIM + KALKINMA_VE_YATIRIM,Published sector total equals the sum of the three non-negative functional-group branch counts with zero residual.,85.0,78.0,,7.0,1,85.0,0.0,True,raw/2026-3_table06.json.gz,983d771605b35c43f4591f7d1bee420ddea90e71efeabe03e777884ed6604eb0,raw/2026-3_table06_info.json,691207003c35fe03421097628648427ffb66fe76406632bf8a330452415667e4,https://www.bddk.org.tr/BultenFinturk/tr/Home/MetaveriPdfIndir?tabloNo=6
2026-03,2026-03-31,AKSARAY,10003,KALKINMA VE YATIRIM,SubeSayisi,Yurtiçi Şube Sayısı,,0.0,derived_zero_function_group_identity,SEKTOR = MEVDUAT + KATILIM + KALKINMA_VE_YATIRIM,Published sector total equals the sum of the three non-negative functional-group branch counts with zero residual.,39.0,31.0,,8.0,1,39.0,0.0,True,raw/2026-3_table06.json.gz,983d771605b35c43f4591f7d1bee420ddea90e71efeabe03e777884ed6604eb0,raw/2026-3_table06_info.json,691207003c35fe03421097628648427ffb66fe76406632bf8a330452415667e4,https://www.bddk.org.tr/BultenFinturk/tr/Home/MetaveriPdfIndir?tabloNo=6
2026-03,2026-03-31,AMASYA,10003,KALKINMA VE YATIRIM,SubeSayisi,Yurtiçi Şube Sayısı,,0.0,derived_zero_function_group_identity,SEKTOR = MEVDUAT + KATILIM + KALKINMA_VE_YATIRIM,Published sector total equals the sum of the three non-negative functional-group branch counts with zero residual.,40.0,36.0,,4.0,1,40.0,0.0,True,raw/2026-3_table06.json.gz,983d771605b35c43f4591f7d1bee420ddea90e71efeabe03e777884ed6604eb0,raw/2026-3_table06_info.json,691207003c35fe03421097628648427ffb66fe76406632bf8a330452415667e4,https://www.bddk.org.tr/BultenFinturk/tr/Home/MetaveriPdfIndir?tabloNo=6
2026-03,2026-03-31,ARDAHAN,10003,KALKINMA VE YATIRIM,SubeSayisi,Yurtiçi Şube Sayısı,,0.0,derived_zero_function_group_identity,SEKTOR = MEVDUAT + KATILIM + KALKINMA_VE_YATIRIM,Published sector total equals the sum of the three non-negative functional-group branch counts with zero residual.,12.0,12.0,,,2,12.0,0.0,True,raw/2026-3_table06.json.gz,983d771605b35c43f4591f7d1bee420ddea90e71efeabe03e777884ed6604eb0,raw/2026-3_table06_info.json,691207003c35fe03421097628648427ffb66fe76406632bf8a330452415667e4,https://www.bddk.org.tr/BultenFinturk/tr/Home/MetaveriPdfIndir?tabloNo=6
2026-03,2026-03-31,ARDAHAN,10004,KATILIM,SubeSayisi,Yurtiçi Şube Sayısı,,0.0,derived_zero_function_group_identity,SEKTOR = MEVDUAT + KATILIM + KALKINMA_VE_YATIRIM,Published sector total equals the sum of the three non-negative functional-group branch counts with zero residual.,12.0,12.0,,,2,12.0,0.0,True,raw/2026-3_table06.json.gz,983d771605b35c43f4591f7d1bee420ddea90e71efeabe03e777884ed6604eb0,raw/2026-3_table06_info.json,691207003c35fe03421097628648427ffb66fe76406632bf8a330452415667e4,https://www.bddk.org.tr/BultenFinturk/tr/Home/MetaveriPdfIndir?tabloNo=6
2026-03,2026-03-31,ARTVİN,10003,KALKINMA VE YATIRIM,SubeSayisi,Yurtiçi Şube Sayısı,,0.0,derived_zero_function_group_identity,SEKTOR = MEVDUAT + KATILIM + KALKINMA_VE_YATIRIM,Published sector total equals the sum of the three non-negative functional-group branch counts with zero residual.,29.0,29.0,,,2,29.0,0.0,True,raw/2026-3_table06.json.gz,983d771605b35c43f4591f7d1bee420ddea90e71efeabe03e777884ed6604eb0,raw/2026-3_table06_info.json,691207003c35fe03421097628648427ffb66fe76406632bf8a330452415667e4,https://www.bddk.org.tr/BultenFinturk/tr/Home/MetaveriPdfIndir?tabloNo=6
2026-03,2026-03-31,ARTVİN,10004,KATILIM,SubeSayisi,Yurtiçi Şube Sayısı,,0.0,derived_zero_function_group_identity,SEKTOR = MEVDUAT + KATILIM + KALKINMA_VE_YATIRIM,Published sector total equals the sum of the three non-negative functional-group branch counts with zero residual.,29.0,29.0,,,2,29.0,0.0,True,raw/2026-3_table06.json.gz,983d771605b35c43f4591f7d1bee420ddea90e71efeabe03e777884ed6604eb0,raw/2026-3_table06_info.json,691207003c35fe03421097628648427ffb66fe76406632bf8a330452415667e4,https://www.bddk.org.tr/BultenFinturk/tr/Home/MetaveriPdfIndir?tabloNo=6
2026-03,2026-03-31,AĞRI,10003,KALKINMA VE YATIRIM,SubeSayisi,Yurtiçi Şube Sayısı,,0.0,derived_zero_function_group_identity,SEKTOR = MEVDUAT + KATILIM + KALKINMA_VE_YATIRIM,Published sector total equals the sum of the three non-negative functional-group branch counts with zero residual.,24.0,22.0,,2.0,1,24.0,0.0,True,raw/2026-3_table06.json.gz,983d771605b35c43f4591f7d1bee420ddea90e71efeabe03e777884ed6604eb0,raw/2026-3_table06_info.json,691207003c35fe03421097628648427ffb66fe76406632bf8a330452415667e4,https://www.bddk.org.tr/BultenFinturk/tr/Home/MetaveriPdfIndir?tabloNo=6
2026-03,2026-03-31,BALIKESİR,10003,KALKINMA VE YATIRIM,SubeSayisi,Yurtiçi Şube Sayısı,,0.0,derived_zero_function_group_identity,SEKTOR = MEVDUAT + KATILIM + KALKINMA_VE_YATIRIM,Published sector total equals the sum of the three non-negative functional-group branch counts with zero residual.,151.0,138.0,,13.0,1,151.0,0.0,True,raw/2026-3_table06.json.gz,983d771605b35c43f4591f7d1bee420ddea90e71efeabe03e777884ed6604eb0,raw/2026-3_table06_info.json,691207003c35fe03421097628648427ffb66fe76406632bf8a330452415667e4,https://www.bddk.org.tr/BultenFinturk/tr/Home/MetaveriPdfIndir?tabloNo=6
2026-03,2026-03-31,BARTIN,10003,KALKINMA VE YATIRIM,SubeSayisi,Yurtiçi Şube Sayısı,,0.0,derived_zero_function_group_identity,SEKTOR = MEVDUAT + KATILIM + KALKINMA_VE_YATIRIM,Published sector total equals the sum of the three non-negative functional-group branch counts with zero residual.,22.0,20.0,,2.0,1,22.0,0.0,True,raw/2026-3_table06.json.gz,983d771605b35c43f4591f7d1bee420ddea90e71efeabe03e777884ed6604eb0,raw/2026-3_table06_info.json,691207003c35fe03421097628648427ffb66fe76406632bf8a330452415667e4,https://www.bddk.org.tr/BultenFinturk/tr/Home/MetaveriPdfIndir?tabloNo=6
2026-03,2026-03-31,BATMAN,10003,KALKINMA VE YATIRIM,SubeSayisi,Yurtiçi Şube Sayısı,,0.0,derived_zero_function_group_identity,SEKTOR = MEVDUAT + KATILIM + KALKINMA_VE_YATIRIM,Published sector total equals the sum of the three non-negative functional-group branch counts with zero residual.,32.0,25.0,,7.0,1,32.0,0.0,True,raw/2026-3_table06.json.gz,983d771605b35c43f4591f7d1bee420ddea90e71efeabe03e777884ed6604eb0,raw/2026-3_table06_info.json,691207003c35fe03421097628648427ffb66fe76406632bf8a330452415667e4,https://www.bddk.org.tr/BultenFinturk/tr/Home/MetaveriPdfIndir?tabloNo=6
2026-03,2026-03-31,BAYBURT,10003,KALKINMA VE YATIRIM,SubeSayisi,Yurtiçi Şube Sayısı,,0.0,derived_zero_function_group_identity,SEKTOR = MEVDUAT + KATILIM + KALKINMA_VE_YATIRIM,Published sector total equals the sum of the three non-negative functional-group branch counts with zero residual.,10.0,9.0,,1.0,1,10.0,0.0,True,raw/2026-3_table06.json.gz,983d771605b35c43f4591f7d1bee420ddea90e71efeabe03e777884ed6604eb0,raw/2026-3_table06_info.json,691207003c35fe03421097628648427ffb66fe76406632bf8a330452415667e4,https://www.bddk.org.tr/BultenFinturk/tr/Home/MetaveriPdfIndir?tabloNo=6
2026-03,2026-03-31,BOLU,10003,KALKINMA VE YATIRIM,SubeSayisi,Yurtiçi Şube Sayısı,,0.0,derived_zero_function_group_identity,SEKTOR = MEVDUAT + KATILIM + KALKINMA_VE_YATIRIM,Published sector total equals the sum of the three non-negative functional-group branch counts with zero residual.,35.0,30.0,,5.0,1,35.0,0.0,True,raw/2026-3_table06.json.gz,983d771605b35c43f4591f7d1bee420ddea90e71efeabe03e777884ed6604eb0,raw/2026-3_table06_info.json,691207003c35fe03421097628648427ffb66fe76406632bf8a330452415667e4,https://www.bddk.org.tr/BultenFinturk/tr/Home/MetaveriPdfIndir?tabloNo=6
2026-03,2026-03-31,BURDUR,10003,KALKINMA VE YATIRIM,SubeSayisi,Yurtiçi Şube Sayısı,,0.0,derived_zero_function_group_identity,SEKTOR = MEVDUAT + KATILIM + KALKINMA_VE_YATIRIM,Published sector total equals the sum of the three non-negative functional-group branch counts with zero residual.,35.0,33.0,,2.0,1,35.0,0.0,True,raw/2026-3_table06.json.gz,983d771605b35c43f4591f7d1bee420ddea90e71efeabe03e777884ed6604eb0,raw/2026-3_table06_info.json,691207003c35fe03421097628648427ffb66fe76406632bf8a330452415667e4,https://www.bddk.org.tr/BultenFinturk/tr/Home/MetaveriPdfIndir?tabloNo=6
2026-03,2026-03-31,BİLECİK,10003,KALKINMA VE YATIRIM,SubeSayisi,Yurtiçi Şube Sayısı,,0.0,derived_zero_function_group_identity,SEKTOR = MEVDUAT + KATILIM + KALKINMA_VE_YATIRIM,Published sector total equals the sum of the three non-negative functional-group branch counts with zero residual.,29.0,28.0,,1.0,1,29.0,0.0,True,raw/2026-3_table06.json.gz,983d771605b35c43f4591f7d1bee420ddea90e71efeabe03e777884ed6604eb0,raw/2026-3_table06_info.json,691207003c35fe03421097628648427ffb66fe76406632bf8a330452415667e4,https://www.bddk.org.tr/BultenFinturk/tr/Home/MetaveriPdfIndir?tabloNo=6
2026-03,2026-03-31,BİNGÖL,10003,KALKINMA VE YATIRIM,SubeSayisi,Yurtiçi Şube Sayısı,,0.0,derived_zero_function_group_identity,SEKTOR = MEVDUAT + KATILIM + KALKINMA_VE_YATIRIM,Published sector total equals the sum of the three non-negative functional-group branch counts with zero residual.,18.0,15.0,,3.0,1,18.0,0.0,True,raw/2026-3_table06.json.gz,983d771605b35c43f4591f7d1bee420ddea90e71efeabe03e777884ed6604eb0,raw/2026-3_table06_info.json,691207003c35fe03421097628648427ffb66fe76406632bf8a330452415667e4,https://www.bddk.org.tr/BultenFinturk/tr/Home/MetaveriPdfIndir?tabloNo=6
2026-03,2026-03-31,BİTLİS,10003,KALKINMA VE YATIRIM,SubeSayisi,Yurtiçi Şube Sayısı,,0.0,derived_zero_function_group_identity,SEKTOR = MEVDUAT + KATILIM + KALKINMA_VE_YATIRIM,Published sector total equals the sum of the three non-negative functional-group branch counts with zero residual.,21.0,20.0,,1.0,1,21.0,0.0,True,raw/2026-3_table06.json.gz,983d771605b35c43f4591f7d1bee420ddea90e71efeabe03e777884ed6604eb0,raw/2026-3_table06_info.json,691207003c35fe03421097628648427ffb66fe76406632bf8a330452415667e4,https://www.bddk.org.tr/BultenFinturk/tr/Home/MetaveriPdfIndir?tabloNo=6
2026-03,2026-03-31,DÜZCE,10003,KALKINMA VE YATIRIM,SubeSayisi,Yurtiçi Şube Sayısı,,0.0,derived_zero_function_group_identity,SEKTOR = MEVDUAT + KATILIM + KALKINMA_VE_YATIRIM,Published sector total equals the sum of the three non-negative functional-group branch counts with zero residual.,35.0,28.0,,7.0,1,35.0,0.0,True,raw/2026-3_table06.json.gz,983d771605b35c43f4591f7d1bee420ddea90e71efeabe03e777884ed6604eb0,raw/2026-3_table06_info.json,691207003c35fe03421097628648427ffb66fe76406632bf8a330452415667e4,https://www.bddk.org.tr/BultenFinturk/tr/Home/MetaveriPdfIndir?tabloNo=6
2026-03,2026-03-31,EDİRNE,10003,KALKINMA VE YATIRIM,SubeSayisi,Yurtiçi Şube Sayısı,,0.0,derived_zero_function_group_identity,SEKTOR = MEVDUAT + KATILIM + KALKINMA_VE_YATIRIM,Published sector total equals the sum of the three non-negative functional-group branch counts with zero residual.,56.0,51.0,,5.0,1,56.0,0.0,True,raw/2026-3_table06.json.gz,983d771605b35c43f4591f7d1bee420ddea90e71efeabe03e777884ed6604eb0,raw/2026-3_table06_info.json,691207003c35fe03421097628648427ffb66fe76406632bf8a330452415667e4,https://www.bddk.org.tr/BultenFinturk/tr/Home/MetaveriPdfIndir?tabloNo=6
2026-03,2026-03-31,ERZİNCAN,10003,KALKINMA VE YATIRIM,SubeSayisi,Yurtiçi Şube Sayısı,,0.0,derived_zero_function_group_identity,SEKTOR = MEVDUAT + KATILIM + KALKINMA_VE_YATIRIM,Published sector total equals the sum of the three non-negative functional-group branch counts with zero residual.,30.0,24.0,,6.0,1,30.0,0.0,True,raw/2026-3_table06.json.gz,983d771605b35c43f4591f7d1bee420ddea90e71efeabe03e777884ed6604eb0,raw/2026-3_table06_info.json,691207003c35fe03421097628648427ffb66fe76406632bf8a330452415667e4,https://www.bddk.org.tr/BultenFinturk/tr/Home/MetaveriPdfIndir?tabloNo=6
2026-03,2026-03-31,GÜMÜŞHANE,10003,KALKINMA VE YATIRIM,SubeSayisi,Yurtiçi Şube Sayısı,,0.0,derived_zero_function_group_identity,SEKTOR = MEVDUAT + KATILIM + KALKINMA_VE_YATIRIM,Published sector total equals the sum of the three non-negative functional-group branch counts with zero residual.,19.0,18.0,,1.0,1,19.0,0.0,True,raw/2026-3_table06.json.gz,983d771605b35c43f4591f7d1bee420ddea90e71efeabe03e777884ed6604eb0,raw/2026-3_table06_info.json,691207003c35fe03421097628648427ffb66fe76406632bf8a330452415667e4,https://www.bddk.org.tr/BultenFinturk/tr/Home/MetaveriPdfIndir?tabloNo=6
2026-03,2026-03-31,GİRESUN,10003,KALKINMA VE YATIRIM,SubeSayisi,Yurtiçi Şube Sayısı,,0.0,derived_zero_function_group_identity,SEKTOR = MEVDUAT + KATILIM + KALKINMA_VE_YATIRIM,Published sector total equals the sum of the three non-negative functional-group branch counts with zero residual.,55.0,50.0,,5.0,1,55.0,0.0,True,raw/2026-3_table06.json.gz,983d771605b35c43f4591f7d1bee420ddea90e71efeabe03e777884ed6604eb0,raw/2026-3_table06_info.json,691207003c35fe03421097628648427ffb66fe76406632bf8a330452415667e4,https://www.bddk.org.tr/BultenFinturk/tr/Home/MetaveriPdfIndir?tabloNo=6
2026-03,2026-03-31,HAKKARİ,10003,KALKINMA VE YATIRIM,SubeSayisi,Yurtiçi Şube Sayısı,,0.0,derived_zero_function_group_identity,SEKTOR = MEVDUAT + KATILIM + KALKINMA_VE_YATIRIM,Published sector total equals the sum of the three non-negative functional-group branch counts with zero residual.,13.0,13.0,,,2,13.0,0.0,True,raw/2026-3_table06.json.gz,983d771605b35c43f4591f7d1bee420ddea90e71efeabe03e777884ed6604eb0,raw/2026-3_table06_info.json,691207003c35fe03421097628648427ffb66fe76406632bf8a330452415667e4,https://www.bddk.org.tr/BultenFinturk/tr/Home/MetaveriPdfIndir?tabloNo=6
2026-03,2026-03-31,HAKKARİ,10004,KATILIM,SubeSayisi,Yurtiçi Şube Sayısı,,0.0,derived_zero_function_group_identity,SEKTOR = MEVDUAT + KATILIM + KALKINMA_VE_YATIRIM,Published sector total equals the sum of the three non-negative functional-group branch counts with zero residual.,13.0,13.0,,,2,13.0,0.0,True,raw/2026-3_table06.json.gz,983d771605b35c43f4591f7d1bee420ddea90e71efeabe03e777884ed6604eb0,raw/2026-3_table06_info.json,691207003c35fe03421097628648427ffb66fe76406632bf8a330452415667e4,https://www.bddk.org.tr/BultenFinturk/tr/Home/MetaveriPdfIndir?tabloNo=6
2026-03,2026-03-31,ISPARTA,10003,KALKINMA VE YATIRIM,SubeSayisi,Yurtiçi Şube Sayısı,,0.0,derived_zero_function_group_identity,SEKTOR = MEVDUAT + KATILIM + KALKINMA_VE_YATIRIM,Published sector total equals the sum of the three non-negative functional-group branch counts with zero residual.,53.0,46.0,,7.0,1,53.0,0.0,True,raw/2026-3_table06.json.gz,983d771605b35c43f4591f7d1bee420ddea90e71efeabe03e777884ed6604eb0,raw/2026-3_table06_info.json,691207003c35fe03421097628648427ffb66fe76406632bf8a330452415667e4,https://www.bddk.org.tr/BultenFinturk/tr/Home/MetaveriPdfIndir?tabloNo=6
2026-03,2026-03-31,IĞDIR,10003,KALKINMA VE YATIRIM,SubeSayisi,Yurtiçi Şube Sayısı,,0.0,derived_zero_function_group_identity,SEKTOR = MEVDUAT + KATILIM + KALKINMA_VE_YATIRIM,Published sector total equals the sum of the three non-negative functional-group branch counts with zero residual.,16.0,15.0,,1.0,1,16.0,0.0,True,raw/2026-3_table06.json.gz,983d771605b35c43f4591f7d1bee420ddea90e71efeabe03e777884ed6604eb0,raw/2026-3_table06_info.json,691207003c35fe03421097628648427ffb66fe76406632bf8a330452415667e4,https://www.bddk.org.tr/BultenFinturk/tr/Home/MetaveriPdfIndir?tabloNo=6
2026-03,2026-03-31,KARABÜK,10003,KALKINMA VE YATIRIM,SubeSayisi,Yurtiçi Şube Sayısı,,0.0,derived_zero_function_group_identity,SEKTOR = MEVDUAT + KATILIM + KALKINMA_VE_YATIRIM,Published sector total equals the sum of the three non-negative functional-group branch counts with zero residual.,30.0,24.0,,6.0,1,30.0,0.0,True,raw/2026-3_table06.json.gz,983d771605b35c43f4591f7d1bee420ddea90e71efeabe03e777884ed6604eb0,raw/2026-3_table06_info.json,691207003c35fe03421097628648427ffb66fe76406632bf8a330452415667e4,https://www.bddk.org.tr/BultenFinturk/tr/Home/MetaveriPdfIndir?tabloNo=6
2026-03,2026-03-31,KARAMAN,10003,KALKINMA VE YATIRIM,SubeSayisi,Yurtiçi Şube Sayısı,,0.0,derived_zero_function_group_identity,SEKTOR = MEVDUAT + KATILIM + KALKINMA_VE_YATIRIM,Published sector total equals the sum of the three non-negative functional-group branch counts with zero residual.,27.0,21.0,,6.0,1,27.0,0.0,True,raw/2026-3_table06.json.gz,983d771605b35c43f4591f7d1bee420ddea90e71efeabe03e777884ed6604eb0,raw/2026-3_table06_info.json,691207003c35fe03421097628648427ffb66fe76406632bf8a330452415667e4,https://www.bddk.org.tr/BultenFinturk/tr/Home/MetaveriPdfIndir?tabloNo=6
2026-03,2026-03-31,KARS,10003,KALKINMA VE YATIRIM,SubeSayisi,Yurtiçi Şube Sayısı,,0.0,derived_zero_function_group_identity,SEKTOR = MEVDUAT + KATILIM + KALKINMA_VE_YATIRIM,Published sector total equals the sum of the three non-negative functional-group branch counts with zero residual.,24.0,23.0,,1.0,1,24.0,0.0,True,raw/2026-3_table06.json.gz,983d771605b35c43f4591f7d1bee420ddea90e71efeabe03e777884ed6604eb0,raw/2026-3_table06_info.json,691207003c35fe03421097628648427ffb66fe76406632bf8a330452415667e4,https://www.bddk.org.tr/BultenFinturk/tr/Home/MetaveriPdfIndir?tabloNo=6
2026-03,2026-03-31,KIRIKKALE,10003,KALKINMA VE YATIRIM,SubeSayisi,Yurtiçi Şube Sayısı,,0.0,derived_zero_function_group_identity,SEKTOR = MEVDUAT + KATILIM + KALKINMA_VE_YATIRIM,Published sector total equals the sum of the three non-negative functional-group branch counts with zero residual.,28.0,25.0,,3.0,1,28.0,0.0,True,raw/2026-3_table06.json.gz,983d771605b35c43f4591f7d1bee420ddea90e71efeabe03e777884ed6604eb0,raw/2026-3_table06_info.json,691207003c35fe03421097628648427ffb66fe76406632bf8a330452415667e4,https://www.bddk.org.tr/BultenFinturk/tr/Home/MetaveriPdfIndir?tabloNo=6
2026-03,2026-03-31,KIRKLARELİ,10003,KALKINMA VE YATIRIM,SubeSayisi,Yurtiçi Şube Sayısı,,0.0,derived_zero_function_group_identity,SEKTOR = MEVDUAT + KATILIM + KALKINMA_VE_YATIRIM,Published sector total equals the sum of the three non-negative functional-group branch counts with zero residual.,42.0,41.0,,1.0,1,42.0,0.0,True,raw/2026-3_table06.json.gz,983d771605b35c43f4591f7d1bee420ddea90e71efeabe03e777884ed6604eb0,raw/2026-3_table06_info.json,691207003c35fe03421097628648427ffb66fe76406632bf8a330452415667e4,https://www.bddk.org.tr/BultenFinturk/tr/Home/MetaveriPdfIndir?tabloNo=6
2026-03,2026-03-31,KIRŞEHİR,10003,KALKINMA VE YATIRIM,SubeSayisi,Yurtiçi Şube Sayısı,,0.0,derived_zero_function_group_identity,SEKTOR = MEVDUAT + KATILIM + KALKINMA_VE_YATIRIM,Published sector total equals the sum of the three non-negative functional-group branch counts with zero residual.,26.0,23.0,,3.0,1,26.0,0.0,True,raw/2026-3_table06.json.gz,983d771605b35c43f4591f7d1bee420ddea90e71efeabe03e777884ed6604eb0,raw/2026-3_table06_info.json,691207003c35fe03421097628648427ffb66fe76406632bf8a330452415667e4,https://www.bddk.org.tr/BultenFinturk/tr/Home/MetaveriPdfIndir?tabloNo=6
2026-03,2026-03-31,KÜTAHYA,10003,KALKINMA VE YATIRIM,SubeSayisi,Yurtiçi Şube Sayısı,,0.0,derived_zero_function_group_identity,SEKTOR = MEVDUAT + KATILIM + KALKINMA_VE_YATIRIM,Published sector total equals the sum of the three non-negative functional-group branch counts with zero residual.,52.0,45.0,,7.0,1,52.0,0.0,True,raw/2026-3_table06.json.gz,983d771605b35c43f4591f7d1bee420ddea90e71efeabe03e777884ed6604eb0,raw/2026-3_table06_info.json,691207003c35fe03421097628648427ffb66fe76406632bf8a330452415667e4,https://www.bddk.org.tr/BultenFinturk/tr/Home/MetaveriPdfIndir?tabloNo=6
2026-03,2026-03-31,KİLİS,10003,KALKINMA VE YATIRIM,SubeSayisi,Yurtiçi Şube Sayısı,,0.0,derived_zero_function_group_identity,SEKTOR = MEVDUAT + KATILIM + KALKINMA_VE_YATIRIM,Published sector total equals the sum of the three non-negative functional-group branch counts with zero residual.,10.0,9.0,,1.0,1,10.0,0.0,True,raw/2026-3_table06.json.gz,983d771605b35c43f4591f7d1bee420ddea90e71efeabe03e777884ed6604eb0,raw/2026-3_table06_info.json,691207003c35fe03421097628648427ffb66fe76406632bf8a330452415667e4,https://www.bddk.org.tr/BultenFinturk/tr/Home/MetaveriPdfIndir?tabloNo=6
2026-03,2026-03-31,MALATYA,10003,KALKINMA VE YATIRIM,SubeSayisi,Yurtiçi Şube Sayısı,,0.0,derived_zero_function_group_identity,SEKTOR = MEVDUAT + KATILIM + KALKINMA_VE_YATIRIM,Published sector total equals the sum of the three non-negative functional-group branch counts with zero residual.,61.0,53.0,,8.0,1,61.0,0.0,True,raw/2026-3_table06.json.gz,983d771605b35c43f4591f7d1bee420ddea90e71efeabe03e777884ed6604eb0,raw/2026-3_table06_info.json,691207003c35fe03421097628648427ffb66fe76406632bf8a330452415667e4,https://www.bddk.org.tr/BultenFinturk/tr/Home/MetaveriPdfIndir?tabloNo=6
2026-03,2026-03-31,MARDİN,10003,KALKINMA VE YATIRIM,SubeSayisi,Yurtiçi Şube Sayısı,,0.0,derived_zero_function_group_identity,SEKTOR = MEVDUAT + KATILIM + KALKINMA_VE_YATIRIM,Published sector total equals the sum of the three non-negative functional-group branch counts with zero residual.,45.0,39.0,,6.0,1,45.0,0.0,True,raw/2026-3_table06.json.gz,983d771605b35c43f4591f7d1bee420ddea90e71efeabe03e777884ed6604eb0,raw/2026-3_table06_info.json,691207003c35fe03421097628648427ffb66fe76406632bf8a330452415667e4,https://www.bddk.org.tr/BultenFinturk/tr/Home/MetaveriPdfIndir?tabloNo=6
2026-03,2026-03-31,MUŞ,10003,KALKINMA VE YATIRIM,SubeSayisi,Yurtiçi Şube Sayısı,,0.0,derived_zero_function_group_identity,SEKTOR = MEVDUAT + KATILIM + KALKINMA_VE_YATIRIM,Published sector total equals the sum of the three non-negative functional-group branch counts with zero residual.,19.0,16.0,,3.0,1,19.0,0.0,True,raw/2026-3_table06.json.gz,983d771605b35c43f4591f7d1bee420ddea90e71efeabe03e777884ed6604eb0,raw/2026-3_table06_info.json,691207003c35fe03421097628648427ffb66fe76406632bf8a330452415667e4,https://www.bddk.org.tr/BultenFinturk/tr/Home/MetaveriPdfIndir?tabloNo=6
2026-03,2026-03-31,NEVŞEHİR,10003,KALKINMA VE YATIRIM,SubeSayisi,Yurtiçi Şube Sayısı,,0.0,derived_zero_function_group_identity,SEKTOR = MEVDUAT + KATILIM + KALKINMA_VE_YATIRIM,Published sector total equals the sum of the three non-negative functional-group branch counts with zero residual.,43.0,37.0,,6.0,1,43.0,0.0,True,raw/2026-3_table06.json.gz,983d771605b35c43f4591f7d1bee420ddea90e71efeabe03e777884ed6604eb0,raw/2026-3_table06_info.json,691207003c35fe03421097628648427ffb66fe76406632bf8a330452415667e4,https://www.bddk.org.tr/BultenFinturk/tr/Home/MetaveriPdfIndir?tabloNo=6
2026-03,2026-03-31,NİĞDE,10003,KALKINMA VE YATIRIM,SubeSayisi,Yurtiçi Şube Sayısı,,0.0,derived_zero_function_group_identity,SEKTOR = MEVDUAT + KATILIM + KALKINMA_VE_YATIRIM,Published sector total equals the sum of the three non-negative functional-group branch counts with zero residual.,29.0,25.0,,4.0,1,29.0,0.0,True,raw/2026-3_table06.json.gz,983d771605b35c43f4591f7d1bee420ddea90e71efeabe03e777884ed6604eb0,raw/2026-3_table06_info.json,691207003c35fe03421097628648427ffb66fe76406632bf8a330452415667e4,https://www.bddk.org.tr/BultenFinturk/tr/Home/MetaveriPdfIndir?tabloNo=6
2026-03,2026-03-31,ORDU,10003,KALKINMA VE YATIRIM,SubeSayisi,Yurtiçi Şube Sayısı,,0.0,derived_zero_function_group_identity,SEKTOR = MEVDUAT + KATILIM + KALKINMA_VE_YATIRIM,Published sector total equals the sum of the three non-negative functional-group branch counts with zero residual.,73.0,66.0,,7.0,1,73.0,0.0,True,raw/2026-3_table06.json.gz,983d771605b35c43f4591f7d1bee420ddea90e71efeabe03e777884ed6604eb0,raw/2026-3_table06_info.json,691207003c35fe03421097628648427ffb66fe76406632bf8a330452415667e4,https://www.bddk.org.tr/BultenFinturk/tr/Home/MetaveriPdfIndir?tabloNo=6
2026-03,2026-03-31,OSMANİYE,10003,KALKINMA VE YATIRIM,SubeSayisi,Yurtiçi Şube Sayısı,,0.0,derived_zero_function_group_identity,SEKTOR = MEVDUAT + KATILIM + KALKINMA_VE_YATIRIM,Published sector total equals the sum of the three non-negative functional-group branch counts with zero residual.,39.0,33.0,,6.0,1,39.0,0.0,True,raw/2026-3_table06.json.gz,983d771605b35c43f4591f7d1bee420ddea90e71efeabe03e777884ed6604eb0,raw/2026-3_table06_info.json,691207003c35fe03421097628648427ffb66fe76406632bf8a330452415667e4,https://www.bddk.org.tr/BultenFinturk/tr/Home/MetaveriPdfIndir?tabloNo=6
2026-03,2026-03-31,RİZE,10003,KALKINMA VE YATIRIM,SubeSayisi,Yurtiçi Şube Sayısı,,0.0,derived_zero_function_group_identity,SEKTOR = MEVDUAT + KATILIM + KALKINMA_VE_YATIRIM,Published sector total equals the sum of the three non-negative functional-group branch counts with zero residual.,45.0,39.0,,6.0,1,45.0,0.0,True,raw/2026-3_table06.json.gz,983d771605b35c43f4591f7d1bee420ddea90e71efeabe03e777884ed6604eb0,raw/2026-3_table06_info.json,691207003c35fe03421097628648427ffb66fe76406632bf8a330452415667e4,https://www.bddk.org.tr/BultenFinturk/tr/Home/MetaveriPdfIndir?tabloNo=6
2026-03,2026-03-31,SAKARYA,10003,KALKINMA VE YATIRIM,SubeSayisi,Yurtiçi Şube Sayısı,,0.0,derived_zero_function_group_identity,SEKTOR = MEVDUAT + KATILIM + KALKINMA_VE_YATIRIM,Published sector total equals the sum of the three non-negative functional-group branch counts with zero residual.,112.0,98.0,,14.0,1,112.0,0.0,True,raw/2026-3_table06.json.gz,983d771605b35c43f4591f7d1bee420ddea90e71efeabe03e777884ed6604eb0,raw/2026-3_table06_info.json,691207003c35fe03421097628648427ffb66fe76406632bf8a330452415667e4,https://www.bddk.org.tr/BultenFinturk/tr/Home/MetaveriPdfIndir?tabloNo=6
2026-03,2026-03-31,SİNOP,10003,KALKINMA VE YATIRIM,SubeSayisi,Yurtiçi Şube Sayısı,,0.0,derived_zero_function_group_identity,SEKTOR = MEVDUAT + KATILIM + KALKINMA_VE_YATIRIM,Published sector total equals the sum of the three non-negative functional-group branch counts with zero residual.,28.0,28.0,,,2,28.0,0.0,True,raw/2026-3_table06.json.gz,983d771605b35c43f4591f7d1bee420ddea90e71efeabe03e777884ed6604eb0,raw/2026-3_table06_info.json,691207003c35fe03421097628648427ffb66fe76406632bf8a330452415667e4,https://www.bddk.org.tr/BultenFinturk/tr/Home/MetaveriPdfIndir?tabloNo=6
2026-03,2026-03-31,SİNOP,10004,KATILIM,SubeSayisi,Yurtiçi Şube Sayısı,,0.0,derived_zero_function_group_identity,SEKTOR = MEVDUAT + KATILIM + KALKINMA_VE_YATIRIM,Published sector total equals the sum of the three non-negative functional-group branch counts with zero residual.,28.0,28.0,,,2,28.0,0.0,True,raw/2026-3_table06.json.gz,983d771605b35c43f4591f7d1bee420ddea90e71efeabe03e777884ed6604eb0,raw/2026-3_table06_info.json,691207003c35fe03421097628648427ffb66fe76406632bf8a330452415667e4,https://www.bddk.org.tr/BultenFinturk/tr/Home/MetaveriPdfIndir?tabloNo=6
2026-03,2026-03-31,SİİRT,10003,KALKINMA VE YATIRIM,SubeSayisi,Yurtiçi Şube Sayısı,,0.0,derived_zero_function_group_identity,SEKTOR = MEVDUAT + KATILIM + KALKINMA_VE_YATIRIM,Published sector total equals the sum of the three non-negative functional-group branch counts with zero residual.,22.0,16.0,,6.0,1,22.0,0.0,True,raw/2026-3_table06.json.gz,983d771605b35c43f4591f7d1bee420ddea90e71efeabe03e777884ed6604eb0,raw/2026-3_table06_info.json,691207003c35fe03421097628648427ffb66fe76406632bf8a330452415667e4,https://www.bddk.org.tr/BultenFinturk/tr/Home/MetaveriPdfIndir?tabloNo=6
2026-03,2026-03-31,TOKAT,10003,KALKINMA VE YATIRIM,SubeSayisi,Yurtiçi Şube Sayısı,,0.0,derived_zero_function_group_identity,SEKTOR = MEVDUAT + KATILIM + KALKINMA_VE_YATIRIM,Published sector total equals the sum of the three non-negative functional-group branch counts with zero residual.,58.0,52.0,,6.0,1,58.0,0.0,True,raw/2026-3_table06.json.gz,983d771605b35c43f4591f7d1bee420ddea90e71efeabe03e777884ed6604eb0,raw/2026-3_table06_info.json,691207003c35fe03421097628648427ffb66fe76406632bf8a330452415667e4,https://www.bddk.org.tr/BultenFinturk/tr/Home/MetaveriPdfIndir?tabloNo=6
2026-03,2026-03-31,TUNCELİ,10003,KALKINMA VE YATIRIM,SubeSayisi,Yurtiçi Şube Sayısı,,0.0,derived_zero_function_group_identity,SEKTOR = MEVDUAT + KATILIM + KALKINMA_VE_YATIRIM,Published sector total equals the sum of the three non-negative functional-group branch counts with zero residual.,13.0,13.0,,,2,13.0,0.0,True,raw/2026-3_table06.json.gz,983d771605b35c43f4591f7d1bee420ddea90e71efeabe03e777884ed6604eb0,raw/2026-3_table06_info.json,691207003c35fe03421097628648427ffb66fe76406632bf8a330452415667e4,https://www.bddk.org.tr/BultenFinturk/tr/Home/MetaveriPdfIndir?tabloNo=6
2026-03,2026-03-31,TUNCELİ,10004,KATILIM,SubeSayisi,Yurtiçi Şube Sayısı,,0.0,derived_zero_function_group_identity,SEKTOR = MEVDUAT + KATILIM + KALKINMA_VE_YATIRIM,Published sector total equals the sum of the three non-negative functional-group branch counts with zero residual.,13.0,13.0,,,2,13.0,0.0,True,raw/2026-3_table06.json.gz,983d771605b35c43f4591f7d1bee420ddea90e71efeabe03e777884ed6604eb0,raw/2026-3_table06_info.json,691207003c35fe03421097628648427ffb66fe76406632bf8a330452415667e4,https://www.bddk.org.tr/BultenFinturk/tr/Home/MetaveriPdfIndir?tabloNo=6
2026-03,2026-03-31,UŞAK,10003,KALKINMA VE YATIRIM,SubeSayisi,Yurtiçi Şube Sayısı,,0.0,derived_zero_function_group_identity,SEKTOR = MEVDUAT + KATILIM + KALKINMA_VE_YATIRIM,Published sector total equals the sum of the three non-negative functional-group branch counts with zero residual.,43.0,38.0,,5.0,1,43.0,0.0,True,raw/2026-3_table06.json.gz,983d771605b35c43f4591f7d1bee420ddea90e71efeabe03e777884ed6604eb0,raw/2026-3_table06_info.json,691207003c35fe03421097628648427ffb66fe76406632bf8a330452415667e4,https://www.bddk.org.tr/BultenFinturk/tr/Home/MetaveriPdfIndir?tabloNo=6
2026-03,2026-03-31,YALOVA,10003,KALKINMA VE YATIRIM,SubeSayisi,Yurtiçi Şube Sayısı,,0.0,derived_zero_function_group_identity,SEKTOR = MEVDUAT + KATILIM + KALKINMA_VE_YATIRIM,Published sector total equals the sum of the three non-negative functional-group branch counts with zero residual.,29.0,23.0,,6.0,1,29.0,0.0,True,raw/2026-3_table06.json.gz,983d771605b35c43f4591f7d1bee420ddea90e71efeabe03e777884ed6604eb0,raw/2026-3_table06_info.json,691207003c35fe03421097628648427ffb66fe76406632bf8a330452415667e4,https://www.bddk.org.tr/BultenFinturk/tr/Home/MetaveriPdfIndir?tabloNo=6
2026-03,2026-03-31,YOZGAT,10003,KALKINMA VE YATIRIM,SubeSayisi,Yurtiçi Şube Sayısı,,0.0,derived_zero_function_group_identity,SEKTOR = MEVDUAT + KATILIM + KALKINMA_VE_YATIRIM,Published sector total equals the sum of the three non-negative functional-group branch counts with zero residual.,48.0,44.0,,4.0,1,48.0,0.0,True,raw/2026-3_table06.json.gz,983d771605b35c43f4591f7d1bee420ddea90e71efeabe03e777884ed6604eb0,raw/2026-3_table06_info.json,691207003c35fe03421097628648427ffb66fe76406632bf8a330452415667e4,https://www.bddk.org.tr/BultenFinturk/tr/Home/MetaveriPdfIndir?tabloNo=6
2026-03,2026-03-31,ZONGULDAK,10003,KALKINMA VE YATIRIM,SubeSayisi,Yurtiçi Şube Sayısı,,0.0,derived_zero_function_group_identity,SEKTOR = MEVDUAT + KATILIM + KALKINMA_VE_YATIRIM,Published sector total equals the sum of the three non-negative functional-group branch counts with zero residual.,62.0,58.0,,4.0,1,62.0,0.0,True,raw/2026-3_table06.json.gz,983d771605b35c43f4591f7d1bee420ddea90e71efeabe03e777884ed6604eb0,raw/2026-3_table06_info.json,691207003c35fe03421097628648427ffb66fe76406632bf8a330452415667e4,https://www.bddk.org.tr/BultenFinturk/tr/Home/MetaveriPdfIndir?tabloNo=6
2026-03,2026-03-31,ÇANAKKALE,10003,KALKINMA VE YATIRIM,SubeSayisi,Yurtiçi Şube Sayısı,,0.0,derived_zero_function_group_identity,SEKTOR = MEVDUAT + KATILIM + KALKINMA_VE_YATIRIM,Published sector total equals the sum of the three non-negative functional-group branch counts with zero residual.,76.0,72.0,,4.0,1,76.0,0.0,True,raw/2026-3_table06.json.gz,983d771605b35c43f4591f7d1bee420ddea90e71efeabe03e777884ed6604eb0,raw/2026-3_table06_info.json,691207003c35fe03421097628648427ffb66fe76406632bf8a330452415667e4,https://www.bddk.org.tr/BultenFinturk/tr/Home/MetaveriPdfIndir?tabloNo=6
2026-03,2026-03-31,ÇANKIRI,10003,KALKINMA VE YATIRIM,SubeSayisi,Yurtiçi Şube Sayısı,,0.0,derived_zero_function_group_identity,SEKTOR = MEVDUAT + KATILIM + KALKINMA_VE_YATIRIM,Published sector total equals the sum of the three non-negative functional-group branch counts with zero residual.,31.0,28.0,,3.0,1,31.0,0.0,True,raw/2026-3_table06.json.gz,983d771605b35c43f4591f7d1bee420ddea90e71efeabe03e777884ed6604eb0,raw/2026-3_table06_info.json,691207003c35fe03421097628648427ffb66fe76406632bf8a330452415667e4,https://www.bddk.org.tr/BultenFinturk/tr/Home/MetaveriPdfIndir?tabloNo=6
2026-03,2026-03-31,ÇORUM,10003,KALKINMA VE YATIRIM,SubeSayisi,Yurtiçi Şube Sayısı,,0.0,derived_zero_function_group_identity,SEKTOR = MEVDUAT + KATILIM + KALKINMA_VE_YATIRIM,Published sector total equals the sum of the three non-negative functional-group branch counts with zero residual.,59.0,53.0,,6.0,1,59.0,0.0,True,raw/2026-3_table06.json.gz,983d771605b35c43f4591f7d1bee420ddea90e71efeabe03e777884ed6604eb0,raw/2026-3_table06_info.json,691207003c35fe03421097628648427ffb66fe76406632bf8a330452415667e4,https://www.bddk.org.tr/BultenFinturk/tr/Home/MetaveriPdfIndir?tabloNo=6
2026-03,2026-03-31,ŞANLIURFA,10003,KALKINMA VE YATIRIM,SubeSayisi,Yurtiçi Şube Sayısı,,0.0,derived_zero_function_group_identity,SEKTOR = MEVDUAT + KATILIM + KALKINMA_VE_YATIRIM,Published sector total equals the sum of the three non-negative functional-group branch counts with zero residual.,91.0,77.0,,14.0,1,91.0,0.0,True,raw/2026-3_table06.json.gz,983d771605b35c43f4591f7d1bee420ddea90e71efeabe03e777884ed6604eb0,raw/2026-3_table06_info.json,691207003c35fe03421097628648427ffb66fe76406632bf8a330452415667e4,https://www.bddk.org.tr/BultenFinturk/tr/Home/MetaveriPdfIndir?tabloNo=6
2026-03,2026-03-31,ŞIRNAK,10003,KALKINMA VE YATIRIM,SubeSayisi,Yurtiçi Şube Sayısı,,0.0,derived_zero_function_group_identity,SEKTOR = MEVDUAT + KATILIM + KALKINMA_VE_YATIRIM,Published sector total equals the sum of the three non-negative functional-group branch counts with zero residual.,21.0,21.0,,,2,21.0,0.0,True,raw/2026-3_table06.json.gz,983d771605b35c43f4591f7d1bee420ddea90e71efeabe03e777884ed6604eb0,raw/2026-3_table06_info.json,691207003c35fe03421097628648427ffb66fe76406632bf8a330452415667e4,https://www.bddk.org.tr/BultenFinturk/tr/Home/MetaveriPdfIndir?tabloNo=6
2026-03,2026-03-31,ŞIRNAK,10004,KATILIM,SubeSayisi,Yurtiçi Şube Sayısı,,0.0,derived_zero_function_group_identity,SEKTOR = MEVDUAT + KATILIM + KALKINMA_VE_YATIRIM,Published sector total equals the sum of the three non-negative functional-group branch counts with zero residual.,21.0,21.0,,,2,21.0,0.0,True,raw/2026-3_table06.json.gz,983d771605b35c43f4591f7d1bee420ddea90e71efeabe03e777884ed6604eb0,raw/2026-3_table06_info.json,691207003c35fe03421097628648427ffb66fe76406632bf8a330452415667e4,https://www.bddk.org.tr/BultenFinturk/tr/Home/MetaveriPdfIndir?tabloNo=6
2026-06,2026-06-30,ADIYAMAN,10003,KALKINMA VE YATIRIM,SubeSayisi,Yurtiçi Şube Sayısı,,0.0,derived_zero_function_group_identity,SEKTOR = MEVDUAT + KATILIM + KALKINMA_VE_YATIRIM,Published sector total equals the sum of the three non-negative functional-group branch counts with zero residual.,39.0,34.0,,5.0,1,39.0,0.0,True,raw/2026-6_table06.json.gz,5c8724d207543a8805a3be51c5af015c4b06f96ec64912b85c63d4721d034f91,raw/2026-6_table06_info.json,4a35f59495834d4a6ecb214996a81e8d83515bb5362dbc6c3094bc499d8f0703,https://www.bddk.org.tr/BultenFinturk/tr/Home/MetaveriPdfIndir?tabloNo=6
2026-06,2026-06-30,AFYONKARAHİSAR,10003,KALKINMA VE YATIRIM,SubeSayisi,Yurtiçi Şube Sayısı,,0.0,derived_zero_function_group_identity,SEKTOR = MEVDUAT + KATILIM + KALKINMA_VE_YATIRIM,Published sector total equals the sum of the three non-negative functional-group branch counts with zero residual.,85.0,78.0,,7.0,1,85.0,0.0,True,raw/2026-6_table06.json.gz,5c8724d207543a8805a3be51c5af015c4b06f96ec64912b85c63d4721d034f91,raw/2026-6_table06_info.json,4a35f59495834d4a6ecb214996a81e8d83515bb5362dbc6c3094bc499d8f0703,https://www.bddk.org.tr/BultenFinturk/tr/Home/MetaveriPdfIndir?tabloNo=6
2026-06,2026-06-30,AKSARAY,10003,KALKINMA VE YATIRIM,SubeSayisi,Yurtiçi Şube Sayısı,,0.0,derived_zero_function_group_identity,SEKTOR = MEVDUAT + KATILIM + KALKINMA_VE_YATIRIM,Published sector total equals the sum of the three non-negative functional-group branch counts with zero residual.,39.0,31.0,,8.0,1,39.0,0.0,True,raw/2026-6_table06.json.gz,5c8724d207543a8805a3be51c5af015c4b06f96ec64912b85c63d4721d034f91,raw/2026-6_table06_info.json,4a35f59495834d4a6ecb214996a81e8d83515bb5362dbc6c3094bc499d8f0703,https://www.bddk.org.tr/BultenFinturk/tr/Home/MetaveriPdfIndir?tabloNo=6
2026-06,2026-06-30,AMASYA,10003,KALKINMA VE YATIRIM,SubeSayisi,Yurtiçi Şube Sayısı,,0.0,derived_zero_function_group_identity,SEKTOR = MEVDUAT + KATILIM + KALKINMA_VE_YATIRIM,Published sector total equals the sum of the three non-negative functional-group branch counts with zero residual.,40.0,36.0,,4.0,1,40.0,0.0,True,raw/2026-6_table06.json.gz,5c8724d207543a8805a3be51c5af015c4b06f96ec64912b85c63d4721d034f91,raw/2026-6_table06_info.json,4a35f59495834d4a6ecb214996a81e8d83515bb5362dbc6c3094bc499d8f0703,https://www.bddk.org.tr/BultenFinturk/tr/Home/MetaveriPdfIndir?tabloNo=6
2026-06,2026-06-30,ARDAHAN,10003,KALKINMA VE YATIRIM,SubeSayisi,Yurtiçi Şube Sayısı,,0.0,derived_zero_function_group_identity,SEKTOR = MEVDUAT + KATILIM + KALKINMA_VE_YATIRIM,Published sector total equals the sum of the three non-negative functional-group branch counts with zero residual.,12.0,12.0,,,2,12.0,0.0,True,raw/2026-6_table06.json.gz,5c8724d207543a8805a3be51c5af015c4b06f96ec64912b85c63d4721d034f91,raw/2026-6_table06_info.json,4a35f59495834d4a6ecb214996a81e8d83515bb5362dbc6c3094bc499d8f0703,https://www.bddk.org.tr/BultenFinturk/tr/Home/MetaveriPdfIndir?tabloNo=6
2026-06,2026-06-30,ARDAHAN,10004,KATILIM,SubeSayisi,Yurtiçi Şube Sayısı,,0.0,derived_zero_function_group_identity,SEKTOR = MEVDUAT + KATILIM + KALKINMA_VE_YATIRIM,Published sector total equals the sum of the three non-negative functional-group branch counts with zero residual.,12.0,12.0,,,2,12.0,0.0,True,raw/2026-6_table06.json.gz,5c8724d207543a8805a3be51c5af015c4b06f96ec64912b85c63d4721d034f91,raw/2026-6_table06_info.json,4a35f59495834d4a6ecb214996a81e8d83515bb5362dbc6c3094bc499d8f0703,https://www.bddk.org.tr/BultenFinturk/tr/Home/MetaveriPdfIndir?tabloNo=6
2026-06,2026-06-30,ARTVİN,10003,KALKINMA VE YATIRIM,SubeSayisi,Yurtiçi Şube Sayısı,,0.0,derived_zero_function_group_identity,SEKTOR = MEVDUAT + KATILIM + KALKINMA_VE_YATIRIM,Published sector total equals the sum of the three non-negative functional-group branch counts with zero residual.,28.0,28.0,,,2,28.0,0.0,True,raw/2026-6_table06.json.gz,5c8724d207543a8805a3be51c5af015c4b06f96ec64912b85c63d4721d034f91,raw/2026-6_table06_info.json,4a35f59495834d4a6ecb214996a81e8d83515bb5362dbc6c3094bc499d8f0703,https://www.bddk.org.tr/BultenFinturk/tr/Home/MetaveriPdfIndir?tabloNo=6
2026-06,2026-06-30,ARTVİN,10004,KATILIM,SubeSayisi,Yurtiçi Şube Sayısı,,0.0,derived_zero_function_group_identity,SEKTOR = MEVDUAT + KATILIM + KALKINMA_VE_YATIRIM,Published sector total equals the sum of the three non-negative functional-group branch counts with zero residual.,28.0,28.0,,,2,28.0,0.0,True,raw/2026-6_table06.json.gz,5c8724d207543a8805a3be51c5af015c4b06f96ec64912b85c63d4721d034f91,raw/2026-6_table06_info.json,4a35f59495834d4a6ecb214996a81e8d83515bb5362dbc6c3094bc499d8f0703,https://www.bddk.org.tr/BultenFinturk/tr/Home/MetaveriPdfIndir?tabloNo=6
2026-06,2026-06-30,AĞRI,10003,KALKINMA VE YATIRIM,SubeSayisi,Yurtiçi Şube Sayısı,,0.0,derived_zero_function_group_identity,SEKTOR = MEVDUAT + KATILIM + KALKINMA_VE_YATIRIM,Published sector total equals the sum of the three non-negative functional-group branch counts with zero residual.,24.0,22.0,,2.0,1,24.0,0.0,True,raw/2026-6_table06.json.gz,5c8724d207543a8805a3be51c5af015c4b06f96ec64912b85c63d4721d034f91,raw/2026-6_table06_info.json,4a35f59495834d4a6ecb214996a81e8d83515bb5362dbc6c3094bc499d8f0703,https://www.bddk.org.tr/BultenFinturk/tr/Home/MetaveriPdfIndir?tabloNo=6
2026-06,2026-06-30,BALIKESİR,10003,KALKINMA VE YATIRIM,SubeSayisi,Yurtiçi Şube Sayısı,,0.0,derived_zero_function_group_identity,SEKTOR = MEVDUAT + KATILIM + KALKINMA_VE_YATIRIM,Published sector total equals the sum of the three non-negative functional-group branch counts with zero residual.,152.0,139.0,,13.0,1,152.0,0.0,True,raw/2026-6_table06.json.gz,5c8724d207543a8805a3be51c5af015c4b06f96ec64912b85c63d4721d034f91,raw/2026-6_table06_info.json,4a35f59495834d4a6ecb214996a81e8d83515bb5362dbc6c3094bc499d8f0703,https://www.bddk.org.tr/BultenFinturk/tr/Home/MetaveriPdfIndir?tabloNo=6
2026-06,2026-06-30,BARTIN,10003,KALKINMA VE YATIRIM,SubeSayisi,Yurtiçi Şube Sayısı,,0.0,derived_zero_function_group_identity,SEKTOR = MEVDUAT + KATILIM + KALKINMA_VE_YATIRIM,Published sector total equals the sum of the three non-negative functional-group branch counts with zero residual.,22.0,20.0,,2.0,1,22.0,0.0,True,raw/2026-6_table06.json.gz,5c8724d207543a8805a3be51c5af015c4b06f96ec64912b85c63d4721d034f91,raw/2026-6_table06_info.json,4a35f59495834d4a6ecb214996a81e8d83515bb5362dbc6c3094bc499d8f0703,https://www.bddk.org.tr/BultenFinturk/tr/Home/MetaveriPdfIndir?tabloNo=6
2026-06,2026-06-30,BATMAN,10003,KALKINMA VE YATIRIM,SubeSayisi,Yurtiçi Şube Sayısı,,0.0,derived_zero_function_group_identity,SEKTOR = MEVDUAT + KATILIM + KALKINMA_VE_YATIRIM,Published sector total equals the sum of the three non-negative functional-group branch counts with zero residual.,32.0,25.0,,7.0,1,32.0,0.0,True,raw/2026-6_table06.json.gz,5c8724d207543a8805a3be51c5af015c4b06f96ec64912b85c63d4721d034f91,raw/2026-6_table06_info.json,4a35f59495834d4a6ecb214996a81e8d83515bb5362dbc6c3094bc499d8f0703,https://www.bddk.org.tr/BultenFinturk/tr/Home/MetaveriPdfIndir?tabloNo=6
2026-06,2026-06-30,BAYBURT,10003,KALKINMA VE YATIRIM,SubeSayisi,Yurtiçi Şube Sayısı,,0.0,derived_zero_function_group_identity,SEKTOR = MEVDUAT + KATILIM + KALKINMA_VE_YATIRIM,Published sector total equals the sum of the three non-negative functional-group branch counts with zero residual.,10.0,9.0,,1.0,1,10.0,0.0,True,raw/2026-6_table06.json.gz,5c8724d207543a8805a3be51c5af015c4b06f96ec64912b85c63d4721d034f91,raw/2026-6_table06_info.json,4a35f59495834d4a6ecb214996a81e8d83515bb5362dbc6c3094bc499d8f0703,https://www.bddk.org.tr/BultenFinturk/tr/Home/MetaveriPdfIndir?tabloNo=6
2026-06,2026-06-30,BOLU,10003,KALKINMA VE YATIRIM,SubeSayisi,Yurtiçi Şube Sayısı,,0.0,derived_zero_function_group_identity,SEKTOR = MEVDUAT + KATILIM + KALKINMA_VE_YATIRIM,Published sector total equals the sum of the three non-negative functional-group branch counts with zero residual.,35.0,30.0,,5.0,1,35.0,0.0,True,raw/2026-6_table06.json.gz,5c8724d207543a8805a3be51c5af015c4b06f96ec64912b85c63d4721d034f91,raw/2026-6_table06_info.json,4a35f59495834d4a6ecb214996a81e8d83515bb5362dbc6c3094bc499d8f0703,https://www.bddk.org.tr/BultenFinturk/tr/Home/MetaveriPdfIndir?tabloNo=6
2026-06,2026-06-30,BURDUR,10003,KALKINMA VE YATIRIM,SubeSayisi,Yurtiçi Şube Sayısı,,0.0,derived_zero_function_group_identity,SEKTOR = MEVDUAT + KATILIM + KALKINMA_VE_YATIRIM,Published sector total equals the sum of the three non-negative functional-group branch counts with zero residual.,35.0,33.0,,2.0,1,35.0,0.0,True,raw/2026-6_table06.json.gz,5c8724d207543a8805a3be51c5af015c4b06f96ec64912b85c63d4721d034f91,raw/2026-6_table06_info.json,4a35f59495834d4a6ecb214996a81e8d83515bb5362dbc6c3094bc499d8f0703,https://www.bddk.org.tr/BultenFinturk/tr/Home/MetaveriPdfIndir?tabloNo=6
2026-06,2026-06-30,BİLECİK,10003,KALKINMA VE YATIRIM,SubeSayisi,Yurtiçi Şube Sayısı,,0.0,derived_zero_function_group_identity,SEKTOR = MEVDUAT + KATILIM + KALKINMA_VE_YATIRIM,Published sector total equals the sum of the three non-negative functional-group branch counts with zero residual.,29.0,28.0,,1.0,1,29.0,0.0,True,raw/2026-6_table06.json.gz,5c8724d207543a8805a3be51c5af015c4b06f96ec64912b85c63d4721d034f91,raw/2026-6_table06_info.json,4a35f59495834d4a6ecb214996a81e8d83515bb5362dbc6c3094bc499d8f0703,https://www.bddk.org.tr/BultenFinturk/tr/Home/MetaveriPdfIndir?tabloNo=6
2026-06,2026-06-30,BİNGÖL,10003,KALKINMA VE YATIRIM,SubeSayisi,Yurtiçi Şube Sayısı,,0.0,derived_zero_function_group_identity,SEKTOR = MEVDUAT + KATILIM + KALKINMA_VE_YATIRIM,Published sector total equals the sum of the three non-negative functional-group branch counts with zero residual.,18.0,15.0,,3.0,1,18.0,0.0,True,raw/2026-6_table06.json.gz,5c8724d207543a8805a3be51c5af015c4b06f96ec64912b85c63d4721d034f91,raw/2026-6_table06_info.json,4a35f59495834d4a6ecb214996a81e8d83515bb5362dbc6c3094bc499d8f0703,https://www.bddk.org.tr/BultenFinturk/tr/Home/MetaveriPdfIndir?tabloNo=6
2026-06,2026-06-30,BİTLİS,10003,KALKINMA VE YATIRIM,SubeSayisi,Yurtiçi Şube Sayısı,,0.0,derived_zero_function_group_identity,SEKTOR = MEVDUAT + KATILIM + KALKINMA_VE_YATIRIM,Published sector total equals the sum of the three non-negative functional-group branch counts with zero residual.,21.0,20.0,,1.0,1,21.0,0.0,True,raw/2026-6_table06.json.gz,5c8724d207543a8805a3be51c5af015c4b06f96ec64912b85c63d4721d034f91,raw/2026-6_table06_info.json,4a35f59495834d4a6ecb214996a81e8d83515bb5362dbc6c3094bc499d8f0703,https://www.bddk.org.tr/BultenFinturk/tr/Home/MetaveriPdfIndir?tabloNo=6
2026-06,2026-06-30,DÜZCE,10003,KALKINMA VE YATIRIM,SubeSayisi,Yurtiçi Şube Sayısı,,0.0,derived_zero_function_group_identity,SEKTOR = MEVDUAT + KATILIM + KALKINMA_VE_YATIRIM,Published sector total equals the sum of the three non-negative functional-group branch counts with zero residual.,35.0,28.0,,7.0,1,35.0,0.0,True,raw/2026-6_table06.json.gz,5c8724d207543a8805a3be51c5af015c4b06f96ec64912b85c63d4721d034f91,raw/2026-6_table06_info.json,4a35f59495834d4a6ecb214996a81e8d83515bb5362dbc6c3094bc499d8f0703,https://www.bddk.org.tr/BultenFinturk/tr/Home/MetaveriPdfIndir?tabloNo=6
2026-06,2026-06-30,EDİRNE,10003,KALKINMA VE YATIRIM,SubeSayisi,Yurtiçi Şube Sayısı,,0.0,derived_zero_function_group_identity,SEKTOR = MEVDUAT + KATILIM + KALKINMA_VE_YATIRIM,Published sector total equals the sum of the three non-negative functional-group branch counts with zero residual.,55.0,51.0,,4.0,1,55.0,0.0,True,raw/2026-6_table06.json.gz,5c8724d207543a8805a3be51c5af015c4b06f96ec64912b85c63d4721d034f91,raw/2026-6_table06_info.json,4a35f59495834d4a6ecb214996a81e8d83515bb5362dbc6c3094bc499d8f0703,https://www.bddk.org.tr/BultenFinturk/tr/Home/MetaveriPdfIndir?tabloNo=6
2026-06,2026-06-30,ERZİNCAN,10003,KALKINMA VE YATIRIM,SubeSayisi,Yurtiçi Şube Sayısı,,0.0,derived_zero_function_group_identity,SEKTOR = MEVDUAT + KATILIM + KALKINMA_VE_YATIRIM,Published sector total equals the sum of the three non-negative functional-group branch counts with zero residual.,30.0,24.0,,6.0,1,30.0,0.0,True,raw/2026-6_table06.json.gz,5c8724d207543a8805a3be51c5af015c4b06f96ec64912b85c63d4721d034f91,raw/2026-6_table06_info.json,4a35f59495834d4a6ecb214996a81e8d83515bb5362dbc6c3094bc499d8f0703,https://www.bddk.org.tr/BultenFinturk/tr/Home/MetaveriPdfIndir?tabloNo=6
2026-06,2026-06-30,GÜMÜŞHANE,10003,KALKINMA VE YATIRIM,SubeSayisi,Yurtiçi Şube Sayısı,,0.0,derived_zero_function_group_identity,SEKTOR = MEVDUAT + KATILIM + KALKINMA_VE_YATIRIM,Published sector total equals the sum of the three non-negative functional-group branch counts with zero residual.,19.0,18.0,,1.0,1,19.0,0.0,True,raw/2026-6_table06.json.gz,5c8724d207543a8805a3be51c5af015c4b06f96ec64912b85c63d4721d034f91,raw/2026-6_table06_info.json,4a35f59495834d4a6ecb214996a81e8d83515bb5362dbc6c3094bc499d8f0703,https://www.bddk.org.tr/BultenFinturk/tr/Home/MetaveriPdfIndir?tabloNo=6
2026-06,2026-06-30,GİRESUN,10003,KALKINMA VE YATIRIM,SubeSayisi,Yurtiçi Şube Sayısı,,0.0,derived_zero_function_group_identity,SEKTOR = MEVDUAT + KATILIM + KALKINMA_VE_YATIRIM,Published sector total equals the sum of the three non-negative functional-group branch counts with zero residual.,55.0,50.0,,5.0,1,55.0,0.0,True,raw/2026-6_table06.json.gz,5c8724d207543a8805a3be51c5af015c4b06f96ec64912b85c63d4721d034f91,raw/2026-6_table06_info.json,4a35f59495834d4a6ecb214996a81e8d83515bb5362dbc6c3094bc499d8f0703,https://www.bddk.org.tr/BultenFinturk/tr/Home/MetaveriPdfIndir?tabloNo=6
2026-06,2026-06-30,HAKKARİ,10003,KALKINMA VE YATIRIM,SubeSayisi,Yurtiçi Şube Sayısı,,0.0,derived_zero_function_group_identity,SEKTOR = MEVDUAT + KATILIM + KALKINMA_VE_YATIRIM,Published sector total equals the sum of the three non-negative functional-group branch counts with zero residual.,13.0,13.0,,,2,13.0,0.0,True,raw/2026-6_table06.json.gz,5c8724d207543a8805a3be51c5af015c4b06f96ec64912b85c63d4721d034f91,raw/2026-6_table06_info.json,4a35f59495834d4a6ecb214996a81e8d83515bb5362dbc6c3094bc499d8f0703,https://www.bddk.org.tr/BultenFinturk/tr/Home/MetaveriPdfIndir?tabloNo=6
2026-06,2026-06-30,HAKKARİ,10004,KATILIM,SubeSayisi,Yurtiçi Şube Sayısı,,0.0,derived_zero_function_group_identity,SEKTOR = MEVDUAT + KATILIM + KALKINMA_VE_YATIRIM,Published sector total equals the sum of the three non-negative functional-group branch counts with zero residual.,13.0,13.0,,,2,13.0,0.0,True,raw/2026-6_table06.json.gz,5c8724d207543a8805a3be51c5af015c4b06f96ec64912b85c63d4721d034f91,raw/2026-6_table06_info.json,4a35f59495834d4a6ecb214996a81e8d83515bb5362dbc6c3094bc499d8f0703,https://www.bddk.org.tr/BultenFinturk/tr/Home/MetaveriPdfIndir?tabloNo=6
2026-06,2026-06-30,ISPARTA,10003,KALKINMA VE YATIRIM,SubeSayisi,Yurtiçi Şube Sayısı,,0.0,derived_zero_function_group_identity,SEKTOR = MEVDUAT + KATILIM + KALKINMA_VE_YATIRIM,Published sector total equals the sum of the three non-negative functional-group branch counts with zero residual.,52.0,45.0,,7.0,1,52.0,0.0,True,raw/2026-6_table06.json.gz,5c8724d207543a8805a3be51c5af015c4b06f96ec64912b85c63d4721d034f91,raw/2026-6_table06_info.json,4a35f59495834d4a6ecb214996a81e8d83515bb5362dbc6c3094bc499d8f0703,https://www.bddk.org.tr/BultenFinturk/tr/Home/MetaveriPdfIndir?tabloNo=6
2026-06,2026-06-30,IĞDIR,10003,KALKINMA VE YATIRIM,SubeSayisi,Yurtiçi Şube Sayısı,,0.0,derived_zero_function_group_identity,SEKTOR = MEVDUAT + KATILIM + KALKINMA_VE_YATIRIM,Published sector total equals the sum of the three non-negative functional-group branch counts with zero residual.,16.0,15.0,,1.0,1,16.0,0.0,True,raw/2026-6_table06.json.gz,5c8724d207543a8805a3be51c5af015c4b06f96ec64912b85c63d4721d034f91,raw/2026-6_table06_info.json,4a35f59495834d4a6ecb214996a81e8d83515bb5362dbc6c3094bc499d8f0703,https://www.bddk.org.tr/BultenFinturk/tr/Home/MetaveriPdfIndir?tabloNo=6
2026-06,2026-06-30,KARABÜK,10003,KALKINMA VE YATIRIM,SubeSayisi,Yurtiçi Şube Sayısı,,0.0,derived_zero_function_group_identity,SEKTOR = MEVDUAT + KATILIM + KALKINMA_VE_YATIRIM,Published sector total equals the sum of the three non-negative functional-group branch counts with zero residual.,30.0,24.0,,6.0,1,30.0,0.0,True,raw/2026-6_table06.json.gz,5c8724d207543a8805a3be51c5af015c4b06f96ec64912b85c63d4721d034f91,raw/2026-6_table06_info.json,4a35f59495834d4a6ecb214996a81e8d83515bb5362dbc6c3094bc499d8f0703,https://www.bddk.org.tr/BultenFinturk/tr/Home/MetaveriPdfIndir?tabloNo=6
2026-06,2026-06-30,KARAMAN,10003,KALKINMA VE YATIRIM,SubeSayisi,Yurtiçi Şube Sayısı,,0.0,derived_zero_function_group_identity,SEKTOR = MEVDUAT + KATILIM + KALKINMA_VE_YATIRIM,Published sector total equals the sum of the three non-negative functional-group branch counts with zero residual.,27.0,21.0,,6.0,1,27.0,0.0,True,raw/2026-6_table06.json.gz,5c8724d207543a8805a3be51c5af015c4b06f96ec64912b85c63d4721d034f91,raw/2026-6_table06_info.json,4a35f59495834d4a6ecb214996a81e8d83515bb5362dbc6c3094bc499d8f0703,https://www.bddk.org.tr/BultenFinturk/tr/Home/MetaveriPdfIndir?tabloNo=6
2026-06,2026-06-30,KARS,10003,KALKINMA VE YATIRIM,SubeSayisi,Yurtiçi Şube Sayısı,,0.0,derived_zero_function_group_identity,SEKTOR = MEVDUAT + KATILIM + KALKINMA_VE_YATIRIM,Published sector total equals the sum of the three non-negative functional-group branch counts with zero residual.,24.0,23.0,,1.0,1,24.0,0.0,True,raw/2026-6_table06.json.gz,5c8724d207543a8805a3be51c5af015c4b06f96ec64912b85c63d4721d034f91,raw/2026-6_table06_info.json,4a35f59495834d4a6ecb214996a81e8d83515bb5362dbc6c3094bc499d8f0703,https://www.bddk.org.tr/BultenFinturk/tr/Home/MetaveriPdfIndir?tabloNo=6
2026-06,2026-06-30,KIRIKKALE,10003,KALKINMA VE YATIRIM,SubeSayisi,Yurtiçi Şube Sayısı,,0.0,derived_zero_function_group_identity,SEKTOR = MEVDUAT + KATILIM + KALKINMA_VE_YATIRIM,Published sector total equals the sum of the three non-negative functional-group branch counts with zero residual.,28.0,25.0,,3.0,1,28.0,0.0,True,raw/2026-6_table06.json.gz,5c8724d207543a8805a3be51c5af015c4b06f96ec64912b85c63d4721d034f91,raw/2026-6_table06_info.json,4a35f59495834d4a6ecb214996a81e8d83515bb5362dbc6c3094bc499d8f0703,https://www.bddk.org.tr/BultenFinturk/tr/Home/MetaveriPdfIndir?tabloNo=6
2026-06,2026-06-30,KIRKLARELİ,10003,KALKINMA VE YATIRIM,SubeSayisi,Yurtiçi Şube Sayısı,,0.0,derived_zero_function_group_identity,SEKTOR = MEVDUAT + KATILIM + KALKINMA_VE_YATIRIM,Published sector total equals the sum of the three non-negative functional-group branch counts with zero residual.,42.0,41.0,,1.0,1,42.0,0.0,True,raw/2026-6_table06.json.gz,5c8724d207543a8805a3be51c5af015c4b06f96ec64912b85c63d4721d034f91,raw/2026-6_table06_info.json,4a35f59495834d4a6ecb214996a81e8d83515bb5362dbc6c3094bc499d8f0703,https://www.bddk.org.tr/BultenFinturk/tr/Home/MetaveriPdfIndir?tabloNo=6
2026-06,2026-06-30,KIRŞEHİR,10003,KALKINMA VE YATIRIM,SubeSayisi,Yurtiçi Şube Sayısı,,0.0,derived_zero_function_group_identity,SEKTOR = MEVDUAT + KATILIM + KALKINMA_VE_YATIRIM,Published sector total equals the sum of the three non-negative functional-group branch counts with zero residual.,26.0,23.0,,3.0,1,26.0,0.0,True,raw/2026-6_table06.json.gz,5c8724d207543a8805a3be51c5af015c4b06f96ec64912b85c63d4721d034f91,raw/2026-6_table06_info.json,4a35f59495834d4a6ecb214996a81e8d83515bb5362dbc6c3094bc499d8f0703,https://www.bddk.org.tr/BultenFinturk/tr/Home/MetaveriPdfIndir?tabloNo=6
2026-06,2026-06-30,KÜTAHYA,10003,KALKINMA VE YATIRIM,SubeSayisi,Yurtiçi Şube Sayısı,,0.0,derived_zero_function_group_identity,SEKTOR = MEVDUAT + KATILIM + KALKINMA_VE_YATIRIM,Published sector total equals the sum of the three non-negative functional-group branch counts with zero residual.,51.0,45.0,,6.0,1,51.0,0.0,True,raw/2026-6_table06.json.gz,5c8724d207543a8805a3be51c5af015c4b06f96ec64912b85c63d4721d034f91,raw/2026-6_table06_info.json,4a35f59495834d4a6ecb214996a81e8d83515bb5362dbc6c3094bc499d8f0703,https://www.bddk.org.tr/BultenFinturk/tr/Home/MetaveriPdfIndir?tabloNo=6
2026-06,2026-06-30,KİLİS,10003,KALKINMA VE YATIRIM,SubeSayisi,Yurtiçi Şube Sayısı,,0.0,derived_zero_function_group_identity,SEKTOR = MEVDUAT + KATILIM + KALKINMA_VE_YATIRIM,Published sector total equals the sum of the three non-negative functional-group branch counts with zero residual.,10.0,9.0,,1.0,1,10.0,0.0,True,raw/2026-6_table06.json.gz,5c8724d207543a8805a3be51c5af015c4b06f96ec64912b85c63d4721d034f91,raw/2026-6_table06_info.json,4a35f59495834d4a6ecb214996a81e8d83515bb5362dbc6c3094bc499d8f0703,https://www.bddk.org.tr/BultenFinturk/tr/Home/MetaveriPdfIndir?tabloNo=6
2026-06,2026-06-30,MALATYA,10003,KALKINMA VE YATIRIM,SubeSayisi,Yurtiçi Şube Sayısı,,0.0,derived_zero_function_group_identity,SEKTOR = MEVDUAT + KATILIM + KALKINMA_VE_YATIRIM,Published sector total equals the sum of the three non-negative functional-group branch counts with zero residual.,61.0,53.0,,8.0,1,61.0,0.0,True,raw/2026-6_table06.json.gz,5c8724d207543a8805a3be51c5af015c4b06f96ec64912b85c63d4721d034f91,raw/2026-6_table06_info.json,4a35f59495834d4a6ecb214996a81e8d83515bb5362dbc6c3094bc499d8f0703,https://www.bddk.org.tr/BultenFinturk/tr/Home/MetaveriPdfIndir?tabloNo=6
2026-06,2026-06-30,MARDİN,10003,KALKINMA VE YATIRIM,SubeSayisi,Yurtiçi Şube Sayısı,,0.0,derived_zero_function_group_identity,SEKTOR = MEVDUAT + KATILIM + KALKINMA_VE_YATIRIM,Published sector total equals the sum of the three non-negative functional-group branch counts with zero residual.,45.0,39.0,,6.0,1,45.0,0.0,True,raw/2026-6_table06.json.gz,5c8724d207543a8805a3be51c5af015c4b06f96ec64912b85c63d4721d034f91,raw/2026-6_table06_info.json,4a35f59495834d4a6ecb214996a81e8d83515bb5362dbc6c3094bc499d8f0703,https://www.bddk.org.tr/BultenFinturk/tr/Home/MetaveriPdfIndir?tabloNo=6
2026-06,2026-06-30,MUŞ,10003,KALKINMA VE YATIRIM,SubeSayisi,Yurtiçi Şube Sayısı,,0.0,derived_zero_function_group_identity,SEKTOR = MEVDUAT + KATILIM + KALKINMA_VE_YATIRIM,Published sector total equals the sum of the three non-negative functional-group branch counts with zero residual.,19.0,16.0,,3.0,1,19.0,0.0,True,raw/2026-6_table06.json.gz,5c8724d207543a8805a3be51c5af015c4b06f96ec64912b85c63d4721d034f91,raw/2026-6_table06_info.json,4a35f59495834d4a6ecb214996a81e8d83515bb5362dbc6c3094bc499d8f0703,https://www.bddk.org.tr/BultenFinturk/tr/Home/MetaveriPdfIndir?tabloNo=6
2026-06,2026-06-30,NEVŞEHİR,10003,KALKINMA VE YATIRIM,SubeSayisi,Yurtiçi Şube Sayısı,,0.0,derived_zero_function_group_identity,SEKTOR = MEVDUAT + KATILIM + KALKINMA_VE_YATIRIM,Published sector total equals the sum of the three non-negative functional-group branch counts with zero residual.,42.0,36.0,,6.0,1,42.0,0.0,True,raw/2026-6_table06.json.gz,5c8724d207543a8805a3be51c5af015c4b06f96ec64912b85c63d4721d034f91,raw/2026-6_table06_info.json,4a35f59495834d4a6ecb214996a81e8d83515bb5362dbc6c3094bc499d8f0703,https://www.bddk.org.tr/BultenFinturk/tr/Home/MetaveriPdfIndir?tabloNo=6
2026-06,2026-06-30,NİĞDE,10003,KALKINMA VE YATIRIM,SubeSayisi,Yurtiçi Şube Sayısı,,0.0,derived_zero_function_group_identity,SEKTOR = MEVDUAT + KATILIM + KALKINMA_VE_YATIRIM,Published sector total equals the sum of the three non-negative functional-group branch counts with zero residual.,29.0,25.0,,4.0,1,29.0,0.0,True,raw/2026-6_table06.json.gz,5c8724d207543a8805a3be51c5af015c4b06f96ec64912b85c63d4721d034f91,raw/2026-6_table06_info.json,4a35f59495834d4a6ecb214996a81e8d83515bb5362dbc6c3094bc499d8f0703,https://www.bddk.org.tr/BultenFinturk/tr/Home/MetaveriPdfIndir?tabloNo=6
2026-06,2026-06-30,ORDU,10003,KALKINMA VE YATIRIM,SubeSayisi,Yurtiçi Şube Sayısı,,0.0,derived_zero_function_group_identity,SEKTOR = MEVDUAT + KATILIM + KALKINMA_VE_YATIRIM,Published sector total equals the sum of the three non-negative functional-group branch counts with zero residual.,73.0,66.0,,7.0,1,73.0,0.0,True,raw/2026-6_table06.json.gz,5c8724d207543a8805a3be51c5af015c4b06f96ec64912b85c63d4721d034f91,raw/2026-6_table06_info.json,4a35f59495834d4a6ecb214996a81e8d83515bb5362dbc6c3094bc499d8f0703,https://www.bddk.org.tr/BultenFinturk/tr/Home/MetaveriPdfIndir?tabloNo=6
2026-06,2026-06-30,OSMANİYE,10003,KALKINMA VE YATIRIM,SubeSayisi,Yurtiçi Şube Sayısı,,0.0,derived_zero_function_group_identity,SEKTOR = MEVDUAT + KATILIM + KALKINMA_VE_YATIRIM,Published sector total equals the sum of the three non-negative functional-group branch counts with zero residual.,39.0,33.0,,6.0,1,39.0,0.0,True,raw/2026-6_table06.json.gz,5c8724d207543a8805a3be51c5af015c4b06f96ec64912b85c63d4721d034f91,raw/2026-6_table06_info.json,4a35f59495834d4a6ecb214996a81e8d83515bb5362dbc6c3094bc499d8f0703,https://www.bddk.org.tr/BultenFinturk/tr/Home/MetaveriPdfIndir?tabloNo=6
2026-06,2026-06-30,RİZE,10003,KALKINMA VE YATIRIM,SubeSayisi,Yurtiçi Şube Sayısı,,0.0,derived_zero_function_group_identity,SEKTOR = MEVDUAT + KATILIM + KALKINMA_VE_YATIRIM,Published sector total equals the sum of the three non-negative functional-group branch counts with zero residual.,45.0,39.0,,6.0,1,45.0,0.0,True,raw/2026-6_table06.json.gz,5c8724d207543a8805a3be51c5af015c4b06f96ec64912b85c63d4721d034f91,raw/2026-6_table06_info.json,4a35f59495834d4a6ecb214996a81e8d83515bb5362dbc6c3094bc499d8f0703,https://www.bddk.org.tr/BultenFinturk/tr/Home/MetaveriPdfIndir?tabloNo=6
2026-06,2026-06-30,SAKARYA,10003,KALKINMA VE YATIRIM,SubeSayisi,Yurtiçi Şube Sayısı,,0.0,derived_zero_function_group_identity,SEKTOR = MEVDUAT + KATILIM + KALKINMA_VE_YATIRIM,Published sector total equals the sum of the three non-negative functional-group branch counts with zero residual.,112.0,98.0,,14.0,1,112.0,0.0,True,raw/2026-6_table06.json.gz,5c8724d207543a8805a3be51c5af015c4b06f96ec64912b85c63d4721d034f91,raw/2026-6_table06_info.json,4a35f59495834d4a6ecb214996a81e8d83515bb5362dbc6c3094bc499d8f0703,https://www.bddk.org.tr/BultenFinturk/tr/Home/MetaveriPdfIndir?tabloNo=6
2026-06,2026-06-30,SİNOP,10003,KALKINMA VE YATIRIM,SubeSayisi,Yurtiçi Şube Sayısı,,0.0,derived_zero_function_group_identity,SEKTOR = MEVDUAT + KATILIM + KALKINMA_VE_YATIRIM,Published sector total equals the sum of the three non-negative functional-group branch counts with zero residual.,28.0,28.0,,,2,28.0,0.0,True,raw/2026-6_table06.json.gz,5c8724d207543a8805a3be51c5af015c4b06f96ec64912b85c63d4721d034f91,raw/2026-6_table06_info.json,4a35f59495834d4a6ecb214996a81e8d83515bb5362dbc6c3094bc499d8f0703,https://www.bddk.org.tr/BultenFinturk/tr/Home/MetaveriPdfIndir?tabloNo=6
2026-06,2026-06-30,SİNOP,10004,KATILIM,SubeSayisi,Yurtiçi Şube Sayısı,,0.0,derived_zero_function_group_identity,SEKTOR = MEVDUAT + KATILIM + KALKINMA_VE_YATIRIM,Published sector total equals the sum of the three non-negative functional-group branch counts with zero residual.,28.0,28.0,,,2,28.0,0.0,True,raw/2026-6_table06.json.gz,5c8724d207543a8805a3be51c5af015c4b06f96ec64912b85c63d4721d034f91,raw/2026-6_table06_info.json,4a35f59495834d4a6ecb214996a81e8d83515bb5362dbc6c3094bc499d8f0703,https://www.bddk.org.tr/BultenFinturk/tr/Home/MetaveriPdfIndir?tabloNo=6
2026-06,2026-06-30,SİİRT,10003,KALKINMA VE YATIRIM,SubeSayisi,Yurtiçi Şube Sayısı,,0.0,derived_zero_function_group_identity,SEKTOR = MEVDUAT + KATILIM + KALKINMA_VE_YATIRIM,Published sector total equals the sum of the three non-negative functional-group branch counts with zero residual.,22.0,16.0,,6.0,1,22.0,0.0,True,raw/2026-6_table06.json.gz,5c8724d207543a8805a3be51c5af015c4b06f96ec64912b85c63d4721d034f91,raw/2026-6_table06_info.json,4a35f59495834d4a6ecb214996a81e8d83515bb5362dbc6c3094bc499d8f0703,https://www.bddk.org.tr/BultenFinturk/tr/Home/MetaveriPdfIndir?tabloNo=6
2026-06,2026-06-30,TOKAT,10003,KALKINMA VE YATIRIM,SubeSayisi,Yurtiçi Şube Sayısı,,0.0,derived_zero_function_group_identity,SEKTOR = MEVDUAT + KATILIM + KALKINMA_VE_YATIRIM,Published sector total equals the sum of the three non-negative functional-group branch counts with zero residual.,58.0,52.0,,6.0,1,58.0,0.0,True,raw/2026-6_table06.json.gz,5c8724d207543a8805a3be51c5af015c4b06f96ec64912b85c63d4721d034f91,raw/2026-6_table06_info.json,4a35f59495834d4a6ecb214996a81e8d83515bb5362dbc6c3094bc499d8f0703,https://www.bddk.org.tr/BultenFinturk/tr/Home/MetaveriPdfIndir?tabloNo=6
2026-06,2026-06-30,TUNCELİ,10003,KALKINMA VE YATIRIM,SubeSayisi,Yurtiçi Şube Sayısı,,0.0,derived_zero_function_group_identity,SEKTOR = MEVDUAT + KATILIM + KALKINMA_VE_YATIRIM,Published sector total equals the sum of the three non-negative functional-group branch counts with zero residual.,13.0,13.0,,,2,13.0,0.0,True,raw/2026-6_table06.json.gz,5c8724d207543a8805a3be51c5af015c4b06f96ec64912b85c63d4721d034f91,raw/2026-6_table06_info.json,4a35f59495834d4a6ecb214996a81e8d83515bb5362dbc6c3094bc499d8f0703,https://www.bddk.org.tr/BultenFinturk/tr/Home/MetaveriPdfIndir?tabloNo=6
2026-06,2026-06-30,TUNCELİ,10004,KATILIM,SubeSayisi,Yurtiçi Şube Sayısı,,0.0,derived_zero_function_group_identity,SEKTOR = MEVDUAT + KATILIM + KALKINMA_VE_YATIRIM,Published sector total equals the sum of the three non-negative functional-group branch counts with zero residual.,13.0,13.0,,,2,13.0,0.0,True,raw/2026-6_table06.json.gz,5c8724d207543a8805a3be51c5af015c4b06f96ec64912b85c63d4721d034f91,raw/2026-6_table06_info.json,4a35f59495834d4a6ecb214996a81e8d83515bb5362dbc6c3094bc499d8f0703,https://www.bddk.org.tr/BultenFinturk/tr/Home/MetaveriPdfIndir?tabloNo=6
2026-06,2026-06-30,UŞAK,10003,KALKINMA VE YATIRIM,SubeSayisi,Yurtiçi Şube Sayısı,,0.0,derived_zero_function_group_identity,SEKTOR = MEVDUAT + KATILIM + KALKINMA_VE_YATIRIM,Published sector total equals the sum of the three non-negative functional-group branch counts with zero residual.,43.0,38.0,,5.0,1,43.0,0.0,True,raw/2026-6_table06.json.gz,5c8724d207543a8805a3be51c5af015c4b06f96ec64912b85c63d4721d034f91,raw/2026-6_table06_info.json,4a35f59495834d4a6ecb214996a81e8d83515bb5362dbc6c3094bc499d8f0703,https://www.bddk.org.tr/BultenFinturk/tr/Home/MetaveriPdfIndir?tabloNo=6
2026-06,2026-06-30,YALOVA,10003,KALKINMA VE YATIRIM,SubeSayisi,Yurtiçi Şube Sayısı,,0.0,derived_zero_function_group_identity,SEKTOR = MEVDUAT + KATILIM + KALKINMA_VE_YATIRIM,Published sector total equals the sum of the three non-negative functional-group branch counts with zero residual.,29.0,23.0,,6.0,1,29.0,0.0,True,raw/2026-6_table06.json.gz,5c8724d207543a8805a3be51c5af015c4b06f96ec64912b85c63d4721d034f91,raw/2026-6_table06_info.json,4a35f59495834d4a6ecb214996a81e8d83515bb5362dbc6c3094bc499d8f0703,https://www.bddk.org.tr/BultenFinturk/tr/Home/MetaveriPdfIndir?tabloNo=6
2026-06,2026-06-30,YOZGAT,10003,KALKINMA VE YATIRIM,SubeSayisi,Yurtiçi Şube Sayısı,,0.0,derived_zero_function_group_identity,SEKTOR = MEVDUAT + KATILIM + KALKINMA_VE_YATIRIM,Published sector total equals the sum of the three non-negative functional-group branch counts with zero residual.,48.0,44.0,,4.0,1,48.0,0.0,True,raw/2026-6_table06.json.gz,5c8724d207543a8805a3be51c5af015c4b06f96ec64912b85c63d4721d034f91,raw/2026-6_table06_info.json,4a35f59495834d4a6ecb214996a81e8d83515bb5362dbc6c3094bc499d8f0703,https://www.bddk.org.tr/BultenFinturk/tr/Home/MetaveriPdfIndir?tabloNo=6
2026-06,2026-06-30,ZONGULDAK,10003,KALKINMA VE YATIRIM,SubeSayisi,Yurtiçi Şube Sayısı,,0.0,derived_zero_function_group_identity,SEKTOR = MEVDUAT + KATILIM + KALKINMA_VE_YATIRIM,Published sector total equals the sum of the three non-negative functional-group branch counts with zero residual.,61.0,58.0,,3.0,1,61.0,0.0,True,raw/2026-6_table06.json.gz,5c8724d207543a8805a3be51c5af015c4b06f96ec64912b85c63d4721d034f91,raw/2026-6_table06_info.json,4a35f59495834d4a6ecb214996a81e8d83515bb5362dbc6c3094bc499d8f0703,https://www.bddk.org.tr/BultenFinturk/tr/Home/MetaveriPdfIndir?tabloNo=6
2026-06,2026-06-30,ÇANAKKALE,10003,KALKINMA VE YATIRIM,SubeSayisi,Yurtiçi Şube Sayısı,,0.0,derived_zero_function_group_identity,SEKTOR = MEVDUAT + KATILIM + KALKINMA_VE_YATIRIM,Published sector total equals the sum of the three non-negative functional-group branch counts with zero residual.,75.0,71.0,,4.0,1,75.0,0.0,True,raw/2026-6_table06.json.gz,5c8724d207543a8805a3be51c5af015c4b06f96ec64912b85c63d4721d034f91,raw/2026-6_table06_info.json,4a35f59495834d4a6ecb214996a81e8d83515bb5362dbc6c3094bc499d8f0703,https://www.bddk.org.tr/BultenFinturk/tr/Home/MetaveriPdfIndir?tabloNo=6
2026-06,2026-06-30,ÇANKIRI,10003,KALKINMA VE YATIRIM,SubeSayisi,Yurtiçi Şube Sayısı,,0.0,derived_zero_function_group_identity,SEKTOR = MEVDUAT + KATILIM + KALKINMA_VE_YATIRIM,Published sector total equals the sum of the three non-negative functional-group branch counts with zero residual.,31.0,28.0,,3.0,1,31.0,0.0,True,raw/2026-6_table06.json.gz,5c8724d207543a8805a3be51c5af015c4b06f96ec64912b85c63d4721d034f91,raw/2026-6_table06_info.json,4a35f59495834d4a6ecb214996a81e8d83515bb5362dbc6c3094bc499d8f0703,https://www.bddk.org.tr/BultenFinturk/tr/Home/MetaveriPdfIndir?tabloNo=6
2026-06,2026-06-30,ÇORUM,10003,KALKINMA VE YATIRIM,SubeSayisi,Yurtiçi Şube Sayısı,,0.0,derived_zero_function_group_identity,SEKTOR = MEVDUAT + KATILIM + KALKINMA_VE_YATIRIM,Published sector total equals the sum of the three non-negative functional-group branch counts with zero residual.,59.0,53.0,,6.0,1,59.0,0.0,True,raw/2026-6_table06.json.gz,5c8724d207543a8805a3be51c5af015c4b06f96ec64912b85c63d4721d034f91,raw/2026-6_table06_info.json,4a35f59495834d4a6ecb214996a81e8d83515bb5362dbc6c3094bc499d8f0703,https://www.bddk.org.tr/BultenFinturk/tr/Home/MetaveriPdfIndir?tabloNo=6
2026-06,2026-06-30,ŞANLIURFA,10003,KALKINMA VE YATIRIM,SubeSayisi,Yurtiçi Şube Sayısı,,0.0,derived_zero_function_group_identity,SEKTOR = MEVDUAT + KATILIM + KALKINMA_VE_YATIRIM,Published sector total equals the sum of the three non-negative functional-group branch counts with zero residual.,91.0,77.0,,14.0,1,91.0,0.0,True,raw/2026-6_table06.json.gz,5c8724d207543a8805a3be51c5af015c4b06f96ec64912b85c63d4721d034f91,raw/2026-6_table06_info.json,4a35f59495834d4a6ecb214996a81e8d83515bb5362dbc6c3094bc499d8f0703,https://www.bddk.org.tr/BultenFinturk/tr/Home/MetaveriPdfIndir?tabloNo=6
2026-06,2026-06-30,ŞIRNAK,10003,KALKINMA VE YATIRIM,SubeSayisi,Yurtiçi Şube Sayısı,,0.0,derived_zero_function_group_identity,SEKTOR = MEVDUAT + KATILIM + KALKINMA_VE_YATIRIM,Published sector total equals the sum of the three non-negative functional-group branch counts with zero residual.,21.0,21.0,,,2,21.0,0.0,True,raw/2026-6_table06.json.gz,5c8724d207543a8805a3be51c5af015c4b06f96ec64912b85c63d4721d034f91,raw/2026-6_table06_info.json,4a35f59495834d4a6ecb214996a81e8d83515bb5362dbc6c3094bc499d8f0703,https://www.bddk.org.tr/BultenFinturk/tr/Home/MetaveriPdfIndir?tabloNo=6
2026-06,2026-06-30,ŞIRNAK,10004,KATILIM,SubeSayisi,Yurtiçi Şube Sayısı,,0.0,derived_zero_function_group_identity,SEKTOR = MEVDUAT + KATILIM + KALKINMA_VE_YATIRIM,Published sector total equals the sum of the three non-negative functional-group branch counts with zero residual.,21.0,21.0,,,2,21.0,0.0,True,raw/2026-6_table06.json.gz,5c8724d207543a8805a3be51c5af015c4b06f96ec64912b85c63d4721d034f91,raw/2026-6_table06_info.json,4a35f59495834d4a6ecb214996a81e8d83515bb5362dbc6c3094bc499d8f0703,https://www.bddk.org.tr/BultenFinturk/tr/Home/MetaveriPdfIndir?tabloNo=6
