month,table_no,table_name,group_code,source_row_index,source_caption,source_unit,source_file,source_sha256,source_request_info_file,source_request_info_sha256,period_validation_source,BankaAdi,BasitSira,Ad,BasitFont,NakdiKrediTp,NakdiKrediYp,NakdiKrediToplam,TakipKrediTp,TakipKrediYp,TakipKrediToplam,GayriNakdiKrediTp,GayriNakdiKrediYp,GayriNakdiKrediToplam,NetMusteri
2021-01,6,KOBI Kredileri,10001,1,"KOBİ Kredileri  (milyon TL), Dönem:2021/1",milyon TL,raw/2021-01_table06_group10001.json,4a3f0586ec1256f4c520cb4efbc795ba0142a4423e377117bbfac74e77e1a36b,raw/2021-01_table06_group10001_info.json,3fc8af80ec2b5f55bde509ba946f171b12d92434794b869ffea7de9ce1ee5584,caption_and_validated_request_info,Sektör,1,Toplam KOBİ Kredileri (2+3+4),bold,722624,118798,841422,57198,1319,58517,205493,54920,260413,0
2021-01,6,KOBI Kredileri,10001,2,"KOBİ Kredileri  (milyon TL), Dönem:2021/1",milyon TL,raw/2021-01_table06_group10001.json,4a3f0586ec1256f4c520cb4efbc795ba0142a4423e377117bbfac74e77e1a36b,raw/2021-01_table06_group10001_info.json,3fc8af80ec2b5f55bde509ba946f171b12d92434794b869ffea7de9ce1ee5584,caption_and_validated_request_info,Sektör,2,Mikro İşletmelere Kullandırılan Krediler,,250037,11712,261749,16065,179,16244,52928,4068,56995,0
2021-01,6,KOBI Kredileri,10001,3,"KOBİ Kredileri  (milyon TL), Dönem:2021/1",milyon TL,raw/2021-01_table06_group10001.json,4a3f0586ec1256f4c520cb4efbc795ba0142a4423e377117bbfac74e77e1a36b,raw/2021-01_table06_group10001_info.json,3fc8af80ec2b5f55bde509ba946f171b12d92434794b869ffea7de9ce1ee5584,caption_and_validated_request_info,Sektör,3,Küçük İşletmelere Kullandırılan Krediler,,235154,35239,270392,18448,494,18942,69838,12759,82597,0
2021-01,6,KOBI Kredileri,10001,4,"KOBİ Kredileri  (milyon TL), Dönem:2021/1",milyon TL,raw/2021-01_table06_group10001.json,4a3f0586ec1256f4c520cb4efbc795ba0142a4423e377117bbfac74e77e1a36b,raw/2021-01_table06_group10001_info.json,3fc8af80ec2b5f55bde509ba946f171b12d92434794b869ffea7de9ce1ee5584,caption_and_validated_request_info,Sektör,4,Orta Büyüklükteki İşletmelere Kullandırılan Krediler,,237434,71847,309281,22685,645,23330,82727,38093,120820,0
2021-01,6,KOBI Kredileri,10001,5,"KOBİ Kredileri  (milyon TL), Dönem:2021/1",milyon TL,raw/2021-01_table06_group10001.json,4a3f0586ec1256f4c520cb4efbc795ba0142a4423e377117bbfac74e77e1a36b,raw/2021-01_table06_group10001_info.json,3fc8af80ec2b5f55bde509ba946f171b12d92434794b869ffea7de9ce1ee5584,caption_and_validated_request_info,Sektör,5,Toplam KOBİ Niteliğindeki Müşteri Sayısı (6+7+8) (Adet),bold,3796239,17601,3813840,276784,196,276980,2487401,18653,2506054,4838570
2021-01,6,KOBI Kredileri,10001,6,"KOBİ Kredileri  (milyon TL), Dönem:2021/1",milyon TL,raw/2021-01_table06_group10001.json,4a3f0586ec1256f4c520cb4efbc795ba0142a4423e377117bbfac74e77e1a36b,raw/2021-01_table06_group10001_info.json,3fc8af80ec2b5f55bde509ba946f171b12d92434794b869ffea7de9ce1ee5584,caption_and_validated_request_info,Sektör,6,Mikro İşletme Niteliğindeki Müşteri Sayısı (Adet),,3222799,3526,3226325,208173,22,208195,1923934,3011,1926945,4053486
2021-01,6,KOBI Kredileri,10001,7,"KOBİ Kredileri  (milyon TL), Dönem:2021/1",milyon TL,raw/2021-01_table06_group10001.json,4a3f0586ec1256f4c520cb4efbc795ba0142a4423e377117bbfac74e77e1a36b,raw/2021-01_table06_group10001_info.json,3fc8af80ec2b5f55bde509ba946f171b12d92434794b869ffea7de9ce1ee5584,caption_and_validated_request_info,Sektör,7,Küçük İşletme Niteliğindeki Müşteri Sayısı (Adet),,448497,6214,454711,53154,78,53232,433396,6736,440132,604537
2021-01,6,KOBI Kredileri,10001,8,"KOBİ Kredileri  (milyon TL), Dönem:2021/1",milyon TL,raw/2021-01_table06_group10001.json,4a3f0586ec1256f4c520cb4efbc795ba0142a4423e377117bbfac74e77e1a36b,raw/2021-01_table06_group10001_info.json,3fc8af80ec2b5f55bde509ba946f171b12d92434794b869ffea7de9ce1ee5584,caption_and_validated_request_info,Sektör,8,Orta Büyüklükteki İşletme Niteliğindeki Müşteri Sayısı (Adet),,124943,7861,132804,15457,96,15553,130071,8906,138977,180547
2021-02,6,KOBI Kredileri,10001,1,"KOBİ Kredileri  (milyon TL), Dönem:2021/2",milyon TL,raw/2021-02_table06_group10001.json,7795d6f4d9139bfa306ec6c53b0077f07c121447605885107afea6a0009fe50c,raw/2021-02_table06_group10001_info.json,ed03dd9aa102a380358b5a0ddc291684c56b6422eac3de3ed00f06607482276f,caption_and_validated_request_info,Sektör,1,Toplam KOBİ Kredileri (2+3+4),bold,735569,122876,858445,56784,1317,58101,211051,57207,268258,0
2021-02,6,KOBI Kredileri,10001,2,"KOBİ Kredileri  (milyon TL), Dönem:2021/2",milyon TL,raw/2021-02_table06_group10001.json,7795d6f4d9139bfa306ec6c53b0077f07c121447605885107afea6a0009fe50c,raw/2021-02_table06_group10001_info.json,ed03dd9aa102a380358b5a0ddc291684c56b6422eac3de3ed00f06607482276f,caption_and_validated_request_info,Sektör,2,Mikro İşletmelere Kullandırılan Krediler,,254813,11598,266411,15982,181,16162,54432,4117,58549,0
2021-02,6,KOBI Kredileri,10001,3,"KOBİ Kredileri  (milyon TL), Dönem:2021/2",milyon TL,raw/2021-02_table06_group10001.json,7795d6f4d9139bfa306ec6c53b0077f07c121447605885107afea6a0009fe50c,raw/2021-02_table06_group10001_info.json,ed03dd9aa102a380358b5a0ddc291684c56b6422eac3de3ed00f06607482276f,caption_and_validated_request_info,Sektör,3,Küçük İşletmelere Kullandırılan Krediler,,240455,36021,276476,18289,416,18704,71452,13419,84871,0
2021-02,6,KOBI Kredileri,10001,4,"KOBİ Kredileri  (milyon TL), Dönem:2021/2",milyon TL,raw/2021-02_table06_group10001.json,7795d6f4d9139bfa306ec6c53b0077f07c121447605885107afea6a0009fe50c,raw/2021-02_table06_group10001_info.json,ed03dd9aa102a380358b5a0ddc291684c56b6422eac3de3ed00f06607482276f,caption_and_validated_request_info,Sektör,4,Orta Büyüklükteki İşletmelere Kullandırılan Krediler,,240301,75257,315558,22514,720,23234,85168,39671,124839,0
2021-02,6,KOBI Kredileri,10001,5,"KOBİ Kredileri  (milyon TL), Dönem:2021/2",milyon TL,raw/2021-02_table06_group10001.json,7795d6f4d9139bfa306ec6c53b0077f07c121447605885107afea6a0009fe50c,raw/2021-02_table06_group10001_info.json,ed03dd9aa102a380358b5a0ddc291684c56b6422eac3de3ed00f06607482276f,caption_and_validated_request_info,Sektör,5,Toplam KOBİ Niteliğindeki Müşteri Sayısı (6+7+8) (Adet),bold,3878247,17971,3896218,291925,201,292126,2507983,17684,2525667,4937772
2021-02,6,KOBI Kredileri,10001,6,"KOBİ Kredileri  (milyon TL), Dönem:2021/2",milyon TL,raw/2021-02_table06_group10001.json,7795d6f4d9139bfa306ec6c53b0077f07c121447605885107afea6a0009fe50c,raw/2021-02_table06_group10001_info.json,ed03dd9aa102a380358b5a0ddc291684c56b6422eac3de3ed00f06607482276f,caption_and_validated_request_info,Sektör,6,Mikro İşletme Niteliğindeki Müşteri Sayısı (Adet),,3296283,3500,3299783,221917,22,221939,1940386,2161,1942547,4142869
2021-02,6,KOBI Kredileri,10001,7,"KOBİ Kredileri  (milyon TL), Dönem:2021/2",milyon TL,raw/2021-02_table06_group10001.json,7795d6f4d9139bfa306ec6c53b0077f07c121447605885107afea6a0009fe50c,raw/2021-02_table06_group10001_info.json,ed03dd9aa102a380358b5a0ddc291684c56b6422eac3de3ed00f06607482276f,caption_and_validated_request_info,Sektör,7,Küçük İşletme Niteliğindeki Müşteri Sayısı (Adet),,455266,6429,461695,54259,80,54339,436434,6578,443012,612218
2021-02,6,KOBI Kredileri,10001,8,"KOBİ Kredileri  (milyon TL), Dönem:2021/2",milyon TL,raw/2021-02_table06_group10001.json,7795d6f4d9139bfa306ec6c53b0077f07c121447605885107afea6a0009fe50c,raw/2021-02_table06_group10001_info.json,ed03dd9aa102a380358b5a0ddc291684c56b6422eac3de3ed00f06607482276f,caption_and_validated_request_info,Sektör,8,Orta Büyüklükteki İşletme Niteliğindeki Müşteri Sayısı (Adet),,126698,8042,134740,15749,99,15848,131163,8945,140108,182685
2021-03,6,KOBI Kredileri,10001,1,"KOBİ Kredileri  (milyon TL), Dönem:2021/3",milyon TL,raw/2021-03_table06_group10001.json,b8650de0b78789cc2a385e1049e15e9b3ce305a4f6a9a79ac96bc3f3f25c75d9,raw/2021-03_table06_group10001_info.json,844e36add6139d9c96847a96997cc061339b741b951c7f29f44dc9e9f77f5ebd,caption_and_validated_request_info,Sektör,1,Toplam KOBİ Kredileri (2+3+4),bold,744918,134366,879284,56342,1316,57658,217591,63098,280690,0
2021-03,6,KOBI Kredileri,10001,2,"KOBİ Kredileri  (milyon TL), Dönem:2021/3",milyon TL,raw/2021-03_table06_group10001.json,b8650de0b78789cc2a385e1049e15e9b3ce305a4f6a9a79ac96bc3f3f25c75d9,raw/2021-03_table06_group10001_info.json,844e36add6139d9c96847a96997cc061339b741b951c7f29f44dc9e9f77f5ebd,caption_and_validated_request_info,Sektör,2,Mikro İşletmelere Kullandırılan Krediler,,260361,13285,273646,15612,156,15768,56187,4489,60676,0
2021-03,6,KOBI Kredileri,10001,3,"KOBİ Kredileri  (milyon TL), Dönem:2021/3",milyon TL,raw/2021-03_table06_group10001.json,b8650de0b78789cc2a385e1049e15e9b3ce305a4f6a9a79ac96bc3f3f25c75d9,raw/2021-03_table06_group10001_info.json,844e36add6139d9c96847a96997cc061339b741b951c7f29f44dc9e9f77f5ebd,caption_and_validated_request_info,Sektör,3,Küçük İşletmelere Kullandırılan Krediler,,243204,39644,282848,17949,441,18390,73662,15445,89107,0
2021-03,6,KOBI Kredileri,10001,4,"KOBİ Kredileri  (milyon TL), Dönem:2021/3",milyon TL,raw/2021-03_table06_group10001.json,b8650de0b78789cc2a385e1049e15e9b3ce305a4f6a9a79ac96bc3f3f25c75d9,raw/2021-03_table06_group10001_info.json,844e36add6139d9c96847a96997cc061339b741b951c7f29f44dc9e9f77f5ebd,caption_and_validated_request_info,Sektör,4,Orta Büyüklükteki İşletmelere Kullandırılan Krediler,,241353,81437,322790,22781,719,23501,87742,43165,130907,0
2021-03,6,KOBI Kredileri,10001,5,"KOBİ Kredileri  (milyon TL), Dönem:2021/3",milyon TL,raw/2021-03_table06_group10001.json,b8650de0b78789cc2a385e1049e15e9b3ce305a4f6a9a79ac96bc3f3f25c75d9,raw/2021-03_table06_group10001_info.json,844e36add6139d9c96847a96997cc061339b741b951c7f29f44dc9e9f77f5ebd,caption_and_validated_request_info,Sektör,5,Toplam KOBİ Niteliğindeki Müşteri Sayısı (6+7+8) (Adet),bold,3902770,18562,3921332,278706,200,278906,2557703,17895,2575598,4961077
2021-03,6,KOBI Kredileri,10001,6,"KOBİ Kredileri  (milyon TL), Dönem:2021/3",milyon TL,raw/2021-03_table06_group10001.json,b8650de0b78789cc2a385e1049e15e9b3ce305a4f6a9a79ac96bc3f3f25c75d9,raw/2021-03_table06_group10001_info.json,844e36add6139d9c96847a96997cc061339b741b951c7f29f44dc9e9f77f5ebd,caption_and_validated_request_info,Sektör,6,Mikro İşletme Niteliğindeki Müşteri Sayısı (Adet),,3313883,3661,3317544,210155,22,210177,1980448,2173,1982621,4157991
2021-03,6,KOBI Kredileri,10001,7,"KOBİ Kredileri  (milyon TL), Dönem:2021/3",milyon TL,raw/2021-03_table06_group10001.json,b8650de0b78789cc2a385e1049e15e9b3ce305a4f6a9a79ac96bc3f3f25c75d9,raw/2021-03_table06_group10001_info.json,844e36add6139d9c96847a96997cc061339b741b951c7f29f44dc9e9f77f5ebd,caption_and_validated_request_info,Sektör,7,Küçük İşletme Niteliğindeki Müşteri Sayısı (Adet),,460621,6634,467255,53059,79,53138,444016,6637,450653,618360
2021-03,6,KOBI Kredileri,10001,8,"KOBİ Kredileri  (milyon TL), Dönem:2021/3",milyon TL,raw/2021-03_table06_group10001.json,b8650de0b78789cc2a385e1049e15e9b3ce305a4f6a9a79ac96bc3f3f25c75d9,raw/2021-03_table06_group10001_info.json,844e36add6139d9c96847a96997cc061339b741b951c7f29f44dc9e9f77f5ebd,caption_and_validated_request_info,Sektör,8,Orta Büyüklükteki İşletme Niteliğindeki Müşteri Sayısı (Adet),,128266,8267,136533,15492,99,15591,133239,9085,142324,184726
2021-04,6,KOBI Kredileri,10001,1,"KOBİ Kredileri  (milyon TL), Dönem:2021/4",milyon TL,raw/2021-04_table06_group10001.json,9d87ca5676e016cde7e443cad92dac2744041e32c1ddb920643809e32a178fbc,raw/2021-04_table06_group10001_info.json,3ca10a553ccdf7283024f68cf67611fd3831fe7ca22a5bd27a91bf97b814339a,caption_and_validated_request_info,Sektör,1,Toplam KOBİ Kredileri (2+3+4),bold,745262,136661,881923,55807,1397,57204,223503,65197,288700,0
2021-04,6,KOBI Kredileri,10001,2,"KOBİ Kredileri  (milyon TL), Dönem:2021/4",milyon TL,raw/2021-04_table06_group10001.json,9d87ca5676e016cde7e443cad92dac2744041e32c1ddb920643809e32a178fbc,raw/2021-04_table06_group10001_info.json,3ca10a553ccdf7283024f68cf67611fd3831fe7ca22a5bd27a91bf97b814339a,caption_and_validated_request_info,Sektör,2,Mikro İşletmelere Kullandırılan Krediler,,261725,13837,275562,15529,156,15685,57844,4604,62448,0
2021-04,6,KOBI Kredileri,10001,3,"KOBİ Kredileri  (milyon TL), Dönem:2021/4",milyon TL,raw/2021-04_table06_group10001.json,9d87ca5676e016cde7e443cad92dac2744041e32c1ddb920643809e32a178fbc,raw/2021-04_table06_group10001_info.json,3ca10a553ccdf7283024f68cf67611fd3831fe7ca22a5bd27a91bf97b814339a,caption_and_validated_request_info,Sektör,3,Küçük İşletmelere Kullandırılan Krediler,,242266,39705,281971,17767,516,18283,75792,15425,91217,0
2021-04,6,KOBI Kredileri,10001,4,"KOBİ Kredileri  (milyon TL), Dönem:2021/4",milyon TL,raw/2021-04_table06_group10001.json,9d87ca5676e016cde7e443cad92dac2744041e32c1ddb920643809e32a178fbc,raw/2021-04_table06_group10001_info.json,3ca10a553ccdf7283024f68cf67611fd3831fe7ca22a5bd27a91bf97b814339a,caption_and_validated_request_info,Sektör,4,Orta Büyüklükteki İşletmelere Kullandırılan Krediler,,241271,83120,324390,22511,725,23236,89867,45167,135034,0
2021-04,6,KOBI Kredileri,10001,5,"KOBİ Kredileri  (milyon TL), Dönem:2021/4",milyon TL,raw/2021-04_table06_group10001.json,9d87ca5676e016cde7e443cad92dac2744041e32c1ddb920643809e32a178fbc,raw/2021-04_table06_group10001_info.json,3ca10a553ccdf7283024f68cf67611fd3831fe7ca22a5bd27a91bf97b814339a,caption_and_validated_request_info,Sektör,5,Toplam KOBİ Niteliğindeki Müşteri Sayısı (6+7+8) (Adet),bold,3930145,18930,3949075,279847,200,280047,2575373,18200,2593573,4993275
2021-04,6,KOBI Kredileri,10001,6,"KOBİ Kredileri  (milyon TL), Dönem:2021/4",milyon TL,raw/2021-04_table06_group10001.json,9d87ca5676e016cde7e443cad92dac2744041e32c1ddb920643809e32a178fbc,raw/2021-04_table06_group10001_info.json,3ca10a553ccdf7283024f68cf67611fd3831fe7ca22a5bd27a91bf97b814339a,caption_and_validated_request_info,Sektör,6,Mikro İşletme Niteliğindeki Müşteri Sayısı (Adet),,3336253,3715,3339968,211262,23,211285,1992938,2215,1995153,4183604
2021-04,6,KOBI Kredileri,10001,7,"KOBİ Kredileri  (milyon TL), Dönem:2021/4",milyon TL,raw/2021-04_table06_group10001.json,9d87ca5676e016cde7e443cad92dac2744041e32c1ddb920643809e32a178fbc,raw/2021-04_table06_group10001_info.json,3ca10a553ccdf7283024f68cf67611fd3831fe7ca22a5bd27a91bf97b814339a,caption_and_validated_request_info,Sektör,7,Küçük İşletme Niteliğindeki Müşteri Sayısı (Adet),,464170,6781,470951,53081,79,53160,447834,6713,454547,622903
2021-04,6,KOBI Kredileri,10001,8,"KOBİ Kredileri  (milyon TL), Dönem:2021/4",milyon TL,raw/2021-04_table06_group10001.json,9d87ca5676e016cde7e443cad92dac2744041e32c1ddb920643809e32a178fbc,raw/2021-04_table06_group10001_info.json,3ca10a553ccdf7283024f68cf67611fd3831fe7ca22a5bd27a91bf97b814339a,caption_and_validated_request_info,Sektör,8,Orta Büyüklükteki İşletme Niteliğindeki Müşteri Sayısı (Adet),,129722,8434,138156,15504,98,15602,134601,9272,143873,186768
2021-05,6,KOBI Kredileri,10001,1,"KOBİ Kredileri  (milyon TL), Dönem:2021/5",milyon TL,raw/2021-05_table06_group10001.json,b12adb6486299d06e82cb41a467d10972fff5f8fe5b15fcd09b704ead63ba991,raw/2021-05_table06_group10001_info.json,c7f9ad799972f3fcd00e441ada66a0899f1fc2c10f037281a0666fa98e569291,caption_and_validated_request_info,Sektör,1,Toplam KOBİ Kredileri (2+3+4),bold,744973,141431,886404,55750,1565,57314,227194,68022,295216,0
2021-05,6,KOBI Kredileri,10001,2,"KOBİ Kredileri  (milyon TL), Dönem:2021/5",milyon TL,raw/2021-05_table06_group10001.json,b12adb6486299d06e82cb41a467d10972fff5f8fe5b15fcd09b704ead63ba991,raw/2021-05_table06_group10001_info.json,c7f9ad799972f3fcd00e441ada66a0899f1fc2c10f037281a0666fa98e569291,caption_and_validated_request_info,Sektör,2,Mikro İşletmelere Kullandırılan Krediler,,261491,14662,276153,15604,180,15783,58948,4762,63709,0
2021-05,6,KOBI Kredileri,10001,3,"KOBİ Kredileri  (milyon TL), Dönem:2021/5",milyon TL,raw/2021-05_table06_group10001.json,b12adb6486299d06e82cb41a467d10972fff5f8fe5b15fcd09b704ead63ba991,raw/2021-05_table06_group10001_info.json,c7f9ad799972f3fcd00e441ada66a0899f1fc2c10f037281a0666fa98e569291,caption_and_validated_request_info,Sektör,3,Küçük İşletmelere Kullandırılan Krediler,,241472,40835,282307,17683,670,18353,77158,16262,93419,0
2021-05,6,KOBI Kredileri,10001,4,"KOBİ Kredileri  (milyon TL), Dönem:2021/5",milyon TL,raw/2021-05_table06_group10001.json,b12adb6486299d06e82cb41a467d10972fff5f8fe5b15fcd09b704ead63ba991,raw/2021-05_table06_group10001_info.json,c7f9ad799972f3fcd00e441ada66a0899f1fc2c10f037281a0666fa98e569291,caption_and_validated_request_info,Sektör,4,Orta Büyüklükteki İşletmelere Kullandırılan Krediler,,242010,85934,327944,22463,715,23178,91089,46998,138087,0
2021-05,6,KOBI Kredileri,10001,5,"KOBİ Kredileri  (milyon TL), Dönem:2021/5",milyon TL,raw/2021-05_table06_group10001.json,b12adb6486299d06e82cb41a467d10972fff5f8fe5b15fcd09b704ead63ba991,raw/2021-05_table06_group10001_info.json,c7f9ad799972f3fcd00e441ada66a0899f1fc2c10f037281a0666fa98e569291,caption_and_validated_request_info,Sektör,5,Toplam KOBİ Niteliğindeki Müşteri Sayısı (6+7+8) (Adet),bold,3940857,19300,3960157,283767,248,284015,2585723,18167,2603890,5014494
2021-05,6,KOBI Kredileri,10001,6,"KOBİ Kredileri  (milyon TL), Dönem:2021/5",milyon TL,raw/2021-05_table06_group10001.json,b12adb6486299d06e82cb41a467d10972fff5f8fe5b15fcd09b704ead63ba991,raw/2021-05_table06_group10001_info.json,c7f9ad799972f3fcd00e441ada66a0899f1fc2c10f037281a0666fa98e569291,caption_and_validated_request_info,Sektör,6,Mikro İşletme Niteliğindeki Müşteri Sayısı (Adet),,3344064,3751,3347815,214883,34,214917,1999450,2203,2001653,4199566
2021-05,6,KOBI Kredileri,10001,7,"KOBİ Kredileri  (milyon TL), Dönem:2021/5",milyon TL,raw/2021-05_table06_group10001.json,b12adb6486299d06e82cb41a467d10972fff5f8fe5b15fcd09b704ead63ba991,raw/2021-05_table06_group10001_info.json,c7f9ad799972f3fcd00e441ada66a0899f1fc2c10f037281a0666fa98e569291,caption_and_validated_request_info,Sektör,7,Küçük İşletme Niteliğindeki Müşteri Sayısı (Adet),,465965,6910,472875,53386,103,53489,450249,6697,456946,626182
2021-05,6,KOBI Kredileri,10001,8,"KOBİ Kredileri  (milyon TL), Dönem:2021/5",milyon TL,raw/2021-05_table06_group10001.json,b12adb6486299d06e82cb41a467d10972fff5f8fe5b15fcd09b704ead63ba991,raw/2021-05_table06_group10001_info.json,c7f9ad799972f3fcd00e441ada66a0899f1fc2c10f037281a0666fa98e569291,caption_and_validated_request_info,Sektör,8,Orta Büyüklükteki İşletme Niteliğindeki Müşteri Sayısı (Adet),,130828,8639,139467,15498,111,15609,136024,9267,145291,188746
2021-06,6,KOBI Kredileri,10001,1,"KOBİ Kredileri  (milyon TL), Dönem:2021/6",milyon TL,raw/2021-06_table06_group10001.json,91b49a3cf6f2374f00f6620663db1758155bafafe66643f3edb716635f026dfb,raw/2021-06_table06_group10001_info.json,1b3d8a3fe7467873bfc94c46f946a42a948a5a250b986169ee636ae96b56021b,caption_and_validated_request_info,Sektör,1,Toplam KOBİ Kredileri (2+3+4),bold,757408,150327,907734,56034,1540,57574,230699,67587,298286,0
2021-06,6,KOBI Kredileri,10001,2,"KOBİ Kredileri  (milyon TL), Dönem:2021/6",milyon TL,raw/2021-06_table06_group10001.json,91b49a3cf6f2374f00f6620663db1758155bafafe66643f3edb716635f026dfb,raw/2021-06_table06_group10001_info.json,1b3d8a3fe7467873bfc94c46f946a42a948a5a250b986169ee636ae96b56021b,caption_and_validated_request_info,Sektör,2,Mikro İşletmelere Kullandırılan Krediler,,267056,15106,282163,16286,158,16444,59753,5031,64784,0
2021-06,6,KOBI Kredileri,10001,3,"KOBİ Kredileri  (milyon TL), Dönem:2021/6",milyon TL,raw/2021-06_table06_group10001.json,91b49a3cf6f2374f00f6620663db1758155bafafe66643f3edb716635f026dfb,raw/2021-06_table06_group10001_info.json,1b3d8a3fe7467873bfc94c46f946a42a948a5a250b986169ee636ae96b56021b,caption_and_validated_request_info,Sektör,3,Küçük İşletmelere Kullandırılan Krediler,,245698,45122,290820,17142,686,17828,77888,16291,94179,0
2021-06,6,KOBI Kredileri,10001,4,"KOBİ Kredileri  (milyon TL), Dönem:2021/6",milyon TL,raw/2021-06_table06_group10001.json,91b49a3cf6f2374f00f6620663db1758155bafafe66643f3edb716635f026dfb,raw/2021-06_table06_group10001_info.json,1b3d8a3fe7467873bfc94c46f946a42a948a5a250b986169ee636ae96b56021b,caption_and_validated_request_info,Sektör,4,Orta Büyüklükteki İşletmelere Kullandırılan Krediler,,244654,90098,334751,22606,696,23303,93057,46265,139323,0
2021-06,6,KOBI Kredileri,10001,5,"KOBİ Kredileri  (milyon TL), Dönem:2021/6",milyon TL,raw/2021-06_table06_group10001.json,91b49a3cf6f2374f00f6620663db1758155bafafe66643f3edb716635f026dfb,raw/2021-06_table06_group10001_info.json,1b3d8a3fe7467873bfc94c46f946a42a948a5a250b986169ee636ae96b56021b,caption_and_validated_request_info,Sektör,5,Toplam KOBİ Niteliğindeki Müşteri Sayısı (6+7+8) (Adet),bold,3974379,19959,3994338,283661,201,283862,2618013,18405,2636418,5061350
2021-06,6,KOBI Kredileri,10001,6,"KOBİ Kredileri  (milyon TL), Dönem:2021/6",milyon TL,raw/2021-06_table06_group10001.json,91b49a3cf6f2374f00f6620663db1758155bafafe66643f3edb716635f026dfb,raw/2021-06_table06_group10001_info.json,1b3d8a3fe7467873bfc94c46f946a42a948a5a250b986169ee636ae96b56021b,caption_and_validated_request_info,Sektör,6,Mikro İşletme Niteliğindeki Müşteri Sayısı (Adet),,3370711,3868,3374579,214931,22,214953,2025661,2218,2027879,4235802
2021-06,6,KOBI Kredileri,10001,7,"KOBİ Kredileri  (milyon TL), Dönem:2021/6",milyon TL,raw/2021-06_table06_group10001.json,91b49a3cf6f2374f00f6620663db1758155bafafe66643f3edb716635f026dfb,raw/2021-06_table06_group10001_info.json,1b3d8a3fe7467873bfc94c46f946a42a948a5a250b986169ee636ae96b56021b,caption_and_validated_request_info,Sektör,7,Küçük İşletme Niteliğindeki Müşteri Sayısı (Adet),,471545,7201,478746,53244,85,53329,455016,6733,461749,634116
2021-06,6,KOBI Kredileri,10001,8,"KOBİ Kredileri  (milyon TL), Dönem:2021/6",milyon TL,raw/2021-06_table06_group10001.json,91b49a3cf6f2374f00f6620663db1758155bafafe66643f3edb716635f026dfb,raw/2021-06_table06_group10001_info.json,1b3d8a3fe7467873bfc94c46f946a42a948a5a250b986169ee636ae96b56021b,caption_and_validated_request_info,Sektör,8,Orta Büyüklükteki İşletme Niteliğindeki Müşteri Sayısı (Adet),,132123,8890,141013,15486,94,15580,137336,9454,146790,191432
2021-07,6,KOBI Kredileri,10001,1,"KOBİ Kredileri  (milyon TL), Dönem:2021/7",milyon TL,raw/2021-07_table06_group10001.json,a78ff36d73ebc41ab7370b156ece721d46235c836d65fa27e2913cc2c9a07970,raw/2021-07_table06_group10001_info.json,0a4fe952f6ae0b0d3dd02171d7a9bc495bbf3a730202881ad5236039e9bf238d,caption_and_validated_request_info,Sektör,1,Toplam KOBİ Kredileri (2+3+4),bold,756815,146510,903325,56198,1691,57889,234566,66010,300576,0
2021-07,6,KOBI Kredileri,10001,2,"KOBİ Kredileri  (milyon TL), Dönem:2021/7",milyon TL,raw/2021-07_table06_group10001.json,a78ff36d73ebc41ab7370b156ece721d46235c836d65fa27e2913cc2c9a07970,raw/2021-07_table06_group10001_info.json,0a4fe952f6ae0b0d3dd02171d7a9bc495bbf3a730202881ad5236039e9bf238d,caption_and_validated_request_info,Sektör,2,Mikro İşletmelere Kullandırılan Krediler,,265325,15158,280482,16486,289,16775,60630,4812,65442,0
2021-07,6,KOBI Kredileri,10001,3,"KOBİ Kredileri  (milyon TL), Dönem:2021/7",milyon TL,raw/2021-07_table06_group10001.json,a78ff36d73ebc41ab7370b156ece721d46235c836d65fa27e2913cc2c9a07970,raw/2021-07_table06_group10001_info.json,0a4fe952f6ae0b0d3dd02171d7a9bc495bbf3a730202881ad5236039e9bf238d,caption_and_validated_request_info,Sektör,3,Küçük İşletmelere Kullandırılan Krediler,,245941,43992,289933,17235,706,17941,79334,16252,95586,0
2021-07,6,KOBI Kredileri,10001,4,"KOBİ Kredileri  (milyon TL), Dönem:2021/7",milyon TL,raw/2021-07_table06_group10001.json,a78ff36d73ebc41ab7370b156ece721d46235c836d65fa27e2913cc2c9a07970,raw/2021-07_table06_group10001_info.json,0a4fe952f6ae0b0d3dd02171d7a9bc495bbf3a730202881ad5236039e9bf238d,caption_and_validated_request_info,Sektör,4,Orta Büyüklükteki İşletmelere Kullandırılan Krediler,,245549,87361,332910,22477,696,23173,94602,44946,139548,0
2021-07,6,KOBI Kredileri,10001,5,"KOBİ Kredileri  (milyon TL), Dönem:2021/7",milyon TL,raw/2021-07_table06_group10001.json,a78ff36d73ebc41ab7370b156ece721d46235c836d65fa27e2913cc2c9a07970,raw/2021-07_table06_group10001_info.json,0a4fe952f6ae0b0d3dd02171d7a9bc495bbf3a730202881ad5236039e9bf238d,caption_and_validated_request_info,Sektör,5,Toplam KOBİ Niteliğindeki Müşteri Sayısı (6+7+8) (Adet),bold,4037135,20191,4057326,286145,208,286353,2592822,18414,2611236,5010479
2021-07,6,KOBI Kredileri,10001,6,"KOBİ Kredileri  (milyon TL), Dönem:2021/7",milyon TL,raw/2021-07_table06_group10001.json,a78ff36d73ebc41ab7370b156ece721d46235c836d65fa27e2913cc2c9a07970,raw/2021-07_table06_group10001_info.json,0a4fe952f6ae0b0d3dd02171d7a9bc495bbf3a730202881ad5236039e9bf238d,caption_and_validated_request_info,Sektör,6,Mikro İşletme Niteliğindeki Müşteri Sayısı (Adet),,3417940,3890,3421830,217007,22,217029,2006040,2176,2008216,4193522
2021-07,6,KOBI Kredileri,10001,7,"KOBİ Kredileri  (milyon TL), Dönem:2021/7",milyon TL,raw/2021-07_table06_group10001.json,a78ff36d73ebc41ab7370b156ece721d46235c836d65fa27e2913cc2c9a07970,raw/2021-07_table06_group10001_info.json,0a4fe952f6ae0b0d3dd02171d7a9bc495bbf3a730202881ad5236039e9bf238d,caption_and_validated_request_info,Sektör,7,Küçük İşletme Niteliğindeki Müşteri Sayısı (Adet),,484021,7318,491339,53612,89,53701,450557,6755,457312,627471
2021-07,6,KOBI Kredileri,10001,8,"KOBİ Kredileri  (milyon TL), Dönem:2021/7",milyon TL,raw/2021-07_table06_group10001.json,a78ff36d73ebc41ab7370b156ece721d46235c836d65fa27e2913cc2c9a07970,raw/2021-07_table06_group10001_info.json,0a4fe952f6ae0b0d3dd02171d7a9bc495bbf3a730202881ad5236039e9bf238d,caption_and_validated_request_info,Sektör,8,Orta Büyüklükteki İşletme Niteliğindeki Müşteri Sayısı (Adet),,135174,8983,144157,15526,97,15623,136225,9483,145708,189486
2021-08,6,KOBI Kredileri,10001,1,"KOBİ Kredileri  (milyon TL), Dönem:2021/8",milyon TL,raw/2021-08_table06_group10001.json,1b2e0e43b8d6c8fb13fda2b4d9e19a9b0c262bb73e3dc064f799235bd92f0504,raw/2021-08_table06_group10001_info.json,5672524e1c8f51a851bcf384ae67d7ec7742da5d691e2b6ca1986d2a02841766,caption_and_validated_request_info,Sektör,1,Toplam KOBİ Kredileri (2+3+4),bold,766369,145014,911383,56123,1452,57575,239649,64232,303881,0
2021-08,6,KOBI Kredileri,10001,2,"KOBİ Kredileri  (milyon TL), Dönem:2021/8",milyon TL,raw/2021-08_table06_group10001.json,1b2e0e43b8d6c8fb13fda2b4d9e19a9b0c262bb73e3dc064f799235bd92f0504,raw/2021-08_table06_group10001_info.json,5672524e1c8f51a851bcf384ae67d7ec7742da5d691e2b6ca1986d2a02841766,caption_and_validated_request_info,Sektör,2,Mikro İşletmelere Kullandırılan Krediler,,269693,14207,283900,16666,148,16814,61451,4855,66306,0
2021-08,6,KOBI Kredileri,10001,3,"KOBİ Kredileri  (milyon TL), Dönem:2021/8",milyon TL,raw/2021-08_table06_group10001.json,1b2e0e43b8d6c8fb13fda2b4d9e19a9b0c262bb73e3dc064f799235bd92f0504,raw/2021-08_table06_group10001_info.json,5672524e1c8f51a851bcf384ae67d7ec7742da5d691e2b6ca1986d2a02841766,caption_and_validated_request_info,Sektör,3,Küçük İşletmelere Kullandırılan Krediler,,248014,43703,291717,17007,702,17709,81795,15740,97535,0
2021-08,6,KOBI Kredileri,10001,4,"KOBİ Kredileri  (milyon TL), Dönem:2021/8",milyon TL,raw/2021-08_table06_group10001.json,1b2e0e43b8d6c8fb13fda2b4d9e19a9b0c262bb73e3dc064f799235bd92f0504,raw/2021-08_table06_group10001_info.json,5672524e1c8f51a851bcf384ae67d7ec7742da5d691e2b6ca1986d2a02841766,caption_and_validated_request_info,Sektör,4,Orta Büyüklükteki İşletmelere Kullandırılan Krediler,,248662,87105,335767,22450,602,23052,96403,43636,140040,0
2021-08,6,KOBI Kredileri,10001,5,"KOBİ Kredileri  (milyon TL), Dönem:2021/8",milyon TL,raw/2021-08_table06_group10001.json,1b2e0e43b8d6c8fb13fda2b4d9e19a9b0c262bb73e3dc064f799235bd92f0504,raw/2021-08_table06_group10001_info.json,5672524e1c8f51a851bcf384ae67d7ec7742da5d691e2b6ca1986d2a02841766,caption_and_validated_request_info,Sektör,5,Toplam KOBİ Niteliğindeki Müşteri Sayısı (6+7+8) (Adet),bold,3955553,20590,3976143,291815,205,292020,2619243,18491,2637734,5032722
2021-08,6,KOBI Kredileri,10001,6,"KOBİ Kredileri  (milyon TL), Dönem:2021/8",milyon TL,raw/2021-08_table06_group10001.json,1b2e0e43b8d6c8fb13fda2b4d9e19a9b0c262bb73e3dc064f799235bd92f0504,raw/2021-08_table06_group10001_info.json,5672524e1c8f51a851bcf384ae67d7ec7742da5d691e2b6ca1986d2a02841766,caption_and_validated_request_info,Sektör,6,Mikro İşletme Niteliğindeki Müşteri Sayısı (Adet),,3352785,3959,3356744,223738,21,223759,2025719,2225,2027944,4214268
2021-08,6,KOBI Kredileri,10001,7,"KOBİ Kredileri  (milyon TL), Dönem:2021/8",milyon TL,raw/2021-08_table06_group10001.json,1b2e0e43b8d6c8fb13fda2b4d9e19a9b0c262bb73e3dc064f799235bd92f0504,raw/2021-08_table06_group10001_info.json,5672524e1c8f51a851bcf384ae67d7ec7742da5d691e2b6ca1986d2a02841766,caption_and_validated_request_info,Sektör,7,Küçük İşletme Niteliğindeki Müşteri Sayısı (Adet),,470141,7543,477684,52931,88,53019,455649,6881,462530,628595
2021-08,6,KOBI Kredileri,10001,8,"KOBİ Kredileri  (milyon TL), Dönem:2021/8",milyon TL,raw/2021-08_table06_group10001.json,1b2e0e43b8d6c8fb13fda2b4d9e19a9b0c262bb73e3dc064f799235bd92f0504,raw/2021-08_table06_group10001_info.json,5672524e1c8f51a851bcf384ae67d7ec7742da5d691e2b6ca1986d2a02841766,caption_and_validated_request_info,Sektör,8,Orta Büyüklükteki İşletme Niteliğindeki Müşteri Sayısı (Adet),,132627,9088,141715,15146,96,15242,137875,9385,147260,189859
2021-09,6,KOBI Kredileri,10001,1,"KOBİ Kredileri  (milyon TL), Dönem:2021/9",milyon TL,raw/2021-09_table06_group10001.json,927903eedf3bee51c5f9c58248d4c13ee43079c5d637312e0ae9fc4b22231684,raw/2021-09_table06_group10001_info.json,b2d472f197f5ba38c43cda1fabf5fc13ec6677adcaaca4d623b5405818fcbf7b,caption_and_validated_request_info,Sektör,1,Toplam KOBİ Kredileri (2+3+4),bold,785205,153546,938751,54721,1404,56125,246648,67684,314331,0
2021-09,6,KOBI Kredileri,10001,2,"KOBİ Kredileri  (milyon TL), Dönem:2021/9",milyon TL,raw/2021-09_table06_group10001.json,927903eedf3bee51c5f9c58248d4c13ee43079c5d637312e0ae9fc4b22231684,raw/2021-09_table06_group10001_info.json,b2d472f197f5ba38c43cda1fabf5fc13ec6677adcaaca4d623b5405818fcbf7b,caption_and_validated_request_info,Sektör,2,Mikro İşletmelere Kullandırılan Krediler,,273939,14582,288522,15875,152,16027,63310,4871,68181,0
2021-09,6,KOBI Kredileri,10001,3,"KOBİ Kredileri  (milyon TL), Dönem:2021/9",milyon TL,raw/2021-09_table06_group10001.json,927903eedf3bee51c5f9c58248d4c13ee43079c5d637312e0ae9fc4b22231684,raw/2021-09_table06_group10001_info.json,b2d472f197f5ba38c43cda1fabf5fc13ec6677adcaaca4d623b5405818fcbf7b,caption_and_validated_request_info,Sektör,3,Küçük İşletmelere Kullandırılan Krediler,,252604,45943,298547,16540,610,17151,83107,16035,99142,0
2021-09,6,KOBI Kredileri,10001,4,"KOBİ Kredileri  (milyon TL), Dönem:2021/9",milyon TL,raw/2021-09_table06_group10001.json,927903eedf3bee51c5f9c58248d4c13ee43079c5d637312e0ae9fc4b22231684,raw/2021-09_table06_group10001_info.json,b2d472f197f5ba38c43cda1fabf5fc13ec6677adcaaca4d623b5405818fcbf7b,caption_and_validated_request_info,Sektör,4,Orta Büyüklükteki İşletmelere Kullandırılan Krediler,,258662,93020,351682,22306,641,22947,100231,46777,147008,0
2021-09,6,KOBI Kredileri,10001,5,"KOBİ Kredileri  (milyon TL), Dönem:2021/9",milyon TL,raw/2021-09_table06_group10001.json,927903eedf3bee51c5f9c58248d4c13ee43079c5d637312e0ae9fc4b22231684,raw/2021-09_table06_group10001_info.json,b2d472f197f5ba38c43cda1fabf5fc13ec6677adcaaca4d623b5405818fcbf7b,caption_and_validated_request_info,Sektör,5,Toplam KOBİ Niteliğindeki Müşteri Sayısı (6+7+8) (Adet),bold,4023571,21497,4045068,266546,203,266749,2703013,19374,2722387,5106285
2021-09,6,KOBI Kredileri,10001,6,"KOBİ Kredileri  (milyon TL), Dönem:2021/9",milyon TL,raw/2021-09_table06_group10001.json,927903eedf3bee51c5f9c58248d4c13ee43079c5d637312e0ae9fc4b22231684,raw/2021-09_table06_group10001_info.json,b2d472f197f5ba38c43cda1fabf5fc13ec6677adcaaca4d623b5405818fcbf7b,caption_and_validated_request_info,Sektör,6,Mikro İşletme Niteliğindeki Müşteri Sayısı (Adet),,3397172,4116,3401288,200417,21,200438,2083127,2366,2085493,4256896
2021-09,6,KOBI Kredileri,10001,7,"KOBİ Kredileri  (milyon TL), Dönem:2021/9",milyon TL,raw/2021-09_table06_group10001.json,927903eedf3bee51c5f9c58248d4c13ee43079c5d637312e0ae9fc4b22231684,raw/2021-09_table06_group10001_info.json,b2d472f197f5ba38c43cda1fabf5fc13ec6677adcaaca4d623b5405818fcbf7b,caption_and_validated_request_info,Sektör,7,Küçük İşletme Niteliğindeki Müşteri Sayısı (Adet),,485796,7817,493613,51053,86,51139,471568,7111,478679,647276
2021-09,6,KOBI Kredileri,10001,8,"KOBİ Kredileri  (milyon TL), Dönem:2021/9",milyon TL,raw/2021-09_table06_group10001.json,927903eedf3bee51c5f9c58248d4c13ee43079c5d637312e0ae9fc4b22231684,raw/2021-09_table06_group10001_info.json,b2d472f197f5ba38c43cda1fabf5fc13ec6677adcaaca4d623b5405818fcbf7b,caption_and_validated_request_info,Sektör,8,Orta Büyüklükteki İşletme Niteliğindeki Müşteri Sayısı (Adet),,140603,9564,150167,15076,96,15172,148318,9897,158215,202113
2021-10,6,KOBI Kredileri,10001,1,"KOBİ Kredileri  (milyon TL), Dönem:2021/10",milyon TL,raw/2021-10_table06_group10001.json,fc8cc038799bf1d925ca5aa6757fc748d039edb9076bdbfae96496c4dba9c805,raw/2021-10_table06_group10001_info.json,93ad52a541cb00bf4c6cbcf54c30f91b0fe4eb76b99ceeb83e751a77e21876f8,caption_and_validated_request_info,Sektör,1,Toplam KOBİ Kredileri (2+3+4),bold,796194,166613,962807,54923,1628,56551,253374,72955,326329,0
2021-10,6,KOBI Kredileri,10001,2,"KOBİ Kredileri  (milyon TL), Dönem:2021/10",milyon TL,raw/2021-10_table06_group10001.json,fc8cc038799bf1d925ca5aa6757fc748d039edb9076bdbfae96496c4dba9c805,raw/2021-10_table06_group10001_info.json,93ad52a541cb00bf4c6cbcf54c30f91b0fe4eb76b99ceeb83e751a77e21876f8,caption_and_validated_request_info,Sektör,2,Mikro İşletmelere Kullandırılan Krediler,,277077,15768,292845,16133,209,16341,66311,5224,71535,0
2021-10,6,KOBI Kredileri,10001,3,"KOBİ Kredileri  (milyon TL), Dönem:2021/10",milyon TL,raw/2021-10_table06_group10001.json,fc8cc038799bf1d925ca5aa6757fc748d039edb9076bdbfae96496c4dba9c805,raw/2021-10_table06_group10001_info.json,93ad52a541cb00bf4c6cbcf54c30f91b0fe4eb76b99ceeb83e751a77e21876f8,caption_and_validated_request_info,Sektör,3,Küçük İşletmelere Kullandırılan Krediler,,256252,49716,305968,16526,633,17159,85373,17837,103210,0
2021-10,6,KOBI Kredileri,10001,4,"KOBİ Kredileri  (milyon TL), Dönem:2021/10",milyon TL,raw/2021-10_table06_group10001.json,fc8cc038799bf1d925ca5aa6757fc748d039edb9076bdbfae96496c4dba9c805,raw/2021-10_table06_group10001_info.json,93ad52a541cb00bf4c6cbcf54c30f91b0fe4eb76b99ceeb83e751a77e21876f8,caption_and_validated_request_info,Sektör,4,Orta Büyüklükteki İşletmelere Kullandırılan Krediler,,262865,101129,363994,22264,787,23051,101691,49894,151585,0
2021-10,6,KOBI Kredileri,10001,5,"KOBİ Kredileri  (milyon TL), Dönem:2021/10",milyon TL,raw/2021-10_table06_group10001.json,fc8cc038799bf1d925ca5aa6757fc748d039edb9076bdbfae96496c4dba9c805,raw/2021-10_table06_group10001_info.json,93ad52a541cb00bf4c6cbcf54c30f91b0fe4eb76b99ceeb83e751a77e21876f8,caption_and_validated_request_info,Sektör,5,Toplam KOBİ Niteliğindeki Müşteri Sayısı (6+7+8) (Adet),bold,4081394,27467,4108861,289313,203,289516,2770986,30616,2801602,5179673
2021-10,6,KOBI Kredileri,10001,6,"KOBİ Kredileri  (milyon TL), Dönem:2021/10",milyon TL,raw/2021-10_table06_group10001.json,fc8cc038799bf1d925ca5aa6757fc748d039edb9076bdbfae96496c4dba9c805,raw/2021-10_table06_group10001_info.json,93ad52a541cb00bf4c6cbcf54c30f91b0fe4eb76b99ceeb83e751a77e21876f8,caption_and_validated_request_info,Sektör,6,Mikro İşletme Niteliğindeki Müşteri Sayısı (Adet),,3439647,5659,3445306,212097,22,212119,2127852,6473,2134325,4309886
2021-10,6,KOBI Kredileri,10001,7,"KOBİ Kredileri  (milyon TL), Dönem:2021/10",milyon TL,raw/2021-10_table06_group10001.json,fc8cc038799bf1d925ca5aa6757fc748d039edb9076bdbfae96496c4dba9c805,raw/2021-10_table06_group10001_info.json,93ad52a541cb00bf4c6cbcf54c30f91b0fe4eb76b99ceeb83e751a77e21876f8,caption_and_validated_request_info,Sektör,7,Küçük İşletme Niteliğindeki Müşteri Sayısı (Adet),,496862,10598,507460,58932,81,59013,489731,12563,502294,662926
2021-10,6,KOBI Kredileri,10001,8,"KOBİ Kredileri  (milyon TL), Dönem:2021/10",milyon TL,raw/2021-10_table06_group10001.json,fc8cc038799bf1d925ca5aa6757fc748d039edb9076bdbfae96496c4dba9c805,raw/2021-10_table06_group10001_info.json,93ad52a541cb00bf4c6cbcf54c30f91b0fe4eb76b99ceeb83e751a77e21876f8,caption_and_validated_request_info,Sektör,8,Orta Büyüklükteki İşletme Niteliğindeki Müşteri Sayısı (Adet),,144885,11210,156095,18284,100,18384,153403,11580,164983,206861
2021-11,6,KOBI Kredileri,10001,1,"KOBİ Kredileri  (milyon TL), Dönem:2021/11",milyon TL,raw/2021-11_table06_group10001.json,5d646adcb819c933eeae40c37c7a5c7d2d9e0e55cfb07225f2270c618d595932,raw/2021-11_table06_group10001_info.json,d003a85d8024b4508e9d21c178c82c0ef6aca391fe501cdff3992f7f0426bba8,caption_and_validated_request_info,Sektör,1,Toplam KOBİ Kredileri (2+3+4),bold,833459,220690,1054149,56025,2181,58206,260318,98470,358787,0
2021-11,6,KOBI Kredileri,10001,2,"KOBİ Kredileri  (milyon TL), Dönem:2021/11",milyon TL,raw/2021-11_table06_group10001.json,5d646adcb819c933eeae40c37c7a5c7d2d9e0e55cfb07225f2270c618d595932,raw/2021-11_table06_group10001_info.json,d003a85d8024b4508e9d21c178c82c0ef6aca391fe501cdff3992f7f0426bba8,caption_and_validated_request_info,Sektör,2,Mikro İşletmelere Kullandırılan Krediler,,287944,20230,308174,16243,269,16512,68016,6853,74869,0
2021-11,6,KOBI Kredileri,10001,3,"KOBİ Kredileri  (milyon TL), Dönem:2021/11",milyon TL,raw/2021-11_table06_group10001.json,5d646adcb819c933eeae40c37c7a5c7d2d9e0e55cfb07225f2270c618d595932,raw/2021-11_table06_group10001_info.json,d003a85d8024b4508e9d21c178c82c0ef6aca391fe501cdff3992f7f0426bba8,caption_and_validated_request_info,Sektör,3,Küçük İşletmelere Kullandırılan Krediler,,269903,66623,336526,16666,854,17521,87678,24269,111947,0
2021-11,6,KOBI Kredileri,10001,4,"KOBİ Kredileri  (milyon TL), Dönem:2021/11",milyon TL,raw/2021-11_table06_group10001.json,5d646adcb819c933eeae40c37c7a5c7d2d9e0e55cfb07225f2270c618d595932,raw/2021-11_table06_group10001_info.json,d003a85d8024b4508e9d21c178c82c0ef6aca391fe501cdff3992f7f0426bba8,caption_and_validated_request_info,Sektör,4,Orta Büyüklükteki İşletmelere Kullandırılan Krediler,,275612,133838,409449,23115,1059,24174,104624,67348,171972,0
2021-11,6,KOBI Kredileri,10001,5,"KOBİ Kredileri  (milyon TL), Dönem:2021/11",milyon TL,raw/2021-11_table06_group10001.json,5d646adcb819c933eeae40c37c7a5c7d2d9e0e55cfb07225f2270c618d595932,raw/2021-11_table06_group10001_info.json,d003a85d8024b4508e9d21c178c82c0ef6aca391fe501cdff3992f7f0426bba8,caption_and_validated_request_info,Sektör,5,Toplam KOBİ Niteliğindeki Müşteri Sayısı (6+7+8) (Adet),bold,4117158,22334,4139492,281199,203,281402,2825294,19026,2844320,5243109
2021-11,6,KOBI Kredileri,10001,6,"KOBİ Kredileri  (milyon TL), Dönem:2021/11",milyon TL,raw/2021-11_table06_group10001.json,5d646adcb819c933eeae40c37c7a5c7d2d9e0e55cfb07225f2270c618d595932,raw/2021-11_table06_group10001_info.json,d003a85d8024b4508e9d21c178c82c0ef6aca391fe501cdff3992f7f0426bba8,caption_and_validated_request_info,Sektör,6,Mikro İşletme Niteliğindeki Müşteri Sayısı (Adet),,3470565,4247,3474812,213948,23,213971,2181746,2225,2183971,4365531
2021-11,6,KOBI Kredileri,10001,7,"KOBİ Kredileri  (milyon TL), Dönem:2021/11",milyon TL,raw/2021-11_table06_group10001.json,5d646adcb819c933eeae40c37c7a5c7d2d9e0e55cfb07225f2270c618d595932,raw/2021-11_table06_group10001_info.json,d003a85d8024b4508e9d21c178c82c0ef6aca391fe501cdff3992f7f0426bba8,caption_and_validated_request_info,Sektör,7,Küçük İşletme Niteliğindeki Müşteri Sayısı (Adet),,500925,8096,509021,52079,80,52159,490792,7007,497799,669216
2021-11,6,KOBI Kredileri,10001,8,"KOBİ Kredileri  (milyon TL), Dönem:2021/11",milyon TL,raw/2021-11_table06_group10001.json,5d646adcb819c933eeae40c37c7a5c7d2d9e0e55cfb07225f2270c618d595932,raw/2021-11_table06_group10001_info.json,d003a85d8024b4508e9d21c178c82c0ef6aca391fe501cdff3992f7f0426bba8,caption_and_validated_request_info,Sektör,8,Orta Büyüklükteki İşletme Niteliğindeki Müşteri Sayısı (Adet),,145668,9991,155659,15172,100,15272,152756,9794,162550,208362
2021-12,6,KOBI Kredileri,10001,1,"KOBİ Kredileri  (milyon TL), Dönem:2021/12",milyon TL,raw/2021-12_table06_group10001.json,6d149eaa1161597ac7e7b46038369b976ac0e51706b8c04e9c648e6f936b8640,raw/2021-12_table06_group10001_info.json,0f4ac2bb7f2865079f619962ec3ee5b7d4194c2b5fac74b5d57790e5fff399e2,caption_and_validated_request_info,Sektör,1,Toplam KOBİ Kredileri (2+3+4),bold,856506,217707,1074213,56789,2726,59514,265582,97818,363400,0
2021-12,6,KOBI Kredileri,10001,2,"KOBİ Kredileri  (milyon TL), Dönem:2021/12",milyon TL,raw/2021-12_table06_group10001.json,6d149eaa1161597ac7e7b46038369b976ac0e51706b8c04e9c648e6f936b8640,raw/2021-12_table06_group10001_info.json,0f4ac2bb7f2865079f619962ec3ee5b7d4194c2b5fac74b5d57790e5fff399e2,caption_and_validated_request_info,Sektör,2,Mikro İşletmelere Kullandırılan Krediler,,295671,20225,315896,16428,206,16633,68860,6843,75703,0
2021-12,6,KOBI Kredileri,10001,3,"KOBİ Kredileri  (milyon TL), Dönem:2021/12",milyon TL,raw/2021-12_table06_group10001.json,6d149eaa1161597ac7e7b46038369b976ac0e51706b8c04e9c648e6f936b8640,raw/2021-12_table06_group10001_info.json,0f4ac2bb7f2865079f619962ec3ee5b7d4194c2b5fac74b5d57790e5fff399e2,caption_and_validated_request_info,Sektör,3,Küçük İşletmelere Kullandırılan Krediler,,277840,65764,343604,16972,840,17812,89495,24317,113812,0
2021-12,6,KOBI Kredileri,10001,4,"KOBİ Kredileri  (milyon TL), Dönem:2021/12",milyon TL,raw/2021-12_table06_group10001.json,6d149eaa1161597ac7e7b46038369b976ac0e51706b8c04e9c648e6f936b8640,raw/2021-12_table06_group10001_info.json,0f4ac2bb7f2865079f619962ec3ee5b7d4194c2b5fac74b5d57790e5fff399e2,caption_and_validated_request_info,Sektör,4,Orta Büyüklükteki İşletmelere Kullandırılan Krediler,,282996,131717,414713,23389,1680,25069,107226,66658,173885,0
2021-12,6,KOBI Kredileri,10001,5,"KOBİ Kredileri  (milyon TL), Dönem:2021/12",milyon TL,raw/2021-12_table06_group10001.json,6d149eaa1161597ac7e7b46038369b976ac0e51706b8c04e9c648e6f936b8640,raw/2021-12_table06_group10001_info.json,0f4ac2bb7f2865079f619962ec3ee5b7d4194c2b5fac74b5d57790e5fff399e2,caption_and_validated_request_info,Sektör,5,Toplam KOBİ Niteliğindeki Müşteri Sayısı (6+7+8) (Adet),bold,4123243,21368,4144611,299904,197,300101,2860838,31473,2892311,5257596
2021-12,6,KOBI Kredileri,10001,6,"KOBİ Kredileri  (milyon TL), Dönem:2021/12",milyon TL,raw/2021-12_table06_group10001.json,6d149eaa1161597ac7e7b46038369b976ac0e51706b8c04e9c648e6f936b8640,raw/2021-12_table06_group10001_info.json,0f4ac2bb7f2865079f619962ec3ee5b7d4194c2b5fac74b5d57790e5fff399e2,caption_and_validated_request_info,Sektör,6,Mikro İşletme Niteliğindeki Müşteri Sayısı (Adet),,3479502,4020,3483522,223353,20,223373,2205318,6764,2212082,4380529
2021-12,6,KOBI Kredileri,10001,7,"KOBİ Kredileri  (milyon TL), Dönem:2021/12",milyon TL,raw/2021-12_table06_group10001.json,6d149eaa1161597ac7e7b46038369b976ac0e51706b8c04e9c648e6f936b8640,raw/2021-12_table06_group10001_info.json,0f4ac2bb7f2865079f619962ec3ee5b7d4194c2b5fac74b5d57790e5fff399e2,caption_and_validated_request_info,Sektör,7,Küçük İşletme Niteliğindeki Müşteri Sayısı (Adet),,498948,7986,506934,58498,78,58576,499814,12944,512758,668918
2021-12,6,KOBI Kredileri,10001,8,"KOBİ Kredileri  (milyon TL), Dönem:2021/12",milyon TL,raw/2021-12_table06_group10001.json,6d149eaa1161597ac7e7b46038369b976ac0e51706b8c04e9c648e6f936b8640,raw/2021-12_table06_group10001_info.json,0f4ac2bb7f2865079f619962ec3ee5b7d4194c2b5fac74b5d57790e5fff399e2,caption_and_validated_request_info,Sektör,8,Orta Büyüklükteki İşletme Niteliğindeki Müşteri Sayısı (Adet),,144793,9362,154155,18053,99,18152,155706,11765,167471,208149
2022-01,6,KOBI Kredileri,10001,1,"KOBİ Kredileri  (milyon TL), Dönem:2022/1",milyon TL,raw/2022-01_table06_group10001.json,dd886e843ac1b1d5e9a56e5ac22469b8d6b8c47fecce5fe193fdaca2f5f05f00,raw/2022-01_table06_group10001_info.json,d5d6902f278994f42479fb09ea5f43b4ea44b1e25246c896b27bab3ea4e78819,caption_and_validated_request_info,Sektör,1,Toplam KOBİ Kredileri (2+3+4),bold,866691,216534,1083225,56274,2736,59010,277747,98527,376275,0
2022-01,6,KOBI Kredileri,10001,2,"KOBİ Kredileri  (milyon TL), Dönem:2022/1",milyon TL,raw/2022-01_table06_group10001.json,dd886e843ac1b1d5e9a56e5ac22469b8d6b8c47fecce5fe193fdaca2f5f05f00,raw/2022-01_table06_group10001_info.json,d5d6902f278994f42479fb09ea5f43b4ea44b1e25246c896b27bab3ea4e78819,caption_and_validated_request_info,Sektör,2,Mikro İşletmelere Kullandırılan Krediler,,299151,20574,319724,17383,218,17601,72932,7297,80228,0
2022-01,6,KOBI Kredileri,10001,3,"KOBİ Kredileri  (milyon TL), Dönem:2022/1",milyon TL,raw/2022-01_table06_group10001.json,dd886e843ac1b1d5e9a56e5ac22469b8d6b8c47fecce5fe193fdaca2f5f05f00,raw/2022-01_table06_group10001_info.json,d5d6902f278994f42479fb09ea5f43b4ea44b1e25246c896b27bab3ea4e78819,caption_and_validated_request_info,Sektör,3,Küçük İşletmelere Kullandırılan Krediler,,280463,65430,345892,16416,822,17238,93708,24857,118565,0
2022-01,6,KOBI Kredileri,10001,4,"KOBİ Kredileri  (milyon TL), Dönem:2022/1",milyon TL,raw/2022-01_table06_group10001.json,dd886e843ac1b1d5e9a56e5ac22469b8d6b8c47fecce5fe193fdaca2f5f05f00,raw/2022-01_table06_group10001_info.json,d5d6902f278994f42479fb09ea5f43b4ea44b1e25246c896b27bab3ea4e78819,caption_and_validated_request_info,Sektör,4,Orta Büyüklükteki İşletmelere Kullandırılan Krediler,,287078,130530,417608,22474,1697,24171,111107,66374,177481,0
2022-01,6,KOBI Kredileri,10001,5,"KOBİ Kredileri  (milyon TL), Dönem:2022/1",milyon TL,raw/2022-01_table06_group10001.json,dd886e843ac1b1d5e9a56e5ac22469b8d6b8c47fecce5fe193fdaca2f5f05f00,raw/2022-01_table06_group10001_info.json,d5d6902f278994f42479fb09ea5f43b4ea44b1e25246c896b27bab3ea4e78819,caption_and_validated_request_info,Sektör,5,Toplam KOBİ Niteliğindeki Müşteri Sayısı (6+7+8) (Adet),bold,4134606,20981,4155587,284971,201,285172,2872236,18823,2891059,5283302
2022-01,6,KOBI Kredileri,10001,6,"KOBİ Kredileri  (milyon TL), Dönem:2022/1",milyon TL,raw/2022-01_table06_group10001.json,dd886e843ac1b1d5e9a56e5ac22469b8d6b8c47fecce5fe193fdaca2f5f05f00,raw/2022-01_table06_group10001_info.json,d5d6902f278994f42479fb09ea5f43b4ea44b1e25246c896b27bab3ea4e78819,caption_and_validated_request_info,Sektör,6,Mikro İşletme Niteliğindeki Müşteri Sayısı (Adet),,3488662,3919,3492581,220731,20,220751,2221994,2225,2224219,4404797
2022-01,6,KOBI Kredileri,10001,7,"KOBİ Kredileri  (milyon TL), Dönem:2022/1",milyon TL,raw/2022-01_table06_group10001.json,dd886e843ac1b1d5e9a56e5ac22469b8d6b8c47fecce5fe193fdaca2f5f05f00,raw/2022-01_table06_group10001_info.json,d5d6902f278994f42479fb09ea5f43b4ea44b1e25246c896b27bab3ea4e78819,caption_and_validated_request_info,Sektör,7,Küçük İşletme Niteliğindeki Müşteri Sayısı (Adet),,500320,7820,508140,49753,79,49832,496099,6972,503071,669849
2022-01,6,KOBI Kredileri,10001,8,"KOBİ Kredileri  (milyon TL), Dönem:2022/1",milyon TL,raw/2022-01_table06_group10001.json,dd886e843ac1b1d5e9a56e5ac22469b8d6b8c47fecce5fe193fdaca2f5f05f00,raw/2022-01_table06_group10001_info.json,d5d6902f278994f42479fb09ea5f43b4ea44b1e25246c896b27bab3ea4e78819,caption_and_validated_request_info,Sektör,8,Orta Büyüklükteki İşletme Niteliğindeki Müşteri Sayısı (Adet),,145624,9242,154866,14487,102,14589,154143,9626,163769,208656
2022-02,6,KOBI Kredileri,10001,1,"KOBİ Kredileri  (milyon TL), Dönem:2022/2",milyon TL,raw/2022-02_table06_group10001.json,98b34405e4749431b8398e4f5143a7d0c138b84387be5cd5988678076594bfa0,raw/2022-02_table06_group10001_info.json,55d0e301014aab562f0cef2ec43c8598f4a54c812dadaa0f15b1713f395df147,caption_and_validated_request_info,Sektör,1,Toplam KOBİ Kredileri (2+3+4),bold,891708,223805,1115512,55626,3074,58700,292630,101082,393712,0
2022-02,6,KOBI Kredileri,10001,2,"KOBİ Kredileri  (milyon TL), Dönem:2022/2",milyon TL,raw/2022-02_table06_group10001.json,98b34405e4749431b8398e4f5143a7d0c138b84387be5cd5988678076594bfa0,raw/2022-02_table06_group10001_info.json,55d0e301014aab562f0cef2ec43c8598f4a54c812dadaa0f15b1713f395df147,caption_and_validated_request_info,Sektör,2,Mikro İşletmelere Kullandırılan Krediler,,305584,22084,327668,17228,468,17695,75877,7693,83570,0
2022-02,6,KOBI Kredileri,10001,3,"KOBİ Kredileri  (milyon TL), Dönem:2022/2",milyon TL,raw/2022-02_table06_group10001.json,98b34405e4749431b8398e4f5143a7d0c138b84387be5cd5988678076594bfa0,raw/2022-02_table06_group10001_info.json,55d0e301014aab562f0cef2ec43c8598f4a54c812dadaa0f15b1713f395df147,caption_and_validated_request_info,Sektör,3,Küçük İşletmelere Kullandırılan Krediler,,287309,67220,354529,16283,852,17135,98420,25866,124285,0
2022-02,6,KOBI Kredileri,10001,4,"KOBİ Kredileri  (milyon TL), Dönem:2022/2",milyon TL,raw/2022-02_table06_group10001.json,98b34405e4749431b8398e4f5143a7d0c138b84387be5cd5988678076594bfa0,raw/2022-02_table06_group10001_info.json,55d0e301014aab562f0cef2ec43c8598f4a54c812dadaa0f15b1713f395df147,caption_and_validated_request_info,Sektör,4,Orta Büyüklükteki İşletmelere Kullandırılan Krediler,,298815,134501,433316,22115,1754,23869,118333,67523,185857,0
2022-02,6,KOBI Kredileri,10001,5,"KOBİ Kredileri  (milyon TL), Dönem:2022/2",milyon TL,raw/2022-02_table06_group10001.json,98b34405e4749431b8398e4f5143a7d0c138b84387be5cd5988678076594bfa0,raw/2022-02_table06_group10001_info.json,55d0e301014aab562f0cef2ec43c8598f4a54c812dadaa0f15b1713f395df147,caption_and_validated_request_info,Sektör,5,Toplam KOBİ Niteliğindeki Müşteri Sayısı (6+7+8) (Adet),bold,4159075,20849,4179924,287026,201,287227,2890016,18785,2908801,5318383
2022-02,6,KOBI Kredileri,10001,6,"KOBİ Kredileri  (milyon TL), Dönem:2022/2",milyon TL,raw/2022-02_table06_group10001.json,98b34405e4749431b8398e4f5143a7d0c138b84387be5cd5988678076594bfa0,raw/2022-02_table06_group10001_info.json,55d0e301014aab562f0cef2ec43c8598f4a54c812dadaa0f15b1713f395df147,caption_and_validated_request_info,Sektör,6,Mikro İşletme Niteliğindeki Müşteri Sayısı (Adet),,3508625,3908,3512533,222831,21,222852,2232217,2248,2234465,4432666
2022-02,6,KOBI Kredileri,10001,7,"KOBİ Kredileri  (milyon TL), Dönem:2022/2",milyon TL,raw/2022-02_table06_group10001.json,98b34405e4749431b8398e4f5143a7d0c138b84387be5cd5988678076594bfa0,raw/2022-02_table06_group10001_info.json,55d0e301014aab562f0cef2ec43c8598f4a54c812dadaa0f15b1713f395df147,caption_and_validated_request_info,Sektör,7,Küçük İşletme Niteliğindeki Müşteri Sayısı (Adet),,502863,7719,510582,49749,78,49827,500977,6946,507923,674588
2022-02,6,KOBI Kredileri,10001,8,"KOBİ Kredileri  (milyon TL), Dönem:2022/2",milyon TL,raw/2022-02_table06_group10001.json,98b34405e4749431b8398e4f5143a7d0c138b84387be5cd5988678076594bfa0,raw/2022-02_table06_group10001_info.json,55d0e301014aab562f0cef2ec43c8598f4a54c812dadaa0f15b1713f395df147,caption_and_validated_request_info,Sektör,8,Orta Büyüklükteki İşletme Niteliğindeki Müşteri Sayısı (Adet),,147587,9222,156809,14446,102,14548,156822,9591,166413,211129
2022-03,6,KOBI Kredileri,10001,1,"KOBİ Kredileri  (milyon TL), Dönem:2022/3",milyon TL,raw/2022-03_table06_group10001.json,98bf92ddef04147b005a42cec601e39dd006a541b912872b4498ce1bf1f6ab9b,raw/2022-03_table06_group10001_info.json,95ed54418de2a9a6a317da32155ca27e26ca2b0144ca17b0d84851995a631030,caption_and_validated_request_info,Sektör,1,Toplam KOBİ Kredileri (2+3+4),bold,1014430,252838,1267268,59430,3641,63071,327373,127682,455055,0
2022-03,6,KOBI Kredileri,10001,2,"KOBİ Kredileri  (milyon TL), Dönem:2022/3",milyon TL,raw/2022-03_table06_group10001.json,98bf92ddef04147b005a42cec601e39dd006a541b912872b4498ce1bf1f6ab9b,raw/2022-03_table06_group10001_info.json,95ed54418de2a9a6a317da32155ca27e26ca2b0144ca17b0d84851995a631030,caption_and_validated_request_info,Sektör,2,Mikro İşletmelere Kullandırılan Krediler,,347964,22760,370725,18861,711,19572,87759,8981,96740,0
2022-03,6,KOBI Kredileri,10001,3,"KOBİ Kredileri  (milyon TL), Dönem:2022/3",milyon TL,raw/2022-03_table06_group10001.json,98bf92ddef04147b005a42cec601e39dd006a541b912872b4498ce1bf1f6ab9b,raw/2022-03_table06_group10001_info.json,95ed54418de2a9a6a317da32155ca27e26ca2b0144ca17b0d84851995a631030,caption_and_validated_request_info,Sektör,3,Küçük İşletmelere Kullandırılan Krediler,,339901,79154,419056,17660,1524,19185,112948,31390,144338,0
2022-03,6,KOBI Kredileri,10001,4,"KOBİ Kredileri  (milyon TL), Dönem:2022/3",milyon TL,raw/2022-03_table06_group10001.json,98bf92ddef04147b005a42cec601e39dd006a541b912872b4498ce1bf1f6ab9b,raw/2022-03_table06_group10001_info.json,95ed54418de2a9a6a317da32155ca27e26ca2b0144ca17b0d84851995a631030,caption_and_validated_request_info,Sektör,4,Orta Büyüklükteki İşletmelere Kullandırılan Krediler,,326565,150923,477488,22909,1406,24315,126666,87312,213977,0
2022-03,6,KOBI Kredileri,10001,5,"KOBİ Kredileri  (milyon TL), Dönem:2022/3",milyon TL,raw/2022-03_table06_group10001.json,98bf92ddef04147b005a42cec601e39dd006a541b912872b4498ce1bf1f6ab9b,raw/2022-03_table06_group10001_info.json,95ed54418de2a9a6a317da32155ca27e26ca2b0144ca17b0d84851995a631030,caption_and_validated_request_info,Sektör,5,Toplam KOBİ Niteliğindeki Müşteri Sayısı (6+7+8) (Adet),bold,4196801,22103,4218904,299487,205,299692,2948595,20387,2968982,5390254
2022-03,6,KOBI Kredileri,10001,6,"KOBİ Kredileri  (milyon TL), Dönem:2022/3",milyon TL,raw/2022-03_table06_group10001.json,98bf92ddef04147b005a42cec601e39dd006a541b912872b4498ce1bf1f6ab9b,raw/2022-03_table06_group10001_info.json,95ed54418de2a9a6a317da32155ca27e26ca2b0144ca17b0d84851995a631030,caption_and_validated_request_info,Sektör,6,Mikro İşletme Niteliğindeki Müşteri Sayısı (Adet),,3593284,4543,3597827,240387,28,240415,2330084,2733,2332817,4566702
2022-03,6,KOBI Kredileri,10001,7,"KOBİ Kredileri  (milyon TL), Dönem:2022/3",milyon TL,raw/2022-03_table06_group10001.json,98bf92ddef04147b005a42cec601e39dd006a541b912872b4498ce1bf1f6ab9b,raw/2022-03_table06_group10001_info.json,95ed54418de2a9a6a317da32155ca27e26ca2b0144ca17b0d84851995a631030,caption_and_validated_request_info,Sektör,7,Küçük İşletme Niteliğindeki Müşteri Sayısı (Adet),,473389,8590,481979,46476,87,46563,477086,7777,484863,635753
2022-03,6,KOBI Kredileri,10001,8,"KOBİ Kredileri  (milyon TL), Dönem:2022/3",milyon TL,raw/2022-03_table06_group10001.json,98bf92ddef04147b005a42cec601e39dd006a541b912872b4498ce1bf1f6ab9b,raw/2022-03_table06_group10001_info.json,95ed54418de2a9a6a317da32155ca27e26ca2b0144ca17b0d84851995a631030,caption_and_validated_request_info,Sektör,8,Orta Büyüklükteki İşletme Niteliğindeki Müşteri Sayısı (Adet),,130128,8970,139098,12624,90,12714,141425,9877,151302,187799
2022-04,6,KOBI Kredileri,10001,1,"KOBİ Kredileri  (milyon TL), Dönem:2022/4",milyon TL,raw/2022-04_table06_group10001.json,004388ff456463f938a79664dd1d883c8221a13b93c9e9c2e8dc8ae9f510b04a,raw/2022-04_table06_group10001_info.json,e386baf98ab8db59aa8302601c1cd72755f7ec2d8e01dc1121e87b767e643487,caption_and_validated_request_info,Sektör,1,Toplam KOBİ Kredileri (2+3+4),bold,1090975,253996,1344971,58903,3504,62407,358689,132016,490705,0
2022-04,6,KOBI Kredileri,10001,2,"KOBİ Kredileri  (milyon TL), Dönem:2022/4",milyon TL,raw/2022-04_table06_group10001.json,004388ff456463f938a79664dd1d883c8221a13b93c9e9c2e8dc8ae9f510b04a,raw/2022-04_table06_group10001_info.json,e386baf98ab8db59aa8302601c1cd72755f7ec2d8e01dc1121e87b767e643487,caption_and_validated_request_info,Sektör,2,Mikro İşletmelere Kullandırılan Krediler,,367290,22584,389875,18872,662,19535,94634,9799,104434,0
2022-04,6,KOBI Kredileri,10001,3,"KOBİ Kredileri  (milyon TL), Dönem:2022/4",milyon TL,raw/2022-04_table06_group10001.json,004388ff456463f938a79664dd1d883c8221a13b93c9e9c2e8dc8ae9f510b04a,raw/2022-04_table06_group10001_info.json,e386baf98ab8db59aa8302601c1cd72755f7ec2d8e01dc1121e87b767e643487,caption_and_validated_request_info,Sektör,3,Küçük İşletmelere Kullandırılan Krediler,,369662,80335,449997,17560,1508,19068,124949,32555,157504,0
2022-04,6,KOBI Kredileri,10001,4,"KOBİ Kredileri  (milyon TL), Dönem:2022/4",milyon TL,raw/2022-04_table06_group10001.json,004388ff456463f938a79664dd1d883c8221a13b93c9e9c2e8dc8ae9f510b04a,raw/2022-04_table06_group10001_info.json,e386baf98ab8db59aa8302601c1cd72755f7ec2d8e01dc1121e87b767e643487,caption_and_validated_request_info,Sektör,4,Orta Büyüklükteki İşletmelere Kullandırılan Krediler,,354023,151077,505099,22471,1333,23804,139106,89661,228767,0
2022-04,6,KOBI Kredileri,10001,5,"KOBİ Kredileri  (milyon TL), Dönem:2022/4",milyon TL,raw/2022-04_table06_group10001.json,004388ff456463f938a79664dd1d883c8221a13b93c9e9c2e8dc8ae9f510b04a,raw/2022-04_table06_group10001_info.json,e386baf98ab8db59aa8302601c1cd72755f7ec2d8e01dc1121e87b767e643487,caption_and_validated_request_info,Sektör,5,Toplam KOBİ Niteliğindeki Müşteri Sayısı (6+7+8) (Adet),bold,4246732,22581,4269313,297454,204,297658,3010857,20983,3031840,5607467
2022-04,6,KOBI Kredileri,10001,6,"KOBİ Kredileri  (milyon TL), Dönem:2022/4",milyon TL,raw/2022-04_table06_group10001.json,004388ff456463f938a79664dd1d883c8221a13b93c9e9c2e8dc8ae9f510b04a,raw/2022-04_table06_group10001_info.json,e386baf98ab8db59aa8302601c1cd72755f7ec2d8e01dc1121e87b767e643487,caption_and_validated_request_info,Sektör,6,Mikro İşletme Niteliğindeki Müşteri Sayısı (Adet),,3649417,4800,3654217,241057,26,241083,2397511,2808,2400319,4771270
2022-04,6,KOBI Kredileri,10001,7,"KOBİ Kredileri  (milyon TL), Dönem:2022/4",milyon TL,raw/2022-04_table06_group10001.json,004388ff456463f938a79664dd1d883c8221a13b93c9e9c2e8dc8ae9f510b04a,raw/2022-04_table06_group10001_info.json,e386baf98ab8db59aa8302601c1cd72755f7ec2d8e01dc1121e87b767e643487,caption_and_validated_request_info,Sektör,7,Küçük İşletme Niteliğindeki Müşteri Sayısı (Adet),,472801,8779,481580,44381,94,44475,479398,8128,487526,653578
2022-04,6,KOBI Kredileri,10001,8,"KOBİ Kredileri  (milyon TL), Dönem:2022/4",milyon TL,raw/2022-04_table06_group10001.json,004388ff456463f938a79664dd1d883c8221a13b93c9e9c2e8dc8ae9f510b04a,raw/2022-04_table06_group10001_info.json,e386baf98ab8db59aa8302601c1cd72755f7ec2d8e01dc1121e87b767e643487,caption_and_validated_request_info,Sektör,8,Orta Büyüklükteki İşletme Niteliğindeki Müşteri Sayısı (Adet),,124514,9002,133516,12016,84,12100,133948,10047,143995,182619
2022-05,6,KOBI Kredileri,10001,1,"KOBİ Kredileri  (milyon TL), Dönem:2022/5",milyon TL,raw/2022-05_table06_group10001.json,afc25a2a229a0d8484b50d60fa474bb274165ecabf011af50537d7f350020fdd,raw/2022-05_table06_group10001_info.json,5172e334d28f48b654a37c5d6bf787337b1766e044a0046ab7f1bdc7b424c60e,caption_and_validated_request_info,Sektör,1,Toplam KOBİ Kredileri (2+3+4),bold,1159584,283103,1442687,59923,3248,63172,377307,147238,524545,0
2022-05,6,KOBI Kredileri,10001,2,"KOBİ Kredileri  (milyon TL), Dönem:2022/5",milyon TL,raw/2022-05_table06_group10001.json,afc25a2a229a0d8484b50d60fa474bb274165ecabf011af50537d7f350020fdd,raw/2022-05_table06_group10001_info.json,5172e334d28f48b654a37c5d6bf787337b1766e044a0046ab7f1bdc7b424c60e,caption_and_validated_request_info,Sektör,2,Mikro İşletmelere Kullandırılan Krediler,,378661,24230,402891,19278,682,19961,95470,10454,105924,0
2022-05,6,KOBI Kredileri,10001,3,"KOBİ Kredileri  (milyon TL), Dönem:2022/5",milyon TL,raw/2022-05_table06_group10001.json,afc25a2a229a0d8484b50d60fa474bb274165ecabf011af50537d7f350020fdd,raw/2022-05_table06_group10001_info.json,5172e334d28f48b654a37c5d6bf787337b1766e044a0046ab7f1bdc7b424c60e,caption_and_validated_request_info,Sektör,3,Küçük İşletmelere Kullandırılan Krediler,,396003,88858,484860,17112,1296,18409,130293,34558,164851,0
2022-05,6,KOBI Kredileri,10001,4,"KOBİ Kredileri  (milyon TL), Dönem:2022/5",milyon TL,raw/2022-05_table06_group10001.json,afc25a2a229a0d8484b50d60fa474bb274165ecabf011af50537d7f350020fdd,raw/2022-05_table06_group10001_info.json,5172e334d28f48b654a37c5d6bf787337b1766e044a0046ab7f1bdc7b424c60e,caption_and_validated_request_info,Sektör,4,Orta Büyüklükteki İşletmelere Kullandırılan Krediler,,384920,170015,554935,23533,1270,24803,151545,102227,253771,0
2022-05,6,KOBI Kredileri,10001,5,"KOBİ Kredileri  (milyon TL), Dönem:2022/5",milyon TL,raw/2022-05_table06_group10001.json,afc25a2a229a0d8484b50d60fa474bb274165ecabf011af50537d7f350020fdd,raw/2022-05_table06_group10001_info.json,5172e334d28f48b654a37c5d6bf787337b1766e044a0046ab7f1bdc7b424c60e,caption_and_validated_request_info,Sektör,5,Toplam KOBİ Niteliğindeki Müşteri Sayısı (6+7+8) (Adet),bold,4296352,22334,4318686,308297,149,308446,3038646,20786,3059432,5510715
2022-05,6,KOBI Kredileri,10001,6,"KOBİ Kredileri  (milyon TL), Dönem:2022/5",milyon TL,raw/2022-05_table06_group10001.json,afc25a2a229a0d8484b50d60fa474bb274165ecabf011af50537d7f350020fdd,raw/2022-05_table06_group10001_info.json,5172e334d28f48b654a37c5d6bf787337b1766e044a0046ab7f1bdc7b424c60e,caption_and_validated_request_info,Sektör,6,Mikro İşletme Niteliğindeki Müşteri Sayısı (Adet),,3682614,4601,3687215,253455,18,253473,2417492,2633,2420125,4678094
2022-05,6,KOBI Kredileri,10001,7,"KOBİ Kredileri  (milyon TL), Dönem:2022/5",milyon TL,raw/2022-05_table06_group10001.json,afc25a2a229a0d8484b50d60fa474bb274165ecabf011af50537d7f350020fdd,raw/2022-05_table06_group10001_info.json,5172e334d28f48b654a37c5d6bf787337b1766e044a0046ab7f1bdc7b424c60e,caption_and_validated_request_info,Sektör,7,Küçük İşletme Niteliğindeki Müşteri Sayısı (Adet),,484808,8705,493513,43294,73,43367,484962,8128,493090,648316
2022-05,6,KOBI Kredileri,10001,8,"KOBİ Kredileri  (milyon TL), Dönem:2022/5",milyon TL,raw/2022-05_table06_group10001.json,afc25a2a229a0d8484b50d60fa474bb274165ecabf011af50537d7f350020fdd,raw/2022-05_table06_group10001_info.json,5172e334d28f48b654a37c5d6bf787337b1766e044a0046ab7f1bdc7b424c60e,caption_and_validated_request_info,Sektör,8,Orta Büyüklükteki İşletme Niteliğindeki Müşteri Sayısı (Adet),,128930,9028,137958,11548,58,11606,136192,10025,146217,184305
2022-06,6,KOBI Kredileri,10001,1,"KOBİ Kredileri  (milyon TL), Dönem:2022/6",milyon TL,raw/2022-06_table06_group10001.json,7c23e0cca005b2c90617625f8452a6be2e74133c1f491c9cd48aece234975f5e,raw/2022-06_table06_group10001_info.json,29997786206b32ebfac75691c3ef1fa0eeaf16d47cdadfa5cbc9a85145e30912,caption_and_validated_request_info,Sektör,1,Toplam KOBİ Kredileri (2+3+4),bold,1238785,272650,1511435,58632,2664,61296,384934,142057,526991,0
2022-06,6,KOBI Kredileri,10001,2,"KOBİ Kredileri  (milyon TL), Dönem:2022/6",milyon TL,raw/2022-06_table06_group10001.json,7c23e0cca005b2c90617625f8452a6be2e74133c1f491c9cd48aece234975f5e,raw/2022-06_table06_group10001_info.json,29997786206b32ebfac75691c3ef1fa0eeaf16d47cdadfa5cbc9a85145e30912,caption_and_validated_request_info,Sektör,2,Mikro İşletmelere Kullandırılan Krediler,,401185,22904,424089,19963,668,20630,92422,10926,103348,0
2022-06,6,KOBI Kredileri,10001,3,"KOBİ Kredileri  (milyon TL), Dönem:2022/6",milyon TL,raw/2022-06_table06_group10001.json,7c23e0cca005b2c90617625f8452a6be2e74133c1f491c9cd48aece234975f5e,raw/2022-06_table06_group10001_info.json,29997786206b32ebfac75691c3ef1fa0eeaf16d47cdadfa5cbc9a85145e30912,caption_and_validated_request_info,Sektör,3,Küçük İşletmelere Kullandırılan Krediler,,423238,86135,509373,16668,1306,17974,132318,32932,165250,0
2022-06,6,KOBI Kredileri,10001,4,"KOBİ Kredileri  (milyon TL), Dönem:2022/6",milyon TL,raw/2022-06_table06_group10001.json,7c23e0cca005b2c90617625f8452a6be2e74133c1f491c9cd48aece234975f5e,raw/2022-06_table06_group10001_info.json,29997786206b32ebfac75691c3ef1fa0eeaf16d47cdadfa5cbc9a85145e30912,caption_and_validated_request_info,Sektör,4,Orta Büyüklükteki İşletmelere Kullandırılan Krediler,,414362,163611,577974,22002,691,22692,160194,98199,258393,0
2022-06,6,KOBI Kredileri,10001,5,"KOBİ Kredileri  (milyon TL), Dönem:2022/6",milyon TL,raw/2022-06_table06_group10001.json,7c23e0cca005b2c90617625f8452a6be2e74133c1f491c9cd48aece234975f5e,raw/2022-06_table06_group10001_info.json,29997786206b32ebfac75691c3ef1fa0eeaf16d47cdadfa5cbc9a85145e30912,caption_and_validated_request_info,Sektör,5,Toplam KOBİ Niteliğindeki Müşteri Sayısı (6+7+8) (Adet),bold,4328880,21962,4350842,333663,145,333808,3027606,20571,3048177,5551259
2022-06,6,KOBI Kredileri,10001,6,"KOBİ Kredileri  (milyon TL), Dönem:2022/6",milyon TL,raw/2022-06_table06_group10001.json,7c23e0cca005b2c90617625f8452a6be2e74133c1f491c9cd48aece234975f5e,raw/2022-06_table06_group10001_info.json,29997786206b32ebfac75691c3ef1fa0eeaf16d47cdadfa5cbc9a85145e30912,caption_and_validated_request_info,Sektör,6,Mikro İşletme Niteliğindeki Müşteri Sayısı (Adet),,3710074,4466,3714540,279927,16,279943,2416777,2575,2419352,4724022
2022-06,6,KOBI Kredileri,10001,7,"KOBİ Kredileri  (milyon TL), Dönem:2022/6",milyon TL,raw/2022-06_table06_group10001.json,7c23e0cca005b2c90617625f8452a6be2e74133c1f491c9cd48aece234975f5e,raw/2022-06_table06_group10001_info.json,29997786206b32ebfac75691c3ef1fa0eeaf16d47cdadfa5cbc9a85145e30912,caption_and_validated_request_info,Sektör,7,Küçük İşletme Niteliğindeki Müşteri Sayısı (Adet),,487552,8627,496179,42475,73,42548,475509,8092,483601,642915
2022-06,6,KOBI Kredileri,10001,8,"KOBİ Kredileri  (milyon TL), Dönem:2022/6",milyon TL,raw/2022-06_table06_group10001.json,7c23e0cca005b2c90617625f8452a6be2e74133c1f491c9cd48aece234975f5e,raw/2022-06_table06_group10001_info.json,29997786206b32ebfac75691c3ef1fa0eeaf16d47cdadfa5cbc9a85145e30912,caption_and_validated_request_info,Sektör,8,Orta Büyüklükteki İşletme Niteliğindeki Müşteri Sayısı (Adet),,131254,8869,140123,11261,56,11317,135320,9904,145224,184322
2022-07,6,KOBI Kredileri,10001,1,"KOBİ Kredileri  (milyon TL), Dönem:2022/7",milyon TL,raw/2022-07_table06_group10001.json,7cc2c575ade9be52a83cada0ddef7987c9f4e273f0bc5f06e8879e042e31d9c8,raw/2022-07_table06_group10001_info.json,1831b5855c7b6195743649f1e556a339ef0e89bc108f06a2f36458ecb7950364,caption_and_validated_request_info,Sektör,1,Toplam KOBİ Kredileri (2+3+4),bold,1267854,286183,1554036,57995,3005,60999,407998,144540,552538,0
2022-07,6,KOBI Kredileri,10001,2,"KOBİ Kredileri  (milyon TL), Dönem:2022/7",milyon TL,raw/2022-07_table06_group10001.json,7cc2c575ade9be52a83cada0ddef7987c9f4e273f0bc5f06e8879e042e31d9c8,raw/2022-07_table06_group10001_info.json,1831b5855c7b6195743649f1e556a339ef0e89bc108f06a2f36458ecb7950364,caption_and_validated_request_info,Sektör,2,Mikro İşletmelere Kullandırılan Krediler,,406294,23143,429436,20299,711,21009,97337,11624,108961,0
2022-07,6,KOBI Kredileri,10001,3,"KOBİ Kredileri  (milyon TL), Dönem:2022/7",milyon TL,raw/2022-07_table06_group10001.json,7cc2c575ade9be52a83cada0ddef7987c9f4e273f0bc5f06e8879e042e31d9c8,raw/2022-07_table06_group10001_info.json,1831b5855c7b6195743649f1e556a339ef0e89bc108f06a2f36458ecb7950364,caption_and_validated_request_info,Sektör,3,Küçük İşletmelere Kullandırılan Krediler,,434754,87990,522744,16461,1401,17862,140009,33097,173106,0
2022-07,6,KOBI Kredileri,10001,4,"KOBİ Kredileri  (milyon TL), Dönem:2022/7",milyon TL,raw/2022-07_table06_group10001.json,7cc2c575ade9be52a83cada0ddef7987c9f4e273f0bc5f06e8879e042e31d9c8,raw/2022-07_table06_group10001_info.json,1831b5855c7b6195743649f1e556a339ef0e89bc108f06a2f36458ecb7950364,caption_and_validated_request_info,Sektör,4,Orta Büyüklükteki İşletmelere Kullandırılan Krediler,,426806,175050,601856,21235,893,22128,170653,99818,270471,0
2022-07,6,KOBI Kredileri,10001,5,"KOBİ Kredileri  (milyon TL), Dönem:2022/7",milyon TL,raw/2022-07_table06_group10001.json,7cc2c575ade9be52a83cada0ddef7987c9f4e273f0bc5f06e8879e042e31d9c8,raw/2022-07_table06_group10001_info.json,1831b5855c7b6195743649f1e556a339ef0e89bc108f06a2f36458ecb7950364,caption_and_validated_request_info,Sektör,5,Toplam KOBİ Niteliğindeki Müşteri Sayısı (6+7+8) (Adet),bold,4278836,21398,4300234,350003,148,350151,3004766,20272,3025038,5513465
2022-07,6,KOBI Kredileri,10001,6,"KOBİ Kredileri  (milyon TL), Dönem:2022/7",milyon TL,raw/2022-07_table06_group10001.json,7cc2c575ade9be52a83cada0ddef7987c9f4e273f0bc5f06e8879e042e31d9c8,raw/2022-07_table06_group10001_info.json,1831b5855c7b6195743649f1e556a339ef0e89bc108f06a2f36458ecb7950364,caption_and_validated_request_info,Sektör,6,Mikro İşletme Niteliğindeki Müşteri Sayısı (Adet),,3657464,4386,3661850,296621,15,296636,2394587,2547,2397134,4686624
2022-07,6,KOBI Kredileri,10001,7,"KOBİ Kredileri  (milyon TL), Dönem:2022/7",milyon TL,raw/2022-07_table06_group10001.json,7cc2c575ade9be52a83cada0ddef7987c9f4e273f0bc5f06e8879e042e31d9c8,raw/2022-07_table06_group10001_info.json,1831b5855c7b6195743649f1e556a339ef0e89bc108f06a2f36458ecb7950364,caption_and_validated_request_info,Sektör,7,Küçük İşletme Niteliğindeki Müşteri Sayısı (Adet),,487988,8392,496380,42219,75,42294,473750,7970,481720,642090
2022-07,6,KOBI Kredileri,10001,8,"KOBİ Kredileri  (milyon TL), Dönem:2022/7",milyon TL,raw/2022-07_table06_group10001.json,7cc2c575ade9be52a83cada0ddef7987c9f4e273f0bc5f06e8879e042e31d9c8,raw/2022-07_table06_group10001_info.json,1831b5855c7b6195743649f1e556a339ef0e89bc108f06a2f36458ecb7950364,caption_and_validated_request_info,Sektör,8,Orta Büyüklükteki İşletme Niteliğindeki Müşteri Sayısı (Adet),,133384,8620,142004,11163,58,11221,136429,9755,146184,184751
2022-08,6,KOBI Kredileri,10001,1,"KOBİ Kredileri  (milyon TL), Dönem:2022/8",milyon TL,raw/2022-08_table06_group10001.json,22f446463b737b1a7234e11f8448cf016d3d0d1d33cd0d95541d077cad64b5b7,raw/2022-08_table06_group10001_info.json,681f2b3ca3aff4566034bbb860fa96784b83491ae355330650f9b01934d5b515,caption_and_validated_request_info,Sektör,1,Toplam KOBİ Kredileri (2+3+4),bold,1335482,272969,1608451,56960,2795,59755,419747,141445,561192,0
2022-08,6,KOBI Kredileri,10001,2,"KOBİ Kredileri  (milyon TL), Dönem:2022/8",milyon TL,raw/2022-08_table06_group10001.json,22f446463b737b1a7234e11f8448cf016d3d0d1d33cd0d95541d077cad64b5b7,raw/2022-08_table06_group10001_info.json,681f2b3ca3aff4566034bbb860fa96784b83491ae355330650f9b01934d5b515,caption_and_validated_request_info,Sektör,2,Mikro İşletmelere Kullandırılan Krediler,,421650,23500,445150,20330,718,21048,97937,12501,110438,0
2022-08,6,KOBI Kredileri,10001,3,"KOBİ Kredileri  (milyon TL), Dönem:2022/8",milyon TL,raw/2022-08_table06_group10001.json,22f446463b737b1a7234e11f8448cf016d3d0d1d33cd0d95541d077cad64b5b7,raw/2022-08_table06_group10001_info.json,681f2b3ca3aff4566034bbb860fa96784b83491ae355330650f9b01934d5b515,caption_and_validated_request_info,Sektör,3,Küçük İşletmelere Kullandırılan Krediler,,458527,80938,539465,16258,1388,17645,143098,32422,175520,0
2022-08,6,KOBI Kredileri,10001,4,"KOBİ Kredileri  (milyon TL), Dönem:2022/8",milyon TL,raw/2022-08_table06_group10001.json,22f446463b737b1a7234e11f8448cf016d3d0d1d33cd0d95541d077cad64b5b7,raw/2022-08_table06_group10001_info.json,681f2b3ca3aff4566034bbb860fa96784b83491ae355330650f9b01934d5b515,caption_and_validated_request_info,Sektör,4,Orta Büyüklükteki İşletmelere Kullandırılan Krediler,,455305,168531,623836,20373,689,21061,178711,96522,275233,0
2022-08,6,KOBI Kredileri,10001,5,"KOBİ Kredileri  (milyon TL), Dönem:2022/8",milyon TL,raw/2022-08_table06_group10001.json,22f446463b737b1a7234e11f8448cf016d3d0d1d33cd0d95541d077cad64b5b7,raw/2022-08_table06_group10001_info.json,681f2b3ca3aff4566034bbb860fa96784b83491ae355330650f9b01934d5b515,caption_and_validated_request_info,Sektör,5,Toplam KOBİ Niteliğindeki Müşteri Sayısı (6+7+8) (Adet),bold,4309596,21019,4330615,360646,148,360794,3017137,20066,3037203,5548338
2022-08,6,KOBI Kredileri,10001,6,"KOBİ Kredileri  (milyon TL), Dönem:2022/8",milyon TL,raw/2022-08_table06_group10001.json,22f446463b737b1a7234e11f8448cf016d3d0d1d33cd0d95541d077cad64b5b7,raw/2022-08_table06_group10001_info.json,681f2b3ca3aff4566034bbb860fa96784b83491ae355330650f9b01934d5b515,caption_and_validated_request_info,Sektör,6,Mikro İşletme Niteliğindeki Müşteri Sayısı (Adet),,3676489,4446,3680935,307508,15,307523,2407866,2605,2410471,4712991
2022-08,6,KOBI Kredileri,10001,7,"KOBİ Kredileri  (milyon TL), Dönem:2022/8",milyon TL,raw/2022-08_table06_group10001.json,22f446463b737b1a7234e11f8448cf016d3d0d1d33cd0d95541d077cad64b5b7,raw/2022-08_table06_group10001_info.json,681f2b3ca3aff4566034bbb860fa96784b83491ae355330650f9b01934d5b515,caption_and_validated_request_info,Sektör,7,Küçük İşletme Niteliğindeki Müşteri Sayısı (Adet),,497117,8223,505340,42030,77,42107,472974,7936,480910,648501
2022-08,6,KOBI Kredileri,10001,8,"KOBİ Kredileri  (milyon TL), Dönem:2022/8",milyon TL,raw/2022-08_table06_group10001.json,22f446463b737b1a7234e11f8448cf016d3d0d1d33cd0d95541d077cad64b5b7,raw/2022-08_table06_group10001_info.json,681f2b3ca3aff4566034bbb860fa96784b83491ae355330650f9b01934d5b515,caption_and_validated_request_info,Sektör,8,Orta Büyüklükteki İşletme Niteliğindeki Müşteri Sayısı (Adet),,135990,8350,144340,11108,56,11164,136297,9525,145822,186846
2022-09,6,KOBI Kredileri,10001,1,"KOBİ Kredileri  (milyon TL), Dönem:2022/9",milyon TL,raw/2022-09_table06_group10001.json,53d6d02c79399da04a19954ddd19c55a8e25ba4c33cc8424b76bab23ec988d8a,raw/2022-09_table06_group10001_info.json,0802373cdefc7bbcddbfe78b5aeb6e09c109df67ef99a13b47ecc3cd72aef672,caption_and_validated_request_info,Sektör,1,Toplam KOBİ Kredileri (2+3+4),bold,1429937,281918,1711855,57484,2515,59999,454801,143320,598121,0
2022-09,6,KOBI Kredileri,10001,2,"KOBİ Kredileri  (milyon TL), Dönem:2022/9",milyon TL,raw/2022-09_table06_group10001.json,53d6d02c79399da04a19954ddd19c55a8e25ba4c33cc8424b76bab23ec988d8a,raw/2022-09_table06_group10001_info.json,0802373cdefc7bbcddbfe78b5aeb6e09c109df67ef99a13b47ecc3cd72aef672,caption_and_validated_request_info,Sektör,2,Mikro İşletmelere Kullandırılan Krediler,,446561,24904,471465,19836,403,20238,105310,11725,117035,0
2022-09,6,KOBI Kredileri,10001,3,"KOBİ Kredileri  (milyon TL), Dönem:2022/9",milyon TL,raw/2022-09_table06_group10001.json,53d6d02c79399da04a19954ddd19c55a8e25ba4c33cc8424b76bab23ec988d8a,raw/2022-09_table06_group10001_info.json,0802373cdefc7bbcddbfe78b5aeb6e09c109df67ef99a13b47ecc3cd72aef672,caption_and_validated_request_info,Sektör,3,Küçük İşletmelere Kullandırılan Krediler,,488516,80549,569065,16175,1092,17267,153454,34043,187496,0
2022-09,6,KOBI Kredileri,10001,4,"KOBİ Kredileri  (milyon TL), Dönem:2022/9",milyon TL,raw/2022-09_table06_group10001.json,53d6d02c79399da04a19954ddd19c55a8e25ba4c33cc8424b76bab23ec988d8a,raw/2022-09_table06_group10001_info.json,0802373cdefc7bbcddbfe78b5aeb6e09c109df67ef99a13b47ecc3cd72aef672,caption_and_validated_request_info,Sektör,4,Orta Büyüklükteki İşletmelere Kullandırılan Krediler,,494860,176465,671325,21474,1020,22494,196037,97553,293590,0
2022-09,6,KOBI Kredileri,10001,5,"KOBİ Kredileri  (milyon TL), Dönem:2022/9",milyon TL,raw/2022-09_table06_group10001.json,53d6d02c79399da04a19954ddd19c55a8e25ba4c33cc8424b76bab23ec988d8a,raw/2022-09_table06_group10001_info.json,0802373cdefc7bbcddbfe78b5aeb6e09c109df67ef99a13b47ecc3cd72aef672,caption_and_validated_request_info,Sektör,5,Toplam KOBİ Niteliğindeki Müşteri Sayısı (6+7+8) (Adet),bold,4326761,21145,4347906,353636,149,353785,3062913,20397,3083310,5580079
2022-09,6,KOBI Kredileri,10001,6,"KOBİ Kredileri  (milyon TL), Dönem:2022/9",milyon TL,raw/2022-09_table06_group10001.json,53d6d02c79399da04a19954ddd19c55a8e25ba4c33cc8424b76bab23ec988d8a,raw/2022-09_table06_group10001_info.json,0802373cdefc7bbcddbfe78b5aeb6e09c109df67ef99a13b47ecc3cd72aef672,caption_and_validated_request_info,Sektör,6,Mikro İşletme Niteliğindeki Müşteri Sayısı (Adet),,3692133,4533,3696666,302394,14,302408,2444157,2630,2446787,4740638
2022-09,6,KOBI Kredileri,10001,7,"KOBİ Kredileri  (milyon TL), Dönem:2022/9",milyon TL,raw/2022-09_table06_group10001.json,53d6d02c79399da04a19954ddd19c55a8e25ba4c33cc8424b76bab23ec988d8a,raw/2022-09_table06_group10001_info.json,0802373cdefc7bbcddbfe78b5aeb6e09c109df67ef99a13b47ecc3cd72aef672,caption_and_validated_request_info,Sektör,7,Küçük İşletme Niteliğindeki Müşteri Sayısı (Adet),,498711,8227,506938,39834,79,39913,479956,8090,488046,650514
2022-09,6,KOBI Kredileri,10001,8,"KOBİ Kredileri  (milyon TL), Dönem:2022/9",milyon TL,raw/2022-09_table06_group10001.json,53d6d02c79399da04a19954ddd19c55a8e25ba4c33cc8424b76bab23ec988d8a,raw/2022-09_table06_group10001_info.json,0802373cdefc7bbcddbfe78b5aeb6e09c109df67ef99a13b47ecc3cd72aef672,caption_and_validated_request_info,Sektör,8,Orta Büyüklükteki İşletme Niteliğindeki Müşteri Sayısı (Adet),,135917,8385,144302,11408,56,11464,138800,9677,148477,188927
2022-10,6,KOBI Kredileri,10001,1,"KOBİ Kredileri  (milyon TL), Dönem:2022/10",milyon TL,raw/2022-10_table06_group10001.json,efcb0f917bd935711b176d6ee6af6ae3022f7c6b1ed6a7b01363180c73983356,raw/2022-10_table06_group10001_info.json,19e36c6544366fb808f7e90799cbec308810beb2597915b2310b77f66867a4b9,caption_and_validated_request_info,Sektör,1,Toplam KOBİ Kredileri (2+3+4),bold,1513230,275767,1788997,57076,2275,59351,494825,144051,638876,0
2022-10,6,KOBI Kredileri,10001,2,"KOBİ Kredileri  (milyon TL), Dönem:2022/10",milyon TL,raw/2022-10_table06_group10001.json,efcb0f917bd935711b176d6ee6af6ae3022f7c6b1ed6a7b01363180c73983356,raw/2022-10_table06_group10001_info.json,19e36c6544366fb808f7e90799cbec308810beb2597915b2310b77f66867a4b9,caption_and_validated_request_info,Sektör,2,Mikro İşletmelere Kullandırılan Krediler,,470591,23743,494334,19784,407,20191,118258,11804,130062,0
2022-10,6,KOBI Kredileri,10001,3,"KOBİ Kredileri  (milyon TL), Dönem:2022/10",milyon TL,raw/2022-10_table06_group10001.json,efcb0f917bd935711b176d6ee6af6ae3022f7c6b1ed6a7b01363180c73983356,raw/2022-10_table06_group10001_info.json,19e36c6544366fb808f7e90799cbec308810beb2597915b2310b77f66867a4b9,caption_and_validated_request_info,Sektör,3,Küçük İşletmelere Kullandırılan Krediler,,523286,77311,600596,16457,615,17072,166408,35205,201614,0
2022-10,6,KOBI Kredileri,10001,4,"KOBİ Kredileri  (milyon TL), Dönem:2022/10",milyon TL,raw/2022-10_table06_group10001.json,efcb0f917bd935711b176d6ee6af6ae3022f7c6b1ed6a7b01363180c73983356,raw/2022-10_table06_group10001_info.json,19e36c6544366fb808f7e90799cbec308810beb2597915b2310b77f66867a4b9,caption_and_validated_request_info,Sektör,4,Orta Büyüklükteki İşletmelere Kullandırılan Krediler,,519353,174713,694066,20835,1253,22088,210159,97042,307201,0
2022-10,6,KOBI Kredileri,10001,5,"KOBİ Kredileri  (milyon TL), Dönem:2022/10",milyon TL,raw/2022-10_table06_group10001.json,efcb0f917bd935711b176d6ee6af6ae3022f7c6b1ed6a7b01363180c73983356,raw/2022-10_table06_group10001_info.json,19e36c6544366fb808f7e90799cbec308810beb2597915b2310b77f66867a4b9,caption_and_validated_request_info,Sektör,5,Toplam KOBİ Niteliğindeki Müşteri Sayısı (6+7+8) (Adet),bold,4381038,21033,4402071,353804,151,353955,3150033,20471,3170504,5662722
2022-10,6,KOBI Kredileri,10001,6,"KOBİ Kredileri  (milyon TL), Dönem:2022/10",milyon TL,raw/2022-10_table06_group10001.json,efcb0f917bd935711b176d6ee6af6ae3022f7c6b1ed6a7b01363180c73983356,raw/2022-10_table06_group10001_info.json,19e36c6544366fb808f7e90799cbec308810beb2597915b2310b77f66867a4b9,caption_and_validated_request_info,Sektör,6,Mikro İşletme Niteliğindeki Müşteri Sayısı (Adet),,3731215,4578,3735793,303286,14,303300,2508459,2694,2511153,4800135
2022-10,6,KOBI Kredileri,10001,7,"KOBİ Kredileri  (milyon TL), Dönem:2022/10",milyon TL,raw/2022-10_table06_group10001.json,efcb0f917bd935711b176d6ee6af6ae3022f7c6b1ed6a7b01363180c73983356,raw/2022-10_table06_group10001_info.json,19e36c6544366fb808f7e90799cbec308810beb2597915b2310b77f66867a4b9,caption_and_validated_request_info,Sektör,7,Küçük İşletme Niteliğindeki Müşteri Sayısı (Adet),,510954,8124,519078,39392,79,39471,498413,8122,506535,668349
2022-10,6,KOBI Kredileri,10001,8,"KOBİ Kredileri  (milyon TL), Dönem:2022/10",milyon TL,raw/2022-10_table06_group10001.json,efcb0f917bd935711b176d6ee6af6ae3022f7c6b1ed6a7b01363180c73983356,raw/2022-10_table06_group10001_info.json,19e36c6544366fb808f7e90799cbec308810beb2597915b2310b77f66867a4b9,caption_and_validated_request_info,Sektör,8,Orta Büyüklükteki İşletme Niteliğindeki Müşteri Sayısı (Adet),,138869,8331,147200,11126,58,11184,143161,9655,152816,194238
2022-11,6,KOBI Kredileri,10001,1,"KOBİ Kredileri  (milyon TL), Dönem:2022/11",milyon TL,raw/2022-11_table06_group10001.json,4b4418530878653a91746ffa4dc7db709a26ace130308c5a977fa5e5fac59c66,raw/2022-11_table06_group10001_info.json,dd7cca4be27b6b27d643ec33482b7e72e13d876a55768b38583b42ebe09d1846,caption_and_validated_request_info,Sektör,1,Toplam KOBİ Kredileri (2+3+4),bold,1608561,280056,1888617,55947,2273,58220,528922,150810,679732,0
2022-11,6,KOBI Kredileri,10001,2,"KOBİ Kredileri  (milyon TL), Dönem:2022/11",milyon TL,raw/2022-11_table06_group10001.json,4b4418530878653a91746ffa4dc7db709a26ace130308c5a977fa5e5fac59c66,raw/2022-11_table06_group10001_info.json,dd7cca4be27b6b27d643ec33482b7e72e13d876a55768b38583b42ebe09d1846,caption_and_validated_request_info,Sektör,2,Mikro İşletmelere Kullandırılan Krediler,,513725,23951,537676,19030,419,19449,127408,13167,140575,0
2022-11,6,KOBI Kredileri,10001,3,"KOBİ Kredileri  (milyon TL), Dönem:2022/11",milyon TL,raw/2022-11_table06_group10001.json,4b4418530878653a91746ffa4dc7db709a26ace130308c5a977fa5e5fac59c66,raw/2022-11_table06_group10001_info.json,dd7cca4be27b6b27d643ec33482b7e72e13d876a55768b38583b42ebe09d1846,caption_and_validated_request_info,Sektör,3,Küçük İşletmelere Kullandırılan Krediler,,554635,77298,631933,16398,604,17002,177835,36397,214232,0
2022-11,6,KOBI Kredileri,10001,4,"KOBİ Kredileri  (milyon TL), Dönem:2022/11",milyon TL,raw/2022-11_table06_group10001.json,4b4418530878653a91746ffa4dc7db709a26ace130308c5a977fa5e5fac59c66,raw/2022-11_table06_group10001_info.json,dd7cca4be27b6b27d643ec33482b7e72e13d876a55768b38583b42ebe09d1846,caption_and_validated_request_info,Sektör,4,Orta Büyüklükteki İşletmelere Kullandırılan Krediler,,540201,178808,719008,20520,1250,21769,223678,101247,324925,0
2022-11,6,KOBI Kredileri,10001,5,"KOBİ Kredileri  (milyon TL), Dönem:2022/11",milyon TL,raw/2022-11_table06_group10001.json,4b4418530878653a91746ffa4dc7db709a26ace130308c5a977fa5e5fac59c66,raw/2022-11_table06_group10001_info.json,dd7cca4be27b6b27d643ec33482b7e72e13d876a55768b38583b42ebe09d1846,caption_and_validated_request_info,Sektör,5,Toplam KOBİ Niteliğindeki Müşteri Sayısı (6+7+8) (Adet),bold,4432512,20920,4453432,355343,143,355486,3240073,20660,3260733,5731844
2022-11,6,KOBI Kredileri,10001,6,"KOBİ Kredileri  (milyon TL), Dönem:2022/11",milyon TL,raw/2022-11_table06_group10001.json,4b4418530878653a91746ffa4dc7db709a26ace130308c5a977fa5e5fac59c66,raw/2022-11_table06_group10001_info.json,dd7cca4be27b6b27d643ec33482b7e72e13d876a55768b38583b42ebe09d1846,caption_and_validated_request_info,Sektör,6,Mikro İşletme Niteliğindeki Müşteri Sayısı (Adet),,3780195,4793,3784988,304987,13,305000,2594859,2804,2597663,4864752
2022-11,6,KOBI Kredileri,10001,7,"KOBİ Kredileri  (milyon TL), Dönem:2022/11",milyon TL,raw/2022-11_table06_group10001.json,4b4418530878653a91746ffa4dc7db709a26ace130308c5a977fa5e5fac59c66,raw/2022-11_table06_group10001_info.json,dd7cca4be27b6b27d643ec33482b7e72e13d876a55768b38583b42ebe09d1846,caption_and_validated_request_info,Sektör,7,Küçük İşletme Niteliğindeki Müşteri Sayısı (Adet),,515062,8062,523124,39290,74,39364,502977,8219,511196,674199
2022-11,6,KOBI Kredileri,10001,8,"KOBİ Kredileri  (milyon TL), Dönem:2022/11",milyon TL,raw/2022-11_table06_group10001.json,4b4418530878653a91746ffa4dc7db709a26ace130308c5a977fa5e5fac59c66,raw/2022-11_table06_group10001_info.json,dd7cca4be27b6b27d643ec33482b7e72e13d876a55768b38583b42ebe09d1846,caption_and_validated_request_info,Sektör,8,Orta Büyüklükteki İşletme Niteliğindeki Müşteri Sayısı (Adet),,137255,8065,145320,11066,56,11122,142237,9637,151874,192893
2022-12,6,KOBI Kredileri,10001,1,"KOBİ Kredileri  (milyon TL), Dönem:2022/12",milyon TL,raw/2022-12_table06_group10001.json,10d8a8c34c762d63e451ffd57b5e67c9aae71d9f23bc13da945fb234e58031ed,raw/2022-12_table06_group10001_info.json,e1ec4a9954eb44c485e7a8b290f5ab84732180eec4b64be4be047dcdbbcd53be,caption_and_validated_request_info,Sektör,1,Toplam KOBİ Kredileri (2+3+4),bold,1748303,280248,2028550,56567,1967,58534,567885,158774,726658,0
2022-12,6,KOBI Kredileri,10001,2,"KOBİ Kredileri  (milyon TL), Dönem:2022/12",milyon TL,raw/2022-12_table06_group10001.json,10d8a8c34c762d63e451ffd57b5e67c9aae71d9f23bc13da945fb234e58031ed,raw/2022-12_table06_group10001_info.json,e1ec4a9954eb44c485e7a8b290f5ab84732180eec4b64be4be047dcdbbcd53be,caption_and_validated_request_info,Sektör,2,Mikro İşletmelere Kullandırılan Krediler,,569797,23305,593102,18773,63,18837,137438,13532,150970,0
2022-12,6,KOBI Kredileri,10001,3,"KOBİ Kredileri  (milyon TL), Dönem:2022/12",milyon TL,raw/2022-12_table06_group10001.json,10d8a8c34c762d63e451ffd57b5e67c9aae71d9f23bc13da945fb234e58031ed,raw/2022-12_table06_group10001_info.json,e1ec4a9954eb44c485e7a8b290f5ab84732180eec4b64be4be047dcdbbcd53be,caption_and_validated_request_info,Sektör,3,Küçük İşletmelere Kullandırılan Krediler,,604530,75747,680277,16772,613,17386,188574,38757,227331,0
2022-12,6,KOBI Kredileri,10001,4,"KOBİ Kredileri  (milyon TL), Dönem:2022/12",milyon TL,raw/2022-12_table06_group10001.json,10d8a8c34c762d63e451ffd57b5e67c9aae71d9f23bc13da945fb234e58031ed,raw/2022-12_table06_group10001_info.json,e1ec4a9954eb44c485e7a8b290f5ab84732180eec4b64be4be047dcdbbcd53be,caption_and_validated_request_info,Sektör,4,Orta Büyüklükteki İşletmelere Kullandırılan Krediler,,573976,181195,755171,21021,1290,22312,241872,106484,348356,0
2022-12,6,KOBI Kredileri,10001,5,"KOBİ Kredileri  (milyon TL), Dönem:2022/12",milyon TL,raw/2022-12_table06_group10001.json,10d8a8c34c762d63e451ffd57b5e67c9aae71d9f23bc13da945fb234e58031ed,raw/2022-12_table06_group10001_info.json,e1ec4a9954eb44c485e7a8b290f5ab84732180eec4b64be4be047dcdbbcd53be,caption_and_validated_request_info,Sektör,5,Toplam KOBİ Niteliğindeki Müşteri Sayısı (6+7+8) (Adet),bold,4499805,20209,4520014,344517,140,344657,3293642,20557,3314199,5792447
2022-12,6,KOBI Kredileri,10001,6,"KOBİ Kredileri  (milyon TL), Dönem:2022/12",milyon TL,raw/2022-12_table06_group10001.json,10d8a8c34c762d63e451ffd57b5e67c9aae71d9f23bc13da945fb234e58031ed,raw/2022-12_table06_group10001_info.json,e1ec4a9954eb44c485e7a8b290f5ab84732180eec4b64be4be047dcdbbcd53be,caption_and_validated_request_info,Sektör,6,Mikro İşletme Niteliğindeki Müşteri Sayısı (Adet),,3844364,4880,3849244,295892,11,295903,2644530,2879,2647409,4924411
2022-12,6,KOBI Kredileri,10001,7,"KOBİ Kredileri  (milyon TL), Dönem:2022/12",milyon TL,raw/2022-12_table06_group10001.json,10d8a8c34c762d63e451ffd57b5e67c9aae71d9f23bc13da945fb234e58031ed,raw/2022-12_table06_group10001_info.json,e1ec4a9954eb44c485e7a8b290f5ab84732180eec4b64be4be047dcdbbcd53be,caption_and_validated_request_info,Sektör,7,Küçük İşletme Niteliğindeki Müşteri Sayısı (Adet),,519308,7761,527069,37946,75,38021,507017,8170,515187,677077
2022-12,6,KOBI Kredileri,10001,8,"KOBİ Kredileri  (milyon TL), Dönem:2022/12",milyon TL,raw/2022-12_table06_group10001.json,10d8a8c34c762d63e451ffd57b5e67c9aae71d9f23bc13da945fb234e58031ed,raw/2022-12_table06_group10001_info.json,e1ec4a9954eb44c485e7a8b290f5ab84732180eec4b64be4be047dcdbbcd53be,caption_and_validated_request_info,Sektör,8,Orta Büyüklükteki İşletme Niteliğindeki Müşteri Sayısı (Adet),,136133,7568,143701,10679,54,10733,142095,9508,151603,190959
2023-01,6,KOBI Kredileri,10001,1,"KOBİ Kredileri  (milyon TL), Dönem:2023/1",milyon TL,raw/2023-01_table06_group10001.json,1c0dd0dc58492e526b892fbf5e3ad678773f03157563f9c29ef9a9c04f593c09,raw/2023-01_table06_group10001_info.json,feacdb795dd65c423290e1cc749085ec0d9a0a733d3cd5ce83979b1539f9b0db,caption_and_validated_request_info,Sektör,1,Toplam KOBİ Kredileri (2+3+4),bold,1833976,264940,2098916,53999,1628,55626,621700,158949,780649,0
2023-01,6,KOBI Kredileri,10001,2,"KOBİ Kredileri  (milyon TL), Dönem:2023/1",milyon TL,raw/2023-01_table06_group10001.json,1c0dd0dc58492e526b892fbf5e3ad678773f03157563f9c29ef9a9c04f593c09,raw/2023-01_table06_group10001_info.json,feacdb795dd65c423290e1cc749085ec0d9a0a733d3cd5ce83979b1539f9b0db,caption_and_validated_request_info,Sektör,2,Mikro İşletmelere Kullandırılan Krediler,,607886,23973,631859,18911,53,18964,158882,15165,174048,0
2023-01,6,KOBI Kredileri,10001,3,"KOBİ Kredileri  (milyon TL), Dönem:2023/1",milyon TL,raw/2023-01_table06_group10001.json,1c0dd0dc58492e526b892fbf5e3ad678773f03157563f9c29ef9a9c04f593c09,raw/2023-01_table06_group10001_info.json,feacdb795dd65c423290e1cc749085ec0d9a0a733d3cd5ce83979b1539f9b0db,caption_and_validated_request_info,Sektör,3,Küçük İşletmelere Kullandırılan Krediler,,624558,74561,699120,15594,593,16187,203514,37782,241296,0
2023-01,6,KOBI Kredileri,10001,4,"KOBİ Kredileri  (milyon TL), Dönem:2023/1",milyon TL,raw/2023-01_table06_group10001.json,1c0dd0dc58492e526b892fbf5e3ad678773f03157563f9c29ef9a9c04f593c09,raw/2023-01_table06_group10001_info.json,feacdb795dd65c423290e1cc749085ec0d9a0a733d3cd5ce83979b1539f9b0db,caption_and_validated_request_info,Sektör,4,Orta Büyüklükteki İşletmelere Kullandırılan Krediler,,601531,166406,767937,19493,982,20475,259304,106002,365306,0
2023-01,6,KOBI Kredileri,10001,5,"KOBİ Kredileri  (milyon TL), Dönem:2023/1",milyon TL,raw/2023-01_table06_group10001.json,1c0dd0dc58492e526b892fbf5e3ad678773f03157563f9c29ef9a9c04f593c09,raw/2023-01_table06_group10001_info.json,feacdb795dd65c423290e1cc749085ec0d9a0a733d3cd5ce83979b1539f9b0db,caption_and_validated_request_info,Sektör,5,Toplam KOBİ Niteliğindeki Müşteri Sayısı (6+7+8) (Adet),bold,4541070,19829,4560899,346197,144,346341,3362287,20199,3382486,5858531
2023-01,6,KOBI Kredileri,10001,6,"KOBİ Kredileri  (milyon TL), Dönem:2023/1",milyon TL,raw/2023-01_table06_group10001.json,1c0dd0dc58492e526b892fbf5e3ad678773f03157563f9c29ef9a9c04f593c09,raw/2023-01_table06_group10001_info.json,feacdb795dd65c423290e1cc749085ec0d9a0a733d3cd5ce83979b1539f9b0db,caption_and_validated_request_info,Sektör,6,Mikro İşletme Niteliğindeki Müşteri Sayısı (Adet),,3879931,4906,3884837,298477,13,298490,2700486,2828,2703314,4981961
2023-01,6,KOBI Kredileri,10001,7,"KOBİ Kredileri  (milyon TL), Dönem:2023/1",milyon TL,raw/2023-01_table06_group10001.json,1c0dd0dc58492e526b892fbf5e3ad678773f03157563f9c29ef9a9c04f593c09,raw/2023-01_table06_group10001_info.json,feacdb795dd65c423290e1cc749085ec0d9a0a733d3cd5ce83979b1539f9b0db,caption_and_validated_request_info,Sektör,7,Küçük İşletme Niteliğindeki Müşteri Sayısı (Adet),,521697,7621,529318,37249,76,37325,516520,7923,524443,681493
2023-01,6,KOBI Kredileri,10001,8,"KOBİ Kredileri  (milyon TL), Dönem:2023/1",milyon TL,raw/2023-01_table06_group10001.json,1c0dd0dc58492e526b892fbf5e3ad678773f03157563f9c29ef9a9c04f593c09,raw/2023-01_table06_group10001_info.json,feacdb795dd65c423290e1cc749085ec0d9a0a733d3cd5ce83979b1539f9b0db,caption_and_validated_request_info,Sektör,8,Orta Büyüklükteki İşletme Niteliğindeki Müşteri Sayısı (Adet),,139442,7302,146744,10471,55,10526,145281,9448,154729,195077
2023-02,6,KOBI Kredileri,10001,1,"KOBİ Kredileri  (milyon TL), Dönem:2023/2",milyon TL,raw/2023-02_table06_group10001.json,866f2698c7c31ccbeddaa5748a9bfc73055e256fb4858e41c05502c33e32b8cf,raw/2023-02_table06_group10001_info.json,994c1dd04a64d76d7298cd4fd24e234feff756d675fadbb51e3971a48e8b9222,caption_and_validated_request_info,Sektör,1,Toplam KOBİ Kredileri (2+3+4),bold,1932768,263590,2196357,51975,1220,53195,667497,159598,827095,0
2023-02,6,KOBI Kredileri,10001,2,"KOBİ Kredileri  (milyon TL), Dönem:2023/2",milyon TL,raw/2023-02_table06_group10001.json,866f2698c7c31ccbeddaa5748a9bfc73055e256fb4858e41c05502c33e32b8cf,raw/2023-02_table06_group10001_info.json,994c1dd04a64d76d7298cd4fd24e234feff756d675fadbb51e3971a48e8b9222,caption_and_validated_request_info,Sektör,2,Mikro İşletmelere Kullandırılan Krediler,,665923,23005,688928,18379,53,18431,174394,16184,190579,0
2023-02,6,KOBI Kredileri,10001,3,"KOBİ Kredileri  (milyon TL), Dönem:2023/2",milyon TL,raw/2023-02_table06_group10001.json,866f2698c7c31ccbeddaa5748a9bfc73055e256fb4858e41c05502c33e32b8cf,raw/2023-02_table06_group10001_info.json,994c1dd04a64d76d7298cd4fd24e234feff756d675fadbb51e3971a48e8b9222,caption_and_validated_request_info,Sektör,3,Küçük İşletmelere Kullandırılan Krediler,,659588,75352,734941,15449,579,16029,218966,38507,257473,0
2023-02,6,KOBI Kredileri,10001,4,"KOBİ Kredileri  (milyon TL), Dönem:2023/2",milyon TL,raw/2023-02_table06_group10001.json,866f2698c7c31ccbeddaa5748a9bfc73055e256fb4858e41c05502c33e32b8cf,raw/2023-02_table06_group10001_info.json,994c1dd04a64d76d7298cd4fd24e234feff756d675fadbb51e3971a48e8b9222,caption_and_validated_request_info,Sektör,4,Orta Büyüklükteki İşletmelere Kullandırılan Krediler,,607256,165232,772488,18147,588,18735,274137,104907,379043,0
2023-02,6,KOBI Kredileri,10001,5,"KOBİ Kredileri  (milyon TL), Dönem:2023/2",milyon TL,raw/2023-02_table06_group10001.json,866f2698c7c31ccbeddaa5748a9bfc73055e256fb4858e41c05502c33e32b8cf,raw/2023-02_table06_group10001_info.json,994c1dd04a64d76d7298cd4fd24e234feff756d675fadbb51e3971a48e8b9222,caption_and_validated_request_info,Sektör,5,Toplam KOBİ Niteliğindeki Müşteri Sayısı (6+7+8) (Adet),bold,4582553,19638,4602191,342798,134,342932,3386598,20357,3406955,5914374
2023-02,6,KOBI Kredileri,10001,6,"KOBİ Kredileri  (milyon TL), Dönem:2023/2",milyon TL,raw/2023-02_table06_group10001.json,866f2698c7c31ccbeddaa5748a9bfc73055e256fb4858e41c05502c33e32b8cf,raw/2023-02_table06_group10001_info.json,994c1dd04a64d76d7298cd4fd24e234feff756d675fadbb51e3971a48e8b9222,caption_and_validated_request_info,Sektör,6,Mikro İşletme Niteliğindeki Müşteri Sayısı (Adet),,3931602,4881,3936483,295613,11,295624,2730283,3024,2733307,5046261
2023-02,6,KOBI Kredileri,10001,7,"KOBİ Kredileri  (milyon TL), Dönem:2023/2",milyon TL,raw/2023-02_table06_group10001.json,866f2698c7c31ccbeddaa5748a9bfc73055e256fb4858e41c05502c33e32b8cf,raw/2023-02_table06_group10001_info.json,994c1dd04a64d76d7298cd4fd24e234feff756d675fadbb51e3971a48e8b9222,caption_and_validated_request_info,Sektör,7,Küçük İşletme Niteliğindeki Müşteri Sayısı (Adet),,517747,7563,525310,36974,74,37048,515061,8121,523182,679796
2023-02,6,KOBI Kredileri,10001,8,"KOBİ Kredileri  (milyon TL), Dönem:2023/2",milyon TL,raw/2023-02_table06_group10001.json,866f2698c7c31ccbeddaa5748a9bfc73055e256fb4858e41c05502c33e32b8cf,raw/2023-02_table06_group10001_info.json,994c1dd04a64d76d7298cd4fd24e234feff756d675fadbb51e3971a48e8b9222,caption_and_validated_request_info,Sektör,8,Orta Büyüklükteki İşletme Niteliğindeki Müşteri Sayısı (Adet),,133204,7194,140398,10211,49,10260,141254,9212,150466,188317
2023-03,6,KOBI Kredileri,10001,1,"KOBİ Kredileri  (milyon TL), Dönem:2023/3",milyon TL,raw/2023-03_table06_group10001.json,3c995dac9e587be3a6b2f58d9e99a202320873169eb6845801dcfb70c77b4853,raw/2023-03_table06_group10001_info.json,3ee3a2fd66d52aaa62144f762a08e9b5cfab75bcd91162514390d75c4b83d3e3,caption_and_validated_request_info,Sektör,1,Toplam KOBİ Kredileri (2+3+4),bold,2100707,266965,2367671,51044,1242,52286,722772,167620,890392,0
2023-03,6,KOBI Kredileri,10001,2,"KOBİ Kredileri  (milyon TL), Dönem:2023/3",milyon TL,raw/2023-03_table06_group10001.json,3c995dac9e587be3a6b2f58d9e99a202320873169eb6845801dcfb70c77b4853,raw/2023-03_table06_group10001_info.json,3ee3a2fd66d52aaa62144f762a08e9b5cfab75bcd91162514390d75c4b83d3e3,caption_and_validated_request_info,Sektör,2,Mikro İşletmelere Kullandırılan Krediler,,728972,25983,754955,18465,53,18518,193317,15371,208688,0
2023-03,6,KOBI Kredileri,10001,3,"KOBİ Kredileri  (milyon TL), Dönem:2023/3",milyon TL,raw/2023-03_table06_group10001.json,3c995dac9e587be3a6b2f58d9e99a202320873169eb6845801dcfb70c77b4853,raw/2023-03_table06_group10001_info.json,3ee3a2fd66d52aaa62144f762a08e9b5cfab75bcd91162514390d75c4b83d3e3,caption_and_validated_request_info,Sektör,3,Küçük İşletmelere Kullandırılan Krediler,,718604,77460,796064,15374,489,15863,234620,40549,275170,0
2023-03,6,KOBI Kredileri,10001,4,"KOBİ Kredileri  (milyon TL), Dönem:2023/3",milyon TL,raw/2023-03_table06_group10001.json,3c995dac9e587be3a6b2f58d9e99a202320873169eb6845801dcfb70c77b4853,raw/2023-03_table06_group10001_info.json,3ee3a2fd66d52aaa62144f762a08e9b5cfab75bcd91162514390d75c4b83d3e3,caption_and_validated_request_info,Sektör,4,Orta Büyüklükteki İşletmelere Kullandırılan Krediler,,653130,163523,816653,17205,699,17904,294835,111700,406535,0
2023-03,6,KOBI Kredileri,10001,5,"KOBİ Kredileri  (milyon TL), Dönem:2023/3",milyon TL,raw/2023-03_table06_group10001.json,3c995dac9e587be3a6b2f58d9e99a202320873169eb6845801dcfb70c77b4853,raw/2023-03_table06_group10001_info.json,3ee3a2fd66d52aaa62144f762a08e9b5cfab75bcd91162514390d75c4b83d3e3,caption_and_validated_request_info,Sektör,5,Toplam KOBİ Niteliğindeki Müşteri Sayısı (6+7+8) (Adet),bold,4641470,19534,4661004,347504,129,347633,3471875,20617,3492492,5994787
2023-03,6,KOBI Kredileri,10001,6,"KOBİ Kredileri  (milyon TL), Dönem:2023/3",milyon TL,raw/2023-03_table06_group10001.json,3c995dac9e587be3a6b2f58d9e99a202320873169eb6845801dcfb70c77b4853,raw/2023-03_table06_group10001_info.json,3ee3a2fd66d52aaa62144f762a08e9b5cfab75bcd91162514390d75c4b83d3e3,caption_and_validated_request_info,Sektör,6,Mikro İşletme Niteliğindeki Müşteri Sayısı (Adet),,3990686,5114,3995800,300671,11,300682,2811068,3096,2814164,5125106
2023-03,6,KOBI Kredileri,10001,7,"KOBİ Kredileri  (milyon TL), Dönem:2023/3",milyon TL,raw/2023-03_table06_group10001.json,3c995dac9e587be3a6b2f58d9e99a202320873169eb6845801dcfb70c77b4853,raw/2023-03_table06_group10001_info.json,3ee3a2fd66d52aaa62144f762a08e9b5cfab75bcd91162514390d75c4b83d3e3,caption_and_validated_request_info,Sektör,7,Küçük İşletme Niteliğindeki Müşteri Sayısı (Adet),,518874,7422,526296,36703,68,36771,519423,8250,527673,682431
2023-03,6,KOBI Kredileri,10001,8,"KOBİ Kredileri  (milyon TL), Dönem:2023/3",milyon TL,raw/2023-03_table06_group10001.json,3c995dac9e587be3a6b2f58d9e99a202320873169eb6845801dcfb70c77b4853,raw/2023-03_table06_group10001_info.json,3ee3a2fd66d52aaa62144f762a08e9b5cfab75bcd91162514390d75c4b83d3e3,caption_and_validated_request_info,Sektör,8,Orta Büyüklükteki İşletme Niteliğindeki Müşteri Sayısı (Adet),,131910,6998,138908,10130,50,10180,141384,9271,150655,187250
2023-04,6,KOBI Kredileri,10001,1,"KOBİ Kredileri  (milyon TL), Dönem:2023/4",milyon TL,raw/2023-04_table06_group10001.json,f1ba480f787a2e1ea58d121dc6f0f2f95701ce83b70cd9fc7161742e24d9209f,raw/2023-04_table06_group10001_info.json,52d68b1f38175578627aea629727f3d629884325cb310558d254967e561b3f1d,caption_and_validated_request_info,Sektör,1,Toplam KOBİ Kredileri (2+3+4),bold,2269860,271017,2540877,53992,1149,55141,770644,171849,942493,0
2023-04,6,KOBI Kredileri,10001,2,"KOBİ Kredileri  (milyon TL), Dönem:2023/4",milyon TL,raw/2023-04_table06_group10001.json,f1ba480f787a2e1ea58d121dc6f0f2f95701ce83b70cd9fc7161742e24d9209f,raw/2023-04_table06_group10001_info.json,52d68b1f38175578627aea629727f3d629884325cb310558d254967e561b3f1d,caption_and_validated_request_info,Sektör,2,Mikro İşletmelere Kullandırılan Krediler,,783045,25333,808378,18648,55,18702,204664,17585,222249,0
2023-04,6,KOBI Kredileri,10001,3,"KOBİ Kredileri  (milyon TL), Dönem:2023/4",milyon TL,raw/2023-04_table06_group10001.json,f1ba480f787a2e1ea58d121dc6f0f2f95701ce83b70cd9fc7161742e24d9209f,raw/2023-04_table06_group10001_info.json,52d68b1f38175578627aea629727f3d629884325cb310558d254967e561b3f1d,caption_and_validated_request_info,Sektör,3,Küçük İşletmelere Kullandırılan Krediler,,781081,84057,865138,15844,436,16280,251678,41069,292747,0
2023-04,6,KOBI Kredileri,10001,4,"KOBİ Kredileri  (milyon TL), Dönem:2023/4",milyon TL,raw/2023-04_table06_group10001.json,f1ba480f787a2e1ea58d121dc6f0f2f95701ce83b70cd9fc7161742e24d9209f,raw/2023-04_table06_group10001_info.json,52d68b1f38175578627aea629727f3d629884325cb310558d254967e561b3f1d,caption_and_validated_request_info,Sektör,4,Orta Büyüklükteki İşletmelere Kullandırılan Krediler,,705735,161626,867360,19500,658,20159,314302,113195,427497,0
2023-04,6,KOBI Kredileri,10001,5,"KOBİ Kredileri  (milyon TL), Dönem:2023/4",milyon TL,raw/2023-04_table06_group10001.json,f1ba480f787a2e1ea58d121dc6f0f2f95701ce83b70cd9fc7161742e24d9209f,raw/2023-04_table06_group10001_info.json,52d68b1f38175578627aea629727f3d629884325cb310558d254967e561b3f1d,caption_and_validated_request_info,Sektör,5,Toplam KOBİ Niteliğindeki Müşteri Sayısı (6+7+8) (Adet),bold,4645300,19483,4664783,349375,123,349498,3518800,20837,3539637,6031515
2023-04,6,KOBI Kredileri,10001,6,"KOBİ Kredileri  (milyon TL), Dönem:2023/4",milyon TL,raw/2023-04_table06_group10001.json,f1ba480f787a2e1ea58d121dc6f0f2f95701ce83b70cd9fc7161742e24d9209f,raw/2023-04_table06_group10001_info.json,52d68b1f38175578627aea629727f3d629884325cb310558d254967e561b3f1d,caption_and_validated_request_info,Sektör,6,Mikro İşletme Niteliğindeki Müşteri Sayısı (Adet),,3996489,5368,4001857,302749,11,302760,2854458,3216,2857674,5156990
2023-04,6,KOBI Kredileri,10001,7,"KOBİ Kredileri  (milyon TL), Dönem:2023/4",milyon TL,raw/2023-04_table06_group10001.json,f1ba480f787a2e1ea58d121dc6f0f2f95701ce83b70cd9fc7161742e24d9209f,raw/2023-04_table06_group10001_info.json,52d68b1f38175578627aea629727f3d629884325cb310558d254967e561b3f1d,caption_and_validated_request_info,Sektör,7,Küçük İşletme Niteliğindeki Müşteri Sayısı (Adet),,518725,7309,526034,36556,62,36618,523525,8363,531888,687860
2023-04,6,KOBI Kredileri,10001,8,"KOBİ Kredileri  (milyon TL), Dönem:2023/4",milyon TL,raw/2023-04_table06_group10001.json,f1ba480f787a2e1ea58d121dc6f0f2f95701ce83b70cd9fc7161742e24d9209f,raw/2023-04_table06_group10001_info.json,52d68b1f38175578627aea629727f3d629884325cb310558d254967e561b3f1d,caption_and_validated_request_info,Sektör,8,Orta Büyüklükteki İşletme Niteliğindeki Müşteri Sayısı (Adet),,130086,6806,136892,10070,50,10120,140817,9258,150075,186665
2023-05,6,KOBI Kredileri,10001,1,"KOBİ Kredileri  (milyon TL), Dönem:2023/5",milyon TL,raw/2023-05_table06_group10001.json,86ae8752ba1ccaa14aa45b4cb8544664ca7f30f6d37310cd0ba22491a4003ffd,raw/2023-05_table06_group10001_info.json,379c7c47834d1f93ca1ff509ccc4364142858bdc62d4f1bcd46fd7e3e7139614,caption_and_validated_request_info,Sektör,1,Toplam KOBİ Kredileri (2+3+4),bold,2420030,312794,2732824,51892,1016,52908,818333,204432,1022766,0
2023-05,6,KOBI Kredileri,10001,2,"KOBİ Kredileri  (milyon TL), Dönem:2023/5",milyon TL,raw/2023-05_table06_group10001.json,86ae8752ba1ccaa14aa45b4cb8544664ca7f30f6d37310cd0ba22491a4003ffd,raw/2023-05_table06_group10001_info.json,379c7c47834d1f93ca1ff509ccc4364142858bdc62d4f1bcd46fd7e3e7139614,caption_and_validated_request_info,Sektör,2,Mikro İşletmelere Kullandırılan Krediler,,881760,28958,910718,18024,80,18103,214931,20892,235823,0
2023-05,6,KOBI Kredileri,10001,3,"KOBİ Kredileri  (milyon TL), Dönem:2023/5",milyon TL,raw/2023-05_table06_group10001.json,86ae8752ba1ccaa14aa45b4cb8544664ca7f30f6d37310cd0ba22491a4003ffd,raw/2023-05_table06_group10001_info.json,379c7c47834d1f93ca1ff509ccc4364142858bdc62d4f1bcd46fd7e3e7139614,caption_and_validated_request_info,Sektör,3,Küçük İşletmelere Kullandırılan Krediler,,797431,94082,891513,15412,444,15856,264894,45986,310881,0
2023-05,6,KOBI Kredileri,10001,4,"KOBİ Kredileri  (milyon TL), Dönem:2023/5",milyon TL,raw/2023-05_table06_group10001.json,86ae8752ba1ccaa14aa45b4cb8544664ca7f30f6d37310cd0ba22491a4003ffd,raw/2023-05_table06_group10001_info.json,379c7c47834d1f93ca1ff509ccc4364142858bdc62d4f1bcd46fd7e3e7139614,caption_and_validated_request_info,Sektör,4,Orta Büyüklükteki İşletmelere Kullandırılan Krediler,,740839,189754,930593,18456,492,18948,338509,137553,476062,0
2023-05,6,KOBI Kredileri,10001,5,"KOBİ Kredileri  (milyon TL), Dönem:2023/5",milyon TL,raw/2023-05_table06_group10001.json,86ae8752ba1ccaa14aa45b4cb8544664ca7f30f6d37310cd0ba22491a4003ffd,raw/2023-05_table06_group10001_info.json,379c7c47834d1f93ca1ff509ccc4364142858bdc62d4f1bcd46fd7e3e7139614,caption_and_validated_request_info,Sektör,5,Toplam KOBİ Niteliğindeki Müşteri Sayısı (6+7+8) (Adet),bold,4681811,19676,4701487,339827,102,339929,3565484,21628,3587112,6083836
2023-05,6,KOBI Kredileri,10001,6,"KOBİ Kredileri  (milyon TL), Dönem:2023/5",milyon TL,raw/2023-05_table06_group10001.json,86ae8752ba1ccaa14aa45b4cb8544664ca7f30f6d37310cd0ba22491a4003ffd,raw/2023-05_table06_group10001_info.json,379c7c47834d1f93ca1ff509ccc4364142858bdc62d4f1bcd46fd7e3e7139614,caption_and_validated_request_info,Sektör,6,Mikro İşletme Niteliğindeki Müşteri Sayısı (Adet),,4089680,5595,4095275,299510,13,299523,2958344,3630,2961974,5278702
2023-05,6,KOBI Kredileri,10001,7,"KOBİ Kredileri  (milyon TL), Dönem:2023/5",milyon TL,raw/2023-05_table06_group10001.json,86ae8752ba1ccaa14aa45b4cb8544664ca7f30f6d37310cd0ba22491a4003ffd,raw/2023-05_table06_group10001_info.json,379c7c47834d1f93ca1ff509ccc4364142858bdc62d4f1bcd46fd7e3e7139614,caption_and_validated_request_info,Sektör,7,Küçük İşletme Niteliğindeki Müşteri Sayısı (Adet),,470209,7095,477304,29796,51,29847,472865,8452,481317,624360
2023-05,6,KOBI Kredileri,10001,8,"KOBİ Kredileri  (milyon TL), Dönem:2023/5",milyon TL,raw/2023-05_table06_group10001.json,86ae8752ba1ccaa14aa45b4cb8544664ca7f30f6d37310cd0ba22491a4003ffd,raw/2023-05_table06_group10001_info.json,379c7c47834d1f93ca1ff509ccc4364142858bdc62d4f1bcd46fd7e3e7139614,caption_and_validated_request_info,Sektör,8,Orta Büyüklükteki İşletme Niteliğindeki Müşteri Sayısı (Adet),,121922,6986,128908,10521,38,10559,134275,9546,143821,180774
2023-06,6,KOBI Kredileri,10001,1,"KOBİ Kredileri  (milyon TL), Dönem:2023/6",milyon TL,raw/2023-06_table06_group10001.json,1d4194d8b82f664a943486334267c16e3759b96b3b34d4f83607a9264cea871c,raw/2023-06_table06_group10001_info.json,27a749ffbb25034bf08bf58c071c3b2d9a20417f2643e3ea3aecb380da25043a,caption_and_validated_request_info,Sektör,1,Toplam KOBİ Kredileri (2+3+4),bold,2437786,393889,2831675,50848,1316,52164,853488,257869,1111357,0
2023-06,6,KOBI Kredileri,10001,2,"KOBİ Kredileri  (milyon TL), Dönem:2023/6",milyon TL,raw/2023-06_table06_group10001.json,1d4194d8b82f664a943486334267c16e3759b96b3b34d4f83607a9264cea871c,raw/2023-06_table06_group10001_info.json,27a749ffbb25034bf08bf58c071c3b2d9a20417f2643e3ea3aecb380da25043a,caption_and_validated_request_info,Sektör,2,Mikro İşletmelere Kullandırılan Krediler,,869067,30362,899429,17876,101,17977,223896,20438,244334,0
2023-06,6,KOBI Kredileri,10001,3,"KOBİ Kredileri  (milyon TL), Dönem:2023/6",milyon TL,raw/2023-06_table06_group10001.json,1d4194d8b82f664a943486334267c16e3759b96b3b34d4f83607a9264cea871c,raw/2023-06_table06_group10001_info.json,27a749ffbb25034bf08bf58c071c3b2d9a20417f2643e3ea3aecb380da25043a,caption_and_validated_request_info,Sektör,3,Küçük İşletmelere Kullandırılan Krediler,,802519,122260,924778,15499,563,16062,274250,61837,336086,0
2023-06,6,KOBI Kredileri,10001,4,"KOBİ Kredileri  (milyon TL), Dönem:2023/6",milyon TL,raw/2023-06_table06_group10001.json,1d4194d8b82f664a943486334267c16e3759b96b3b34d4f83607a9264cea871c,raw/2023-06_table06_group10001_info.json,27a749ffbb25034bf08bf58c071c3b2d9a20417f2643e3ea3aecb380da25043a,caption_and_validated_request_info,Sektör,4,Orta Büyüklükteki İşletmelere Kullandırılan Krediler,,766201,241267,1007468,17473,653,18125,355342,175594,530936,0
2023-06,6,KOBI Kredileri,10001,5,"KOBİ Kredileri  (milyon TL), Dönem:2023/6",milyon TL,raw/2023-06_table06_group10001.json,1d4194d8b82f664a943486334267c16e3759b96b3b34d4f83607a9264cea871c,raw/2023-06_table06_group10001_info.json,27a749ffbb25034bf08bf58c071c3b2d9a20417f2643e3ea3aecb380da25043a,caption_and_validated_request_info,Sektör,5,Toplam KOBİ Niteliğindeki Müşteri Sayısı (6+7+8) (Adet),bold,4667964,23122,4691086,346359,103,346462,3618996,35713,3654709,6075369
2023-06,6,KOBI Kredileri,10001,6,"KOBİ Kredileri  (milyon TL), Dönem:2023/6",milyon TL,raw/2023-06_table06_group10001.json,1d4194d8b82f664a943486334267c16e3759b96b3b34d4f83607a9264cea871c,raw/2023-06_table06_group10001_info.json,27a749ffbb25034bf08bf58c071c3b2d9a20417f2643e3ea3aecb380da25043a,caption_and_validated_request_info,Sektör,6,Mikro İşletme Niteliğindeki Müşteri Sayısı (Adet),,4070399,6627,4077026,298979,14,298993,2993963,10197,3004160,5270123
2023-06,6,KOBI Kredileri,10001,7,"KOBİ Kredileri  (milyon TL), Dönem:2023/6",milyon TL,raw/2023-06_table06_group10001.json,1d4194d8b82f664a943486334267c16e3759b96b3b34d4f83607a9264cea871c,raw/2023-06_table06_group10001_info.json,27a749ffbb25034bf08bf58c071c3b2d9a20417f2643e3ea3aecb380da25043a,caption_and_validated_request_info,Sektör,7,Küçük İşletme Niteliğindeki Müşteri Sayısı (Adet),,472417,8427,480844,35992,50,36042,488836,14056,502892,627415
2023-06,6,KOBI Kredileri,10001,8,"KOBİ Kredileri  (milyon TL), Dönem:2023/6",milyon TL,raw/2023-06_table06_group10001.json,1d4194d8b82f664a943486334267c16e3759b96b3b34d4f83607a9264cea871c,raw/2023-06_table06_group10001_info.json,27a749ffbb25034bf08bf58c071c3b2d9a20417f2643e3ea3aecb380da25043a,caption_and_validated_request_info,Sektör,8,Orta Büyüklükteki İşletme Niteliğindeki Müşteri Sayısı (Adet),,125148,8068,133216,11388,39,11427,136197,11460,147657,177831
2023-07,6,KOBI Kredileri,10001,1,"KOBİ Kredileri  (milyon TL), Dönem:2023/7",milyon TL,raw/2023-07_table06_group10001.json,11d2c80e2bc4b248776983a7935f49314bae7ec380aeb978b128b8d66aff7795,raw/2023-07_table06_group10001_info.json,248d65f33cdbb558ce798136d8da11cb19bf91f0779ad8a5e9792375f6da2f41,caption_and_validated_request_info,Sektör,1,Toplam KOBİ Kredileri (2+3+4),bold,2478441,389727,2868167,50273,2070,52343,893188,267201,1160389,0
2023-07,6,KOBI Kredileri,10001,2,"KOBİ Kredileri  (milyon TL), Dönem:2023/7",milyon TL,raw/2023-07_table06_group10001.json,11d2c80e2bc4b248776983a7935f49314bae7ec380aeb978b128b8d66aff7795,raw/2023-07_table06_group10001_info.json,248d65f33cdbb558ce798136d8da11cb19bf91f0779ad8a5e9792375f6da2f41,caption_and_validated_request_info,Sektör,2,Mikro İşletmelere Kullandırılan Krediler,,864911,31044,895956,17922,106,18029,236035,19771,255806,0
2023-07,6,KOBI Kredileri,10001,3,"KOBİ Kredileri  (milyon TL), Dönem:2023/7",milyon TL,raw/2023-07_table06_group10001.json,11d2c80e2bc4b248776983a7935f49314bae7ec380aeb978b128b8d66aff7795,raw/2023-07_table06_group10001_info.json,248d65f33cdbb558ce798136d8da11cb19bf91f0779ad8a5e9792375f6da2f41,caption_and_validated_request_info,Sektör,3,Küçük İşletmelere Kullandırılan Krediler,,821533,107226,928759,15568,535,16103,283690,63898,347588,0
2023-07,6,KOBI Kredileri,10001,4,"KOBİ Kredileri  (milyon TL), Dönem:2023/7",milyon TL,raw/2023-07_table06_group10001.json,11d2c80e2bc4b248776983a7935f49314bae7ec380aeb978b128b8d66aff7795,raw/2023-07_table06_group10001_info.json,248d65f33cdbb558ce798136d8da11cb19bf91f0779ad8a5e9792375f6da2f41,caption_and_validated_request_info,Sektör,4,Orta Büyüklükteki İşletmelere Kullandırılan Krediler,,791996,251457,1043453,16782,1429,18211,373464,183532,556996,0
2023-07,6,KOBI Kredileri,10001,5,"KOBİ Kredileri  (milyon TL), Dönem:2023/7",milyon TL,raw/2023-07_table06_group10001.json,11d2c80e2bc4b248776983a7935f49314bae7ec380aeb978b128b8d66aff7795,raw/2023-07_table06_group10001_info.json,248d65f33cdbb558ce798136d8da11cb19bf91f0779ad8a5e9792375f6da2f41,caption_and_validated_request_info,Sektör,5,Toplam KOBİ Niteliğindeki Müşteri Sayısı (6+7+8) (Adet),bold,4569245,19579,4588824,328417,105,328522,3577571,21477,3599048,5977986
2023-07,6,KOBI Kredileri,10001,6,"KOBİ Kredileri  (milyon TL), Dönem:2023/7",milyon TL,raw/2023-07_table06_group10001.json,11d2c80e2bc4b248776983a7935f49314bae7ec380aeb978b128b8d66aff7795,raw/2023-07_table06_group10001_info.json,248d65f33cdbb558ce798136d8da11cb19bf91f0779ad8a5e9792375f6da2f41,caption_and_validated_request_info,Sektör,6,Mikro İşletme Niteliğindeki Müşteri Sayısı (Adet),,3972450,5442,3977892,292136,15,292151,2964512,3272,2967784,5179290
2023-07,6,KOBI Kredileri,10001,7,"KOBİ Kredileri  (milyon TL), Dönem:2023/7",milyon TL,raw/2023-07_table06_group10001.json,11d2c80e2bc4b248776983a7935f49314bae7ec380aeb978b128b8d66aff7795,raw/2023-07_table06_group10001_info.json,248d65f33cdbb558ce798136d8da11cb19bf91f0779ad8a5e9792375f6da2f41,caption_and_validated_request_info,Sektör,7,Küçük İşletme Niteliğindeki Müşteri Sayısı (Adet),,470830,7015,477845,28164,50,28214,479191,8329,487520,621477
2023-07,6,KOBI Kredileri,10001,8,"KOBİ Kredileri  (milyon TL), Dönem:2023/7",milyon TL,raw/2023-07_table06_group10001.json,11d2c80e2bc4b248776983a7935f49314bae7ec380aeb978b128b8d66aff7795,raw/2023-07_table06_group10001_info.json,248d65f33cdbb558ce798136d8da11cb19bf91f0779ad8a5e9792375f6da2f41,caption_and_validated_request_info,Sektör,8,Orta Büyüklükteki İşletme Niteliğindeki Müşteri Sayısı (Adet),,125965,7122,133087,8117,40,8157,133868,9876,143744,177219
2023-08,6,KOBI Kredileri,10001,1,"KOBİ Kredileri  (milyon TL), Dönem:2023/8",milyon TL,raw/2023-08_table06_group10001.json,607d1310e7f0b3f0f839ad68a20f50a6c208bcc4724d3d944722a7268e6f099f,raw/2023-08_table06_group10001_info.json,26b4ce0091b22a9523e03d2c16375426f3cae9ba9caa0bebee9aa84a6b7c1d88,caption_and_validated_request_info,Sektör,1,Toplam KOBİ Kredileri (2+3+4),bold,2527499,383468,2910967,50581,2018,52598,959310,268454,1227763,0
2023-08,6,KOBI Kredileri,10001,2,"KOBİ Kredileri  (milyon TL), Dönem:2023/8",milyon TL,raw/2023-08_table06_group10001.json,607d1310e7f0b3f0f839ad68a20f50a6c208bcc4724d3d944722a7268e6f099f,raw/2023-08_table06_group10001_info.json,26b4ce0091b22a9523e03d2c16375426f3cae9ba9caa0bebee9aa84a6b7c1d88,caption_and_validated_request_info,Sektör,2,Mikro İşletmelere Kullandırılan Krediler,,877102,28273,905375,17742,110,17852,255575,19791,275366,0
2023-08,6,KOBI Kredileri,10001,3,"KOBİ Kredileri  (milyon TL), Dönem:2023/8",milyon TL,raw/2023-08_table06_group10001.json,607d1310e7f0b3f0f839ad68a20f50a6c208bcc4724d3d944722a7268e6f099f,raw/2023-08_table06_group10001_info.json,26b4ce0091b22a9523e03d2c16375426f3cae9ba9caa0bebee9aa84a6b7c1d88,caption_and_validated_request_info,Sektör,3,Küçük İşletmelere Kullandırılan Krediler,,828670,105428,934098,16160,520,16680,301304,63527,364831,0
2023-08,6,KOBI Kredileri,10001,4,"KOBİ Kredileri  (milyon TL), Dönem:2023/8",milyon TL,raw/2023-08_table06_group10001.json,607d1310e7f0b3f0f839ad68a20f50a6c208bcc4724d3d944722a7268e6f099f,raw/2023-08_table06_group10001_info.json,26b4ce0091b22a9523e03d2c16375426f3cae9ba9caa0bebee9aa84a6b7c1d88,caption_and_validated_request_info,Sektör,4,Orta Büyüklükteki İşletmelere Kullandırılan Krediler,,821727,249767,1071494,16678,1388,18066,402430,185136,587566,0
2023-08,6,KOBI Kredileri,10001,5,"KOBİ Kredileri  (milyon TL), Dönem:2023/8",milyon TL,raw/2023-08_table06_group10001.json,607d1310e7f0b3f0f839ad68a20f50a6c208bcc4724d3d944722a7268e6f099f,raw/2023-08_table06_group10001_info.json,26b4ce0091b22a9523e03d2c16375426f3cae9ba9caa0bebee9aa84a6b7c1d88,caption_and_validated_request_info,Sektör,5,Toplam KOBİ Niteliğindeki Müşteri Sayısı (6+7+8) (Adet),bold,4555702,19624,4575326,325233,107,325340,3628733,21743,3650476,5993721
2023-08,6,KOBI Kredileri,10001,6,"KOBİ Kredileri  (milyon TL), Dönem:2023/8",milyon TL,raw/2023-08_table06_group10001.json,607d1310e7f0b3f0f839ad68a20f50a6c208bcc4724d3d944722a7268e6f099f,raw/2023-08_table06_group10001_info.json,26b4ce0091b22a9523e03d2c16375426f3cae9ba9caa0bebee9aa84a6b7c1d88,caption_and_validated_request_info,Sektör,6,Mikro İşletme Niteliğindeki Müşteri Sayısı (Adet),,3959631,5395,3965026,289510,16,289526,3010433,3345,3013778,5191531
2023-08,6,KOBI Kredileri,10001,7,"KOBİ Kredileri  (milyon TL), Dönem:2023/8",milyon TL,raw/2023-08_table06_group10001.json,607d1310e7f0b3f0f839ad68a20f50a6c208bcc4724d3d944722a7268e6f099f,raw/2023-08_table06_group10001_info.json,26b4ce0091b22a9523e03d2c16375426f3cae9ba9caa0bebee9aa84a6b7c1d88,caption_and_validated_request_info,Sektör,7,Küçük İşletme Niteliğindeki Müşteri Sayısı (Adet),,469804,7004,476808,27717,51,27768,482757,8338,491095,622999
2023-08,6,KOBI Kredileri,10001,8,"KOBİ Kredileri  (milyon TL), Dönem:2023/8",milyon TL,raw/2023-08_table06_group10001.json,607d1310e7f0b3f0f839ad68a20f50a6c208bcc4724d3d944722a7268e6f099f,raw/2023-08_table06_group10001_info.json,26b4ce0091b22a9523e03d2c16375426f3cae9ba9caa0bebee9aa84a6b7c1d88,caption_and_validated_request_info,Sektör,8,Orta Büyüklükteki İşletme Niteliğindeki Müşteri Sayısı (Adet),,126267,7225,133492,8006,40,8046,135543,10060,145603,179191
2023-09,6,KOBI Kredileri,10001,1,"KOBİ Kredileri  (milyon TL), Dönem:2023/9",milyon TL,raw/2023-09_table06_group10001.json,4cc3273e9eae0223538b3f5d45773a4999347ea97fdb7754dd8b8f30644d0366,raw/2023-09_table06_group10001_info.json,57da2a4923f0fcb0c99daa4079a23f6d0137f435ace586707785a22088a406d3,caption_and_validated_request_info,Sektör,1,Toplam KOBİ Kredileri (2+3+4),bold,2586082,397030,2983111,48934,1993,50927,1029402,272378,1301780,0
2023-09,6,KOBI Kredileri,10001,2,"KOBİ Kredileri  (milyon TL), Dönem:2023/9",milyon TL,raw/2023-09_table06_group10001.json,4cc3273e9eae0223538b3f5d45773a4999347ea97fdb7754dd8b8f30644d0366,raw/2023-09_table06_group10001_info.json,57da2a4923f0fcb0c99daa4079a23f6d0137f435ace586707785a22088a406d3,caption_and_validated_request_info,Sektör,2,Mikro İşletmelere Kullandırılan Krediler,,883268,28682,911950,17101,111,17212,275687,19093,294780,0
2023-09,6,KOBI Kredileri,10001,3,"KOBİ Kredileri  (milyon TL), Dönem:2023/9",milyon TL,raw/2023-09_table06_group10001.json,4cc3273e9eae0223538b3f5d45773a4999347ea97fdb7754dd8b8f30644d0366,raw/2023-09_table06_group10001_info.json,57da2a4923f0fcb0c99daa4079a23f6d0137f435ace586707785a22088a406d3,caption_and_validated_request_info,Sektör,3,Küçük İşletmelere Kullandırılan Krediler,,843855,103833,947689,14827,525,15352,321355,63911,385265,0
2023-09,6,KOBI Kredileri,10001,4,"KOBİ Kredileri  (milyon TL), Dönem:2023/9",milyon TL,raw/2023-09_table06_group10001.json,4cc3273e9eae0223538b3f5d45773a4999347ea97fdb7754dd8b8f30644d0366,raw/2023-09_table06_group10001_info.json,57da2a4923f0fcb0c99daa4079a23f6d0137f435ace586707785a22088a406d3,caption_and_validated_request_info,Sektör,4,Orta Büyüklükteki İşletmelere Kullandırılan Krediler,,858958,264515,1123472,17006,1357,18363,432361,189374,621735,0
2023-09,6,KOBI Kredileri,10001,5,"KOBİ Kredileri  (milyon TL), Dönem:2023/9",milyon TL,raw/2023-09_table06_group10001.json,4cc3273e9eae0223538b3f5d45773a4999347ea97fdb7754dd8b8f30644d0366,raw/2023-09_table06_group10001_info.json,57da2a4923f0fcb0c99daa4079a23f6d0137f435ace586707785a22088a406d3,caption_and_validated_request_info,Sektör,5,Toplam KOBİ Niteliğindeki Müşteri Sayısı (6+7+8) (Adet),bold,4525381,21641,4547022,303379,106,303485,3667655,21866,3689521,5989586
2023-09,6,KOBI Kredileri,10001,6,"KOBİ Kredileri  (milyon TL), Dönem:2023/9",milyon TL,raw/2023-09_table06_group10001.json,4cc3273e9eae0223538b3f5d45773a4999347ea97fdb7754dd8b8f30644d0366,raw/2023-09_table06_group10001_info.json,57da2a4923f0fcb0c99daa4079a23f6d0137f435ace586707785a22088a406d3,caption_and_validated_request_info,Sektör,6,Mikro İşletme Niteliğindeki Müşteri Sayısı (Adet),,3929591,5568,3935159,268942,15,268957,3044754,3360,3048114,5182736
2023-09,6,KOBI Kredileri,10001,7,"KOBİ Kredileri  (milyon TL), Dönem:2023/9",milyon TL,raw/2023-09_table06_group10001.json,4cc3273e9eae0223538b3f5d45773a4999347ea97fdb7754dd8b8f30644d0366,raw/2023-09_table06_group10001_info.json,57da2a4923f0fcb0c99daa4079a23f6d0137f435ace586707785a22088a406d3,caption_and_validated_request_info,Sektör,7,Küçük İşletme Niteliğindeki Müşteri Sayısı (Adet),,468816,7851,476667,26709,51,26760,485322,8339,493661,625577
2023-09,6,KOBI Kredileri,10001,8,"KOBİ Kredileri  (milyon TL), Dönem:2023/9",milyon TL,raw/2023-09_table06_group10001.json,4cc3273e9eae0223538b3f5d45773a4999347ea97fdb7754dd8b8f30644d0366,raw/2023-09_table06_group10001_info.json,57da2a4923f0fcb0c99daa4079a23f6d0137f435ace586707785a22088a406d3,caption_and_validated_request_info,Sektör,8,Orta Büyüklükteki İşletme Niteliğindeki Müşteri Sayısı (Adet),,126974,8222,135196,7728,40,7768,137579,10167,147746,181273
2023-10,6,KOBI Kredileri,10001,1,"KOBİ Kredileri  (milyon TL), Dönem:2023/10",milyon TL,raw/2023-10_table06_group10001.json,8e7f963dcdab2e6efd501f3b94d427df188f82db241ddbba0afcfc44d63ee4cb,raw/2023-10_table06_group10001_info.json,92a7d87f06548d263ba52021139ff07c2e2938eb47d99e893ab292beb757066d,caption_and_validated_request_info,Sektör,1,Toplam KOBİ Kredileri (2+3+4),bold,2622937,422077,3045014,49514,2134,51648,1104704,283070,1387774,0
2023-10,6,KOBI Kredileri,10001,2,"KOBİ Kredileri  (milyon TL), Dönem:2023/10",milyon TL,raw/2023-10_table06_group10001.json,8e7f963dcdab2e6efd501f3b94d427df188f82db241ddbba0afcfc44d63ee4cb,raw/2023-10_table06_group10001_info.json,92a7d87f06548d263ba52021139ff07c2e2938eb47d99e893ab292beb757066d,caption_and_validated_request_info,Sektör,2,Mikro İşletmelere Kullandırılan Krediler,,889301,29543,918845,17173,121,17294,301853,22237,324090,0
2023-10,6,KOBI Kredileri,10001,3,"KOBİ Kredileri  (milyon TL), Dönem:2023/10",milyon TL,raw/2023-10_table06_group10001.json,8e7f963dcdab2e6efd501f3b94d427df188f82db241ddbba0afcfc44d63ee4cb,raw/2023-10_table06_group10001_info.json,92a7d87f06548d263ba52021139ff07c2e2938eb47d99e893ab292beb757066d,caption_and_validated_request_info,Sektör,3,Küçük İşletmelere Kullandırılan Krediler,,859053,108457,967511,14960,561,15521,340839,65865,406704,0
2023-10,6,KOBI Kredileri,10001,4,"KOBİ Kredileri  (milyon TL), Dönem:2023/10",milyon TL,raw/2023-10_table06_group10001.json,8e7f963dcdab2e6efd501f3b94d427df188f82db241ddbba0afcfc44d63ee4cb,raw/2023-10_table06_group10001_info.json,92a7d87f06548d263ba52021139ff07c2e2938eb47d99e893ab292beb757066d,caption_and_validated_request_info,Sektör,4,Orta Büyüklükteki İşletmelere Kullandırılan Krediler,,874583,284076,1158659,17381,1452,18833,462012,194968,656980,0
2023-10,6,KOBI Kredileri,10001,5,"KOBİ Kredileri  (milyon TL), Dönem:2023/10",milyon TL,raw/2023-10_table06_group10001.json,8e7f963dcdab2e6efd501f3b94d427df188f82db241ddbba0afcfc44d63ee4cb,raw/2023-10_table06_group10001_info.json,92a7d87f06548d263ba52021139ff07c2e2938eb47d99e893ab292beb757066d,caption_and_validated_request_info,Sektör,5,Toplam KOBİ Niteliğindeki Müşteri Sayısı (6+7+8) (Adet),bold,4519934,22719,4542653,298542,113,298655,3731823,22155,3753978,6029708
2023-10,6,KOBI Kredileri,10001,6,"KOBİ Kredileri  (milyon TL), Dönem:2023/10",milyon TL,raw/2023-10_table06_group10001.json,8e7f963dcdab2e6efd501f3b94d427df188f82db241ddbba0afcfc44d63ee4cb,raw/2023-10_table06_group10001_info.json,92a7d87f06548d263ba52021139ff07c2e2938eb47d99e893ab292beb757066d,caption_and_validated_request_info,Sektör,6,Mikro İşletme Niteliğindeki Müşteri Sayısı (Adet),,3920904,5739,3926643,264037,18,264055,3097962,3490,3101452,5209530
2023-10,6,KOBI Kredileri,10001,7,"KOBİ Kredileri  (milyon TL), Dönem:2023/10",milyon TL,raw/2023-10_table06_group10001.json,8e7f963dcdab2e6efd501f3b94d427df188f82db241ddbba0afcfc44d63ee4cb,raw/2023-10_table06_group10001_info.json,92a7d87f06548d263ba52021139ff07c2e2938eb47d99e893ab292beb757066d,caption_and_validated_request_info,Sektör,7,Küçük İşletme Niteliğindeki Müşteri Sayısı (Adet),,471315,8274,479589,26800,53,26853,493427,8398,501825,635340
2023-10,6,KOBI Kredileri,10001,8,"KOBİ Kredileri  (milyon TL), Dönem:2023/10",milyon TL,raw/2023-10_table06_group10001.json,8e7f963dcdab2e6efd501f3b94d427df188f82db241ddbba0afcfc44d63ee4cb,raw/2023-10_table06_group10001_info.json,92a7d87f06548d263ba52021139ff07c2e2938eb47d99e893ab292beb757066d,caption_and_validated_request_info,Sektör,8,Orta Büyüklükteki İşletme Niteliğindeki Müşteri Sayısı (Adet),,127715,8706,136421,7705,42,7747,140434,10267,150701,184838
2023-11,6,KOBI Kredileri,10001,1,"KOBİ Kredileri  (milyon TL), Dönem:2023/11",milyon TL,raw/2023-11_table06_group10001.json,71ebeb5358d1b9c0e1237c01212f6e43c20853b3f2d8b1a00775548df2501ba9,raw/2023-11_table06_group10001_info.json,25b1877c7ca99ea6625c744bb20171c0dca188805b6ca25abb6f19e2b80ca334,caption_and_validated_request_info,Sektör,1,Toplam KOBİ Kredileri (2+3+4),bold,2688922,441852,3130774,50201,2188,52388,1183306,293570,1476876,0
2023-11,6,KOBI Kredileri,10001,2,"KOBİ Kredileri  (milyon TL), Dönem:2023/11",milyon TL,raw/2023-11_table06_group10001.json,71ebeb5358d1b9c0e1237c01212f6e43c20853b3f2d8b1a00775548df2501ba9,raw/2023-11_table06_group10001_info.json,25b1877c7ca99ea6625c744bb20171c0dca188805b6ca25abb6f19e2b80ca334,caption_and_validated_request_info,Sektör,2,Mikro İşletmelere Kullandırılan Krediler,,912929,31459,944388,17159,126,17285,332246,23383,355629,0
2023-11,6,KOBI Kredileri,10001,3,"KOBİ Kredileri  (milyon TL), Dönem:2023/11",milyon TL,raw/2023-11_table06_group10001.json,71ebeb5358d1b9c0e1237c01212f6e43c20853b3f2d8b1a00775548df2501ba9,raw/2023-11_table06_group10001_info.json,25b1877c7ca99ea6625c744bb20171c0dca188805b6ca25abb6f19e2b80ca334,caption_and_validated_request_info,Sektör,3,Küçük İşletmelere Kullandırılan Krediler,,882360,112949,995309,15138,580,15718,365287,68141,433428,0
2023-11,6,KOBI Kredileri,10001,4,"KOBİ Kredileri  (milyon TL), Dönem:2023/11",milyon TL,raw/2023-11_table06_group10001.json,71ebeb5358d1b9c0e1237c01212f6e43c20853b3f2d8b1a00775548df2501ba9,raw/2023-11_table06_group10001_info.json,25b1877c7ca99ea6625c744bb20171c0dca188805b6ca25abb6f19e2b80ca334,caption_and_validated_request_info,Sektör,4,Orta Büyüklükteki İşletmelere Kullandırılan Krediler,,893634,297443,1191077,17903,1482,19385,485773,202046,687819,0
2023-11,6,KOBI Kredileri,10001,5,"KOBİ Kredileri  (milyon TL), Dönem:2023/11",milyon TL,raw/2023-11_table06_group10001.json,71ebeb5358d1b9c0e1237c01212f6e43c20853b3f2d8b1a00775548df2501ba9,raw/2023-11_table06_group10001_info.json,25b1877c7ca99ea6625c744bb20171c0dca188805b6ca25abb6f19e2b80ca334,caption_and_validated_request_info,Sektör,5,Toplam KOBİ Niteliğindeki Müşteri Sayısı (6+7+8) (Adet),bold,4540661,23425,4564086,293424,116,293540,3848585,22355,3870940,6130009
2023-11,6,KOBI Kredileri,10001,6,"KOBİ Kredileri  (milyon TL), Dönem:2023/11",milyon TL,raw/2023-11_table06_group10001.json,71ebeb5358d1b9c0e1237c01212f6e43c20853b3f2d8b1a00775548df2501ba9,raw/2023-11_table06_group10001_info.json,25b1877c7ca99ea6625c744bb20171c0dca188805b6ca25abb6f19e2b80ca334,caption_and_validated_request_info,Sektör,6,Mikro İşletme Niteliğindeki Müşteri Sayısı (Adet),,3941056,5909,3946965,259396,19,259415,3208389,3540,3211929,5305410
2023-11,6,KOBI Kredileri,10001,7,"KOBİ Kredileri  (milyon TL), Dönem:2023/11",milyon TL,raw/2023-11_table06_group10001.json,71ebeb5358d1b9c0e1237c01212f6e43c20853b3f2d8b1a00775548df2501ba9,raw/2023-11_table06_group10001_info.json,25b1877c7ca99ea6625c744bb20171c0dca188805b6ca25abb6f19e2b80ca334,caption_and_validated_request_info,Sektör,7,Küçük İşletme Niteliğindeki Müşteri Sayısı (Adet),,471792,8575,480367,26390,56,26446,498294,8503,506797,638682
2023-11,6,KOBI Kredileri,10001,8,"KOBİ Kredileri  (milyon TL), Dönem:2023/11",milyon TL,raw/2023-11_table06_group10001.json,71ebeb5358d1b9c0e1237c01212f6e43c20853b3f2d8b1a00775548df2501ba9,raw/2023-11_table06_group10001_info.json,25b1877c7ca99ea6625c744bb20171c0dca188805b6ca25abb6f19e2b80ca334,caption_and_validated_request_info,Sektör,8,Orta Büyüklükteki İşletme Niteliğindeki Müşteri Sayısı (Adet),,127813,8941,136754,7638,41,7679,141902,10312,152214,185917
2023-12,6,KOBI Kredileri,10001,1,"KOBİ Kredileri  (milyon TL), Dönem:2023/12",milyon TL,raw/2023-12_table06_group10001.json,fd8b4417fcb4fff9aedc31fdb1bd8e2b8faced02106f712ddf785260ce68233c,raw/2023-12_table06_group10001_info.json,455ed9dbf6957b8860b66c275b00db4f2a607ab84f5963ca5270a5d1e8709c4e,caption_and_validated_request_info,Sektör,1,Toplam KOBİ Kredileri (2+3+4),bold,2761482,445179,3206661,54879,2257,57136,1253083,303562,1556645,0
2023-12,6,KOBI Kredileri,10001,2,"KOBİ Kredileri  (milyon TL), Dönem:2023/12",milyon TL,raw/2023-12_table06_group10001.json,fd8b4417fcb4fff9aedc31fdb1bd8e2b8faced02106f712ddf785260ce68233c,raw/2023-12_table06_group10001_info.json,455ed9dbf6957b8860b66c275b00db4f2a607ab84f5963ca5270a5d1e8709c4e,caption_and_validated_request_info,Sektör,2,Mikro İşletmelere Kullandırılan Krediler,,942553,31260,973813,17168,110,17278,361398,23930,385328,0
2023-12,6,KOBI Kredileri,10001,3,"KOBİ Kredileri  (milyon TL), Dönem:2023/12",milyon TL,raw/2023-12_table06_group10001.json,fd8b4417fcb4fff9aedc31fdb1bd8e2b8faced02106f712ddf785260ce68233c,raw/2023-12_table06_group10001_info.json,455ed9dbf6957b8860b66c275b00db4f2a607ab84f5963ca5270a5d1e8709c4e,caption_and_validated_request_info,Sektör,3,Küçük İşletmelere Kullandırılan Krediler,,906041,111826,1017867,16663,698,17362,383672,70218,453890,0
2023-12,6,KOBI Kredileri,10001,4,"KOBİ Kredileri  (milyon TL), Dönem:2023/12",milyon TL,raw/2023-12_table06_group10001.json,fd8b4417fcb4fff9aedc31fdb1bd8e2b8faced02106f712ddf785260ce68233c,raw/2023-12_table06_group10001_info.json,455ed9dbf6957b8860b66c275b00db4f2a607ab84f5963ca5270a5d1e8709c4e,caption_and_validated_request_info,Sektör,4,Orta Büyüklükteki İşletmelere Kullandırılan Krediler,,912888,302092,1214981,21048,1449,22497,508013,209413,717427,0
2023-12,6,KOBI Kredileri,10001,5,"KOBİ Kredileri  (milyon TL), Dönem:2023/12",milyon TL,raw/2023-12_table06_group10001.json,fd8b4417fcb4fff9aedc31fdb1bd8e2b8faced02106f712ddf785260ce68233c,raw/2023-12_table06_group10001_info.json,455ed9dbf6957b8860b66c275b00db4f2a607ab84f5963ca5270a5d1e8709c4e,caption_and_validated_request_info,Sektör,5,Toplam KOBİ Niteliğindeki Müşteri Sayısı (6+7+8) (Adet),bold,4501726,23351,4525077,277469,108,277577,3838899,22472,3861371,6066337
2023-12,6,KOBI Kredileri,10001,6,"KOBİ Kredileri  (milyon TL), Dönem:2023/12",milyon TL,raw/2023-12_table06_group10001.json,fd8b4417fcb4fff9aedc31fdb1bd8e2b8faced02106f712ddf785260ce68233c,raw/2023-12_table06_group10001_info.json,455ed9dbf6957b8860b66c275b00db4f2a607ab84f5963ca5270a5d1e8709c4e,caption_and_validated_request_info,Sektör,6,Mikro İşletme Niteliğindeki Müşteri Sayısı (Adet),,3910031,5823,3915854,245221,18,245239,3203872,3537,3207409,5254396
2023-12,6,KOBI Kredileri,10001,7,"KOBİ Kredileri  (milyon TL), Dönem:2023/12",milyon TL,raw/2023-12_table06_group10001.json,fd8b4417fcb4fff9aedc31fdb1bd8e2b8faced02106f712ddf785260ce68233c,raw/2023-12_table06_group10001_info.json,455ed9dbf6957b8860b66c275b00db4f2a607ab84f5963ca5270a5d1e8709c4e,caption_and_validated_request_info,Sektör,7,Küçük İşletme Niteliğindeki Müşteri Sayısı (Adet),,466016,8543,474559,25000,52,25052,494366,8584,502950,629150
2023-12,6,KOBI Kredileri,10001,8,"KOBİ Kredileri  (milyon TL), Dönem:2023/12",milyon TL,raw/2023-12_table06_group10001.json,fd8b4417fcb4fff9aedc31fdb1bd8e2b8faced02106f712ddf785260ce68233c,raw/2023-12_table06_group10001_info.json,455ed9dbf6957b8860b66c275b00db4f2a607ab84f5963ca5270a5d1e8709c4e,caption_and_validated_request_info,Sektör,8,Orta Büyüklükteki İşletme Niteliğindeki Müşteri Sayısı (Adet),,125679,8985,134664,7248,38,7286,140661,10351,151012,182791
2024-01,6,KOBI Kredileri,10001,1,"KOBİ Kredileri  (milyon TL), Dönem:2024/1",milyon TL,raw/2024-01_table06_group10001.json,2dc9f0c2cde8790a1d904236080d1ea8a9ed1260f27479578130b9660934b1a5,raw/2024-01_table06_group10001_info.json,6c566d08cbbcbfe17c31bb4367475b100e49390607563b5242f9acf58cd08391,caption_and_validated_request_info,Sektör,1,Toplam KOBİ Kredileri (2+3+4),bold,2836815,458544,3295359,54181,2292,56474,1259794,307024,1566818,0
2024-01,6,KOBI Kredileri,10001,2,"KOBİ Kredileri  (milyon TL), Dönem:2024/1",milyon TL,raw/2024-01_table06_group10001.json,2dc9f0c2cde8790a1d904236080d1ea8a9ed1260f27479578130b9660934b1a5,raw/2024-01_table06_group10001_info.json,6c566d08cbbcbfe17c31bb4367475b100e49390607563b5242f9acf58cd08391,caption_and_validated_request_info,Sektör,2,Mikro İşletmelere Kullandırılan Krediler,,965866,36871,1002737,16887,112,16999,358162,24074,382235,0
2024-01,6,KOBI Kredileri,10001,3,"KOBİ Kredileri  (milyon TL), Dönem:2024/1",milyon TL,raw/2024-01_table06_group10001.json,2dc9f0c2cde8790a1d904236080d1ea8a9ed1260f27479578130b9660934b1a5,raw/2024-01_table06_group10001_info.json,6c566d08cbbcbfe17c31bb4367475b100e49390607563b5242f9acf58cd08391,caption_and_validated_request_info,Sektör,3,Küçük İşletmelere Kullandırılan Krediler,,931235,113882,1045116,16368,706,17074,386806,68009,454814,0
2024-01,6,KOBI Kredileri,10001,4,"KOBİ Kredileri  (milyon TL), Dönem:2024/1",milyon TL,raw/2024-01_table06_group10001.json,2dc9f0c2cde8790a1d904236080d1ea8a9ed1260f27479578130b9660934b1a5,raw/2024-01_table06_group10001_info.json,6c566d08cbbcbfe17c31bb4367475b100e49390607563b5242f9acf58cd08391,caption_and_validated_request_info,Sektör,4,Orta Büyüklükteki İşletmelere Kullandırılan Krediler,,939715,307791,1247506,20926,1474,22400,514826,214942,729768,0
2024-01,6,KOBI Kredileri,10001,5,"KOBİ Kredileri  (milyon TL), Dönem:2024/1",milyon TL,raw/2024-01_table06_group10001.json,2dc9f0c2cde8790a1d904236080d1ea8a9ed1260f27479578130b9660934b1a5,raw/2024-01_table06_group10001_info.json,6c566d08cbbcbfe17c31bb4367475b100e49390607563b5242f9acf58cd08391,caption_and_validated_request_info,Sektör,5,Toplam KOBİ Niteliğindeki Müşteri Sayısı (6+7+8) (Adet),bold,4501499,24009,4525508,272796,108,272904,3530902,22221,3553123,5786230
2024-01,6,KOBI Kredileri,10001,6,"KOBİ Kredileri  (milyon TL), Dönem:2024/1",milyon TL,raw/2024-01_table06_group10001.json,2dc9f0c2cde8790a1d904236080d1ea8a9ed1260f27479578130b9660934b1a5,raw/2024-01_table06_group10001_info.json,6c566d08cbbcbfe17c31bb4367475b100e49390607563b5242f9acf58cd08391,caption_and_validated_request_info,Sektör,6,Mikro İşletme Niteliğindeki Müşteri Sayısı (Adet),,3903955,5579,3909534,240419,18,240437,2925270,3445,2928715,4998132
2024-01,6,KOBI Kredileri,10001,7,"KOBİ Kredileri  (milyon TL), Dönem:2024/1",milyon TL,raw/2024-01_table06_group10001.json,2dc9f0c2cde8790a1d904236080d1ea8a9ed1260f27479578130b9660934b1a5,raw/2024-01_table06_group10001_info.json,6c566d08cbbcbfe17c31bb4367475b100e49390607563b5242f9acf58cd08391,caption_and_validated_request_info,Sektör,7,Küçük İşletme Niteliğindeki Müşteri Sayısı (Adet),,471057,8956,480013,24854,53,24907,471927,8535,480462,610428
2024-01,6,KOBI Kredileri,10001,8,"KOBİ Kredileri  (milyon TL), Dönem:2024/1",milyon TL,raw/2024-01_table06_group10001.json,2dc9f0c2cde8790a1d904236080d1ea8a9ed1260f27479578130b9660934b1a5,raw/2024-01_table06_group10001_info.json,6c566d08cbbcbfe17c31bb4367475b100e49390607563b5242f9acf58cd08391,caption_and_validated_request_info,Sektör,8,Orta Büyüklükteki İşletme Niteliğindeki Müşteri Sayısı (Adet),,126487,9474,135961,7523,37,7560,133705,10241,143946,177670
2024-02,6,KOBI Kredileri,10001,1,"KOBİ Kredileri  (milyon TL), Dönem:2024/2",milyon TL,raw/2024-02_table06_group10001.json,3ddd5c26e28efad261af8281e18f479507f71e3554c29fb59081ae421282922b,raw/2024-02_table06_group10001_info.json,2967e60055aaf794b56b844d282974c852cb5ae61db0791b49e88b750a9bee81,caption_and_validated_request_info,Sektör,1,Toplam KOBİ Kredileri (2+3+4),bold,2944527,489213,3433740,51272,2386,53659,1342688,320763,1663451,0
2024-02,6,KOBI Kredileri,10001,2,"KOBİ Kredileri  (milyon TL), Dönem:2024/2",milyon TL,raw/2024-02_table06_group10001.json,3ddd5c26e28efad261af8281e18f479507f71e3554c29fb59081ae421282922b,raw/2024-02_table06_group10001_info.json,2967e60055aaf794b56b844d282974c852cb5ae61db0791b49e88b750a9bee81,caption_and_validated_request_info,Sektör,2,Mikro İşletmelere Kullandırılan Krediler,,1004959,40698,1045657,17046,114,17161,383019,25267,408286,0
2024-02,6,KOBI Kredileri,10001,3,"KOBİ Kredileri  (milyon TL), Dönem:2024/2",milyon TL,raw/2024-02_table06_group10001.json,3ddd5c26e28efad261af8281e18f479507f71e3554c29fb59081ae421282922b,raw/2024-02_table06_group10001_info.json,2967e60055aaf794b56b844d282974c852cb5ae61db0791b49e88b750a9bee81,caption_and_validated_request_info,Sektör,3,Küçük İşletmelere Kullandırılan Krediler,,970163,122585,1092748,16115,752,16867,412046,72095,484141,0
2024-02,6,KOBI Kredileri,10001,4,"KOBİ Kredileri  (milyon TL), Dönem:2024/2",milyon TL,raw/2024-02_table06_group10001.json,3ddd5c26e28efad261af8281e18f479507f71e3554c29fb59081ae421282922b,raw/2024-02_table06_group10001_info.json,2967e60055aaf794b56b844d282974c852cb5ae61db0791b49e88b750a9bee81,caption_and_validated_request_info,Sektör,4,Orta Büyüklükteki İşletmelere Kullandırılan Krediler,,969405,325930,1295335,18111,1520,19630,547623,223401,771024,0
2024-02,6,KOBI Kredileri,10001,5,"KOBİ Kredileri  (milyon TL), Dönem:2024/2",milyon TL,raw/2024-02_table06_group10001.json,3ddd5c26e28efad261af8281e18f479507f71e3554c29fb59081ae421282922b,raw/2024-02_table06_group10001_info.json,2967e60055aaf794b56b844d282974c852cb5ae61db0791b49e88b750a9bee81,caption_and_validated_request_info,Sektör,5,Toplam KOBİ Niteliğindeki Müşteri Sayısı (6+7+8) (Adet),bold,4490852,24604,4515456,267400,119,267519,3576401,22411,3598812,5790086
2024-02,6,KOBI Kredileri,10001,6,"KOBİ Kredileri  (milyon TL), Dönem:2024/2",milyon TL,raw/2024-02_table06_group10001.json,3ddd5c26e28efad261af8281e18f479507f71e3554c29fb59081ae421282922b,raw/2024-02_table06_group10001_info.json,2967e60055aaf794b56b844d282974c852cb5ae61db0791b49e88b750a9bee81,caption_and_validated_request_info,Sektör,6,Mikro İşletme Niteliğindeki Müşteri Sayısı (Adet),,3889411,5521,3894932,234818,19,234837,2962511,3498,2966009,4994129
2024-02,6,KOBI Kredileri,10001,7,"KOBİ Kredileri  (milyon TL), Dönem:2024/2",milyon TL,raw/2024-02_table06_group10001.json,3ddd5c26e28efad261af8281e18f479507f71e3554c29fb59081ae421282922b,raw/2024-02_table06_group10001_info.json,2967e60055aaf794b56b844d282974c852cb5ae61db0791b49e88b750a9bee81,caption_and_validated_request_info,Sektör,7,Küçük İşletme Niteliğindeki Müşteri Sayısı (Adet),,474576,9239,483815,25054,57,25111,478600,8576,487176,616873
2024-02,6,KOBI Kredileri,10001,8,"KOBİ Kredileri  (milyon TL), Dönem:2024/2",milyon TL,raw/2024-02_table06_group10001.json,3ddd5c26e28efad261af8281e18f479507f71e3554c29fb59081ae421282922b,raw/2024-02_table06_group10001_info.json,2967e60055aaf794b56b844d282974c852cb5ae61db0791b49e88b750a9bee81,caption_and_validated_request_info,Sektör,8,Orta Büyüklükteki İşletme Niteliğindeki Müşteri Sayısı (Adet),,126865,9844,136709,7528,43,7571,135290,10337,145627,179084
2024-03,6,KOBI Kredileri,10001,1,"KOBİ Kredileri  (milyon TL), Dönem:2024/3",milyon TL,raw/2024-03_table06_group10001.json,53627a88db2a3c59727af6219d3b79f64c879adf9f8e243ac69b8a50a96524b1,raw/2024-03_table06_group10001_info.json,ef0fc84582cc50d6f6d88c4cae49618bdfa3a119a03762498b274e34b0ca5278,caption_and_validated_request_info,Sektör,1,Toplam KOBİ Kredileri (2+3+4),bold,3070632,533426,3604058,53184,2515,55699,1436263,340767,1777029,0
2024-03,6,KOBI Kredileri,10001,2,"KOBİ Kredileri  (milyon TL), Dönem:2024/3",milyon TL,raw/2024-03_table06_group10001.json,53627a88db2a3c59727af6219d3b79f64c879adf9f8e243ac69b8a50a96524b1,raw/2024-03_table06_group10001_info.json,ef0fc84582cc50d6f6d88c4cae49618bdfa3a119a03762498b274e34b0ca5278,caption_and_validated_request_info,Sektör,2,Mikro İşletmelere Kullandırılan Krediler,,1056212,46611,1102823,17760,118,17879,407207,25975,433182,0
2024-03,6,KOBI Kredileri,10001,3,"KOBİ Kredileri  (milyon TL), Dönem:2024/3",milyon TL,raw/2024-03_table06_group10001.json,53627a88db2a3c59727af6219d3b79f64c879adf9f8e243ac69b8a50a96524b1,raw/2024-03_table06_group10001_info.json,ef0fc84582cc50d6f6d88c4cae49618bdfa3a119a03762498b274e34b0ca5278,caption_and_validated_request_info,Sektör,3,Küçük İşletmelere Kullandırılan Krediler,,1005672,130804,1136476,16723,755,17478,440732,77401,518134,0
2024-03,6,KOBI Kredileri,10001,4,"KOBİ Kredileri  (milyon TL), Dönem:2024/3",milyon TL,raw/2024-03_table06_group10001.json,53627a88db2a3c59727af6219d3b79f64c879adf9f8e243ac69b8a50a96524b1,raw/2024-03_table06_group10001_info.json,ef0fc84582cc50d6f6d88c4cae49618bdfa3a119a03762498b274e34b0ca5278,caption_and_validated_request_info,Sektör,4,Orta Büyüklükteki İşletmelere Kullandırılan Krediler,,1008747,356011,1364759,18700,1642,20342,588323,237390,825713,0
2024-03,6,KOBI Kredileri,10001,5,"KOBİ Kredileri  (milyon TL), Dönem:2024/3",milyon TL,raw/2024-03_table06_group10001.json,53627a88db2a3c59727af6219d3b79f64c879adf9f8e243ac69b8a50a96524b1,raw/2024-03_table06_group10001_info.json,ef0fc84582cc50d6f6d88c4cae49618bdfa3a119a03762498b274e34b0ca5278,caption_and_validated_request_info,Sektör,5,Toplam KOBİ Niteliğindeki Müşteri Sayısı (6+7+8) (Adet),bold,4578471,25399,4603870,266294,118,266412,3629115,22269,3651384,5915714
2024-03,6,KOBI Kredileri,10001,6,"KOBİ Kredileri  (milyon TL), Dönem:2024/3",milyon TL,raw/2024-03_table06_group10001.json,53627a88db2a3c59727af6219d3b79f64c879adf9f8e243ac69b8a50a96524b1,raw/2024-03_table06_group10001_info.json,ef0fc84582cc50d6f6d88c4cae49618bdfa3a119a03762498b274e34b0ca5278,caption_and_validated_request_info,Sektör,6,Mikro İşletme Niteliğindeki Müşteri Sayısı (Adet),,3980603,5582,3986185,233976,19,233995,3002614,3450,3006064,5109240
2024-03,6,KOBI Kredileri,10001,7,"KOBİ Kredileri  (milyon TL), Dönem:2024/3",milyon TL,raw/2024-03_table06_group10001.json,53627a88db2a3c59727af6219d3b79f64c879adf9f8e243ac69b8a50a96524b1,raw/2024-03_table06_group10001_info.json,ef0fc84582cc50d6f6d88c4cae49618bdfa3a119a03762498b274e34b0ca5278,caption_and_validated_request_info,Sektör,7,Küçük İşletme Niteliğindeki Müşteri Sayısı (Adet),,471969,9575,481544,24776,56,24832,475434,8538,483972,616060
2024-03,6,KOBI Kredileri,10001,8,"KOBİ Kredileri  (milyon TL), Dönem:2024/3",milyon TL,raw/2024-03_table06_group10001.json,53627a88db2a3c59727af6219d3b79f64c879adf9f8e243ac69b8a50a96524b1,raw/2024-03_table06_group10001_info.json,ef0fc84582cc50d6f6d88c4cae49618bdfa3a119a03762498b274e34b0ca5278,caption_and_validated_request_info,Sektör,8,Orta Büyüklükteki İşletme Niteliğindeki Müşteri Sayısı (Adet),,125899,10242,136141,7542,43,7585,151067,10281,161348,190414
2024-04,6,KOBI Kredileri,10001,1,"KOBİ Kredileri  (milyon TL), Dönem:2024/4",milyon TL,raw/2024-04_table06_group10001.json,8ab1a29ad607de8883969599f9c7554f445de6fb59845cafc6127e8a22be2233,raw/2024-04_table06_group10001_info.json,535cba32863e66dd82cef2afce04af2884d8b8b93e39f34e89599b18faf30ad6,caption_and_validated_request_info,Sektör,1,Toplam KOBİ Kredileri (2+3+4),bold,3047266,537202,3584467,53479,2367,55846,1477114,322291,1799405,0
2024-04,6,KOBI Kredileri,10001,2,"KOBİ Kredileri  (milyon TL), Dönem:2024/4",milyon TL,raw/2024-04_table06_group10001.json,8ab1a29ad607de8883969599f9c7554f445de6fb59845cafc6127e8a22be2233,raw/2024-04_table06_group10001_info.json,535cba32863e66dd82cef2afce04af2884d8b8b93e39f34e89599b18faf30ad6,caption_and_validated_request_info,Sektör,2,Mikro İşletmelere Kullandırılan Krediler,,1041586,46985,1088571,18280,63,18342,430409,24286,454695,0
2024-04,6,KOBI Kredileri,10001,3,"KOBİ Kredileri  (milyon TL), Dönem:2024/4",milyon TL,raw/2024-04_table06_group10001.json,8ab1a29ad607de8883969599f9c7554f445de6fb59845cafc6127e8a22be2233,raw/2024-04_table06_group10001_info.json,535cba32863e66dd82cef2afce04af2884d8b8b93e39f34e89599b18faf30ad6,caption_and_validated_request_info,Sektör,3,Küçük İşletmelere Kullandırılan Krediler,,1006774,133970,1140744,16831,743,17574,455529,73893,529422,0
2024-04,6,KOBI Kredileri,10001,4,"KOBİ Kredileri  (milyon TL), Dönem:2024/4",milyon TL,raw/2024-04_table06_group10001.json,8ab1a29ad607de8883969599f9c7554f445de6fb59845cafc6127e8a22be2233,raw/2024-04_table06_group10001_info.json,535cba32863e66dd82cef2afce04af2884d8b8b93e39f34e89599b18faf30ad6,caption_and_validated_request_info,Sektör,4,Orta Büyüklükteki İşletmelere Kullandırılan Krediler,,998906,356246,1355152,18368,1562,19929,591175,224112,815287,0
2024-04,6,KOBI Kredileri,10001,5,"KOBİ Kredileri  (milyon TL), Dönem:2024/4",milyon TL,raw/2024-04_table06_group10001.json,8ab1a29ad607de8883969599f9c7554f445de6fb59845cafc6127e8a22be2233,raw/2024-04_table06_group10001_info.json,535cba32863e66dd82cef2afce04af2884d8b8b93e39f34e89599b18faf30ad6,caption_and_validated_request_info,Sektör,5,Toplam KOBİ Niteliğindeki Müşteri Sayısı (6+7+8) (Adet),bold,4590083,26221,4616304,269910,120,270030,3669536,22484,3692020,5938052
2024-04,6,KOBI Kredileri,10001,6,"KOBİ Kredileri  (milyon TL), Dönem:2024/4",milyon TL,raw/2024-04_table06_group10001.json,8ab1a29ad607de8883969599f9c7554f445de6fb59845cafc6127e8a22be2233,raw/2024-04_table06_group10001_info.json,535cba32863e66dd82cef2afce04af2884d8b8b93e39f34e89599b18faf30ad6,caption_and_validated_request_info,Sektör,6,Mikro İşletme Niteliğindeki Müşteri Sayısı (Adet),,3980095,5692,3985787,237378,21,237399,3037605,3451,3041056,5123826
2024-04,6,KOBI Kredileri,10001,7,"KOBİ Kredileri  (milyon TL), Dönem:2024/4",milyon TL,raw/2024-04_table06_group10001.json,8ab1a29ad607de8883969599f9c7554f445de6fb59845cafc6127e8a22be2233,raw/2024-04_table06_group10001_info.json,535cba32863e66dd82cef2afce04af2884d8b8b93e39f34e89599b18faf30ad6,caption_and_validated_request_info,Sektör,7,Küçük İşletme Niteliğindeki Müşteri Sayısı (Adet),,483054,10053,493107,24954,56,25010,494431,8799,503230,632933
2024-04,6,KOBI Kredileri,10001,8,"KOBİ Kredileri  (milyon TL), Dönem:2024/4",milyon TL,raw/2024-04_table06_group10001.json,8ab1a29ad607de8883969599f9c7554f445de6fb59845cafc6127e8a22be2233,raw/2024-04_table06_group10001_info.json,535cba32863e66dd82cef2afce04af2884d8b8b93e39f34e89599b18faf30ad6,caption_and_validated_request_info,Sektör,8,Orta Büyüklükteki İşletme Niteliğindeki Müşteri Sayısı (Adet),,126934,10476,137410,7578,43,7621,137500,10234,147734,181293
2024-05,6,KOBI Kredileri,10001,1,"KOBİ Kredileri  (milyon TL), Dönem:2024/5",milyon TL,raw/2024-05_table06_group10001.json,513c15b4fb9ee9d8f5f00168b6499ebe970a8324dfb67e6bcb71f0d0185f0a0b,raw/2024-05_table06_group10001_info.json,8cd5d84b26d9d00b83ac9dc3310d2b8d0df94b19fedac6c77ab767b867692ec5,caption_and_validated_request_info,Sektör,1,Toplam KOBİ Kredileri (2+3+4),bold,3074460,594566,3669027,55955,2518,58473,1562370,334195,1896565,0
2024-05,6,KOBI Kredileri,10001,2,"KOBİ Kredileri  (milyon TL), Dönem:2024/5",milyon TL,raw/2024-05_table06_group10001.json,513c15b4fb9ee9d8f5f00168b6499ebe970a8324dfb67e6bcb71f0d0185f0a0b,raw/2024-05_table06_group10001_info.json,8cd5d84b26d9d00b83ac9dc3310d2b8d0df94b19fedac6c77ab767b867692ec5,caption_and_validated_request_info,Sektör,2,Mikro İşletmelere Kullandırılan Krediler,,1034516,51911,1086427,18640,61,18701,446614,23564,470178,0
2024-05,6,KOBI Kredileri,10001,3,"KOBİ Kredileri  (milyon TL), Dönem:2024/5",milyon TL,raw/2024-05_table06_group10001.json,513c15b4fb9ee9d8f5f00168b6499ebe970a8324dfb67e6bcb71f0d0185f0a0b,raw/2024-05_table06_group10001_info.json,8cd5d84b26d9d00b83ac9dc3310d2b8d0df94b19fedac6c77ab767b867692ec5,caption_and_validated_request_info,Sektör,3,Küçük İşletmelere Kullandırılan Krediler,,979976,133419,1113395,16933,761,17694,465195,75264,540460,0
2024-05,6,KOBI Kredileri,10001,4,"KOBİ Kredileri  (milyon TL), Dönem:2024/5",milyon TL,raw/2024-05_table06_group10001.json,513c15b4fb9ee9d8f5f00168b6499ebe970a8324dfb67e6bcb71f0d0185f0a0b,raw/2024-05_table06_group10001_info.json,8cd5d84b26d9d00b83ac9dc3310d2b8d0df94b19fedac6c77ab767b867692ec5,caption_and_validated_request_info,Sektör,4,Orta Büyüklükteki İşletmelere Kullandırılan Krediler,,1059968,409237,1469205,20381,1696,22078,650561,235366,885927,0
2024-05,6,KOBI Kredileri,10001,5,"KOBİ Kredileri  (milyon TL), Dönem:2024/5",milyon TL,raw/2024-05_table06_group10001.json,513c15b4fb9ee9d8f5f00168b6499ebe970a8324dfb67e6bcb71f0d0185f0a0b,raw/2024-05_table06_group10001_info.json,8cd5d84b26d9d00b83ac9dc3310d2b8d0df94b19fedac6c77ab767b867692ec5,caption_and_validated_request_info,Sektör,5,Toplam KOBİ Niteliğindeki Müşteri Sayısı (6+7+8) (Adet),bold,4609491,28562,4638053,270694,132,270826,3718432,22894,3741326,5977612
2024-05,6,KOBI Kredileri,10001,6,"KOBİ Kredileri  (milyon TL), Dönem:2024/5",milyon TL,raw/2024-05_table06_group10001.json,513c15b4fb9ee9d8f5f00168b6499ebe970a8324dfb67e6bcb71f0d0185f0a0b,raw/2024-05_table06_group10001_info.json,8cd5d84b26d9d00b83ac9dc3310d2b8d0df94b19fedac6c77ab767b867692ec5,caption_and_validated_request_info,Sektör,6,Mikro İşletme Niteliğindeki Müşteri Sayısı (Adet),,3978746,5579,3984325,237946,23,237969,3063343,3246,3066589,5137765
2024-05,6,KOBI Kredileri,10001,7,"KOBİ Kredileri  (milyon TL), Dönem:2024/5",milyon TL,raw/2024-05_table06_group10001.json,513c15b4fb9ee9d8f5f00168b6499ebe970a8324dfb67e6bcb71f0d0185f0a0b,raw/2024-05_table06_group10001_info.json,8cd5d84b26d9d00b83ac9dc3310d2b8d0df94b19fedac6c77ab767b867692ec5,caption_and_validated_request_info,Sektör,7,Küçük İşletme Niteliğindeki Müşteri Sayısı (Adet),,491664,10817,502481,25008,63,25071,507126,8747,515873,644592
2024-05,6,KOBI Kredileri,10001,8,"KOBİ Kredileri  (milyon TL), Dönem:2024/5",milyon TL,raw/2024-05_table06_group10001.json,513c15b4fb9ee9d8f5f00168b6499ebe970a8324dfb67e6bcb71f0d0185f0a0b,raw/2024-05_table06_group10001_info.json,8cd5d84b26d9d00b83ac9dc3310d2b8d0df94b19fedac6c77ab767b867692ec5,caption_and_validated_request_info,Sektör,8,Orta Büyüklükteki İşletme Niteliğindeki Müşteri Sayısı (Adet),,139081,12166,151247,7740,46,7786,147963,10901,158864,195255
2024-06,6,KOBI Kredileri,10001,1,"KOBİ Kredileri  (milyon TL), Dönem:2024/6",milyon TL,raw/2024-06_table06_group10001.json,466d3e1e0de126984779fa9300f0196a0f3a356eb94ee3318c298009ff6e2dd9,raw/2024-06_table06_group10001_info.json,4a9c45d6bb3d21f90a97b0cf4e3efa66a9f7e408e59d41ce22ddc6e1e02574b1,caption_and_validated_request_info,Sektör,1,Toplam KOBİ Kredileri (2+3+4),bold,3093941,613665,3707606,57617,2384,60001,1598041,321966,1920007,0
2024-06,6,KOBI Kredileri,10001,2,"KOBİ Kredileri  (milyon TL), Dönem:2024/6",milyon TL,raw/2024-06_table06_group10001.json,466d3e1e0de126984779fa9300f0196a0f3a356eb94ee3318c298009ff6e2dd9,raw/2024-06_table06_group10001_info.json,4a9c45d6bb3d21f90a97b0cf4e3efa66a9f7e408e59d41ce22ddc6e1e02574b1,caption_and_validated_request_info,Sektör,2,Mikro İşletmelere Kullandırılan Krediler,,1030260,52547,1082807,19267,62,19329,466475,20990,487464,0
2024-06,6,KOBI Kredileri,10001,3,"KOBİ Kredileri  (milyon TL), Dönem:2024/6",milyon TL,raw/2024-06_table06_group10001.json,466d3e1e0de126984779fa9300f0196a0f3a356eb94ee3318c298009ff6e2dd9,raw/2024-06_table06_group10001_info.json,4a9c45d6bb3d21f90a97b0cf4e3efa66a9f7e408e59d41ce22ddc6e1e02574b1,caption_and_validated_request_info,Sektör,3,Küçük İşletmelere Kullandırılan Krediler,,984032,135727,1119758,18135,792,18926,470828,71223,542051,0
2024-06,6,KOBI Kredileri,10001,4,"KOBİ Kredileri  (milyon TL), Dönem:2024/6",milyon TL,raw/2024-06_table06_group10001.json,466d3e1e0de126984779fa9300f0196a0f3a356eb94ee3318c298009ff6e2dd9,raw/2024-06_table06_group10001_info.json,4a9c45d6bb3d21f90a97b0cf4e3efa66a9f7e408e59d41ce22ddc6e1e02574b1,caption_and_validated_request_info,Sektör,4,Orta Büyüklükteki İşletmelere Kullandırılan Krediler,,1079650,425391,1505041,20215,1531,21746,660738,229754,890492,0
2024-06,6,KOBI Kredileri,10001,5,"KOBİ Kredileri  (milyon TL), Dönem:2024/6",milyon TL,raw/2024-06_table06_group10001.json,466d3e1e0de126984779fa9300f0196a0f3a356eb94ee3318c298009ff6e2dd9,raw/2024-06_table06_group10001_info.json,4a9c45d6bb3d21f90a97b0cf4e3efa66a9f7e408e59d41ce22ddc6e1e02574b1,caption_and_validated_request_info,Sektör,5,Toplam KOBİ Niteliğindeki Müşteri Sayısı (6+7+8) (Adet),bold,4578054,29954,4608008,267626,135,267761,3725261,22668,3747929,5982543
2024-06,6,KOBI Kredileri,10001,6,"KOBİ Kredileri  (milyon TL), Dönem:2024/6",milyon TL,raw/2024-06_table06_group10001.json,466d3e1e0de126984779fa9300f0196a0f3a356eb94ee3318c298009ff6e2dd9,raw/2024-06_table06_group10001_info.json,4a9c45d6bb3d21f90a97b0cf4e3efa66a9f7e408e59d41ce22ddc6e1e02574b1,caption_and_validated_request_info,Sektör,6,Mikro İşletme Niteliğindeki Müşteri Sayısı (Adet),,3944421,5852,3950273,234531,24,234555,3058888,3128,3062016,5128947
2024-06,6,KOBI Kredileri,10001,7,"KOBİ Kredileri  (milyon TL), Dönem:2024/6",milyon TL,raw/2024-06_table06_group10001.json,466d3e1e0de126984779fa9300f0196a0f3a356eb94ee3318c298009ff6e2dd9,raw/2024-06_table06_group10001_info.json,4a9c45d6bb3d21f90a97b0cf4e3efa66a9f7e408e59d41ce22ddc6e1e02574b1,caption_and_validated_request_info,Sektör,7,Küçük İşletme Niteliğindeki Müşteri Sayısı (Adet),,492609,11321,503930,25356,68,25424,513929,8604,522533,653322
2024-06,6,KOBI Kredileri,10001,8,"KOBİ Kredileri  (milyon TL), Dönem:2024/6",milyon TL,raw/2024-06_table06_group10001.json,466d3e1e0de126984779fa9300f0196a0f3a356eb94ee3318c298009ff6e2dd9,raw/2024-06_table06_group10001_info.json,4a9c45d6bb3d21f90a97b0cf4e3efa66a9f7e408e59d41ce22ddc6e1e02574b1,caption_and_validated_request_info,Sektör,8,Orta Büyüklükteki İşletme Niteliğindeki Müşteri Sayısı (Adet),,141024,12781,153805,7739,43,7782,152444,10936,163380,200274
2024-07,6,KOBI Kredileri,10001,1,"KOBİ Kredileri  (milyon TL), Dönem:2024/7",milyon TL,raw/2024-07_table06_group10001.json,03d312fb04003cf1c2a6584bbb4569c27a4a7461d71893648cbf582e87c99c6c,raw/2024-07_table06_group10001_info.json,6845283004e959247e4ed2b1ac0938f765fb796016a43b4985e68acf34a7b431,caption_and_validated_request_info,Sektör,1,Toplam KOBİ Kredileri (2+3+4),bold,3107737,641130,3748867,62086,1405,63491,1646907,332784,1979691,0
2024-07,6,KOBI Kredileri,10001,2,"KOBİ Kredileri  (milyon TL), Dönem:2024/7",milyon TL,raw/2024-07_table06_group10001.json,03d312fb04003cf1c2a6584bbb4569c27a4a7461d71893648cbf582e87c99c6c,raw/2024-07_table06_group10001_info.json,6845283004e959247e4ed2b1ac0938f765fb796016a43b4985e68acf34a7b431,caption_and_validated_request_info,Sektör,2,Mikro İşletmelere Kullandırılan Krediler,,1041464,59907,1101371,20474,65,20539,476863,20438,497301,0
2024-07,6,KOBI Kredileri,10001,3,"KOBİ Kredileri  (milyon TL), Dönem:2024/7",milyon TL,raw/2024-07_table06_group10001.json,03d312fb04003cf1c2a6584bbb4569c27a4a7461d71893648cbf582e87c99c6c,raw/2024-07_table06_group10001_info.json,6845283004e959247e4ed2b1ac0938f765fb796016a43b4985e68acf34a7b431,caption_and_validated_request_info,Sektör,3,Küçük İşletmelere Kullandırılan Krediler,,987427,139110,1126537,19772,815,20586,478178,70949,549128,0
2024-07,6,KOBI Kredileri,10001,4,"KOBİ Kredileri  (milyon TL), Dönem:2024/7",milyon TL,raw/2024-07_table06_group10001.json,03d312fb04003cf1c2a6584bbb4569c27a4a7461d71893648cbf582e87c99c6c,raw/2024-07_table06_group10001_info.json,6845283004e959247e4ed2b1ac0938f765fb796016a43b4985e68acf34a7b431,caption_and_validated_request_info,Sektör,4,Orta Büyüklükteki İşletmelere Kullandırılan Krediler,,1078846,442113,1520958,21841,524,22365,691866,241396,933262,0
2024-07,6,KOBI Kredileri,10001,5,"KOBİ Kredileri  (milyon TL), Dönem:2024/7",milyon TL,raw/2024-07_table06_group10001.json,03d312fb04003cf1c2a6584bbb4569c27a4a7461d71893648cbf582e87c99c6c,raw/2024-07_table06_group10001_info.json,6845283004e959247e4ed2b1ac0938f765fb796016a43b4985e68acf34a7b431,caption_and_validated_request_info,Sektör,5,Toplam KOBİ Niteliğindeki Müşteri Sayısı (6+7+8) (Adet),bold,4533353,30981,4564334,272487,143,272630,3699992,22941,3722933,5906419
2024-07,6,KOBI Kredileri,10001,6,"KOBİ Kredileri  (milyon TL), Dönem:2024/7",milyon TL,raw/2024-07_table06_group10001.json,03d312fb04003cf1c2a6584bbb4569c27a4a7461d71893648cbf582e87c99c6c,raw/2024-07_table06_group10001_info.json,6845283004e959247e4ed2b1ac0938f765fb796016a43b4985e68acf34a7b431,caption_and_validated_request_info,Sektör,6,Mikro İşletme Niteliğindeki Müşteri Sayısı (Adet),,3891315,5677,3896992,238489,27,238516,3032874,3069,3035943,5052096
2024-07,6,KOBI Kredileri,10001,7,"KOBİ Kredileri  (milyon TL), Dönem:2024/7",milyon TL,raw/2024-07_table06_group10001.json,03d312fb04003cf1c2a6584bbb4569c27a4a7461d71893648cbf582e87c99c6c,raw/2024-07_table06_group10001_info.json,6845283004e959247e4ed2b1ac0938f765fb796016a43b4985e68acf34a7b431,caption_and_validated_request_info,Sektör,7,Küçük İşletme Niteliğindeki Müşteri Sayısı (Adet),,497158,11835,508993,26063,72,26135,512414,8632,521046,651403
2024-07,6,KOBI Kredileri,10001,8,"KOBİ Kredileri  (milyon TL), Dönem:2024/7",milyon TL,raw/2024-07_table06_group10001.json,03d312fb04003cf1c2a6584bbb4569c27a4a7461d71893648cbf582e87c99c6c,raw/2024-07_table06_group10001_info.json,6845283004e959247e4ed2b1ac0938f765fb796016a43b4985e68acf34a7b431,caption_and_validated_request_info,Sektör,8,Orta Büyüklükteki İşletme Niteliğindeki Müşteri Sayısı (Adet),,144880,13469,158349,7935,44,7979,154704,11240,165944,202920
2024-08,6,KOBI Kredileri,10001,1,"KOBİ Kredileri  (milyon TL), Dönem:2024/8",milyon TL,raw/2024-08_table06_group10001.json,84d5f514f82a1ce882f976cabafe045e068baf529710bd69fa76a0ae5dacb64c,raw/2024-08_table06_group10001_info.json,e79144f9dc7713a4fc64c8bf7eb44a4af4f4e250f60575dd73bcb64cef1d98f5,caption_and_validated_request_info,Sektör,1,Toplam KOBİ Kredileri (2+3+4),bold,3174959,683272,3858231,66891,1850,68741,1711038,354848,2065886,0
2024-08,6,KOBI Kredileri,10001,2,"KOBİ Kredileri  (milyon TL), Dönem:2024/8",milyon TL,raw/2024-08_table06_group10001.json,84d5f514f82a1ce882f976cabafe045e068baf529710bd69fa76a0ae5dacb64c,raw/2024-08_table06_group10001_info.json,e79144f9dc7713a4fc64c8bf7eb44a4af4f4e250f60575dd73bcb64cef1d98f5,caption_and_validated_request_info,Sektör,2,Mikro İşletmelere Kullandırılan Krediler,,1068554,56963,1125517,21305,61,21365,499086,23328,522415,0
2024-08,6,KOBI Kredileri,10001,3,"KOBİ Kredileri  (milyon TL), Dönem:2024/8",milyon TL,raw/2024-08_table06_group10001.json,84d5f514f82a1ce882f976cabafe045e068baf529710bd69fa76a0ae5dacb64c,raw/2024-08_table06_group10001_info.json,e79144f9dc7713a4fc64c8bf7eb44a4af4f4e250f60575dd73bcb64cef1d98f5,caption_and_validated_request_info,Sektör,3,Küçük İşletmelere Kullandırılan Krediler,,1018041,152558,1170599,21554,936,22490,501888,78058,579946,0
2024-08,6,KOBI Kredileri,10001,4,"KOBİ Kredileri  (milyon TL), Dönem:2024/8",milyon TL,raw/2024-08_table06_group10001.json,84d5f514f82a1ce882f976cabafe045e068baf529710bd69fa76a0ae5dacb64c,raw/2024-08_table06_group10001_info.json,e79144f9dc7713a4fc64c8bf7eb44a4af4f4e250f60575dd73bcb64cef1d98f5,caption_and_validated_request_info,Sektör,4,Orta Büyüklükteki İşletmelere Kullandırılan Krediler,,1088364,473751,1562115,24032,853,24885,710064,253461,963525,0
2024-08,6,KOBI Kredileri,10001,5,"KOBİ Kredileri  (milyon TL), Dönem:2024/8",milyon TL,raw/2024-08_table06_group10001.json,84d5f514f82a1ce882f976cabafe045e068baf529710bd69fa76a0ae5dacb64c,raw/2024-08_table06_group10001_info.json,e79144f9dc7713a4fc64c8bf7eb44a4af4f4e250f60575dd73bcb64cef1d98f5,caption_and_validated_request_info,Sektör,5,Toplam KOBİ Niteliğindeki Müşteri Sayısı (6+7+8) (Adet),bold,4511701,32173,4543874,271705,149,271854,3730087,23401,3753488,5920412
2024-08,6,KOBI Kredileri,10001,6,"KOBİ Kredileri  (milyon TL), Dönem:2024/8",milyon TL,raw/2024-08_table06_group10001.json,84d5f514f82a1ce882f976cabafe045e068baf529710bd69fa76a0ae5dacb64c,raw/2024-08_table06_group10001_info.json,e79144f9dc7713a4fc64c8bf7eb44a4af4f4e250f60575dd73bcb64cef1d98f5,caption_and_validated_request_info,Sektör,6,Mikro İşletme Niteliğindeki Müşteri Sayısı (Adet),,3869748,5910,3875658,234985,25,235010,3054104,3196,3057300,5054124
2024-08,6,KOBI Kredileri,10001,7,"KOBİ Kredileri  (milyon TL), Dönem:2024/8",milyon TL,raw/2024-08_table06_group10001.json,84d5f514f82a1ce882f976cabafe045e068baf529710bd69fa76a0ae5dacb64c,raw/2024-08_table06_group10001_info.json,e79144f9dc7713a4fc64c8bf7eb44a4af4f4e250f60575dd73bcb64cef1d98f5,caption_and_validated_request_info,Sektör,7,Küçük İşletme Niteliğindeki Müşteri Sayısı (Adet),,498173,12332,510505,27970,76,28046,520055,8904,528959,661207
2024-08,6,KOBI Kredileri,10001,8,"KOBİ Kredileri  (milyon TL), Dönem:2024/8",milyon TL,raw/2024-08_table06_group10001.json,84d5f514f82a1ce882f976cabafe045e068baf529710bd69fa76a0ae5dacb64c,raw/2024-08_table06_group10001_info.json,e79144f9dc7713a4fc64c8bf7eb44a4af4f4e250f60575dd73bcb64cef1d98f5,caption_and_validated_request_info,Sektör,8,Orta Büyüklükteki İşletme Niteliğindeki Müşteri Sayısı (Adet),,143780,13931,157711,8750,48,8798,155928,11301,167229,205081
2024-09,6,KOBI Kredileri,10001,1,"KOBİ Kredileri  (milyon TL), Dönem:2024/9",milyon TL,raw/2024-09_table06_group10001.json,261121bd10cc532d94b441f33ab0e1f6f9c52bdf120ea5f47a52fdb422b6a7f1,raw/2024-09_table06_group10001_info.json,7c2fdec20c40d0e62ea85f913180a8f91cb6119b1ec0b714db7654969d136cfd,caption_and_validated_request_info,Sektör,1,Toplam KOBİ Kredileri (2+3+4),bold,3286878,709401,3996279,70608,1581,72189,1777974,367249,2145223,0
2024-09,6,KOBI Kredileri,10001,2,"KOBİ Kredileri  (milyon TL), Dönem:2024/9",milyon TL,raw/2024-09_table06_group10001.json,261121bd10cc532d94b441f33ab0e1f6f9c52bdf120ea5f47a52fdb422b6a7f1,raw/2024-09_table06_group10001_info.json,7c2fdec20c40d0e62ea85f913180a8f91cb6119b1ec0b714db7654969d136cfd,caption_and_validated_request_info,Sektör,2,Mikro İşletmelere Kullandırılan Krediler,,1095132,62014,1157146,22303,67,22370,514783,23156,537938,0
2024-09,6,KOBI Kredileri,10001,3,"KOBİ Kredileri  (milyon TL), Dönem:2024/9",milyon TL,raw/2024-09_table06_group10001.json,261121bd10cc532d94b441f33ab0e1f6f9c52bdf120ea5f47a52fdb422b6a7f1,raw/2024-09_table06_group10001_info.json,7c2fdec20c40d0e62ea85f913180a8f91cb6119b1ec0b714db7654969d136cfd,caption_and_validated_request_info,Sektör,3,Küçük İşletmelere Kullandırılan Krediler,,1047525,150001,1197525,22721,937,23658,514682,78597,593279,0
2024-09,6,KOBI Kredileri,10001,4,"KOBİ Kredileri  (milyon TL), Dönem:2024/9",milyon TL,raw/2024-09_table06_group10001.json,261121bd10cc532d94b441f33ab0e1f6f9c52bdf120ea5f47a52fdb422b6a7f1,raw/2024-09_table06_group10001_info.json,7c2fdec20c40d0e62ea85f913180a8f91cb6119b1ec0b714db7654969d136cfd,caption_and_validated_request_info,Sektör,4,Orta Büyüklükteki İşletmelere Kullandırılan Krediler,,1144221,497386,1641607,25584,577,26161,748510,265496,1014005,0
2024-09,6,KOBI Kredileri,10001,5,"KOBİ Kredileri  (milyon TL), Dönem:2024/9",milyon TL,raw/2024-09_table06_group10001.json,261121bd10cc532d94b441f33ab0e1f6f9c52bdf120ea5f47a52fdb422b6a7f1,raw/2024-09_table06_group10001_info.json,7c2fdec20c40d0e62ea85f913180a8f91cb6119b1ec0b714db7654969d136cfd,caption_and_validated_request_info,Sektör,5,Toplam KOBİ Niteliğindeki Müşteri Sayısı (6+7+8) (Adet),bold,4519174,33505,4552679,261190,153,261343,3751654,23798,3775452,5906978
2024-09,6,KOBI Kredileri,10001,6,"KOBİ Kredileri  (milyon TL), Dönem:2024/9",milyon TL,raw/2024-09_table06_group10001.json,261121bd10cc532d94b441f33ab0e1f6f9c52bdf120ea5f47a52fdb422b6a7f1,raw/2024-09_table06_group10001_info.json,7c2fdec20c40d0e62ea85f913180a8f91cb6119b1ec0b714db7654969d136cfd,caption_and_validated_request_info,Sektör,6,Mikro İşletme Niteliğindeki Müşteri Sayısı (Adet),,3864956,5821,3870777,227155,26,227181,3063646,3200,3066846,5040470
2024-09,6,KOBI Kredileri,10001,7,"KOBİ Kredileri  (milyon TL), Dönem:2024/9",milyon TL,raw/2024-09_table06_group10001.json,261121bd10cc532d94b441f33ab0e1f6f9c52bdf120ea5f47a52fdb422b6a7f1,raw/2024-09_table06_group10001_info.json,7c2fdec20c40d0e62ea85f913180a8f91cb6119b1ec0b714db7654969d136cfd,caption_and_validated_request_info,Sektör,7,Küçük İşletme Niteliğindeki Müşteri Sayısı (Adet),,505654,12887,518541,25983,79,26062,526696,8930,535626,659437
2024-09,6,KOBI Kredileri,10001,8,"KOBİ Kredileri  (milyon TL), Dönem:2024/9",milyon TL,raw/2024-09_table06_group10001.json,261121bd10cc532d94b441f33ab0e1f6f9c52bdf120ea5f47a52fdb422b6a7f1,raw/2024-09_table06_group10001_info.json,7c2fdec20c40d0e62ea85f913180a8f91cb6119b1ec0b714db7654969d136cfd,caption_and_validated_request_info,Sektör,8,Orta Büyüklükteki İşletme Niteliğindeki Müşteri Sayısı (Adet),,148564,14797,163361,8052,48,8100,161312,11668,172980,207071
2024-10,6,KOBI Kredileri,10001,1,"KOBİ Kredileri  (milyon TL), Dönem:2024/10",milyon TL,raw/2024-10_table06_group10001.json,3995bf11499139f7c64cc52cec0ce4b1b68d32c85385b04c8d0966a03b426f80,raw/2024-10_table06_group10001_info.json,6196f7c9087bb85de22134ccaa50ffdae0675967a169417d19bb0ba4c820223a,caption_and_validated_request_info,Sektör,1,Toplam KOBİ Kredileri (2+3+4),bold,3330011,722488,4052499,75640,1623,77263,1836057,375098,2211155,0
2024-10,6,KOBI Kredileri,10001,2,"KOBİ Kredileri  (milyon TL), Dönem:2024/10",milyon TL,raw/2024-10_table06_group10001.json,3995bf11499139f7c64cc52cec0ce4b1b68d32c85385b04c8d0966a03b426f80,raw/2024-10_table06_group10001_info.json,6196f7c9087bb85de22134ccaa50ffdae0675967a169417d19bb0ba4c820223a,caption_and_validated_request_info,Sektör,2,Mikro İşletmelere Kullandırılan Krediler,,1117516,63374,1180890,23913,66,23979,531766,25174,556940,0
2024-10,6,KOBI Kredileri,10001,3,"KOBİ Kredileri  (milyon TL), Dönem:2024/10",milyon TL,raw/2024-10_table06_group10001.json,3995bf11499139f7c64cc52cec0ce4b1b68d32c85385b04c8d0966a03b426f80,raw/2024-10_table06_group10001_info.json,6196f7c9087bb85de22134ccaa50ffdae0675967a169417d19bb0ba4c820223a,caption_and_validated_request_info,Sektör,3,Küçük İşletmelere Kullandırılan Krediler,,1059852,152549,1212401,24060,964,25025,531874,80342,612216,0
2024-10,6,KOBI Kredileri,10001,4,"KOBİ Kredileri  (milyon TL), Dönem:2024/10",milyon TL,raw/2024-10_table06_group10001.json,3995bf11499139f7c64cc52cec0ce4b1b68d32c85385b04c8d0966a03b426f80,raw/2024-10_table06_group10001_info.json,6196f7c9087bb85de22134ccaa50ffdae0675967a169417d19bb0ba4c820223a,caption_and_validated_request_info,Sektör,4,Orta Büyüklükteki İşletmelere Kullandırılan Krediler,,1152643,506565,1659207,27667,592,28259,772417,269581,1041999,0
2024-10,6,KOBI Kredileri,10001,5,"KOBİ Kredileri  (milyon TL), Dönem:2024/10",milyon TL,raw/2024-10_table06_group10001.json,3995bf11499139f7c64cc52cec0ce4b1b68d32c85385b04c8d0966a03b426f80,raw/2024-10_table06_group10001_info.json,6196f7c9087bb85de22134ccaa50ffdae0675967a169417d19bb0ba4c820223a,caption_and_validated_request_info,Sektör,5,Toplam KOBİ Niteliğindeki Müşteri Sayısı (6+7+8) (Adet),bold,4502818,34768,4537586,267371,167,267538,3793209,24158,3817367,5942304
2024-10,6,KOBI Kredileri,10001,6,"KOBİ Kredileri  (milyon TL), Dönem:2024/10",milyon TL,raw/2024-10_table06_group10001.json,3995bf11499139f7c64cc52cec0ce4b1b68d32c85385b04c8d0966a03b426f80,raw/2024-10_table06_group10001_info.json,6196f7c9087bb85de22134ccaa50ffdae0675967a169417d19bb0ba4c820223a,caption_and_validated_request_info,Sektör,6,Mikro İşletme Niteliğindeki Müşteri Sayısı (Adet),,3843809,5960,3849769,232119,27,232146,3095279,3251,3098530,5053037
2024-10,6,KOBI Kredileri,10001,7,"KOBİ Kredileri  (milyon TL), Dönem:2024/10",milyon TL,raw/2024-10_table06_group10001.json,3995bf11499139f7c64cc52cec0ce4b1b68d32c85385b04c8d0966a03b426f80,raw/2024-10_table06_group10001_info.json,6196f7c9087bb85de22134ccaa50ffdae0675967a169417d19bb0ba4c820223a,caption_and_validated_request_info,Sektör,7,Küçük İşletme Niteliğindeki Müşteri Sayısı (Adet),,508709,13383,522092,26854,87,26941,534096,9059,543155,675721
2024-10,6,KOBI Kredileri,10001,8,"KOBİ Kredileri  (milyon TL), Dönem:2024/10",milyon TL,raw/2024-10_table06_group10001.json,3995bf11499139f7c64cc52cec0ce4b1b68d32c85385b04c8d0966a03b426f80,raw/2024-10_table06_group10001_info.json,6196f7c9087bb85de22134ccaa50ffdae0675967a169417d19bb0ba4c820223a,caption_and_validated_request_info,Sektör,8,Orta Büyüklükteki İşletme Niteliğindeki Müşteri Sayısı (Adet),,150300,15425,165725,8398,53,8451,163834,11848,175682,213546
2024-11,6,KOBI Kredileri,10001,1,"KOBİ Kredileri  (milyon TL), Dönem:2024/11",milyon TL,raw/2024-11_table06_group10001.json,a4a673df3d84cb9886593fc00100fa74cea32adb99843767f4c16df3eeadafc2,raw/2024-11_table06_group10001_info.json,afffd62e692555e25d2afde3b9693614bcba0924bd2d93aef4a73e39eab8ce26,caption_and_validated_request_info,Sektör,1,Toplam KOBİ Kredileri (2+3+4),bold,3402559,752373,4154932,79437,1718,81156,1895627,386586,2282213,0
2024-11,6,KOBI Kredileri,10001,2,"KOBİ Kredileri  (milyon TL), Dönem:2024/11",milyon TL,raw/2024-11_table06_group10001.json,a4a673df3d84cb9886593fc00100fa74cea32adb99843767f4c16df3eeadafc2,raw/2024-11_table06_group10001_info.json,afffd62e692555e25d2afde3b9693614bcba0924bd2d93aef4a73e39eab8ce26,caption_and_validated_request_info,Sektör,2,Mikro İşletmelere Kullandırılan Krediler,,1156657,69329,1225986,24973,67,25040,546293,26839,573132,0
2024-11,6,KOBI Kredileri,10001,3,"KOBİ Kredileri  (milyon TL), Dönem:2024/11",milyon TL,raw/2024-11_table06_group10001.json,a4a673df3d84cb9886593fc00100fa74cea32adb99843767f4c16df3eeadafc2,raw/2024-11_table06_group10001_info.json,afffd62e692555e25d2afde3b9693614bcba0924bd2d93aef4a73e39eab8ce26,caption_and_validated_request_info,Sektör,3,Küçük İşletmelere Kullandırılan Krediler,,1078225,157493,1235719,25608,1001,26609,547387,84305,631692,0
2024-11,6,KOBI Kredileri,10001,4,"KOBİ Kredileri  (milyon TL), Dönem:2024/11",milyon TL,raw/2024-11_table06_group10001.json,a4a673df3d84cb9886593fc00100fa74cea32adb99843767f4c16df3eeadafc2,raw/2024-11_table06_group10001_info.json,afffd62e692555e25d2afde3b9693614bcba0924bd2d93aef4a73e39eab8ce26,caption_and_validated_request_info,Sektör,4,Orta Büyüklükteki İşletmelere Kullandırılan Krediler,,1167677,525550,1693227,28856,651,29507,801946,275443,1077389,0
2024-11,6,KOBI Kredileri,10001,5,"KOBİ Kredileri  (milyon TL), Dönem:2024/11",milyon TL,raw/2024-11_table06_group10001.json,a4a673df3d84cb9886593fc00100fa74cea32adb99843767f4c16df3eeadafc2,raw/2024-11_table06_group10001_info.json,afffd62e692555e25d2afde3b9693614bcba0924bd2d93aef4a73e39eab8ce26,caption_and_validated_request_info,Sektör,5,Toplam KOBİ Niteliğindeki Müşteri Sayısı (6+7+8) (Adet),bold,4509172,38653,4547825,269277,195,269472,3706484,25017,3731501,5958549
2024-11,6,KOBI Kredileri,10001,6,"KOBİ Kredileri  (milyon TL), Dönem:2024/11",milyon TL,raw/2024-11_table06_group10001.json,a4a673df3d84cb9886593fc00100fa74cea32adb99843767f4c16df3eeadafc2,raw/2024-11_table06_group10001_info.json,afffd62e692555e25d2afde3b9693614bcba0924bd2d93aef4a73e39eab8ce26,caption_and_validated_request_info,Sektör,6,Mikro İşletme Niteliğindeki Müşteri Sayısı (Adet),,3838985,6563,3845548,233004,30,233034,3007192,3358,3010550,5063948
2024-11,6,KOBI Kredileri,10001,7,"KOBİ Kredileri  (milyon TL), Dönem:2024/11",milyon TL,raw/2024-11_table06_group10001.json,a4a673df3d84cb9886593fc00100fa74cea32adb99843767f4c16df3eeadafc2,raw/2024-11_table06_group10001_info.json,afffd62e692555e25d2afde3b9693614bcba0924bd2d93aef4a73e39eab8ce26,caption_and_validated_request_info,Sektör,7,Küçük İşletme Niteliğindeki Müşteri Sayısı (Adet),,516304,15028,531332,27592,103,27695,532805,9451,542256,679620
2024-11,6,KOBI Kredileri,10001,8,"KOBİ Kredileri  (milyon TL), Dönem:2024/11",milyon TL,raw/2024-11_table06_group10001.json,a4a673df3d84cb9886593fc00100fa74cea32adb99843767f4c16df3eeadafc2,raw/2024-11_table06_group10001_info.json,afffd62e692555e25d2afde3b9693614bcba0924bd2d93aef4a73e39eab8ce26,caption_and_validated_request_info,Sektör,8,Orta Büyüklükteki İşletme Niteliğindeki Müşteri Sayısı (Adet),,153883,17062,170945,8681,62,8743,166487,12208,178695,214981
2024-12,6,KOBI Kredileri,10001,1,"KOBİ Kredileri  (milyon TL), Dönem:2024/12",milyon TL,raw/2024-12_table06_group10001.json,1aef6696fbb880cf7a6362f28d5cb9757138d1cb3a4e56db44b5958343b34ccb,raw/2024-12_table06_group10001_info.json,368ba1db52c6298a91d0ad4ae7eb1d854296ac620812fd249b3b09178a796fbc,caption_and_validated_request_info,Sektör,1,Toplam KOBİ Kredileri (2+3+4),bold,3524720,760938,4285659,85319,1203,86522,1932475,399133,2331608,0
2024-12,6,KOBI Kredileri,10001,2,"KOBİ Kredileri  (milyon TL), Dönem:2024/12",milyon TL,raw/2024-12_table06_group10001.json,1aef6696fbb880cf7a6362f28d5cb9757138d1cb3a4e56db44b5958343b34ccb,raw/2024-12_table06_group10001_info.json,368ba1db52c6298a91d0ad4ae7eb1d854296ac620812fd249b3b09178a796fbc,caption_and_validated_request_info,Sektör,2,Mikro İşletmelere Kullandırılan Krediler,,1209432,79977,1289409,26958,51,27009,552462,26093,578555,0
2024-12,6,KOBI Kredileri,10001,3,"KOBİ Kredileri  (milyon TL), Dönem:2024/12",milyon TL,raw/2024-12_table06_group10001.json,1aef6696fbb880cf7a6362f28d5cb9757138d1cb3a4e56db44b5958343b34ccb,raw/2024-12_table06_group10001_info.json,368ba1db52c6298a91d0ad4ae7eb1d854296ac620812fd249b3b09178a796fbc,caption_and_validated_request_info,Sektör,3,Küçük İşletmelere Kullandırılan Krediler,,1121674,155900,1277574,27220,921,28141,562513,88068,650580,0
2024-12,6,KOBI Kredileri,10001,4,"KOBİ Kredileri  (milyon TL), Dönem:2024/12",milyon TL,raw/2024-12_table06_group10001.json,1aef6696fbb880cf7a6362f28d5cb9757138d1cb3a4e56db44b5958343b34ccb,raw/2024-12_table06_group10001_info.json,368ba1db52c6298a91d0ad4ae7eb1d854296ac620812fd249b3b09178a796fbc,caption_and_validated_request_info,Sektör,4,Orta Büyüklükteki İşletmelere Kullandırılan Krediler,,1193614,525061,1718675,31141,232,31373,817500,284973,1102473,0
2024-12,6,KOBI Kredileri,10001,5,"KOBİ Kredileri  (milyon TL), Dönem:2024/12",milyon TL,raw/2024-12_table06_group10001.json,1aef6696fbb880cf7a6362f28d5cb9757138d1cb3a4e56db44b5958343b34ccb,raw/2024-12_table06_group10001_info.json,368ba1db52c6298a91d0ad4ae7eb1d854296ac620812fd249b3b09178a796fbc,caption_and_validated_request_info,Sektör,5,Toplam KOBİ Niteliğindeki Müşteri Sayısı (6+7+8) (Adet),bold,4520625,37381,4558006,273607,166,273773,3732040,24810,3756850,5986546
2024-12,6,KOBI Kredileri,10001,6,"KOBİ Kredileri  (milyon TL), Dönem:2024/12",milyon TL,raw/2024-12_table06_group10001.json,1aef6696fbb880cf7a6362f28d5cb9757138d1cb3a4e56db44b5958343b34ccb,raw/2024-12_table06_group10001_info.json,368ba1db52c6298a91d0ad4ae7eb1d854296ac620812fd249b3b09178a796fbc,caption_and_validated_request_info,Sektör,6,Mikro İşletme Niteliğindeki Müşteri Sayısı (Adet),,3854750,6458,3861208,237154,27,237181,3034651,3286,3037937,5084495
2024-12,6,KOBI Kredileri,10001,7,"KOBİ Kredileri  (milyon TL), Dönem:2024/12",milyon TL,raw/2024-12_table06_group10001.json,1aef6696fbb880cf7a6362f28d5cb9757138d1cb3a4e56db44b5958343b34ccb,raw/2024-12_table06_group10001_info.json,368ba1db52c6298a91d0ad4ae7eb1d854296ac620812fd249b3b09178a796fbc,caption_and_validated_request_info,Sektör,7,Küçük İşletme Niteliğindeki Müşteri Sayısı (Adet),,515110,14415,529525,27664,92,27756,533085,9352,542437,685937
2024-12,6,KOBI Kredileri,10001,8,"KOBİ Kredileri  (milyon TL), Dönem:2024/12",milyon TL,raw/2024-12_table06_group10001.json,1aef6696fbb880cf7a6362f28d5cb9757138d1cb3a4e56db44b5958343b34ccb,raw/2024-12_table06_group10001_info.json,368ba1db52c6298a91d0ad4ae7eb1d854296ac620812fd249b3b09178a796fbc,caption_and_validated_request_info,Sektör,8,Orta Büyüklükteki İşletme Niteliğindeki Müşteri Sayısı (Adet),,150765,16508,167273,8789,47,8836,164304,12172,176476,216114
2025-01,6,KOBI Kredileri,10001,1,"KOBİ Kredileri  (milyon TL), Dönem:2025/1",milyon TL,raw/2025-01_table06_group10001.json,82d7c98a78ec3d81b83890f8c9e60b6633cf43b192f7775a13fb9a9241d5bf01,raw/2025-01_table06_group10001_info.json,f354576fa3aa0b0e4f634bca23050c4bc494992ce1542685380aa0d311de4e9c,caption_and_validated_request_info,Sektör,1,Toplam KOBİ Kredileri (2+3+4),bold,3607666,787637,4395303,90393,1325,91718,2007307,413059,2420366,0
2025-01,6,KOBI Kredileri,10001,2,"KOBİ Kredileri  (milyon TL), Dönem:2025/1",milyon TL,raw/2025-01_table06_group10001.json,82d7c98a78ec3d81b83890f8c9e60b6633cf43b192f7775a13fb9a9241d5bf01,raw/2025-01_table06_group10001_info.json,f354576fa3aa0b0e4f634bca23050c4bc494992ce1542685380aa0d311de4e9c,caption_and_validated_request_info,Sektör,2,Mikro İşletmelere Kullandırılan Krediler,,1229011,74259,1303270,29927,57,29985,579641,26854,606495,0
2025-01,6,KOBI Kredileri,10001,3,"KOBİ Kredileri  (milyon TL), Dönem:2025/1",milyon TL,raw/2025-01_table06_group10001.json,82d7c98a78ec3d81b83890f8c9e60b6633cf43b192f7775a13fb9a9241d5bf01,raw/2025-01_table06_group10001_info.json,f354576fa3aa0b0e4f634bca23050c4bc494992ce1542685380aa0d311de4e9c,caption_and_validated_request_info,Sektör,3,Küçük İşletmelere Kullandırılan Krediler,,1143483,162399,1305881,27793,995,28788,583728,87451,671179,0
2025-01,6,KOBI Kredileri,10001,4,"KOBİ Kredileri  (milyon TL), Dönem:2025/1",milyon TL,raw/2025-01_table06_group10001.json,82d7c98a78ec3d81b83890f8c9e60b6633cf43b192f7775a13fb9a9241d5bf01,raw/2025-01_table06_group10001_info.json,f354576fa3aa0b0e4f634bca23050c4bc494992ce1542685380aa0d311de4e9c,caption_and_validated_request_info,Sektör,4,Orta Büyüklükteki İşletmelere Kullandırılan Krediler,,1235173,550979,1786152,32672,273,32945,843938,298755,1142692,0
2025-01,6,KOBI Kredileri,10001,5,"KOBİ Kredileri  (milyon TL), Dönem:2025/1",milyon TL,raw/2025-01_table06_group10001.json,82d7c98a78ec3d81b83890f8c9e60b6633cf43b192f7775a13fb9a9241d5bf01,raw/2025-01_table06_group10001_info.json,f354576fa3aa0b0e4f634bca23050c4bc494992ce1542685380aa0d311de4e9c,caption_and_validated_request_info,Sektör,5,Toplam KOBİ Niteliğindeki Müşteri Sayısı (6+7+8) (Adet),bold,4575511,39000,4614511,279885,200,280085,3812792,25141,3837933,6004942
2025-01,6,KOBI Kredileri,10001,6,"KOBİ Kredileri  (milyon TL), Dönem:2025/1",milyon TL,raw/2025-01_table06_group10001.json,82d7c98a78ec3d81b83890f8c9e60b6633cf43b192f7775a13fb9a9241d5bf01,raw/2025-01_table06_group10001_info.json,f354576fa3aa0b0e4f634bca23050c4bc494992ce1542685380aa0d311de4e9c,caption_and_validated_request_info,Sektör,6,Mikro İşletme Niteliğindeki Müşteri Sayısı (Adet),,3889721,6618,3896339,244260,28,244288,3099046,3222,3102268,5148289
2025-01,6,KOBI Kredileri,10001,7,"KOBİ Kredileri  (milyon TL), Dönem:2025/1",milyon TL,raw/2025-01_table06_group10001.json,82d7c98a78ec3d81b83890f8c9e60b6633cf43b192f7775a13fb9a9241d5bf01,raw/2025-01_table06_group10001_info.json,f354576fa3aa0b0e4f634bca23050c4bc494992ce1542685380aa0d311de4e9c,caption_and_validated_request_info,Sektör,7,Küçük İşletme Niteliğindeki Müşteri Sayısı (Adet),,530735,15044,545779,26321,110,26431,545741,9356,555097,634324
2025-01,6,KOBI Kredileri,10001,8,"KOBİ Kredileri  (milyon TL), Dönem:2025/1",milyon TL,raw/2025-01_table06_group10001.json,82d7c98a78ec3d81b83890f8c9e60b6633cf43b192f7775a13fb9a9241d5bf01,raw/2025-01_table06_group10001_info.json,f354576fa3aa0b0e4f634bca23050c4bc494992ce1542685380aa0d311de4e9c,caption_and_validated_request_info,Sektör,8,Orta Büyüklükteki İşletme Niteliğindeki Müşteri Sayısı (Adet),,155055,17338,172393,9304,62,9366,168005,12563,180568,222329
2025-02,6,KOBI Kredileri,10001,1,"KOBİ Kredileri  (milyon TL), Dönem:2025/2",milyon TL,raw/2025-02_table06_group10001.json,a6868883b084845ff8462266ec61be3a7038085d67f3acc3bffa9799c03b69d1,raw/2025-02_table06_group10001_info.json,c44313501df7424279f6c677a2d099424ad75084940c7a801b8511a15489598b,caption_and_validated_request_info,Sektör,1,Toplam KOBİ Kredileri (2+3+4),bold,3728930,827664,4556595,95216,1647,96863,2087773,430052,2517824,0
2025-02,6,KOBI Kredileri,10001,2,"KOBİ Kredileri  (milyon TL), Dönem:2025/2",milyon TL,raw/2025-02_table06_group10001.json,a6868883b084845ff8462266ec61be3a7038085d67f3acc3bffa9799c03b69d1,raw/2025-02_table06_group10001_info.json,c44313501df7424279f6c677a2d099424ad75084940c7a801b8511a15489598b,caption_and_validated_request_info,Sektör,2,Mikro İşletmelere Kullandırılan Krediler,,1239793,76300,1316093,30419,35,30454,589132,28192,617324,0
2025-02,6,KOBI Kredileri,10001,3,"KOBİ Kredileri  (milyon TL), Dönem:2025/2",milyon TL,raw/2025-02_table06_group10001.json,a6868883b084845ff8462266ec61be3a7038085d67f3acc3bffa9799c03b69d1,raw/2025-02_table06_group10001_info.json,c44313501df7424279f6c677a2d099424ad75084940c7a801b8511a15489598b,caption_and_validated_request_info,Sektör,3,Küçük İşletmelere Kullandırılan Krediler,,1214345,172997,1387343,29100,1013,30113,625791,92396,718187,0
2025-02,6,KOBI Kredileri,10001,4,"KOBİ Kredileri  (milyon TL), Dönem:2025/2",milyon TL,raw/2025-02_table06_group10001.json,a6868883b084845ff8462266ec61be3a7038085d67f3acc3bffa9799c03b69d1,raw/2025-02_table06_group10001_info.json,c44313501df7424279f6c677a2d099424ad75084940c7a801b8511a15489598b,caption_and_validated_request_info,Sektör,4,Orta Büyüklükteki İşletmelere Kullandırılan Krediler,,1274792,578367,1853159,35697,599,36296,872849,309464,1182313,0
2025-02,6,KOBI Kredileri,10001,5,"KOBİ Kredileri  (milyon TL), Dönem:2025/2",milyon TL,raw/2025-02_table06_group10001.json,a6868883b084845ff8462266ec61be3a7038085d67f3acc3bffa9799c03b69d1,raw/2025-02_table06_group10001_info.json,c44313501df7424279f6c677a2d099424ad75084940c7a801b8511a15489598b,caption_and_validated_request_info,Sektör,5,Toplam KOBİ Niteliğindeki Müşteri Sayısı (6+7+8) (Adet),bold,4575482,40149,4615631,283704,202,283906,3843324,25440,3868764,6101757
2025-02,6,KOBI Kredileri,10001,6,"KOBİ Kredileri  (milyon TL), Dönem:2025/2",milyon TL,raw/2025-02_table06_group10001.json,a6868883b084845ff8462266ec61be3a7038085d67f3acc3bffa9799c03b69d1,raw/2025-02_table06_group10001_info.json,c44313501df7424279f6c677a2d099424ad75084940c7a801b8511a15489598b,caption_and_validated_request_info,Sektör,6,Mikro İşletme Niteliğindeki Müşteri Sayısı (Adet),,3863749,6470,3870219,245070,28,245098,3090766,3161,3093927,5130403
2025-02,6,KOBI Kredileri,10001,7,"KOBİ Kredileri  (milyon TL), Dönem:2025/2",milyon TL,raw/2025-02_table06_group10001.json,a6868883b084845ff8462266ec61be3a7038085d67f3acc3bffa9799c03b69d1,raw/2025-02_table06_group10001_info.json,c44313501df7424279f6c677a2d099424ad75084940c7a801b8511a15489598b,caption_and_validated_request_info,Sektör,7,Küçük İşletme Niteliğindeki Müşteri Sayısı (Adet),,554567,15494,570061,29142,109,29251,580563,9653,590216,742999
2025-02,6,KOBI Kredileri,10001,8,"KOBİ Kredileri  (milyon TL), Dönem:2025/2",milyon TL,raw/2025-02_table06_group10001.json,a6868883b084845ff8462266ec61be3a7038085d67f3acc3bffa9799c03b69d1,raw/2025-02_table06_group10001_info.json,c44313501df7424279f6c677a2d099424ad75084940c7a801b8511a15489598b,caption_and_validated_request_info,Sektör,8,Orta Büyüklükteki İşletme Niteliğindeki Müşteri Sayısı (Adet),,157166,18185,175351,9492,65,9557,171995,12626,184621,228355
2025-03,6,KOBI Kredileri,10001,1,"KOBİ Kredileri  (milyon TL), Dönem:2025/3",milyon TL,raw/2025-03_table06_group10001.json,a34bcfbfccd0fcb9a2c13c021f4a2f70a027bbcc8ea6022be0e3d4b1535b5d60,raw/2025-03_table06_group10001_info.json,1d4384e42aec1de83f175408444ffef6f3c506e9acccc833593023c6ed741a61,caption_and_validated_request_info,Sektör,1,Toplam KOBİ Kredileri (2+3+4),bold,3838217,887473,4725691,103688,2129,105817,2163407,469368,2632776,0
2025-03,6,KOBI Kredileri,10001,2,"KOBİ Kredileri  (milyon TL), Dönem:2025/3",milyon TL,raw/2025-03_table06_group10001.json,a34bcfbfccd0fcb9a2c13c021f4a2f70a027bbcc8ea6022be0e3d4b1535b5d60,raw/2025-03_table06_group10001_info.json,1d4384e42aec1de83f175408444ffef6f3c506e9acccc833593023c6ed741a61,caption_and_validated_request_info,Sektör,2,Mikro İşletmelere Kullandırılan Krediler,,1286808,78037,1364845,31822,74,31896,612012,31005,643017,0
2025-03,6,KOBI Kredileri,10001,3,"KOBİ Kredileri  (milyon TL), Dönem:2025/3",milyon TL,raw/2025-03_table06_group10001.json,a34bcfbfccd0fcb9a2c13c021f4a2f70a027bbcc8ea6022be0e3d4b1535b5d60,raw/2025-03_table06_group10001_info.json,1d4384e42aec1de83f175408444ffef6f3c506e9acccc833593023c6ed741a61,caption_and_validated_request_info,Sektör,3,Küçük İşletmelere Kullandırılan Krediler,,1253950,184158,1438108,32520,1116,33636,654796,107458,762254,0
2025-03,6,KOBI Kredileri,10001,4,"KOBİ Kredileri  (milyon TL), Dönem:2025/3",milyon TL,raw/2025-03_table06_group10001.json,a34bcfbfccd0fcb9a2c13c021f4a2f70a027bbcc8ea6022be0e3d4b1535b5d60,raw/2025-03_table06_group10001_info.json,1d4384e42aec1de83f175408444ffef6f3c506e9acccc833593023c6ed741a61,caption_and_validated_request_info,Sektör,4,Orta Büyüklükteki İşletmelere Kullandırılan Krediler,,1297459,625279,1922737,39346,938,40285,896599,330906,1227504,0
2025-03,6,KOBI Kredileri,10001,5,"KOBİ Kredileri  (milyon TL), Dönem:2025/3",milyon TL,raw/2025-03_table06_group10001.json,a34bcfbfccd0fcb9a2c13c021f4a2f70a027bbcc8ea6022be0e3d4b1535b5d60,raw/2025-03_table06_group10001_info.json,1d4384e42aec1de83f175408444ffef6f3c506e9acccc833593023c6ed741a61,caption_and_validated_request_info,Sektör,5,Toplam KOBİ Niteliğindeki Müşteri Sayısı (6+7+8) (Adet),bold,4607038,40789,4647827,281128,226,281354,3895196,25899,3921095,6145851
2025-03,6,KOBI Kredileri,10001,6,"KOBİ Kredileri  (milyon TL), Dönem:2025/3",milyon TL,raw/2025-03_table06_group10001.json,a34bcfbfccd0fcb9a2c13c021f4a2f70a027bbcc8ea6022be0e3d4b1535b5d60,raw/2025-03_table06_group10001_info.json,1d4384e42aec1de83f175408444ffef6f3c506e9acccc833593023c6ed741a61,caption_and_validated_request_info,Sektör,6,Mikro İşletme Niteliğindeki Müşteri Sayısı (Adet),,3892743,6997,3899740,240446,32,240478,3134425,3303,3137728,5167638
2025-03,6,KOBI Kredileri,10001,7,"KOBİ Kredileri  (milyon TL), Dönem:2025/3",milyon TL,raw/2025-03_table06_group10001.json,a34bcfbfccd0fcb9a2c13c021f4a2f70a027bbcc8ea6022be0e3d4b1535b5d60,raw/2025-03_table06_group10001_info.json,1d4384e42aec1de83f175408444ffef6f3c506e9acccc833593023c6ed741a61,caption_and_validated_request_info,Sektör,7,Küçük İşletme Niteliğindeki Müşteri Sayısı (Adet),,559683,15927,575610,30616,127,30743,589198,9902,599100,751593
2025-03,6,KOBI Kredileri,10001,8,"KOBİ Kredileri  (milyon TL), Dönem:2025/3",milyon TL,raw/2025-03_table06_group10001.json,a34bcfbfccd0fcb9a2c13c021f4a2f70a027bbcc8ea6022be0e3d4b1535b5d60,raw/2025-03_table06_group10001_info.json,1d4384e42aec1de83f175408444ffef6f3c506e9acccc833593023c6ed741a61,caption_and_validated_request_info,Sektör,8,Orta Büyüklükteki İşletme Niteliğindeki Müşteri Sayısı (Adet),,154612,17865,172477,10066,67,10133,171573,12694,184267,226620
2025-04,6,KOBI Kredileri,10001,1,"KOBİ Kredileri  (milyon TL), Dönem:2025/4",milyon TL,raw/2025-04_table06_group10001.json,794407ef4d0b1c785b7c3c8ef876b13648154fee3ffe9b5b014024193e5d645d,raw/2025-04_table06_group10001_info.json,43b1543cc7c583227b304a09c7ba5842879f86ac46ece9cea28b64f97ee8bdc7,caption_and_validated_request_info,Sektör,1,Toplam KOBİ Kredileri (2+3+4),bold,3965753,951323,4917075,113379,2553,115931,2244796,503190,2747986,0
2025-04,6,KOBI Kredileri,10001,2,"KOBİ Kredileri  (milyon TL), Dönem:2025/4",milyon TL,raw/2025-04_table06_group10001.json,794407ef4d0b1c785b7c3c8ef876b13648154fee3ffe9b5b014024193e5d645d,raw/2025-04_table06_group10001_info.json,43b1543cc7c583227b304a09c7ba5842879f86ac46ece9cea28b64f97ee8bdc7,caption_and_validated_request_info,Sektör,2,Mikro İşletmelere Kullandırılan Krediler,,1308012,83809,1391820,34441,92,34533,625430,30235,655664,0
2025-04,6,KOBI Kredileri,10001,3,"KOBİ Kredileri  (milyon TL), Dönem:2025/4",milyon TL,raw/2025-04_table06_group10001.json,794407ef4d0b1c785b7c3c8ef876b13648154fee3ffe9b5b014024193e5d645d,raw/2025-04_table06_group10001_info.json,43b1543cc7c583227b304a09c7ba5842879f86ac46ece9cea28b64f97ee8bdc7,caption_and_validated_request_info,Sektör,3,Küçük İşletmelere Kullandırılan Krediler,,1261493,188052,1449545,34171,1288,35459,656002,106790,762792,0
2025-04,6,KOBI Kredileri,10001,4,"KOBİ Kredileri  (milyon TL), Dönem:2025/4",milyon TL,raw/2025-04_table06_group10001.json,794407ef4d0b1c785b7c3c8ef876b13648154fee3ffe9b5b014024193e5d645d,raw/2025-04_table06_group10001_info.json,43b1543cc7c583227b304a09c7ba5842879f86ac46ece9cea28b64f97ee8bdc7,caption_and_validated_request_info,Sektör,4,Orta Büyüklükteki İşletmelere Kullandırılan Krediler,,1396248,679462,2075710,44767,1172,45939,963365,366165,1329529,0
2025-04,6,KOBI Kredileri,10001,5,"KOBİ Kredileri  (milyon TL), Dönem:2025/4",milyon TL,raw/2025-04_table06_group10001.json,794407ef4d0b1c785b7c3c8ef876b13648154fee3ffe9b5b014024193e5d645d,raw/2025-04_table06_group10001_info.json,43b1543cc7c583227b304a09c7ba5842879f86ac46ece9cea28b64f97ee8bdc7,caption_and_validated_request_info,Sektör,5,Toplam KOBİ Niteliğindeki Müşteri Sayısı (6+7+8) (Adet),bold,4639652,41299,4680951,288262,267,288529,3946358,26416,3972774,6200324
2025-04,6,KOBI Kredileri,10001,6,"KOBİ Kredileri  (milyon TL), Dönem:2025/4",milyon TL,raw/2025-04_table06_group10001.json,794407ef4d0b1c785b7c3c8ef876b13648154fee3ffe9b5b014024193e5d645d,raw/2025-04_table06_group10001_info.json,43b1543cc7c583227b304a09c7ba5842879f86ac46ece9cea28b64f97ee8bdc7,caption_and_validated_request_info,Sektör,6,Mikro İşletme Niteliğindeki Müşteri Sayısı (Adet),,3911530,6613,3918143,248115,37,248152,3168101,3131,3171232,5204091
2025-04,6,KOBI Kredileri,10001,7,"KOBİ Kredileri  (milyon TL), Dönem:2025/4",milyon TL,raw/2025-04_table06_group10001.json,794407ef4d0b1c785b7c3c8ef876b13648154fee3ffe9b5b014024193e5d645d,raw/2025-04_table06_group10001_info.json,43b1543cc7c583227b304a09c7ba5842879f86ac46ece9cea28b64f97ee8bdc7,caption_and_validated_request_info,Sektör,7,Küçük İşletme Niteliğindeki Müşteri Sayısı (Adet),,566371,15930,582301,30176,139,30315,598861,9805,608666,760598
2025-04,6,KOBI Kredileri,10001,8,"KOBİ Kredileri  (milyon TL), Dönem:2025/4",milyon TL,raw/2025-04_table06_group10001.json,794407ef4d0b1c785b7c3c8ef876b13648154fee3ffe9b5b014024193e5d645d,raw/2025-04_table06_group10001_info.json,43b1543cc7c583227b304a09c7ba5842879f86ac46ece9cea28b64f97ee8bdc7,caption_and_validated_request_info,Sektör,8,Orta Büyüklükteki İşletme Niteliğindeki Müşteri Sayısı (Adet),,161751,18756,180507,9971,91,10062,179396,13480,192876,235635
2025-05,6,KOBI Kredileri,10001,1,"KOBİ Kredileri  (milyon TL), Dönem:2025/5",milyon TL,raw/2025-05_table06_group10001.json,514b80cdbb3e889fae2c642f638c06535db3be41653b33fbb339dd8c355d3970,raw/2025-05_table06_group10001_info.json,8365ebaf148c0cc06ad9011db1c353a0f694eb023ba1dbacfbad9ddb7bb90266,caption_and_validated_request_info,Sektör,1,Toplam KOBİ Kredileri (2+3+4),bold,3877835,857322,4735156,114844,2302,117146,2109169,451335,2560505,0
2025-05,6,KOBI Kredileri,10001,2,"KOBİ Kredileri  (milyon TL), Dönem:2025/5",milyon TL,raw/2025-05_table06_group10001.json,514b80cdbb3e889fae2c642f638c06535db3be41653b33fbb339dd8c355d3970,raw/2025-05_table06_group10001_info.json,8365ebaf148c0cc06ad9011db1c353a0f694eb023ba1dbacfbad9ddb7bb90266,caption_and_validated_request_info,Sektör,2,Mikro İşletmelere Kullandırılan Krediler,,1292893,67959,1360852,35770,90,35860,616094,28205,644299,0
2025-05,6,KOBI Kredileri,10001,3,"KOBİ Kredileri  (milyon TL), Dönem:2025/5",milyon TL,raw/2025-05_table06_group10001.json,514b80cdbb3e889fae2c642f638c06535db3be41653b33fbb339dd8c355d3970,raw/2025-05_table06_group10001_info.json,8365ebaf148c0cc06ad9011db1c353a0f694eb023ba1dbacfbad9ddb7bb90266,caption_and_validated_request_info,Sektör,3,Küçük İşletmelere Kullandırılan Krediler,,1207981,174386,1382367,35417,1282,36700,614022,98540,712562,0
2025-05,6,KOBI Kredileri,10001,4,"KOBİ Kredileri  (milyon TL), Dönem:2025/5",milyon TL,raw/2025-05_table06_group10001.json,514b80cdbb3e889fae2c642f638c06535db3be41653b33fbb339dd8c355d3970,raw/2025-05_table06_group10001_info.json,8365ebaf148c0cc06ad9011db1c353a0f694eb023ba1dbacfbad9ddb7bb90266,caption_and_validated_request_info,Sektör,4,Orta Büyüklükteki İşletmelere Kullandırılan Krediler,,1376960,614977,1991937,43657,930,44587,879053,324591,1203643,0
2025-05,6,KOBI Kredileri,10001,5,"KOBİ Kredileri  (milyon TL), Dönem:2025/5",milyon TL,raw/2025-05_table06_group10001.json,514b80cdbb3e889fae2c642f638c06535db3be41653b33fbb339dd8c355d3970,raw/2025-05_table06_group10001_info.json,8365ebaf148c0cc06ad9011db1c353a0f694eb023ba1dbacfbad9ddb7bb90266,caption_and_validated_request_info,Sektör,5,Toplam KOBİ Niteliğindeki Müşteri Sayısı (6+7+8) (Adet),bold,4617399,39733,4657132,290632,289,290921,3921359,25179,3946538,6187497
2025-05,6,KOBI Kredileri,10001,6,"KOBİ Kredileri  (milyon TL), Dönem:2025/5",milyon TL,raw/2025-05_table06_group10001.json,514b80cdbb3e889fae2c642f638c06535db3be41653b33fbb339dd8c355d3970,raw/2025-05_table06_group10001_info.json,8365ebaf148c0cc06ad9011db1c353a0f694eb023ba1dbacfbad9ddb7bb90266,caption_and_validated_request_info,Sektör,6,Mikro İşletme Niteliğindeki Müşteri Sayısı (Adet),,3876381,6041,3882422,250822,39,250861,3127880,2862,3130742,5172700
2025-05,6,KOBI Kredileri,10001,7,"KOBİ Kredileri  (milyon TL), Dönem:2025/5",milyon TL,raw/2025-05_table06_group10001.json,514b80cdbb3e889fae2c642f638c06535db3be41653b33fbb339dd8c355d3970,raw/2025-05_table06_group10001_info.json,8365ebaf148c0cc06ad9011db1c353a0f694eb023ba1dbacfbad9ddb7bb90266,caption_and_validated_request_info,Sektör,7,Küçük İşletme Niteliğindeki Müşteri Sayısı (Adet),,569755,15190,584945,29831,148,29979,604148,9253,613401,767496
2025-05,6,KOBI Kredileri,10001,8,"KOBİ Kredileri  (milyon TL), Dönem:2025/5",milyon TL,raw/2025-05_table06_group10001.json,514b80cdbb3e889fae2c642f638c06535db3be41653b33fbb339dd8c355d3970,raw/2025-05_table06_group10001_info.json,8365ebaf148c0cc06ad9011db1c353a0f694eb023ba1dbacfbad9ddb7bb90266,caption_and_validated_request_info,Sektör,8,Orta Büyüklükteki İşletme Niteliğindeki Müşteri Sayısı (Adet),,171263,18502,189765,9979,102,10081,189331,13064,202395,247301
2025-06,6,KOBI Kredileri,10001,1,"KOBİ Kredileri  (milyon TL), Dönem:2025/6",milyon TL,raw/2025-06_table06_group10001.json,012fe1002c0a66a728515699ad2e1ad14dba71ed7a30da450c195f6429a86d5f,raw/2025-06_table06_group10001_info.json,05f8200da692d4964105f6785f0c7832d0a3c47c67baa0e18251948906f3f34e,caption_and_validated_request_info,Sektör,1,Toplam KOBİ Kredileri (2+3+4),bold,3988024,876609,4864634,125242,2507,127749,2198019,457095,2655113,0
2025-06,6,KOBI Kredileri,10001,2,"KOBİ Kredileri  (milyon TL), Dönem:2025/6",milyon TL,raw/2025-06_table06_group10001.json,012fe1002c0a66a728515699ad2e1ad14dba71ed7a30da450c195f6429a86d5f,raw/2025-06_table06_group10001_info.json,05f8200da692d4964105f6785f0c7832d0a3c47c67baa0e18251948906f3f34e,caption_and_validated_request_info,Sektör,2,Mikro İşletmelere Kullandırılan Krediler,,1302367,73186,1375553,38257,116,38373,645972,26052,672023,0
2025-06,6,KOBI Kredileri,10001,3,"KOBİ Kredileri  (milyon TL), Dönem:2025/6",milyon TL,raw/2025-06_table06_group10001.json,012fe1002c0a66a728515699ad2e1ad14dba71ed7a30da450c195f6429a86d5f,raw/2025-06_table06_group10001_info.json,05f8200da692d4964105f6785f0c7832d0a3c47c67baa0e18251948906f3f34e,caption_and_validated_request_info,Sektör,3,Küçük İşletmelere Kullandırılan Krediler,,1240443,174328,1414771,38682,1171,39853,634975,102464,737439,0
2025-06,6,KOBI Kredileri,10001,4,"KOBİ Kredileri  (milyon TL), Dönem:2025/6",milyon TL,raw/2025-06_table06_group10001.json,012fe1002c0a66a728515699ad2e1ad14dba71ed7a30da450c195f6429a86d5f,raw/2025-06_table06_group10001_info.json,05f8200da692d4964105f6785f0c7832d0a3c47c67baa0e18251948906f3f34e,caption_and_validated_request_info,Sektör,4,Orta Büyüklükteki İşletmelere Kullandırılan Krediler,,1445214,629096,2074310,48303,1220,49523,917072,328579,1245651,0
2025-06,6,KOBI Kredileri,10001,5,"KOBİ Kredileri  (milyon TL), Dönem:2025/6",milyon TL,raw/2025-06_table06_group10001.json,012fe1002c0a66a728515699ad2e1ad14dba71ed7a30da450c195f6429a86d5f,raw/2025-06_table06_group10001_info.json,05f8200da692d4964105f6785f0c7832d0a3c47c67baa0e18251948906f3f34e,caption_and_validated_request_info,Sektör,5,Toplam KOBİ Niteliğindeki Müşteri Sayısı (6+7+8) (Adet),bold,4639588,39949,4679537,294233,290,294523,3977376,25490,4002866,6228424
2025-06,6,KOBI Kredileri,10001,6,"KOBİ Kredileri  (milyon TL), Dönem:2025/6",milyon TL,raw/2025-06_table06_group10001.json,012fe1002c0a66a728515699ad2e1ad14dba71ed7a30da450c195f6429a86d5f,raw/2025-06_table06_group10001_info.json,05f8200da692d4964105f6785f0c7832d0a3c47c67baa0e18251948906f3f34e,caption_and_validated_request_info,Sektör,6,Mikro İşletme Niteliğindeki Müşteri Sayısı (Adet),,3874278,5922,3880200,253256,37,253293,3159457,2786,3162243,5183162
2025-06,6,KOBI Kredileri,10001,7,"KOBİ Kredileri  (milyon TL), Dönem:2025/6",milyon TL,raw/2025-06_table06_group10001.json,012fe1002c0a66a728515699ad2e1ad14dba71ed7a30da450c195f6429a86d5f,raw/2025-06_table06_group10001_info.json,05f8200da692d4964105f6785f0c7832d0a3c47c67baa0e18251948906f3f34e,caption_and_validated_request_info,Sektör,7,Küçük İşletme Niteliğindeki Müşteri Sayısı (Adet),,586121,15263,601384,30277,144,30421,621656,9307,630963,787663
2025-06,6,KOBI Kredileri,10001,8,"KOBİ Kredileri  (milyon TL), Dönem:2025/6",milyon TL,raw/2025-06_table06_group10001.json,012fe1002c0a66a728515699ad2e1ad14dba71ed7a30da450c195f6429a86d5f,raw/2025-06_table06_group10001_info.json,05f8200da692d4964105f6785f0c7832d0a3c47c67baa0e18251948906f3f34e,caption_and_validated_request_info,Sektör,8,Orta Büyüklükteki İşletme Niteliğindeki Müşteri Sayısı (Adet),,179189,18764,197953,10700,109,10809,196263,13397,209660,257599
2025-07,6,KOBI Kredileri,10001,1,"KOBİ Kredileri  (milyon TL), Dönem:2025/7",milyon TL,raw/2025-07_table06_group10001.json,593e2a88c431436fb6ebd654336a82265f7d2035a7f58c2e0ed4ca65d7e5228e,raw/2025-07_table06_group10001_info.json,9e8ac6184a25c4c8c4df2d514e566b49a4f6d78d1cd8172df9a40faf537ee242,caption_and_validated_request_info,Sektör,1,Toplam KOBİ Kredileri (2+3+4),bold,4085341,884475,4969816,134544,2805,137349,2228749,452840,2681589,0
2025-07,6,KOBI Kredileri,10001,2,"KOBİ Kredileri  (milyon TL), Dönem:2025/7",milyon TL,raw/2025-07_table06_group10001.json,593e2a88c431436fb6ebd654336a82265f7d2035a7f58c2e0ed4ca65d7e5228e,raw/2025-07_table06_group10001_info.json,9e8ac6184a25c4c8c4df2d514e566b49a4f6d78d1cd8172df9a40faf537ee242,caption_and_validated_request_info,Sektör,2,Mikro İşletmelere Kullandırılan Krediler,,1316206,73593,1389798,40435,121,40555,657428,25354,682782,0
2025-07,6,KOBI Kredileri,10001,3,"KOBİ Kredileri  (milyon TL), Dönem:2025/7",milyon TL,raw/2025-07_table06_group10001.json,593e2a88c431436fb6ebd654336a82265f7d2035a7f58c2e0ed4ca65d7e5228e,raw/2025-07_table06_group10001_info.json,9e8ac6184a25c4c8c4df2d514e566b49a4f6d78d1cd8172df9a40faf537ee242,caption_and_validated_request_info,Sektör,3,Küçük İşletmelere Kullandırılan Krediler,,1275442,176384,1451826,41859,1304,43163,641834,92051,733885,0
2025-07,6,KOBI Kredileri,10001,4,"KOBİ Kredileri  (milyon TL), Dönem:2025/7",milyon TL,raw/2025-07_table06_group10001.json,593e2a88c431436fb6ebd654336a82265f7d2035a7f58c2e0ed4ca65d7e5228e,raw/2025-07_table06_group10001_info.json,9e8ac6184a25c4c8c4df2d514e566b49a4f6d78d1cd8172df9a40faf537ee242,caption_and_validated_request_info,Sektör,4,Orta Büyüklükteki İşletmelere Kullandırılan Krediler,,1493694,634498,2128191,52250,1380,53630,929487,335436,1264923,0
2025-07,6,KOBI Kredileri,10001,5,"KOBİ Kredileri  (milyon TL), Dönem:2025/7",milyon TL,raw/2025-07_table06_group10001.json,593e2a88c431436fb6ebd654336a82265f7d2035a7f58c2e0ed4ca65d7e5228e,raw/2025-07_table06_group10001_info.json,9e8ac6184a25c4c8c4df2d514e566b49a4f6d78d1cd8172df9a40faf537ee242,caption_and_validated_request_info,Sektör,5,Toplam KOBİ Niteliğindeki Müşteri Sayısı (6+7+8) (Adet),bold,4584076,40295,4624371,300337,322,300659,3941655,25883,3967538,6153604
2025-07,6,KOBI Kredileri,10001,6,"KOBİ Kredileri  (milyon TL), Dönem:2025/7",milyon TL,raw/2025-07_table06_group10001.json,593e2a88c431436fb6ebd654336a82265f7d2035a7f58c2e0ed4ca65d7e5228e,raw/2025-07_table06_group10001_info.json,9e8ac6184a25c4c8c4df2d514e566b49a4f6d78d1cd8172df9a40faf537ee242,caption_and_validated_request_info,Sektör,6,Mikro İşletme Niteliğindeki Müşteri Sayısı (Adet),,3808509,5866,3814375,257751,40,257791,3119231,2802,3122033,5100454
2025-07,6,KOBI Kredileri,10001,7,"KOBİ Kredileri  (milyon TL), Dönem:2025/7",milyon TL,raw/2025-07_table06_group10001.json,593e2a88c431436fb6ebd654336a82265f7d2035a7f58c2e0ed4ca65d7e5228e,raw/2025-07_table06_group10001_info.json,9e8ac6184a25c4c8c4df2d514e566b49a4f6d78d1cd8172df9a40faf537ee242,caption_and_validated_request_info,Sektör,7,Küçük İşletme Niteliğindeki Müşteri Sayısı (Adet),,593063,15337,608400,31367,163,31530,625806,9423,635229,793217
2025-07,6,KOBI Kredileri,10001,8,"KOBİ Kredileri  (milyon TL), Dönem:2025/7",milyon TL,raw/2025-07_table06_group10001.json,593e2a88c431436fb6ebd654336a82265f7d2035a7f58c2e0ed4ca65d7e5228e,raw/2025-07_table06_group10001_info.json,9e8ac6184a25c4c8c4df2d514e566b49a4f6d78d1cd8172df9a40faf537ee242,caption_and_validated_request_info,Sektör,8,Orta Büyüklükteki İşletme Niteliğindeki Müşteri Sayısı (Adet),,182504,19092,201596,11219,119,11338,196618,13658,210276,259933
2025-08,6,KOBI Kredileri,10001,1,"KOBİ Kredileri  (milyon TL), Dönem:2025/8",milyon TL,raw/2025-08_table06_group10001.json,00bd5350d019649e573f512258cb31b933e84f7b50909527e5e7829ce9e53e86,raw/2025-08_table06_group10001_info.json,c5d20780d1416207595c2b2b1ccff4f9fd1c30ee0c6fb348ce388872dc13729c,caption_and_validated_request_info,Sektör,1,Toplam KOBİ Kredileri (2+3+4),bold,4353144,1046395,5399539,155115,3328,158443,2435900,556705,2992605,0
2025-08,6,KOBI Kredileri,10001,2,"KOBİ Kredileri  (milyon TL), Dönem:2025/8",milyon TL,raw/2025-08_table06_group10001.json,00bd5350d019649e573f512258cb31b933e84f7b50909527e5e7829ce9e53e86,raw/2025-08_table06_group10001_info.json,c5d20780d1416207595c2b2b1ccff4f9fd1c30ee0c6fb348ce388872dc13729c,caption_and_validated_request_info,Sektör,2,Mikro İşletmelere Kullandırılan Krediler,,1361150,75190,1436340,42481,117,42598,687354,24423,711777,0
2025-08,6,KOBI Kredileri,10001,3,"KOBİ Kredileri  (milyon TL), Dönem:2025/8",milyon TL,raw/2025-08_table06_group10001.json,00bd5350d019649e573f512258cb31b933e84f7b50909527e5e7829ce9e53e86,raw/2025-08_table06_group10001_info.json,c5d20780d1416207595c2b2b1ccff4f9fd1c30ee0c6fb348ce388872dc13729c,caption_and_validated_request_info,Sektör,3,Küçük İşletmelere Kullandırılan Krediler,,1312505,172954,1485459,44097,1401,45498,657737,109134,766872,0
2025-08,6,KOBI Kredileri,10001,4,"KOBİ Kredileri  (milyon TL), Dönem:2025/8",milyon TL,raw/2025-08_table06_group10001.json,00bd5350d019649e573f512258cb31b933e84f7b50909527e5e7829ce9e53e86,raw/2025-08_table06_group10001_info.json,c5d20780d1416207595c2b2b1ccff4f9fd1c30ee0c6fb348ce388872dc13729c,caption_and_validated_request_info,Sektör,4,Orta Büyüklükteki İşletmelere Kullandırılan Krediler,,1679489,798251,2477740,68537,1810,70348,1090808,423148,1513957,0
2025-08,6,KOBI Kredileri,10001,5,"KOBİ Kredileri  (milyon TL), Dönem:2025/8",milyon TL,raw/2025-08_table06_group10001.json,00bd5350d019649e573f512258cb31b933e84f7b50909527e5e7829ce9e53e86,raw/2025-08_table06_group10001_info.json,c5d20780d1416207595c2b2b1ccff4f9fd1c30ee0c6fb348ce388872dc13729c,caption_and_validated_request_info,Sektör,5,Toplam KOBİ Niteliğindeki Müşteri Sayısı (6+7+8) (Adet),bold,4778314,42615,4820929,302399,359,302758,4048208,27605,4075813,6417929
2025-08,6,KOBI Kredileri,10001,6,"KOBİ Kredileri  (milyon TL), Dönem:2025/8",milyon TL,raw/2025-08_table06_group10001.json,00bd5350d019649e573f512258cb31b933e84f7b50909527e5e7829ce9e53e86,raw/2025-08_table06_group10001_info.json,c5d20780d1416207595c2b2b1ccff4f9fd1c30ee0c6fb348ce388872dc13729c,caption_and_validated_request_info,Sektör,6,Mikro İşletme Niteliğindeki Müşteri Sayısı (Adet),,3967207,5914,3973121,258910,39,258949,3194944,2774,3197718,5313294
2025-08,6,KOBI Kredileri,10001,7,"KOBİ Kredileri  (milyon TL), Dönem:2025/8",milyon TL,raw/2025-08_table06_group10001.json,00bd5350d019649e573f512258cb31b933e84f7b50909527e5e7829ce9e53e86,raw/2025-08_table06_group10001_info.json,c5d20780d1416207595c2b2b1ccff4f9fd1c30ee0c6fb348ce388872dc13729c,caption_and_validated_request_info,Sektör,7,Küçük İşletme Niteliğindeki Müşteri Sayısı (Adet),,611822,15483,627305,31476,178,31654,642088,9515,651603,820835
2025-08,6,KOBI Kredileri,10001,8,"KOBİ Kredileri  (milyon TL), Dönem:2025/8",milyon TL,raw/2025-08_table06_group10001.json,00bd5350d019649e573f512258cb31b933e84f7b50909527e5e7829ce9e53e86,raw/2025-08_table06_group10001_info.json,c5d20780d1416207595c2b2b1ccff4f9fd1c30ee0c6fb348ce388872dc13729c,caption_and_validated_request_info,Sektör,8,Orta Büyüklükteki İşletme Niteliğindeki Müşteri Sayısı (Adet),,199285,21218,220503,12013,142,12155,211176,15316,226492,283800
2025-09,6,KOBI Kredileri,10001,1,"KOBİ Kredileri  (milyon TL), Dönem:2025/9",milyon TL,raw/2025-09_table06_group10001.json,9dc28054250ddb24cfdc52bcc336eb3662fa1840cd5a60b344608651620ddff5,raw/2025-09_table06_group10001_info.json,bfdaa4c671da0746a9062306f63f971585397cd2c11a26dea960c87a47d92d62,caption_and_validated_request_info,Sektör,1,Toplam KOBİ Kredileri (2+3+4),bold,4532523,1086810,5619333,168036,3844,171880,2542993,585735,3128728,0
2025-09,6,KOBI Kredileri,10001,2,"KOBİ Kredileri  (milyon TL), Dönem:2025/9",milyon TL,raw/2025-09_table06_group10001.json,9dc28054250ddb24cfdc52bcc336eb3662fa1840cd5a60b344608651620ddff5,raw/2025-09_table06_group10001_info.json,bfdaa4c671da0746a9062306f63f971585397cd2c11a26dea960c87a47d92d62,caption_and_validated_request_info,Sektör,2,Mikro İşletmelere Kullandırılan Krediler,,1404450,75614,1480064,44704,136,44841,720994,29736,750730,0
2025-09,6,KOBI Kredileri,10001,3,"KOBİ Kredileri  (milyon TL), Dönem:2025/9",milyon TL,raw/2025-09_table06_group10001.json,9dc28054250ddb24cfdc52bcc336eb3662fa1840cd5a60b344608651620ddff5,raw/2025-09_table06_group10001_info.json,bfdaa4c671da0746a9062306f63f971585397cd2c11a26dea960c87a47d92d62,caption_and_validated_request_info,Sektör,3,Küçük İşletmelere Kullandırılan Krediler,,1357434,170498,1527932,47655,1697,49352,674006,94175,768181,0
2025-09,6,KOBI Kredileri,10001,4,"KOBİ Kredileri  (milyon TL), Dönem:2025/9",milyon TL,raw/2025-09_table06_group10001.json,9dc28054250ddb24cfdc52bcc336eb3662fa1840cd5a60b344608651620ddff5,raw/2025-09_table06_group10001_info.json,bfdaa4c671da0746a9062306f63f971585397cd2c11a26dea960c87a47d92d62,caption_and_validated_request_info,Sektör,4,Orta Büyüklükteki İşletmelere Kullandırılan Krediler,,1770638,840699,2611337,75678,2011,77688,1147993,461824,1609818,0
2025-09,6,KOBI Kredileri,10001,5,"KOBİ Kredileri  (milyon TL), Dönem:2025/9",milyon TL,raw/2025-09_table06_group10001.json,9dc28054250ddb24cfdc52bcc336eb3662fa1840cd5a60b344608651620ddff5,raw/2025-09_table06_group10001_info.json,bfdaa4c671da0746a9062306f63f971585397cd2c11a26dea960c87a47d92d62,caption_and_validated_request_info,Sektör,5,Toplam KOBİ Niteliğindeki Müşteri Sayısı (6+7+8) (Adet),bold,4803703,43259,4846962,296429,397,296826,4046423,28214,4074637,6393933
2025-09,6,KOBI Kredileri,10001,6,"KOBİ Kredileri  (milyon TL), Dönem:2025/9",milyon TL,raw/2025-09_table06_group10001.json,9dc28054250ddb24cfdc52bcc336eb3662fa1840cd5a60b344608651620ddff5,raw/2025-09_table06_group10001_info.json,bfdaa4c671da0746a9062306f63f971585397cd2c11a26dea960c87a47d92d62,caption_and_validated_request_info,Sektör,6,Mikro İşletme Niteliğindeki Müşteri Sayısı (Adet),,3989962,6023,3995985,256474,43,256517,3191881,2741,3194622,5293989
2025-09,6,KOBI Kredileri,10001,7,"KOBİ Kredileri  (milyon TL), Dönem:2025/9",milyon TL,raw/2025-09_table06_group10001.json,9dc28054250ddb24cfdc52bcc336eb3662fa1840cd5a60b344608651620ddff5,raw/2025-09_table06_group10001_info.json,bfdaa4c671da0746a9062306f63f971585397cd2c11a26dea960c87a47d92d62,caption_and_validated_request_info,Sektör,7,Küçük İşletme Niteliğindeki Müşteri Sayısı (Adet),,613206,15513,628719,28198,191,28389,640080,9583,649663,813888
2025-09,6,KOBI Kredileri,10001,8,"KOBİ Kredileri  (milyon TL), Dönem:2025/9",milyon TL,raw/2025-09_table06_group10001.json,9dc28054250ddb24cfdc52bcc336eb3662fa1840cd5a60b344608651620ddff5,raw/2025-09_table06_group10001_info.json,bfdaa4c671da0746a9062306f63f971585397cd2c11a26dea960c87a47d92d62,caption_and_validated_request_info,Sektör,8,Orta Büyüklükteki İşletme Niteliğindeki Müşteri Sayısı (Adet),,200535,21723,222258,11757,163,11920,214462,15890,230352,286056
2025-10,6,KOBI Kredileri,10001,1,"KOBİ Kredileri  (milyon TL), Dönem:2025/10",milyon TL,raw/2025-10_table06_group10001.json,ba917d880965a5c5bd9f43aeaf90206b7b0e84e0a9a51f9ac4bbae24f5f3a472,raw/2025-10_table06_group10001_info.json,607a1cd60c6ef3fe8decb5f39234d5279f36e8d6fc77bfb76d406f2c48d49024,caption_and_validated_request_info,Sektör,1,Toplam KOBİ Kredileri (2+3+4),bold,4676897,1105040,5781937,175110,3581,178691,2608444,596261,3204706,0
2025-10,6,KOBI Kredileri,10001,2,"KOBİ Kredileri  (milyon TL), Dönem:2025/10",milyon TL,raw/2025-10_table06_group10001.json,ba917d880965a5c5bd9f43aeaf90206b7b0e84e0a9a51f9ac4bbae24f5f3a472,raw/2025-10_table06_group10001_info.json,607a1cd60c6ef3fe8decb5f39234d5279f36e8d6fc77bfb76d406f2c48d49024,caption_and_validated_request_info,Sektör,2,Mikro İşletmelere Kullandırılan Krediler,,1449310,66789,1516099,46569,156,46725,739380,28959,768339,0
2025-10,6,KOBI Kredileri,10001,3,"KOBİ Kredileri  (milyon TL), Dönem:2025/10",milyon TL,raw/2025-10_table06_group10001.json,ba917d880965a5c5bd9f43aeaf90206b7b0e84e0a9a51f9ac4bbae24f5f3a472,raw/2025-10_table06_group10001_info.json,607a1cd60c6ef3fe8decb5f39234d5279f36e8d6fc77bfb76d406f2c48d49024,caption_and_validated_request_info,Sektör,3,Küçük İşletmelere Kullandırılan Krediler,,1399077,173935,1573012,49925,1569,51495,692754,94115,786870,0
2025-10,6,KOBI Kredileri,10001,4,"KOBİ Kredileri  (milyon TL), Dönem:2025/10",milyon TL,raw/2025-10_table06_group10001.json,ba917d880965a5c5bd9f43aeaf90206b7b0e84e0a9a51f9ac4bbae24f5f3a472,raw/2025-10_table06_group10001_info.json,607a1cd60c6ef3fe8decb5f39234d5279f36e8d6fc77bfb76d406f2c48d49024,caption_and_validated_request_info,Sektör,4,Orta Büyüklükteki İşletmelere Kullandırılan Krediler,,1828511,864316,2692827,78616,1856,80472,1176310,473187,1649497,0
2025-10,6,KOBI Kredileri,10001,5,"KOBİ Kredileri  (milyon TL), Dönem:2025/10",milyon TL,raw/2025-10_table06_group10001.json,ba917d880965a5c5bd9f43aeaf90206b7b0e84e0a9a51f9ac4bbae24f5f3a472,raw/2025-10_table06_group10001_info.json,607a1cd60c6ef3fe8decb5f39234d5279f36e8d6fc77bfb76d406f2c48d49024,caption_and_validated_request_info,Sektör,5,Toplam KOBİ Niteliğindeki Müşteri Sayısı (6+7+8) (Adet),bold,4785328,43642,4828970,299552,432,299984,4029530,28589,4058119,6362764
2025-10,6,KOBI Kredileri,10001,6,"KOBİ Kredileri  (milyon TL), Dönem:2025/10",milyon TL,raw/2025-10_table06_group10001.json,ba917d880965a5c5bd9f43aeaf90206b7b0e84e0a9a51f9ac4bbae24f5f3a472,raw/2025-10_table06_group10001_info.json,607a1cd60c6ef3fe8decb5f39234d5279f36e8d6fc77bfb76d406f2c48d49024,caption_and_validated_request_info,Sektör,6,Mikro İşletme Niteliğindeki Müşteri Sayısı (Adet),,3964729,5941,3970670,257726,46,257772,3171022,2735,3173757,5254601
2025-10,6,KOBI Kredileri,10001,7,"KOBİ Kredileri  (milyon TL), Dönem:2025/10",milyon TL,raw/2025-10_table06_group10001.json,ba917d880965a5c5bd9f43aeaf90206b7b0e84e0a9a51f9ac4bbae24f5f3a472,raw/2025-10_table06_group10001_info.json,607a1cd60c6ef3fe8decb5f39234d5279f36e8d6fc77bfb76d406f2c48d49024,caption_and_validated_request_info,Sektör,7,Küçük İşletme Niteliğindeki Müşteri Sayısı (Adet),,618466,15630,634096,29450,208,29658,643467,9628,653095,819863
2025-10,6,KOBI Kredileri,10001,8,"KOBİ Kredileri  (milyon TL), Dönem:2025/10",milyon TL,raw/2025-10_table06_group10001.json,ba917d880965a5c5bd9f43aeaf90206b7b0e84e0a9a51f9ac4bbae24f5f3a472,raw/2025-10_table06_group10001_info.json,607a1cd60c6ef3fe8decb5f39234d5279f36e8d6fc77bfb76d406f2c48d49024,caption_and_validated_request_info,Sektör,8,Orta Büyüklükteki İşletme Niteliğindeki Müşteri Sayısı (Adet),,202133,22071,224204,12376,178,12554,215041,16226,231267,288300
2025-11,6,KOBI Kredileri,10001,1,"KOBİ Kredileri  (milyon TL), Dönem:2025/11",milyon TL,raw/2025-11_table06_group10001.json,c71b57a80e18f08b8d7aada3c8383d72cd6af7fe87c34eb2188c31e4a0356ad2,raw/2025-11_table06_group10001_info.json,20031aabecb26408bbf8005fd0cea155e92d63bb8816b10965047d5d51d4f4ef,caption_and_validated_request_info,Sektör,1,Toplam KOBİ Kredileri (2+3+4),bold,4839967,1134100,5974067,181621,3844,185465,2702799,613605,3316404,0
2025-11,6,KOBI Kredileri,10001,2,"KOBİ Kredileri  (milyon TL), Dönem:2025/11",milyon TL,raw/2025-11_table06_group10001.json,c71b57a80e18f08b8d7aada3c8383d72cd6af7fe87c34eb2188c31e4a0356ad2,raw/2025-11_table06_group10001_info.json,20031aabecb26408bbf8005fd0cea155e92d63bb8816b10965047d5d51d4f4ef,caption_and_validated_request_info,Sektör,2,Mikro İşletmelere Kullandırılan Krediler,,1504030,70468,1574498,48040,121,48161,770012,30823,800835,0
2025-11,6,KOBI Kredileri,10001,3,"KOBİ Kredileri  (milyon TL), Dönem:2025/11",milyon TL,raw/2025-11_table06_group10001.json,c71b57a80e18f08b8d7aada3c8383d72cd6af7fe87c34eb2188c31e4a0356ad2,raw/2025-11_table06_group10001_info.json,20031aabecb26408bbf8005fd0cea155e92d63bb8816b10965047d5d51d4f4ef,caption_and_validated_request_info,Sektör,3,Küçük İşletmelere Kullandırılan Krediler,,1444476,177166,1621642,51535,1663,53197,714144,97522,811666,0
2025-11,6,KOBI Kredileri,10001,4,"KOBİ Kredileri  (milyon TL), Dönem:2025/11",milyon TL,raw/2025-11_table06_group10001.json,c71b57a80e18f08b8d7aada3c8383d72cd6af7fe87c34eb2188c31e4a0356ad2,raw/2025-11_table06_group10001_info.json,20031aabecb26408bbf8005fd0cea155e92d63bb8816b10965047d5d51d4f4ef,caption_and_validated_request_info,Sektör,4,Orta Büyüklükteki İşletmelere Kullandırılan Krediler,,1891461,886465,2777927,82046,2061,84107,1218642,485260,1703902,0
2025-11,6,KOBI Kredileri,10001,5,"KOBİ Kredileri  (milyon TL), Dönem:2025/11",milyon TL,raw/2025-11_table06_group10001.json,c71b57a80e18f08b8d7aada3c8383d72cd6af7fe87c34eb2188c31e4a0356ad2,raw/2025-11_table06_group10001_info.json,20031aabecb26408bbf8005fd0cea155e92d63bb8816b10965047d5d51d4f4ef,caption_and_validated_request_info,Sektör,5,Toplam KOBİ Niteliğindeki Müşteri Sayısı (6+7+8) (Adet),bold,4850707,48617,4899324,319439,460,319899,4088640,44426,4133066,6441199
2025-11,6,KOBI Kredileri,10001,6,"KOBİ Kredileri  (milyon TL), Dönem:2025/11",milyon TL,raw/2025-11_table06_group10001.json,c71b57a80e18f08b8d7aada3c8383d72cd6af7fe87c34eb2188c31e4a0356ad2,raw/2025-11_table06_group10001_info.json,20031aabecb26408bbf8005fd0cea155e92d63bb8816b10965047d5d51d4f4ef,caption_and_validated_request_info,Sektör,6,Mikro İşletme Niteliğindeki Müşteri Sayısı (Adet),,4010601,7574,4018175,263444,43,263487,3206696,8938,3215634,5310294
2025-11,6,KOBI Kredileri,10001,7,"KOBİ Kredileri  (milyon TL), Dönem:2025/11",milyon TL,raw/2025-11_table06_group10001.json,c71b57a80e18f08b8d7aada3c8383d72cd6af7fe87c34eb2188c31e4a0356ad2,raw/2025-11_table06_group10001_info.json,20031aabecb26408bbf8005fd0cea155e92d63bb8816b10965047d5d51d4f4ef,caption_and_validated_request_info,Sektör,7,Küçük İşletme Niteliğindeki Müşteri Sayısı (Adet),,632327,17330,649657,37797,220,38017,659511,15506,675017,836212
2025-11,6,KOBI Kredileri,10001,8,"KOBİ Kredileri  (milyon TL), Dönem:2025/11",milyon TL,raw/2025-11_table06_group10001.json,c71b57a80e18f08b8d7aada3c8383d72cd6af7fe87c34eb2188c31e4a0356ad2,raw/2025-11_table06_group10001_info.json,20031aabecb26408bbf8005fd0cea155e92d63bb8816b10965047d5d51d4f4ef,caption_and_validated_request_info,Sektör,8,Orta Büyüklükteki İşletme Niteliğindeki Müşteri Sayısı (Adet),,207779,23713,231492,18198,197,18395,222433,19982,242415,294693
2025-12,6,KOBI Kredileri,10001,1,"KOBİ Kredileri  (milyon TL), Dönem:2025/12",milyon TL,raw/2025-12_table06_group10001.json,212e789381199ca2c5479f08a76d79a61a15610eceb2329f2cb9a2dc9b0186ec,raw/2025-12_table06_group10001_info.json,0171270f367dae2b232db1bf5a82be2a779c9591874feb1e18cd40f0414d0dfb,caption_and_validated_request_info,Sektör,1,Toplam KOBİ Kredileri (2+3+4),bold,5056490,1161588,6218077,196870,3601,200472,2815958,625186,3441144,0
2025-12,6,KOBI Kredileri,10001,2,"KOBİ Kredileri  (milyon TL), Dönem:2025/12",milyon TL,raw/2025-12_table06_group10001.json,212e789381199ca2c5479f08a76d79a61a15610eceb2329f2cb9a2dc9b0186ec,raw/2025-12_table06_group10001_info.json,0171270f367dae2b232db1bf5a82be2a779c9591874feb1e18cd40f0414d0dfb,caption_and_validated_request_info,Sektör,2,Mikro İşletmelere Kullandırılan Krediler,,1587464,77987,1665451,50477,137,50614,810230,33498,843728,0
2025-12,6,KOBI Kredileri,10001,3,"KOBİ Kredileri  (milyon TL), Dönem:2025/12",milyon TL,raw/2025-12_table06_group10001.json,212e789381199ca2c5479f08a76d79a61a15610eceb2329f2cb9a2dc9b0186ec,raw/2025-12_table06_group10001_info.json,0171270f367dae2b232db1bf5a82be2a779c9591874feb1e18cd40f0414d0dfb,caption_and_validated_request_info,Sektör,3,Küçük İşletmelere Kullandırılan Krediler,,1503984,179311,1683295,55982,1415,57397,736200,98230,834430,0
2025-12,6,KOBI Kredileri,10001,4,"KOBİ Kredileri  (milyon TL), Dönem:2025/12",milyon TL,raw/2025-12_table06_group10001.json,212e789381199ca2c5479f08a76d79a61a15610eceb2329f2cb9a2dc9b0186ec,raw/2025-12_table06_group10001_info.json,0171270f367dae2b232db1bf5a82be2a779c9591874feb1e18cd40f0414d0dfb,caption_and_validated_request_info,Sektör,4,Orta Büyüklükteki İşletmelere Kullandırılan Krediler,,1965042,904290,2869332,90411,2049,92461,1269528,493458,1762986,0
2025-12,6,KOBI Kredileri,10001,5,"KOBİ Kredileri  (milyon TL), Dönem:2025/12",milyon TL,raw/2025-12_table06_group10001.json,212e789381199ca2c5479f08a76d79a61a15610eceb2329f2cb9a2dc9b0186ec,raw/2025-12_table06_group10001_info.json,0171270f367dae2b232db1bf5a82be2a779c9591874feb1e18cd40f0414d0dfb,caption_and_validated_request_info,Sektör,5,Toplam KOBİ Niteliğindeki Müşteri Sayısı (6+7+8) (Adet),bold,4919179,48657,4967836,298208,442,298650,4217910,29400,4247310,6554284
2025-12,6,KOBI Kredileri,10001,6,"KOBİ Kredileri  (milyon TL), Dönem:2025/12",milyon TL,raw/2025-12_table06_group10001.json,212e789381199ca2c5479f08a76d79a61a15610eceb2329f2cb9a2dc9b0186ec,raw/2025-12_table06_group10001_info.json,0171270f367dae2b232db1bf5a82be2a779c9591874feb1e18cd40f0414d0dfb,caption_and_validated_request_info,Sektör,6,Mikro İşletme Niteliğindeki Müşteri Sayısı (Adet),,4062547,7694,4070241,253036,40,253076,3304691,2739,3307430,5384844
2025-12,6,KOBI Kredileri,10001,7,"KOBİ Kredileri  (milyon TL), Dönem:2025/12",milyon TL,raw/2025-12_table06_group10001.json,212e789381199ca2c5479f08a76d79a61a15610eceb2329f2cb9a2dc9b0186ec,raw/2025-12_table06_group10001_info.json,0171270f367dae2b232db1bf5a82be2a779c9591874feb1e18cd40f0414d0dfb,caption_and_validated_request_info,Sektör,7,Küçük İşletme Niteliğindeki Müşteri Sayısı (Adet),,644830,17262,662092,31446,201,31647,681044,9771,690815,862195
2025-12,6,KOBI Kredileri,10001,8,"KOBİ Kredileri  (milyon TL), Dönem:2025/12",milyon TL,raw/2025-12_table06_group10001.json,212e789381199ca2c5479f08a76d79a61a15610eceb2329f2cb9a2dc9b0186ec,raw/2025-12_table06_group10001_info.json,0171270f367dae2b232db1bf5a82be2a779c9591874feb1e18cd40f0414d0dfb,caption_and_validated_request_info,Sektör,8,Orta Büyüklükteki İşletme Niteliğindeki Müşteri Sayısı (Adet),,211802,23701,235503,13726,201,13927,232175,16890,249065,307245
2026-01,6,KOBI Kredileri,10001,1,"KOBİ Kredileri  (milyon TL), Dönem:2026/1",milyon TL,raw/2026-01_table06_group10001.json,03bdfd8c919b9393ba94dcf4c612d77f4205cb15c620f8aafc3b3251d2e44026,raw/2026-01_table06_group10001_info.json,0bc2f6f7453f584d6633b841eb74821ce687a33da5f082b9412ca6b74a5a41c4,caption_and_validated_request_info,Sektör,1,Toplam KOBİ Kredileri (2+3+4),bold,5127882,1205641,6333523,209802,4401,214203,2908730,659795,3568525,0
2026-01,6,KOBI Kredileri,10001,2,"KOBİ Kredileri  (milyon TL), Dönem:2026/1",milyon TL,raw/2026-01_table06_group10001.json,03bdfd8c919b9393ba94dcf4c612d77f4205cb15c620f8aafc3b3251d2e44026,raw/2026-01_table06_group10001_info.json,0bc2f6f7453f584d6633b841eb74821ce687a33da5f082b9412ca6b74a5a41c4,caption_and_validated_request_info,Sektör,2,Mikro İşletmelere Kullandırılan Krediler,,1627870,78762,1706631,60591,131,60722,834672,35067,869739,0
2026-01,6,KOBI Kredileri,10001,3,"KOBİ Kredileri  (milyon TL), Dönem:2026/1",milyon TL,raw/2026-01_table06_group10001.json,03bdfd8c919b9393ba94dcf4c612d77f4205cb15c620f8aafc3b3251d2e44026,raw/2026-01_table06_group10001_info.json,0bc2f6f7453f584d6633b841eb74821ce687a33da5f082b9412ca6b74a5a41c4,caption_and_validated_request_info,Sektör,3,Küçük İşletmelere Kullandırılan Krediler,,1516196,191299,1707495,56829,1726,58555,759515,104922,864438,0
2026-01,6,KOBI Kredileri,10001,4,"KOBİ Kredileri  (milyon TL), Dönem:2026/1",milyon TL,raw/2026-01_table06_group10001.json,03bdfd8c919b9393ba94dcf4c612d77f4205cb15c620f8aafc3b3251d2e44026,raw/2026-01_table06_group10001_info.json,0bc2f6f7453f584d6633b841eb74821ce687a33da5f082b9412ca6b74a5a41c4,caption_and_validated_request_info,Sektör,4,Orta Büyüklükteki İşletmelere Kullandırılan Krediler,,1983816,935580,2919396,92382,2545,94927,1314543,519806,1834349,0
2026-01,6,KOBI Kredileri,10001,5,"KOBİ Kredileri  (milyon TL), Dönem:2026/1",milyon TL,raw/2026-01_table06_group10001.json,03bdfd8c919b9393ba94dcf4c612d77f4205cb15c620f8aafc3b3251d2e44026,raw/2026-01_table06_group10001_info.json,0bc2f6f7453f584d6633b841eb74821ce687a33da5f082b9412ca6b74a5a41c4,caption_and_validated_request_info,Sektör,5,Toplam KOBİ Niteliğindeki Müşteri Sayısı (6+7+8) (Adet),bold,4938225,44999,4983224,304020,474,304494,4204385,29637,4234022,6560249
2026-01,6,KOBI Kredileri,10001,6,"KOBİ Kredileri  (milyon TL), Dönem:2026/1",milyon TL,raw/2026-01_table06_group10001.json,03bdfd8c919b9393ba94dcf4c612d77f4205cb15c620f8aafc3b3251d2e44026,raw/2026-01_table06_group10001_info.json,0bc2f6f7453f584d6633b841eb74821ce687a33da5f082b9412ca6b74a5a41c4,caption_and_validated_request_info,Sektör,6,Mikro İşletme Niteliğindeki Müşteri Sayısı (Adet),,4076097,6432,4082529,257674,42,257716,3285014,2825,3287839,5378167
2026-01,6,KOBI Kredileri,10001,7,"KOBİ Kredileri  (milyon TL), Dönem:2026/1",milyon TL,raw/2026-01_table06_group10001.json,03bdfd8c919b9393ba94dcf4c612d77f4205cb15c620f8aafc3b3251d2e44026,raw/2026-01_table06_group10001_info.json,0bc2f6f7453f584d6633b841eb74821ce687a33da5f082b9412ca6b74a5a41c4,caption_and_validated_request_info,Sektör,7,Küçük İşletme Niteliğindeki Müşteri Sayısı (Adet),,649682,16020,665702,32209,220,32429,686458,9831,696289,872450
2026-01,6,KOBI Kredileri,10001,8,"KOBİ Kredileri  (milyon TL), Dönem:2026/1",milyon TL,raw/2026-01_table06_group10001.json,03bdfd8c919b9393ba94dcf4c612d77f4205cb15c620f8aafc3b3251d2e44026,raw/2026-01_table06_group10001_info.json,0bc2f6f7453f584d6633b841eb74821ce687a33da5f082b9412ca6b74a5a41c4,caption_and_validated_request_info,Sektör,8,Orta Büyüklükteki İşletme Niteliğindeki Müşteri Sayısı (Adet),,212446,22547,234993,14137,212,14349,232913,16981,249894,309632
2026-02,6,KOBI Kredileri,10001,1,"KOBİ Kredileri  (milyon TL), Dönem:2026/2",milyon TL,raw/2026-02_table06_group10001.json,df9fffe420e0c8e35abd3dce3775b271b1075287a95bab8a94889cb6503fb3e7,raw/2026-02_table06_group10001_info.json,11c9e5098efc10dd0b9d09986a3757f1556f7b0efeea23a2c7973254210f824a,caption_and_validated_request_info,Sektör,1,Toplam KOBİ Kredileri (2+3+4),bold,5344324,1235422,6579746,221215,4631,225846,2971355,673108,3644463,0
2026-02,6,KOBI Kredileri,10001,2,"KOBİ Kredileri  (milyon TL), Dönem:2026/2",milyon TL,raw/2026-02_table06_group10001.json,df9fffe420e0c8e35abd3dce3775b271b1075287a95bab8a94889cb6503fb3e7,raw/2026-02_table06_group10001_info.json,11c9e5098efc10dd0b9d09986a3757f1556f7b0efeea23a2c7973254210f824a,caption_and_validated_request_info,Sektör,2,Mikro İşletmelere Kullandırılan Krediler,,1689301,76137,1765438,62967,139,63105,858741,30660,889400,0
2026-02,6,KOBI Kredileri,10001,3,"KOBİ Kredileri  (milyon TL), Dönem:2026/2",milyon TL,raw/2026-02_table06_group10001.json,df9fffe420e0c8e35abd3dce3775b271b1075287a95bab8a94889cb6503fb3e7,raw/2026-02_table06_group10001_info.json,11c9e5098efc10dd0b9d09986a3757f1556f7b0efeea23a2c7973254210f824a,caption_and_validated_request_info,Sektör,3,Küçük İşletmelere Kullandırılan Krediler,,1579389,196419,1775808,60049,1750,61799,769320,106009,875329,0
2026-02,6,KOBI Kredileri,10001,4,"KOBİ Kredileri  (milyon TL), Dönem:2026/2",milyon TL,raw/2026-02_table06_group10001.json,df9fffe420e0c8e35abd3dce3775b271b1075287a95bab8a94889cb6503fb3e7,raw/2026-02_table06_group10001_info.json,11c9e5098efc10dd0b9d09986a3757f1556f7b0efeea23a2c7973254210f824a,caption_and_validated_request_info,Sektör,4,Orta Büyüklükteki İşletmelere Kullandırılan Krediler,,2075634,962866,3038500,98200,2742,100942,1343295,536438,1879733,0
2026-02,6,KOBI Kredileri,10001,5,"KOBİ Kredileri  (milyon TL), Dönem:2026/2",milyon TL,raw/2026-02_table06_group10001.json,df9fffe420e0c8e35abd3dce3775b271b1075287a95bab8a94889cb6503fb3e7,raw/2026-02_table06_group10001_info.json,11c9e5098efc10dd0b9d09986a3757f1556f7b0efeea23a2c7973254210f824a,caption_and_validated_request_info,Sektör,5,Toplam KOBİ Niteliğindeki Müşteri Sayısı (6+7+8) (Adet),bold,4997229,44755,5041984,308329,469,308798,4281834,29749,4311583,6661910
2026-02,6,KOBI Kredileri,10001,6,"KOBİ Kredileri  (milyon TL), Dönem:2026/2",milyon TL,raw/2026-02_table06_group10001.json,df9fffe420e0c8e35abd3dce3775b271b1075287a95bab8a94889cb6503fb3e7,raw/2026-02_table06_group10001_info.json,11c9e5098efc10dd0b9d09986a3757f1556f7b0efeea23a2c7973254210f824a,caption_and_validated_request_info,Sektör,6,Mikro İşletme Niteliğindeki Müşteri Sayısı (Adet),,4123206,6314,4129520,260518,45,260563,3344437,2853,3347290,5458435
2026-02,6,KOBI Kredileri,10001,7,"KOBİ Kredileri  (milyon TL), Dönem:2026/2",milyon TL,raw/2026-02_table06_group10001.json,df9fffe420e0c8e35abd3dce3775b271b1075287a95bab8a94889cb6503fb3e7,raw/2026-02_table06_group10001_info.json,11c9e5098efc10dd0b9d09986a3757f1556f7b0efeea23a2c7973254210f824a,caption_and_validated_request_info,Sektör,7,Küçük İşletme Niteliğindeki Müşteri Sayısı (Adet),,659405,16062,675467,33387,222,33609,701306,9886,711192,890470
2026-02,6,KOBI Kredileri,10001,8,"KOBİ Kredileri  (milyon TL), Dönem:2026/2",milyon TL,raw/2026-02_table06_group10001.json,df9fffe420e0c8e35abd3dce3775b271b1075287a95bab8a94889cb6503fb3e7,raw/2026-02_table06_group10001_info.json,11c9e5098efc10dd0b9d09986a3757f1556f7b0efeea23a2c7973254210f824a,caption_and_validated_request_info,Sektör,8,Orta Büyüklükteki İşletme Niteliğindeki Müşteri Sayısı (Adet),,214618,22379,236997,14424,202,14626,236091,17010,253101,313005
2026-03,6,KOBI Kredileri,10001,1,"KOBİ Kredileri  (milyon TL), Dönem:2026/3",milyon TL,raw/2026-03_table06_group10001.json,c44edb0104541a8e468a5798136c4cbe549838ba8bcff67748cf88c623db3a02,raw/2026-03_table06_group10001_info.json,179411169eb66a75b1092a6e9413c8e03a7d5c7bfdfaff89677ed9e210fa0ba7,caption_and_validated_request_info,Sektör,1,Toplam KOBİ Kredileri (2+3+4),bold,5548101,1239808,6787909,235648,4613,240261,3216425,677708,3894134,0
2026-03,6,KOBI Kredileri,10001,2,"KOBİ Kredileri  (milyon TL), Dönem:2026/3",milyon TL,raw/2026-03_table06_group10001.json,c44edb0104541a8e468a5798136c4cbe549838ba8bcff67748cf88c623db3a02,raw/2026-03_table06_group10001_info.json,179411169eb66a75b1092a6e9413c8e03a7d5c7bfdfaff89677ed9e210fa0ba7,caption_and_validated_request_info,Sektör,2,Mikro İşletmelere Kullandırılan Krediler,,1755567,74856,1830423,65905,140,66045,1010590,31242,1041833,0
2026-03,6,KOBI Kredileri,10001,3,"KOBİ Kredileri  (milyon TL), Dönem:2026/3",milyon TL,raw/2026-03_table06_group10001.json,c44edb0104541a8e468a5798136c4cbe549838ba8bcff67748cf88c623db3a02,raw/2026-03_table06_group10001_info.json,179411169eb66a75b1092a6e9413c8e03a7d5c7bfdfaff89677ed9e210fa0ba7,caption_and_validated_request_info,Sektör,3,Küçük İşletmelere Kullandırılan Krediler,,1629848,195075,1824923,64112,1788,65900,796564,108253,904817,0
2026-03,6,KOBI Kredileri,10001,4,"KOBİ Kredileri  (milyon TL), Dönem:2026/3",milyon TL,raw/2026-03_table06_group10001.json,c44edb0104541a8e468a5798136c4cbe549838ba8bcff67748cf88c623db3a02,raw/2026-03_table06_group10001_info.json,179411169eb66a75b1092a6e9413c8e03a7d5c7bfdfaff89677ed9e210fa0ba7,caption_and_validated_request_info,Sektör,4,Orta Büyüklükteki İşletmelere Kullandırılan Krediler,,2162685,969876,3132562,105631,2685,108316,1409271,538213,1947484,0
2026-03,6,KOBI Kredileri,10001,5,"KOBİ Kredileri  (milyon TL), Dönem:2026/3",milyon TL,raw/2026-03_table06_group10001.json,c44edb0104541a8e468a5798136c4cbe549838ba8bcff67748cf88c623db3a02,raw/2026-03_table06_group10001_info.json,179411169eb66a75b1092a6e9413c8e03a7d5c7bfdfaff89677ed9e210fa0ba7,caption_and_validated_request_info,Sektör,5,Toplam KOBİ Niteliğindeki Müşteri Sayısı (6+7+8) (Adet),bold,5050430,44897,5095327,316531,525,317056,4672664,30384,4703048,6944425
2026-03,6,KOBI Kredileri,10001,6,"KOBİ Kredileri  (milyon TL), Dönem:2026/3",milyon TL,raw/2026-03_table06_group10001.json,c44edb0104541a8e468a5798136c4cbe549838ba8bcff67748cf88c623db3a02,raw/2026-03_table06_group10001_info.json,179411169eb66a75b1092a6e9413c8e03a7d5c7bfdfaff89677ed9e210fa0ba7,caption_and_validated_request_info,Sektör,6,Mikro İşletme Niteliğindeki Müşteri Sayısı (Adet),,4169405,6304,4175709,265431,49,265480,3686756,2910,3689666,5720288
2026-03,6,KOBI Kredileri,10001,7,"KOBİ Kredileri  (milyon TL), Dönem:2026/3",milyon TL,raw/2026-03_table06_group10001.json,c44edb0104541a8e468a5798136c4cbe549838ba8bcff67748cf88c623db3a02,raw/2026-03_table06_group10001_info.json,179411169eb66a75b1092a6e9413c8e03a7d5c7bfdfaff89677ed9e210fa0ba7,caption_and_validated_request_info,Sektör,7,Küçük İşletme Niteliğindeki Müşteri Sayısı (Adet),,664518,15956,680474,35559,235,35794,734967,10048,745015,904990
2026-03,6,KOBI Kredileri,10001,8,"KOBİ Kredileri  (milyon TL), Dönem:2026/3",milyon TL,raw/2026-03_table06_group10001.json,c44edb0104541a8e468a5798136c4cbe549838ba8bcff67748cf88c623db3a02,raw/2026-03_table06_group10001_info.json,179411169eb66a75b1092a6e9413c8e03a7d5c7bfdfaff89677ed9e210fa0ba7,caption_and_validated_request_info,Sektör,8,Orta Büyüklükteki İşletme Niteliğindeki Müşteri Sayısı (Adet),,216507,22637,239144,15541,241,15782,250941,17426,268367,319147
2026-04,6,KOBI Kredileri,10001,1,"KOBİ Kredileri  (milyon TL), Dönem:2026/4",milyon TL,raw/2026-04_table06_group10001.json,3db98a2739733800cf9d20e54782b98e83f0e319117aa58337807e4f6bf26cc9,raw/2026-04_table06_group10001_info.json,a8748353b5c1016f43d7fa136391b60e3c605eacac24b3ffbdabf77bd7340465,caption_and_validated_request_info,Sektör,1,Toplam KOBİ Kredileri (2+3+4),bold,5724737,1269782,6994519,247318,4743,252061,3297724,699964,3997688,0
2026-04,6,KOBI Kredileri,10001,2,"KOBİ Kredileri  (milyon TL), Dönem:2026/4",milyon TL,raw/2026-04_table06_group10001.json,3db98a2739733800cf9d20e54782b98e83f0e319117aa58337807e4f6bf26cc9,raw/2026-04_table06_group10001_info.json,a8748353b5c1016f43d7fa136391b60e3c605eacac24b3ffbdabf77bd7340465,caption_and_validated_request_info,Sektör,2,Mikro İşletmelere Kullandırılan Krediler,,1792672,79472,1872144,68237,141,68378,1018815,26385,1045200,0
2026-04,6,KOBI Kredileri,10001,3,"KOBİ Kredileri  (milyon TL), Dönem:2026/4",milyon TL,raw/2026-04_table06_group10001.json,3db98a2739733800cf9d20e54782b98e83f0e319117aa58337807e4f6bf26cc9,raw/2026-04_table06_group10001_info.json,a8748353b5c1016f43d7fa136391b60e3c605eacac24b3ffbdabf77bd7340465,caption_and_validated_request_info,Sektör,3,Küçük İşletmelere Kullandırılan Krediler,,1691360,197465,1888825,67148,1770,68918,816648,109394,926042,0
2026-04,6,KOBI Kredileri,10001,4,"KOBİ Kredileri  (milyon TL), Dönem:2026/4",milyon TL,raw/2026-04_table06_group10001.json,3db98a2739733800cf9d20e54782b98e83f0e319117aa58337807e4f6bf26cc9,raw/2026-04_table06_group10001_info.json,a8748353b5c1016f43d7fa136391b60e3c605eacac24b3ffbdabf77bd7340465,caption_and_validated_request_info,Sektör,4,Orta Büyüklükteki İşletmelere Kullandırılan Krediler,,2240705,992844,3233549,111934,2831,114765,1462261,564185,2026446,0
2026-04,6,KOBI Kredileri,10001,5,"KOBİ Kredileri  (milyon TL), Dönem:2026/4",milyon TL,raw/2026-04_table06_group10001.json,3db98a2739733800cf9d20e54782b98e83f0e319117aa58337807e4f6bf26cc9,raw/2026-04_table06_group10001_info.json,a8748353b5c1016f43d7fa136391b60e3c605eacac24b3ffbdabf77bd7340465,caption_and_validated_request_info,Sektör,5,Toplam KOBİ Niteliğindeki Müşteri Sayısı (6+7+8) (Adet),bold,5129304,48335,5177639,319029,556,319585,4740848,30752,4771600,7016802
2026-04,6,KOBI Kredileri,10001,6,"KOBİ Kredileri  (milyon TL), Dönem:2026/4",milyon TL,raw/2026-04_table06_group10001.json,3db98a2739733800cf9d20e54782b98e83f0e319117aa58337807e4f6bf26cc9,raw/2026-04_table06_group10001_info.json,a8748353b5c1016f43d7fa136391b60e3c605eacac24b3ffbdabf77bd7340465,caption_and_validated_request_info,Sektör,6,Mikro İşletme Niteliğindeki Müşteri Sayısı (Adet),,4214459,6510,4220969,266625,49,266674,3732151,2908,3735059,5762165
2026-04,6,KOBI Kredileri,10001,7,"KOBİ Kredileri  (milyon TL), Dönem:2026/4",milyon TL,raw/2026-04_table06_group10001.json,3db98a2739733800cf9d20e54782b98e83f0e319117aa58337807e4f6bf26cc9,raw/2026-04_table06_group10001_info.json,a8748353b5c1016f43d7fa136391b60e3c605eacac24b3ffbdabf77bd7340465,caption_and_validated_request_info,Sektör,7,Küçük İşletme Niteliğindeki Müşteri Sayısı (Adet),,687159,17501,704660,36504,247,36751,750754,10148,760902,922717
2026-04,6,KOBI Kredileri,10001,8,"KOBİ Kredileri  (milyon TL), Dönem:2026/4",milyon TL,raw/2026-04_table06_group10001.json,3db98a2739733800cf9d20e54782b98e83f0e319117aa58337807e4f6bf26cc9,raw/2026-04_table06_group10001_info.json,a8748353b5c1016f43d7fa136391b60e3c605eacac24b3ffbdabf77bd7340465,caption_and_validated_request_info,Sektör,8,Orta Büyüklükteki İşletme Niteliğindeki Müşteri Sayısı (Adet),,227686,24324,252010,15900,260,16160,257943,17696,275639,331920
2026-05,6,KOBI Kredileri,10001,1,"KOBİ Kredileri  (milyon TL), Dönem:2026/5",milyon TL,raw/2026-05_table06_group10001.json,64be91e4454c46d3bedacbe19de863767bbc6cf20619452915493682f33c59ca,raw/2026-05_table06_group10001_info.json,c65779ff86e9be7adbeb2358f4b7a2dbe724377a7878cef0378a287a553d6a6f,caption_and_validated_request_info,Sektör,1,Toplam KOBİ Kredileri (2+3+4),bold,5786958,1239666,7026625,254823,5579,260402,3336961,704329,4041290,0
2026-05,6,KOBI Kredileri,10001,2,"KOBİ Kredileri  (milyon TL), Dönem:2026/5",milyon TL,raw/2026-05_table06_group10001.json,64be91e4454c46d3bedacbe19de863767bbc6cf20619452915493682f33c59ca,raw/2026-05_table06_group10001_info.json,c65779ff86e9be7adbeb2358f4b7a2dbe724377a7878cef0378a287a553d6a6f,caption_and_validated_request_info,Sektör,2,Mikro İşletmelere Kullandırılan Krediler,,1789319,76860,1866179,70053,138,70191,1022625,26254,1048879,0
2026-05,6,KOBI Kredileri,10001,3,"KOBİ Kredileri  (milyon TL), Dönem:2026/5",milyon TL,raw/2026-05_table06_group10001.json,64be91e4454c46d3bedacbe19de863767bbc6cf20619452915493682f33c59ca,raw/2026-05_table06_group10001_info.json,c65779ff86e9be7adbeb2358f4b7a2dbe724377a7878cef0378a287a553d6a6f,caption_and_validated_request_info,Sektör,3,Küçük İşletmelere Kullandırılan Krediler,,1657930,188812,1846742,69808,2041,71850,811818,105894,917712,0
2026-05,6,KOBI Kredileri,10001,4,"KOBİ Kredileri  (milyon TL), Dönem:2026/5",milyon TL,raw/2026-05_table06_group10001.json,64be91e4454c46d3bedacbe19de863767bbc6cf20619452915493682f33c59ca,raw/2026-05_table06_group10001_info.json,c65779ff86e9be7adbeb2358f4b7a2dbe724377a7878cef0378a287a553d6a6f,caption_and_validated_request_info,Sektör,4,Orta Büyüklükteki İşletmelere Kullandırılan Krediler,,2339710,973994,3313703,114962,3400,118361,1502519,572181,2074700,0
2026-05,6,KOBI Kredileri,10001,5,"KOBİ Kredileri  (milyon TL), Dönem:2026/5",milyon TL,raw/2026-05_table06_group10001.json,64be91e4454c46d3bedacbe19de863767bbc6cf20619452915493682f33c59ca,raw/2026-05_table06_group10001_info.json,c65779ff86e9be7adbeb2358f4b7a2dbe724377a7878cef0378a287a553d6a6f,caption_and_validated_request_info,Sektör,5,Toplam KOBİ Niteliğindeki Müşteri Sayısı (6+7+8) (Adet),bold,5123356,46090,5169446,321139,594,321733,4718117,30731,4748848,7040541
2026-05,6,KOBI Kredileri,10001,6,"KOBİ Kredileri  (milyon TL), Dönem:2026/5",milyon TL,raw/2026-05_table06_group10001.json,64be91e4454c46d3bedacbe19de863767bbc6cf20619452915493682f33c59ca,raw/2026-05_table06_group10001_info.json,c65779ff86e9be7adbeb2358f4b7a2dbe724377a7878cef0378a287a553d6a6f,caption_and_validated_request_info,Sektör,6,Mikro İşletme Niteliğindeki Müşteri Sayısı (Adet),,4215367,6808,4222175,268455,49,268504,3705666,2817,3708483,5776552
2026-05,6,KOBI Kredileri,10001,7,"KOBİ Kredileri  (milyon TL), Dönem:2026/5",milyon TL,raw/2026-05_table06_group10001.json,64be91e4454c46d3bedacbe19de863767bbc6cf20619452915493682f33c59ca,raw/2026-05_table06_group10001_info.json,c65779ff86e9be7adbeb2358f4b7a2dbe724377a7878cef0378a287a553d6a6f,caption_and_validated_request_info,Sektör,7,Küçük İşletme Niteliğindeki Müşteri Sayısı (Adet),,672840,15595,688435,36960,273,37233,740848,9794,750642,917085
2026-05,6,KOBI Kredileri,10001,8,"KOBİ Kredileri  (milyon TL), Dönem:2026/5",milyon TL,raw/2026-05_table06_group10001.json,64be91e4454c46d3bedacbe19de863767bbc6cf20619452915493682f33c59ca,raw/2026-05_table06_group10001_info.json,c65779ff86e9be7adbeb2358f4b7a2dbe724377a7878cef0378a287a553d6a6f,caption_and_validated_request_info,Sektör,8,Orta Büyüklükteki İşletme Niteliğindeki Müşteri Sayısı (Adet),,235149,23687,258836,15724,272,15996,271603,18120,289723,346904
2026-06,6,KOBI Kredileri,10001,1,"KOBİ Kredileri  (milyon TL), Dönem:2026/6",milyon TL,raw/2026-06_table06_group10001.json,9b4c2ed63865b6b4f35307aa85ff1533021043cf2ccb6aa42b480127e67f84ab,raw/2026-06_table06_group10001_info.json,e5e3314a079a610bfacf79485a70c3688901b9be8b248675941032867b2438d5,caption_and_validated_request_info,Sektör,1,Toplam KOBİ Kredileri (2+3+4),bold,5996304,1256982,7253286,271122,5539,276661,3375335,715053,4090388,0
2026-06,6,KOBI Kredileri,10001,2,"KOBİ Kredileri  (milyon TL), Dönem:2026/6",milyon TL,raw/2026-06_table06_group10001.json,9b4c2ed63865b6b4f35307aa85ff1533021043cf2ccb6aa42b480127e67f84ab,raw/2026-06_table06_group10001_info.json,e5e3314a079a610bfacf79485a70c3688901b9be8b248675941032867b2438d5,caption_and_validated_request_info,Sektör,2,Mikro İşletmelere Kullandırılan Krediler,,1825230,76959,1902189,74156,150,74306,1045594,27253,1072847,0
2026-06,6,KOBI Kredileri,10001,3,"KOBİ Kredileri  (milyon TL), Dönem:2026/6",milyon TL,raw/2026-06_table06_group10001.json,9b4c2ed63865b6b4f35307aa85ff1533021043cf2ccb6aa42b480127e67f84ab,raw/2026-06_table06_group10001_info.json,e5e3314a079a610bfacf79485a70c3688901b9be8b248675941032867b2438d5,caption_and_validated_request_info,Sektör,3,Küçük İşletmelere Kullandırılan Krediler,,1707052,187851,1894903,76299,2066,78365,810774,110595,921369,0
2026-06,6,KOBI Kredileri,10001,4,"KOBİ Kredileri  (milyon TL), Dönem:2026/6",milyon TL,raw/2026-06_table06_group10001.json,9b4c2ed63865b6b4f35307aa85ff1533021043cf2ccb6aa42b480127e67f84ab,raw/2026-06_table06_group10001_info.json,e5e3314a079a610bfacf79485a70c3688901b9be8b248675941032867b2438d5,caption_and_validated_request_info,Sektör,4,Orta Büyüklükteki İşletmelere Kullandırılan Krediler,,2464022,992172,3456194,120667,3324,123990,1518967,577205,2096172,0
2026-06,6,KOBI Kredileri,10001,5,"KOBİ Kredileri  (milyon TL), Dönem:2026/6",milyon TL,raw/2026-06_table06_group10001.json,9b4c2ed63865b6b4f35307aa85ff1533021043cf2ccb6aa42b480127e67f84ab,raw/2026-06_table06_group10001_info.json,e5e3314a079a610bfacf79485a70c3688901b9be8b248675941032867b2438d5,caption_and_validated_request_info,Sektör,5,Toplam KOBİ Niteliğindeki Müşteri Sayısı (6+7+8) (Adet),bold,5160013,44873,5204886,327222,585,327807,4817734,30871,4848605,7103649
2026-06,6,KOBI Kredileri,10001,6,"KOBİ Kredileri  (milyon TL), Dönem:2026/6",milyon TL,raw/2026-06_table06_group10001.json,9b4c2ed63865b6b4f35307aa85ff1533021043cf2ccb6aa42b480127e67f84ab,raw/2026-06_table06_group10001_info.json,e5e3314a079a610bfacf79485a70c3688901b9be8b248675941032867b2438d5,caption_and_validated_request_info,Sektör,6,Mikro İşletme Niteliğindeki Müşteri Sayısı (Adet),,4230995,6098,4237093,273112,47,273159,3782269,2871,3785140,5817759
2026-06,6,KOBI Kredileri,10001,7,"KOBİ Kredileri  (milyon TL), Dönem:2026/6",milyon TL,raw/2026-06_table06_group10001.json,9b4c2ed63865b6b4f35307aa85ff1533021043cf2ccb6aa42b480127e67f84ab,raw/2026-06_table06_group10001_info.json,e5e3314a079a610bfacf79485a70c3688901b9be8b248675941032867b2438d5,caption_and_validated_request_info,Sektör,7,Küçük İşletme Niteliğindeki Müşteri Sayısı (Adet),,684996,15071,700067,37831,273,38104,755708,9792,765500,929042
2026-06,6,KOBI Kredileri,10001,8,"KOBİ Kredileri  (milyon TL), Dönem:2026/6",milyon TL,raw/2026-06_table06_group10001.json,9b4c2ed63865b6b4f35307aa85ff1533021043cf2ccb6aa42b480127e67f84ab,raw/2026-06_table06_group10001_info.json,e5e3314a079a610bfacf79485a70c3688901b9be8b248675941032867b2438d5,caption_and_validated_request_info,Sektör,8,Orta Büyüklükteki İşletme Niteliğindeki Müşteri Sayısı (Adet),,244022,23704,267726,16279,265,16544,279757,18208,297965,356848
