month,table_no,table_name,group_code,source_row_index,source_caption,source_unit,source_file,source_sha256,source_request_info_file,source_request_info_sha256,period_validation_source,BankaAdi,BasitSira,Ad,BasitFont,Toplam
2021-01,13,Yabanci Para Pozisyonu,10001,1,"Yabancı Para Pozisyonu (milyon TL), Dönem:2021/1",milyon TL,raw/2021-01_table13_group10001.json,aac0bad7800c6aae0a1a9700aab261c62b6ac1ebde9ae0f4417540208b694530,raw/2021-01_table13_group10001_info.json,09992c82c683328ce38e57086c7e0ef8acb4bb49282543af66aa46394dc89ea5,caption_and_validated_request_info,Sektör,1,Döviz Varlıkları Toplamı,bold,3850245
2021-01,13,Yabanci Para Pozisyonu,10001,2,"Yabancı Para Pozisyonu (milyon TL), Dönem:2021/1",milyon TL,raw/2021-01_table13_group10001.json,aac0bad7800c6aae0a1a9700aab261c62b6ac1ebde9ae0f4417540208b694530,raw/2021-01_table13_group10001_info.json,09992c82c683328ce38e57086c7e0ef8acb4bb49282543af66aa46394dc89ea5,caption_and_validated_request_info,Sektör,2,Bilanço İçi Varlıklar,italic,2621562
2021-01,13,Yabanci Para Pozisyonu,10001,3,"Yabancı Para Pozisyonu (milyon TL), Dönem:2021/1",milyon TL,raw/2021-01_table13_group10001.json,aac0bad7800c6aae0a1a9700aab261c62b6ac1ebde9ae0f4417540208b694530,raw/2021-01_table13_group10001_info.json,09992c82c683328ce38e57086c7e0ef8acb4bb49282543af66aa46394dc89ea5,caption_and_validated_request_info,Sektör,3,Dövize Endeksli Varlıklar,italic,27039
2021-01,13,Yabanci Para Pozisyonu,10001,4,"Yabancı Para Pozisyonu (milyon TL), Dönem:2021/1",milyon TL,raw/2021-01_table13_group10001.json,aac0bad7800c6aae0a1a9700aab261c62b6ac1ebde9ae0f4417540208b694530,raw/2021-01_table13_group10001_info.json,09992c82c683328ce38e57086c7e0ef8acb4bb49282543af66aa46394dc89ea5,caption_and_validated_request_info,Sektör,4,Bilanço Dışı Varlıklar,italic,1228684
2021-01,13,Yabanci Para Pozisyonu,10001,5,"Yabancı Para Pozisyonu (milyon TL), Dönem:2021/1",milyon TL,raw/2021-01_table13_group10001.json,aac0bad7800c6aae0a1a9700aab261c62b6ac1ebde9ae0f4417540208b694530,raw/2021-01_table13_group10001_info.json,09992c82c683328ce38e57086c7e0ef8acb4bb49282543af66aa46394dc89ea5,caption_and_validated_request_info,Sektör,5,Döviz Yükümlülükleri Toplamı,bold,3809828
2021-01,13,Yabanci Para Pozisyonu,10001,6,"Yabancı Para Pozisyonu (milyon TL), Dönem:2021/1",milyon TL,raw/2021-01_table13_group10001.json,aac0bad7800c6aae0a1a9700aab261c62b6ac1ebde9ae0f4417540208b694530,raw/2021-01_table13_group10001_info.json,09992c82c683328ce38e57086c7e0ef8acb4bb49282543af66aa46394dc89ea5,caption_and_validated_request_info,Sektör,6,Bilanço İçi Yükümlülükler,italic,3053626
2021-01,13,Yabanci Para Pozisyonu,10001,7,"Yabancı Para Pozisyonu (milyon TL), Dönem:2021/1",milyon TL,raw/2021-01_table13_group10001.json,aac0bad7800c6aae0a1a9700aab261c62b6ac1ebde9ae0f4417540208b694530,raw/2021-01_table13_group10001_info.json,09992c82c683328ce38e57086c7e0ef8acb4bb49282543af66aa46394dc89ea5,caption_and_validated_request_info,Sektör,7,Dövize Endeksli Yükümlülükler,italic,0
2021-01,13,Yabanci Para Pozisyonu,10001,8,"Yabancı Para Pozisyonu (milyon TL), Dönem:2021/1",milyon TL,raw/2021-01_table13_group10001.json,aac0bad7800c6aae0a1a9700aab261c62b6ac1ebde9ae0f4417540208b694530,raw/2021-01_table13_group10001_info.json,09992c82c683328ce38e57086c7e0ef8acb4bb49282543af66aa46394dc89ea5,caption_and_validated_request_info,Sektör,8,Bilanço Dışı Yükümlülükler,italic,756202
2021-01,13,Yabanci Para Pozisyonu,10001,9,"Yabancı Para Pozisyonu (milyon TL), Dönem:2021/1",milyon TL,raw/2021-01_table13_group10001.json,aac0bad7800c6aae0a1a9700aab261c62b6ac1ebde9ae0f4417540208b694530,raw/2021-01_table13_group10001_info.json,09992c82c683328ce38e57086c7e0ef8acb4bb49282543af66aa46394dc89ea5,caption_and_validated_request_info,Sektör,9,Yabancı Para Net Genel Pozisyonu,,40418
2021-01,13,Yabanci Para Pozisyonu,10001,10,"Yabancı Para Pozisyonu (milyon TL), Dönem:2021/1",milyon TL,raw/2021-01_table13_group10001.json,aac0bad7800c6aae0a1a9700aab261c62b6ac1ebde9ae0f4417540208b694530,raw/2021-01_table13_group10001_info.json,09992c82c683328ce38e57086c7e0ef8acb4bb49282543af66aa46394dc89ea5,caption_and_validated_request_info,Sektör,10,Yasal Özkaynak,,773357
2021-01,13,Yabanci Para Pozisyonu,10001,11,"Yabancı Para Pozisyonu (milyon TL), Dönem:2021/1",milyon TL,raw/2021-01_table13_group10001.json,aac0bad7800c6aae0a1a9700aab261c62b6ac1ebde9ae0f4417540208b694530,raw/2021-01_table13_group10001_info.json,09992c82c683328ce38e57086c7e0ef8acb4bb49282543af66aa46394dc89ea5,caption_and_validated_request_info,Sektör,11,Yabancı Para Net Genel Pozisyon / Yasal Özkaynak Standart Oranı (Yüzde),bold,5
2021-02,13,Yabanci Para Pozisyonu,10001,1,"Yabancı Para Pozisyonu (milyon TL), Dönem:2021/2",milyon TL,raw/2021-02_table13_group10001.json,21ee123ac062c5b017e455334d6b5a978f8d959401136a67fb291a5edde50711,raw/2021-02_table13_group10001_info.json,84313b9e0d42a4f514b5958a0fffa9e1392f5e67961253e15e1376254704ff57,caption_and_validated_request_info,Sektör,1,Döviz Varlıkları Toplamı,bold,3854445
2021-02,13,Yabanci Para Pozisyonu,10001,2,"Yabancı Para Pozisyonu (milyon TL), Dönem:2021/2",milyon TL,raw/2021-02_table13_group10001.json,21ee123ac062c5b017e455334d6b5a978f8d959401136a67fb291a5edde50711,raw/2021-02_table13_group10001_info.json,84313b9e0d42a4f514b5958a0fffa9e1392f5e67961253e15e1376254704ff57,caption_and_validated_request_info,Sektör,2,Bilanço İçi Varlıklar,italic,2615817
2021-02,13,Yabanci Para Pozisyonu,10001,3,"Yabancı Para Pozisyonu (milyon TL), Dönem:2021/2",milyon TL,raw/2021-02_table13_group10001.json,21ee123ac062c5b017e455334d6b5a978f8d959401136a67fb291a5edde50711,raw/2021-02_table13_group10001_info.json,84313b9e0d42a4f514b5958a0fffa9e1392f5e67961253e15e1376254704ff57,caption_and_validated_request_info,Sektör,3,Dövize Endeksli Varlıklar,italic,29592
2021-02,13,Yabanci Para Pozisyonu,10001,4,"Yabancı Para Pozisyonu (milyon TL), Dönem:2021/2",milyon TL,raw/2021-02_table13_group10001.json,21ee123ac062c5b017e455334d6b5a978f8d959401136a67fb291a5edde50711,raw/2021-02_table13_group10001_info.json,84313b9e0d42a4f514b5958a0fffa9e1392f5e67961253e15e1376254704ff57,caption_and_validated_request_info,Sektör,4,Bilanço Dışı Varlıklar,italic,1238629
2021-02,13,Yabanci Para Pozisyonu,10001,5,"Yabancı Para Pozisyonu (milyon TL), Dönem:2021/2",milyon TL,raw/2021-02_table13_group10001.json,21ee123ac062c5b017e455334d6b5a978f8d959401136a67fb291a5edde50711,raw/2021-02_table13_group10001_info.json,84313b9e0d42a4f514b5958a0fffa9e1392f5e67961253e15e1376254704ff57,caption_and_validated_request_info,Sektör,5,Döviz Yükümlülükleri Toplamı,bold,3813688
2021-02,13,Yabanci Para Pozisyonu,10001,6,"Yabancı Para Pozisyonu (milyon TL), Dönem:2021/2",milyon TL,raw/2021-02_table13_group10001.json,21ee123ac062c5b017e455334d6b5a978f8d959401136a67fb291a5edde50711,raw/2021-02_table13_group10001_info.json,84313b9e0d42a4f514b5958a0fffa9e1392f5e67961253e15e1376254704ff57,caption_and_validated_request_info,Sektör,6,Bilanço İçi Yükümlülükler,italic,3038698
2021-02,13,Yabanci Para Pozisyonu,10001,7,"Yabancı Para Pozisyonu (milyon TL), Dönem:2021/2",milyon TL,raw/2021-02_table13_group10001.json,21ee123ac062c5b017e455334d6b5a978f8d959401136a67fb291a5edde50711,raw/2021-02_table13_group10001_info.json,84313b9e0d42a4f514b5958a0fffa9e1392f5e67961253e15e1376254704ff57,caption_and_validated_request_info,Sektör,7,Dövize Endeksli Yükümlülükler,italic,0
2021-02,13,Yabanci Para Pozisyonu,10001,8,"Yabancı Para Pozisyonu (milyon TL), Dönem:2021/2",milyon TL,raw/2021-02_table13_group10001.json,21ee123ac062c5b017e455334d6b5a978f8d959401136a67fb291a5edde50711,raw/2021-02_table13_group10001_info.json,84313b9e0d42a4f514b5958a0fffa9e1392f5e67961253e15e1376254704ff57,caption_and_validated_request_info,Sektör,8,Bilanço Dışı Yükümlülükler,italic,774990
2021-02,13,Yabanci Para Pozisyonu,10001,9,"Yabancı Para Pozisyonu (milyon TL), Dönem:2021/2",milyon TL,raw/2021-02_table13_group10001.json,21ee123ac062c5b017e455334d6b5a978f8d959401136a67fb291a5edde50711,raw/2021-02_table13_group10001_info.json,84313b9e0d42a4f514b5958a0fffa9e1392f5e67961253e15e1376254704ff57,caption_and_validated_request_info,Sektör,9,Yabancı Para Net Genel Pozisyonu,,40757
2021-02,13,Yabanci Para Pozisyonu,10001,10,"Yabancı Para Pozisyonu (milyon TL), Dönem:2021/2",milyon TL,raw/2021-02_table13_group10001.json,21ee123ac062c5b017e455334d6b5a978f8d959401136a67fb291a5edde50711,raw/2021-02_table13_group10001_info.json,84313b9e0d42a4f514b5958a0fffa9e1392f5e67961253e15e1376254704ff57,caption_and_validated_request_info,Sektör,10,Yasal Özkaynak,,777316
2021-02,13,Yabanci Para Pozisyonu,10001,11,"Yabancı Para Pozisyonu (milyon TL), Dönem:2021/2",milyon TL,raw/2021-02_table13_group10001.json,21ee123ac062c5b017e455334d6b5a978f8d959401136a67fb291a5edde50711,raw/2021-02_table13_group10001_info.json,84313b9e0d42a4f514b5958a0fffa9e1392f5e67961253e15e1376254704ff57,caption_and_validated_request_info,Sektör,11,Yabancı Para Net Genel Pozisyon / Yasal Özkaynak Standart Oranı (Yüzde),bold,5
2021-03,13,Yabanci Para Pozisyonu,10001,1,"Yabancı Para Pozisyonu (milyon TL), Dönem:2021/3",milyon TL,raw/2021-03_table13_group10001.json,e02b380c571d4e16663bc6d22f073e187420aa9c79109f9bf63a388156376c05,raw/2021-03_table13_group10001_info.json,c06affc13eda14c40555bccd203099085bc1d3daeb854770a1ba15a1b2c250d6,caption_and_validated_request_info,Sektör,1,Döviz Varlıkları Toplamı,bold,4224943
2021-03,13,Yabanci Para Pozisyonu,10001,2,"Yabancı Para Pozisyonu (milyon TL), Dönem:2021/3",milyon TL,raw/2021-03_table13_group10001.json,e02b380c571d4e16663bc6d22f073e187420aa9c79109f9bf63a388156376c05,raw/2021-03_table13_group10001_info.json,c06affc13eda14c40555bccd203099085bc1d3daeb854770a1ba15a1b2c250d6,caption_and_validated_request_info,Sektör,2,Bilanço İçi Varlıklar,italic,2895913
2021-03,13,Yabanci Para Pozisyonu,10001,3,"Yabancı Para Pozisyonu (milyon TL), Dönem:2021/3",milyon TL,raw/2021-03_table13_group10001.json,e02b380c571d4e16663bc6d22f073e187420aa9c79109f9bf63a388156376c05,raw/2021-03_table13_group10001_info.json,c06affc13eda14c40555bccd203099085bc1d3daeb854770a1ba15a1b2c250d6,caption_and_validated_request_info,Sektör,3,Dövize Endeksli Varlıklar,italic,18730
2021-03,13,Yabanci Para Pozisyonu,10001,4,"Yabancı Para Pozisyonu (milyon TL), Dönem:2021/3",milyon TL,raw/2021-03_table13_group10001.json,e02b380c571d4e16663bc6d22f073e187420aa9c79109f9bf63a388156376c05,raw/2021-03_table13_group10001_info.json,c06affc13eda14c40555bccd203099085bc1d3daeb854770a1ba15a1b2c250d6,caption_and_validated_request_info,Sektör,4,Bilanço Dışı Varlıklar,italic,1329031
2021-03,13,Yabanci Para Pozisyonu,10001,5,"Yabancı Para Pozisyonu (milyon TL), Dönem:2021/3",milyon TL,raw/2021-03_table13_group10001.json,e02b380c571d4e16663bc6d22f073e187420aa9c79109f9bf63a388156376c05,raw/2021-03_table13_group10001_info.json,c06affc13eda14c40555bccd203099085bc1d3daeb854770a1ba15a1b2c250d6,caption_and_validated_request_info,Sektör,5,Döviz Yükümlülükleri Toplamı,bold,4178642
2021-03,13,Yabanci Para Pozisyonu,10001,6,"Yabancı Para Pozisyonu (milyon TL), Dönem:2021/3",milyon TL,raw/2021-03_table13_group10001.json,e02b380c571d4e16663bc6d22f073e187420aa9c79109f9bf63a388156376c05,raw/2021-03_table13_group10001_info.json,c06affc13eda14c40555bccd203099085bc1d3daeb854770a1ba15a1b2c250d6,caption_and_validated_request_info,Sektör,6,Bilanço İçi Yükümlülükler,italic,3330918
2021-03,13,Yabanci Para Pozisyonu,10001,7,"Yabancı Para Pozisyonu (milyon TL), Dönem:2021/3",milyon TL,raw/2021-03_table13_group10001.json,e02b380c571d4e16663bc6d22f073e187420aa9c79109f9bf63a388156376c05,raw/2021-03_table13_group10001_info.json,c06affc13eda14c40555bccd203099085bc1d3daeb854770a1ba15a1b2c250d6,caption_and_validated_request_info,Sektör,7,Dövize Endeksli Yükümlülükler,italic,0
2021-03,13,Yabanci Para Pozisyonu,10001,8,"Yabancı Para Pozisyonu (milyon TL), Dönem:2021/3",milyon TL,raw/2021-03_table13_group10001.json,e02b380c571d4e16663bc6d22f073e187420aa9c79109f9bf63a388156376c05,raw/2021-03_table13_group10001_info.json,c06affc13eda14c40555bccd203099085bc1d3daeb854770a1ba15a1b2c250d6,caption_and_validated_request_info,Sektör,8,Bilanço Dışı Yükümlülükler,italic,847723
2021-03,13,Yabanci Para Pozisyonu,10001,9,"Yabancı Para Pozisyonu (milyon TL), Dönem:2021/3",milyon TL,raw/2021-03_table13_group10001.json,e02b380c571d4e16663bc6d22f073e187420aa9c79109f9bf63a388156376c05,raw/2021-03_table13_group10001_info.json,c06affc13eda14c40555bccd203099085bc1d3daeb854770a1ba15a1b2c250d6,caption_and_validated_request_info,Sektör,9,Yabancı Para Net Genel Pozisyonu,,46301
2021-03,13,Yabanci Para Pozisyonu,10001,10,"Yabancı Para Pozisyonu (milyon TL), Dönem:2021/3",milyon TL,raw/2021-03_table13_group10001.json,e02b380c571d4e16663bc6d22f073e187420aa9c79109f9bf63a388156376c05,raw/2021-03_table13_group10001_info.json,c06affc13eda14c40555bccd203099085bc1d3daeb854770a1ba15a1b2c250d6,caption_and_validated_request_info,Sektör,10,Yasal Özkaynak,,782538
2021-03,13,Yabanci Para Pozisyonu,10001,11,"Yabancı Para Pozisyonu (milyon TL), Dönem:2021/3",milyon TL,raw/2021-03_table13_group10001.json,e02b380c571d4e16663bc6d22f073e187420aa9c79109f9bf63a388156376c05,raw/2021-03_table13_group10001_info.json,c06affc13eda14c40555bccd203099085bc1d3daeb854770a1ba15a1b2c250d6,caption_and_validated_request_info,Sektör,11,Yabancı Para Net Genel Pozisyon / Yasal Özkaynak Standart Oranı (Yüzde),bold,6
2021-04,13,Yabanci Para Pozisyonu,10001,1,"Yabancı Para Pozisyonu (milyon TL), Dönem:2021/4",milyon TL,raw/2021-04_table13_group10001.json,312dfa34a6e8352d100e85e0ee53e50f867730c69f0547f56da621bfe590d454,raw/2021-04_table13_group10001_info.json,bb432ea9079ee7109a79a5e9469db177df5a096860e7518fdcd4e89df9219cc6,caption_and_validated_request_info,Sektör,1,Döviz Varlıkları Toplamı,bold,4201221
2021-04,13,Yabanci Para Pozisyonu,10001,2,"Yabancı Para Pozisyonu (milyon TL), Dönem:2021/4",milyon TL,raw/2021-04_table13_group10001.json,312dfa34a6e8352d100e85e0ee53e50f867730c69f0547f56da621bfe590d454,raw/2021-04_table13_group10001_info.json,bb432ea9079ee7109a79a5e9469db177df5a096860e7518fdcd4e89df9219cc6,caption_and_validated_request_info,Sektör,2,Bilanço İçi Varlıklar,italic,2910315
2021-04,13,Yabanci Para Pozisyonu,10001,3,"Yabancı Para Pozisyonu (milyon TL), Dönem:2021/4",milyon TL,raw/2021-04_table13_group10001.json,312dfa34a6e8352d100e85e0ee53e50f867730c69f0547f56da621bfe590d454,raw/2021-04_table13_group10001_info.json,bb432ea9079ee7109a79a5e9469db177df5a096860e7518fdcd4e89df9219cc6,caption_and_validated_request_info,Sektör,3,Dövize Endeksli Varlıklar,italic,18846
2021-04,13,Yabanci Para Pozisyonu,10001,4,"Yabancı Para Pozisyonu (milyon TL), Dönem:2021/4",milyon TL,raw/2021-04_table13_group10001.json,312dfa34a6e8352d100e85e0ee53e50f867730c69f0547f56da621bfe590d454,raw/2021-04_table13_group10001_info.json,bb432ea9079ee7109a79a5e9469db177df5a096860e7518fdcd4e89df9219cc6,caption_and_validated_request_info,Sektör,4,Bilanço Dışı Varlıklar,italic,1290906
2021-04,13,Yabanci Para Pozisyonu,10001,5,"Yabancı Para Pozisyonu (milyon TL), Dönem:2021/4",milyon TL,raw/2021-04_table13_group10001.json,312dfa34a6e8352d100e85e0ee53e50f867730c69f0547f56da621bfe590d454,raw/2021-04_table13_group10001_info.json,bb432ea9079ee7109a79a5e9469db177df5a096860e7518fdcd4e89df9219cc6,caption_and_validated_request_info,Sektör,5,Döviz Yükümlülükleri Toplamı,bold,4149827
2021-04,13,Yabanci Para Pozisyonu,10001,6,"Yabancı Para Pozisyonu (milyon TL), Dönem:2021/4",milyon TL,raw/2021-04_table13_group10001.json,312dfa34a6e8352d100e85e0ee53e50f867730c69f0547f56da621bfe590d454,raw/2021-04_table13_group10001_info.json,bb432ea9079ee7109a79a5e9469db177df5a096860e7518fdcd4e89df9219cc6,caption_and_validated_request_info,Sektör,6,Bilanço İçi Yükümlülükler,italic,3335964
2021-04,13,Yabanci Para Pozisyonu,10001,7,"Yabancı Para Pozisyonu (milyon TL), Dönem:2021/4",milyon TL,raw/2021-04_table13_group10001.json,312dfa34a6e8352d100e85e0ee53e50f867730c69f0547f56da621bfe590d454,raw/2021-04_table13_group10001_info.json,bb432ea9079ee7109a79a5e9469db177df5a096860e7518fdcd4e89df9219cc6,caption_and_validated_request_info,Sektör,7,Dövize Endeksli Yükümlülükler,italic,0
2021-04,13,Yabanci Para Pozisyonu,10001,8,"Yabancı Para Pozisyonu (milyon TL), Dönem:2021/4",milyon TL,raw/2021-04_table13_group10001.json,312dfa34a6e8352d100e85e0ee53e50f867730c69f0547f56da621bfe590d454,raw/2021-04_table13_group10001_info.json,bb432ea9079ee7109a79a5e9469db177df5a096860e7518fdcd4e89df9219cc6,caption_and_validated_request_info,Sektör,8,Bilanço Dışı Yükümlülükler,italic,813863
2021-04,13,Yabanci Para Pozisyonu,10001,9,"Yabancı Para Pozisyonu (milyon TL), Dönem:2021/4",milyon TL,raw/2021-04_table13_group10001.json,312dfa34a6e8352d100e85e0ee53e50f867730c69f0547f56da621bfe590d454,raw/2021-04_table13_group10001_info.json,bb432ea9079ee7109a79a5e9469db177df5a096860e7518fdcd4e89df9219cc6,caption_and_validated_request_info,Sektör,9,Yabancı Para Net Genel Pozisyonu,,51394
2021-04,13,Yabanci Para Pozisyonu,10001,10,"Yabancı Para Pozisyonu (milyon TL), Dönem:2021/4",milyon TL,raw/2021-04_table13_group10001.json,312dfa34a6e8352d100e85e0ee53e50f867730c69f0547f56da621bfe590d454,raw/2021-04_table13_group10001_info.json,bb432ea9079ee7109a79a5e9469db177df5a096860e7518fdcd4e89df9219cc6,caption_and_validated_request_info,Sektör,10,Yasal Özkaynak,,792533
2021-04,13,Yabanci Para Pozisyonu,10001,11,"Yabancı Para Pozisyonu (milyon TL), Dönem:2021/4",milyon TL,raw/2021-04_table13_group10001.json,312dfa34a6e8352d100e85e0ee53e50f867730c69f0547f56da621bfe590d454,raw/2021-04_table13_group10001_info.json,bb432ea9079ee7109a79a5e9469db177df5a096860e7518fdcd4e89df9219cc6,caption_and_validated_request_info,Sektör,11,Yabancı Para Net Genel Pozisyon / Yasal Özkaynak Standart Oranı (Yüzde),bold,6
2021-05,13,Yabanci Para Pozisyonu,10001,1,"Yabancı Para Pozisyonu (milyon TL), Dönem:2021/5",milyon TL,raw/2021-05_table13_group10001.json,935ac5bab9d6f8a452eeb1472461e823622c99ea638e396ca80721febf40b3b0,raw/2021-05_table13_group10001_info.json,0def046c88c7dc78f3e5aff24ca9f3275af262820330dde6d27b3c2f75b04516,caption_and_validated_request_info,Sektör,1,Döviz Varlıkları Toplamı,bold,4402204
2021-05,13,Yabanci Para Pozisyonu,10001,2,"Yabancı Para Pozisyonu (milyon TL), Dönem:2021/5",milyon TL,raw/2021-05_table13_group10001.json,935ac5bab9d6f8a452eeb1472461e823622c99ea638e396ca80721febf40b3b0,raw/2021-05_table13_group10001_info.json,0def046c88c7dc78f3e5aff24ca9f3275af262820330dde6d27b3c2f75b04516,caption_and_validated_request_info,Sektör,2,Bilanço İçi Varlıklar,italic,3040860
2021-05,13,Yabanci Para Pozisyonu,10001,3,"Yabancı Para Pozisyonu (milyon TL), Dönem:2021/5",milyon TL,raw/2021-05_table13_group10001.json,935ac5bab9d6f8a452eeb1472461e823622c99ea638e396ca80721febf40b3b0,raw/2021-05_table13_group10001_info.json,0def046c88c7dc78f3e5aff24ca9f3275af262820330dde6d27b3c2f75b04516,caption_and_validated_request_info,Sektör,3,Dövize Endeksli Varlıklar,italic,19046
2021-05,13,Yabanci Para Pozisyonu,10001,4,"Yabancı Para Pozisyonu (milyon TL), Dönem:2021/5",milyon TL,raw/2021-05_table13_group10001.json,935ac5bab9d6f8a452eeb1472461e823622c99ea638e396ca80721febf40b3b0,raw/2021-05_table13_group10001_info.json,0def046c88c7dc78f3e5aff24ca9f3275af262820330dde6d27b3c2f75b04516,caption_and_validated_request_info,Sektör,4,Bilanço Dışı Varlıklar,italic,1361344
2021-05,13,Yabanci Para Pozisyonu,10001,5,"Yabancı Para Pozisyonu (milyon TL), Dönem:2021/5",milyon TL,raw/2021-05_table13_group10001.json,935ac5bab9d6f8a452eeb1472461e823622c99ea638e396ca80721febf40b3b0,raw/2021-05_table13_group10001_info.json,0def046c88c7dc78f3e5aff24ca9f3275af262820330dde6d27b3c2f75b04516,caption_and_validated_request_info,Sektör,5,Döviz Yükümlülükleri Toplamı,bold,4349088
2021-05,13,Yabanci Para Pozisyonu,10001,6,"Yabancı Para Pozisyonu (milyon TL), Dönem:2021/5",milyon TL,raw/2021-05_table13_group10001.json,935ac5bab9d6f8a452eeb1472461e823622c99ea638e396ca80721febf40b3b0,raw/2021-05_table13_group10001_info.json,0def046c88c7dc78f3e5aff24ca9f3275af262820330dde6d27b3c2f75b04516,caption_and_validated_request_info,Sektör,6,Bilanço İçi Yükümlülükler,italic,3457304
2021-05,13,Yabanci Para Pozisyonu,10001,7,"Yabancı Para Pozisyonu (milyon TL), Dönem:2021/5",milyon TL,raw/2021-05_table13_group10001.json,935ac5bab9d6f8a452eeb1472461e823622c99ea638e396ca80721febf40b3b0,raw/2021-05_table13_group10001_info.json,0def046c88c7dc78f3e5aff24ca9f3275af262820330dde6d27b3c2f75b04516,caption_and_validated_request_info,Sektör,7,Dövize Endeksli Yükümlülükler,italic,0
2021-05,13,Yabanci Para Pozisyonu,10001,8,"Yabancı Para Pozisyonu (milyon TL), Dönem:2021/5",milyon TL,raw/2021-05_table13_group10001.json,935ac5bab9d6f8a452eeb1472461e823622c99ea638e396ca80721febf40b3b0,raw/2021-05_table13_group10001_info.json,0def046c88c7dc78f3e5aff24ca9f3275af262820330dde6d27b3c2f75b04516,caption_and_validated_request_info,Sektör,8,Bilanço Dışı Yükümlülükler,italic,891784
2021-05,13,Yabanci Para Pozisyonu,10001,9,"Yabancı Para Pozisyonu (milyon TL), Dönem:2021/5",milyon TL,raw/2021-05_table13_group10001.json,935ac5bab9d6f8a452eeb1472461e823622c99ea638e396ca80721febf40b3b0,raw/2021-05_table13_group10001_info.json,0def046c88c7dc78f3e5aff24ca9f3275af262820330dde6d27b3c2f75b04516,caption_and_validated_request_info,Sektör,9,Yabancı Para Net Genel Pozisyonu,,53115
2021-05,13,Yabanci Para Pozisyonu,10001,10,"Yabancı Para Pozisyonu (milyon TL), Dönem:2021/5",milyon TL,raw/2021-05_table13_group10001.json,935ac5bab9d6f8a452eeb1472461e823622c99ea638e396ca80721febf40b3b0,raw/2021-05_table13_group10001_info.json,0def046c88c7dc78f3e5aff24ca9f3275af262820330dde6d27b3c2f75b04516,caption_and_validated_request_info,Sektör,10,Yasal Özkaynak,,801113
2021-05,13,Yabanci Para Pozisyonu,10001,11,"Yabancı Para Pozisyonu (milyon TL), Dönem:2021/5",milyon TL,raw/2021-05_table13_group10001.json,935ac5bab9d6f8a452eeb1472461e823622c99ea638e396ca80721febf40b3b0,raw/2021-05_table13_group10001_info.json,0def046c88c7dc78f3e5aff24ca9f3275af262820330dde6d27b3c2f75b04516,caption_and_validated_request_info,Sektör,11,Yabancı Para Net Genel Pozisyon / Yasal Özkaynak Standart Oranı (Yüzde),bold,7
2021-06,13,Yabanci Para Pozisyonu,10001,1,"Yabancı Para Pozisyonu (milyon TL), Dönem:2021/6",milyon TL,raw/2021-06_table13_group10001.json,59ebddcb89ff028b9496feba4af25be2dc22b3b4bc3d808eb5519836933ff9d2,raw/2021-06_table13_group10001_info.json,99d8d00d7e4177c38415a453cfce03c1bb2f6770081b8d577df3d961a72eca79,caption_and_validated_request_info,Sektör,1,Döviz Varlıkları Toplamı,bold,4385613
2021-06,13,Yabanci Para Pozisyonu,10001,2,"Yabancı Para Pozisyonu (milyon TL), Dönem:2021/6",milyon TL,raw/2021-06_table13_group10001.json,59ebddcb89ff028b9496feba4af25be2dc22b3b4bc3d808eb5519836933ff9d2,raw/2021-06_table13_group10001_info.json,99d8d00d7e4177c38415a453cfce03c1bb2f6770081b8d577df3d961a72eca79,caption_and_validated_request_info,Sektör,2,Bilanço İçi Varlıklar,italic,3047316
2021-06,13,Yabanci Para Pozisyonu,10001,3,"Yabancı Para Pozisyonu (milyon TL), Dönem:2021/6",milyon TL,raw/2021-06_table13_group10001.json,59ebddcb89ff028b9496feba4af25be2dc22b3b4bc3d808eb5519836933ff9d2,raw/2021-06_table13_group10001_info.json,99d8d00d7e4177c38415a453cfce03c1bb2f6770081b8d577df3d961a72eca79,caption_and_validated_request_info,Sektör,3,Dövize Endeksli Varlıklar,italic,18248
2021-06,13,Yabanci Para Pozisyonu,10001,4,"Yabancı Para Pozisyonu (milyon TL), Dönem:2021/6",milyon TL,raw/2021-06_table13_group10001.json,59ebddcb89ff028b9496feba4af25be2dc22b3b4bc3d808eb5519836933ff9d2,raw/2021-06_table13_group10001_info.json,99d8d00d7e4177c38415a453cfce03c1bb2f6770081b8d577df3d961a72eca79,caption_and_validated_request_info,Sektör,4,Bilanço Dışı Varlıklar,italic,1338297
2021-06,13,Yabanci Para Pozisyonu,10001,5,"Yabancı Para Pozisyonu (milyon TL), Dönem:2021/6",milyon TL,raw/2021-06_table13_group10001.json,59ebddcb89ff028b9496feba4af25be2dc22b3b4bc3d808eb5519836933ff9d2,raw/2021-06_table13_group10001_info.json,99d8d00d7e4177c38415a453cfce03c1bb2f6770081b8d577df3d961a72eca79,caption_and_validated_request_info,Sektör,5,Döviz Yükümlülükleri Toplamı,bold,4334983
2021-06,13,Yabanci Para Pozisyonu,10001,6,"Yabancı Para Pozisyonu (milyon TL), Dönem:2021/6",milyon TL,raw/2021-06_table13_group10001.json,59ebddcb89ff028b9496feba4af25be2dc22b3b4bc3d808eb5519836933ff9d2,raw/2021-06_table13_group10001_info.json,99d8d00d7e4177c38415a453cfce03c1bb2f6770081b8d577df3d961a72eca79,caption_and_validated_request_info,Sektör,6,Bilanço İçi Yükümlülükler,italic,3481920
2021-06,13,Yabanci Para Pozisyonu,10001,7,"Yabancı Para Pozisyonu (milyon TL), Dönem:2021/6",milyon TL,raw/2021-06_table13_group10001.json,59ebddcb89ff028b9496feba4af25be2dc22b3b4bc3d808eb5519836933ff9d2,raw/2021-06_table13_group10001_info.json,99d8d00d7e4177c38415a453cfce03c1bb2f6770081b8d577df3d961a72eca79,caption_and_validated_request_info,Sektör,7,Dövize Endeksli Yükümlülükler,italic,0
2021-06,13,Yabanci Para Pozisyonu,10001,8,"Yabancı Para Pozisyonu (milyon TL), Dönem:2021/6",milyon TL,raw/2021-06_table13_group10001.json,59ebddcb89ff028b9496feba4af25be2dc22b3b4bc3d808eb5519836933ff9d2,raw/2021-06_table13_group10001_info.json,99d8d00d7e4177c38415a453cfce03c1bb2f6770081b8d577df3d961a72eca79,caption_and_validated_request_info,Sektör,8,Bilanço Dışı Yükümlülükler,italic,853064
2021-06,13,Yabanci Para Pozisyonu,10001,9,"Yabancı Para Pozisyonu (milyon TL), Dönem:2021/6",milyon TL,raw/2021-06_table13_group10001.json,59ebddcb89ff028b9496feba4af25be2dc22b3b4bc3d808eb5519836933ff9d2,raw/2021-06_table13_group10001_info.json,99d8d00d7e4177c38415a453cfce03c1bb2f6770081b8d577df3d961a72eca79,caption_and_validated_request_info,Sektör,9,Yabancı Para Net Genel Pozisyonu,,50629
2021-06,13,Yabanci Para Pozisyonu,10001,10,"Yabancı Para Pozisyonu (milyon TL), Dönem:2021/6",milyon TL,raw/2021-06_table13_group10001.json,59ebddcb89ff028b9496feba4af25be2dc22b3b4bc3d808eb5519836933ff9d2,raw/2021-06_table13_group10001_info.json,99d8d00d7e4177c38415a453cfce03c1bb2f6770081b8d577df3d961a72eca79,caption_and_validated_request_info,Sektör,10,Yasal Özkaynak,,806979
2021-06,13,Yabanci Para Pozisyonu,10001,11,"Yabancı Para Pozisyonu (milyon TL), Dönem:2021/6",milyon TL,raw/2021-06_table13_group10001.json,59ebddcb89ff028b9496feba4af25be2dc22b3b4bc3d808eb5519836933ff9d2,raw/2021-06_table13_group10001_info.json,99d8d00d7e4177c38415a453cfce03c1bb2f6770081b8d577df3d961a72eca79,caption_and_validated_request_info,Sektör,11,Yabancı Para Net Genel Pozisyon / Yasal Özkaynak Standart Oranı (Yüzde),bold,6
2021-07,13,Yabanci Para Pozisyonu,10001,1,"Yabancı Para Pozisyonu (milyon TL), Dönem:2021/7",milyon TL,raw/2021-07_table13_group10001.json,ab476e2e09c1e4f388d092c5b7c98f69f34f00b6d2b0976c31ab5b05d0db6adc,raw/2021-07_table13_group10001_info.json,e9aaefb4d9f8803a3113e654b87de0cd10fcfc5d81ea7af6b2e3cf9208898ea0,caption_and_validated_request_info,Sektör,1,Döviz Varlıkları Toplamı,bold,4326151
2021-07,13,Yabanci Para Pozisyonu,10001,2,"Yabancı Para Pozisyonu (milyon TL), Dönem:2021/7",milyon TL,raw/2021-07_table13_group10001.json,ab476e2e09c1e4f388d092c5b7c98f69f34f00b6d2b0976c31ab5b05d0db6adc,raw/2021-07_table13_group10001_info.json,e9aaefb4d9f8803a3113e654b87de0cd10fcfc5d81ea7af6b2e3cf9208898ea0,caption_and_validated_request_info,Sektör,2,Bilanço İçi Varlıklar,italic,2998028
2021-07,13,Yabanci Para Pozisyonu,10001,3,"Yabancı Para Pozisyonu (milyon TL), Dönem:2021/7",milyon TL,raw/2021-07_table13_group10001.json,ab476e2e09c1e4f388d092c5b7c98f69f34f00b6d2b0976c31ab5b05d0db6adc,raw/2021-07_table13_group10001_info.json,e9aaefb4d9f8803a3113e654b87de0cd10fcfc5d81ea7af6b2e3cf9208898ea0,caption_and_validated_request_info,Sektör,3,Dövize Endeksli Varlıklar,italic,17530
2021-07,13,Yabanci Para Pozisyonu,10001,4,"Yabancı Para Pozisyonu (milyon TL), Dönem:2021/7",milyon TL,raw/2021-07_table13_group10001.json,ab476e2e09c1e4f388d092c5b7c98f69f34f00b6d2b0976c31ab5b05d0db6adc,raw/2021-07_table13_group10001_info.json,e9aaefb4d9f8803a3113e654b87de0cd10fcfc5d81ea7af6b2e3cf9208898ea0,caption_and_validated_request_info,Sektör,4,Bilanço Dışı Varlıklar,italic,1328122
2021-07,13,Yabanci Para Pozisyonu,10001,5,"Yabancı Para Pozisyonu (milyon TL), Dönem:2021/7",milyon TL,raw/2021-07_table13_group10001.json,ab476e2e09c1e4f388d092c5b7c98f69f34f00b6d2b0976c31ab5b05d0db6adc,raw/2021-07_table13_group10001_info.json,e9aaefb4d9f8803a3113e654b87de0cd10fcfc5d81ea7af6b2e3cf9208898ea0,caption_and_validated_request_info,Sektör,5,Döviz Yükümlülükleri Toplamı,bold,4273422
2021-07,13,Yabanci Para Pozisyonu,10001,6,"Yabancı Para Pozisyonu (milyon TL), Dönem:2021/7",milyon TL,raw/2021-07_table13_group10001.json,ab476e2e09c1e4f388d092c5b7c98f69f34f00b6d2b0976c31ab5b05d0db6adc,raw/2021-07_table13_group10001_info.json,e9aaefb4d9f8803a3113e654b87de0cd10fcfc5d81ea7af6b2e3cf9208898ea0,caption_and_validated_request_info,Sektör,6,Bilanço İçi Yükümlülükler,italic,3435608
2021-07,13,Yabanci Para Pozisyonu,10001,7,"Yabancı Para Pozisyonu (milyon TL), Dönem:2021/7",milyon TL,raw/2021-07_table13_group10001.json,ab476e2e09c1e4f388d092c5b7c98f69f34f00b6d2b0976c31ab5b05d0db6adc,raw/2021-07_table13_group10001_info.json,e9aaefb4d9f8803a3113e654b87de0cd10fcfc5d81ea7af6b2e3cf9208898ea0,caption_and_validated_request_info,Sektör,7,Dövize Endeksli Yükümlülükler,italic,0
2021-07,13,Yabanci Para Pozisyonu,10001,8,"Yabancı Para Pozisyonu (milyon TL), Dönem:2021/7",milyon TL,raw/2021-07_table13_group10001.json,ab476e2e09c1e4f388d092c5b7c98f69f34f00b6d2b0976c31ab5b05d0db6adc,raw/2021-07_table13_group10001_info.json,e9aaefb4d9f8803a3113e654b87de0cd10fcfc5d81ea7af6b2e3cf9208898ea0,caption_and_validated_request_info,Sektör,8,Bilanço Dışı Yükümlülükler,italic,837814
2021-07,13,Yabanci Para Pozisyonu,10001,9,"Yabancı Para Pozisyonu (milyon TL), Dönem:2021/7",milyon TL,raw/2021-07_table13_group10001.json,ab476e2e09c1e4f388d092c5b7c98f69f34f00b6d2b0976c31ab5b05d0db6adc,raw/2021-07_table13_group10001_info.json,e9aaefb4d9f8803a3113e654b87de0cd10fcfc5d81ea7af6b2e3cf9208898ea0,caption_and_validated_request_info,Sektör,9,Yabancı Para Net Genel Pozisyonu,,52729
2021-07,13,Yabanci Para Pozisyonu,10001,10,"Yabancı Para Pozisyonu (milyon TL), Dönem:2021/7",milyon TL,raw/2021-07_table13_group10001.json,ab476e2e09c1e4f388d092c5b7c98f69f34f00b6d2b0976c31ab5b05d0db6adc,raw/2021-07_table13_group10001_info.json,e9aaefb4d9f8803a3113e654b87de0cd10fcfc5d81ea7af6b2e3cf9208898ea0,caption_and_validated_request_info,Sektör,10,Yasal Özkaynak,,812053
2021-07,13,Yabanci Para Pozisyonu,10001,11,"Yabancı Para Pozisyonu (milyon TL), Dönem:2021/7",milyon TL,raw/2021-07_table13_group10001.json,ab476e2e09c1e4f388d092c5b7c98f69f34f00b6d2b0976c31ab5b05d0db6adc,raw/2021-07_table13_group10001_info.json,e9aaefb4d9f8803a3113e654b87de0cd10fcfc5d81ea7af6b2e3cf9208898ea0,caption_and_validated_request_info,Sektör,11,Yabancı Para Net Genel Pozisyon / Yasal Özkaynak Standart Oranı (Yüzde),bold,6
2021-08,13,Yabanci Para Pozisyonu,10001,1,"Yabancı Para Pozisyonu (milyon TL), Dönem:2021/8",milyon TL,raw/2021-08_table13_group10001.json,3f4750c5440697f910cfa88c54172830ad59b9e619ee8a586cf08a029c683f91,raw/2021-08_table13_group10001_info.json,f1d02ddffe9dd694e965d6758048caea7a7fe453b3081929955155ea996505c4,caption_and_validated_request_info,Sektör,1,Döviz Varlıkları Toplamı,bold,4337215
2021-08,13,Yabanci Para Pozisyonu,10001,2,"Yabancı Para Pozisyonu (milyon TL), Dönem:2021/8",milyon TL,raw/2021-08_table13_group10001.json,3f4750c5440697f910cfa88c54172830ad59b9e619ee8a586cf08a029c683f91,raw/2021-08_table13_group10001_info.json,f1d02ddffe9dd694e965d6758048caea7a7fe453b3081929955155ea996505c4,caption_and_validated_request_info,Sektör,2,Bilanço İçi Varlıklar,italic,2988436
2021-08,13,Yabanci Para Pozisyonu,10001,3,"Yabancı Para Pozisyonu (milyon TL), Dönem:2021/8",milyon TL,raw/2021-08_table13_group10001.json,3f4750c5440697f910cfa88c54172830ad59b9e619ee8a586cf08a029c683f91,raw/2021-08_table13_group10001_info.json,f1d02ddffe9dd694e965d6758048caea7a7fe453b3081929955155ea996505c4,caption_and_validated_request_info,Sektör,3,Dövize Endeksli Varlıklar,italic,16464
2021-08,13,Yabanci Para Pozisyonu,10001,4,"Yabancı Para Pozisyonu (milyon TL), Dönem:2021/8",milyon TL,raw/2021-08_table13_group10001.json,3f4750c5440697f910cfa88c54172830ad59b9e619ee8a586cf08a029c683f91,raw/2021-08_table13_group10001_info.json,f1d02ddffe9dd694e965d6758048caea7a7fe453b3081929955155ea996505c4,caption_and_validated_request_info,Sektör,4,Bilanço Dışı Varlıklar,italic,1348779
2021-08,13,Yabanci Para Pozisyonu,10001,5,"Yabancı Para Pozisyonu (milyon TL), Dönem:2021/8",milyon TL,raw/2021-08_table13_group10001.json,3f4750c5440697f910cfa88c54172830ad59b9e619ee8a586cf08a029c683f91,raw/2021-08_table13_group10001_info.json,f1d02ddffe9dd694e965d6758048caea7a7fe453b3081929955155ea996505c4,caption_and_validated_request_info,Sektör,5,Döviz Yükümlülükleri Toplamı,bold,4280916
2021-08,13,Yabanci Para Pozisyonu,10001,6,"Yabancı Para Pozisyonu (milyon TL), Dönem:2021/8",milyon TL,raw/2021-08_table13_group10001.json,3f4750c5440697f910cfa88c54172830ad59b9e619ee8a586cf08a029c683f91,raw/2021-08_table13_group10001_info.json,f1d02ddffe9dd694e965d6758048caea7a7fe453b3081929955155ea996505c4,caption_and_validated_request_info,Sektör,6,Bilanço İçi Yükümlülükler,italic,3426511
2021-08,13,Yabanci Para Pozisyonu,10001,7,"Yabancı Para Pozisyonu (milyon TL), Dönem:2021/8",milyon TL,raw/2021-08_table13_group10001.json,3f4750c5440697f910cfa88c54172830ad59b9e619ee8a586cf08a029c683f91,raw/2021-08_table13_group10001_info.json,f1d02ddffe9dd694e965d6758048caea7a7fe453b3081929955155ea996505c4,caption_and_validated_request_info,Sektör,7,Dövize Endeksli Yükümlülükler,italic,0
2021-08,13,Yabanci Para Pozisyonu,10001,8,"Yabancı Para Pozisyonu (milyon TL), Dönem:2021/8",milyon TL,raw/2021-08_table13_group10001.json,3f4750c5440697f910cfa88c54172830ad59b9e619ee8a586cf08a029c683f91,raw/2021-08_table13_group10001_info.json,f1d02ddffe9dd694e965d6758048caea7a7fe453b3081929955155ea996505c4,caption_and_validated_request_info,Sektör,8,Bilanço Dışı Yükümlülükler,italic,854405
2021-08,13,Yabanci Para Pozisyonu,10001,9,"Yabancı Para Pozisyonu (milyon TL), Dönem:2021/8",milyon TL,raw/2021-08_table13_group10001.json,3f4750c5440697f910cfa88c54172830ad59b9e619ee8a586cf08a029c683f91,raw/2021-08_table13_group10001_info.json,f1d02ddffe9dd694e965d6758048caea7a7fe453b3081929955155ea996505c4,caption_and_validated_request_info,Sektör,9,Yabancı Para Net Genel Pozisyonu,,56299
2021-08,13,Yabanci Para Pozisyonu,10001,10,"Yabancı Para Pozisyonu (milyon TL), Dönem:2021/8",milyon TL,raw/2021-08_table13_group10001.json,3f4750c5440697f910cfa88c54172830ad59b9e619ee8a586cf08a029c683f91,raw/2021-08_table13_group10001_info.json,f1d02ddffe9dd694e965d6758048caea7a7fe453b3081929955155ea996505c4,caption_and_validated_request_info,Sektör,10,Yasal Özkaynak,,818251
2021-08,13,Yabanci Para Pozisyonu,10001,11,"Yabancı Para Pozisyonu (milyon TL), Dönem:2021/8",milyon TL,raw/2021-08_table13_group10001.json,3f4750c5440697f910cfa88c54172830ad59b9e619ee8a586cf08a029c683f91,raw/2021-08_table13_group10001_info.json,f1d02ddffe9dd694e965d6758048caea7a7fe453b3081929955155ea996505c4,caption_and_validated_request_info,Sektör,11,Yabancı Para Net Genel Pozisyon / Yasal Özkaynak Standart Oranı (Yüzde),bold,7
2021-09,13,Yabanci Para Pozisyonu,10001,1,"Yabancı Para Pozisyonu (milyon TL), Dönem:2021/9",milyon TL,raw/2021-09_table13_group10001.json,6a30f402eb07deb39ff2b6b8646bd97182a1baadaad4480873e73df8205ffed8,raw/2021-09_table13_group10001_info.json,b65dcefc6937a2d892ae1e31b0c720ce4cbdeb255c8d8dbc1f0bd09b2c52fd81,caption_and_validated_request_info,Sektör,1,Döviz Varlıkları Toplamı,bold,4563949
2021-09,13,Yabanci Para Pozisyonu,10001,2,"Yabancı Para Pozisyonu (milyon TL), Dönem:2021/9",milyon TL,raw/2021-09_table13_group10001.json,6a30f402eb07deb39ff2b6b8646bd97182a1baadaad4480873e73df8205ffed8,raw/2021-09_table13_group10001_info.json,b65dcefc6937a2d892ae1e31b0c720ce4cbdeb255c8d8dbc1f0bd09b2c52fd81,caption_and_validated_request_info,Sektör,2,Bilanço İçi Varlıklar,italic,3144983
2021-09,13,Yabanci Para Pozisyonu,10001,3,"Yabancı Para Pozisyonu (milyon TL), Dönem:2021/9",milyon TL,raw/2021-09_table13_group10001.json,6a30f402eb07deb39ff2b6b8646bd97182a1baadaad4480873e73df8205ffed8,raw/2021-09_table13_group10001_info.json,b65dcefc6937a2d892ae1e31b0c720ce4cbdeb255c8d8dbc1f0bd09b2c52fd81,caption_and_validated_request_info,Sektör,3,Dövize Endeksli Varlıklar,italic,16481
2021-09,13,Yabanci Para Pozisyonu,10001,4,"Yabancı Para Pozisyonu (milyon TL), Dönem:2021/9",milyon TL,raw/2021-09_table13_group10001.json,6a30f402eb07deb39ff2b6b8646bd97182a1baadaad4480873e73df8205ffed8,raw/2021-09_table13_group10001_info.json,b65dcefc6937a2d892ae1e31b0c720ce4cbdeb255c8d8dbc1f0bd09b2c52fd81,caption_and_validated_request_info,Sektör,4,Bilanço Dışı Varlıklar,italic,1418966
2021-09,13,Yabanci Para Pozisyonu,10001,5,"Yabancı Para Pozisyonu (milyon TL), Dönem:2021/9",milyon TL,raw/2021-09_table13_group10001.json,6a30f402eb07deb39ff2b6b8646bd97182a1baadaad4480873e73df8205ffed8,raw/2021-09_table13_group10001_info.json,b65dcefc6937a2d892ae1e31b0c720ce4cbdeb255c8d8dbc1f0bd09b2c52fd81,caption_and_validated_request_info,Sektör,5,Döviz Yükümlülükleri Toplamı,bold,4514876
2021-09,13,Yabanci Para Pozisyonu,10001,6,"Yabancı Para Pozisyonu (milyon TL), Dönem:2021/9",milyon TL,raw/2021-09_table13_group10001.json,6a30f402eb07deb39ff2b6b8646bd97182a1baadaad4480873e73df8205ffed8,raw/2021-09_table13_group10001_info.json,b65dcefc6937a2d892ae1e31b0c720ce4cbdeb255c8d8dbc1f0bd09b2c52fd81,caption_and_validated_request_info,Sektör,6,Bilanço İçi Yükümlülükler,italic,3598509
2021-09,13,Yabanci Para Pozisyonu,10001,7,"Yabancı Para Pozisyonu (milyon TL), Dönem:2021/9",milyon TL,raw/2021-09_table13_group10001.json,6a30f402eb07deb39ff2b6b8646bd97182a1baadaad4480873e73df8205ffed8,raw/2021-09_table13_group10001_info.json,b65dcefc6937a2d892ae1e31b0c720ce4cbdeb255c8d8dbc1f0bd09b2c52fd81,caption_and_validated_request_info,Sektör,7,Dövize Endeksli Yükümlülükler,italic,0
2021-09,13,Yabanci Para Pozisyonu,10001,8,"Yabancı Para Pozisyonu (milyon TL), Dönem:2021/9",milyon TL,raw/2021-09_table13_group10001.json,6a30f402eb07deb39ff2b6b8646bd97182a1baadaad4480873e73df8205ffed8,raw/2021-09_table13_group10001_info.json,b65dcefc6937a2d892ae1e31b0c720ce4cbdeb255c8d8dbc1f0bd09b2c52fd81,caption_and_validated_request_info,Sektör,8,Bilanço Dışı Yükümlülükler,italic,916367
2021-09,13,Yabanci Para Pozisyonu,10001,9,"Yabancı Para Pozisyonu (milyon TL), Dönem:2021/9",milyon TL,raw/2021-09_table13_group10001.json,6a30f402eb07deb39ff2b6b8646bd97182a1baadaad4480873e73df8205ffed8,raw/2021-09_table13_group10001_info.json,b65dcefc6937a2d892ae1e31b0c720ce4cbdeb255c8d8dbc1f0bd09b2c52fd81,caption_and_validated_request_info,Sektör,9,Yabancı Para Net Genel Pozisyonu,,49073
2021-09,13,Yabanci Para Pozisyonu,10001,10,"Yabancı Para Pozisyonu (milyon TL), Dönem:2021/9",milyon TL,raw/2021-09_table13_group10001.json,6a30f402eb07deb39ff2b6b8646bd97182a1baadaad4480873e73df8205ffed8,raw/2021-09_table13_group10001_info.json,b65dcefc6937a2d892ae1e31b0c720ce4cbdeb255c8d8dbc1f0bd09b2c52fd81,caption_and_validated_request_info,Sektör,10,Yasal Özkaynak,,831246
2021-09,13,Yabanci Para Pozisyonu,10001,11,"Yabancı Para Pozisyonu (milyon TL), Dönem:2021/9",milyon TL,raw/2021-09_table13_group10001.json,6a30f402eb07deb39ff2b6b8646bd97182a1baadaad4480873e73df8205ffed8,raw/2021-09_table13_group10001_info.json,b65dcefc6937a2d892ae1e31b0c720ce4cbdeb255c8d8dbc1f0bd09b2c52fd81,caption_and_validated_request_info,Sektör,11,Yabancı Para Net Genel Pozisyon / Yasal Özkaynak Standart Oranı (Yüzde),bold,6
2021-10,13,Yabanci Para Pozisyonu,10001,1,"Yabancı Para Pozisyonu (milyon TL), Dönem:2021/10",milyon TL,raw/2021-10_table13_group10001.json,a7615d15f159614fb0d4df70a00948b6f5b75656cd0f8835b81662b827770cbe,raw/2021-10_table13_group10001_info.json,033aff10e0bde286414c628069926ec9df53f4580f2246ee7759267e4f62da8e,caption_and_validated_request_info,Sektör,1,Döviz Varlıkları Toplamı,bold,4865651
2021-10,13,Yabanci Para Pozisyonu,10001,2,"Yabancı Para Pozisyonu (milyon TL), Dönem:2021/10",milyon TL,raw/2021-10_table13_group10001.json,a7615d15f159614fb0d4df70a00948b6f5b75656cd0f8835b81662b827770cbe,raw/2021-10_table13_group10001_info.json,033aff10e0bde286414c628069926ec9df53f4580f2246ee7759267e4f62da8e,caption_and_validated_request_info,Sektör,2,Bilanço İçi Varlıklar,italic,3387373
2021-10,13,Yabanci Para Pozisyonu,10001,3,"Yabancı Para Pozisyonu (milyon TL), Dönem:2021/10",milyon TL,raw/2021-10_table13_group10001.json,a7615d15f159614fb0d4df70a00948b6f5b75656cd0f8835b81662b827770cbe,raw/2021-10_table13_group10001_info.json,033aff10e0bde286414c628069926ec9df53f4580f2246ee7759267e4f62da8e,caption_and_validated_request_info,Sektör,3,Dövize Endeksli Varlıklar,italic,16416
2021-10,13,Yabanci Para Pozisyonu,10001,4,"Yabancı Para Pozisyonu (milyon TL), Dönem:2021/10",milyon TL,raw/2021-10_table13_group10001.json,a7615d15f159614fb0d4df70a00948b6f5b75656cd0f8835b81662b827770cbe,raw/2021-10_table13_group10001_info.json,033aff10e0bde286414c628069926ec9df53f4580f2246ee7759267e4f62da8e,caption_and_validated_request_info,Sektör,4,Bilanço Dışı Varlıklar,italic,1478278
2021-10,13,Yabanci Para Pozisyonu,10001,5,"Yabancı Para Pozisyonu (milyon TL), Dönem:2021/10",milyon TL,raw/2021-10_table13_group10001.json,a7615d15f159614fb0d4df70a00948b6f5b75656cd0f8835b81662b827770cbe,raw/2021-10_table13_group10001_info.json,033aff10e0bde286414c628069926ec9df53f4580f2246ee7759267e4f62da8e,caption_and_validated_request_info,Sektör,5,Döviz Yükümlülükleri Toplamı,bold,4814771
2021-10,13,Yabanci Para Pozisyonu,10001,6,"Yabancı Para Pozisyonu (milyon TL), Dönem:2021/10",milyon TL,raw/2021-10_table13_group10001.json,a7615d15f159614fb0d4df70a00948b6f5b75656cd0f8835b81662b827770cbe,raw/2021-10_table13_group10001_info.json,033aff10e0bde286414c628069926ec9df53f4580f2246ee7759267e4f62da8e,caption_and_validated_request_info,Sektör,6,Bilanço İçi Yükümlülükler,italic,3846084
2021-10,13,Yabanci Para Pozisyonu,10001,7,"Yabancı Para Pozisyonu (milyon TL), Dönem:2021/10",milyon TL,raw/2021-10_table13_group10001.json,a7615d15f159614fb0d4df70a00948b6f5b75656cd0f8835b81662b827770cbe,raw/2021-10_table13_group10001_info.json,033aff10e0bde286414c628069926ec9df53f4580f2246ee7759267e4f62da8e,caption_and_validated_request_info,Sektör,7,Dövize Endeksli Yükümlülükler,italic,0
2021-10,13,Yabanci Para Pozisyonu,10001,8,"Yabancı Para Pozisyonu (milyon TL), Dönem:2021/10",milyon TL,raw/2021-10_table13_group10001.json,a7615d15f159614fb0d4df70a00948b6f5b75656cd0f8835b81662b827770cbe,raw/2021-10_table13_group10001_info.json,033aff10e0bde286414c628069926ec9df53f4580f2246ee7759267e4f62da8e,caption_and_validated_request_info,Sektör,8,Bilanço Dışı Yükümlülükler,italic,968687
2021-10,13,Yabanci Para Pozisyonu,10001,9,"Yabancı Para Pozisyonu (milyon TL), Dönem:2021/10",milyon TL,raw/2021-10_table13_group10001.json,a7615d15f159614fb0d4df70a00948b6f5b75656cd0f8835b81662b827770cbe,raw/2021-10_table13_group10001_info.json,033aff10e0bde286414c628069926ec9df53f4580f2246ee7759267e4f62da8e,caption_and_validated_request_info,Sektör,9,Yabancı Para Net Genel Pozisyonu,,50880
2021-10,13,Yabanci Para Pozisyonu,10001,10,"Yabancı Para Pozisyonu (milyon TL), Dönem:2021/10",milyon TL,raw/2021-10_table13_group10001.json,a7615d15f159614fb0d4df70a00948b6f5b75656cd0f8835b81662b827770cbe,raw/2021-10_table13_group10001_info.json,033aff10e0bde286414c628069926ec9df53f4580f2246ee7759267e4f62da8e,caption_and_validated_request_info,Sektör,10,Yasal Özkaynak,,849197
2021-10,13,Yabanci Para Pozisyonu,10001,11,"Yabancı Para Pozisyonu (milyon TL), Dönem:2021/10",milyon TL,raw/2021-10_table13_group10001.json,a7615d15f159614fb0d4df70a00948b6f5b75656cd0f8835b81662b827770cbe,raw/2021-10_table13_group10001_info.json,033aff10e0bde286414c628069926ec9df53f4580f2246ee7759267e4f62da8e,caption_and_validated_request_info,Sektör,11,Yabancı Para Net Genel Pozisyon / Yasal Özkaynak Standart Oranı (Yüzde),bold,6
2021-11,13,Yabanci Para Pozisyonu,10001,1,"Yabancı Para Pozisyonu (milyon TL), Dönem:2021/11",milyon TL,raw/2021-11_table13_group10001.json,015d0e706b3d98f53f12bdea2e20eaa92905af5172e6da542095e6f87c801454,raw/2021-11_table13_group10001_info.json,9eda9e0f67cf74f8dfad218f1da1eb9aaf8f283bbc49c74ce53fe5a75fc03511,caption_and_validated_request_info,Sektör,1,Döviz Varlıkları Toplamı,bold,6548667
2021-11,13,Yabanci Para Pozisyonu,10001,2,"Yabancı Para Pozisyonu (milyon TL), Dönem:2021/11",milyon TL,raw/2021-11_table13_group10001.json,015d0e706b3d98f53f12bdea2e20eaa92905af5172e6da542095e6f87c801454,raw/2021-11_table13_group10001_info.json,9eda9e0f67cf74f8dfad218f1da1eb9aaf8f283bbc49c74ce53fe5a75fc03511,caption_and_validated_request_info,Sektör,2,Bilanço İçi Varlıklar,italic,4653714
2021-11,13,Yabanci Para Pozisyonu,10001,3,"Yabancı Para Pozisyonu (milyon TL), Dönem:2021/11",milyon TL,raw/2021-11_table13_group10001.json,015d0e706b3d98f53f12bdea2e20eaa92905af5172e6da542095e6f87c801454,raw/2021-11_table13_group10001_info.json,9eda9e0f67cf74f8dfad218f1da1eb9aaf8f283bbc49c74ce53fe5a75fc03511,caption_and_validated_request_info,Sektör,3,Dövize Endeksli Varlıklar,italic,23982
2021-11,13,Yabanci Para Pozisyonu,10001,4,"Yabancı Para Pozisyonu (milyon TL), Dönem:2021/11",milyon TL,raw/2021-11_table13_group10001.json,015d0e706b3d98f53f12bdea2e20eaa92905af5172e6da542095e6f87c801454,raw/2021-11_table13_group10001_info.json,9eda9e0f67cf74f8dfad218f1da1eb9aaf8f283bbc49c74ce53fe5a75fc03511,caption_and_validated_request_info,Sektör,4,Bilanço Dışı Varlıklar,italic,1894953
2021-11,13,Yabanci Para Pozisyonu,10001,5,"Yabancı Para Pozisyonu (milyon TL), Dönem:2021/11",milyon TL,raw/2021-11_table13_group10001.json,015d0e706b3d98f53f12bdea2e20eaa92905af5172e6da542095e6f87c801454,raw/2021-11_table13_group10001_info.json,9eda9e0f67cf74f8dfad218f1da1eb9aaf8f283bbc49c74ce53fe5a75fc03511,caption_and_validated_request_info,Sektör,5,Döviz Yükümlülükleri Toplamı,bold,6493898
2021-11,13,Yabanci Para Pozisyonu,10001,6,"Yabancı Para Pozisyonu (milyon TL), Dönem:2021/11",milyon TL,raw/2021-11_table13_group10001.json,015d0e706b3d98f53f12bdea2e20eaa92905af5172e6da542095e6f87c801454,raw/2021-11_table13_group10001_info.json,9eda9e0f67cf74f8dfad218f1da1eb9aaf8f283bbc49c74ce53fe5a75fc03511,caption_and_validated_request_info,Sektör,6,Bilanço İçi Yükümlülükler,italic,5158616
2021-11,13,Yabanci Para Pozisyonu,10001,7,"Yabancı Para Pozisyonu (milyon TL), Dönem:2021/11",milyon TL,raw/2021-11_table13_group10001.json,015d0e706b3d98f53f12bdea2e20eaa92905af5172e6da542095e6f87c801454,raw/2021-11_table13_group10001_info.json,9eda9e0f67cf74f8dfad218f1da1eb9aaf8f283bbc49c74ce53fe5a75fc03511,caption_and_validated_request_info,Sektör,7,Dövize Endeksli Yükümlülükler,italic,0
2021-11,13,Yabanci Para Pozisyonu,10001,8,"Yabancı Para Pozisyonu (milyon TL), Dönem:2021/11",milyon TL,raw/2021-11_table13_group10001.json,015d0e706b3d98f53f12bdea2e20eaa92905af5172e6da542095e6f87c801454,raw/2021-11_table13_group10001_info.json,9eda9e0f67cf74f8dfad218f1da1eb9aaf8f283bbc49c74ce53fe5a75fc03511,caption_and_validated_request_info,Sektör,8,Bilanço Dışı Yükümlülükler,italic,1335283
2021-11,13,Yabanci Para Pozisyonu,10001,9,"Yabancı Para Pozisyonu (milyon TL), Dönem:2021/11",milyon TL,raw/2021-11_table13_group10001.json,015d0e706b3d98f53f12bdea2e20eaa92905af5172e6da542095e6f87c801454,raw/2021-11_table13_group10001_info.json,9eda9e0f67cf74f8dfad218f1da1eb9aaf8f283bbc49c74ce53fe5a75fc03511,caption_and_validated_request_info,Sektör,9,Yabancı Para Net Genel Pozisyonu,,54768
2021-11,13,Yabanci Para Pozisyonu,10001,10,"Yabancı Para Pozisyonu (milyon TL), Dönem:2021/11",milyon TL,raw/2021-11_table13_group10001.json,015d0e706b3d98f53f12bdea2e20eaa92905af5172e6da542095e6f87c801454,raw/2021-11_table13_group10001_info.json,9eda9e0f67cf74f8dfad218f1da1eb9aaf8f283bbc49c74ce53fe5a75fc03511,caption_and_validated_request_info,Sektör,10,Yasal Özkaynak,,903908
2021-11,13,Yabanci Para Pozisyonu,10001,11,"Yabancı Para Pozisyonu (milyon TL), Dönem:2021/11",milyon TL,raw/2021-11_table13_group10001.json,015d0e706b3d98f53f12bdea2e20eaa92905af5172e6da542095e6f87c801454,raw/2021-11_table13_group10001_info.json,9eda9e0f67cf74f8dfad218f1da1eb9aaf8f283bbc49c74ce53fe5a75fc03511,caption_and_validated_request_info,Sektör,11,Yabancı Para Net Genel Pozisyon / Yasal Özkaynak Standart Oranı (Yüzde),bold,6
2021-12,13,Yabanci Para Pozisyonu,10001,1,"Yabancı Para Pozisyonu (milyon TL), Dönem:2021/12",milyon TL,raw/2021-12_table13_group10001.json,6c93e455d0145b18b811293e19b95f942beec69db42f862526cf01ba8963e4b0,raw/2021-12_table13_group10001_info.json,74808dc05c0aaa15724958bf6ff60bf7353441efc5b2e04d957be9a231b21996,caption_and_validated_request_info,Sektör,1,Döviz Varlıkları Toplamı,bold,6713154
2021-12,13,Yabanci Para Pozisyonu,10001,2,"Yabancı Para Pozisyonu (milyon TL), Dönem:2021/12",milyon TL,raw/2021-12_table13_group10001.json,6c93e455d0145b18b811293e19b95f942beec69db42f862526cf01ba8963e4b0,raw/2021-12_table13_group10001_info.json,74808dc05c0aaa15724958bf6ff60bf7353441efc5b2e04d957be9a231b21996,caption_and_validated_request_info,Sektör,2,Bilanço İçi Varlıklar,italic,4757833
2021-12,13,Yabanci Para Pozisyonu,10001,3,"Yabancı Para Pozisyonu (milyon TL), Dönem:2021/12",milyon TL,raw/2021-12_table13_group10001.json,6c93e455d0145b18b811293e19b95f942beec69db42f862526cf01ba8963e4b0,raw/2021-12_table13_group10001_info.json,74808dc05c0aaa15724958bf6ff60bf7353441efc5b2e04d957be9a231b21996,caption_and_validated_request_info,Sektör,3,Dövize Endeksli Varlıklar,italic,23432
2021-12,13,Yabanci Para Pozisyonu,10001,4,"Yabancı Para Pozisyonu (milyon TL), Dönem:2021/12",milyon TL,raw/2021-12_table13_group10001.json,6c93e455d0145b18b811293e19b95f942beec69db42f862526cf01ba8963e4b0,raw/2021-12_table13_group10001_info.json,74808dc05c0aaa15724958bf6ff60bf7353441efc5b2e04d957be9a231b21996,caption_and_validated_request_info,Sektör,4,Bilanço Dışı Varlıklar,italic,1955321
2021-12,13,Yabanci Para Pozisyonu,10001,5,"Yabancı Para Pozisyonu (milyon TL), Dönem:2021/12",milyon TL,raw/2021-12_table13_group10001.json,6c93e455d0145b18b811293e19b95f942beec69db42f862526cf01ba8963e4b0,raw/2021-12_table13_group10001_info.json,74808dc05c0aaa15724958bf6ff60bf7353441efc5b2e04d957be9a231b21996,caption_and_validated_request_info,Sektör,5,Döviz Yükümlülükleri Toplamı,bold,6654871
2021-12,13,Yabanci Para Pozisyonu,10001,6,"Yabancı Para Pozisyonu (milyon TL), Dönem:2021/12",milyon TL,raw/2021-12_table13_group10001.json,6c93e455d0145b18b811293e19b95f942beec69db42f862526cf01ba8963e4b0,raw/2021-12_table13_group10001_info.json,74808dc05c0aaa15724958bf6ff60bf7353441efc5b2e04d957be9a231b21996,caption_and_validated_request_info,Sektör,6,Bilanço İçi Yükümlülükler,italic,5321898
2021-12,13,Yabanci Para Pozisyonu,10001,7,"Yabancı Para Pozisyonu (milyon TL), Dönem:2021/12",milyon TL,raw/2021-12_table13_group10001.json,6c93e455d0145b18b811293e19b95f942beec69db42f862526cf01ba8963e4b0,raw/2021-12_table13_group10001_info.json,74808dc05c0aaa15724958bf6ff60bf7353441efc5b2e04d957be9a231b21996,caption_and_validated_request_info,Sektör,7,Dövize Endeksli Yükümlülükler,italic,0
2021-12,13,Yabanci Para Pozisyonu,10001,8,"Yabancı Para Pozisyonu (milyon TL), Dönem:2021/12",milyon TL,raw/2021-12_table13_group10001.json,6c93e455d0145b18b811293e19b95f942beec69db42f862526cf01ba8963e4b0,raw/2021-12_table13_group10001_info.json,74808dc05c0aaa15724958bf6ff60bf7353441efc5b2e04d957be9a231b21996,caption_and_validated_request_info,Sektör,8,Bilanço Dışı Yükümlülükler,italic,1332972
2021-12,13,Yabanci Para Pozisyonu,10001,9,"Yabancı Para Pozisyonu (milyon TL), Dönem:2021/12",milyon TL,raw/2021-12_table13_group10001.json,6c93e455d0145b18b811293e19b95f942beec69db42f862526cf01ba8963e4b0,raw/2021-12_table13_group10001_info.json,74808dc05c0aaa15724958bf6ff60bf7353441efc5b2e04d957be9a231b21996,caption_and_validated_request_info,Sektör,9,Yabancı Para Net Genel Pozisyonu,,58283
2021-12,13,Yabanci Para Pozisyonu,10001,10,"Yabancı Para Pozisyonu (milyon TL), Dönem:2021/12",milyon TL,raw/2021-12_table13_group10001.json,6c93e455d0145b18b811293e19b95f942beec69db42f862526cf01ba8963e4b0,raw/2021-12_table13_group10001_info.json,74808dc05c0aaa15724958bf6ff60bf7353441efc5b2e04d957be9a231b21996,caption_and_validated_request_info,Sektör,10,Yasal Özkaynak,,947880
2021-12,13,Yabanci Para Pozisyonu,10001,11,"Yabancı Para Pozisyonu (milyon TL), Dönem:2021/12",milyon TL,raw/2021-12_table13_group10001.json,6c93e455d0145b18b811293e19b95f942beec69db42f862526cf01ba8963e4b0,raw/2021-12_table13_group10001_info.json,74808dc05c0aaa15724958bf6ff60bf7353441efc5b2e04d957be9a231b21996,caption_and_validated_request_info,Sektör,11,Yabancı Para Net Genel Pozisyon / Yasal Özkaynak Standart Oranı (Yüzde),bold,6
2022-01,13,Yabanci Para Pozisyonu,10001,1,"Yabancı Para Pozisyonu (milyon TL), Dönem:2022/1",milyon TL,raw/2022-01_table13_group10001.json,76c28aaafa146186ee15b96434c8ece41475d02e3c6a2918adc07d2f38cbb192,raw/2022-01_table13_group10001_info.json,251534c42fb1b9b0a717940a1dce935433acb421b52e93b72339289d20f050b9,caption_and_validated_request_info,Sektör,1,Döviz Varlıkları Toplamı,bold,6627765
2022-01,13,Yabanci Para Pozisyonu,10001,2,"Yabancı Para Pozisyonu (milyon TL), Dönem:2022/1",milyon TL,raw/2022-01_table13_group10001.json,76c28aaafa146186ee15b96434c8ece41475d02e3c6a2918adc07d2f38cbb192,raw/2022-01_table13_group10001_info.json,251534c42fb1b9b0a717940a1dce935433acb421b52e93b72339289d20f050b9,caption_and_validated_request_info,Sektör,2,Bilanço İçi Varlıklar,italic,4703139
2022-01,13,Yabanci Para Pozisyonu,10001,3,"Yabancı Para Pozisyonu (milyon TL), Dönem:2022/1",milyon TL,raw/2022-01_table13_group10001.json,76c28aaafa146186ee15b96434c8ece41475d02e3c6a2918adc07d2f38cbb192,raw/2022-01_table13_group10001_info.json,251534c42fb1b9b0a717940a1dce935433acb421b52e93b72339289d20f050b9,caption_and_validated_request_info,Sektör,3,Dövize Endeksli Varlıklar,italic,21907
2022-01,13,Yabanci Para Pozisyonu,10001,4,"Yabancı Para Pozisyonu (milyon TL), Dönem:2022/1",milyon TL,raw/2022-01_table13_group10001.json,76c28aaafa146186ee15b96434c8ece41475d02e3c6a2918adc07d2f38cbb192,raw/2022-01_table13_group10001_info.json,251534c42fb1b9b0a717940a1dce935433acb421b52e93b72339289d20f050b9,caption_and_validated_request_info,Sektör,4,Bilanço Dışı Varlıklar,italic,1924626
2022-01,13,Yabanci Para Pozisyonu,10001,5,"Yabancı Para Pozisyonu (milyon TL), Dönem:2022/1",milyon TL,raw/2022-01_table13_group10001.json,76c28aaafa146186ee15b96434c8ece41475d02e3c6a2918adc07d2f38cbb192,raw/2022-01_table13_group10001_info.json,251534c42fb1b9b0a717940a1dce935433acb421b52e93b72339289d20f050b9,caption_and_validated_request_info,Sektör,5,Döviz Yükümlülükleri Toplamı,bold,6564195
2022-01,13,Yabanci Para Pozisyonu,10001,6,"Yabancı Para Pozisyonu (milyon TL), Dönem:2022/1",milyon TL,raw/2022-01_table13_group10001.json,76c28aaafa146186ee15b96434c8ece41475d02e3c6a2918adc07d2f38cbb192,raw/2022-01_table13_group10001_info.json,251534c42fb1b9b0a717940a1dce935433acb421b52e93b72339289d20f050b9,caption_and_validated_request_info,Sektör,6,Bilanço İçi Yükümlülükler,italic,5246052
2022-01,13,Yabanci Para Pozisyonu,10001,7,"Yabancı Para Pozisyonu (milyon TL), Dönem:2022/1",milyon TL,raw/2022-01_table13_group10001.json,76c28aaafa146186ee15b96434c8ece41475d02e3c6a2918adc07d2f38cbb192,raw/2022-01_table13_group10001_info.json,251534c42fb1b9b0a717940a1dce935433acb421b52e93b72339289d20f050b9,caption_and_validated_request_info,Sektör,7,Dövize Endeksli Yükümlülükler,italic,0
2022-01,13,Yabanci Para Pozisyonu,10001,8,"Yabancı Para Pozisyonu (milyon TL), Dönem:2022/1",milyon TL,raw/2022-01_table13_group10001.json,76c28aaafa146186ee15b96434c8ece41475d02e3c6a2918adc07d2f38cbb192,raw/2022-01_table13_group10001_info.json,251534c42fb1b9b0a717940a1dce935433acb421b52e93b72339289d20f050b9,caption_and_validated_request_info,Sektör,8,Bilanço Dışı Yükümlülükler,italic,1318143
2022-01,13,Yabanci Para Pozisyonu,10001,9,"Yabancı Para Pozisyonu (milyon TL), Dönem:2022/1",milyon TL,raw/2022-01_table13_group10001.json,76c28aaafa146186ee15b96434c8ece41475d02e3c6a2918adc07d2f38cbb192,raw/2022-01_table13_group10001_info.json,251534c42fb1b9b0a717940a1dce935433acb421b52e93b72339289d20f050b9,caption_and_validated_request_info,Sektör,9,Yabancı Para Net Genel Pozisyonu,,63570
2022-01,13,Yabanci Para Pozisyonu,10001,10,"Yabancı Para Pozisyonu (milyon TL), Dönem:2022/1",milyon TL,raw/2022-01_table13_group10001.json,76c28aaafa146186ee15b96434c8ece41475d02e3c6a2918adc07d2f38cbb192,raw/2022-01_table13_group10001_info.json,251534c42fb1b9b0a717940a1dce935433acb421b52e93b72339289d20f050b9,caption_and_validated_request_info,Sektör,10,Yasal Özkaynak,,985447
2022-01,13,Yabanci Para Pozisyonu,10001,11,"Yabancı Para Pozisyonu (milyon TL), Dönem:2022/1",milyon TL,raw/2022-01_table13_group10001.json,76c28aaafa146186ee15b96434c8ece41475d02e3c6a2918adc07d2f38cbb192,raw/2022-01_table13_group10001_info.json,251534c42fb1b9b0a717940a1dce935433acb421b52e93b72339289d20f050b9,caption_and_validated_request_info,Sektör,11,Yabancı Para Net Genel Pozisyon / Yasal Özkaynak Standart Oranı (Yüzde),bold,6
2022-02,13,Yabanci Para Pozisyonu,10001,1,"Yabancı Para Pozisyonu (milyon TL), Dönem:2022/2",milyon TL,raw/2022-02_table13_group10001.json,ab8f1177c462abf5b05c803db1d5f9c0c1b21c804cf5737b0b26a8759a8192f3,raw/2022-02_table13_group10001_info.json,10669cf1fa7511cbb5d731bb6b7f5f3c465df803ad1cb13dabeb8477f85812e9,caption_and_validated_request_info,Sektör,1,Döviz Varlıkları Toplamı,bold,6677633
2022-02,13,Yabanci Para Pozisyonu,10001,2,"Yabancı Para Pozisyonu (milyon TL), Dönem:2022/2",milyon TL,raw/2022-02_table13_group10001.json,ab8f1177c462abf5b05c803db1d5f9c0c1b21c804cf5737b0b26a8759a8192f3,raw/2022-02_table13_group10001_info.json,10669cf1fa7511cbb5d731bb6b7f5f3c465df803ad1cb13dabeb8477f85812e9,caption_and_validated_request_info,Sektör,2,Bilanço İçi Varlıklar,italic,4790984
2022-02,13,Yabanci Para Pozisyonu,10001,3,"Yabancı Para Pozisyonu (milyon TL), Dönem:2022/2",milyon TL,raw/2022-02_table13_group10001.json,ab8f1177c462abf5b05c803db1d5f9c0c1b21c804cf5737b0b26a8759a8192f3,raw/2022-02_table13_group10001_info.json,10669cf1fa7511cbb5d731bb6b7f5f3c465df803ad1cb13dabeb8477f85812e9,caption_and_validated_request_info,Sektör,3,Dövize Endeksli Varlıklar,italic,22890
2022-02,13,Yabanci Para Pozisyonu,10001,4,"Yabancı Para Pozisyonu (milyon TL), Dönem:2022/2",milyon TL,raw/2022-02_table13_group10001.json,ab8f1177c462abf5b05c803db1d5f9c0c1b21c804cf5737b0b26a8759a8192f3,raw/2022-02_table13_group10001_info.json,10669cf1fa7511cbb5d731bb6b7f5f3c465df803ad1cb13dabeb8477f85812e9,caption_and_validated_request_info,Sektör,4,Bilanço Dışı Varlıklar,italic,1886649
2022-02,13,Yabanci Para Pozisyonu,10001,5,"Yabancı Para Pozisyonu (milyon TL), Dönem:2022/2",milyon TL,raw/2022-02_table13_group10001.json,ab8f1177c462abf5b05c803db1d5f9c0c1b21c804cf5737b0b26a8759a8192f3,raw/2022-02_table13_group10001_info.json,10669cf1fa7511cbb5d731bb6b7f5f3c465df803ad1cb13dabeb8477f85812e9,caption_and_validated_request_info,Sektör,5,Döviz Yükümlülükleri Toplamı,bold,6611249
2022-02,13,Yabanci Para Pozisyonu,10001,6,"Yabancı Para Pozisyonu (milyon TL), Dönem:2022/2",milyon TL,raw/2022-02_table13_group10001.json,ab8f1177c462abf5b05c803db1d5f9c0c1b21c804cf5737b0b26a8759a8192f3,raw/2022-02_table13_group10001_info.json,10669cf1fa7511cbb5d731bb6b7f5f3c465df803ad1cb13dabeb8477f85812e9,caption_and_validated_request_info,Sektör,6,Bilanço İçi Yükümlülükler,italic,5214146
2022-02,13,Yabanci Para Pozisyonu,10001,7,"Yabancı Para Pozisyonu (milyon TL), Dönem:2022/2",milyon TL,raw/2022-02_table13_group10001.json,ab8f1177c462abf5b05c803db1d5f9c0c1b21c804cf5737b0b26a8759a8192f3,raw/2022-02_table13_group10001_info.json,10669cf1fa7511cbb5d731bb6b7f5f3c465df803ad1cb13dabeb8477f85812e9,caption_and_validated_request_info,Sektör,7,Dövize Endeksli Yükümlülükler,italic,0
2022-02,13,Yabanci Para Pozisyonu,10001,8,"Yabancı Para Pozisyonu (milyon TL), Dönem:2022/2",milyon TL,raw/2022-02_table13_group10001.json,ab8f1177c462abf5b05c803db1d5f9c0c1b21c804cf5737b0b26a8759a8192f3,raw/2022-02_table13_group10001_info.json,10669cf1fa7511cbb5d731bb6b7f5f3c465df803ad1cb13dabeb8477f85812e9,caption_and_validated_request_info,Sektör,8,Bilanço Dışı Yükümlülükler,italic,1397102
2022-02,13,Yabanci Para Pozisyonu,10001,9,"Yabancı Para Pozisyonu (milyon TL), Dönem:2022/2",milyon TL,raw/2022-02_table13_group10001.json,ab8f1177c462abf5b05c803db1d5f9c0c1b21c804cf5737b0b26a8759a8192f3,raw/2022-02_table13_group10001_info.json,10669cf1fa7511cbb5d731bb6b7f5f3c465df803ad1cb13dabeb8477f85812e9,caption_and_validated_request_info,Sektör,9,Yabancı Para Net Genel Pozisyonu,,66385
2022-02,13,Yabanci Para Pozisyonu,10001,10,"Yabancı Para Pozisyonu (milyon TL), Dönem:2022/2",milyon TL,raw/2022-02_table13_group10001.json,ab8f1177c462abf5b05c803db1d5f9c0c1b21c804cf5737b0b26a8759a8192f3,raw/2022-02_table13_group10001_info.json,10669cf1fa7511cbb5d731bb6b7f5f3c465df803ad1cb13dabeb8477f85812e9,caption_and_validated_request_info,Sektör,10,Yasal Özkaynak,,1032695
2022-02,13,Yabanci Para Pozisyonu,10001,11,"Yabancı Para Pozisyonu (milyon TL), Dönem:2022/2",milyon TL,raw/2022-02_table13_group10001.json,ab8f1177c462abf5b05c803db1d5f9c0c1b21c804cf5737b0b26a8759a8192f3,raw/2022-02_table13_group10001_info.json,10669cf1fa7511cbb5d731bb6b7f5f3c465df803ad1cb13dabeb8477f85812e9,caption_and_validated_request_info,Sektör,11,Yabancı Para Net Genel Pozisyon / Yasal Özkaynak Standart Oranı (Yüzde),bold,6
2022-03,13,Yabanci Para Pozisyonu,10001,1,"Yabancı Para Pozisyonu (milyon TL), Dönem:2022/3",milyon TL,raw/2022-03_table13_group10001.json,d0d7d2bd15f75105d03d7c9e41be896082a6cb3d4911922b29c375dd5a79d2de,raw/2022-03_table13_group10001_info.json,ae916ed500a74f413283c5bfc2787992637bcacb7805098a3c7fa85d8ec8951a,caption_and_validated_request_info,Sektör,1,Döviz Varlıkları Toplamı,bold,7126127
2022-03,13,Yabanci Para Pozisyonu,10001,2,"Yabancı Para Pozisyonu (milyon TL), Dönem:2022/3",milyon TL,raw/2022-03_table13_group10001.json,d0d7d2bd15f75105d03d7c9e41be896082a6cb3d4911922b29c375dd5a79d2de,raw/2022-03_table13_group10001_info.json,ae916ed500a74f413283c5bfc2787992637bcacb7805098a3c7fa85d8ec8951a,caption_and_validated_request_info,Sektör,2,Bilanço İçi Varlıklar,italic,5089642
2022-03,13,Yabanci Para Pozisyonu,10001,3,"Yabancı Para Pozisyonu (milyon TL), Dönem:2022/3",milyon TL,raw/2022-03_table13_group10001.json,d0d7d2bd15f75105d03d7c9e41be896082a6cb3d4911922b29c375dd5a79d2de,raw/2022-03_table13_group10001_info.json,ae916ed500a74f413283c5bfc2787992637bcacb7805098a3c7fa85d8ec8951a,caption_and_validated_request_info,Sektör,3,Dövize Endeksli Varlıklar,italic,10677
2022-03,13,Yabanci Para Pozisyonu,10001,4,"Yabancı Para Pozisyonu (milyon TL), Dönem:2022/3",milyon TL,raw/2022-03_table13_group10001.json,d0d7d2bd15f75105d03d7c9e41be896082a6cb3d4911922b29c375dd5a79d2de,raw/2022-03_table13_group10001_info.json,ae916ed500a74f413283c5bfc2787992637bcacb7805098a3c7fa85d8ec8951a,caption_and_validated_request_info,Sektör,4,Bilanço Dışı Varlıklar,italic,2036485
2022-03,13,Yabanci Para Pozisyonu,10001,5,"Yabancı Para Pozisyonu (milyon TL), Dönem:2022/3",milyon TL,raw/2022-03_table13_group10001.json,d0d7d2bd15f75105d03d7c9e41be896082a6cb3d4911922b29c375dd5a79d2de,raw/2022-03_table13_group10001_info.json,ae916ed500a74f413283c5bfc2787992637bcacb7805098a3c7fa85d8ec8951a,caption_and_validated_request_info,Sektör,5,Döviz Yükümlülükleri Toplamı,bold,7047322
2022-03,13,Yabanci Para Pozisyonu,10001,6,"Yabancı Para Pozisyonu (milyon TL), Dönem:2022/3",milyon TL,raw/2022-03_table13_group10001.json,d0d7d2bd15f75105d03d7c9e41be896082a6cb3d4911922b29c375dd5a79d2de,raw/2022-03_table13_group10001_info.json,ae916ed500a74f413283c5bfc2787992637bcacb7805098a3c7fa85d8ec8951a,caption_and_validated_request_info,Sektör,6,Bilanço İçi Yükümlülükler,italic,5534401
2022-03,13,Yabanci Para Pozisyonu,10001,7,"Yabancı Para Pozisyonu (milyon TL), Dönem:2022/3",milyon TL,raw/2022-03_table13_group10001.json,d0d7d2bd15f75105d03d7c9e41be896082a6cb3d4911922b29c375dd5a79d2de,raw/2022-03_table13_group10001_info.json,ae916ed500a74f413283c5bfc2787992637bcacb7805098a3c7fa85d8ec8951a,caption_and_validated_request_info,Sektör,7,Dövize Endeksli Yükümlülükler,italic,0
2022-03,13,Yabanci Para Pozisyonu,10001,8,"Yabancı Para Pozisyonu (milyon TL), Dönem:2022/3",milyon TL,raw/2022-03_table13_group10001.json,d0d7d2bd15f75105d03d7c9e41be896082a6cb3d4911922b29c375dd5a79d2de,raw/2022-03_table13_group10001_info.json,ae916ed500a74f413283c5bfc2787992637bcacb7805098a3c7fa85d8ec8951a,caption_and_validated_request_info,Sektör,8,Bilanço Dışı Yükümlülükler,italic,1512922
2022-03,13,Yabanci Para Pozisyonu,10001,9,"Yabancı Para Pozisyonu (milyon TL), Dönem:2022/3",milyon TL,raw/2022-03_table13_group10001.json,d0d7d2bd15f75105d03d7c9e41be896082a6cb3d4911922b29c375dd5a79d2de,raw/2022-03_table13_group10001_info.json,ae916ed500a74f413283c5bfc2787992637bcacb7805098a3c7fa85d8ec8951a,caption_and_validated_request_info,Sektör,9,Yabancı Para Net Genel Pozisyonu,,78804
2022-03,13,Yabanci Para Pozisyonu,10001,10,"Yabancı Para Pozisyonu (milyon TL), Dönem:2022/3",milyon TL,raw/2022-03_table13_group10001.json,d0d7d2bd15f75105d03d7c9e41be896082a6cb3d4911922b29c375dd5a79d2de,raw/2022-03_table13_group10001_info.json,ae916ed500a74f413283c5bfc2787992637bcacb7805098a3c7fa85d8ec8951a,caption_and_validated_request_info,Sektör,10,Yasal Özkaynak,,1105162
2022-03,13,Yabanci Para Pozisyonu,10001,11,"Yabancı Para Pozisyonu (milyon TL), Dönem:2022/3",milyon TL,raw/2022-03_table13_group10001.json,d0d7d2bd15f75105d03d7c9e41be896082a6cb3d4911922b29c375dd5a79d2de,raw/2022-03_table13_group10001_info.json,ae916ed500a74f413283c5bfc2787992637bcacb7805098a3c7fa85d8ec8951a,caption_and_validated_request_info,Sektör,11,Yabancı Para Net Genel Pozisyon / Yasal Özkaynak Standart Oranı (Yüzde),bold,7
2022-04,13,Yabanci Para Pozisyonu,10001,1,"Yabancı Para Pozisyonu (milyon TL), Dönem:2022/4",milyon TL,raw/2022-04_table13_group10001.json,295be22d5ed63e94e53ba08a9620c63a4430e6e662c87fa579ed037cc44d3a56,raw/2022-04_table13_group10001_info.json,cb8cc49269d4f7684dac6008ad202bd9a87b7737462d1ec269acb001354d46a9,caption_and_validated_request_info,Sektör,1,Döviz Varlıkları Toplamı,bold,7130659
2022-04,13,Yabanci Para Pozisyonu,10001,2,"Yabancı Para Pozisyonu (milyon TL), Dönem:2022/4",milyon TL,raw/2022-04_table13_group10001.json,295be22d5ed63e94e53ba08a9620c63a4430e6e662c87fa579ed037cc44d3a56,raw/2022-04_table13_group10001_info.json,cb8cc49269d4f7684dac6008ad202bd9a87b7737462d1ec269acb001354d46a9,caption_and_validated_request_info,Sektör,2,Bilanço İçi Varlıklar,italic,5029424
2022-04,13,Yabanci Para Pozisyonu,10001,3,"Yabancı Para Pozisyonu (milyon TL), Dönem:2022/4",milyon TL,raw/2022-04_table13_group10001.json,295be22d5ed63e94e53ba08a9620c63a4430e6e662c87fa579ed037cc44d3a56,raw/2022-04_table13_group10001_info.json,cb8cc49269d4f7684dac6008ad202bd9a87b7737462d1ec269acb001354d46a9,caption_and_validated_request_info,Sektör,3,Dövize Endeksli Varlıklar,italic,10004
2022-04,13,Yabanci Para Pozisyonu,10001,4,"Yabancı Para Pozisyonu (milyon TL), Dönem:2022/4",milyon TL,raw/2022-04_table13_group10001.json,295be22d5ed63e94e53ba08a9620c63a4430e6e662c87fa579ed037cc44d3a56,raw/2022-04_table13_group10001_info.json,cb8cc49269d4f7684dac6008ad202bd9a87b7737462d1ec269acb001354d46a9,caption_and_validated_request_info,Sektör,4,Bilanço Dışı Varlıklar,italic,2101234
2022-04,13,Yabanci Para Pozisyonu,10001,5,"Yabancı Para Pozisyonu (milyon TL), Dönem:2022/4",milyon TL,raw/2022-04_table13_group10001.json,295be22d5ed63e94e53ba08a9620c63a4430e6e662c87fa579ed037cc44d3a56,raw/2022-04_table13_group10001_info.json,cb8cc49269d4f7684dac6008ad202bd9a87b7737462d1ec269acb001354d46a9,caption_and_validated_request_info,Sektör,5,Döviz Yükümlülükleri Toplamı,bold,7056320
2022-04,13,Yabanci Para Pozisyonu,10001,6,"Yabancı Para Pozisyonu (milyon TL), Dönem:2022/4",milyon TL,raw/2022-04_table13_group10001.json,295be22d5ed63e94e53ba08a9620c63a4430e6e662c87fa579ed037cc44d3a56,raw/2022-04_table13_group10001_info.json,cb8cc49269d4f7684dac6008ad202bd9a87b7737462d1ec269acb001354d46a9,caption_and_validated_request_info,Sektör,6,Bilanço İçi Yükümlülükler,italic,5524059
2022-04,13,Yabanci Para Pozisyonu,10001,7,"Yabancı Para Pozisyonu (milyon TL), Dönem:2022/4",milyon TL,raw/2022-04_table13_group10001.json,295be22d5ed63e94e53ba08a9620c63a4430e6e662c87fa579ed037cc44d3a56,raw/2022-04_table13_group10001_info.json,cb8cc49269d4f7684dac6008ad202bd9a87b7737462d1ec269acb001354d46a9,caption_and_validated_request_info,Sektör,7,Dövize Endeksli Yükümlülükler,italic,0
2022-04,13,Yabanci Para Pozisyonu,10001,8,"Yabancı Para Pozisyonu (milyon TL), Dönem:2022/4",milyon TL,raw/2022-04_table13_group10001.json,295be22d5ed63e94e53ba08a9620c63a4430e6e662c87fa579ed037cc44d3a56,raw/2022-04_table13_group10001_info.json,cb8cc49269d4f7684dac6008ad202bd9a87b7737462d1ec269acb001354d46a9,caption_and_validated_request_info,Sektör,8,Bilanço Dışı Yükümlülükler,italic,1532261
2022-04,13,Yabanci Para Pozisyonu,10001,9,"Yabancı Para Pozisyonu (milyon TL), Dönem:2022/4",milyon TL,raw/2022-04_table13_group10001.json,295be22d5ed63e94e53ba08a9620c63a4430e6e662c87fa579ed037cc44d3a56,raw/2022-04_table13_group10001_info.json,cb8cc49269d4f7684dac6008ad202bd9a87b7737462d1ec269acb001354d46a9,caption_and_validated_request_info,Sektör,9,Yabancı Para Net Genel Pozisyonu,,74339
2022-04,13,Yabanci Para Pozisyonu,10001,10,"Yabancı Para Pozisyonu (milyon TL), Dönem:2022/4",milyon TL,raw/2022-04_table13_group10001.json,295be22d5ed63e94e53ba08a9620c63a4430e6e662c87fa579ed037cc44d3a56,raw/2022-04_table13_group10001_info.json,cb8cc49269d4f7684dac6008ad202bd9a87b7737462d1ec269acb001354d46a9,caption_and_validated_request_info,Sektör,10,Yasal Özkaynak,,1192339
2022-04,13,Yabanci Para Pozisyonu,10001,11,"Yabancı Para Pozisyonu (milyon TL), Dönem:2022/4",milyon TL,raw/2022-04_table13_group10001.json,295be22d5ed63e94e53ba08a9620c63a4430e6e662c87fa579ed037cc44d3a56,raw/2022-04_table13_group10001_info.json,cb8cc49269d4f7684dac6008ad202bd9a87b7737462d1ec269acb001354d46a9,caption_and_validated_request_info,Sektör,11,Yabancı Para Net Genel Pozisyon / Yasal Özkaynak Standart Oranı (Yüzde),bold,6
2022-05,13,Yabanci Para Pozisyonu,10001,1,"Yabancı Para Pozisyonu (milyon TL), Dönem:2022/5",milyon TL,raw/2022-05_table13_group10001.json,23403b6df1088a101bd651acfba7ec53ad739c63ee3e36499d48d41ffef1a281,raw/2022-05_table13_group10001_info.json,f3c13343d82fbac2147126c32e82fec707021e7225b1cc4b76680d82ce85482c,caption_and_validated_request_info,Sektör,1,Döviz Varlıkları Toplamı,bold,7719249
2022-05,13,Yabanci Para Pozisyonu,10001,2,"Yabancı Para Pozisyonu (milyon TL), Dönem:2022/5",milyon TL,raw/2022-05_table13_group10001.json,23403b6df1088a101bd651acfba7ec53ad739c63ee3e36499d48d41ffef1a281,raw/2022-05_table13_group10001_info.json,f3c13343d82fbac2147126c32e82fec707021e7225b1cc4b76680d82ce85482c,caption_and_validated_request_info,Sektör,2,Bilanço İçi Varlıklar,italic,5548110
2022-05,13,Yabanci Para Pozisyonu,10001,3,"Yabancı Para Pozisyonu (milyon TL), Dönem:2022/5",milyon TL,raw/2022-05_table13_group10001.json,23403b6df1088a101bd651acfba7ec53ad739c63ee3e36499d48d41ffef1a281,raw/2022-05_table13_group10001_info.json,f3c13343d82fbac2147126c32e82fec707021e7225b1cc4b76680d82ce85482c,caption_and_validated_request_info,Sektör,3,Dövize Endeksli Varlıklar,italic,10381
2022-05,13,Yabanci Para Pozisyonu,10001,4,"Yabancı Para Pozisyonu (milyon TL), Dönem:2022/5",milyon TL,raw/2022-05_table13_group10001.json,23403b6df1088a101bd651acfba7ec53ad739c63ee3e36499d48d41ffef1a281,raw/2022-05_table13_group10001_info.json,f3c13343d82fbac2147126c32e82fec707021e7225b1cc4b76680d82ce85482c,caption_and_validated_request_info,Sektör,4,Bilanço Dışı Varlıklar,italic,2171139
2022-05,13,Yabanci Para Pozisyonu,10001,5,"Yabancı Para Pozisyonu (milyon TL), Dönem:2022/5",milyon TL,raw/2022-05_table13_group10001.json,23403b6df1088a101bd651acfba7ec53ad739c63ee3e36499d48d41ffef1a281,raw/2022-05_table13_group10001_info.json,f3c13343d82fbac2147126c32e82fec707021e7225b1cc4b76680d82ce85482c,caption_and_validated_request_info,Sektör,5,Döviz Yükümlülükleri Toplamı,bold,7656402
2022-05,13,Yabanci Para Pozisyonu,10001,6,"Yabancı Para Pozisyonu (milyon TL), Dönem:2022/5",milyon TL,raw/2022-05_table13_group10001.json,23403b6df1088a101bd651acfba7ec53ad739c63ee3e36499d48d41ffef1a281,raw/2022-05_table13_group10001_info.json,f3c13343d82fbac2147126c32e82fec707021e7225b1cc4b76680d82ce85482c,caption_and_validated_request_info,Sektör,6,Bilanço İçi Yükümlülükler,italic,6089937
2022-05,13,Yabanci Para Pozisyonu,10001,7,"Yabancı Para Pozisyonu (milyon TL), Dönem:2022/5",milyon TL,raw/2022-05_table13_group10001.json,23403b6df1088a101bd651acfba7ec53ad739c63ee3e36499d48d41ffef1a281,raw/2022-05_table13_group10001_info.json,f3c13343d82fbac2147126c32e82fec707021e7225b1cc4b76680d82ce85482c,caption_and_validated_request_info,Sektör,7,Dövize Endeksli Yükümlülükler,italic,0
2022-05,13,Yabanci Para Pozisyonu,10001,8,"Yabancı Para Pozisyonu (milyon TL), Dönem:2022/5",milyon TL,raw/2022-05_table13_group10001.json,23403b6df1088a101bd651acfba7ec53ad739c63ee3e36499d48d41ffef1a281,raw/2022-05_table13_group10001_info.json,f3c13343d82fbac2147126c32e82fec707021e7225b1cc4b76680d82ce85482c,caption_and_validated_request_info,Sektör,8,Bilanço Dışı Yükümlülükler,italic,1566465
2022-05,13,Yabanci Para Pozisyonu,10001,9,"Yabancı Para Pozisyonu (milyon TL), Dönem:2022/5",milyon TL,raw/2022-05_table13_group10001.json,23403b6df1088a101bd651acfba7ec53ad739c63ee3e36499d48d41ffef1a281,raw/2022-05_table13_group10001_info.json,f3c13343d82fbac2147126c32e82fec707021e7225b1cc4b76680d82ce85482c,caption_and_validated_request_info,Sektör,9,Yabancı Para Net Genel Pozisyonu,,62846
2022-05,13,Yabanci Para Pozisyonu,10001,10,"Yabancı Para Pozisyonu (milyon TL), Dönem:2022/5",milyon TL,raw/2022-05_table13_group10001.json,23403b6df1088a101bd651acfba7ec53ad739c63ee3e36499d48d41ffef1a281,raw/2022-05_table13_group10001_info.json,f3c13343d82fbac2147126c32e82fec707021e7225b1cc4b76680d82ce85482c,caption_and_validated_request_info,Sektör,10,Yasal Özkaynak,,1262811
2022-05,13,Yabanci Para Pozisyonu,10001,11,"Yabancı Para Pozisyonu (milyon TL), Dönem:2022/5",milyon TL,raw/2022-05_table13_group10001.json,23403b6df1088a101bd651acfba7ec53ad739c63ee3e36499d48d41ffef1a281,raw/2022-05_table13_group10001_info.json,f3c13343d82fbac2147126c32e82fec707021e7225b1cc4b76680d82ce85482c,caption_and_validated_request_info,Sektör,11,Yabancı Para Net Genel Pozisyon / Yasal Özkaynak Standart Oranı (Yüzde),bold,5
2022-06,13,Yabanci Para Pozisyonu,10001,1,"Yabancı Para Pozisyonu (milyon TL), Dönem:2022/6",milyon TL,raw/2022-06_table13_group10001.json,8abdaf76b8794c7ab21e599555d740b9ca679601620ad5168da4e48bb01d294c,raw/2022-06_table13_group10001_info.json,c8280d9148948f1697498891b764e7d95d72c75157bf9516b092cd1ddb08e36f,caption_and_validated_request_info,Sektör,1,Döviz Varlıkları Toplamı,bold,7812410
2022-06,13,Yabanci Para Pozisyonu,10001,2,"Yabancı Para Pozisyonu (milyon TL), Dönem:2022/6",milyon TL,raw/2022-06_table13_group10001.json,8abdaf76b8794c7ab21e599555d740b9ca679601620ad5168da4e48bb01d294c,raw/2022-06_table13_group10001_info.json,c8280d9148948f1697498891b764e7d95d72c75157bf9516b092cd1ddb08e36f,caption_and_validated_request_info,Sektör,2,Bilanço İçi Varlıklar,italic,5629090
2022-06,13,Yabanci Para Pozisyonu,10001,3,"Yabancı Para Pozisyonu (milyon TL), Dönem:2022/6",milyon TL,raw/2022-06_table13_group10001.json,8abdaf76b8794c7ab21e599555d740b9ca679601620ad5168da4e48bb01d294c,raw/2022-06_table13_group10001_info.json,c8280d9148948f1697498891b764e7d95d72c75157bf9516b092cd1ddb08e36f,caption_and_validated_request_info,Sektör,3,Dövize Endeksli Varlıklar,italic,9913
2022-06,13,Yabanci Para Pozisyonu,10001,4,"Yabancı Para Pozisyonu (milyon TL), Dönem:2022/6",milyon TL,raw/2022-06_table13_group10001.json,8abdaf76b8794c7ab21e599555d740b9ca679601620ad5168da4e48bb01d294c,raw/2022-06_table13_group10001_info.json,c8280d9148948f1697498891b764e7d95d72c75157bf9516b092cd1ddb08e36f,caption_and_validated_request_info,Sektör,4,Bilanço Dışı Varlıklar,italic,2183321
2022-06,13,Yabanci Para Pozisyonu,10001,5,"Yabancı Para Pozisyonu (milyon TL), Dönem:2022/6",milyon TL,raw/2022-06_table13_group10001.json,8abdaf76b8794c7ab21e599555d740b9ca679601620ad5168da4e48bb01d294c,raw/2022-06_table13_group10001_info.json,c8280d9148948f1697498891b764e7d95d72c75157bf9516b092cd1ddb08e36f,caption_and_validated_request_info,Sektör,5,Döviz Yükümlülükleri Toplamı,bold,7749032
2022-06,13,Yabanci Para Pozisyonu,10001,6,"Yabancı Para Pozisyonu (milyon TL), Dönem:2022/6",milyon TL,raw/2022-06_table13_group10001.json,8abdaf76b8794c7ab21e599555d740b9ca679601620ad5168da4e48bb01d294c,raw/2022-06_table13_group10001_info.json,c8280d9148948f1697498891b764e7d95d72c75157bf9516b092cd1ddb08e36f,caption_and_validated_request_info,Sektör,6,Bilanço İçi Yükümlülükler,italic,6145592
2022-06,13,Yabanci Para Pozisyonu,10001,7,"Yabancı Para Pozisyonu (milyon TL), Dönem:2022/6",milyon TL,raw/2022-06_table13_group10001.json,8abdaf76b8794c7ab21e599555d740b9ca679601620ad5168da4e48bb01d294c,raw/2022-06_table13_group10001_info.json,c8280d9148948f1697498891b764e7d95d72c75157bf9516b092cd1ddb08e36f,caption_and_validated_request_info,Sektör,7,Dövize Endeksli Yükümlülükler,italic,0
2022-06,13,Yabanci Para Pozisyonu,10001,8,"Yabancı Para Pozisyonu (milyon TL), Dönem:2022/6",milyon TL,raw/2022-06_table13_group10001.json,8abdaf76b8794c7ab21e599555d740b9ca679601620ad5168da4e48bb01d294c,raw/2022-06_table13_group10001_info.json,c8280d9148948f1697498891b764e7d95d72c75157bf9516b092cd1ddb08e36f,caption_and_validated_request_info,Sektör,8,Bilanço Dışı Yükümlülükler,italic,1603440
2022-06,13,Yabanci Para Pozisyonu,10001,9,"Yabancı Para Pozisyonu (milyon TL), Dönem:2022/6",milyon TL,raw/2022-06_table13_group10001.json,8abdaf76b8794c7ab21e599555d740b9ca679601620ad5168da4e48bb01d294c,raw/2022-06_table13_group10001_info.json,c8280d9148948f1697498891b764e7d95d72c75157bf9516b092cd1ddb08e36f,caption_and_validated_request_info,Sektör,9,Yabancı Para Net Genel Pozisyonu,,63379
2022-06,13,Yabanci Para Pozisyonu,10001,10,"Yabancı Para Pozisyonu (milyon TL), Dönem:2022/6",milyon TL,raw/2022-06_table13_group10001.json,8abdaf76b8794c7ab21e599555d740b9ca679601620ad5168da4e48bb01d294c,raw/2022-06_table13_group10001_info.json,c8280d9148948f1697498891b764e7d95d72c75157bf9516b092cd1ddb08e36f,caption_and_validated_request_info,Sektör,10,Yasal Özkaynak,,1317162
2022-06,13,Yabanci Para Pozisyonu,10001,11,"Yabancı Para Pozisyonu (milyon TL), Dönem:2022/6",milyon TL,raw/2022-06_table13_group10001.json,8abdaf76b8794c7ab21e599555d740b9ca679601620ad5168da4e48bb01d294c,raw/2022-06_table13_group10001_info.json,c8280d9148948f1697498891b764e7d95d72c75157bf9516b092cd1ddb08e36f,caption_and_validated_request_info,Sektör,11,Yabancı Para Net Genel Pozisyon / Yasal Özkaynak Standart Oranı (Yüzde),bold,5
2022-07,13,Yabanci Para Pozisyonu,10001,1,"Yabancı Para Pozisyonu (milyon TL), Dönem:2022/7",milyon TL,raw/2022-07_table13_group10001.json,d8e1bd160952bac72a361f6376a79d63e099d59289352239e7017949dcaac896,raw/2022-07_table13_group10001_info.json,a5de9e8614f3852f96bd04a57aea90f84d737c524d6f608dd54d3f31fb4f9bb8,caption_and_validated_request_info,Sektör,1,Döviz Varlıkları Toplamı,bold,8335750
2022-07,13,Yabanci Para Pozisyonu,10001,2,"Yabancı Para Pozisyonu (milyon TL), Dönem:2022/7",milyon TL,raw/2022-07_table13_group10001.json,d8e1bd160952bac72a361f6376a79d63e099d59289352239e7017949dcaac896,raw/2022-07_table13_group10001_info.json,a5de9e8614f3852f96bd04a57aea90f84d737c524d6f608dd54d3f31fb4f9bb8,caption_and_validated_request_info,Sektör,2,Bilanço İçi Varlıklar,italic,6017664
2022-07,13,Yabanci Para Pozisyonu,10001,3,"Yabancı Para Pozisyonu (milyon TL), Dönem:2022/7",milyon TL,raw/2022-07_table13_group10001.json,d8e1bd160952bac72a361f6376a79d63e099d59289352239e7017949dcaac896,raw/2022-07_table13_group10001_info.json,a5de9e8614f3852f96bd04a57aea90f84d737c524d6f608dd54d3f31fb4f9bb8,caption_and_validated_request_info,Sektör,3,Dövize Endeksli Varlıklar,italic,10004
2022-07,13,Yabanci Para Pozisyonu,10001,4,"Yabancı Para Pozisyonu (milyon TL), Dönem:2022/7",milyon TL,raw/2022-07_table13_group10001.json,d8e1bd160952bac72a361f6376a79d63e099d59289352239e7017949dcaac896,raw/2022-07_table13_group10001_info.json,a5de9e8614f3852f96bd04a57aea90f84d737c524d6f608dd54d3f31fb4f9bb8,caption_and_validated_request_info,Sektör,4,Bilanço Dışı Varlıklar,italic,2318086
2022-07,13,Yabanci Para Pozisyonu,10001,5,"Yabancı Para Pozisyonu (milyon TL), Dönem:2022/7",milyon TL,raw/2022-07_table13_group10001.json,d8e1bd160952bac72a361f6376a79d63e099d59289352239e7017949dcaac896,raw/2022-07_table13_group10001_info.json,a5de9e8614f3852f96bd04a57aea90f84d737c524d6f608dd54d3f31fb4f9bb8,caption_and_validated_request_info,Sektör,5,Döviz Yükümlülükleri Toplamı,bold,8267585
2022-07,13,Yabanci Para Pozisyonu,10001,6,"Yabancı Para Pozisyonu (milyon TL), Dönem:2022/7",milyon TL,raw/2022-07_table13_group10001.json,d8e1bd160952bac72a361f6376a79d63e099d59289352239e7017949dcaac896,raw/2022-07_table13_group10001_info.json,a5de9e8614f3852f96bd04a57aea90f84d737c524d6f608dd54d3f31fb4f9bb8,caption_and_validated_request_info,Sektör,6,Bilanço İçi Yükümlülükler,italic,6593087
2022-07,13,Yabanci Para Pozisyonu,10001,7,"Yabancı Para Pozisyonu (milyon TL), Dönem:2022/7",milyon TL,raw/2022-07_table13_group10001.json,d8e1bd160952bac72a361f6376a79d63e099d59289352239e7017949dcaac896,raw/2022-07_table13_group10001_info.json,a5de9e8614f3852f96bd04a57aea90f84d737c524d6f608dd54d3f31fb4f9bb8,caption_and_validated_request_info,Sektör,7,Dövize Endeksli Yükümlülükler,italic,0
2022-07,13,Yabanci Para Pozisyonu,10001,8,"Yabancı Para Pozisyonu (milyon TL), Dönem:2022/7",milyon TL,raw/2022-07_table13_group10001.json,d8e1bd160952bac72a361f6376a79d63e099d59289352239e7017949dcaac896,raw/2022-07_table13_group10001_info.json,a5de9e8614f3852f96bd04a57aea90f84d737c524d6f608dd54d3f31fb4f9bb8,caption_and_validated_request_info,Sektör,8,Bilanço Dışı Yükümlülükler,italic,1674498
2022-07,13,Yabanci Para Pozisyonu,10001,9,"Yabancı Para Pozisyonu (milyon TL), Dönem:2022/7",milyon TL,raw/2022-07_table13_group10001.json,d8e1bd160952bac72a361f6376a79d63e099d59289352239e7017949dcaac896,raw/2022-07_table13_group10001_info.json,a5de9e8614f3852f96bd04a57aea90f84d737c524d6f608dd54d3f31fb4f9bb8,caption_and_validated_request_info,Sektör,9,Yabancı Para Net Genel Pozisyonu,,68165
2022-07,13,Yabanci Para Pozisyonu,10001,10,"Yabancı Para Pozisyonu (milyon TL), Dönem:2022/7",milyon TL,raw/2022-07_table13_group10001.json,d8e1bd160952bac72a361f6376a79d63e099d59289352239e7017949dcaac896,raw/2022-07_table13_group10001_info.json,a5de9e8614f3852f96bd04a57aea90f84d737c524d6f608dd54d3f31fb4f9bb8,caption_and_validated_request_info,Sektör,10,Yasal Özkaynak,,1336691
2022-07,13,Yabanci Para Pozisyonu,10001,11,"Yabancı Para Pozisyonu (milyon TL), Dönem:2022/7",milyon TL,raw/2022-07_table13_group10001.json,d8e1bd160952bac72a361f6376a79d63e099d59289352239e7017949dcaac896,raw/2022-07_table13_group10001_info.json,a5de9e8614f3852f96bd04a57aea90f84d737c524d6f608dd54d3f31fb4f9bb8,caption_and_validated_request_info,Sektör,11,Yabancı Para Net Genel Pozisyon / Yasal Özkaynak Standart Oranı (Yüzde),bold,5
2022-08,13,Yabanci Para Pozisyonu,10001,1,"Yabancı Para Pozisyonu (milyon TL), Dönem:2022/8",milyon TL,raw/2022-08_table13_group10001.json,d8477ff85779de4d221135045cfa6d6654f892bd7154c1273120d6f487e633bb,raw/2022-08_table13_group10001_info.json,e2978d6cdfba2d5ddac2a580e21bd462a6f8d64cf91ba1f987e3eae766b383a3,caption_and_validated_request_info,Sektör,1,Döviz Varlıkları Toplamı,bold,8475536
2022-08,13,Yabanci Para Pozisyonu,10001,2,"Yabancı Para Pozisyonu (milyon TL), Dönem:2022/8",milyon TL,raw/2022-08_table13_group10001.json,d8477ff85779de4d221135045cfa6d6654f892bd7154c1273120d6f487e633bb,raw/2022-08_table13_group10001_info.json,e2978d6cdfba2d5ddac2a580e21bd462a6f8d64cf91ba1f987e3eae766b383a3,caption_and_validated_request_info,Sektör,2,Bilanço İçi Varlıklar,italic,6080714
2022-08,13,Yabanci Para Pozisyonu,10001,3,"Yabancı Para Pozisyonu (milyon TL), Dönem:2022/8",milyon TL,raw/2022-08_table13_group10001.json,d8477ff85779de4d221135045cfa6d6654f892bd7154c1273120d6f487e633bb,raw/2022-08_table13_group10001_info.json,e2978d6cdfba2d5ddac2a580e21bd462a6f8d64cf91ba1f987e3eae766b383a3,caption_and_validated_request_info,Sektör,3,Dövize Endeksli Varlıklar,italic,9611
2022-08,13,Yabanci Para Pozisyonu,10001,4,"Yabancı Para Pozisyonu (milyon TL), Dönem:2022/8",milyon TL,raw/2022-08_table13_group10001.json,d8477ff85779de4d221135045cfa6d6654f892bd7154c1273120d6f487e633bb,raw/2022-08_table13_group10001_info.json,e2978d6cdfba2d5ddac2a580e21bd462a6f8d64cf91ba1f987e3eae766b383a3,caption_and_validated_request_info,Sektör,4,Bilanço Dışı Varlıklar,italic,2394822
2022-08,13,Yabanci Para Pozisyonu,10001,5,"Yabancı Para Pozisyonu (milyon TL), Dönem:2022/8",milyon TL,raw/2022-08_table13_group10001.json,d8477ff85779de4d221135045cfa6d6654f892bd7154c1273120d6f487e633bb,raw/2022-08_table13_group10001_info.json,e2978d6cdfba2d5ddac2a580e21bd462a6f8d64cf91ba1f987e3eae766b383a3,caption_and_validated_request_info,Sektör,5,Döviz Yükümlülükleri Toplamı,bold,8395466
2022-08,13,Yabanci Para Pozisyonu,10001,6,"Yabancı Para Pozisyonu (milyon TL), Dönem:2022/8",milyon TL,raw/2022-08_table13_group10001.json,d8477ff85779de4d221135045cfa6d6654f892bd7154c1273120d6f487e633bb,raw/2022-08_table13_group10001_info.json,e2978d6cdfba2d5ddac2a580e21bd462a6f8d64cf91ba1f987e3eae766b383a3,caption_and_validated_request_info,Sektör,6,Bilanço İçi Yükümlülükler,italic,6658079
2022-08,13,Yabanci Para Pozisyonu,10001,7,"Yabancı Para Pozisyonu (milyon TL), Dönem:2022/8",milyon TL,raw/2022-08_table13_group10001.json,d8477ff85779de4d221135045cfa6d6654f892bd7154c1273120d6f487e633bb,raw/2022-08_table13_group10001_info.json,e2978d6cdfba2d5ddac2a580e21bd462a6f8d64cf91ba1f987e3eae766b383a3,caption_and_validated_request_info,Sektör,7,Dövize Endeksli Yükümlülükler,italic,0
2022-08,13,Yabanci Para Pozisyonu,10001,8,"Yabancı Para Pozisyonu (milyon TL), Dönem:2022/8",milyon TL,raw/2022-08_table13_group10001.json,d8477ff85779de4d221135045cfa6d6654f892bd7154c1273120d6f487e633bb,raw/2022-08_table13_group10001_info.json,e2978d6cdfba2d5ddac2a580e21bd462a6f8d64cf91ba1f987e3eae766b383a3,caption_and_validated_request_info,Sektör,8,Bilanço Dışı Yükümlülükler,italic,1737387
2022-08,13,Yabanci Para Pozisyonu,10001,9,"Yabancı Para Pozisyonu (milyon TL), Dönem:2022/8",milyon TL,raw/2022-08_table13_group10001.json,d8477ff85779de4d221135045cfa6d6654f892bd7154c1273120d6f487e633bb,raw/2022-08_table13_group10001_info.json,e2978d6cdfba2d5ddac2a580e21bd462a6f8d64cf91ba1f987e3eae766b383a3,caption_and_validated_request_info,Sektör,9,Yabancı Para Net Genel Pozisyonu,,80070
2022-08,13,Yabanci Para Pozisyonu,10001,10,"Yabancı Para Pozisyonu (milyon TL), Dönem:2022/8",milyon TL,raw/2022-08_table13_group10001.json,d8477ff85779de4d221135045cfa6d6654f892bd7154c1273120d6f487e633bb,raw/2022-08_table13_group10001_info.json,e2978d6cdfba2d5ddac2a580e21bd462a6f8d64cf91ba1f987e3eae766b383a3,caption_and_validated_request_info,Sektör,10,Yasal Özkaynak,,1398145
2022-08,13,Yabanci Para Pozisyonu,10001,11,"Yabancı Para Pozisyonu (milyon TL), Dönem:2022/8",milyon TL,raw/2022-08_table13_group10001.json,d8477ff85779de4d221135045cfa6d6654f892bd7154c1273120d6f487e633bb,raw/2022-08_table13_group10001_info.json,e2978d6cdfba2d5ddac2a580e21bd462a6f8d64cf91ba1f987e3eae766b383a3,caption_and_validated_request_info,Sektör,11,Yabancı Para Net Genel Pozisyon / Yasal Özkaynak Standart Oranı (Yüzde),bold,6
2022-09,13,Yabanci Para Pozisyonu,10001,1,"Yabancı Para Pozisyonu (milyon TL), Dönem:2022/9",milyon TL,raw/2022-09_table13_group10001.json,8a7a8a465eb8d893fe6108b58bff3a85ca368b0aada5d8de6b8b1ed3279c8d2a,raw/2022-09_table13_group10001_info.json,4d32ae2edb30fc3d6eb27f9c16dee5109aee13d12503b421ba5f25487b0b321c,caption_and_validated_request_info,Sektör,1,Döviz Varlıkları Toplamı,bold,8581776
2022-09,13,Yabanci Para Pozisyonu,10001,2,"Yabancı Para Pozisyonu (milyon TL), Dönem:2022/9",milyon TL,raw/2022-09_table13_group10001.json,8a7a8a465eb8d893fe6108b58bff3a85ca368b0aada5d8de6b8b1ed3279c8d2a,raw/2022-09_table13_group10001_info.json,4d32ae2edb30fc3d6eb27f9c16dee5109aee13d12503b421ba5f25487b0b321c,caption_and_validated_request_info,Sektör,2,Bilanço İçi Varlıklar,italic,6115775
2022-09,13,Yabanci Para Pozisyonu,10001,3,"Yabancı Para Pozisyonu (milyon TL), Dönem:2022/9",milyon TL,raw/2022-09_table13_group10001.json,8a7a8a465eb8d893fe6108b58bff3a85ca368b0aada5d8de6b8b1ed3279c8d2a,raw/2022-09_table13_group10001_info.json,4d32ae2edb30fc3d6eb27f9c16dee5109aee13d12503b421ba5f25487b0b321c,caption_and_validated_request_info,Sektör,3,Dövize Endeksli Varlıklar,italic,9268
2022-09,13,Yabanci Para Pozisyonu,10001,4,"Yabancı Para Pozisyonu (milyon TL), Dönem:2022/9",milyon TL,raw/2022-09_table13_group10001.json,8a7a8a465eb8d893fe6108b58bff3a85ca368b0aada5d8de6b8b1ed3279c8d2a,raw/2022-09_table13_group10001_info.json,4d32ae2edb30fc3d6eb27f9c16dee5109aee13d12503b421ba5f25487b0b321c,caption_and_validated_request_info,Sektör,4,Bilanço Dışı Varlıklar,italic,2466001
2022-09,13,Yabanci Para Pozisyonu,10001,5,"Yabancı Para Pozisyonu (milyon TL), Dönem:2022/9",milyon TL,raw/2022-09_table13_group10001.json,8a7a8a465eb8d893fe6108b58bff3a85ca368b0aada5d8de6b8b1ed3279c8d2a,raw/2022-09_table13_group10001_info.json,4d32ae2edb30fc3d6eb27f9c16dee5109aee13d12503b421ba5f25487b0b321c,caption_and_validated_request_info,Sektör,5,Döviz Yükümlülükleri Toplamı,bold,8497695
2022-09,13,Yabanci Para Pozisyonu,10001,6,"Yabancı Para Pozisyonu (milyon TL), Dönem:2022/9",milyon TL,raw/2022-09_table13_group10001.json,8a7a8a465eb8d893fe6108b58bff3a85ca368b0aada5d8de6b8b1ed3279c8d2a,raw/2022-09_table13_group10001_info.json,4d32ae2edb30fc3d6eb27f9c16dee5109aee13d12503b421ba5f25487b0b321c,caption_and_validated_request_info,Sektör,6,Bilanço İçi Yükümlülükler,italic,6720576
2022-09,13,Yabanci Para Pozisyonu,10001,7,"Yabancı Para Pozisyonu (milyon TL), Dönem:2022/9",milyon TL,raw/2022-09_table13_group10001.json,8a7a8a465eb8d893fe6108b58bff3a85ca368b0aada5d8de6b8b1ed3279c8d2a,raw/2022-09_table13_group10001_info.json,4d32ae2edb30fc3d6eb27f9c16dee5109aee13d12503b421ba5f25487b0b321c,caption_and_validated_request_info,Sektör,7,Dövize Endeksli Yükümlülükler,italic,0
2022-09,13,Yabanci Para Pozisyonu,10001,8,"Yabancı Para Pozisyonu (milyon TL), Dönem:2022/9",milyon TL,raw/2022-09_table13_group10001.json,8a7a8a465eb8d893fe6108b58bff3a85ca368b0aada5d8de6b8b1ed3279c8d2a,raw/2022-09_table13_group10001_info.json,4d32ae2edb30fc3d6eb27f9c16dee5109aee13d12503b421ba5f25487b0b321c,caption_and_validated_request_info,Sektör,8,Bilanço Dışı Yükümlülükler,italic,1777120
2022-09,13,Yabanci Para Pozisyonu,10001,9,"Yabancı Para Pozisyonu (milyon TL), Dönem:2022/9",milyon TL,raw/2022-09_table13_group10001.json,8a7a8a465eb8d893fe6108b58bff3a85ca368b0aada5d8de6b8b1ed3279c8d2a,raw/2022-09_table13_group10001_info.json,4d32ae2edb30fc3d6eb27f9c16dee5109aee13d12503b421ba5f25487b0b321c,caption_and_validated_request_info,Sektör,9,Yabancı Para Net Genel Pozisyonu,,84081
2022-09,13,Yabanci Para Pozisyonu,10001,10,"Yabancı Para Pozisyonu (milyon TL), Dönem:2022/9",milyon TL,raw/2022-09_table13_group10001.json,8a7a8a465eb8d893fe6108b58bff3a85ca368b0aada5d8de6b8b1ed3279c8d2a,raw/2022-09_table13_group10001_info.json,4d32ae2edb30fc3d6eb27f9c16dee5109aee13d12503b421ba5f25487b0b321c,caption_and_validated_request_info,Sektör,10,Yasal Özkaynak,,1483868
2022-09,13,Yabanci Para Pozisyonu,10001,11,"Yabancı Para Pozisyonu (milyon TL), Dönem:2022/9",milyon TL,raw/2022-09_table13_group10001.json,8a7a8a465eb8d893fe6108b58bff3a85ca368b0aada5d8de6b8b1ed3279c8d2a,raw/2022-09_table13_group10001_info.json,4d32ae2edb30fc3d6eb27f9c16dee5109aee13d12503b421ba5f25487b0b321c,caption_and_validated_request_info,Sektör,11,Yabancı Para Net Genel Pozisyon / Yasal Özkaynak Standart Oranı (Yüzde),bold,6
2022-10,13,Yabanci Para Pozisyonu,10001,1,"Yabancı Para Pozisyonu (milyon TL), Dönem:2022/10",milyon TL,raw/2022-10_table13_group10001.json,d2c79c29a1054b0a8053cb01a85608e41ebf2d173291fba9d764b3a0448f27e7,raw/2022-10_table13_group10001_info.json,461ba25ebaf4f05ac6bcfa79205f60c9454423de0108862e854ac971880a21dd,caption_and_validated_request_info,Sektör,1,Döviz Varlıkları Toplamı,bold,8575625
2022-10,13,Yabanci Para Pozisyonu,10001,2,"Yabancı Para Pozisyonu (milyon TL), Dönem:2022/10",milyon TL,raw/2022-10_table13_group10001.json,d2c79c29a1054b0a8053cb01a85608e41ebf2d173291fba9d764b3a0448f27e7,raw/2022-10_table13_group10001_info.json,461ba25ebaf4f05ac6bcfa79205f60c9454423de0108862e854ac971880a21dd,caption_and_validated_request_info,Sektör,2,Bilanço İçi Varlıklar,italic,6130097
2022-10,13,Yabanci Para Pozisyonu,10001,3,"Yabancı Para Pozisyonu (milyon TL), Dönem:2022/10",milyon TL,raw/2022-10_table13_group10001.json,d2c79c29a1054b0a8053cb01a85608e41ebf2d173291fba9d764b3a0448f27e7,raw/2022-10_table13_group10001_info.json,461ba25ebaf4f05ac6bcfa79205f60c9454423de0108862e854ac971880a21dd,caption_and_validated_request_info,Sektör,3,Dövize Endeksli Varlıklar,italic,9196
2022-10,13,Yabanci Para Pozisyonu,10001,4,"Yabancı Para Pozisyonu (milyon TL), Dönem:2022/10",milyon TL,raw/2022-10_table13_group10001.json,d2c79c29a1054b0a8053cb01a85608e41ebf2d173291fba9d764b3a0448f27e7,raw/2022-10_table13_group10001_info.json,461ba25ebaf4f05ac6bcfa79205f60c9454423de0108862e854ac971880a21dd,caption_and_validated_request_info,Sektör,4,Bilanço Dışı Varlıklar,italic,2445527
2022-10,13,Yabanci Para Pozisyonu,10001,5,"Yabancı Para Pozisyonu (milyon TL), Dönem:2022/10",milyon TL,raw/2022-10_table13_group10001.json,d2c79c29a1054b0a8053cb01a85608e41ebf2d173291fba9d764b3a0448f27e7,raw/2022-10_table13_group10001_info.json,461ba25ebaf4f05ac6bcfa79205f60c9454423de0108862e854ac971880a21dd,caption_and_validated_request_info,Sektör,5,Döviz Yükümlülükleri Toplamı,bold,8478756
2022-10,13,Yabanci Para Pozisyonu,10001,6,"Yabancı Para Pozisyonu (milyon TL), Dönem:2022/10",milyon TL,raw/2022-10_table13_group10001.json,d2c79c29a1054b0a8053cb01a85608e41ebf2d173291fba9d764b3a0448f27e7,raw/2022-10_table13_group10001_info.json,461ba25ebaf4f05ac6bcfa79205f60c9454423de0108862e854ac971880a21dd,caption_and_validated_request_info,Sektör,6,Bilanço İçi Yükümlülükler,italic,6761704
2022-10,13,Yabanci Para Pozisyonu,10001,7,"Yabancı Para Pozisyonu (milyon TL), Dönem:2022/10",milyon TL,raw/2022-10_table13_group10001.json,d2c79c29a1054b0a8053cb01a85608e41ebf2d173291fba9d764b3a0448f27e7,raw/2022-10_table13_group10001_info.json,461ba25ebaf4f05ac6bcfa79205f60c9454423de0108862e854ac971880a21dd,caption_and_validated_request_info,Sektör,7,Dövize Endeksli Yükümlülükler,italic,0
2022-10,13,Yabanci Para Pozisyonu,10001,8,"Yabancı Para Pozisyonu (milyon TL), Dönem:2022/10",milyon TL,raw/2022-10_table13_group10001.json,d2c79c29a1054b0a8053cb01a85608e41ebf2d173291fba9d764b3a0448f27e7,raw/2022-10_table13_group10001_info.json,461ba25ebaf4f05ac6bcfa79205f60c9454423de0108862e854ac971880a21dd,caption_and_validated_request_info,Sektör,8,Bilanço Dışı Yükümlülükler,italic,1717052
2022-10,13,Yabanci Para Pozisyonu,10001,9,"Yabancı Para Pozisyonu (milyon TL), Dönem:2022/10",milyon TL,raw/2022-10_table13_group10001.json,d2c79c29a1054b0a8053cb01a85608e41ebf2d173291fba9d764b3a0448f27e7,raw/2022-10_table13_group10001_info.json,461ba25ebaf4f05ac6bcfa79205f60c9454423de0108862e854ac971880a21dd,caption_and_validated_request_info,Sektör,9,Yabancı Para Net Genel Pozisyonu,,96869
2022-10,13,Yabanci Para Pozisyonu,10001,10,"Yabancı Para Pozisyonu (milyon TL), Dönem:2022/10",milyon TL,raw/2022-10_table13_group10001.json,d2c79c29a1054b0a8053cb01a85608e41ebf2d173291fba9d764b3a0448f27e7,raw/2022-10_table13_group10001_info.json,461ba25ebaf4f05ac6bcfa79205f60c9454423de0108862e854ac971880a21dd,caption_and_validated_request_info,Sektör,10,Yasal Özkaynak,,1551676
2022-10,13,Yabanci Para Pozisyonu,10001,11,"Yabancı Para Pozisyonu (milyon TL), Dönem:2022/10",milyon TL,raw/2022-10_table13_group10001.json,d2c79c29a1054b0a8053cb01a85608e41ebf2d173291fba9d764b3a0448f27e7,raw/2022-10_table13_group10001_info.json,461ba25ebaf4f05ac6bcfa79205f60c9454423de0108862e854ac971880a21dd,caption_and_validated_request_info,Sektör,11,Yabancı Para Net Genel Pozisyon / Yasal Özkaynak Standart Oranı (Yüzde),bold,6
2022-11,13,Yabanci Para Pozisyonu,10001,1,"Yabancı Para Pozisyonu (milyon TL), Dönem:2022/11",milyon TL,raw/2022-11_table13_group10001.json,6597f79508384f30885edd7998f9488cc9381506eff58d237f9f1cf9ff3bb9d3,raw/2022-11_table13_group10001_info.json,b817c312ccd1fc161978254613b9b3b22fc38f1614eb916bddcc31f95df757c3,caption_and_validated_request_info,Sektör,1,Döviz Varlıkları Toplamı,bold,8572593
2022-11,13,Yabanci Para Pozisyonu,10001,2,"Yabancı Para Pozisyonu (milyon TL), Dönem:2022/11",milyon TL,raw/2022-11_table13_group10001.json,6597f79508384f30885edd7998f9488cc9381506eff58d237f9f1cf9ff3bb9d3,raw/2022-11_table13_group10001_info.json,b817c312ccd1fc161978254613b9b3b22fc38f1614eb916bddcc31f95df757c3,caption_and_validated_request_info,Sektör,2,Bilanço İçi Varlıklar,italic,6128627
2022-11,13,Yabanci Para Pozisyonu,10001,3,"Yabancı Para Pozisyonu (milyon TL), Dönem:2022/11",milyon TL,raw/2022-11_table13_group10001.json,6597f79508384f30885edd7998f9488cc9381506eff58d237f9f1cf9ff3bb9d3,raw/2022-11_table13_group10001_info.json,b817c312ccd1fc161978254613b9b3b22fc38f1614eb916bddcc31f95df757c3,caption_and_validated_request_info,Sektör,3,Dövize Endeksli Varlıklar,italic,8918
2022-11,13,Yabanci Para Pozisyonu,10001,4,"Yabancı Para Pozisyonu (milyon TL), Dönem:2022/11",milyon TL,raw/2022-11_table13_group10001.json,6597f79508384f30885edd7998f9488cc9381506eff58d237f9f1cf9ff3bb9d3,raw/2022-11_table13_group10001_info.json,b817c312ccd1fc161978254613b9b3b22fc38f1614eb916bddcc31f95df757c3,caption_and_validated_request_info,Sektör,4,Bilanço Dışı Varlıklar,italic,2443966
2022-11,13,Yabanci Para Pozisyonu,10001,5,"Yabancı Para Pozisyonu (milyon TL), Dönem:2022/11",milyon TL,raw/2022-11_table13_group10001.json,6597f79508384f30885edd7998f9488cc9381506eff58d237f9f1cf9ff3bb9d3,raw/2022-11_table13_group10001_info.json,b817c312ccd1fc161978254613b9b3b22fc38f1614eb916bddcc31f95df757c3,caption_and_validated_request_info,Sektör,5,Döviz Yükümlülükleri Toplamı,bold,8496663
2022-11,13,Yabanci Para Pozisyonu,10001,6,"Yabancı Para Pozisyonu (milyon TL), Dönem:2022/11",milyon TL,raw/2022-11_table13_group10001.json,6597f79508384f30885edd7998f9488cc9381506eff58d237f9f1cf9ff3bb9d3,raw/2022-11_table13_group10001_info.json,b817c312ccd1fc161978254613b9b3b22fc38f1614eb916bddcc31f95df757c3,caption_and_validated_request_info,Sektör,6,Bilanço İçi Yükümlülükler,italic,6664834
2022-11,13,Yabanci Para Pozisyonu,10001,7,"Yabancı Para Pozisyonu (milyon TL), Dönem:2022/11",milyon TL,raw/2022-11_table13_group10001.json,6597f79508384f30885edd7998f9488cc9381506eff58d237f9f1cf9ff3bb9d3,raw/2022-11_table13_group10001_info.json,b817c312ccd1fc161978254613b9b3b22fc38f1614eb916bddcc31f95df757c3,caption_and_validated_request_info,Sektör,7,Dövize Endeksli Yükümlülükler,italic,0
2022-11,13,Yabanci Para Pozisyonu,10001,8,"Yabancı Para Pozisyonu (milyon TL), Dönem:2022/11",milyon TL,raw/2022-11_table13_group10001.json,6597f79508384f30885edd7998f9488cc9381506eff58d237f9f1cf9ff3bb9d3,raw/2022-11_table13_group10001_info.json,b817c312ccd1fc161978254613b9b3b22fc38f1614eb916bddcc31f95df757c3,caption_and_validated_request_info,Sektör,8,Bilanço Dışı Yükümlülükler,italic,1831829
2022-11,13,Yabanci Para Pozisyonu,10001,9,"Yabancı Para Pozisyonu (milyon TL), Dönem:2022/11",milyon TL,raw/2022-11_table13_group10001.json,6597f79508384f30885edd7998f9488cc9381506eff58d237f9f1cf9ff3bb9d3,raw/2022-11_table13_group10001_info.json,b817c312ccd1fc161978254613b9b3b22fc38f1614eb916bddcc31f95df757c3,caption_and_validated_request_info,Sektör,9,Yabancı Para Net Genel Pozisyonu,,75930
2022-11,13,Yabanci Para Pozisyonu,10001,10,"Yabancı Para Pozisyonu (milyon TL), Dönem:2022/11",milyon TL,raw/2022-11_table13_group10001.json,6597f79508384f30885edd7998f9488cc9381506eff58d237f9f1cf9ff3bb9d3,raw/2022-11_table13_group10001_info.json,b817c312ccd1fc161978254613b9b3b22fc38f1614eb916bddcc31f95df757c3,caption_and_validated_request_info,Sektör,10,Yasal Özkaynak,,1615699
2022-11,13,Yabanci Para Pozisyonu,10001,11,"Yabancı Para Pozisyonu (milyon TL), Dönem:2022/11",milyon TL,raw/2022-11_table13_group10001.json,6597f79508384f30885edd7998f9488cc9381506eff58d237f9f1cf9ff3bb9d3,raw/2022-11_table13_group10001_info.json,b817c312ccd1fc161978254613b9b3b22fc38f1614eb916bddcc31f95df757c3,caption_and_validated_request_info,Sektör,11,Yabancı Para Net Genel Pozisyon / Yasal Özkaynak Standart Oranı (Yüzde),bold,5
2022-12,13,Yabanci Para Pozisyonu,10001,1,"Yabancı Para Pozisyonu (milyon TL), Dönem:2022/12",milyon TL,raw/2022-12_table13_group10001.json,0d978726ee7cbecda0f6c4fefad2af079b1c1049b83694635860927c690ed1aa,raw/2022-12_table13_group10001_info.json,2e77c15bf551585ed6a1e741270f4f1aae7578ee184756bca23b9d83cec6aac4,caption_and_validated_request_info,Sektör,1,Döviz Varlıkları Toplamı,bold,8521061
2022-12,13,Yabanci Para Pozisyonu,10001,2,"Yabancı Para Pozisyonu (milyon TL), Dönem:2022/12",milyon TL,raw/2022-12_table13_group10001.json,0d978726ee7cbecda0f6c4fefad2af079b1c1049b83694635860927c690ed1aa,raw/2022-12_table13_group10001_info.json,2e77c15bf551585ed6a1e741270f4f1aae7578ee184756bca23b9d83cec6aac4,caption_and_validated_request_info,Sektör,2,Bilanço İçi Varlıklar,italic,6058443
2022-12,13,Yabanci Para Pozisyonu,10001,3,"Yabancı Para Pozisyonu (milyon TL), Dönem:2022/12",milyon TL,raw/2022-12_table13_group10001.json,0d978726ee7cbecda0f6c4fefad2af079b1c1049b83694635860927c690ed1aa,raw/2022-12_table13_group10001_info.json,2e77c15bf551585ed6a1e741270f4f1aae7578ee184756bca23b9d83cec6aac4,caption_and_validated_request_info,Sektör,3,Dövize Endeksli Varlıklar,italic,8661
2022-12,13,Yabanci Para Pozisyonu,10001,4,"Yabancı Para Pozisyonu (milyon TL), Dönem:2022/12",milyon TL,raw/2022-12_table13_group10001.json,0d978726ee7cbecda0f6c4fefad2af079b1c1049b83694635860927c690ed1aa,raw/2022-12_table13_group10001_info.json,2e77c15bf551585ed6a1e741270f4f1aae7578ee184756bca23b9d83cec6aac4,caption_and_validated_request_info,Sektör,4,Bilanço Dışı Varlıklar,italic,2462618
2022-12,13,Yabanci Para Pozisyonu,10001,5,"Yabancı Para Pozisyonu (milyon TL), Dönem:2022/12",milyon TL,raw/2022-12_table13_group10001.json,0d978726ee7cbecda0f6c4fefad2af079b1c1049b83694635860927c690ed1aa,raw/2022-12_table13_group10001_info.json,2e77c15bf551585ed6a1e741270f4f1aae7578ee184756bca23b9d83cec6aac4,caption_and_validated_request_info,Sektör,5,Döviz Yükümlülükleri Toplamı,bold,8481556
2022-12,13,Yabanci Para Pozisyonu,10001,6,"Yabancı Para Pozisyonu (milyon TL), Dönem:2022/12",milyon TL,raw/2022-12_table13_group10001.json,0d978726ee7cbecda0f6c4fefad2af079b1c1049b83694635860927c690ed1aa,raw/2022-12_table13_group10001_info.json,2e77c15bf551585ed6a1e741270f4f1aae7578ee184756bca23b9d83cec6aac4,caption_and_validated_request_info,Sektör,6,Bilanço İçi Yükümlülükler,italic,6549717
2022-12,13,Yabanci Para Pozisyonu,10001,7,"Yabancı Para Pozisyonu (milyon TL), Dönem:2022/12",milyon TL,raw/2022-12_table13_group10001.json,0d978726ee7cbecda0f6c4fefad2af079b1c1049b83694635860927c690ed1aa,raw/2022-12_table13_group10001_info.json,2e77c15bf551585ed6a1e741270f4f1aae7578ee184756bca23b9d83cec6aac4,caption_and_validated_request_info,Sektör,7,Dövize Endeksli Yükümlülükler,italic,0
2022-12,13,Yabanci Para Pozisyonu,10001,8,"Yabancı Para Pozisyonu (milyon TL), Dönem:2022/12",milyon TL,raw/2022-12_table13_group10001.json,0d978726ee7cbecda0f6c4fefad2af079b1c1049b83694635860927c690ed1aa,raw/2022-12_table13_group10001_info.json,2e77c15bf551585ed6a1e741270f4f1aae7578ee184756bca23b9d83cec6aac4,caption_and_validated_request_info,Sektör,8,Bilanço Dışı Yükümlülükler,italic,1931839
2022-12,13,Yabanci Para Pozisyonu,10001,9,"Yabancı Para Pozisyonu (milyon TL), Dönem:2022/12",milyon TL,raw/2022-12_table13_group10001.json,0d978726ee7cbecda0f6c4fefad2af079b1c1049b83694635860927c690ed1aa,raw/2022-12_table13_group10001_info.json,2e77c15bf551585ed6a1e741270f4f1aae7578ee184756bca23b9d83cec6aac4,caption_and_validated_request_info,Sektör,9,Yabancı Para Net Genel Pozisyonu,,39506
2022-12,13,Yabanci Para Pozisyonu,10001,10,"Yabancı Para Pozisyonu (milyon TL), Dönem:2022/12",milyon TL,raw/2022-12_table13_group10001.json,0d978726ee7cbecda0f6c4fefad2af079b1c1049b83694635860927c690ed1aa,raw/2022-12_table13_group10001_info.json,2e77c15bf551585ed6a1e741270f4f1aae7578ee184756bca23b9d83cec6aac4,caption_and_validated_request_info,Sektör,10,Yasal Özkaynak,,1694608
2022-12,13,Yabanci Para Pozisyonu,10001,11,"Yabancı Para Pozisyonu (milyon TL), Dönem:2022/12",milyon TL,raw/2022-12_table13_group10001.json,0d978726ee7cbecda0f6c4fefad2af079b1c1049b83694635860927c690ed1aa,raw/2022-12_table13_group10001_info.json,2e77c15bf551585ed6a1e741270f4f1aae7578ee184756bca23b9d83cec6aac4,caption_and_validated_request_info,Sektör,11,Yabancı Para Net Genel Pozisyon / Yasal Özkaynak Standart Oranı (Yüzde),bold,2
2023-01,13,Yabanci Para Pozisyonu,10001,1,"Yabancı Para Pozisyonu (milyon TL), Dönem:2023/1",milyon TL,raw/2023-01_table13_group10001.json,de50f7d6e6b835649d3a994ceaf8a50d5a46169b28d94bc8ae8e436935799893,raw/2023-01_table13_group10001_info.json,5119615a657afb55be1c61861962265501684a4d10b0c3afee0e972082b6ccda,caption_and_validated_request_info,Sektör,1,Döviz Varlıkları Toplamı,bold,8620212
2023-01,13,Yabanci Para Pozisyonu,10001,2,"Yabancı Para Pozisyonu (milyon TL), Dönem:2023/1",milyon TL,raw/2023-01_table13_group10001.json,de50f7d6e6b835649d3a994ceaf8a50d5a46169b28d94bc8ae8e436935799893,raw/2023-01_table13_group10001_info.json,5119615a657afb55be1c61861962265501684a4d10b0c3afee0e972082b6ccda,caption_and_validated_request_info,Sektör,2,Bilanço İçi Varlıklar,italic,6118141
2023-01,13,Yabanci Para Pozisyonu,10001,3,"Yabancı Para Pozisyonu (milyon TL), Dönem:2023/1",milyon TL,raw/2023-01_table13_group10001.json,de50f7d6e6b835649d3a994ceaf8a50d5a46169b28d94bc8ae8e436935799893,raw/2023-01_table13_group10001_info.json,5119615a657afb55be1c61861962265501684a4d10b0c3afee0e972082b6ccda,caption_and_validated_request_info,Sektör,3,Dövize Endeksli Varlıklar,italic,8659
2023-01,13,Yabanci Para Pozisyonu,10001,4,"Yabancı Para Pozisyonu (milyon TL), Dönem:2023/1",milyon TL,raw/2023-01_table13_group10001.json,de50f7d6e6b835649d3a994ceaf8a50d5a46169b28d94bc8ae8e436935799893,raw/2023-01_table13_group10001_info.json,5119615a657afb55be1c61861962265501684a4d10b0c3afee0e972082b6ccda,caption_and_validated_request_info,Sektör,4,Bilanço Dışı Varlıklar,italic,2502071
2023-01,13,Yabanci Para Pozisyonu,10001,5,"Yabancı Para Pozisyonu (milyon TL), Dönem:2023/1",milyon TL,raw/2023-01_table13_group10001.json,de50f7d6e6b835649d3a994ceaf8a50d5a46169b28d94bc8ae8e436935799893,raw/2023-01_table13_group10001_info.json,5119615a657afb55be1c61861962265501684a4d10b0c3afee0e972082b6ccda,caption_and_validated_request_info,Sektör,5,Döviz Yükümlülükleri Toplamı,bold,8632558
2023-01,13,Yabanci Para Pozisyonu,10001,6,"Yabancı Para Pozisyonu (milyon TL), Dönem:2023/1",milyon TL,raw/2023-01_table13_group10001.json,de50f7d6e6b835649d3a994ceaf8a50d5a46169b28d94bc8ae8e436935799893,raw/2023-01_table13_group10001_info.json,5119615a657afb55be1c61861962265501684a4d10b0c3afee0e972082b6ccda,caption_and_validated_request_info,Sektör,6,Bilanço İçi Yükümlülükler,italic,6738281
2023-01,13,Yabanci Para Pozisyonu,10001,7,"Yabancı Para Pozisyonu (milyon TL), Dönem:2023/1",milyon TL,raw/2023-01_table13_group10001.json,de50f7d6e6b835649d3a994ceaf8a50d5a46169b28d94bc8ae8e436935799893,raw/2023-01_table13_group10001_info.json,5119615a657afb55be1c61861962265501684a4d10b0c3afee0e972082b6ccda,caption_and_validated_request_info,Sektör,7,Dövize Endeksli Yükümlülükler,italic,492
2023-01,13,Yabanci Para Pozisyonu,10001,8,"Yabancı Para Pozisyonu (milyon TL), Dönem:2023/1",milyon TL,raw/2023-01_table13_group10001.json,de50f7d6e6b835649d3a994ceaf8a50d5a46169b28d94bc8ae8e436935799893,raw/2023-01_table13_group10001_info.json,5119615a657afb55be1c61861962265501684a4d10b0c3afee0e972082b6ccda,caption_and_validated_request_info,Sektör,8,Bilanço Dışı Yükümlülükler,italic,1894277
2023-01,13,Yabanci Para Pozisyonu,10001,9,"Yabancı Para Pozisyonu (milyon TL), Dönem:2023/1",milyon TL,raw/2023-01_table13_group10001.json,de50f7d6e6b835649d3a994ceaf8a50d5a46169b28d94bc8ae8e436935799893,raw/2023-01_table13_group10001_info.json,5119615a657afb55be1c61861962265501684a4d10b0c3afee0e972082b6ccda,caption_and_validated_request_info,Sektör,9,Yabancı Para Net Genel Pozisyonu,,-12346
2023-01,13,Yabanci Para Pozisyonu,10001,10,"Yabancı Para Pozisyonu (milyon TL), Dönem:2023/1",milyon TL,raw/2023-01_table13_group10001.json,de50f7d6e6b835649d3a994ceaf8a50d5a46169b28d94bc8ae8e436935799893,raw/2023-01_table13_group10001_info.json,5119615a657afb55be1c61861962265501684a4d10b0c3afee0e972082b6ccda,caption_and_validated_request_info,Sektör,10,Yasal Özkaynak,,1744594
2023-01,13,Yabanci Para Pozisyonu,10001,11,"Yabancı Para Pozisyonu (milyon TL), Dönem:2023/1",milyon TL,raw/2023-01_table13_group10001.json,de50f7d6e6b835649d3a994ceaf8a50d5a46169b28d94bc8ae8e436935799893,raw/2023-01_table13_group10001_info.json,5119615a657afb55be1c61861962265501684a4d10b0c3afee0e972082b6ccda,caption_and_validated_request_info,Sektör,11,Yabancı Para Net Genel Pozisyon / Yasal Özkaynak Standart Oranı (Yüzde),bold,-1
2023-02,13,Yabanci Para Pozisyonu,10001,1,"Yabancı Para Pozisyonu (milyon TL), Dönem:2023/2",milyon TL,raw/2023-02_table13_group10001.json,0c013a90b37413d467b087cd5512052960e71609c711095cef95c989f3e1d618,raw/2023-02_table13_group10001_info.json,69d233f0f4692aff6cc8ebe4d7ae32a5bbca8ac4d950181c7e38be4813590155,caption_and_validated_request_info,Sektör,1,Döviz Varlıkları Toplamı,bold,8356048
2023-02,13,Yabanci Para Pozisyonu,10001,2,"Yabancı Para Pozisyonu (milyon TL), Dönem:2023/2",milyon TL,raw/2023-02_table13_group10001.json,0c013a90b37413d467b087cd5512052960e71609c711095cef95c989f3e1d618,raw/2023-02_table13_group10001_info.json,69d233f0f4692aff6cc8ebe4d7ae32a5bbca8ac4d950181c7e38be4813590155,caption_and_validated_request_info,Sektör,2,Bilanço İçi Varlıklar,italic,6040931
2023-02,13,Yabanci Para Pozisyonu,10001,3,"Yabancı Para Pozisyonu (milyon TL), Dönem:2023/2",milyon TL,raw/2023-02_table13_group10001.json,0c013a90b37413d467b087cd5512052960e71609c711095cef95c989f3e1d618,raw/2023-02_table13_group10001_info.json,69d233f0f4692aff6cc8ebe4d7ae32a5bbca8ac4d950181c7e38be4813590155,caption_and_validated_request_info,Sektör,3,Dövize Endeksli Varlıklar,italic,8351
2023-02,13,Yabanci Para Pozisyonu,10001,4,"Yabancı Para Pozisyonu (milyon TL), Dönem:2023/2",milyon TL,raw/2023-02_table13_group10001.json,0c013a90b37413d467b087cd5512052960e71609c711095cef95c989f3e1d618,raw/2023-02_table13_group10001_info.json,69d233f0f4692aff6cc8ebe4d7ae32a5bbca8ac4d950181c7e38be4813590155,caption_and_validated_request_info,Sektör,4,Bilanço Dışı Varlıklar,italic,2315116
2023-02,13,Yabanci Para Pozisyonu,10001,5,"Yabancı Para Pozisyonu (milyon TL), Dönem:2023/2",milyon TL,raw/2023-02_table13_group10001.json,0c013a90b37413d467b087cd5512052960e71609c711095cef95c989f3e1d618,raw/2023-02_table13_group10001_info.json,69d233f0f4692aff6cc8ebe4d7ae32a5bbca8ac4d950181c7e38be4813590155,caption_and_validated_request_info,Sektör,5,Döviz Yükümlülükleri Toplamı,bold,8375340
2023-02,13,Yabanci Para Pozisyonu,10001,6,"Yabancı Para Pozisyonu (milyon TL), Dönem:2023/2",milyon TL,raw/2023-02_table13_group10001.json,0c013a90b37413d467b087cd5512052960e71609c711095cef95c989f3e1d618,raw/2023-02_table13_group10001_info.json,69d233f0f4692aff6cc8ebe4d7ae32a5bbca8ac4d950181c7e38be4813590155,caption_and_validated_request_info,Sektör,6,Bilanço İçi Yükümlülükler,italic,6581317
2023-02,13,Yabanci Para Pozisyonu,10001,7,"Yabancı Para Pozisyonu (milyon TL), Dönem:2023/2",milyon TL,raw/2023-02_table13_group10001.json,0c013a90b37413d467b087cd5512052960e71609c711095cef95c989f3e1d618,raw/2023-02_table13_group10001_info.json,69d233f0f4692aff6cc8ebe4d7ae32a5bbca8ac4d950181c7e38be4813590155,caption_and_validated_request_info,Sektör,7,Dövize Endeksli Yükümlülükler,italic,444
2023-02,13,Yabanci Para Pozisyonu,10001,8,"Yabancı Para Pozisyonu (milyon TL), Dönem:2023/2",milyon TL,raw/2023-02_table13_group10001.json,0c013a90b37413d467b087cd5512052960e71609c711095cef95c989f3e1d618,raw/2023-02_table13_group10001_info.json,69d233f0f4692aff6cc8ebe4d7ae32a5bbca8ac4d950181c7e38be4813590155,caption_and_validated_request_info,Sektör,8,Bilanço Dışı Yükümlülükler,italic,1794023
2023-02,13,Yabanci Para Pozisyonu,10001,9,"Yabancı Para Pozisyonu (milyon TL), Dönem:2023/2",milyon TL,raw/2023-02_table13_group10001.json,0c013a90b37413d467b087cd5512052960e71609c711095cef95c989f3e1d618,raw/2023-02_table13_group10001_info.json,69d233f0f4692aff6cc8ebe4d7ae32a5bbca8ac4d950181c7e38be4813590155,caption_and_validated_request_info,Sektör,9,Yabancı Para Net Genel Pozisyonu,,-19293
2023-02,13,Yabanci Para Pozisyonu,10001,10,"Yabancı Para Pozisyonu (milyon TL), Dönem:2023/2",milyon TL,raw/2023-02_table13_group10001.json,0c013a90b37413d467b087cd5512052960e71609c711095cef95c989f3e1d618,raw/2023-02_table13_group10001_info.json,69d233f0f4692aff6cc8ebe4d7ae32a5bbca8ac4d950181c7e38be4813590155,caption_and_validated_request_info,Sektör,10,Yasal Özkaynak,,1784452
2023-02,13,Yabanci Para Pozisyonu,10001,11,"Yabancı Para Pozisyonu (milyon TL), Dönem:2023/2",milyon TL,raw/2023-02_table13_group10001.json,0c013a90b37413d467b087cd5512052960e71609c711095cef95c989f3e1d618,raw/2023-02_table13_group10001_info.json,69d233f0f4692aff6cc8ebe4d7ae32a5bbca8ac4d950181c7e38be4813590155,caption_and_validated_request_info,Sektör,11,Yabancı Para Net Genel Pozisyon / Yasal Özkaynak Standart Oranı (Yüzde),bold,-1
2023-03,13,Yabanci Para Pozisyonu,10001,1,"Yabancı Para Pozisyonu (milyon TL), Dönem:2023/3",milyon TL,raw/2023-03_table13_group10001.json,45fbf8de7c3cc0df27ae82d0e63913e639c84ba11b1c7e62cf411f0413e21884,raw/2023-03_table13_group10001_info.json,a03f01832ce8fb51199871e060c5cdce675da83e4417c427654f593ef7aeaaeb,caption_and_validated_request_info,Sektör,1,Döviz Varlıkları Toplamı,bold,8479843
2023-03,13,Yabanci Para Pozisyonu,10001,2,"Yabancı Para Pozisyonu (milyon TL), Dönem:2023/3",milyon TL,raw/2023-03_table13_group10001.json,45fbf8de7c3cc0df27ae82d0e63913e639c84ba11b1c7e62cf411f0413e21884,raw/2023-03_table13_group10001_info.json,a03f01832ce8fb51199871e060c5cdce675da83e4417c427654f593ef7aeaaeb,caption_and_validated_request_info,Sektör,2,Bilanço İçi Varlıklar,italic,6093046
2023-03,13,Yabanci Para Pozisyonu,10001,3,"Yabancı Para Pozisyonu (milyon TL), Dönem:2023/3",milyon TL,raw/2023-03_table13_group10001.json,45fbf8de7c3cc0df27ae82d0e63913e639c84ba11b1c7e62cf411f0413e21884,raw/2023-03_table13_group10001_info.json,a03f01832ce8fb51199871e060c5cdce675da83e4417c427654f593ef7aeaaeb,caption_and_validated_request_info,Sektör,3,Dövize Endeksli Varlıklar,italic,8267
2023-03,13,Yabanci Para Pozisyonu,10001,4,"Yabancı Para Pozisyonu (milyon TL), Dönem:2023/3",milyon TL,raw/2023-03_table13_group10001.json,45fbf8de7c3cc0df27ae82d0e63913e639c84ba11b1c7e62cf411f0413e21884,raw/2023-03_table13_group10001_info.json,a03f01832ce8fb51199871e060c5cdce675da83e4417c427654f593ef7aeaaeb,caption_and_validated_request_info,Sektör,4,Bilanço Dışı Varlıklar,italic,2386797
2023-03,13,Yabanci Para Pozisyonu,10001,5,"Yabancı Para Pozisyonu (milyon TL), Dönem:2023/3",milyon TL,raw/2023-03_table13_group10001.json,45fbf8de7c3cc0df27ae82d0e63913e639c84ba11b1c7e62cf411f0413e21884,raw/2023-03_table13_group10001_info.json,a03f01832ce8fb51199871e060c5cdce675da83e4417c427654f593ef7aeaaeb,caption_and_validated_request_info,Sektör,5,Döviz Yükümlülükleri Toplamı,bold,8473993
2023-03,13,Yabanci Para Pozisyonu,10001,6,"Yabancı Para Pozisyonu (milyon TL), Dönem:2023/3",milyon TL,raw/2023-03_table13_group10001.json,45fbf8de7c3cc0df27ae82d0e63913e639c84ba11b1c7e62cf411f0413e21884,raw/2023-03_table13_group10001_info.json,a03f01832ce8fb51199871e060c5cdce675da83e4417c427654f593ef7aeaaeb,caption_and_validated_request_info,Sektör,6,Bilanço İçi Yükümlülükler,italic,6664203
2023-03,13,Yabanci Para Pozisyonu,10001,7,"Yabancı Para Pozisyonu (milyon TL), Dönem:2023/3",milyon TL,raw/2023-03_table13_group10001.json,45fbf8de7c3cc0df27ae82d0e63913e639c84ba11b1c7e62cf411f0413e21884,raw/2023-03_table13_group10001_info.json,a03f01832ce8fb51199871e060c5cdce675da83e4417c427654f593ef7aeaaeb,caption_and_validated_request_info,Sektör,7,Dövize Endeksli Yükümlülükler,italic,420
2023-03,13,Yabanci Para Pozisyonu,10001,8,"Yabancı Para Pozisyonu (milyon TL), Dönem:2023/3",milyon TL,raw/2023-03_table13_group10001.json,45fbf8de7c3cc0df27ae82d0e63913e639c84ba11b1c7e62cf411f0413e21884,raw/2023-03_table13_group10001_info.json,a03f01832ce8fb51199871e060c5cdce675da83e4417c427654f593ef7aeaaeb,caption_and_validated_request_info,Sektör,8,Bilanço Dışı Yükümlülükler,italic,1809790
2023-03,13,Yabanci Para Pozisyonu,10001,9,"Yabancı Para Pozisyonu (milyon TL), Dönem:2023/3",milyon TL,raw/2023-03_table13_group10001.json,45fbf8de7c3cc0df27ae82d0e63913e639c84ba11b1c7e62cf411f0413e21884,raw/2023-03_table13_group10001_info.json,a03f01832ce8fb51199871e060c5cdce675da83e4417c427654f593ef7aeaaeb,caption_and_validated_request_info,Sektör,9,Yabancı Para Net Genel Pozisyonu,,5850
2023-03,13,Yabanci Para Pozisyonu,10001,10,"Yabancı Para Pozisyonu (milyon TL), Dönem:2023/3",milyon TL,raw/2023-03_table13_group10001.json,45fbf8de7c3cc0df27ae82d0e63913e639c84ba11b1c7e62cf411f0413e21884,raw/2023-03_table13_group10001_info.json,a03f01832ce8fb51199871e060c5cdce675da83e4417c427654f593ef7aeaaeb,caption_and_validated_request_info,Sektör,10,Yasal Özkaynak,,1848836
2023-03,13,Yabanci Para Pozisyonu,10001,11,"Yabancı Para Pozisyonu (milyon TL), Dönem:2023/3",milyon TL,raw/2023-03_table13_group10001.json,45fbf8de7c3cc0df27ae82d0e63913e639c84ba11b1c7e62cf411f0413e21884,raw/2023-03_table13_group10001_info.json,a03f01832ce8fb51199871e060c5cdce675da83e4417c427654f593ef7aeaaeb,caption_and_validated_request_info,Sektör,11,Yabancı Para Net Genel Pozisyon / Yasal Özkaynak Standart Oranı (Yüzde),bold,0
2023-04,13,Yabanci Para Pozisyonu,10001,1,"Yabancı Para Pozisyonu (milyon TL), Dönem:2023/4",milyon TL,raw/2023-04_table13_group10001.json,e52522ae7fe7b2924072fe989c346452ae078c22254836c9127148d3bdc8dddb,raw/2023-04_table13_group10001_info.json,ce49ed2df2ed7861fa9de7a81131a87919354c6557fac89579208bc116873742,caption_and_validated_request_info,Sektör,1,Döviz Varlıkları Toplamı,bold,8759789
2023-04,13,Yabanci Para Pozisyonu,10001,2,"Yabancı Para Pozisyonu (milyon TL), Dönem:2023/4",milyon TL,raw/2023-04_table13_group10001.json,e52522ae7fe7b2924072fe989c346452ae078c22254836c9127148d3bdc8dddb,raw/2023-04_table13_group10001_info.json,ce49ed2df2ed7861fa9de7a81131a87919354c6557fac89579208bc116873742,caption_and_validated_request_info,Sektör,2,Bilanço İçi Varlıklar,italic,6250914
2023-04,13,Yabanci Para Pozisyonu,10001,3,"Yabancı Para Pozisyonu (milyon TL), Dönem:2023/4",milyon TL,raw/2023-04_table13_group10001.json,e52522ae7fe7b2924072fe989c346452ae078c22254836c9127148d3bdc8dddb,raw/2023-04_table13_group10001_info.json,ce49ed2df2ed7861fa9de7a81131a87919354c6557fac89579208bc116873742,caption_and_validated_request_info,Sektör,3,Dövize Endeksli Varlıklar,italic,8133
2023-04,13,Yabanci Para Pozisyonu,10001,4,"Yabancı Para Pozisyonu (milyon TL), Dönem:2023/4",milyon TL,raw/2023-04_table13_group10001.json,e52522ae7fe7b2924072fe989c346452ae078c22254836c9127148d3bdc8dddb,raw/2023-04_table13_group10001_info.json,ce49ed2df2ed7861fa9de7a81131a87919354c6557fac89579208bc116873742,caption_and_validated_request_info,Sektör,4,Bilanço Dışı Varlıklar,italic,2508875
2023-04,13,Yabanci Para Pozisyonu,10001,5,"Yabancı Para Pozisyonu (milyon TL), Dönem:2023/4",milyon TL,raw/2023-04_table13_group10001.json,e52522ae7fe7b2924072fe989c346452ae078c22254836c9127148d3bdc8dddb,raw/2023-04_table13_group10001_info.json,ce49ed2df2ed7861fa9de7a81131a87919354c6557fac89579208bc116873742,caption_and_validated_request_info,Sektör,5,Döviz Yükümlülükleri Toplamı,bold,8760639
2023-04,13,Yabanci Para Pozisyonu,10001,6,"Yabancı Para Pozisyonu (milyon TL), Dönem:2023/4",milyon TL,raw/2023-04_table13_group10001.json,e52522ae7fe7b2924072fe989c346452ae078c22254836c9127148d3bdc8dddb,raw/2023-04_table13_group10001_info.json,ce49ed2df2ed7861fa9de7a81131a87919354c6557fac89579208bc116873742,caption_and_validated_request_info,Sektör,6,Bilanço İçi Yükümlülükler,italic,6831878
2023-04,13,Yabanci Para Pozisyonu,10001,7,"Yabancı Para Pozisyonu (milyon TL), Dönem:2023/4",milyon TL,raw/2023-04_table13_group10001.json,e52522ae7fe7b2924072fe989c346452ae078c22254836c9127148d3bdc8dddb,raw/2023-04_table13_group10001_info.json,ce49ed2df2ed7861fa9de7a81131a87919354c6557fac89579208bc116873742,caption_and_validated_request_info,Sektör,7,Dövize Endeksli Yükümlülükler,italic,427
2023-04,13,Yabanci Para Pozisyonu,10001,8,"Yabancı Para Pozisyonu (milyon TL), Dönem:2023/4",milyon TL,raw/2023-04_table13_group10001.json,e52522ae7fe7b2924072fe989c346452ae078c22254836c9127148d3bdc8dddb,raw/2023-04_table13_group10001_info.json,ce49ed2df2ed7861fa9de7a81131a87919354c6557fac89579208bc116873742,caption_and_validated_request_info,Sektör,8,Bilanço Dışı Yükümlülükler,italic,1928761
2023-04,13,Yabanci Para Pozisyonu,10001,9,"Yabancı Para Pozisyonu (milyon TL), Dönem:2023/4",milyon TL,raw/2023-04_table13_group10001.json,e52522ae7fe7b2924072fe989c346452ae078c22254836c9127148d3bdc8dddb,raw/2023-04_table13_group10001_info.json,ce49ed2df2ed7861fa9de7a81131a87919354c6557fac89579208bc116873742,caption_and_validated_request_info,Sektör,9,Yabancı Para Net Genel Pozisyonu,,-850
2023-04,13,Yabanci Para Pozisyonu,10001,10,"Yabancı Para Pozisyonu (milyon TL), Dönem:2023/4",milyon TL,raw/2023-04_table13_group10001.json,e52522ae7fe7b2924072fe989c346452ae078c22254836c9127148d3bdc8dddb,raw/2023-04_table13_group10001_info.json,ce49ed2df2ed7861fa9de7a81131a87919354c6557fac89579208bc116873742,caption_and_validated_request_info,Sektör,10,Yasal Özkaynak,,1926211
2023-04,13,Yabanci Para Pozisyonu,10001,11,"Yabancı Para Pozisyonu (milyon TL), Dönem:2023/4",milyon TL,raw/2023-04_table13_group10001.json,e52522ae7fe7b2924072fe989c346452ae078c22254836c9127148d3bdc8dddb,raw/2023-04_table13_group10001_info.json,ce49ed2df2ed7861fa9de7a81131a87919354c6557fac89579208bc116873742,caption_and_validated_request_info,Sektör,11,Yabancı Para Net Genel Pozisyon / Yasal Özkaynak Standart Oranı (Yüzde),bold,0
2023-05,13,Yabanci Para Pozisyonu,10001,1,"Yabancı Para Pozisyonu (milyon TL), Dönem:2023/5",milyon TL,raw/2023-05_table13_group10001.json,69156e6c50e0230832b9af5d00917ea331734ed23f26c74ebfa40e2ac1ddf232,raw/2023-05_table13_group10001_info.json,83c046e187aec7eb80444bd23222b9bb25eccecf55d1b02dbc4c502d90d74166,caption_and_validated_request_info,Sektör,1,Döviz Varlıkları Toplamı,bold,8954008
2023-05,13,Yabanci Para Pozisyonu,10001,2,"Yabancı Para Pozisyonu (milyon TL), Dönem:2023/5",milyon TL,raw/2023-05_table13_group10001.json,69156e6c50e0230832b9af5d00917ea331734ed23f26c74ebfa40e2ac1ddf232,raw/2023-05_table13_group10001_info.json,83c046e187aec7eb80444bd23222b9bb25eccecf55d1b02dbc4c502d90d74166,caption_and_validated_request_info,Sektör,2,Bilanço İçi Varlıklar,italic,6462807
2023-05,13,Yabanci Para Pozisyonu,10001,3,"Yabancı Para Pozisyonu (milyon TL), Dönem:2023/5",milyon TL,raw/2023-05_table13_group10001.json,69156e6c50e0230832b9af5d00917ea331734ed23f26c74ebfa40e2ac1ddf232,raw/2023-05_table13_group10001_info.json,83c046e187aec7eb80444bd23222b9bb25eccecf55d1b02dbc4c502d90d74166,caption_and_validated_request_info,Sektör,3,Dövize Endeksli Varlıklar,italic,8285
2023-05,13,Yabanci Para Pozisyonu,10001,4,"Yabancı Para Pozisyonu (milyon TL), Dönem:2023/5",milyon TL,raw/2023-05_table13_group10001.json,69156e6c50e0230832b9af5d00917ea331734ed23f26c74ebfa40e2ac1ddf232,raw/2023-05_table13_group10001_info.json,83c046e187aec7eb80444bd23222b9bb25eccecf55d1b02dbc4c502d90d74166,caption_and_validated_request_info,Sektör,4,Bilanço Dışı Varlıklar,italic,2491200
2023-05,13,Yabanci Para Pozisyonu,10001,5,"Yabancı Para Pozisyonu (milyon TL), Dönem:2023/5",milyon TL,raw/2023-05_table13_group10001.json,69156e6c50e0230832b9af5d00917ea331734ed23f26c74ebfa40e2ac1ddf232,raw/2023-05_table13_group10001_info.json,83c046e187aec7eb80444bd23222b9bb25eccecf55d1b02dbc4c502d90d74166,caption_and_validated_request_info,Sektör,5,Döviz Yükümlülükleri Toplamı,bold,8919067
2023-05,13,Yabanci Para Pozisyonu,10001,6,"Yabancı Para Pozisyonu (milyon TL), Dönem:2023/5",milyon TL,raw/2023-05_table13_group10001.json,69156e6c50e0230832b9af5d00917ea331734ed23f26c74ebfa40e2ac1ddf232,raw/2023-05_table13_group10001_info.json,83c046e187aec7eb80444bd23222b9bb25eccecf55d1b02dbc4c502d90d74166,caption_and_validated_request_info,Sektör,6,Bilanço İçi Yükümlülükler,italic,6985022
2023-05,13,Yabanci Para Pozisyonu,10001,7,"Yabancı Para Pozisyonu (milyon TL), Dönem:2023/5",milyon TL,raw/2023-05_table13_group10001.json,69156e6c50e0230832b9af5d00917ea331734ed23f26c74ebfa40e2ac1ddf232,raw/2023-05_table13_group10001_info.json,83c046e187aec7eb80444bd23222b9bb25eccecf55d1b02dbc4c502d90d74166,caption_and_validated_request_info,Sektör,7,Dövize Endeksli Yükümlülükler,italic,2532
2023-05,13,Yabanci Para Pozisyonu,10001,8,"Yabancı Para Pozisyonu (milyon TL), Dönem:2023/5",milyon TL,raw/2023-05_table13_group10001.json,69156e6c50e0230832b9af5d00917ea331734ed23f26c74ebfa40e2ac1ddf232,raw/2023-05_table13_group10001_info.json,83c046e187aec7eb80444bd23222b9bb25eccecf55d1b02dbc4c502d90d74166,caption_and_validated_request_info,Sektör,8,Bilanço Dışı Yükümlülükler,italic,1934045
2023-05,13,Yabanci Para Pozisyonu,10001,9,"Yabancı Para Pozisyonu (milyon TL), Dönem:2023/5",milyon TL,raw/2023-05_table13_group10001.json,69156e6c50e0230832b9af5d00917ea331734ed23f26c74ebfa40e2ac1ddf232,raw/2023-05_table13_group10001_info.json,83c046e187aec7eb80444bd23222b9bb25eccecf55d1b02dbc4c502d90d74166,caption_and_validated_request_info,Sektör,9,Yabancı Para Net Genel Pozisyonu,,34941
2023-05,13,Yabanci Para Pozisyonu,10001,10,"Yabancı Para Pozisyonu (milyon TL), Dönem:2023/5",milyon TL,raw/2023-05_table13_group10001.json,69156e6c50e0230832b9af5d00917ea331734ed23f26c74ebfa40e2ac1ddf232,raw/2023-05_table13_group10001_info.json,83c046e187aec7eb80444bd23222b9bb25eccecf55d1b02dbc4c502d90d74166,caption_and_validated_request_info,Sektör,10,Yasal Özkaynak,,1939252
2023-05,13,Yabanci Para Pozisyonu,10001,11,"Yabancı Para Pozisyonu (milyon TL), Dönem:2023/5",milyon TL,raw/2023-05_table13_group10001.json,69156e6c50e0230832b9af5d00917ea331734ed23f26c74ebfa40e2ac1ddf232,raw/2023-05_table13_group10001_info.json,83c046e187aec7eb80444bd23222b9bb25eccecf55d1b02dbc4c502d90d74166,caption_and_validated_request_info,Sektör,11,Yabancı Para Net Genel Pozisyon / Yasal Özkaynak Standart Oranı (Yüzde),bold,2
2023-06,13,Yabanci Para Pozisyonu,10001,1,"Yabancı Para Pozisyonu (milyon TL), Dönem:2023/6",milyon TL,raw/2023-06_table13_group10001.json,f20b687f8f21d292c3897a7e2616e3bb380fb765fe4dd0389108daecf8738f59,raw/2023-06_table13_group10001_info.json,87b04068331645095b7e3377ad453095b1a95bfd73a76b9bb5ba9b956f911ccf,caption_and_validated_request_info,Sektör,1,Döviz Varlıkları Toplamı,bold,10935600
2023-06,13,Yabanci Para Pozisyonu,10001,2,"Yabancı Para Pozisyonu (milyon TL), Dönem:2023/6",milyon TL,raw/2023-06_table13_group10001.json,f20b687f8f21d292c3897a7e2616e3bb380fb765fe4dd0389108daecf8738f59,raw/2023-06_table13_group10001_info.json,87b04068331645095b7e3377ad453095b1a95bfd73a76b9bb5ba9b956f911ccf,caption_and_validated_request_info,Sektör,2,Bilanço İçi Varlıklar,italic,7961946
2023-06,13,Yabanci Para Pozisyonu,10001,3,"Yabancı Para Pozisyonu (milyon TL), Dönem:2023/6",milyon TL,raw/2023-06_table13_group10001.json,f20b687f8f21d292c3897a7e2616e3bb380fb765fe4dd0389108daecf8738f59,raw/2023-06_table13_group10001_info.json,87b04068331645095b7e3377ad453095b1a95bfd73a76b9bb5ba9b956f911ccf,caption_and_validated_request_info,Sektör,3,Dövize Endeksli Varlıklar,italic,10114
2023-06,13,Yabanci Para Pozisyonu,10001,4,"Yabancı Para Pozisyonu (milyon TL), Dönem:2023/6",milyon TL,raw/2023-06_table13_group10001.json,f20b687f8f21d292c3897a7e2616e3bb380fb765fe4dd0389108daecf8738f59,raw/2023-06_table13_group10001_info.json,87b04068331645095b7e3377ad453095b1a95bfd73a76b9bb5ba9b956f911ccf,caption_and_validated_request_info,Sektör,4,Bilanço Dışı Varlıklar,italic,2973653
2023-06,13,Yabanci Para Pozisyonu,10001,5,"Yabancı Para Pozisyonu (milyon TL), Dönem:2023/6",milyon TL,raw/2023-06_table13_group10001.json,f20b687f8f21d292c3897a7e2616e3bb380fb765fe4dd0389108daecf8738f59,raw/2023-06_table13_group10001_info.json,87b04068331645095b7e3377ad453095b1a95bfd73a76b9bb5ba9b956f911ccf,caption_and_validated_request_info,Sektör,5,Döviz Yükümlülükleri Toplamı,bold,10829913
2023-06,13,Yabanci Para Pozisyonu,10001,6,"Yabancı Para Pozisyonu (milyon TL), Dönem:2023/6",milyon TL,raw/2023-06_table13_group10001.json,f20b687f8f21d292c3897a7e2616e3bb380fb765fe4dd0389108daecf8738f59,raw/2023-06_table13_group10001_info.json,87b04068331645095b7e3377ad453095b1a95bfd73a76b9bb5ba9b956f911ccf,caption_and_validated_request_info,Sektör,6,Bilanço İçi Yükümlülükler,italic,8692117
2023-06,13,Yabanci Para Pozisyonu,10001,7,"Yabancı Para Pozisyonu (milyon TL), Dönem:2023/6",milyon TL,raw/2023-06_table13_group10001.json,f20b687f8f21d292c3897a7e2616e3bb380fb765fe4dd0389108daecf8738f59,raw/2023-06_table13_group10001_info.json,87b04068331645095b7e3377ad453095b1a95bfd73a76b9bb5ba9b956f911ccf,caption_and_validated_request_info,Sektör,7,Dövize Endeksli Yükümlülükler,italic,11338
2023-06,13,Yabanci Para Pozisyonu,10001,8,"Yabancı Para Pozisyonu (milyon TL), Dönem:2023/6",milyon TL,raw/2023-06_table13_group10001.json,f20b687f8f21d292c3897a7e2616e3bb380fb765fe4dd0389108daecf8738f59,raw/2023-06_table13_group10001_info.json,87b04068331645095b7e3377ad453095b1a95bfd73a76b9bb5ba9b956f911ccf,caption_and_validated_request_info,Sektör,8,Bilanço Dışı Yükümlülükler,italic,2137796
2023-06,13,Yabanci Para Pozisyonu,10001,9,"Yabancı Para Pozisyonu (milyon TL), Dönem:2023/6",milyon TL,raw/2023-06_table13_group10001.json,f20b687f8f21d292c3897a7e2616e3bb380fb765fe4dd0389108daecf8738f59,raw/2023-06_table13_group10001_info.json,87b04068331645095b7e3377ad453095b1a95bfd73a76b9bb5ba9b956f911ccf,caption_and_validated_request_info,Sektör,9,Yabancı Para Net Genel Pozisyonu,,105687
2023-06,13,Yabanci Para Pozisyonu,10001,10,"Yabancı Para Pozisyonu (milyon TL), Dönem:2023/6",milyon TL,raw/2023-06_table13_group10001.json,f20b687f8f21d292c3897a7e2616e3bb380fb765fe4dd0389108daecf8738f59,raw/2023-06_table13_group10001_info.json,87b04068331645095b7e3377ad453095b1a95bfd73a76b9bb5ba9b956f911ccf,caption_and_validated_request_info,Sektör,10,Yasal Özkaynak,,2032840
2023-06,13,Yabanci Para Pozisyonu,10001,11,"Yabancı Para Pozisyonu (milyon TL), Dönem:2023/6",milyon TL,raw/2023-06_table13_group10001.json,f20b687f8f21d292c3897a7e2616e3bb380fb765fe4dd0389108daecf8738f59,raw/2023-06_table13_group10001_info.json,87b04068331645095b7e3377ad453095b1a95bfd73a76b9bb5ba9b956f911ccf,caption_and_validated_request_info,Sektör,11,Yabancı Para Net Genel Pozisyon / Yasal Özkaynak Standart Oranı (Yüzde),bold,5
2023-07,13,Yabanci Para Pozisyonu,10001,1,"Yabancı Para Pozisyonu (milyon TL), Dönem:2023/7",milyon TL,raw/2023-07_table13_group10001.json,c5a8e2e3bbb4e19b3d18ac70d7c333644684db49f11dfae993fc79150a65ec6c,raw/2023-07_table13_group10001_info.json,8f762c467308eacc1203dd777c295c81f2f1c92e44b5bc4f81b6fd1c8d1faca7,caption_and_validated_request_info,Sektör,1,Döviz Varlıkları Toplamı,bold,11519685
2023-07,13,Yabanci Para Pozisyonu,10001,2,"Yabancı Para Pozisyonu (milyon TL), Dönem:2023/7",milyon TL,raw/2023-07_table13_group10001.json,c5a8e2e3bbb4e19b3d18ac70d7c333644684db49f11dfae993fc79150a65ec6c,raw/2023-07_table13_group10001_info.json,8f762c467308eacc1203dd777c295c81f2f1c92e44b5bc4f81b6fd1c8d1faca7,caption_and_validated_request_info,Sektör,2,Bilanço İçi Varlıklar,italic,8359574
2023-07,13,Yabanci Para Pozisyonu,10001,3,"Yabancı Para Pozisyonu (milyon TL), Dönem:2023/7",milyon TL,raw/2023-07_table13_group10001.json,c5a8e2e3bbb4e19b3d18ac70d7c333644684db49f11dfae993fc79150a65ec6c,raw/2023-07_table13_group10001_info.json,8f762c467308eacc1203dd777c295c81f2f1c92e44b5bc4f81b6fd1c8d1faca7,caption_and_validated_request_info,Sektör,3,Dövize Endeksli Varlıklar,italic,10165
2023-07,13,Yabanci Para Pozisyonu,10001,4,"Yabancı Para Pozisyonu (milyon TL), Dönem:2023/7",milyon TL,raw/2023-07_table13_group10001.json,c5a8e2e3bbb4e19b3d18ac70d7c333644684db49f11dfae993fc79150a65ec6c,raw/2023-07_table13_group10001_info.json,8f762c467308eacc1203dd777c295c81f2f1c92e44b5bc4f81b6fd1c8d1faca7,caption_and_validated_request_info,Sektör,4,Bilanço Dışı Varlıklar,italic,3160111
2023-07,13,Yabanci Para Pozisyonu,10001,5,"Yabancı Para Pozisyonu (milyon TL), Dönem:2023/7",milyon TL,raw/2023-07_table13_group10001.json,c5a8e2e3bbb4e19b3d18ac70d7c333644684db49f11dfae993fc79150a65ec6c,raw/2023-07_table13_group10001_info.json,8f762c467308eacc1203dd777c295c81f2f1c92e44b5bc4f81b6fd1c8d1faca7,caption_and_validated_request_info,Sektör,5,Döviz Yükümlülükleri Toplamı,bold,11395512
2023-07,13,Yabanci Para Pozisyonu,10001,6,"Yabancı Para Pozisyonu (milyon TL), Dönem:2023/7",milyon TL,raw/2023-07_table13_group10001.json,c5a8e2e3bbb4e19b3d18ac70d7c333644684db49f11dfae993fc79150a65ec6c,raw/2023-07_table13_group10001_info.json,8f762c467308eacc1203dd777c295c81f2f1c92e44b5bc4f81b6fd1c8d1faca7,caption_and_validated_request_info,Sektör,6,Bilanço İçi Yükümlülükler,italic,9067976
2023-07,13,Yabanci Para Pozisyonu,10001,7,"Yabancı Para Pozisyonu (milyon TL), Dönem:2023/7",milyon TL,raw/2023-07_table13_group10001.json,c5a8e2e3bbb4e19b3d18ac70d7c333644684db49f11dfae993fc79150a65ec6c,raw/2023-07_table13_group10001_info.json,8f762c467308eacc1203dd777c295c81f2f1c92e44b5bc4f81b6fd1c8d1faca7,caption_and_validated_request_info,Sektör,7,Dövize Endeksli Yükümlülükler,italic,11927
2023-07,13,Yabanci Para Pozisyonu,10001,8,"Yabancı Para Pozisyonu (milyon TL), Dönem:2023/7",milyon TL,raw/2023-07_table13_group10001.json,c5a8e2e3bbb4e19b3d18ac70d7c333644684db49f11dfae993fc79150a65ec6c,raw/2023-07_table13_group10001_info.json,8f762c467308eacc1203dd777c295c81f2f1c92e44b5bc4f81b6fd1c8d1faca7,caption_and_validated_request_info,Sektör,8,Bilanço Dışı Yükümlülükler,italic,2327537
2023-07,13,Yabanci Para Pozisyonu,10001,9,"Yabancı Para Pozisyonu (milyon TL), Dönem:2023/7",milyon TL,raw/2023-07_table13_group10001.json,c5a8e2e3bbb4e19b3d18ac70d7c333644684db49f11dfae993fc79150a65ec6c,raw/2023-07_table13_group10001_info.json,8f762c467308eacc1203dd777c295c81f2f1c92e44b5bc4f81b6fd1c8d1faca7,caption_and_validated_request_info,Sektör,9,Yabancı Para Net Genel Pozisyonu,,124173
2023-07,13,Yabanci Para Pozisyonu,10001,10,"Yabancı Para Pozisyonu (milyon TL), Dönem:2023/7",milyon TL,raw/2023-07_table13_group10001.json,c5a8e2e3bbb4e19b3d18ac70d7c333644684db49f11dfae993fc79150a65ec6c,raw/2023-07_table13_group10001_info.json,8f762c467308eacc1203dd777c295c81f2f1c92e44b5bc4f81b6fd1c8d1faca7,caption_and_validated_request_info,Sektör,10,Yasal Özkaynak,,2181555
2023-07,13,Yabanci Para Pozisyonu,10001,11,"Yabancı Para Pozisyonu (milyon TL), Dönem:2023/7",milyon TL,raw/2023-07_table13_group10001.json,c5a8e2e3bbb4e19b3d18ac70d7c333644684db49f11dfae993fc79150a65ec6c,raw/2023-07_table13_group10001_info.json,8f762c467308eacc1203dd777c295c81f2f1c92e44b5bc4f81b6fd1c8d1faca7,caption_and_validated_request_info,Sektör,11,Yabancı Para Net Genel Pozisyon / Yasal Özkaynak Standart Oranı (Yüzde),bold,6
2023-08,13,Yabanci Para Pozisyonu,10001,1,"Yabancı Para Pozisyonu (milyon TL), Dönem:2023/8",milyon TL,raw/2023-08_table13_group10001.json,17eda7b31fcde8d08f02779ed6503bca50d2b37dd7a67b354db7bc5ff03b69cb,raw/2023-08_table13_group10001_info.json,81e764c665e31a4f1e377d1494ac2021841467db9e3595484485e09deac0bf35,caption_and_validated_request_info,Sektör,1,Döviz Varlıkları Toplamı,bold,11561931
2023-08,13,Yabanci Para Pozisyonu,10001,2,"Yabancı Para Pozisyonu (milyon TL), Dönem:2023/8",milyon TL,raw/2023-08_table13_group10001.json,17eda7b31fcde8d08f02779ed6503bca50d2b37dd7a67b354db7bc5ff03b69cb,raw/2023-08_table13_group10001_info.json,81e764c665e31a4f1e377d1494ac2021841467db9e3595484485e09deac0bf35,caption_and_validated_request_info,Sektör,2,Bilanço İçi Varlıklar,italic,8265830
2023-08,13,Yabanci Para Pozisyonu,10001,3,"Yabancı Para Pozisyonu (milyon TL), Dönem:2023/8",milyon TL,raw/2023-08_table13_group10001.json,17eda7b31fcde8d08f02779ed6503bca50d2b37dd7a67b354db7bc5ff03b69cb,raw/2023-08_table13_group10001_info.json,81e764c665e31a4f1e377d1494ac2021841467db9e3595484485e09deac0bf35,caption_and_validated_request_info,Sektör,3,Dövize Endeksli Varlıklar,italic,9410
2023-08,13,Yabanci Para Pozisyonu,10001,4,"Yabancı Para Pozisyonu (milyon TL), Dönem:2023/8",milyon TL,raw/2023-08_table13_group10001.json,17eda7b31fcde8d08f02779ed6503bca50d2b37dd7a67b354db7bc5ff03b69cb,raw/2023-08_table13_group10001_info.json,81e764c665e31a4f1e377d1494ac2021841467db9e3595484485e09deac0bf35,caption_and_validated_request_info,Sektör,4,Bilanço Dışı Varlıklar,italic,3296102
2023-08,13,Yabanci Para Pozisyonu,10001,5,"Yabancı Para Pozisyonu (milyon TL), Dönem:2023/8",milyon TL,raw/2023-08_table13_group10001.json,17eda7b31fcde8d08f02779ed6503bca50d2b37dd7a67b354db7bc5ff03b69cb,raw/2023-08_table13_group10001_info.json,81e764c665e31a4f1e377d1494ac2021841467db9e3595484485e09deac0bf35,caption_and_validated_request_info,Sektör,5,Döviz Yükümlülükleri Toplamı,bold,11421863
2023-08,13,Yabanci Para Pozisyonu,10001,6,"Yabancı Para Pozisyonu (milyon TL), Dönem:2023/8",milyon TL,raw/2023-08_table13_group10001.json,17eda7b31fcde8d08f02779ed6503bca50d2b37dd7a67b354db7bc5ff03b69cb,raw/2023-08_table13_group10001_info.json,81e764c665e31a4f1e377d1494ac2021841467db9e3595484485e09deac0bf35,caption_and_validated_request_info,Sektör,6,Bilanço İçi Yükümlülükler,italic,9205337
2023-08,13,Yabanci Para Pozisyonu,10001,7,"Yabancı Para Pozisyonu (milyon TL), Dönem:2023/8",milyon TL,raw/2023-08_table13_group10001.json,17eda7b31fcde8d08f02779ed6503bca50d2b37dd7a67b354db7bc5ff03b69cb,raw/2023-08_table13_group10001_info.json,81e764c665e31a4f1e377d1494ac2021841467db9e3595484485e09deac0bf35,caption_and_validated_request_info,Sektör,7,Dövize Endeksli Yükümlülükler,italic,10191
2023-08,13,Yabanci Para Pozisyonu,10001,8,"Yabancı Para Pozisyonu (milyon TL), Dönem:2023/8",milyon TL,raw/2023-08_table13_group10001.json,17eda7b31fcde8d08f02779ed6503bca50d2b37dd7a67b354db7bc5ff03b69cb,raw/2023-08_table13_group10001_info.json,81e764c665e31a4f1e377d1494ac2021841467db9e3595484485e09deac0bf35,caption_and_validated_request_info,Sektör,8,Bilanço Dışı Yükümlülükler,italic,2216526
2023-08,13,Yabanci Para Pozisyonu,10001,9,"Yabancı Para Pozisyonu (milyon TL), Dönem:2023/8",milyon TL,raw/2023-08_table13_group10001.json,17eda7b31fcde8d08f02779ed6503bca50d2b37dd7a67b354db7bc5ff03b69cb,raw/2023-08_table13_group10001_info.json,81e764c665e31a4f1e377d1494ac2021841467db9e3595484485e09deac0bf35,caption_and_validated_request_info,Sektör,9,Yabancı Para Net Genel Pozisyonu,,140068
2023-08,13,Yabanci Para Pozisyonu,10001,10,"Yabancı Para Pozisyonu (milyon TL), Dönem:2023/8",milyon TL,raw/2023-08_table13_group10001.json,17eda7b31fcde8d08f02779ed6503bca50d2b37dd7a67b354db7bc5ff03b69cb,raw/2023-08_table13_group10001_info.json,81e764c665e31a4f1e377d1494ac2021841467db9e3595484485e09deac0bf35,caption_and_validated_request_info,Sektör,10,Yasal Özkaynak,,2276087
2023-08,13,Yabanci Para Pozisyonu,10001,11,"Yabancı Para Pozisyonu (milyon TL), Dönem:2023/8",milyon TL,raw/2023-08_table13_group10001.json,17eda7b31fcde8d08f02779ed6503bca50d2b37dd7a67b354db7bc5ff03b69cb,raw/2023-08_table13_group10001_info.json,81e764c665e31a4f1e377d1494ac2021841467db9e3595484485e09deac0bf35,caption_and_validated_request_info,Sektör,11,Yabancı Para Net Genel Pozisyon / Yasal Özkaynak Standart Oranı (Yüzde),bold,6
2023-09,13,Yabanci Para Pozisyonu,10001,1,"Yabancı Para Pozisyonu (milyon TL), Dönem:2023/9",milyon TL,raw/2023-09_table13_group10001.json,f37034ed16a43467bad8b30b2256ef3884b584bd9c554883aee530c74d586303,raw/2023-09_table13_group10001_info.json,3b39539c0ff52362d68aeb4174b63ccac9a987237dbab5158dbb1def1f9150d4,caption_and_validated_request_info,Sektör,1,Döviz Varlıkları Toplamı,bold,11724727
2023-09,13,Yabanci Para Pozisyonu,10001,2,"Yabancı Para Pozisyonu (milyon TL), Dönem:2023/9",milyon TL,raw/2023-09_table13_group10001.json,f37034ed16a43467bad8b30b2256ef3884b584bd9c554883aee530c74d586303,raw/2023-09_table13_group10001_info.json,3b39539c0ff52362d68aeb4174b63ccac9a987237dbab5158dbb1def1f9150d4,caption_and_validated_request_info,Sektör,2,Bilanço İçi Varlıklar,italic,8249977
2023-09,13,Yabanci Para Pozisyonu,10001,3,"Yabancı Para Pozisyonu (milyon TL), Dönem:2023/9",milyon TL,raw/2023-09_table13_group10001.json,f37034ed16a43467bad8b30b2256ef3884b584bd9c554883aee530c74d586303,raw/2023-09_table13_group10001_info.json,3b39539c0ff52362d68aeb4174b63ccac9a987237dbab5158dbb1def1f9150d4,caption_and_validated_request_info,Sektör,3,Dövize Endeksli Varlıklar,italic,8957
2023-09,13,Yabanci Para Pozisyonu,10001,4,"Yabancı Para Pozisyonu (milyon TL), Dönem:2023/9",milyon TL,raw/2023-09_table13_group10001.json,f37034ed16a43467bad8b30b2256ef3884b584bd9c554883aee530c74d586303,raw/2023-09_table13_group10001_info.json,3b39539c0ff52362d68aeb4174b63ccac9a987237dbab5158dbb1def1f9150d4,caption_and_validated_request_info,Sektör,4,Bilanço Dışı Varlıklar,italic,3474750
2023-09,13,Yabanci Para Pozisyonu,10001,5,"Yabancı Para Pozisyonu (milyon TL), Dönem:2023/9",milyon TL,raw/2023-09_table13_group10001.json,f37034ed16a43467bad8b30b2256ef3884b584bd9c554883aee530c74d586303,raw/2023-09_table13_group10001_info.json,3b39539c0ff52362d68aeb4174b63ccac9a987237dbab5158dbb1def1f9150d4,caption_and_validated_request_info,Sektör,5,Döviz Yükümlülükleri Toplamı,bold,11593963
2023-09,13,Yabanci Para Pozisyonu,10001,6,"Yabancı Para Pozisyonu (milyon TL), Dönem:2023/9",milyon TL,raw/2023-09_table13_group10001.json,f37034ed16a43467bad8b30b2256ef3884b584bd9c554883aee530c74d586303,raw/2023-09_table13_group10001_info.json,3b39539c0ff52362d68aeb4174b63ccac9a987237dbab5158dbb1def1f9150d4,caption_and_validated_request_info,Sektör,6,Bilanço İçi Yükümlülükler,italic,9265198
2023-09,13,Yabanci Para Pozisyonu,10001,7,"Yabancı Para Pozisyonu (milyon TL), Dönem:2023/9",milyon TL,raw/2023-09_table13_group10001.json,f37034ed16a43467bad8b30b2256ef3884b584bd9c554883aee530c74d586303,raw/2023-09_table13_group10001_info.json,3b39539c0ff52362d68aeb4174b63ccac9a987237dbab5158dbb1def1f9150d4,caption_and_validated_request_info,Sektör,7,Dövize Endeksli Yükümlülükler,italic,10140
2023-09,13,Yabanci Para Pozisyonu,10001,8,"Yabancı Para Pozisyonu (milyon TL), Dönem:2023/9",milyon TL,raw/2023-09_table13_group10001.json,f37034ed16a43467bad8b30b2256ef3884b584bd9c554883aee530c74d586303,raw/2023-09_table13_group10001_info.json,3b39539c0ff52362d68aeb4174b63ccac9a987237dbab5158dbb1def1f9150d4,caption_and_validated_request_info,Sektör,8,Bilanço Dışı Yükümlülükler,italic,2328765
2023-09,13,Yabanci Para Pozisyonu,10001,9,"Yabancı Para Pozisyonu (milyon TL), Dönem:2023/9",milyon TL,raw/2023-09_table13_group10001.json,f37034ed16a43467bad8b30b2256ef3884b584bd9c554883aee530c74d586303,raw/2023-09_table13_group10001_info.json,3b39539c0ff52362d68aeb4174b63ccac9a987237dbab5158dbb1def1f9150d4,caption_and_validated_request_info,Sektör,9,Yabancı Para Net Genel Pozisyonu,,130764
2023-09,13,Yabanci Para Pozisyonu,10001,10,"Yabancı Para Pozisyonu (milyon TL), Dönem:2023/9",milyon TL,raw/2023-09_table13_group10001.json,f37034ed16a43467bad8b30b2256ef3884b584bd9c554883aee530c74d586303,raw/2023-09_table13_group10001_info.json,3b39539c0ff52362d68aeb4174b63ccac9a987237dbab5158dbb1def1f9150d4,caption_and_validated_request_info,Sektör,10,Yasal Özkaynak,,2338048
2023-09,13,Yabanci Para Pozisyonu,10001,11,"Yabancı Para Pozisyonu (milyon TL), Dönem:2023/9",milyon TL,raw/2023-09_table13_group10001.json,f37034ed16a43467bad8b30b2256ef3884b584bd9c554883aee530c74d586303,raw/2023-09_table13_group10001_info.json,3b39539c0ff52362d68aeb4174b63ccac9a987237dbab5158dbb1def1f9150d4,caption_and_validated_request_info,Sektör,11,Yabancı Para Net Genel Pozisyon / Yasal Özkaynak Standart Oranı (Yüzde),bold,6
2023-10,13,Yabanci Para Pozisyonu,10001,1,"Yabancı Para Pozisyonu (milyon TL), Dönem:2023/10",milyon TL,raw/2023-10_table13_group10001.json,08732c8b3bede902457d5a88acbac066eea6414a8703e347a5d4908c1475a96b,raw/2023-10_table13_group10001_info.json,534c0fade81f3e6cf2c495c3c6344afff5a7bcb656b18fa2d4fe3348ee073138,caption_and_validated_request_info,Sektör,1,Döviz Varlıkları Toplamı,bold,12313563
2023-10,13,Yabanci Para Pozisyonu,10001,2,"Yabancı Para Pozisyonu (milyon TL), Dönem:2023/10",milyon TL,raw/2023-10_table13_group10001.json,08732c8b3bede902457d5a88acbac066eea6414a8703e347a5d4908c1475a96b,raw/2023-10_table13_group10001_info.json,534c0fade81f3e6cf2c495c3c6344afff5a7bcb656b18fa2d4fe3348ee073138,caption_and_validated_request_info,Sektör,2,Bilanço İçi Varlıklar,italic,8537372
2023-10,13,Yabanci Para Pozisyonu,10001,3,"Yabancı Para Pozisyonu (milyon TL), Dönem:2023/10",milyon TL,raw/2023-10_table13_group10001.json,08732c8b3bede902457d5a88acbac066eea6414a8703e347a5d4908c1475a96b,raw/2023-10_table13_group10001_info.json,534c0fade81f3e6cf2c495c3c6344afff5a7bcb656b18fa2d4fe3348ee073138,caption_and_validated_request_info,Sektör,3,Dövize Endeksli Varlıklar,italic,8932
2023-10,13,Yabanci Para Pozisyonu,10001,4,"Yabancı Para Pozisyonu (milyon TL), Dönem:2023/10",milyon TL,raw/2023-10_table13_group10001.json,08732c8b3bede902457d5a88acbac066eea6414a8703e347a5d4908c1475a96b,raw/2023-10_table13_group10001_info.json,534c0fade81f3e6cf2c495c3c6344afff5a7bcb656b18fa2d4fe3348ee073138,caption_and_validated_request_info,Sektör,4,Bilanço Dışı Varlıklar,italic,3776192
2023-10,13,Yabanci Para Pozisyonu,10001,5,"Yabancı Para Pozisyonu (milyon TL), Dönem:2023/10",milyon TL,raw/2023-10_table13_group10001.json,08732c8b3bede902457d5a88acbac066eea6414a8703e347a5d4908c1475a96b,raw/2023-10_table13_group10001_info.json,534c0fade81f3e6cf2c495c3c6344afff5a7bcb656b18fa2d4fe3348ee073138,caption_and_validated_request_info,Sektör,5,Döviz Yükümlülükleri Toplamı,bold,12179984
2023-10,13,Yabanci Para Pozisyonu,10001,6,"Yabancı Para Pozisyonu (milyon TL), Dönem:2023/10",milyon TL,raw/2023-10_table13_group10001.json,08732c8b3bede902457d5a88acbac066eea6414a8703e347a5d4908c1475a96b,raw/2023-10_table13_group10001_info.json,534c0fade81f3e6cf2c495c3c6344afff5a7bcb656b18fa2d4fe3348ee073138,caption_and_validated_request_info,Sektör,6,Bilanço İçi Yükümlülükler,italic,9722660
2023-10,13,Yabanci Para Pozisyonu,10001,7,"Yabancı Para Pozisyonu (milyon TL), Dönem:2023/10",milyon TL,raw/2023-10_table13_group10001.json,08732c8b3bede902457d5a88acbac066eea6414a8703e347a5d4908c1475a96b,raw/2023-10_table13_group10001_info.json,534c0fade81f3e6cf2c495c3c6344afff5a7bcb656b18fa2d4fe3348ee073138,caption_and_validated_request_info,Sektör,7,Dövize Endeksli Yükümlülükler,italic,13093
2023-10,13,Yabanci Para Pozisyonu,10001,8,"Yabancı Para Pozisyonu (milyon TL), Dönem:2023/10",milyon TL,raw/2023-10_table13_group10001.json,08732c8b3bede902457d5a88acbac066eea6414a8703e347a5d4908c1475a96b,raw/2023-10_table13_group10001_info.json,534c0fade81f3e6cf2c495c3c6344afff5a7bcb656b18fa2d4fe3348ee073138,caption_and_validated_request_info,Sektör,8,Bilanço Dışı Yükümlülükler,italic,2457324
2023-10,13,Yabanci Para Pozisyonu,10001,9,"Yabancı Para Pozisyonu (milyon TL), Dönem:2023/10",milyon TL,raw/2023-10_table13_group10001.json,08732c8b3bede902457d5a88acbac066eea6414a8703e347a5d4908c1475a96b,raw/2023-10_table13_group10001_info.json,534c0fade81f3e6cf2c495c3c6344afff5a7bcb656b18fa2d4fe3348ee073138,caption_and_validated_request_info,Sektör,9,Yabancı Para Net Genel Pozisyonu,,133579
2023-10,13,Yabanci Para Pozisyonu,10001,10,"Yabancı Para Pozisyonu (milyon TL), Dönem:2023/10",milyon TL,raw/2023-10_table13_group10001.json,08732c8b3bede902457d5a88acbac066eea6414a8703e347a5d4908c1475a96b,raw/2023-10_table13_group10001_info.json,534c0fade81f3e6cf2c495c3c6344afff5a7bcb656b18fa2d4fe3348ee073138,caption_and_validated_request_info,Sektör,10,Yasal Özkaynak,,2382799
2023-10,13,Yabanci Para Pozisyonu,10001,11,"Yabancı Para Pozisyonu (milyon TL), Dönem:2023/10",milyon TL,raw/2023-10_table13_group10001.json,08732c8b3bede902457d5a88acbac066eea6414a8703e347a5d4908c1475a96b,raw/2023-10_table13_group10001_info.json,534c0fade81f3e6cf2c495c3c6344afff5a7bcb656b18fa2d4fe3348ee073138,caption_and_validated_request_info,Sektör,11,Yabancı Para Net Genel Pozisyon / Yasal Özkaynak Standart Oranı (Yüzde),bold,6
2023-11,13,Yabanci Para Pozisyonu,10001,1,"Yabancı Para Pozisyonu (milyon TL), Dönem:2023/11",milyon TL,raw/2023-11_table13_group10001.json,4194fcd5421025bf65baac6c1eb7d4baffaf0def659fc7ad69e3504abb4032a0,raw/2023-11_table13_group10001_info.json,0449ad0686cd0d4626fa6a971287eed1a4d0ab04f39905bf21d2ff846bb3c4a1,caption_and_validated_request_info,Sektör,1,Döviz Varlıkları Toplamı,bold,12917393
2023-11,13,Yabanci Para Pozisyonu,10001,2,"Yabancı Para Pozisyonu (milyon TL), Dönem:2023/11",milyon TL,raw/2023-11_table13_group10001.json,4194fcd5421025bf65baac6c1eb7d4baffaf0def659fc7ad69e3504abb4032a0,raw/2023-11_table13_group10001_info.json,0449ad0686cd0d4626fa6a971287eed1a4d0ab04f39905bf21d2ff846bb3c4a1,caption_and_validated_request_info,Sektör,2,Bilanço İçi Varlıklar,italic,8880027
2023-11,13,Yabanci Para Pozisyonu,10001,3,"Yabancı Para Pozisyonu (milyon TL), Dönem:2023/11",milyon TL,raw/2023-11_table13_group10001.json,4194fcd5421025bf65baac6c1eb7d4baffaf0def659fc7ad69e3504abb4032a0,raw/2023-11_table13_group10001_info.json,0449ad0686cd0d4626fa6a971287eed1a4d0ab04f39905bf21d2ff846bb3c4a1,caption_and_validated_request_info,Sektör,3,Dövize Endeksli Varlıklar,italic,8947
2023-11,13,Yabanci Para Pozisyonu,10001,4,"Yabancı Para Pozisyonu (milyon TL), Dönem:2023/11",milyon TL,raw/2023-11_table13_group10001.json,4194fcd5421025bf65baac6c1eb7d4baffaf0def659fc7ad69e3504abb4032a0,raw/2023-11_table13_group10001_info.json,0449ad0686cd0d4626fa6a971287eed1a4d0ab04f39905bf21d2ff846bb3c4a1,caption_and_validated_request_info,Sektör,4,Bilanço Dışı Varlıklar,italic,4037366
2023-11,13,Yabanci Para Pozisyonu,10001,5,"Yabancı Para Pozisyonu (milyon TL), Dönem:2023/11",milyon TL,raw/2023-11_table13_group10001.json,4194fcd5421025bf65baac6c1eb7d4baffaf0def659fc7ad69e3504abb4032a0,raw/2023-11_table13_group10001_info.json,0449ad0686cd0d4626fa6a971287eed1a4d0ab04f39905bf21d2ff846bb3c4a1,caption_and_validated_request_info,Sektör,5,Döviz Yükümlülükleri Toplamı,bold,12791789
2023-11,13,Yabanci Para Pozisyonu,10001,6,"Yabancı Para Pozisyonu (milyon TL), Dönem:2023/11",milyon TL,raw/2023-11_table13_group10001.json,4194fcd5421025bf65baac6c1eb7d4baffaf0def659fc7ad69e3504abb4032a0,raw/2023-11_table13_group10001_info.json,0449ad0686cd0d4626fa6a971287eed1a4d0ab04f39905bf21d2ff846bb3c4a1,caption_and_validated_request_info,Sektör,6,Bilanço İçi Yükümlülükler,italic,10131188
2023-11,13,Yabanci Para Pozisyonu,10001,7,"Yabancı Para Pozisyonu (milyon TL), Dönem:2023/11",milyon TL,raw/2023-11_table13_group10001.json,4194fcd5421025bf65baac6c1eb7d4baffaf0def659fc7ad69e3504abb4032a0,raw/2023-11_table13_group10001_info.json,0449ad0686cd0d4626fa6a971287eed1a4d0ab04f39905bf21d2ff846bb3c4a1,caption_and_validated_request_info,Sektör,7,Dövize Endeksli Yükümlülükler,italic,14753
2023-11,13,Yabanci Para Pozisyonu,10001,8,"Yabancı Para Pozisyonu (milyon TL), Dönem:2023/11",milyon TL,raw/2023-11_table13_group10001.json,4194fcd5421025bf65baac6c1eb7d4baffaf0def659fc7ad69e3504abb4032a0,raw/2023-11_table13_group10001_info.json,0449ad0686cd0d4626fa6a971287eed1a4d0ab04f39905bf21d2ff846bb3c4a1,caption_and_validated_request_info,Sektör,8,Bilanço Dışı Yükümlülükler,italic,2660602
2023-11,13,Yabanci Para Pozisyonu,10001,9,"Yabancı Para Pozisyonu (milyon TL), Dönem:2023/11",milyon TL,raw/2023-11_table13_group10001.json,4194fcd5421025bf65baac6c1eb7d4baffaf0def659fc7ad69e3504abb4032a0,raw/2023-11_table13_group10001_info.json,0449ad0686cd0d4626fa6a971287eed1a4d0ab04f39905bf21d2ff846bb3c4a1,caption_and_validated_request_info,Sektör,9,Yabancı Para Net Genel Pozisyonu,,125604
2023-11,13,Yabanci Para Pozisyonu,10001,10,"Yabancı Para Pozisyonu (milyon TL), Dönem:2023/11",milyon TL,raw/2023-11_table13_group10001.json,4194fcd5421025bf65baac6c1eb7d4baffaf0def659fc7ad69e3504abb4032a0,raw/2023-11_table13_group10001_info.json,0449ad0686cd0d4626fa6a971287eed1a4d0ab04f39905bf21d2ff846bb3c4a1,caption_and_validated_request_info,Sektör,10,Yasal Özkaynak,,2425656
2023-11,13,Yabanci Para Pozisyonu,10001,11,"Yabancı Para Pozisyonu (milyon TL), Dönem:2023/11",milyon TL,raw/2023-11_table13_group10001.json,4194fcd5421025bf65baac6c1eb7d4baffaf0def659fc7ad69e3504abb4032a0,raw/2023-11_table13_group10001_info.json,0449ad0686cd0d4626fa6a971287eed1a4d0ab04f39905bf21d2ff846bb3c4a1,caption_and_validated_request_info,Sektör,11,Yabancı Para Net Genel Pozisyon / Yasal Özkaynak Standart Oranı (Yüzde),bold,5
2023-12,13,Yabanci Para Pozisyonu,10001,1,"Yabancı Para Pozisyonu (milyon TL), Dönem:2023/12",milyon TL,raw/2023-12_table13_group10001.json,9e9c6a14aa93c6bce789cc0aebaed1336323b376c227d61b91b7b8de49e46982,raw/2023-12_table13_group10001_info.json,f04d9996ca6d144026db9ea51a84158392e28917dc23417909334f7770e049ac,caption_and_validated_request_info,Sektör,1,Döviz Varlıkları Toplamı,bold,13135884
2023-12,13,Yabanci Para Pozisyonu,10001,2,"Yabancı Para Pozisyonu (milyon TL), Dönem:2023/12",milyon TL,raw/2023-12_table13_group10001.json,9e9c6a14aa93c6bce789cc0aebaed1336323b376c227d61b91b7b8de49e46982,raw/2023-12_table13_group10001_info.json,f04d9996ca6d144026db9ea51a84158392e28917dc23417909334f7770e049ac,caption_and_validated_request_info,Sektör,2,Bilanço İçi Varlıklar,italic,9150779
2023-12,13,Yabanci Para Pozisyonu,10001,3,"Yabancı Para Pozisyonu (milyon TL), Dönem:2023/12",milyon TL,raw/2023-12_table13_group10001.json,9e9c6a14aa93c6bce789cc0aebaed1336323b376c227d61b91b7b8de49e46982,raw/2023-12_table13_group10001_info.json,f04d9996ca6d144026db9ea51a84158392e28917dc23417909334f7770e049ac,caption_and_validated_request_info,Sektör,3,Dövize Endeksli Varlıklar,italic,8749
2023-12,13,Yabanci Para Pozisyonu,10001,4,"Yabancı Para Pozisyonu (milyon TL), Dönem:2023/12",milyon TL,raw/2023-12_table13_group10001.json,9e9c6a14aa93c6bce789cc0aebaed1336323b376c227d61b91b7b8de49e46982,raw/2023-12_table13_group10001_info.json,f04d9996ca6d144026db9ea51a84158392e28917dc23417909334f7770e049ac,caption_and_validated_request_info,Sektör,4,Bilanço Dışı Varlıklar,italic,3985105
2023-12,13,Yabanci Para Pozisyonu,10001,5,"Yabancı Para Pozisyonu (milyon TL), Dönem:2023/12",milyon TL,raw/2023-12_table13_group10001.json,9e9c6a14aa93c6bce789cc0aebaed1336323b376c227d61b91b7b8de49e46982,raw/2023-12_table13_group10001_info.json,f04d9996ca6d144026db9ea51a84158392e28917dc23417909334f7770e049ac,caption_and_validated_request_info,Sektör,5,Döviz Yükümlülükleri Toplamı,bold,13041647
2023-12,13,Yabanci Para Pozisyonu,10001,6,"Yabancı Para Pozisyonu (milyon TL), Dönem:2023/12",milyon TL,raw/2023-12_table13_group10001.json,9e9c6a14aa93c6bce789cc0aebaed1336323b376c227d61b91b7b8de49e46982,raw/2023-12_table13_group10001_info.json,f04d9996ca6d144026db9ea51a84158392e28917dc23417909334f7770e049ac,caption_and_validated_request_info,Sektör,6,Bilanço İçi Yükümlülükler,italic,10345571
2023-12,13,Yabanci Para Pozisyonu,10001,7,"Yabancı Para Pozisyonu (milyon TL), Dönem:2023/12",milyon TL,raw/2023-12_table13_group10001.json,9e9c6a14aa93c6bce789cc0aebaed1336323b376c227d61b91b7b8de49e46982,raw/2023-12_table13_group10001_info.json,f04d9996ca6d144026db9ea51a84158392e28917dc23417909334f7770e049ac,caption_and_validated_request_info,Sektör,7,Dövize Endeksli Yükümlülükler,italic,15541
2023-12,13,Yabanci Para Pozisyonu,10001,8,"Yabancı Para Pozisyonu (milyon TL), Dönem:2023/12",milyon TL,raw/2023-12_table13_group10001.json,9e9c6a14aa93c6bce789cc0aebaed1336323b376c227d61b91b7b8de49e46982,raw/2023-12_table13_group10001_info.json,f04d9996ca6d144026db9ea51a84158392e28917dc23417909334f7770e049ac,caption_and_validated_request_info,Sektör,8,Bilanço Dışı Yükümlülükler,italic,2696075
2023-12,13,Yabanci Para Pozisyonu,10001,9,"Yabancı Para Pozisyonu (milyon TL), Dönem:2023/12",milyon TL,raw/2023-12_table13_group10001.json,9e9c6a14aa93c6bce789cc0aebaed1336323b376c227d61b91b7b8de49e46982,raw/2023-12_table13_group10001_info.json,f04d9996ca6d144026db9ea51a84158392e28917dc23417909334f7770e049ac,caption_and_validated_request_info,Sektör,9,Yabancı Para Net Genel Pozisyonu,,94237
2023-12,13,Yabanci Para Pozisyonu,10001,10,"Yabancı Para Pozisyonu (milyon TL), Dönem:2023/12",milyon TL,raw/2023-12_table13_group10001.json,9e9c6a14aa93c6bce789cc0aebaed1336323b376c227d61b91b7b8de49e46982,raw/2023-12_table13_group10001_info.json,f04d9996ca6d144026db9ea51a84158392e28917dc23417909334f7770e049ac,caption_and_validated_request_info,Sektör,10,Yasal Özkaynak,,2540739
2023-12,13,Yabanci Para Pozisyonu,10001,11,"Yabancı Para Pozisyonu (milyon TL), Dönem:2023/12",milyon TL,raw/2023-12_table13_group10001.json,9e9c6a14aa93c6bce789cc0aebaed1336323b376c227d61b91b7b8de49e46982,raw/2023-12_table13_group10001_info.json,f04d9996ca6d144026db9ea51a84158392e28917dc23417909334f7770e049ac,caption_and_validated_request_info,Sektör,11,Yabancı Para Net Genel Pozisyon / Yasal Özkaynak Standart Oranı (Yüzde),bold,4
2024-01,13,Yabanci Para Pozisyonu,10001,1,"Yabancı Para Pozisyonu (milyon TL), Dönem:2024/1",milyon TL,raw/2024-01_table13_group10001.json,1de40546a9c2744d6dfa923023b0ed163d9c8255a890ec3b97525cacb8961876,raw/2024-01_table13_group10001_info.json,1cdeedce671db9198a3f5d69ccca14b80017f49b4296aa396d27203a33e29ac6,caption_and_validated_request_info,Sektör,1,Döviz Varlıkları Toplamı,bold,13613320
2024-01,13,Yabanci Para Pozisyonu,10001,2,"Yabancı Para Pozisyonu (milyon TL), Dönem:2024/1",milyon TL,raw/2024-01_table13_group10001.json,1de40546a9c2744d6dfa923023b0ed163d9c8255a890ec3b97525cacb8961876,raw/2024-01_table13_group10001_info.json,1cdeedce671db9198a3f5d69ccca14b80017f49b4296aa396d27203a33e29ac6,caption_and_validated_request_info,Sektör,2,Bilanço İçi Varlıklar,italic,9397359
2024-01,13,Yabanci Para Pozisyonu,10001,3,"Yabancı Para Pozisyonu (milyon TL), Dönem:2024/1",milyon TL,raw/2024-01_table13_group10001.json,1de40546a9c2744d6dfa923023b0ed163d9c8255a890ec3b97525cacb8961876,raw/2024-01_table13_group10001_info.json,1cdeedce671db9198a3f5d69ccca14b80017f49b4296aa396d27203a33e29ac6,caption_and_validated_request_info,Sektör,3,Dövize Endeksli Varlıklar,italic,8661
2024-01,13,Yabanci Para Pozisyonu,10001,4,"Yabancı Para Pozisyonu (milyon TL), Dönem:2024/1",milyon TL,raw/2024-01_table13_group10001.json,1de40546a9c2744d6dfa923023b0ed163d9c8255a890ec3b97525cacb8961876,raw/2024-01_table13_group10001_info.json,1cdeedce671db9198a3f5d69ccca14b80017f49b4296aa396d27203a33e29ac6,caption_and_validated_request_info,Sektör,4,Bilanço Dışı Varlıklar,italic,4215962
2024-01,13,Yabanci Para Pozisyonu,10001,5,"Yabancı Para Pozisyonu (milyon TL), Dönem:2024/1",milyon TL,raw/2024-01_table13_group10001.json,1de40546a9c2744d6dfa923023b0ed163d9c8255a890ec3b97525cacb8961876,raw/2024-01_table13_group10001_info.json,1cdeedce671db9198a3f5d69ccca14b80017f49b4296aa396d27203a33e29ac6,caption_and_validated_request_info,Sektör,5,Döviz Yükümlülükleri Toplamı,bold,13507718
2024-01,13,Yabanci Para Pozisyonu,10001,6,"Yabancı Para Pozisyonu (milyon TL), Dönem:2024/1",milyon TL,raw/2024-01_table13_group10001.json,1de40546a9c2744d6dfa923023b0ed163d9c8255a890ec3b97525cacb8961876,raw/2024-01_table13_group10001_info.json,1cdeedce671db9198a3f5d69ccca14b80017f49b4296aa396d27203a33e29ac6,caption_and_validated_request_info,Sektör,6,Bilanço İçi Yükümlülükler,italic,10684578
2024-01,13,Yabanci Para Pozisyonu,10001,7,"Yabancı Para Pozisyonu (milyon TL), Dönem:2024/1",milyon TL,raw/2024-01_table13_group10001.json,1de40546a9c2744d6dfa923023b0ed163d9c8255a890ec3b97525cacb8961876,raw/2024-01_table13_group10001_info.json,1cdeedce671db9198a3f5d69ccca14b80017f49b4296aa396d27203a33e29ac6,caption_and_validated_request_info,Sektör,7,Dövize Endeksli Yükümlülükler,italic,15795
2024-01,13,Yabanci Para Pozisyonu,10001,8,"Yabancı Para Pozisyonu (milyon TL), Dönem:2024/1",milyon TL,raw/2024-01_table13_group10001.json,1de40546a9c2744d6dfa923023b0ed163d9c8255a890ec3b97525cacb8961876,raw/2024-01_table13_group10001_info.json,1cdeedce671db9198a3f5d69ccca14b80017f49b4296aa396d27203a33e29ac6,caption_and_validated_request_info,Sektör,8,Bilanço Dışı Yükümlülükler,italic,2823140
2024-01,13,Yabanci Para Pozisyonu,10001,9,"Yabancı Para Pozisyonu (milyon TL), Dönem:2024/1",milyon TL,raw/2024-01_table13_group10001.json,1de40546a9c2744d6dfa923023b0ed163d9c8255a890ec3b97525cacb8961876,raw/2024-01_table13_group10001_info.json,1cdeedce671db9198a3f5d69ccca14b80017f49b4296aa396d27203a33e29ac6,caption_and_validated_request_info,Sektör,9,Yabancı Para Net Genel Pozisyonu,,105603
2024-01,13,Yabanci Para Pozisyonu,10001,10,"Yabancı Para Pozisyonu (milyon TL), Dönem:2024/1",milyon TL,raw/2024-01_table13_group10001.json,1de40546a9c2744d6dfa923023b0ed163d9c8255a890ec3b97525cacb8961876,raw/2024-01_table13_group10001_info.json,1cdeedce671db9198a3f5d69ccca14b80017f49b4296aa396d27203a33e29ac6,caption_and_validated_request_info,Sektör,10,Yasal Özkaynak,,2664893
2024-01,13,Yabanci Para Pozisyonu,10001,11,"Yabancı Para Pozisyonu (milyon TL), Dönem:2024/1",milyon TL,raw/2024-01_table13_group10001.json,1de40546a9c2744d6dfa923023b0ed163d9c8255a890ec3b97525cacb8961876,raw/2024-01_table13_group10001_info.json,1cdeedce671db9198a3f5d69ccca14b80017f49b4296aa396d27203a33e29ac6,caption_and_validated_request_info,Sektör,11,Yabancı Para Net Genel Pozisyon / Yasal Özkaynak Standart Oranı (Yüzde),bold,4
2024-02,13,Yabanci Para Pozisyonu,10001,1,"Yabancı Para Pozisyonu (milyon TL), Dönem:2024/2",milyon TL,raw/2024-02_table13_group10001.json,c58aafaa9d7787697548b872bb93c4e9ca2a3a8e37d8beba39ae22ed5b63a073,raw/2024-02_table13_group10001_info.json,4902c3822f618b112f02985c10d5c1115a149676ec9242add22c38152b5a33ae,caption_and_validated_request_info,Sektör,1,Döviz Varlıkları Toplamı,bold,14258638
2024-02,13,Yabanci Para Pozisyonu,10001,2,"Yabancı Para Pozisyonu (milyon TL), Dönem:2024/2",milyon TL,raw/2024-02_table13_group10001.json,c58aafaa9d7787697548b872bb93c4e9ca2a3a8e37d8beba39ae22ed5b63a073,raw/2024-02_table13_group10001_info.json,4902c3822f618b112f02985c10d5c1115a149676ec9242add22c38152b5a33ae,caption_and_validated_request_info,Sektör,2,Bilanço İçi Varlıklar,italic,9900192
2024-02,13,Yabanci Para Pozisyonu,10001,3,"Yabancı Para Pozisyonu (milyon TL), Dönem:2024/2",milyon TL,raw/2024-02_table13_group10001.json,c58aafaa9d7787697548b872bb93c4e9ca2a3a8e37d8beba39ae22ed5b63a073,raw/2024-02_table13_group10001_info.json,4902c3822f618b112f02985c10d5c1115a149676ec9242add22c38152b5a33ae,caption_and_validated_request_info,Sektör,3,Dövize Endeksli Varlıklar,italic,8730
2024-02,13,Yabanci Para Pozisyonu,10001,4,"Yabancı Para Pozisyonu (milyon TL), Dönem:2024/2",milyon TL,raw/2024-02_table13_group10001.json,c58aafaa9d7787697548b872bb93c4e9ca2a3a8e37d8beba39ae22ed5b63a073,raw/2024-02_table13_group10001_info.json,4902c3822f618b112f02985c10d5c1115a149676ec9242add22c38152b5a33ae,caption_and_validated_request_info,Sektör,4,Bilanço Dışı Varlıklar,italic,4358446
2024-02,13,Yabanci Para Pozisyonu,10001,5,"Yabancı Para Pozisyonu (milyon TL), Dönem:2024/2",milyon TL,raw/2024-02_table13_group10001.json,c58aafaa9d7787697548b872bb93c4e9ca2a3a8e37d8beba39ae22ed5b63a073,raw/2024-02_table13_group10001_info.json,4902c3822f618b112f02985c10d5c1115a149676ec9242add22c38152b5a33ae,caption_and_validated_request_info,Sektör,5,Döviz Yükümlülükleri Toplamı,bold,14147603
2024-02,13,Yabanci Para Pozisyonu,10001,6,"Yabancı Para Pozisyonu (milyon TL), Dönem:2024/2",milyon TL,raw/2024-02_table13_group10001.json,c58aafaa9d7787697548b872bb93c4e9ca2a3a8e37d8beba39ae22ed5b63a073,raw/2024-02_table13_group10001_info.json,4902c3822f618b112f02985c10d5c1115a149676ec9242add22c38152b5a33ae,caption_and_validated_request_info,Sektör,6,Bilanço İçi Yükümlülükler,italic,11094580
2024-02,13,Yabanci Para Pozisyonu,10001,7,"Yabancı Para Pozisyonu (milyon TL), Dönem:2024/2",milyon TL,raw/2024-02_table13_group10001.json,c58aafaa9d7787697548b872bb93c4e9ca2a3a8e37d8beba39ae22ed5b63a073,raw/2024-02_table13_group10001_info.json,4902c3822f618b112f02985c10d5c1115a149676ec9242add22c38152b5a33ae,caption_and_validated_request_info,Sektör,7,Dövize Endeksli Yükümlülükler,italic,16885
2024-02,13,Yabanci Para Pozisyonu,10001,8,"Yabancı Para Pozisyonu (milyon TL), Dönem:2024/2",milyon TL,raw/2024-02_table13_group10001.json,c58aafaa9d7787697548b872bb93c4e9ca2a3a8e37d8beba39ae22ed5b63a073,raw/2024-02_table13_group10001_info.json,4902c3822f618b112f02985c10d5c1115a149676ec9242add22c38152b5a33ae,caption_and_validated_request_info,Sektör,8,Bilanço Dışı Yükümlülükler,italic,3053023
2024-02,13,Yabanci Para Pozisyonu,10001,9,"Yabancı Para Pozisyonu (milyon TL), Dönem:2024/2",milyon TL,raw/2024-02_table13_group10001.json,c58aafaa9d7787697548b872bb93c4e9ca2a3a8e37d8beba39ae22ed5b63a073,raw/2024-02_table13_group10001_info.json,4902c3822f618b112f02985c10d5c1115a149676ec9242add22c38152b5a33ae,caption_and_validated_request_info,Sektör,9,Yabancı Para Net Genel Pozisyonu,,111035
2024-02,13,Yabanci Para Pozisyonu,10001,10,"Yabancı Para Pozisyonu (milyon TL), Dönem:2024/2",milyon TL,raw/2024-02_table13_group10001.json,c58aafaa9d7787697548b872bb93c4e9ca2a3a8e37d8beba39ae22ed5b63a073,raw/2024-02_table13_group10001_info.json,4902c3822f618b112f02985c10d5c1115a149676ec9242add22c38152b5a33ae,caption_and_validated_request_info,Sektör,10,Yasal Özkaynak,,2698611
2024-02,13,Yabanci Para Pozisyonu,10001,11,"Yabancı Para Pozisyonu (milyon TL), Dönem:2024/2",milyon TL,raw/2024-02_table13_group10001.json,c58aafaa9d7787697548b872bb93c4e9ca2a3a8e37d8beba39ae22ed5b63a073,raw/2024-02_table13_group10001_info.json,4902c3822f618b112f02985c10d5c1115a149676ec9242add22c38152b5a33ae,caption_and_validated_request_info,Sektör,11,Yabancı Para Net Genel Pozisyon / Yasal Özkaynak Standart Oranı (Yüzde),bold,4
2024-03,13,Yabanci Para Pozisyonu,10001,1,"Yabancı Para Pozisyonu (milyon TL), Dönem:2024/3",milyon TL,raw/2024-03_table13_group10001.json,d37b59d678d0935f1ec701c698a8875a278f5fe294efbace0d1211a52056df17,raw/2024-03_table13_group10001_info.json,b17082605b068758a082f232d6c8ac28fda5259117029ea1ab5ab86ccceb2001,caption_and_validated_request_info,Sektör,1,Döviz Varlıkları Toplamı,bold,15298377
2024-03,13,Yabanci Para Pozisyonu,10001,2,"Yabancı Para Pozisyonu (milyon TL), Dönem:2024/3",milyon TL,raw/2024-03_table13_group10001.json,d37b59d678d0935f1ec701c698a8875a278f5fe294efbace0d1211a52056df17,raw/2024-03_table13_group10001_info.json,b17082605b068758a082f232d6c8ac28fda5259117029ea1ab5ab86ccceb2001,caption_and_validated_request_info,Sektör,2,Bilanço İçi Varlıklar,italic,10174706
2024-03,13,Yabanci Para Pozisyonu,10001,3,"Yabancı Para Pozisyonu (milyon TL), Dönem:2024/3",milyon TL,raw/2024-03_table13_group10001.json,d37b59d678d0935f1ec701c698a8875a278f5fe294efbace0d1211a52056df17,raw/2024-03_table13_group10001_info.json,b17082605b068758a082f232d6c8ac28fda5259117029ea1ab5ab86ccceb2001,caption_and_validated_request_info,Sektör,3,Dövize Endeksli Varlıklar,italic,8975
2024-03,13,Yabanci Para Pozisyonu,10001,4,"Yabancı Para Pozisyonu (milyon TL), Dönem:2024/3",milyon TL,raw/2024-03_table13_group10001.json,d37b59d678d0935f1ec701c698a8875a278f5fe294efbace0d1211a52056df17,raw/2024-03_table13_group10001_info.json,b17082605b068758a082f232d6c8ac28fda5259117029ea1ab5ab86ccceb2001,caption_and_validated_request_info,Sektör,4,Bilanço Dışı Varlıklar,italic,5123670
2024-03,13,Yabanci Para Pozisyonu,10001,5,"Yabancı Para Pozisyonu (milyon TL), Dönem:2024/3",milyon TL,raw/2024-03_table13_group10001.json,d37b59d678d0935f1ec701c698a8875a278f5fe294efbace0d1211a52056df17,raw/2024-03_table13_group10001_info.json,b17082605b068758a082f232d6c8ac28fda5259117029ea1ab5ab86ccceb2001,caption_and_validated_request_info,Sektör,5,Döviz Yükümlülükleri Toplamı,bold,15190517
2024-03,13,Yabanci Para Pozisyonu,10001,6,"Yabancı Para Pozisyonu (milyon TL), Dönem:2024/3",milyon TL,raw/2024-03_table13_group10001.json,d37b59d678d0935f1ec701c698a8875a278f5fe294efbace0d1211a52056df17,raw/2024-03_table13_group10001_info.json,b17082605b068758a082f232d6c8ac28fda5259117029ea1ab5ab86ccceb2001,caption_and_validated_request_info,Sektör,6,Bilanço İçi Yükümlülükler,italic,11860564
2024-03,13,Yabanci Para Pozisyonu,10001,7,"Yabancı Para Pozisyonu (milyon TL), Dönem:2024/3",milyon TL,raw/2024-03_table13_group10001.json,d37b59d678d0935f1ec701c698a8875a278f5fe294efbace0d1211a52056df17,raw/2024-03_table13_group10001_info.json,b17082605b068758a082f232d6c8ac28fda5259117029ea1ab5ab86ccceb2001,caption_and_validated_request_info,Sektör,7,Dövize Endeksli Yükümlülükler,italic,17649
2024-03,13,Yabanci Para Pozisyonu,10001,8,"Yabancı Para Pozisyonu (milyon TL), Dönem:2024/3",milyon TL,raw/2024-03_table13_group10001.json,d37b59d678d0935f1ec701c698a8875a278f5fe294efbace0d1211a52056df17,raw/2024-03_table13_group10001_info.json,b17082605b068758a082f232d6c8ac28fda5259117029ea1ab5ab86ccceb2001,caption_and_validated_request_info,Sektör,8,Bilanço Dışı Yükümlülükler,italic,3329953
2024-03,13,Yabanci Para Pozisyonu,10001,9,"Yabancı Para Pozisyonu (milyon TL), Dönem:2024/3",milyon TL,raw/2024-03_table13_group10001.json,d37b59d678d0935f1ec701c698a8875a278f5fe294efbace0d1211a52056df17,raw/2024-03_table13_group10001_info.json,b17082605b068758a082f232d6c8ac28fda5259117029ea1ab5ab86ccceb2001,caption_and_validated_request_info,Sektör,9,Yabancı Para Net Genel Pozisyonu,,107860
2024-03,13,Yabanci Para Pozisyonu,10001,10,"Yabancı Para Pozisyonu (milyon TL), Dönem:2024/3",milyon TL,raw/2024-03_table13_group10001.json,d37b59d678d0935f1ec701c698a8875a278f5fe294efbace0d1211a52056df17,raw/2024-03_table13_group10001_info.json,b17082605b068758a082f232d6c8ac28fda5259117029ea1ab5ab86ccceb2001,caption_and_validated_request_info,Sektör,10,Yasal Özkaynak,,2772264
2024-03,13,Yabanci Para Pozisyonu,10001,11,"Yabancı Para Pozisyonu (milyon TL), Dönem:2024/3",milyon TL,raw/2024-03_table13_group10001.json,d37b59d678d0935f1ec701c698a8875a278f5fe294efbace0d1211a52056df17,raw/2024-03_table13_group10001_info.json,b17082605b068758a082f232d6c8ac28fda5259117029ea1ab5ab86ccceb2001,caption_and_validated_request_info,Sektör,11,Yabancı Para Net Genel Pozisyon / Yasal Özkaynak Standart Oranı (Yüzde),bold,4
2024-04,13,Yabanci Para Pozisyonu,10001,1,"Yabancı Para Pozisyonu (milyon TL), Dönem:2024/4",milyon TL,raw/2024-04_table13_group10001.json,f7985092a268429b878d778b5bf1b482150b0b39fe41722d545bb857b1b3e6e7,raw/2024-04_table13_group10001_info.json,837261f15b9bc4ddaa4d2a5d33326c34663e70d6a06a78568eed278eed837194,caption_and_validated_request_info,Sektör,1,Döviz Varlıkları Toplamı,bold,15188241
2024-04,13,Yabanci Para Pozisyonu,10001,2,"Yabancı Para Pozisyonu (milyon TL), Dönem:2024/4",milyon TL,raw/2024-04_table13_group10001.json,f7985092a268429b878d778b5bf1b482150b0b39fe41722d545bb857b1b3e6e7,raw/2024-04_table13_group10001_info.json,837261f15b9bc4ddaa4d2a5d33326c34663e70d6a06a78568eed278eed837194,caption_and_validated_request_info,Sektör,2,Bilanço İçi Varlıklar,italic,10375629
2024-04,13,Yabanci Para Pozisyonu,10001,3,"Yabancı Para Pozisyonu (milyon TL), Dönem:2024/4",milyon TL,raw/2024-04_table13_group10001.json,f7985092a268429b878d778b5bf1b482150b0b39fe41722d545bb857b1b3e6e7,raw/2024-04_table13_group10001_info.json,837261f15b9bc4ddaa4d2a5d33326c34663e70d6a06a78568eed278eed837194,caption_and_validated_request_info,Sektör,3,Dövize Endeksli Varlıklar,italic,8743
2024-04,13,Yabanci Para Pozisyonu,10001,4,"Yabancı Para Pozisyonu (milyon TL), Dönem:2024/4",milyon TL,raw/2024-04_table13_group10001.json,f7985092a268429b878d778b5bf1b482150b0b39fe41722d545bb857b1b3e6e7,raw/2024-04_table13_group10001_info.json,837261f15b9bc4ddaa4d2a5d33326c34663e70d6a06a78568eed278eed837194,caption_and_validated_request_info,Sektör,4,Bilanço Dışı Varlıklar,italic,4812612
2024-04,13,Yabanci Para Pozisyonu,10001,5,"Yabancı Para Pozisyonu (milyon TL), Dönem:2024/4",milyon TL,raw/2024-04_table13_group10001.json,f7985092a268429b878d778b5bf1b482150b0b39fe41722d545bb857b1b3e6e7,raw/2024-04_table13_group10001_info.json,837261f15b9bc4ddaa4d2a5d33326c34663e70d6a06a78568eed278eed837194,caption_and_validated_request_info,Sektör,5,Döviz Yükümlülükleri Toplamı,bold,15093678
2024-04,13,Yabanci Para Pozisyonu,10001,6,"Yabancı Para Pozisyonu (milyon TL), Dönem:2024/4",milyon TL,raw/2024-04_table13_group10001.json,f7985092a268429b878d778b5bf1b482150b0b39fe41722d545bb857b1b3e6e7,raw/2024-04_table13_group10001_info.json,837261f15b9bc4ddaa4d2a5d33326c34663e70d6a06a78568eed278eed837194,caption_and_validated_request_info,Sektör,6,Bilanço İçi Yükümlülükler,italic,11741645
2024-04,13,Yabanci Para Pozisyonu,10001,7,"Yabancı Para Pozisyonu (milyon TL), Dönem:2024/4",milyon TL,raw/2024-04_table13_group10001.json,f7985092a268429b878d778b5bf1b482150b0b39fe41722d545bb857b1b3e6e7,raw/2024-04_table13_group10001_info.json,837261f15b9bc4ddaa4d2a5d33326c34663e70d6a06a78568eed278eed837194,caption_and_validated_request_info,Sektör,7,Dövize Endeksli Yükümlülükler,italic,15281
2024-04,13,Yabanci Para Pozisyonu,10001,8,"Yabancı Para Pozisyonu (milyon TL), Dönem:2024/4",milyon TL,raw/2024-04_table13_group10001.json,f7985092a268429b878d778b5bf1b482150b0b39fe41722d545bb857b1b3e6e7,raw/2024-04_table13_group10001_info.json,837261f15b9bc4ddaa4d2a5d33326c34663e70d6a06a78568eed278eed837194,caption_and_validated_request_info,Sektör,8,Bilanço Dışı Yükümlülükler,italic,3352034
2024-04,13,Yabanci Para Pozisyonu,10001,9,"Yabancı Para Pozisyonu (milyon TL), Dönem:2024/4",milyon TL,raw/2024-04_table13_group10001.json,f7985092a268429b878d778b5bf1b482150b0b39fe41722d545bb857b1b3e6e7,raw/2024-04_table13_group10001_info.json,837261f15b9bc4ddaa4d2a5d33326c34663e70d6a06a78568eed278eed837194,caption_and_validated_request_info,Sektör,9,Yabancı Para Net Genel Pozisyonu,,94563
2024-04,13,Yabanci Para Pozisyonu,10001,10,"Yabancı Para Pozisyonu (milyon TL), Dönem:2024/4",milyon TL,raw/2024-04_table13_group10001.json,f7985092a268429b878d778b5bf1b482150b0b39fe41722d545bb857b1b3e6e7,raw/2024-04_table13_group10001_info.json,837261f15b9bc4ddaa4d2a5d33326c34663e70d6a06a78568eed278eed837194,caption_and_validated_request_info,Sektör,10,Yasal Özkaynak,,2921097
2024-04,13,Yabanci Para Pozisyonu,10001,11,"Yabancı Para Pozisyonu (milyon TL), Dönem:2024/4",milyon TL,raw/2024-04_table13_group10001.json,f7985092a268429b878d778b5bf1b482150b0b39fe41722d545bb857b1b3e6e7,raw/2024-04_table13_group10001_info.json,837261f15b9bc4ddaa4d2a5d33326c34663e70d6a06a78568eed278eed837194,caption_and_validated_request_info,Sektör,11,Yabancı Para Net Genel Pozisyon / Yasal Özkaynak Standart Oranı (Yüzde),bold,3
2024-05,13,Yabanci Para Pozisyonu,10001,1,"Yabancı Para Pozisyonu (milyon TL), Dönem:2024/5",milyon TL,raw/2024-05_table13_group10001.json,d7e422d27243f61328df9215e3abb90c847f896b5f7349120ca04614b7207da1,raw/2024-05_table13_group10001_info.json,52e02d10fe21979361c5fda130360c7dc1f2a0b1f397106eb0ed86984f115525,caption_and_validated_request_info,Sektör,1,Döviz Varlıkları Toplamı,bold,14528848
2024-05,13,Yabanci Para Pozisyonu,10001,2,"Yabancı Para Pozisyonu (milyon TL), Dönem:2024/5",milyon TL,raw/2024-05_table13_group10001.json,d7e422d27243f61328df9215e3abb90c847f896b5f7349120ca04614b7207da1,raw/2024-05_table13_group10001_info.json,52e02d10fe21979361c5fda130360c7dc1f2a0b1f397106eb0ed86984f115525,caption_and_validated_request_info,Sektör,2,Bilanço İçi Varlıklar,italic,10247516
2024-05,13,Yabanci Para Pozisyonu,10001,3,"Yabancı Para Pozisyonu (milyon TL), Dönem:2024/5",milyon TL,raw/2024-05_table13_group10001.json,d7e422d27243f61328df9215e3abb90c847f896b5f7349120ca04614b7207da1,raw/2024-05_table13_group10001_info.json,52e02d10fe21979361c5fda130360c7dc1f2a0b1f397106eb0ed86984f115525,caption_and_validated_request_info,Sektör,3,Dövize Endeksli Varlıklar,italic,8680
2024-05,13,Yabanci Para Pozisyonu,10001,4,"Yabancı Para Pozisyonu (milyon TL), Dönem:2024/5",milyon TL,raw/2024-05_table13_group10001.json,d7e422d27243f61328df9215e3abb90c847f896b5f7349120ca04614b7207da1,raw/2024-05_table13_group10001_info.json,52e02d10fe21979361c5fda130360c7dc1f2a0b1f397106eb0ed86984f115525,caption_and_validated_request_info,Sektör,4,Bilanço Dışı Varlıklar,italic,4281333
2024-05,13,Yabanci Para Pozisyonu,10001,5,"Yabancı Para Pozisyonu (milyon TL), Dönem:2024/5",milyon TL,raw/2024-05_table13_group10001.json,d7e422d27243f61328df9215e3abb90c847f896b5f7349120ca04614b7207da1,raw/2024-05_table13_group10001_info.json,52e02d10fe21979361c5fda130360c7dc1f2a0b1f397106eb0ed86984f115525,caption_and_validated_request_info,Sektör,5,Döviz Yükümlülükleri Toplamı,bold,14440902
2024-05,13,Yabanci Para Pozisyonu,10001,6,"Yabancı Para Pozisyonu (milyon TL), Dönem:2024/5",milyon TL,raw/2024-05_table13_group10001.json,d7e422d27243f61328df9215e3abb90c847f896b5f7349120ca04614b7207da1,raw/2024-05_table13_group10001_info.json,52e02d10fe21979361c5fda130360c7dc1f2a0b1f397106eb0ed86984f115525,caption_and_validated_request_info,Sektör,6,Bilanço İçi Yükümlülükler,italic,11285211
2024-05,13,Yabanci Para Pozisyonu,10001,7,"Yabancı Para Pozisyonu (milyon TL), Dönem:2024/5",milyon TL,raw/2024-05_table13_group10001.json,d7e422d27243f61328df9215e3abb90c847f896b5f7349120ca04614b7207da1,raw/2024-05_table13_group10001_info.json,52e02d10fe21979361c5fda130360c7dc1f2a0b1f397106eb0ed86984f115525,caption_and_validated_request_info,Sektör,7,Dövize Endeksli Yükümlülükler,italic,18643
2024-05,13,Yabanci Para Pozisyonu,10001,8,"Yabancı Para Pozisyonu (milyon TL), Dönem:2024/5",milyon TL,raw/2024-05_table13_group10001.json,d7e422d27243f61328df9215e3abb90c847f896b5f7349120ca04614b7207da1,raw/2024-05_table13_group10001_info.json,52e02d10fe21979361c5fda130360c7dc1f2a0b1f397106eb0ed86984f115525,caption_and_validated_request_info,Sektör,8,Bilanço Dışı Yükümlülükler,italic,3155691
2024-05,13,Yabanci Para Pozisyonu,10001,9,"Yabancı Para Pozisyonu (milyon TL), Dönem:2024/5",milyon TL,raw/2024-05_table13_group10001.json,d7e422d27243f61328df9215e3abb90c847f896b5f7349120ca04614b7207da1,raw/2024-05_table13_group10001_info.json,52e02d10fe21979361c5fda130360c7dc1f2a0b1f397106eb0ed86984f115525,caption_and_validated_request_info,Sektör,9,Yabancı Para Net Genel Pozisyonu,,87946
2024-05,13,Yabanci Para Pozisyonu,10001,10,"Yabancı Para Pozisyonu (milyon TL), Dönem:2024/5",milyon TL,raw/2024-05_table13_group10001.json,d7e422d27243f61328df9215e3abb90c847f896b5f7349120ca04614b7207da1,raw/2024-05_table13_group10001_info.json,52e02d10fe21979361c5fda130360c7dc1f2a0b1f397106eb0ed86984f115525,caption_and_validated_request_info,Sektör,10,Yasal Özkaynak,,2955818
2024-05,13,Yabanci Para Pozisyonu,10001,11,"Yabancı Para Pozisyonu (milyon TL), Dönem:2024/5",milyon TL,raw/2024-05_table13_group10001.json,d7e422d27243f61328df9215e3abb90c847f896b5f7349120ca04614b7207da1,raw/2024-05_table13_group10001_info.json,52e02d10fe21979361c5fda130360c7dc1f2a0b1f397106eb0ed86984f115525,caption_and_validated_request_info,Sektör,11,Yabancı Para Net Genel Pozisyon / Yasal Özkaynak Standart Oranı (Yüzde),bold,3
2024-06,13,Yabanci Para Pozisyonu,10001,1,"Yabancı Para Pozisyonu (milyon TL), Dönem:2024/6",milyon TL,raw/2024-06_table13_group10001.json,184d923dadae7b9860eff046b13f862f0befa81ed5ec71c302fb0c6c494d6bae,raw/2024-06_table13_group10001_info.json,b62d3f06f9ca136c4e589631195bfa2cafb4c974b6ffea48782dff3d87ab0106,caption_and_validated_request_info,Sektör,1,Döviz Varlıkları Toplamı,bold,14610345
2024-06,13,Yabanci Para Pozisyonu,10001,2,"Yabancı Para Pozisyonu (milyon TL), Dönem:2024/6",milyon TL,raw/2024-06_table13_group10001.json,184d923dadae7b9860eff046b13f862f0befa81ed5ec71c302fb0c6c494d6bae,raw/2024-06_table13_group10001_info.json,b62d3f06f9ca136c4e589631195bfa2cafb4c974b6ffea48782dff3d87ab0106,caption_and_validated_request_info,Sektör,2,Bilanço İçi Varlıklar,italic,10878316
2024-06,13,Yabanci Para Pozisyonu,10001,3,"Yabancı Para Pozisyonu (milyon TL), Dönem:2024/6",milyon TL,raw/2024-06_table13_group10001.json,184d923dadae7b9860eff046b13f862f0befa81ed5ec71c302fb0c6c494d6bae,raw/2024-06_table13_group10001_info.json,b62d3f06f9ca136c4e589631195bfa2cafb4c974b6ffea48782dff3d87ab0106,caption_and_validated_request_info,Sektör,3,Dövize Endeksli Varlıklar,italic,8310
2024-06,13,Yabanci Para Pozisyonu,10001,4,"Yabancı Para Pozisyonu (milyon TL), Dönem:2024/6",milyon TL,raw/2024-06_table13_group10001.json,184d923dadae7b9860eff046b13f862f0befa81ed5ec71c302fb0c6c494d6bae,raw/2024-06_table13_group10001_info.json,b62d3f06f9ca136c4e589631195bfa2cafb4c974b6ffea48782dff3d87ab0106,caption_and_validated_request_info,Sektör,4,Bilanço Dışı Varlıklar,italic,3732029
2024-06,13,Yabanci Para Pozisyonu,10001,5,"Yabancı Para Pozisyonu (milyon TL), Dönem:2024/6",milyon TL,raw/2024-06_table13_group10001.json,184d923dadae7b9860eff046b13f862f0befa81ed5ec71c302fb0c6c494d6bae,raw/2024-06_table13_group10001_info.json,b62d3f06f9ca136c4e589631195bfa2cafb4c974b6ffea48782dff3d87ab0106,caption_and_validated_request_info,Sektör,5,Döviz Yükümlülükleri Toplamı,bold,14537572
2024-06,13,Yabanci Para Pozisyonu,10001,6,"Yabancı Para Pozisyonu (milyon TL), Dönem:2024/6",milyon TL,raw/2024-06_table13_group10001.json,184d923dadae7b9860eff046b13f862f0befa81ed5ec71c302fb0c6c494d6bae,raw/2024-06_table13_group10001_info.json,b62d3f06f9ca136c4e589631195bfa2cafb4c974b6ffea48782dff3d87ab0106,caption_and_validated_request_info,Sektör,6,Bilanço İçi Yükümlülükler,italic,11494754
2024-06,13,Yabanci Para Pozisyonu,10001,7,"Yabancı Para Pozisyonu (milyon TL), Dönem:2024/6",milyon TL,raw/2024-06_table13_group10001.json,184d923dadae7b9860eff046b13f862f0befa81ed5ec71c302fb0c6c494d6bae,raw/2024-06_table13_group10001_info.json,b62d3f06f9ca136c4e589631195bfa2cafb4c974b6ffea48782dff3d87ab0106,caption_and_validated_request_info,Sektör,7,Dövize Endeksli Yükümlülükler,italic,17129
2024-06,13,Yabanci Para Pozisyonu,10001,8,"Yabancı Para Pozisyonu (milyon TL), Dönem:2024/6",milyon TL,raw/2024-06_table13_group10001.json,184d923dadae7b9860eff046b13f862f0befa81ed5ec71c302fb0c6c494d6bae,raw/2024-06_table13_group10001_info.json,b62d3f06f9ca136c4e589631195bfa2cafb4c974b6ffea48782dff3d87ab0106,caption_and_validated_request_info,Sektör,8,Bilanço Dışı Yükümlülükler,italic,3042818
2024-06,13,Yabanci Para Pozisyonu,10001,9,"Yabancı Para Pozisyonu (milyon TL), Dönem:2024/6",milyon TL,raw/2024-06_table13_group10001.json,184d923dadae7b9860eff046b13f862f0befa81ed5ec71c302fb0c6c494d6bae,raw/2024-06_table13_group10001_info.json,b62d3f06f9ca136c4e589631195bfa2cafb4c974b6ffea48782dff3d87ab0106,caption_and_validated_request_info,Sektör,9,Yabancı Para Net Genel Pozisyonu,,72772
2024-06,13,Yabanci Para Pozisyonu,10001,10,"Yabancı Para Pozisyonu (milyon TL), Dönem:2024/6",milyon TL,raw/2024-06_table13_group10001.json,184d923dadae7b9860eff046b13f862f0befa81ed5ec71c302fb0c6c494d6bae,raw/2024-06_table13_group10001_info.json,b62d3f06f9ca136c4e589631195bfa2cafb4c974b6ffea48782dff3d87ab0106,caption_and_validated_request_info,Sektör,10,Yasal Özkaynak,,3017794
2024-06,13,Yabanci Para Pozisyonu,10001,11,"Yabancı Para Pozisyonu (milyon TL), Dönem:2024/6",milyon TL,raw/2024-06_table13_group10001.json,184d923dadae7b9860eff046b13f862f0befa81ed5ec71c302fb0c6c494d6bae,raw/2024-06_table13_group10001_info.json,b62d3f06f9ca136c4e589631195bfa2cafb4c974b6ffea48782dff3d87ab0106,caption_and_validated_request_info,Sektör,11,Yabancı Para Net Genel Pozisyon / Yasal Özkaynak Standart Oranı (Yüzde),bold,2
2024-07,13,Yabanci Para Pozisyonu,10001,1,"Yabancı Para Pozisyonu (milyon TL), Dönem:2024/7",milyon TL,raw/2024-07_table13_group10001.json,05ddd4db9c6af1aea0193e6a15278f3e3d4f1b97da86acdc344f3f656ae10960,raw/2024-07_table13_group10001_info.json,b3a4ae45a2ad4ed704c2a69964428ad8cfb20ebf8a045700ae76264bdd36ff50,caption_and_validated_request_info,Sektör,1,Döviz Varlıkları Toplamı,bold,15086526
2024-07,13,Yabanci Para Pozisyonu,10001,2,"Yabancı Para Pozisyonu (milyon TL), Dönem:2024/7",milyon TL,raw/2024-07_table13_group10001.json,05ddd4db9c6af1aea0193e6a15278f3e3d4f1b97da86acdc344f3f656ae10960,raw/2024-07_table13_group10001_info.json,b3a4ae45a2ad4ed704c2a69964428ad8cfb20ebf8a045700ae76264bdd36ff50,caption_and_validated_request_info,Sektör,2,Bilanço İçi Varlıklar,italic,11172684
2024-07,13,Yabanci Para Pozisyonu,10001,3,"Yabancı Para Pozisyonu (milyon TL), Dönem:2024/7",milyon TL,raw/2024-07_table13_group10001.json,05ddd4db9c6af1aea0193e6a15278f3e3d4f1b97da86acdc344f3f656ae10960,raw/2024-07_table13_group10001_info.json,b3a4ae45a2ad4ed704c2a69964428ad8cfb20ebf8a045700ae76264bdd36ff50,caption_and_validated_request_info,Sektör,3,Dövize Endeksli Varlıklar,italic,8173
2024-07,13,Yabanci Para Pozisyonu,10001,4,"Yabancı Para Pozisyonu (milyon TL), Dönem:2024/7",milyon TL,raw/2024-07_table13_group10001.json,05ddd4db9c6af1aea0193e6a15278f3e3d4f1b97da86acdc344f3f656ae10960,raw/2024-07_table13_group10001_info.json,b3a4ae45a2ad4ed704c2a69964428ad8cfb20ebf8a045700ae76264bdd36ff50,caption_and_validated_request_info,Sektör,4,Bilanço Dışı Varlıklar,italic,3913842
2024-07,13,Yabanci Para Pozisyonu,10001,5,"Yabancı Para Pozisyonu (milyon TL), Dönem:2024/7",milyon TL,raw/2024-07_table13_group10001.json,05ddd4db9c6af1aea0193e6a15278f3e3d4f1b97da86acdc344f3f656ae10960,raw/2024-07_table13_group10001_info.json,b3a4ae45a2ad4ed704c2a69964428ad8cfb20ebf8a045700ae76264bdd36ff50,caption_and_validated_request_info,Sektör,5,Döviz Yükümlülükleri Toplamı,bold,15022847
2024-07,13,Yabanci Para Pozisyonu,10001,6,"Yabancı Para Pozisyonu (milyon TL), Dönem:2024/7",milyon TL,raw/2024-07_table13_group10001.json,05ddd4db9c6af1aea0193e6a15278f3e3d4f1b97da86acdc344f3f656ae10960,raw/2024-07_table13_group10001_info.json,b3a4ae45a2ad4ed704c2a69964428ad8cfb20ebf8a045700ae76264bdd36ff50,caption_and_validated_request_info,Sektör,6,Bilanço İçi Yükümlülükler,italic,11723606
2024-07,13,Yabanci Para Pozisyonu,10001,7,"Yabancı Para Pozisyonu (milyon TL), Dönem:2024/7",milyon TL,raw/2024-07_table13_group10001.json,05ddd4db9c6af1aea0193e6a15278f3e3d4f1b97da86acdc344f3f656ae10960,raw/2024-07_table13_group10001_info.json,b3a4ae45a2ad4ed704c2a69964428ad8cfb20ebf8a045700ae76264bdd36ff50,caption_and_validated_request_info,Sektör,7,Dövize Endeksli Yükümlülükler,italic,12643
2024-07,13,Yabanci Para Pozisyonu,10001,8,"Yabancı Para Pozisyonu (milyon TL), Dönem:2024/7",milyon TL,raw/2024-07_table13_group10001.json,05ddd4db9c6af1aea0193e6a15278f3e3d4f1b97da86acdc344f3f656ae10960,raw/2024-07_table13_group10001_info.json,b3a4ae45a2ad4ed704c2a69964428ad8cfb20ebf8a045700ae76264bdd36ff50,caption_and_validated_request_info,Sektör,8,Bilanço Dışı Yükümlülükler,italic,3299241
2024-07,13,Yabanci Para Pozisyonu,10001,9,"Yabancı Para Pozisyonu (milyon TL), Dönem:2024/7",milyon TL,raw/2024-07_table13_group10001.json,05ddd4db9c6af1aea0193e6a15278f3e3d4f1b97da86acdc344f3f656ae10960,raw/2024-07_table13_group10001_info.json,b3a4ae45a2ad4ed704c2a69964428ad8cfb20ebf8a045700ae76264bdd36ff50,caption_and_validated_request_info,Sektör,9,Yabancı Para Net Genel Pozisyonu,,63678
2024-07,13,Yabanci Para Pozisyonu,10001,10,"Yabancı Para Pozisyonu (milyon TL), Dönem:2024/7",milyon TL,raw/2024-07_table13_group10001.json,05ddd4db9c6af1aea0193e6a15278f3e3d4f1b97da86acdc344f3f656ae10960,raw/2024-07_table13_group10001_info.json,b3a4ae45a2ad4ed704c2a69964428ad8cfb20ebf8a045700ae76264bdd36ff50,caption_and_validated_request_info,Sektör,10,Yasal Özkaynak,,3118209
2024-07,13,Yabanci Para Pozisyonu,10001,11,"Yabancı Para Pozisyonu (milyon TL), Dönem:2024/7",milyon TL,raw/2024-07_table13_group10001.json,05ddd4db9c6af1aea0193e6a15278f3e3d4f1b97da86acdc344f3f656ae10960,raw/2024-07_table13_group10001_info.json,b3a4ae45a2ad4ed704c2a69964428ad8cfb20ebf8a045700ae76264bdd36ff50,caption_and_validated_request_info,Sektör,11,Yabancı Para Net Genel Pozisyon / Yasal Özkaynak Standart Oranı (Yüzde),bold,2
2024-08,13,Yabanci Para Pozisyonu,10001,1,"Yabancı Para Pozisyonu (milyon TL), Dönem:2024/8",milyon TL,raw/2024-08_table13_group10001.json,16f823dc48359c4257659a85d87e74e9843141a5b18f0ed518492e237170640d,raw/2024-08_table13_group10001_info.json,071ed873064d23f13315e6d2ff2035f29768407cc2956497948a7e33f041a4f7,caption_and_validated_request_info,Sektör,1,Döviz Varlıkları Toplamı,bold,16359563
2024-08,13,Yabanci Para Pozisyonu,10001,2,"Yabancı Para Pozisyonu (milyon TL), Dönem:2024/8",milyon TL,raw/2024-08_table13_group10001.json,16f823dc48359c4257659a85d87e74e9843141a5b18f0ed518492e237170640d,raw/2024-08_table13_group10001_info.json,071ed873064d23f13315e6d2ff2035f29768407cc2956497948a7e33f041a4f7,caption_and_validated_request_info,Sektör,2,Bilanço İçi Varlıklar,italic,11976042
2024-08,13,Yabanci Para Pozisyonu,10001,3,"Yabancı Para Pozisyonu (milyon TL), Dönem:2024/8",milyon TL,raw/2024-08_table13_group10001.json,16f823dc48359c4257659a85d87e74e9843141a5b18f0ed518492e237170640d,raw/2024-08_table13_group10001_info.json,071ed873064d23f13315e6d2ff2035f29768407cc2956497948a7e33f041a4f7,caption_and_validated_request_info,Sektör,3,Dövize Endeksli Varlıklar,italic,8255
2024-08,13,Yabanci Para Pozisyonu,10001,4,"Yabancı Para Pozisyonu (milyon TL), Dönem:2024/8",milyon TL,raw/2024-08_table13_group10001.json,16f823dc48359c4257659a85d87e74e9843141a5b18f0ed518492e237170640d,raw/2024-08_table13_group10001_info.json,071ed873064d23f13315e6d2ff2035f29768407cc2956497948a7e33f041a4f7,caption_and_validated_request_info,Sektör,4,Bilanço Dışı Varlıklar,italic,4383521
2024-08,13,Yabanci Para Pozisyonu,10001,5,"Yabancı Para Pozisyonu (milyon TL), Dönem:2024/8",milyon TL,raw/2024-08_table13_group10001.json,16f823dc48359c4257659a85d87e74e9843141a5b18f0ed518492e237170640d,raw/2024-08_table13_group10001_info.json,071ed873064d23f13315e6d2ff2035f29768407cc2956497948a7e33f041a4f7,caption_and_validated_request_info,Sektör,5,Döviz Yükümlülükleri Toplamı,bold,16267963
2024-08,13,Yabanci Para Pozisyonu,10001,6,"Yabancı Para Pozisyonu (milyon TL), Dönem:2024/8",milyon TL,raw/2024-08_table13_group10001.json,16f823dc48359c4257659a85d87e74e9843141a5b18f0ed518492e237170640d,raw/2024-08_table13_group10001_info.json,071ed873064d23f13315e6d2ff2035f29768407cc2956497948a7e33f041a4f7,caption_and_validated_request_info,Sektör,6,Bilanço İçi Yükümlülükler,italic,12469845
2024-08,13,Yabanci Para Pozisyonu,10001,7,"Yabancı Para Pozisyonu (milyon TL), Dönem:2024/8",milyon TL,raw/2024-08_table13_group10001.json,16f823dc48359c4257659a85d87e74e9843141a5b18f0ed518492e237170640d,raw/2024-08_table13_group10001_info.json,071ed873064d23f13315e6d2ff2035f29768407cc2956497948a7e33f041a4f7,caption_and_validated_request_info,Sektör,7,Dövize Endeksli Yükümlülükler,italic,11107
2024-08,13,Yabanci Para Pozisyonu,10001,8,"Yabancı Para Pozisyonu (milyon TL), Dönem:2024/8",milyon TL,raw/2024-08_table13_group10001.json,16f823dc48359c4257659a85d87e74e9843141a5b18f0ed518492e237170640d,raw/2024-08_table13_group10001_info.json,071ed873064d23f13315e6d2ff2035f29768407cc2956497948a7e33f041a4f7,caption_and_validated_request_info,Sektör,8,Bilanço Dışı Yükümlülükler,italic,3798118
2024-08,13,Yabanci Para Pozisyonu,10001,9,"Yabancı Para Pozisyonu (milyon TL), Dönem:2024/8",milyon TL,raw/2024-08_table13_group10001.json,16f823dc48359c4257659a85d87e74e9843141a5b18f0ed518492e237170640d,raw/2024-08_table13_group10001_info.json,071ed873064d23f13315e6d2ff2035f29768407cc2956497948a7e33f041a4f7,caption_and_validated_request_info,Sektör,9,Yabancı Para Net Genel Pozisyonu,,91600
2024-08,13,Yabanci Para Pozisyonu,10001,10,"Yabancı Para Pozisyonu (milyon TL), Dönem:2024/8",milyon TL,raw/2024-08_table13_group10001.json,16f823dc48359c4257659a85d87e74e9843141a5b18f0ed518492e237170640d,raw/2024-08_table13_group10001_info.json,071ed873064d23f13315e6d2ff2035f29768407cc2956497948a7e33f041a4f7,caption_and_validated_request_info,Sektör,10,Yasal Özkaynak,,3157481
2024-08,13,Yabanci Para Pozisyonu,10001,11,"Yabancı Para Pozisyonu (milyon TL), Dönem:2024/8",milyon TL,raw/2024-08_table13_group10001.json,16f823dc48359c4257659a85d87e74e9843141a5b18f0ed518492e237170640d,raw/2024-08_table13_group10001_info.json,071ed873064d23f13315e6d2ff2035f29768407cc2956497948a7e33f041a4f7,caption_and_validated_request_info,Sektör,11,Yabancı Para Net Genel Pozisyon / Yasal Özkaynak Standart Oranı (Yüzde),bold,3
2024-09,13,Yabanci Para Pozisyonu,10001,1,"Yabancı Para Pozisyonu (milyon TL), Dönem:2024/9",milyon TL,raw/2024-09_table13_group10001.json,ab09d25e672683d0ebc7c5504f3a74b80fe6d63b2751bab66f8919621875f08c,raw/2024-09_table13_group10001_info.json,b38a692de44255ca17bf7e507c7bd450717cf0ecca1de0b854a88051dd034632,caption_and_validated_request_info,Sektör,1,Döviz Varlıkları Toplamı,bold,16174899
2024-09,13,Yabanci Para Pozisyonu,10001,2,"Yabancı Para Pozisyonu (milyon TL), Dönem:2024/9",milyon TL,raw/2024-09_table13_group10001.json,ab09d25e672683d0ebc7c5504f3a74b80fe6d63b2751bab66f8919621875f08c,raw/2024-09_table13_group10001_info.json,b38a692de44255ca17bf7e507c7bd450717cf0ecca1de0b854a88051dd034632,caption_and_validated_request_info,Sektör,2,Bilanço İçi Varlıklar,italic,11939313
2024-09,13,Yabanci Para Pozisyonu,10001,3,"Yabancı Para Pozisyonu (milyon TL), Dönem:2024/9",milyon TL,raw/2024-09_table13_group10001.json,ab09d25e672683d0ebc7c5504f3a74b80fe6d63b2751bab66f8919621875f08c,raw/2024-09_table13_group10001_info.json,b38a692de44255ca17bf7e507c7bd450717cf0ecca1de0b854a88051dd034632,caption_and_validated_request_info,Sektör,3,Dövize Endeksli Varlıklar,italic,8116
2024-09,13,Yabanci Para Pozisyonu,10001,4,"Yabancı Para Pozisyonu (milyon TL), Dönem:2024/9",milyon TL,raw/2024-09_table13_group10001.json,ab09d25e672683d0ebc7c5504f3a74b80fe6d63b2751bab66f8919621875f08c,raw/2024-09_table13_group10001_info.json,b38a692de44255ca17bf7e507c7bd450717cf0ecca1de0b854a88051dd034632,caption_and_validated_request_info,Sektör,4,Bilanço Dışı Varlıklar,italic,4235586
2024-09,13,Yabanci Para Pozisyonu,10001,5,"Yabancı Para Pozisyonu (milyon TL), Dönem:2024/9",milyon TL,raw/2024-09_table13_group10001.json,ab09d25e672683d0ebc7c5504f3a74b80fe6d63b2751bab66f8919621875f08c,raw/2024-09_table13_group10001_info.json,b38a692de44255ca17bf7e507c7bd450717cf0ecca1de0b854a88051dd034632,caption_and_validated_request_info,Sektör,5,Döviz Yükümlülükleri Toplamı,bold,16100833
2024-09,13,Yabanci Para Pozisyonu,10001,6,"Yabancı Para Pozisyonu (milyon TL), Dönem:2024/9",milyon TL,raw/2024-09_table13_group10001.json,ab09d25e672683d0ebc7c5504f3a74b80fe6d63b2751bab66f8919621875f08c,raw/2024-09_table13_group10001_info.json,b38a692de44255ca17bf7e507c7bd450717cf0ecca1de0b854a88051dd034632,caption_and_validated_request_info,Sektör,6,Bilanço İçi Yükümlülükler,italic,12551904
2024-09,13,Yabanci Para Pozisyonu,10001,7,"Yabancı Para Pozisyonu (milyon TL), Dönem:2024/9",milyon TL,raw/2024-09_table13_group10001.json,ab09d25e672683d0ebc7c5504f3a74b80fe6d63b2751bab66f8919621875f08c,raw/2024-09_table13_group10001_info.json,b38a692de44255ca17bf7e507c7bd450717cf0ecca1de0b854a88051dd034632,caption_and_validated_request_info,Sektör,7,Dövize Endeksli Yükümlülükler,italic,10266
2024-09,13,Yabanci Para Pozisyonu,10001,8,"Yabancı Para Pozisyonu (milyon TL), Dönem:2024/9",milyon TL,raw/2024-09_table13_group10001.json,ab09d25e672683d0ebc7c5504f3a74b80fe6d63b2751bab66f8919621875f08c,raw/2024-09_table13_group10001_info.json,b38a692de44255ca17bf7e507c7bd450717cf0ecca1de0b854a88051dd034632,caption_and_validated_request_info,Sektör,8,Bilanço Dışı Yükümlülükler,italic,3548929
2024-09,13,Yabanci Para Pozisyonu,10001,9,"Yabancı Para Pozisyonu (milyon TL), Dönem:2024/9",milyon TL,raw/2024-09_table13_group10001.json,ab09d25e672683d0ebc7c5504f3a74b80fe6d63b2751bab66f8919621875f08c,raw/2024-09_table13_group10001_info.json,b38a692de44255ca17bf7e507c7bd450717cf0ecca1de0b854a88051dd034632,caption_and_validated_request_info,Sektör,9,Yabancı Para Net Genel Pozisyonu,,74066
2024-09,13,Yabanci Para Pozisyonu,10001,10,"Yabancı Para Pozisyonu (milyon TL), Dönem:2024/9",milyon TL,raw/2024-09_table13_group10001.json,ab09d25e672683d0ebc7c5504f3a74b80fe6d63b2751bab66f8919621875f08c,raw/2024-09_table13_group10001_info.json,b38a692de44255ca17bf7e507c7bd450717cf0ecca1de0b854a88051dd034632,caption_and_validated_request_info,Sektör,10,Yasal Özkaynak,,3228157
2024-09,13,Yabanci Para Pozisyonu,10001,11,"Yabancı Para Pozisyonu (milyon TL), Dönem:2024/9",milyon TL,raw/2024-09_table13_group10001.json,ab09d25e672683d0ebc7c5504f3a74b80fe6d63b2751bab66f8919621875f08c,raw/2024-09_table13_group10001_info.json,b38a692de44255ca17bf7e507c7bd450717cf0ecca1de0b854a88051dd034632,caption_and_validated_request_info,Sektör,11,Yabancı Para Net Genel Pozisyon / Yasal Özkaynak Standart Oranı (Yüzde),bold,2
2024-10,13,Yabanci Para Pozisyonu,10001,1,"Yabancı Para Pozisyonu (milyon TL), Dönem:2024/10",milyon TL,raw/2024-10_table13_group10001.json,9b26ff34d818bac431af08bbedf59fee1a0650c741524518136caa9e817686d9,raw/2024-10_table13_group10001_info.json,14553a5c2a0e8646b5f38fe706b22bef2ec1bc9e5b2fbd313a2d0b082e167f79,caption_and_validated_request_info,Sektör,1,Döviz Varlıkları Toplamı,bold,16218040
2024-10,13,Yabanci Para Pozisyonu,10001,2,"Yabancı Para Pozisyonu (milyon TL), Dönem:2024/10",milyon TL,raw/2024-10_table13_group10001.json,9b26ff34d818bac431af08bbedf59fee1a0650c741524518136caa9e817686d9,raw/2024-10_table13_group10001_info.json,14553a5c2a0e8646b5f38fe706b22bef2ec1bc9e5b2fbd313a2d0b082e167f79,caption_and_validated_request_info,Sektör,2,Bilanço İçi Varlıklar,italic,11946438
2024-10,13,Yabanci Para Pozisyonu,10001,3,"Yabancı Para Pozisyonu (milyon TL), Dönem:2024/10",milyon TL,raw/2024-10_table13_group10001.json,9b26ff34d818bac431af08bbedf59fee1a0650c741524518136caa9e817686d9,raw/2024-10_table13_group10001_info.json,14553a5c2a0e8646b5f38fe706b22bef2ec1bc9e5b2fbd313a2d0b082e167f79,caption_and_validated_request_info,Sektör,3,Dövize Endeksli Varlıklar,italic,7376
2024-10,13,Yabanci Para Pozisyonu,10001,4,"Yabancı Para Pozisyonu (milyon TL), Dönem:2024/10",milyon TL,raw/2024-10_table13_group10001.json,9b26ff34d818bac431af08bbedf59fee1a0650c741524518136caa9e817686d9,raw/2024-10_table13_group10001_info.json,14553a5c2a0e8646b5f38fe706b22bef2ec1bc9e5b2fbd313a2d0b082e167f79,caption_and_validated_request_info,Sektör,4,Bilanço Dışı Varlıklar,italic,4271602
2024-10,13,Yabanci Para Pozisyonu,10001,5,"Yabancı Para Pozisyonu (milyon TL), Dönem:2024/10",milyon TL,raw/2024-10_table13_group10001.json,9b26ff34d818bac431af08bbedf59fee1a0650c741524518136caa9e817686d9,raw/2024-10_table13_group10001_info.json,14553a5c2a0e8646b5f38fe706b22bef2ec1bc9e5b2fbd313a2d0b082e167f79,caption_and_validated_request_info,Sektör,5,Döviz Yükümlülükleri Toplamı,bold,16156163
2024-10,13,Yabanci Para Pozisyonu,10001,6,"Yabancı Para Pozisyonu (milyon TL), Dönem:2024/10",milyon TL,raw/2024-10_table13_group10001.json,9b26ff34d818bac431af08bbedf59fee1a0650c741524518136caa9e817686d9,raw/2024-10_table13_group10001_info.json,14553a5c2a0e8646b5f38fe706b22bef2ec1bc9e5b2fbd313a2d0b082e167f79,caption_and_validated_request_info,Sektör,6,Bilanço İçi Yükümlülükler,italic,12521326
2024-10,13,Yabanci Para Pozisyonu,10001,7,"Yabancı Para Pozisyonu (milyon TL), Dönem:2024/10",milyon TL,raw/2024-10_table13_group10001.json,9b26ff34d818bac431af08bbedf59fee1a0650c741524518136caa9e817686d9,raw/2024-10_table13_group10001_info.json,14553a5c2a0e8646b5f38fe706b22bef2ec1bc9e5b2fbd313a2d0b082e167f79,caption_and_validated_request_info,Sektör,7,Dövize Endeksli Yükümlülükler,italic,6348
2024-10,13,Yabanci Para Pozisyonu,10001,8,"Yabancı Para Pozisyonu (milyon TL), Dönem:2024/10",milyon TL,raw/2024-10_table13_group10001.json,9b26ff34d818bac431af08bbedf59fee1a0650c741524518136caa9e817686d9,raw/2024-10_table13_group10001_info.json,14553a5c2a0e8646b5f38fe706b22bef2ec1bc9e5b2fbd313a2d0b082e167f79,caption_and_validated_request_info,Sektör,8,Bilanço Dışı Yükümlülükler,italic,3634837
2024-10,13,Yabanci Para Pozisyonu,10001,9,"Yabancı Para Pozisyonu (milyon TL), Dönem:2024/10",milyon TL,raw/2024-10_table13_group10001.json,9b26ff34d818bac431af08bbedf59fee1a0650c741524518136caa9e817686d9,raw/2024-10_table13_group10001_info.json,14553a5c2a0e8646b5f38fe706b22bef2ec1bc9e5b2fbd313a2d0b082e167f79,caption_and_validated_request_info,Sektör,9,Yabancı Para Net Genel Pozisyonu,,61877
2024-10,13,Yabanci Para Pozisyonu,10001,10,"Yabancı Para Pozisyonu (milyon TL), Dönem:2024/10",milyon TL,raw/2024-10_table13_group10001.json,9b26ff34d818bac431af08bbedf59fee1a0650c741524518136caa9e817686d9,raw/2024-10_table13_group10001_info.json,14553a5c2a0e8646b5f38fe706b22bef2ec1bc9e5b2fbd313a2d0b082e167f79,caption_and_validated_request_info,Sektör,10,Yasal Özkaynak,,3300358
2024-10,13,Yabanci Para Pozisyonu,10001,11,"Yabancı Para Pozisyonu (milyon TL), Dönem:2024/10",milyon TL,raw/2024-10_table13_group10001.json,9b26ff34d818bac431af08bbedf59fee1a0650c741524518136caa9e817686d9,raw/2024-10_table13_group10001_info.json,14553a5c2a0e8646b5f38fe706b22bef2ec1bc9e5b2fbd313a2d0b082e167f79,caption_and_validated_request_info,Sektör,11,Yabancı Para Net Genel Pozisyon / Yasal Özkaynak Standart Oranı (Yüzde),bold,2
2024-11,13,Yabanci Para Pozisyonu,10001,1,"Yabancı Para Pozisyonu (milyon TL), Dönem:2024/11",milyon TL,raw/2024-11_table13_group10001.json,f521f76bd534d9bc7f30edede2d516bc763c6c123a95f32a0fca4512dbdd34aa,raw/2024-11_table13_group10001_info.json,631e2f9e05017863c2b84fb22a6c000b9fc96a09941da9b848828eb38ce2db15,caption_and_validated_request_info,Sektör,1,Döviz Varlıkları Toplamı,bold,16051842
2024-11,13,Yabanci Para Pozisyonu,10001,2,"Yabancı Para Pozisyonu (milyon TL), Dönem:2024/11",milyon TL,raw/2024-11_table13_group10001.json,f521f76bd534d9bc7f30edede2d516bc763c6c123a95f32a0fca4512dbdd34aa,raw/2024-11_table13_group10001_info.json,631e2f9e05017863c2b84fb22a6c000b9fc96a09941da9b848828eb38ce2db15,caption_and_validated_request_info,Sektör,2,Bilanço İçi Varlıklar,italic,11849919
2024-11,13,Yabanci Para Pozisyonu,10001,3,"Yabancı Para Pozisyonu (milyon TL), Dönem:2024/11",milyon TL,raw/2024-11_table13_group10001.json,f521f76bd534d9bc7f30edede2d516bc763c6c123a95f32a0fca4512dbdd34aa,raw/2024-11_table13_group10001_info.json,631e2f9e05017863c2b84fb22a6c000b9fc96a09941da9b848828eb38ce2db15,caption_and_validated_request_info,Sektör,3,Dövize Endeksli Varlıklar,italic,7161
2024-11,13,Yabanci Para Pozisyonu,10001,4,"Yabancı Para Pozisyonu (milyon TL), Dönem:2024/11",milyon TL,raw/2024-11_table13_group10001.json,f521f76bd534d9bc7f30edede2d516bc763c6c123a95f32a0fca4512dbdd34aa,raw/2024-11_table13_group10001_info.json,631e2f9e05017863c2b84fb22a6c000b9fc96a09941da9b848828eb38ce2db15,caption_and_validated_request_info,Sektör,4,Bilanço Dışı Varlıklar,italic,4201923
2024-11,13,Yabanci Para Pozisyonu,10001,5,"Yabancı Para Pozisyonu (milyon TL), Dönem:2024/11",milyon TL,raw/2024-11_table13_group10001.json,f521f76bd534d9bc7f30edede2d516bc763c6c123a95f32a0fca4512dbdd34aa,raw/2024-11_table13_group10001_info.json,631e2f9e05017863c2b84fb22a6c000b9fc96a09941da9b848828eb38ce2db15,caption_and_validated_request_info,Sektör,5,Döviz Yükümlülükleri Toplamı,bold,15984086
2024-11,13,Yabanci Para Pozisyonu,10001,6,"Yabancı Para Pozisyonu (milyon TL), Dönem:2024/11",milyon TL,raw/2024-11_table13_group10001.json,f521f76bd534d9bc7f30edede2d516bc763c6c123a95f32a0fca4512dbdd34aa,raw/2024-11_table13_group10001_info.json,631e2f9e05017863c2b84fb22a6c000b9fc96a09941da9b848828eb38ce2db15,caption_and_validated_request_info,Sektör,6,Bilanço İçi Yükümlülükler,italic,12444783
2024-11,13,Yabanci Para Pozisyonu,10001,7,"Yabancı Para Pozisyonu (milyon TL), Dönem:2024/11",milyon TL,raw/2024-11_table13_group10001.json,f521f76bd534d9bc7f30edede2d516bc763c6c123a95f32a0fca4512dbdd34aa,raw/2024-11_table13_group10001_info.json,631e2f9e05017863c2b84fb22a6c000b9fc96a09941da9b848828eb38ce2db15,caption_and_validated_request_info,Sektör,7,Dövize Endeksli Yükümlülükler,italic,3494
2024-11,13,Yabanci Para Pozisyonu,10001,8,"Yabancı Para Pozisyonu (milyon TL), Dönem:2024/11",milyon TL,raw/2024-11_table13_group10001.json,f521f76bd534d9bc7f30edede2d516bc763c6c123a95f32a0fca4512dbdd34aa,raw/2024-11_table13_group10001_info.json,631e2f9e05017863c2b84fb22a6c000b9fc96a09941da9b848828eb38ce2db15,caption_and_validated_request_info,Sektör,8,Bilanço Dışı Yükümlülükler,italic,3539303
2024-11,13,Yabanci Para Pozisyonu,10001,9,"Yabancı Para Pozisyonu (milyon TL), Dönem:2024/11",milyon TL,raw/2024-11_table13_group10001.json,f521f76bd534d9bc7f30edede2d516bc763c6c123a95f32a0fca4512dbdd34aa,raw/2024-11_table13_group10001_info.json,631e2f9e05017863c2b84fb22a6c000b9fc96a09941da9b848828eb38ce2db15,caption_and_validated_request_info,Sektör,9,Yabancı Para Net Genel Pozisyonu,,67756
2024-11,13,Yabanci Para Pozisyonu,10001,10,"Yabancı Para Pozisyonu (milyon TL), Dönem:2024/11",milyon TL,raw/2024-11_table13_group10001.json,f521f76bd534d9bc7f30edede2d516bc763c6c123a95f32a0fca4512dbdd34aa,raw/2024-11_table13_group10001_info.json,631e2f9e05017863c2b84fb22a6c000b9fc96a09941da9b848828eb38ce2db15,caption_and_validated_request_info,Sektör,10,Yasal Özkaynak,,3350422
2024-11,13,Yabanci Para Pozisyonu,10001,11,"Yabancı Para Pozisyonu (milyon TL), Dönem:2024/11",milyon TL,raw/2024-11_table13_group10001.json,f521f76bd534d9bc7f30edede2d516bc763c6c123a95f32a0fca4512dbdd34aa,raw/2024-11_table13_group10001_info.json,631e2f9e05017863c2b84fb22a6c000b9fc96a09941da9b848828eb38ce2db15,caption_and_validated_request_info,Sektör,11,Yabancı Para Net Genel Pozisyon / Yasal Özkaynak Standart Oranı (Yüzde),bold,2
2024-12,13,Yabanci Para Pozisyonu,10001,1,"Yabancı Para Pozisyonu (milyon TL), Dönem:2024/12",milyon TL,raw/2024-12_table13_group10001.json,50106542e35b59d126bd69f23a90b7b415fdc8b9b8c2617d560a533bd1997e3a,raw/2024-12_table13_group10001_info.json,da4932fc826d87179b25262ca650a05b0fab306865b56a1f1646496bb7446a7b,caption_and_validated_request_info,Sektör,1,Döviz Varlıkları Toplamı,bold,16581460
2024-12,13,Yabanci Para Pozisyonu,10001,2,"Yabancı Para Pozisyonu (milyon TL), Dönem:2024/12",milyon TL,raw/2024-12_table13_group10001.json,50106542e35b59d126bd69f23a90b7b415fdc8b9b8c2617d560a533bd1997e3a,raw/2024-12_table13_group10001_info.json,da4932fc826d87179b25262ca650a05b0fab306865b56a1f1646496bb7446a7b,caption_and_validated_request_info,Sektör,2,Bilanço İçi Varlıklar,italic,12022157
2024-12,13,Yabanci Para Pozisyonu,10001,3,"Yabancı Para Pozisyonu (milyon TL), Dönem:2024/12",milyon TL,raw/2024-12_table13_group10001.json,50106542e35b59d126bd69f23a90b7b415fdc8b9b8c2617d560a533bd1997e3a,raw/2024-12_table13_group10001_info.json,da4932fc826d87179b25262ca650a05b0fab306865b56a1f1646496bb7446a7b,caption_and_validated_request_info,Sektör,3,Dövize Endeksli Varlıklar,italic,6816
2024-12,13,Yabanci Para Pozisyonu,10001,4,"Yabancı Para Pozisyonu (milyon TL), Dönem:2024/12",milyon TL,raw/2024-12_table13_group10001.json,50106542e35b59d126bd69f23a90b7b415fdc8b9b8c2617d560a533bd1997e3a,raw/2024-12_table13_group10001_info.json,da4932fc826d87179b25262ca650a05b0fab306865b56a1f1646496bb7446a7b,caption_and_validated_request_info,Sektör,4,Bilanço Dışı Varlıklar,italic,4559303
2024-12,13,Yabanci Para Pozisyonu,10001,5,"Yabancı Para Pozisyonu (milyon TL), Dönem:2024/12",milyon TL,raw/2024-12_table13_group10001.json,50106542e35b59d126bd69f23a90b7b415fdc8b9b8c2617d560a533bd1997e3a,raw/2024-12_table13_group10001_info.json,da4932fc826d87179b25262ca650a05b0fab306865b56a1f1646496bb7446a7b,caption_and_validated_request_info,Sektör,5,Döviz Yükümlülükleri Toplamı,bold,16535009
2024-12,13,Yabanci Para Pozisyonu,10001,6,"Yabancı Para Pozisyonu (milyon TL), Dönem:2024/12",milyon TL,raw/2024-12_table13_group10001.json,50106542e35b59d126bd69f23a90b7b415fdc8b9b8c2617d560a533bd1997e3a,raw/2024-12_table13_group10001_info.json,da4932fc826d87179b25262ca650a05b0fab306865b56a1f1646496bb7446a7b,caption_and_validated_request_info,Sektör,6,Bilanço İçi Yükümlülükler,italic,12730591
2024-12,13,Yabanci Para Pozisyonu,10001,7,"Yabancı Para Pozisyonu (milyon TL), Dönem:2024/12",milyon TL,raw/2024-12_table13_group10001.json,50106542e35b59d126bd69f23a90b7b415fdc8b9b8c2617d560a533bd1997e3a,raw/2024-12_table13_group10001_info.json,da4932fc826d87179b25262ca650a05b0fab306865b56a1f1646496bb7446a7b,caption_and_validated_request_info,Sektör,7,Dövize Endeksli Yükümlülükler,italic,3283
2024-12,13,Yabanci Para Pozisyonu,10001,8,"Yabancı Para Pozisyonu (milyon TL), Dönem:2024/12",milyon TL,raw/2024-12_table13_group10001.json,50106542e35b59d126bd69f23a90b7b415fdc8b9b8c2617d560a533bd1997e3a,raw/2024-12_table13_group10001_info.json,da4932fc826d87179b25262ca650a05b0fab306865b56a1f1646496bb7446a7b,caption_and_validated_request_info,Sektör,8,Bilanço Dışı Yükümlülükler,italic,3804418
2024-12,13,Yabanci Para Pozisyonu,10001,9,"Yabancı Para Pozisyonu (milyon TL), Dönem:2024/12",milyon TL,raw/2024-12_table13_group10001.json,50106542e35b59d126bd69f23a90b7b415fdc8b9b8c2617d560a533bd1997e3a,raw/2024-12_table13_group10001_info.json,da4932fc826d87179b25262ca650a05b0fab306865b56a1f1646496bb7446a7b,caption_and_validated_request_info,Sektör,9,Yabancı Para Net Genel Pozisyonu,,46451
2024-12,13,Yabanci Para Pozisyonu,10001,10,"Yabancı Para Pozisyonu (milyon TL), Dönem:2024/12",milyon TL,raw/2024-12_table13_group10001.json,50106542e35b59d126bd69f23a90b7b415fdc8b9b8c2617d560a533bd1997e3a,raw/2024-12_table13_group10001_info.json,da4932fc826d87179b25262ca650a05b0fab306865b56a1f1646496bb7446a7b,caption_and_validated_request_info,Sektör,10,Yasal Özkaynak,,3496021
2024-12,13,Yabanci Para Pozisyonu,10001,11,"Yabancı Para Pozisyonu (milyon TL), Dönem:2024/12",milyon TL,raw/2024-12_table13_group10001.json,50106542e35b59d126bd69f23a90b7b415fdc8b9b8c2617d560a533bd1997e3a,raw/2024-12_table13_group10001_info.json,da4932fc826d87179b25262ca650a05b0fab306865b56a1f1646496bb7446a7b,caption_and_validated_request_info,Sektör,11,Yabancı Para Net Genel Pozisyon / Yasal Özkaynak Standart Oranı (Yüzde),bold,1
2025-01,13,Yabanci Para Pozisyonu,10001,1,"Yabancı Para Pozisyonu (milyon TL), Dönem:2025/1",milyon TL,raw/2025-01_table13_group10001.json,6ae1d547ee9e98513d176f304fee3a083bb5cc117ddcdeb1b8c4361baae75a5e,raw/2025-01_table13_group10001_info.json,6762ec9543ff0cdfdf83c10fd2b6a7c4cb2e11bdc417e3e7de4cf1138f92f48f,caption_and_validated_request_info,Sektör,1,Döviz Varlıkları Toplamı,bold,17541964
2025-01,13,Yabanci Para Pozisyonu,10001,2,"Yabancı Para Pozisyonu (milyon TL), Dönem:2025/1",milyon TL,raw/2025-01_table13_group10001.json,6ae1d547ee9e98513d176f304fee3a083bb5cc117ddcdeb1b8c4361baae75a5e,raw/2025-01_table13_group10001_info.json,6762ec9543ff0cdfdf83c10fd2b6a7c4cb2e11bdc417e3e7de4cf1138f92f48f,caption_and_validated_request_info,Sektör,2,Bilanço İçi Varlıklar,italic,12537039
2025-01,13,Yabanci Para Pozisyonu,10001,3,"Yabancı Para Pozisyonu (milyon TL), Dönem:2025/1",milyon TL,raw/2025-01_table13_group10001.json,6ae1d547ee9e98513d176f304fee3a083bb5cc117ddcdeb1b8c4361baae75a5e,raw/2025-01_table13_group10001_info.json,6762ec9543ff0cdfdf83c10fd2b6a7c4cb2e11bdc417e3e7de4cf1138f92f48f,caption_and_validated_request_info,Sektör,3,Dövize Endeksli Varlıklar,italic,6692
2025-01,13,Yabanci Para Pozisyonu,10001,4,"Yabancı Para Pozisyonu (milyon TL), Dönem:2025/1",milyon TL,raw/2025-01_table13_group10001.json,6ae1d547ee9e98513d176f304fee3a083bb5cc117ddcdeb1b8c4361baae75a5e,raw/2025-01_table13_group10001_info.json,6762ec9543ff0cdfdf83c10fd2b6a7c4cb2e11bdc417e3e7de4cf1138f92f48f,caption_and_validated_request_info,Sektör,4,Bilanço Dışı Varlıklar,italic,5004925
2025-01,13,Yabanci Para Pozisyonu,10001,5,"Yabancı Para Pozisyonu (milyon TL), Dönem:2025/1",milyon TL,raw/2025-01_table13_group10001.json,6ae1d547ee9e98513d176f304fee3a083bb5cc117ddcdeb1b8c4361baae75a5e,raw/2025-01_table13_group10001_info.json,6762ec9543ff0cdfdf83c10fd2b6a7c4cb2e11bdc417e3e7de4cf1138f92f48f,caption_and_validated_request_info,Sektör,5,Döviz Yükümlülükleri Toplamı,bold,17506327
2025-01,13,Yabanci Para Pozisyonu,10001,6,"Yabancı Para Pozisyonu (milyon TL), Dönem:2025/1",milyon TL,raw/2025-01_table13_group10001.json,6ae1d547ee9e98513d176f304fee3a083bb5cc117ddcdeb1b8c4361baae75a5e,raw/2025-01_table13_group10001_info.json,6762ec9543ff0cdfdf83c10fd2b6a7c4cb2e11bdc417e3e7de4cf1138f92f48f,caption_and_validated_request_info,Sektör,6,Bilanço İçi Yükümlülükler,italic,13069977
2025-01,13,Yabanci Para Pozisyonu,10001,7,"Yabancı Para Pozisyonu (milyon TL), Dönem:2025/1",milyon TL,raw/2025-01_table13_group10001.json,6ae1d547ee9e98513d176f304fee3a083bb5cc117ddcdeb1b8c4361baae75a5e,raw/2025-01_table13_group10001_info.json,6762ec9543ff0cdfdf83c10fd2b6a7c4cb2e11bdc417e3e7de4cf1138f92f48f,caption_and_validated_request_info,Sektör,7,Dövize Endeksli Yükümlülükler,italic,2293
2025-01,13,Yabanci Para Pozisyonu,10001,8,"Yabancı Para Pozisyonu (milyon TL), Dönem:2025/1",milyon TL,raw/2025-01_table13_group10001.json,6ae1d547ee9e98513d176f304fee3a083bb5cc117ddcdeb1b8c4361baae75a5e,raw/2025-01_table13_group10001_info.json,6762ec9543ff0cdfdf83c10fd2b6a7c4cb2e11bdc417e3e7de4cf1138f92f48f,caption_and_validated_request_info,Sektör,8,Bilanço Dışı Yükümlülükler,italic,4436350
2025-01,13,Yabanci Para Pozisyonu,10001,9,"Yabancı Para Pozisyonu (milyon TL), Dönem:2025/1",milyon TL,raw/2025-01_table13_group10001.json,6ae1d547ee9e98513d176f304fee3a083bb5cc117ddcdeb1b8c4361baae75a5e,raw/2025-01_table13_group10001_info.json,6762ec9543ff0cdfdf83c10fd2b6a7c4cb2e11bdc417e3e7de4cf1138f92f48f,caption_and_validated_request_info,Sektör,9,Yabancı Para Net Genel Pozisyonu,,35637
2025-01,13,Yabanci Para Pozisyonu,10001,10,"Yabancı Para Pozisyonu (milyon TL), Dönem:2025/1",milyon TL,raw/2025-01_table13_group10001.json,6ae1d547ee9e98513d176f304fee3a083bb5cc117ddcdeb1b8c4361baae75a5e,raw/2025-01_table13_group10001_info.json,6762ec9543ff0cdfdf83c10fd2b6a7c4cb2e11bdc417e3e7de4cf1138f92f48f,caption_and_validated_request_info,Sektör,10,Yasal Özkaynak,,3636255
2025-01,13,Yabanci Para Pozisyonu,10001,11,"Yabancı Para Pozisyonu (milyon TL), Dönem:2025/1",milyon TL,raw/2025-01_table13_group10001.json,6ae1d547ee9e98513d176f304fee3a083bb5cc117ddcdeb1b8c4361baae75a5e,raw/2025-01_table13_group10001_info.json,6762ec9543ff0cdfdf83c10fd2b6a7c4cb2e11bdc417e3e7de4cf1138f92f48f,caption_and_validated_request_info,Sektör,11,Yabancı Para Net Genel Pozisyon / Yasal Özkaynak Standart Oranı (Yüzde),bold,1
2025-02,13,Yabanci Para Pozisyonu,10001,1,"Yabancı Para Pozisyonu (milyon TL), Dönem:2025/2",milyon TL,raw/2025-02_table13_group10001.json,467937f6ca9915468f7a8d2428c21ad4b8ff0bd0c5f598e396a096d82f9c55e2,raw/2025-02_table13_group10001_info.json,eca818eb76fbb58e71ee4b3197cadf6c7464a2aa96f5d0565fd7afbdf7b2e3f7,caption_and_validated_request_info,Sektör,1,Döviz Varlıkları Toplamı,bold,18406222
2025-02,13,Yabanci Para Pozisyonu,10001,2,"Yabancı Para Pozisyonu (milyon TL), Dönem:2025/2",milyon TL,raw/2025-02_table13_group10001.json,467937f6ca9915468f7a8d2428c21ad4b8ff0bd0c5f598e396a096d82f9c55e2,raw/2025-02_table13_group10001_info.json,eca818eb76fbb58e71ee4b3197cadf6c7464a2aa96f5d0565fd7afbdf7b2e3f7,caption_and_validated_request_info,Sektör,2,Bilanço İçi Varlıklar,italic,12950174
2025-02,13,Yabanci Para Pozisyonu,10001,3,"Yabancı Para Pozisyonu (milyon TL), Dönem:2025/2",milyon TL,raw/2025-02_table13_group10001.json,467937f6ca9915468f7a8d2428c21ad4b8ff0bd0c5f598e396a096d82f9c55e2,raw/2025-02_table13_group10001_info.json,eca818eb76fbb58e71ee4b3197cadf6c7464a2aa96f5d0565fd7afbdf7b2e3f7,caption_and_validated_request_info,Sektör,3,Dövize Endeksli Varlıklar,italic,6556
2025-02,13,Yabanci Para Pozisyonu,10001,4,"Yabancı Para Pozisyonu (milyon TL), Dönem:2025/2",milyon TL,raw/2025-02_table13_group10001.json,467937f6ca9915468f7a8d2428c21ad4b8ff0bd0c5f598e396a096d82f9c55e2,raw/2025-02_table13_group10001_info.json,eca818eb76fbb58e71ee4b3197cadf6c7464a2aa96f5d0565fd7afbdf7b2e3f7,caption_and_validated_request_info,Sektör,4,Bilanço Dışı Varlıklar,italic,5456048
2025-02,13,Yabanci Para Pozisyonu,10001,5,"Yabancı Para Pozisyonu (milyon TL), Dönem:2025/2",milyon TL,raw/2025-02_table13_group10001.json,467937f6ca9915468f7a8d2428c21ad4b8ff0bd0c5f598e396a096d82f9c55e2,raw/2025-02_table13_group10001_info.json,eca818eb76fbb58e71ee4b3197cadf6c7464a2aa96f5d0565fd7afbdf7b2e3f7,caption_and_validated_request_info,Sektör,5,Döviz Yükümlülükleri Toplamı,bold,18357117
2025-02,13,Yabanci Para Pozisyonu,10001,6,"Yabancı Para Pozisyonu (milyon TL), Dönem:2025/2",milyon TL,raw/2025-02_table13_group10001.json,467937f6ca9915468f7a8d2428c21ad4b8ff0bd0c5f598e396a096d82f9c55e2,raw/2025-02_table13_group10001_info.json,eca818eb76fbb58e71ee4b3197cadf6c7464a2aa96f5d0565fd7afbdf7b2e3f7,caption_and_validated_request_info,Sektör,6,Bilanço İçi Yükümlülükler,italic,13680165
2025-02,13,Yabanci Para Pozisyonu,10001,7,"Yabancı Para Pozisyonu (milyon TL), Dönem:2025/2",milyon TL,raw/2025-02_table13_group10001.json,467937f6ca9915468f7a8d2428c21ad4b8ff0bd0c5f598e396a096d82f9c55e2,raw/2025-02_table13_group10001_info.json,eca818eb76fbb58e71ee4b3197cadf6c7464a2aa96f5d0565fd7afbdf7b2e3f7,caption_and_validated_request_info,Sektör,7,Dövize Endeksli Yükümlülükler,italic,1908
2025-02,13,Yabanci Para Pozisyonu,10001,8,"Yabancı Para Pozisyonu (milyon TL), Dönem:2025/2",milyon TL,raw/2025-02_table13_group10001.json,467937f6ca9915468f7a8d2428c21ad4b8ff0bd0c5f598e396a096d82f9c55e2,raw/2025-02_table13_group10001_info.json,eca818eb76fbb58e71ee4b3197cadf6c7464a2aa96f5d0565fd7afbdf7b2e3f7,caption_and_validated_request_info,Sektör,8,Bilanço Dışı Yükümlülükler,italic,4676952
2025-02,13,Yabanci Para Pozisyonu,10001,9,"Yabancı Para Pozisyonu (milyon TL), Dönem:2025/2",milyon TL,raw/2025-02_table13_group10001.json,467937f6ca9915468f7a8d2428c21ad4b8ff0bd0c5f598e396a096d82f9c55e2,raw/2025-02_table13_group10001_info.json,eca818eb76fbb58e71ee4b3197cadf6c7464a2aa96f5d0565fd7afbdf7b2e3f7,caption_and_validated_request_info,Sektör,9,Yabancı Para Net Genel Pozisyonu,,49105
2025-02,13,Yabanci Para Pozisyonu,10001,10,"Yabancı Para Pozisyonu (milyon TL), Dönem:2025/2",milyon TL,raw/2025-02_table13_group10001.json,467937f6ca9915468f7a8d2428c21ad4b8ff0bd0c5f598e396a096d82f9c55e2,raw/2025-02_table13_group10001_info.json,eca818eb76fbb58e71ee4b3197cadf6c7464a2aa96f5d0565fd7afbdf7b2e3f7,caption_and_validated_request_info,Sektör,10,Yasal Özkaynak,,3740194
2025-02,13,Yabanci Para Pozisyonu,10001,11,"Yabancı Para Pozisyonu (milyon TL), Dönem:2025/2",milyon TL,raw/2025-02_table13_group10001.json,467937f6ca9915468f7a8d2428c21ad4b8ff0bd0c5f598e396a096d82f9c55e2,raw/2025-02_table13_group10001_info.json,eca818eb76fbb58e71ee4b3197cadf6c7464a2aa96f5d0565fd7afbdf7b2e3f7,caption_and_validated_request_info,Sektör,11,Yabancı Para Net Genel Pozisyon / Yasal Özkaynak Standart Oranı (Yüzde),bold,1
2025-03,13,Yabanci Para Pozisyonu,10001,1,"Yabancı Para Pozisyonu (milyon TL), Dönem:2025/3",milyon TL,raw/2025-03_table13_group10001.json,db078eaa5b71f7b0fd3ac8a15da4456fdd3411611f9f93437c788282c18d71ae,raw/2025-03_table13_group10001_info.json,86f93448f44dd167d00118c38ba8c1fd6bad9992199cc15c1f4d36639eca5ba9,caption_and_validated_request_info,Sektör,1,Döviz Varlıkları Toplamı,bold,20497047
2025-03,13,Yabanci Para Pozisyonu,10001,2,"Yabancı Para Pozisyonu (milyon TL), Dönem:2025/3",milyon TL,raw/2025-03_table13_group10001.json,db078eaa5b71f7b0fd3ac8a15da4456fdd3411611f9f93437c788282c18d71ae,raw/2025-03_table13_group10001_info.json,86f93448f44dd167d00118c38ba8c1fd6bad9992199cc15c1f4d36639eca5ba9,caption_and_validated_request_info,Sektör,2,Bilanço İçi Varlıklar,italic,14234536
2025-03,13,Yabanci Para Pozisyonu,10001,3,"Yabancı Para Pozisyonu (milyon TL), Dönem:2025/3",milyon TL,raw/2025-03_table13_group10001.json,db078eaa5b71f7b0fd3ac8a15da4456fdd3411611f9f93437c788282c18d71ae,raw/2025-03_table13_group10001_info.json,86f93448f44dd167d00118c38ba8c1fd6bad9992199cc15c1f4d36639eca5ba9,caption_and_validated_request_info,Sektör,3,Dövize Endeksli Varlıklar,italic,6844
2025-03,13,Yabanci Para Pozisyonu,10001,4,"Yabancı Para Pozisyonu (milyon TL), Dönem:2025/3",milyon TL,raw/2025-03_table13_group10001.json,db078eaa5b71f7b0fd3ac8a15da4456fdd3411611f9f93437c788282c18d71ae,raw/2025-03_table13_group10001_info.json,86f93448f44dd167d00118c38ba8c1fd6bad9992199cc15c1f4d36639eca5ba9,caption_and_validated_request_info,Sektör,4,Bilanço Dışı Varlıklar,italic,6262512
2025-03,13,Yabanci Para Pozisyonu,10001,5,"Yabancı Para Pozisyonu (milyon TL), Dönem:2025/3",milyon TL,raw/2025-03_table13_group10001.json,db078eaa5b71f7b0fd3ac8a15da4456fdd3411611f9f93437c788282c18d71ae,raw/2025-03_table13_group10001_info.json,86f93448f44dd167d00118c38ba8c1fd6bad9992199cc15c1f4d36639eca5ba9,caption_and_validated_request_info,Sektör,5,Döviz Yükümlülükleri Toplamı,bold,20406379
2025-03,13,Yabanci Para Pozisyonu,10001,6,"Yabancı Para Pozisyonu (milyon TL), Dönem:2025/3",milyon TL,raw/2025-03_table13_group10001.json,db078eaa5b71f7b0fd3ac8a15da4456fdd3411611f9f93437c788282c18d71ae,raw/2025-03_table13_group10001_info.json,86f93448f44dd167d00118c38ba8c1fd6bad9992199cc15c1f4d36639eca5ba9,caption_and_validated_request_info,Sektör,6,Bilanço İçi Yükümlülükler,italic,15161249
2025-03,13,Yabanci Para Pozisyonu,10001,7,"Yabancı Para Pozisyonu (milyon TL), Dönem:2025/3",milyon TL,raw/2025-03_table13_group10001.json,db078eaa5b71f7b0fd3ac8a15da4456fdd3411611f9f93437c788282c18d71ae,raw/2025-03_table13_group10001_info.json,86f93448f44dd167d00118c38ba8c1fd6bad9992199cc15c1f4d36639eca5ba9,caption_and_validated_request_info,Sektör,7,Dövize Endeksli Yükümlülükler,italic,1747
2025-03,13,Yabanci Para Pozisyonu,10001,8,"Yabancı Para Pozisyonu (milyon TL), Dönem:2025/3",milyon TL,raw/2025-03_table13_group10001.json,db078eaa5b71f7b0fd3ac8a15da4456fdd3411611f9f93437c788282c18d71ae,raw/2025-03_table13_group10001_info.json,86f93448f44dd167d00118c38ba8c1fd6bad9992199cc15c1f4d36639eca5ba9,caption_and_validated_request_info,Sektör,8,Bilanço Dışı Yükümlülükler,italic,5245130
2025-03,13,Yabanci Para Pozisyonu,10001,9,"Yabancı Para Pozisyonu (milyon TL), Dönem:2025/3",milyon TL,raw/2025-03_table13_group10001.json,db078eaa5b71f7b0fd3ac8a15da4456fdd3411611f9f93437c788282c18d71ae,raw/2025-03_table13_group10001_info.json,86f93448f44dd167d00118c38ba8c1fd6bad9992199cc15c1f4d36639eca5ba9,caption_and_validated_request_info,Sektör,9,Yabancı Para Net Genel Pozisyonu,,90668
2025-03,13,Yabanci Para Pozisyonu,10001,10,"Yabancı Para Pozisyonu (milyon TL), Dönem:2025/3",milyon TL,raw/2025-03_table13_group10001.json,db078eaa5b71f7b0fd3ac8a15da4456fdd3411611f9f93437c788282c18d71ae,raw/2025-03_table13_group10001_info.json,86f93448f44dd167d00118c38ba8c1fd6bad9992199cc15c1f4d36639eca5ba9,caption_and_validated_request_info,Sektör,10,Yasal Özkaynak,,3776197
2025-03,13,Yabanci Para Pozisyonu,10001,11,"Yabancı Para Pozisyonu (milyon TL), Dönem:2025/3",milyon TL,raw/2025-03_table13_group10001.json,db078eaa5b71f7b0fd3ac8a15da4456fdd3411611f9f93437c788282c18d71ae,raw/2025-03_table13_group10001_info.json,86f93448f44dd167d00118c38ba8c1fd6bad9992199cc15c1f4d36639eca5ba9,caption_and_validated_request_info,Sektör,11,Yabancı Para Net Genel Pozisyon / Yasal Özkaynak Standart Oranı (Yüzde),bold,2
2025-04,13,Yabanci Para Pozisyonu,10001,1,"Yabancı Para Pozisyonu (milyon TL), Dönem:2025/4",milyon TL,raw/2025-04_table13_group10001.json,6eba1427e7f8327bf705747e57cad959b55a0c09be6bb57b0cf89290ba499acc,raw/2025-04_table13_group10001_info.json,4fee554c3a322000fd25c3fa6b97bb515f7f9eae410b16f8c3ff4c78392c5d97,caption_and_validated_request_info,Sektör,1,Döviz Varlıkları Toplamı,bold,21111913
2025-04,13,Yabanci Para Pozisyonu,10001,2,"Yabancı Para Pozisyonu (milyon TL), Dönem:2025/4",milyon TL,raw/2025-04_table13_group10001.json,6eba1427e7f8327bf705747e57cad959b55a0c09be6bb57b0cf89290ba499acc,raw/2025-04_table13_group10001_info.json,4fee554c3a322000fd25c3fa6b97bb515f7f9eae410b16f8c3ff4c78392c5d97,caption_and_validated_request_info,Sektör,2,Bilanço İçi Varlıklar,italic,15085575
2025-04,13,Yabanci Para Pozisyonu,10001,3,"Yabancı Para Pozisyonu (milyon TL), Dönem:2025/4",milyon TL,raw/2025-04_table13_group10001.json,6eba1427e7f8327bf705747e57cad959b55a0c09be6bb57b0cf89290ba499acc,raw/2025-04_table13_group10001_info.json,4fee554c3a322000fd25c3fa6b97bb515f7f9eae410b16f8c3ff4c78392c5d97,caption_and_validated_request_info,Sektör,3,Dövize Endeksli Varlıklar,italic,6807
2025-04,13,Yabanci Para Pozisyonu,10001,4,"Yabancı Para Pozisyonu (milyon TL), Dönem:2025/4",milyon TL,raw/2025-04_table13_group10001.json,6eba1427e7f8327bf705747e57cad959b55a0c09be6bb57b0cf89290ba499acc,raw/2025-04_table13_group10001_info.json,4fee554c3a322000fd25c3fa6b97bb515f7f9eae410b16f8c3ff4c78392c5d97,caption_and_validated_request_info,Sektör,4,Bilanço Dışı Varlıklar,italic,6026338
2025-04,13,Yabanci Para Pozisyonu,10001,5,"Yabancı Para Pozisyonu (milyon TL), Dönem:2025/4",milyon TL,raw/2025-04_table13_group10001.json,6eba1427e7f8327bf705747e57cad959b55a0c09be6bb57b0cf89290ba499acc,raw/2025-04_table13_group10001_info.json,4fee554c3a322000fd25c3fa6b97bb515f7f9eae410b16f8c3ff4c78392c5d97,caption_and_validated_request_info,Sektör,5,Döviz Yükümlülükleri Toplamı,bold,21068434
2025-04,13,Yabanci Para Pozisyonu,10001,6,"Yabancı Para Pozisyonu (milyon TL), Dönem:2025/4",milyon TL,raw/2025-04_table13_group10001.json,6eba1427e7f8327bf705747e57cad959b55a0c09be6bb57b0cf89290ba499acc,raw/2025-04_table13_group10001_info.json,4fee554c3a322000fd25c3fa6b97bb515f7f9eae410b16f8c3ff4c78392c5d97,caption_and_validated_request_info,Sektör,6,Bilanço İçi Yükümlülükler,italic,15934413
2025-04,13,Yabanci Para Pozisyonu,10001,7,"Yabancı Para Pozisyonu (milyon TL), Dönem:2025/4",milyon TL,raw/2025-04_table13_group10001.json,6eba1427e7f8327bf705747e57cad959b55a0c09be6bb57b0cf89290ba499acc,raw/2025-04_table13_group10001_info.json,4fee554c3a322000fd25c3fa6b97bb515f7f9eae410b16f8c3ff4c78392c5d97,caption_and_validated_request_info,Sektör,7,Dövize Endeksli Yükümlülükler,italic,839
2025-04,13,Yabanci Para Pozisyonu,10001,8,"Yabancı Para Pozisyonu (milyon TL), Dönem:2025/4",milyon TL,raw/2025-04_table13_group10001.json,6eba1427e7f8327bf705747e57cad959b55a0c09be6bb57b0cf89290ba499acc,raw/2025-04_table13_group10001_info.json,4fee554c3a322000fd25c3fa6b97bb515f7f9eae410b16f8c3ff4c78392c5d97,caption_and_validated_request_info,Sektör,8,Bilanço Dışı Yükümlülükler,italic,5134021
2025-04,13,Yabanci Para Pozisyonu,10001,9,"Yabancı Para Pozisyonu (milyon TL), Dönem:2025/4",milyon TL,raw/2025-04_table13_group10001.json,6eba1427e7f8327bf705747e57cad959b55a0c09be6bb57b0cf89290ba499acc,raw/2025-04_table13_group10001_info.json,4fee554c3a322000fd25c3fa6b97bb515f7f9eae410b16f8c3ff4c78392c5d97,caption_and_validated_request_info,Sektör,9,Yabancı Para Net Genel Pozisyonu,,43478
2025-04,13,Yabanci Para Pozisyonu,10001,10,"Yabancı Para Pozisyonu (milyon TL), Dönem:2025/4",milyon TL,raw/2025-04_table13_group10001.json,6eba1427e7f8327bf705747e57cad959b55a0c09be6bb57b0cf89290ba499acc,raw/2025-04_table13_group10001_info.json,4fee554c3a322000fd25c3fa6b97bb515f7f9eae410b16f8c3ff4c78392c5d97,caption_and_validated_request_info,Sektör,10,Yasal Özkaynak,,3885421
2025-04,13,Yabanci Para Pozisyonu,10001,11,"Yabancı Para Pozisyonu (milyon TL), Dönem:2025/4",milyon TL,raw/2025-04_table13_group10001.json,6eba1427e7f8327bf705747e57cad959b55a0c09be6bb57b0cf89290ba499acc,raw/2025-04_table13_group10001_info.json,4fee554c3a322000fd25c3fa6b97bb515f7f9eae410b16f8c3ff4c78392c5d97,caption_and_validated_request_info,Sektör,11,Yabancı Para Net Genel Pozisyon / Yasal Özkaynak Standart Oranı (Yüzde),bold,1
2025-05,13,Yabanci Para Pozisyonu,10001,1,"Yabancı Para Pozisyonu (milyon TL), Dönem:2025/5",milyon TL,raw/2025-05_table13_group10001.json,26be954e38e40b572a422a7ab8046252645dc33a9db06a83b09f9277f55ffa9c,raw/2025-05_table13_group10001_info.json,b40982731c9b1cf16a0d87620559de907807a71bd0bb8689989efec6b0c4009e,caption_and_validated_request_info,Sektör,1,Döviz Varlıkları Toplamı,bold,21306369
2025-05,13,Yabanci Para Pozisyonu,10001,2,"Yabancı Para Pozisyonu (milyon TL), Dönem:2025/5",milyon TL,raw/2025-05_table13_group10001.json,26be954e38e40b572a422a7ab8046252645dc33a9db06a83b09f9277f55ffa9c,raw/2025-05_table13_group10001_info.json,b40982731c9b1cf16a0d87620559de907807a71bd0bb8689989efec6b0c4009e,caption_and_validated_request_info,Sektör,2,Bilanço İçi Varlıklar,italic,15115177
2025-05,13,Yabanci Para Pozisyonu,10001,3,"Yabancı Para Pozisyonu (milyon TL), Dönem:2025/5",milyon TL,raw/2025-05_table13_group10001.json,26be954e38e40b572a422a7ab8046252645dc33a9db06a83b09f9277f55ffa9c,raw/2025-05_table13_group10001_info.json,b40982731c9b1cf16a0d87620559de907807a71bd0bb8689989efec6b0c4009e,caption_and_validated_request_info,Sektör,3,Dövize Endeksli Varlıklar,italic,6786
2025-05,13,Yabanci Para Pozisyonu,10001,4,"Yabancı Para Pozisyonu (milyon TL), Dönem:2025/5",milyon TL,raw/2025-05_table13_group10001.json,26be954e38e40b572a422a7ab8046252645dc33a9db06a83b09f9277f55ffa9c,raw/2025-05_table13_group10001_info.json,b40982731c9b1cf16a0d87620559de907807a71bd0bb8689989efec6b0c4009e,caption_and_validated_request_info,Sektör,4,Bilanço Dışı Varlıklar,italic,6191192
2025-05,13,Yabanci Para Pozisyonu,10001,5,"Yabancı Para Pozisyonu (milyon TL), Dönem:2025/5",milyon TL,raw/2025-05_table13_group10001.json,26be954e38e40b572a422a7ab8046252645dc33a9db06a83b09f9277f55ffa9c,raw/2025-05_table13_group10001_info.json,b40982731c9b1cf16a0d87620559de907807a71bd0bb8689989efec6b0c4009e,caption_and_validated_request_info,Sektör,5,Döviz Yükümlülükleri Toplamı,bold,21231918
2025-05,13,Yabanci Para Pozisyonu,10001,6,"Yabancı Para Pozisyonu (milyon TL), Dönem:2025/5",milyon TL,raw/2025-05_table13_group10001.json,26be954e38e40b572a422a7ab8046252645dc33a9db06a83b09f9277f55ffa9c,raw/2025-05_table13_group10001_info.json,b40982731c9b1cf16a0d87620559de907807a71bd0bb8689989efec6b0c4009e,caption_and_validated_request_info,Sektör,6,Bilanço İçi Yükümlülükler,italic,16148895
2025-05,13,Yabanci Para Pozisyonu,10001,7,"Yabancı Para Pozisyonu (milyon TL), Dönem:2025/5",milyon TL,raw/2025-05_table13_group10001.json,26be954e38e40b572a422a7ab8046252645dc33a9db06a83b09f9277f55ffa9c,raw/2025-05_table13_group10001_info.json,b40982731c9b1cf16a0d87620559de907807a71bd0bb8689989efec6b0c4009e,caption_and_validated_request_info,Sektör,7,Dövize Endeksli Yükümlülükler,italic,527
2025-05,13,Yabanci Para Pozisyonu,10001,8,"Yabancı Para Pozisyonu (milyon TL), Dönem:2025/5",milyon TL,raw/2025-05_table13_group10001.json,26be954e38e40b572a422a7ab8046252645dc33a9db06a83b09f9277f55ffa9c,raw/2025-05_table13_group10001_info.json,b40982731c9b1cf16a0d87620559de907807a71bd0bb8689989efec6b0c4009e,caption_and_validated_request_info,Sektör,8,Bilanço Dışı Yükümlülükler,italic,5083023
2025-05,13,Yabanci Para Pozisyonu,10001,9,"Yabancı Para Pozisyonu (milyon TL), Dönem:2025/5",milyon TL,raw/2025-05_table13_group10001.json,26be954e38e40b572a422a7ab8046252645dc33a9db06a83b09f9277f55ffa9c,raw/2025-05_table13_group10001_info.json,b40982731c9b1cf16a0d87620559de907807a71bd0bb8689989efec6b0c4009e,caption_and_validated_request_info,Sektör,9,Yabancı Para Net Genel Pozisyonu,,74451
2025-05,13,Yabanci Para Pozisyonu,10001,10,"Yabancı Para Pozisyonu (milyon TL), Dönem:2025/5",milyon TL,raw/2025-05_table13_group10001.json,26be954e38e40b572a422a7ab8046252645dc33a9db06a83b09f9277f55ffa9c,raw/2025-05_table13_group10001_info.json,b40982731c9b1cf16a0d87620559de907807a71bd0bb8689989efec6b0c4009e,caption_and_validated_request_info,Sektör,10,Yasal Özkaynak,,3945104
2025-05,13,Yabanci Para Pozisyonu,10001,11,"Yabancı Para Pozisyonu (milyon TL), Dönem:2025/5",milyon TL,raw/2025-05_table13_group10001.json,26be954e38e40b572a422a7ab8046252645dc33a9db06a83b09f9277f55ffa9c,raw/2025-05_table13_group10001_info.json,b40982731c9b1cf16a0d87620559de907807a71bd0bb8689989efec6b0c4009e,caption_and_validated_request_info,Sektör,11,Yabancı Para Net Genel Pozisyon / Yasal Özkaynak Standart Oranı (Yüzde),bold,2
2025-06,13,Yabanci Para Pozisyonu,10001,1,"Yabancı Para Pozisyonu (milyon TL), Dönem:2025/6",milyon TL,raw/2025-06_table13_group10001.json,fac244b13b50cf336e98a95c5c037e0d7ce57f573d7a4721220b29c10a80f040,raw/2025-06_table13_group10001_info.json,b5752c360e07b4290d70b9b313af50a680882835716ca26afebb1d85589fa47f,caption_and_validated_request_info,Sektör,1,Döviz Varlıkları Toplamı,bold,22359774
2025-06,13,Yabanci Para Pozisyonu,10001,2,"Yabancı Para Pozisyonu (milyon TL), Dönem:2025/6",milyon TL,raw/2025-06_table13_group10001.json,fac244b13b50cf336e98a95c5c037e0d7ce57f573d7a4721220b29c10a80f040,raw/2025-06_table13_group10001_info.json,b5752c360e07b4290d70b9b313af50a680882835716ca26afebb1d85589fa47f,caption_and_validated_request_info,Sektör,2,Bilanço İçi Varlıklar,italic,15920293
2025-06,13,Yabanci Para Pozisyonu,10001,3,"Yabancı Para Pozisyonu (milyon TL), Dönem:2025/6",milyon TL,raw/2025-06_table13_group10001.json,fac244b13b50cf336e98a95c5c037e0d7ce57f573d7a4721220b29c10a80f040,raw/2025-06_table13_group10001_info.json,b5752c360e07b4290d70b9b313af50a680882835716ca26afebb1d85589fa47f,caption_and_validated_request_info,Sektör,3,Dövize Endeksli Varlıklar,italic,6895
2025-06,13,Yabanci Para Pozisyonu,10001,4,"Yabancı Para Pozisyonu (milyon TL), Dönem:2025/6",milyon TL,raw/2025-06_table13_group10001.json,fac244b13b50cf336e98a95c5c037e0d7ce57f573d7a4721220b29c10a80f040,raw/2025-06_table13_group10001_info.json,b5752c360e07b4290d70b9b313af50a680882835716ca26afebb1d85589fa47f,caption_and_validated_request_info,Sektör,4,Bilanço Dışı Varlıklar,italic,6439481
2025-06,13,Yabanci Para Pozisyonu,10001,5,"Yabancı Para Pozisyonu (milyon TL), Dönem:2025/6",milyon TL,raw/2025-06_table13_group10001.json,fac244b13b50cf336e98a95c5c037e0d7ce57f573d7a4721220b29c10a80f040,raw/2025-06_table13_group10001_info.json,b5752c360e07b4290d70b9b313af50a680882835716ca26afebb1d85589fa47f,caption_and_validated_request_info,Sektör,5,Döviz Yükümlülükleri Toplamı,bold,22283977
2025-06,13,Yabanci Para Pozisyonu,10001,6,"Yabancı Para Pozisyonu (milyon TL), Dönem:2025/6",milyon TL,raw/2025-06_table13_group10001.json,fac244b13b50cf336e98a95c5c037e0d7ce57f573d7a4721220b29c10a80f040,raw/2025-06_table13_group10001_info.json,b5752c360e07b4290d70b9b313af50a680882835716ca26afebb1d85589fa47f,caption_and_validated_request_info,Sektör,6,Bilanço İçi Yükümlülükler,italic,16862500
2025-06,13,Yabanci Para Pozisyonu,10001,7,"Yabancı Para Pozisyonu (milyon TL), Dönem:2025/6",milyon TL,raw/2025-06_table13_group10001.json,fac244b13b50cf336e98a95c5c037e0d7ce57f573d7a4721220b29c10a80f040,raw/2025-06_table13_group10001_info.json,b5752c360e07b4290d70b9b313af50a680882835716ca26afebb1d85589fa47f,caption_and_validated_request_info,Sektör,7,Dövize Endeksli Yükümlülükler,italic,723
2025-06,13,Yabanci Para Pozisyonu,10001,8,"Yabancı Para Pozisyonu (milyon TL), Dönem:2025/6",milyon TL,raw/2025-06_table13_group10001.json,fac244b13b50cf336e98a95c5c037e0d7ce57f573d7a4721220b29c10a80f040,raw/2025-06_table13_group10001_info.json,b5752c360e07b4290d70b9b313af50a680882835716ca26afebb1d85589fa47f,caption_and_validated_request_info,Sektör,8,Bilanço Dışı Yükümlülükler,italic,5421477
2025-06,13,Yabanci Para Pozisyonu,10001,9,"Yabancı Para Pozisyonu (milyon TL), Dönem:2025/6",milyon TL,raw/2025-06_table13_group10001.json,fac244b13b50cf336e98a95c5c037e0d7ce57f573d7a4721220b29c10a80f040,raw/2025-06_table13_group10001_info.json,b5752c360e07b4290d70b9b313af50a680882835716ca26afebb1d85589fa47f,caption_and_validated_request_info,Sektör,9,Yabancı Para Net Genel Pozisyonu,,75797
2025-06,13,Yabanci Para Pozisyonu,10001,10,"Yabancı Para Pozisyonu (milyon TL), Dönem:2025/6",milyon TL,raw/2025-06_table13_group10001.json,fac244b13b50cf336e98a95c5c037e0d7ce57f573d7a4721220b29c10a80f040,raw/2025-06_table13_group10001_info.json,b5752c360e07b4290d70b9b313af50a680882835716ca26afebb1d85589fa47f,caption_and_validated_request_info,Sektör,10,Yasal Özkaynak,,4097095
2025-06,13,Yabanci Para Pozisyonu,10001,11,"Yabancı Para Pozisyonu (milyon TL), Dönem:2025/6",milyon TL,raw/2025-06_table13_group10001.json,fac244b13b50cf336e98a95c5c037e0d7ce57f573d7a4721220b29c10a80f040,raw/2025-06_table13_group10001_info.json,b5752c360e07b4290d70b9b313af50a680882835716ca26afebb1d85589fa47f,caption_and_validated_request_info,Sektör,11,Yabancı Para Net Genel Pozisyon / Yasal Özkaynak Standart Oranı (Yüzde),bold,2
2025-07,13,Yabanci Para Pozisyonu,10001,1,"Yabancı Para Pozisyonu (milyon TL), Dönem:2025/7",milyon TL,raw/2025-07_table13_group10001.json,84c6b6aa734c9af7e441008010d8a7046de0253b75d1d9538d6abc7dcce2672d,raw/2025-07_table13_group10001_info.json,aff08f2e28689d162f9f9a2b1c6ea00e7ffa62f5cf9a94f945c74549acfe7d76,caption_and_validated_request_info,Sektör,1,Döviz Varlıkları Toplamı,bold,22610903
2025-07,13,Yabanci Para Pozisyonu,10001,2,"Yabancı Para Pozisyonu (milyon TL), Dönem:2025/7",milyon TL,raw/2025-07_table13_group10001.json,84c6b6aa734c9af7e441008010d8a7046de0253b75d1d9538d6abc7dcce2672d,raw/2025-07_table13_group10001_info.json,aff08f2e28689d162f9f9a2b1c6ea00e7ffa62f5cf9a94f945c74549acfe7d76,caption_and_validated_request_info,Sektör,2,Bilanço İçi Varlıklar,italic,15977107
2025-07,13,Yabanci Para Pozisyonu,10001,3,"Yabancı Para Pozisyonu (milyon TL), Dönem:2025/7",milyon TL,raw/2025-07_table13_group10001.json,84c6b6aa734c9af7e441008010d8a7046de0253b75d1d9538d6abc7dcce2672d,raw/2025-07_table13_group10001_info.json,aff08f2e28689d162f9f9a2b1c6ea00e7ffa62f5cf9a94f945c74549acfe7d76,caption_and_validated_request_info,Sektör,3,Dövize Endeksli Varlıklar,italic,6708
2025-07,13,Yabanci Para Pozisyonu,10001,4,"Yabancı Para Pozisyonu (milyon TL), Dönem:2025/7",milyon TL,raw/2025-07_table13_group10001.json,84c6b6aa734c9af7e441008010d8a7046de0253b75d1d9538d6abc7dcce2672d,raw/2025-07_table13_group10001_info.json,aff08f2e28689d162f9f9a2b1c6ea00e7ffa62f5cf9a94f945c74549acfe7d76,caption_and_validated_request_info,Sektör,4,Bilanço Dışı Varlıklar,italic,6633796
2025-07,13,Yabanci Para Pozisyonu,10001,5,"Yabancı Para Pozisyonu (milyon TL), Dönem:2025/7",milyon TL,raw/2025-07_table13_group10001.json,84c6b6aa734c9af7e441008010d8a7046de0253b75d1d9538d6abc7dcce2672d,raw/2025-07_table13_group10001_info.json,aff08f2e28689d162f9f9a2b1c6ea00e7ffa62f5cf9a94f945c74549acfe7d76,caption_and_validated_request_info,Sektör,5,Döviz Yükümlülükleri Toplamı,bold,22549548
2025-07,13,Yabanci Para Pozisyonu,10001,6,"Yabancı Para Pozisyonu (milyon TL), Dönem:2025/7",milyon TL,raw/2025-07_table13_group10001.json,84c6b6aa734c9af7e441008010d8a7046de0253b75d1d9538d6abc7dcce2672d,raw/2025-07_table13_group10001_info.json,aff08f2e28689d162f9f9a2b1c6ea00e7ffa62f5cf9a94f945c74549acfe7d76,caption_and_validated_request_info,Sektör,6,Bilanço İçi Yükümlülükler,italic,17284651
2025-07,13,Yabanci Para Pozisyonu,10001,7,"Yabancı Para Pozisyonu (milyon TL), Dönem:2025/7",milyon TL,raw/2025-07_table13_group10001.json,84c6b6aa734c9af7e441008010d8a7046de0253b75d1d9538d6abc7dcce2672d,raw/2025-07_table13_group10001_info.json,aff08f2e28689d162f9f9a2b1c6ea00e7ffa62f5cf9a94f945c74549acfe7d76,caption_and_validated_request_info,Sektör,7,Dövize Endeksli Yükümlülükler,italic,681
2025-07,13,Yabanci Para Pozisyonu,10001,8,"Yabancı Para Pozisyonu (milyon TL), Dönem:2025/7",milyon TL,raw/2025-07_table13_group10001.json,84c6b6aa734c9af7e441008010d8a7046de0253b75d1d9538d6abc7dcce2672d,raw/2025-07_table13_group10001_info.json,aff08f2e28689d162f9f9a2b1c6ea00e7ffa62f5cf9a94f945c74549acfe7d76,caption_and_validated_request_info,Sektör,8,Bilanço Dışı Yükümlülükler,italic,5264897
2025-07,13,Yabanci Para Pozisyonu,10001,9,"Yabancı Para Pozisyonu (milyon TL), Dönem:2025/7",milyon TL,raw/2025-07_table13_group10001.json,84c6b6aa734c9af7e441008010d8a7046de0253b75d1d9538d6abc7dcce2672d,raw/2025-07_table13_group10001_info.json,aff08f2e28689d162f9f9a2b1c6ea00e7ffa62f5cf9a94f945c74549acfe7d76,caption_and_validated_request_info,Sektör,9,Yabancı Para Net Genel Pozisyonu,,61355
2025-07,13,Yabanci Para Pozisyonu,10001,10,"Yabancı Para Pozisyonu (milyon TL), Dönem:2025/7",milyon TL,raw/2025-07_table13_group10001.json,84c6b6aa734c9af7e441008010d8a7046de0253b75d1d9538d6abc7dcce2672d,raw/2025-07_table13_group10001_info.json,aff08f2e28689d162f9f9a2b1c6ea00e7ffa62f5cf9a94f945c74549acfe7d76,caption_and_validated_request_info,Sektör,10,Yasal Özkaynak,,4299731
2025-07,13,Yabanci Para Pozisyonu,10001,11,"Yabancı Para Pozisyonu (milyon TL), Dönem:2025/7",milyon TL,raw/2025-07_table13_group10001.json,84c6b6aa734c9af7e441008010d8a7046de0253b75d1d9538d6abc7dcce2672d,raw/2025-07_table13_group10001_info.json,aff08f2e28689d162f9f9a2b1c6ea00e7ffa62f5cf9a94f945c74549acfe7d76,caption_and_validated_request_info,Sektör,11,Yabancı Para Net Genel Pozisyon / Yasal Özkaynak Standart Oranı (Yüzde),bold,1
2025-08,13,Yabanci Para Pozisyonu,10001,1,"Yabancı Para Pozisyonu (milyon TL), Dönem:2025/8",milyon TL,raw/2025-08_table13_group10001.json,a70d4a348dc1a99d8e94a57ad5c2cbd9dd0b4fc1ca5a34b4b5994d00a47365ad,raw/2025-08_table13_group10001_info.json,8124ed310d722f3838567c45f4f1f3ded768cc85f5a9013d2991a49eab28ed35,caption_and_validated_request_info,Sektör,1,Döviz Varlıkları Toplamı,bold,22959992
2025-08,13,Yabanci Para Pozisyonu,10001,2,"Yabancı Para Pozisyonu (milyon TL), Dönem:2025/8",milyon TL,raw/2025-08_table13_group10001.json,a70d4a348dc1a99d8e94a57ad5c2cbd9dd0b4fc1ca5a34b4b5994d00a47365ad,raw/2025-08_table13_group10001_info.json,8124ed310d722f3838567c45f4f1f3ded768cc85f5a9013d2991a49eab28ed35,caption_and_validated_request_info,Sektör,2,Bilanço İçi Varlıklar,italic,16228428
2025-08,13,Yabanci Para Pozisyonu,10001,3,"Yabancı Para Pozisyonu (milyon TL), Dönem:2025/8",milyon TL,raw/2025-08_table13_group10001.json,a70d4a348dc1a99d8e94a57ad5c2cbd9dd0b4fc1ca5a34b4b5994d00a47365ad,raw/2025-08_table13_group10001_info.json,8124ed310d722f3838567c45f4f1f3ded768cc85f5a9013d2991a49eab28ed35,caption_and_validated_request_info,Sektör,3,Dövize Endeksli Varlıklar,italic,6654
2025-08,13,Yabanci Para Pozisyonu,10001,4,"Yabancı Para Pozisyonu (milyon TL), Dönem:2025/8",milyon TL,raw/2025-08_table13_group10001.json,a70d4a348dc1a99d8e94a57ad5c2cbd9dd0b4fc1ca5a34b4b5994d00a47365ad,raw/2025-08_table13_group10001_info.json,8124ed310d722f3838567c45f4f1f3ded768cc85f5a9013d2991a49eab28ed35,caption_and_validated_request_info,Sektör,4,Bilanço Dışı Varlıklar,italic,6731564
2025-08,13,Yabanci Para Pozisyonu,10001,5,"Yabancı Para Pozisyonu (milyon TL), Dönem:2025/8",milyon TL,raw/2025-08_table13_group10001.json,a70d4a348dc1a99d8e94a57ad5c2cbd9dd0b4fc1ca5a34b4b5994d00a47365ad,raw/2025-08_table13_group10001_info.json,8124ed310d722f3838567c45f4f1f3ded768cc85f5a9013d2991a49eab28ed35,caption_and_validated_request_info,Sektör,5,Döviz Yükümlülükleri Toplamı,bold,22895656
2025-08,13,Yabanci Para Pozisyonu,10001,6,"Yabancı Para Pozisyonu (milyon TL), Dönem:2025/8",milyon TL,raw/2025-08_table13_group10001.json,a70d4a348dc1a99d8e94a57ad5c2cbd9dd0b4fc1ca5a34b4b5994d00a47365ad,raw/2025-08_table13_group10001_info.json,8124ed310d722f3838567c45f4f1f3ded768cc85f5a9013d2991a49eab28ed35,caption_and_validated_request_info,Sektör,6,Bilanço İçi Yükümlülükler,italic,17715358
2025-08,13,Yabanci Para Pozisyonu,10001,7,"Yabancı Para Pozisyonu (milyon TL), Dönem:2025/8",milyon TL,raw/2025-08_table13_group10001.json,a70d4a348dc1a99d8e94a57ad5c2cbd9dd0b4fc1ca5a34b4b5994d00a47365ad,raw/2025-08_table13_group10001_info.json,8124ed310d722f3838567c45f4f1f3ded768cc85f5a9013d2991a49eab28ed35,caption_and_validated_request_info,Sektör,7,Dövize Endeksli Yükümlülükler,italic,505
2025-08,13,Yabanci Para Pozisyonu,10001,8,"Yabancı Para Pozisyonu (milyon TL), Dönem:2025/8",milyon TL,raw/2025-08_table13_group10001.json,a70d4a348dc1a99d8e94a57ad5c2cbd9dd0b4fc1ca5a34b4b5994d00a47365ad,raw/2025-08_table13_group10001_info.json,8124ed310d722f3838567c45f4f1f3ded768cc85f5a9013d2991a49eab28ed35,caption_and_validated_request_info,Sektör,8,Bilanço Dışı Yükümlülükler,italic,5180298
2025-08,13,Yabanci Para Pozisyonu,10001,9,"Yabancı Para Pozisyonu (milyon TL), Dönem:2025/8",milyon TL,raw/2025-08_table13_group10001.json,a70d4a348dc1a99d8e94a57ad5c2cbd9dd0b4fc1ca5a34b4b5994d00a47365ad,raw/2025-08_table13_group10001_info.json,8124ed310d722f3838567c45f4f1f3ded768cc85f5a9013d2991a49eab28ed35,caption_and_validated_request_info,Sektör,9,Yabancı Para Net Genel Pozisyonu,,64336
2025-08,13,Yabanci Para Pozisyonu,10001,10,"Yabancı Para Pozisyonu (milyon TL), Dönem:2025/8",milyon TL,raw/2025-08_table13_group10001.json,a70d4a348dc1a99d8e94a57ad5c2cbd9dd0b4fc1ca5a34b4b5994d00a47365ad,raw/2025-08_table13_group10001_info.json,8124ed310d722f3838567c45f4f1f3ded768cc85f5a9013d2991a49eab28ed35,caption_and_validated_request_info,Sektör,10,Yasal Özkaynak,,4389966
2025-08,13,Yabanci Para Pozisyonu,10001,11,"Yabancı Para Pozisyonu (milyon TL), Dönem:2025/8",milyon TL,raw/2025-08_table13_group10001.json,a70d4a348dc1a99d8e94a57ad5c2cbd9dd0b4fc1ca5a34b4b5994d00a47365ad,raw/2025-08_table13_group10001_info.json,8124ed310d722f3838567c45f4f1f3ded768cc85f5a9013d2991a49eab28ed35,caption_and_validated_request_info,Sektör,11,Yabancı Para Net Genel Pozisyon / Yasal Özkaynak Standart Oranı (Yüzde),bold,1
2025-09,13,Yabanci Para Pozisyonu,10001,1,"Yabancı Para Pozisyonu (milyon TL), Dönem:2025/9",milyon TL,raw/2025-09_table13_group10001.json,763ba26aecbbcbeb19bee9cde0d94d83d5c41cc3392d1f18f06ef26c192c2d00,raw/2025-09_table13_group10001_info.json,53d6ff7cb7dcfc03832aace9298df19f80619f9aebb217ff1cda8ec0cb92ad52,caption_and_validated_request_info,Sektör,1,Döviz Varlıkları Toplamı,bold,24343027
2025-09,13,Yabanci Para Pozisyonu,10001,2,"Yabancı Para Pozisyonu (milyon TL), Dönem:2025/9",milyon TL,raw/2025-09_table13_group10001.json,763ba26aecbbcbeb19bee9cde0d94d83d5c41cc3392d1f18f06ef26c192c2d00,raw/2025-09_table13_group10001_info.json,53d6ff7cb7dcfc03832aace9298df19f80619f9aebb217ff1cda8ec0cb92ad52,caption_and_validated_request_info,Sektör,2,Bilanço İçi Varlıklar,italic,17122566
2025-09,13,Yabanci Para Pozisyonu,10001,3,"Yabancı Para Pozisyonu (milyon TL), Dönem:2025/9",milyon TL,raw/2025-09_table13_group10001.json,763ba26aecbbcbeb19bee9cde0d94d83d5c41cc3392d1f18f06ef26c192c2d00,raw/2025-09_table13_group10001_info.json,53d6ff7cb7dcfc03832aace9298df19f80619f9aebb217ff1cda8ec0cb92ad52,caption_and_validated_request_info,Sektör,3,Dövize Endeksli Varlıklar,italic,6650
2025-09,13,Yabanci Para Pozisyonu,10001,4,"Yabancı Para Pozisyonu (milyon TL), Dönem:2025/9",milyon TL,raw/2025-09_table13_group10001.json,763ba26aecbbcbeb19bee9cde0d94d83d5c41cc3392d1f18f06ef26c192c2d00,raw/2025-09_table13_group10001_info.json,53d6ff7cb7dcfc03832aace9298df19f80619f9aebb217ff1cda8ec0cb92ad52,caption_and_validated_request_info,Sektör,4,Bilanço Dışı Varlıklar,italic,7220461
2025-09,13,Yabanci Para Pozisyonu,10001,5,"Yabancı Para Pozisyonu (milyon TL), Dönem:2025/9",milyon TL,raw/2025-09_table13_group10001.json,763ba26aecbbcbeb19bee9cde0d94d83d5c41cc3392d1f18f06ef26c192c2d00,raw/2025-09_table13_group10001_info.json,53d6ff7cb7dcfc03832aace9298df19f80619f9aebb217ff1cda8ec0cb92ad52,caption_and_validated_request_info,Sektör,5,Döviz Yükümlülükleri Toplamı,bold,24260165
2025-09,13,Yabanci Para Pozisyonu,10001,6,"Yabancı Para Pozisyonu (milyon TL), Dönem:2025/9",milyon TL,raw/2025-09_table13_group10001.json,763ba26aecbbcbeb19bee9cde0d94d83d5c41cc3392d1f18f06ef26c192c2d00,raw/2025-09_table13_group10001_info.json,53d6ff7cb7dcfc03832aace9298df19f80619f9aebb217ff1cda8ec0cb92ad52,caption_and_validated_request_info,Sektör,6,Bilanço İçi Yükümlülükler,italic,18683161
2025-09,13,Yabanci Para Pozisyonu,10001,7,"Yabancı Para Pozisyonu (milyon TL), Dönem:2025/9",milyon TL,raw/2025-09_table13_group10001.json,763ba26aecbbcbeb19bee9cde0d94d83d5c41cc3392d1f18f06ef26c192c2d00,raw/2025-09_table13_group10001_info.json,53d6ff7cb7dcfc03832aace9298df19f80619f9aebb217ff1cda8ec0cb92ad52,caption_and_validated_request_info,Sektör,7,Dövize Endeksli Yükümlülükler,italic,779
2025-09,13,Yabanci Para Pozisyonu,10001,8,"Yabancı Para Pozisyonu (milyon TL), Dönem:2025/9",milyon TL,raw/2025-09_table13_group10001.json,763ba26aecbbcbeb19bee9cde0d94d83d5c41cc3392d1f18f06ef26c192c2d00,raw/2025-09_table13_group10001_info.json,53d6ff7cb7dcfc03832aace9298df19f80619f9aebb217ff1cda8ec0cb92ad52,caption_and_validated_request_info,Sektör,8,Bilanço Dışı Yükümlülükler,italic,5577003
2025-09,13,Yabanci Para Pozisyonu,10001,9,"Yabancı Para Pozisyonu (milyon TL), Dönem:2025/9",milyon TL,raw/2025-09_table13_group10001.json,763ba26aecbbcbeb19bee9cde0d94d83d5c41cc3392d1f18f06ef26c192c2d00,raw/2025-09_table13_group10001_info.json,53d6ff7cb7dcfc03832aace9298df19f80619f9aebb217ff1cda8ec0cb92ad52,caption_and_validated_request_info,Sektör,9,Yabancı Para Net Genel Pozisyonu,,82862
2025-09,13,Yabanci Para Pozisyonu,10001,10,"Yabancı Para Pozisyonu (milyon TL), Dönem:2025/9",milyon TL,raw/2025-09_table13_group10001.json,763ba26aecbbcbeb19bee9cde0d94d83d5c41cc3392d1f18f06ef26c192c2d00,raw/2025-09_table13_group10001_info.json,53d6ff7cb7dcfc03832aace9298df19f80619f9aebb217ff1cda8ec0cb92ad52,caption_and_validated_request_info,Sektör,10,Yasal Özkaynak,,4565641
2025-09,13,Yabanci Para Pozisyonu,10001,11,"Yabancı Para Pozisyonu (milyon TL), Dönem:2025/9",milyon TL,raw/2025-09_table13_group10001.json,763ba26aecbbcbeb19bee9cde0d94d83d5c41cc3392d1f18f06ef26c192c2d00,raw/2025-09_table13_group10001_info.json,53d6ff7cb7dcfc03832aace9298df19f80619f9aebb217ff1cda8ec0cb92ad52,caption_and_validated_request_info,Sektör,11,Yabancı Para Net Genel Pozisyon / Yasal Özkaynak Standart Oranı (Yüzde),bold,2
2025-10,13,Yabanci Para Pozisyonu,10001,1,"Yabancı Para Pozisyonu (milyon TL), Dönem:2025/10",milyon TL,raw/2025-10_table13_group10001.json,642fe852af807dc5c53e7127060f0bf666be50c90e1f88ca28a7ec0f808a6883,raw/2025-10_table13_group10001_info.json,bd75a47234d9d08ac987b1cfd29096afea4f77649ed1a76478e687da8dc4c13f,caption_and_validated_request_info,Sektör,1,Döviz Varlıkları Toplamı,bold,25495790
2025-10,13,Yabanci Para Pozisyonu,10001,2,"Yabancı Para Pozisyonu (milyon TL), Dönem:2025/10",milyon TL,raw/2025-10_table13_group10001.json,642fe852af807dc5c53e7127060f0bf666be50c90e1f88ca28a7ec0f808a6883,raw/2025-10_table13_group10001_info.json,bd75a47234d9d08ac987b1cfd29096afea4f77649ed1a76478e687da8dc4c13f,caption_and_validated_request_info,Sektör,2,Bilanço İçi Varlıklar,italic,17487437
2025-10,13,Yabanci Para Pozisyonu,10001,3,"Yabancı Para Pozisyonu (milyon TL), Dönem:2025/10",milyon TL,raw/2025-10_table13_group10001.json,642fe852af807dc5c53e7127060f0bf666be50c90e1f88ca28a7ec0f808a6883,raw/2025-10_table13_group10001_info.json,bd75a47234d9d08ac987b1cfd29096afea4f77649ed1a76478e687da8dc4c13f,caption_and_validated_request_info,Sektör,3,Dövize Endeksli Varlıklar,italic,6577
2025-10,13,Yabanci Para Pozisyonu,10001,4,"Yabancı Para Pozisyonu (milyon TL), Dönem:2025/10",milyon TL,raw/2025-10_table13_group10001.json,642fe852af807dc5c53e7127060f0bf666be50c90e1f88ca28a7ec0f808a6883,raw/2025-10_table13_group10001_info.json,bd75a47234d9d08ac987b1cfd29096afea4f77649ed1a76478e687da8dc4c13f,caption_and_validated_request_info,Sektör,4,Bilanço Dışı Varlıklar,italic,8008353
2025-10,13,Yabanci Para Pozisyonu,10001,5,"Yabancı Para Pozisyonu (milyon TL), Dönem:2025/10",milyon TL,raw/2025-10_table13_group10001.json,642fe852af807dc5c53e7127060f0bf666be50c90e1f88ca28a7ec0f808a6883,raw/2025-10_table13_group10001_info.json,bd75a47234d9d08ac987b1cfd29096afea4f77649ed1a76478e687da8dc4c13f,caption_and_validated_request_info,Sektör,5,Döviz Yükümlülükleri Toplamı,bold,25424117
2025-10,13,Yabanci Para Pozisyonu,10001,6,"Yabancı Para Pozisyonu (milyon TL), Dönem:2025/10",milyon TL,raw/2025-10_table13_group10001.json,642fe852af807dc5c53e7127060f0bf666be50c90e1f88ca28a7ec0f808a6883,raw/2025-10_table13_group10001_info.json,bd75a47234d9d08ac987b1cfd29096afea4f77649ed1a76478e687da8dc4c13f,caption_and_validated_request_info,Sektör,6,Bilanço İçi Yükümlülükler,italic,19139825
2025-10,13,Yabanci Para Pozisyonu,10001,7,"Yabancı Para Pozisyonu (milyon TL), Dönem:2025/10",milyon TL,raw/2025-10_table13_group10001.json,642fe852af807dc5c53e7127060f0bf666be50c90e1f88ca28a7ec0f808a6883,raw/2025-10_table13_group10001_info.json,bd75a47234d9d08ac987b1cfd29096afea4f77649ed1a76478e687da8dc4c13f,caption_and_validated_request_info,Sektör,7,Dövize Endeksli Yükümlülükler,italic,701
2025-10,13,Yabanci Para Pozisyonu,10001,8,"Yabancı Para Pozisyonu (milyon TL), Dönem:2025/10",milyon TL,raw/2025-10_table13_group10001.json,642fe852af807dc5c53e7127060f0bf666be50c90e1f88ca28a7ec0f808a6883,raw/2025-10_table13_group10001_info.json,bd75a47234d9d08ac987b1cfd29096afea4f77649ed1a76478e687da8dc4c13f,caption_and_validated_request_info,Sektör,8,Bilanço Dışı Yükümlülükler,italic,6284292
2025-10,13,Yabanci Para Pozisyonu,10001,9,"Yabancı Para Pozisyonu (milyon TL), Dönem:2025/10",milyon TL,raw/2025-10_table13_group10001.json,642fe852af807dc5c53e7127060f0bf666be50c90e1f88ca28a7ec0f808a6883,raw/2025-10_table13_group10001_info.json,bd75a47234d9d08ac987b1cfd29096afea4f77649ed1a76478e687da8dc4c13f,caption_and_validated_request_info,Sektör,9,Yabancı Para Net Genel Pozisyonu,,71674
2025-10,13,Yabanci Para Pozisyonu,10001,10,"Yabancı Para Pozisyonu (milyon TL), Dönem:2025/10",milyon TL,raw/2025-10_table13_group10001.json,642fe852af807dc5c53e7127060f0bf666be50c90e1f88ca28a7ec0f808a6883,raw/2025-10_table13_group10001_info.json,bd75a47234d9d08ac987b1cfd29096afea4f77649ed1a76478e687da8dc4c13f,caption_and_validated_request_info,Sektör,10,Yasal Özkaynak,,4787399
2025-10,13,Yabanci Para Pozisyonu,10001,11,"Yabancı Para Pozisyonu (milyon TL), Dönem:2025/10",milyon TL,raw/2025-10_table13_group10001.json,642fe852af807dc5c53e7127060f0bf666be50c90e1f88ca28a7ec0f808a6883,raw/2025-10_table13_group10001_info.json,bd75a47234d9d08ac987b1cfd29096afea4f77649ed1a76478e687da8dc4c13f,caption_and_validated_request_info,Sektör,11,Yabancı Para Net Genel Pozisyon / Yasal Özkaynak Standart Oranı (Yüzde),bold,1
2025-11,13,Yabanci Para Pozisyonu,10001,1,"Yabancı Para Pozisyonu (milyon TL), Dönem:2025/11",milyon TL,raw/2025-11_table13_group10001.json,c35bdcd13cebbcc33382f90ff0e5ba37a9c471b0f68f920d777ec91f37a52ab2,raw/2025-11_table13_group10001_info.json,dcdf6c47be2f72f10f797ecbea0d71f66733ba807e021b5b2bc91cafee94ddb1,caption_and_validated_request_info,Sektör,1,Döviz Varlıkları Toplamı,bold,25976188
2025-11,13,Yabanci Para Pozisyonu,10001,2,"Yabancı Para Pozisyonu (milyon TL), Dönem:2025/11",milyon TL,raw/2025-11_table13_group10001.json,c35bdcd13cebbcc33382f90ff0e5ba37a9c471b0f68f920d777ec91f37a52ab2,raw/2025-11_table13_group10001_info.json,dcdf6c47be2f72f10f797ecbea0d71f66733ba807e021b5b2bc91cafee94ddb1,caption_and_validated_request_info,Sektör,2,Bilanço İçi Varlıklar,italic,17642352
2025-11,13,Yabanci Para Pozisyonu,10001,3,"Yabancı Para Pozisyonu (milyon TL), Dönem:2025/11",milyon TL,raw/2025-11_table13_group10001.json,c35bdcd13cebbcc33382f90ff0e5ba37a9c471b0f68f920d777ec91f37a52ab2,raw/2025-11_table13_group10001_info.json,dcdf6c47be2f72f10f797ecbea0d71f66733ba807e021b5b2bc91cafee94ddb1,caption_and_validated_request_info,Sektör,3,Dövize Endeksli Varlıklar,italic,6656
2025-11,13,Yabanci Para Pozisyonu,10001,4,"Yabancı Para Pozisyonu (milyon TL), Dönem:2025/11",milyon TL,raw/2025-11_table13_group10001.json,c35bdcd13cebbcc33382f90ff0e5ba37a9c471b0f68f920d777ec91f37a52ab2,raw/2025-11_table13_group10001_info.json,dcdf6c47be2f72f10f797ecbea0d71f66733ba807e021b5b2bc91cafee94ddb1,caption_and_validated_request_info,Sektör,4,Bilanço Dışı Varlıklar,italic,8333836
2025-11,13,Yabanci Para Pozisyonu,10001,5,"Yabancı Para Pozisyonu (milyon TL), Dönem:2025/11",milyon TL,raw/2025-11_table13_group10001.json,c35bdcd13cebbcc33382f90ff0e5ba37a9c471b0f68f920d777ec91f37a52ab2,raw/2025-11_table13_group10001_info.json,dcdf6c47be2f72f10f797ecbea0d71f66733ba807e021b5b2bc91cafee94ddb1,caption_and_validated_request_info,Sektör,5,Döviz Yükümlülükleri Toplamı,bold,25955846
2025-11,13,Yabanci Para Pozisyonu,10001,6,"Yabancı Para Pozisyonu (milyon TL), Dönem:2025/11",milyon TL,raw/2025-11_table13_group10001.json,c35bdcd13cebbcc33382f90ff0e5ba37a9c471b0f68f920d777ec91f37a52ab2,raw/2025-11_table13_group10001_info.json,dcdf6c47be2f72f10f797ecbea0d71f66733ba807e021b5b2bc91cafee94ddb1,caption_and_validated_request_info,Sektör,6,Bilanço İçi Yükümlülükler,italic,19490187
2025-11,13,Yabanci Para Pozisyonu,10001,7,"Yabancı Para Pozisyonu (milyon TL), Dönem:2025/11",milyon TL,raw/2025-11_table13_group10001.json,c35bdcd13cebbcc33382f90ff0e5ba37a9c471b0f68f920d777ec91f37a52ab2,raw/2025-11_table13_group10001_info.json,dcdf6c47be2f72f10f797ecbea0d71f66733ba807e021b5b2bc91cafee94ddb1,caption_and_validated_request_info,Sektör,7,Dövize Endeksli Yükümlülükler,italic,593
2025-11,13,Yabanci Para Pozisyonu,10001,8,"Yabancı Para Pozisyonu (milyon TL), Dönem:2025/11",milyon TL,raw/2025-11_table13_group10001.json,c35bdcd13cebbcc33382f90ff0e5ba37a9c471b0f68f920d777ec91f37a52ab2,raw/2025-11_table13_group10001_info.json,dcdf6c47be2f72f10f797ecbea0d71f66733ba807e021b5b2bc91cafee94ddb1,caption_and_validated_request_info,Sektör,8,Bilanço Dışı Yükümlülükler,italic,6465659
2025-11,13,Yabanci Para Pozisyonu,10001,9,"Yabancı Para Pozisyonu (milyon TL), Dönem:2025/11",milyon TL,raw/2025-11_table13_group10001.json,c35bdcd13cebbcc33382f90ff0e5ba37a9c471b0f68f920d777ec91f37a52ab2,raw/2025-11_table13_group10001_info.json,dcdf6c47be2f72f10f797ecbea0d71f66733ba807e021b5b2bc91cafee94ddb1,caption_and_validated_request_info,Sektör,9,Yabancı Para Net Genel Pozisyonu,,20342
2025-11,13,Yabanci Para Pozisyonu,10001,10,"Yabancı Para Pozisyonu (milyon TL), Dönem:2025/11",milyon TL,raw/2025-11_table13_group10001.json,c35bdcd13cebbcc33382f90ff0e5ba37a9c471b0f68f920d777ec91f37a52ab2,raw/2025-11_table13_group10001_info.json,dcdf6c47be2f72f10f797ecbea0d71f66733ba807e021b5b2bc91cafee94ddb1,caption_and_validated_request_info,Sektör,10,Yasal Özkaynak,,4885233
2025-11,13,Yabanci Para Pozisyonu,10001,11,"Yabancı Para Pozisyonu (milyon TL), Dönem:2025/11",milyon TL,raw/2025-11_table13_group10001.json,c35bdcd13cebbcc33382f90ff0e5ba37a9c471b0f68f920d777ec91f37a52ab2,raw/2025-11_table13_group10001_info.json,dcdf6c47be2f72f10f797ecbea0d71f66733ba807e021b5b2bc91cafee94ddb1,caption_and_validated_request_info,Sektör,11,Yabancı Para Net Genel Pozisyon / Yasal Özkaynak Standart Oranı (Yüzde),bold,0
2025-12,13,Yabanci Para Pozisyonu,10001,1,"Yabancı Para Pozisyonu (milyon TL), Dönem:2025/12",milyon TL,raw/2025-12_table13_group10001.json,c34fa4fa10d44fa9df46c1d91dea833d7be9dfd6c6ad9d366fa05f6f8a4b5111,raw/2025-12_table13_group10001_info.json,0c8c8a63a90492411522d89d2e9dfae4850fb6a30823519fa2c7a6cc53e2d201,caption_and_validated_request_info,Sektör,1,Döviz Varlıkları Toplamı,bold,26824289
2025-12,13,Yabanci Para Pozisyonu,10001,2,"Yabancı Para Pozisyonu (milyon TL), Dönem:2025/12",milyon TL,raw/2025-12_table13_group10001.json,c34fa4fa10d44fa9df46c1d91dea833d7be9dfd6c6ad9d366fa05f6f8a4b5111,raw/2025-12_table13_group10001_info.json,0c8c8a63a90492411522d89d2e9dfae4850fb6a30823519fa2c7a6cc53e2d201,caption_and_validated_request_info,Sektör,2,Bilanço İçi Varlıklar,italic,18199318
2025-12,13,Yabanci Para Pozisyonu,10001,3,"Yabancı Para Pozisyonu (milyon TL), Dönem:2025/12",milyon TL,raw/2025-12_table13_group10001.json,c34fa4fa10d44fa9df46c1d91dea833d7be9dfd6c6ad9d366fa05f6f8a4b5111,raw/2025-12_table13_group10001_info.json,0c8c8a63a90492411522d89d2e9dfae4850fb6a30823519fa2c7a6cc53e2d201,caption_and_validated_request_info,Sektör,3,Dövize Endeksli Varlıklar,italic,6216
2025-12,13,Yabanci Para Pozisyonu,10001,4,"Yabancı Para Pozisyonu (milyon TL), Dönem:2025/12",milyon TL,raw/2025-12_table13_group10001.json,c34fa4fa10d44fa9df46c1d91dea833d7be9dfd6c6ad9d366fa05f6f8a4b5111,raw/2025-12_table13_group10001_info.json,0c8c8a63a90492411522d89d2e9dfae4850fb6a30823519fa2c7a6cc53e2d201,caption_and_validated_request_info,Sektör,4,Bilanço Dışı Varlıklar,italic,8624971
2025-12,13,Yabanci Para Pozisyonu,10001,5,"Yabancı Para Pozisyonu (milyon TL), Dönem:2025/12",milyon TL,raw/2025-12_table13_group10001.json,c34fa4fa10d44fa9df46c1d91dea833d7be9dfd6c6ad9d366fa05f6f8a4b5111,raw/2025-12_table13_group10001_info.json,0c8c8a63a90492411522d89d2e9dfae4850fb6a30823519fa2c7a6cc53e2d201,caption_and_validated_request_info,Sektör,5,Döviz Yükümlülükleri Toplamı,bold,26780957
2025-12,13,Yabanci Para Pozisyonu,10001,6,"Yabancı Para Pozisyonu (milyon TL), Dönem:2025/12",milyon TL,raw/2025-12_table13_group10001.json,c34fa4fa10d44fa9df46c1d91dea833d7be9dfd6c6ad9d366fa05f6f8a4b5111,raw/2025-12_table13_group10001_info.json,0c8c8a63a90492411522d89d2e9dfae4850fb6a30823519fa2c7a6cc53e2d201,caption_and_validated_request_info,Sektör,6,Bilanço İçi Yükümlülükler,italic,20231518
2025-12,13,Yabanci Para Pozisyonu,10001,7,"Yabancı Para Pozisyonu (milyon TL), Dönem:2025/12",milyon TL,raw/2025-12_table13_group10001.json,c34fa4fa10d44fa9df46c1d91dea833d7be9dfd6c6ad9d366fa05f6f8a4b5111,raw/2025-12_table13_group10001_info.json,0c8c8a63a90492411522d89d2e9dfae4850fb6a30823519fa2c7a6cc53e2d201,caption_and_validated_request_info,Sektör,7,Dövize Endeksli Yükümlülükler,italic,541
2025-12,13,Yabanci Para Pozisyonu,10001,8,"Yabancı Para Pozisyonu (milyon TL), Dönem:2025/12",milyon TL,raw/2025-12_table13_group10001.json,c34fa4fa10d44fa9df46c1d91dea833d7be9dfd6c6ad9d366fa05f6f8a4b5111,raw/2025-12_table13_group10001_info.json,0c8c8a63a90492411522d89d2e9dfae4850fb6a30823519fa2c7a6cc53e2d201,caption_and_validated_request_info,Sektör,8,Bilanço Dışı Yükümlülükler,italic,6549440
2025-12,13,Yabanci Para Pozisyonu,10001,9,"Yabancı Para Pozisyonu (milyon TL), Dönem:2025/12",milyon TL,raw/2025-12_table13_group10001.json,c34fa4fa10d44fa9df46c1d91dea833d7be9dfd6c6ad9d366fa05f6f8a4b5111,raw/2025-12_table13_group10001_info.json,0c8c8a63a90492411522d89d2e9dfae4850fb6a30823519fa2c7a6cc53e2d201,caption_and_validated_request_info,Sektör,9,Yabancı Para Net Genel Pozisyonu,,43332
2025-12,13,Yabanci Para Pozisyonu,10001,10,"Yabancı Para Pozisyonu (milyon TL), Dönem:2025/12",milyon TL,raw/2025-12_table13_group10001.json,c34fa4fa10d44fa9df46c1d91dea833d7be9dfd6c6ad9d366fa05f6f8a4b5111,raw/2025-12_table13_group10001_info.json,0c8c8a63a90492411522d89d2e9dfae4850fb6a30823519fa2c7a6cc53e2d201,caption_and_validated_request_info,Sektör,10,Yasal Özkaynak,,5132074
2025-12,13,Yabanci Para Pozisyonu,10001,11,"Yabancı Para Pozisyonu (milyon TL), Dönem:2025/12",milyon TL,raw/2025-12_table13_group10001.json,c34fa4fa10d44fa9df46c1d91dea833d7be9dfd6c6ad9d366fa05f6f8a4b5111,raw/2025-12_table13_group10001_info.json,0c8c8a63a90492411522d89d2e9dfae4850fb6a30823519fa2c7a6cc53e2d201,caption_and_validated_request_info,Sektör,11,Yabancı Para Net Genel Pozisyon / Yasal Özkaynak Standart Oranı (Yüzde),bold,1
2026-01,13,Yabanci Para Pozisyonu,10001,1,"Yabancı Para Pozisyonu (milyon TL), Dönem:2026/1",milyon TL,raw/2026-01_table13_group10001.json,3e791b599325329085c02cc7f642c4b6c7d22bb5bc7312fc174558f159266cef,raw/2026-01_table13_group10001_info.json,92a0834c914208ca90f9cc949abc7f3dac3bea3c305e4843e9ee0eeec395e287,caption_and_validated_request_info,Sektör,1,Döviz Varlıkları Toplamı,bold,29833710
2026-01,13,Yabanci Para Pozisyonu,10001,2,"Yabancı Para Pozisyonu (milyon TL), Dönem:2026/1",milyon TL,raw/2026-01_table13_group10001.json,3e791b599325329085c02cc7f642c4b6c7d22bb5bc7312fc174558f159266cef,raw/2026-01_table13_group10001_info.json,92a0834c914208ca90f9cc949abc7f3dac3bea3c305e4843e9ee0eeec395e287,caption_and_validated_request_info,Sektör,2,Bilanço İçi Varlıklar,italic,19414579
2026-01,13,Yabanci Para Pozisyonu,10001,3,"Yabancı Para Pozisyonu (milyon TL), Dönem:2026/1",milyon TL,raw/2026-01_table13_group10001.json,3e791b599325329085c02cc7f642c4b6c7d22bb5bc7312fc174558f159266cef,raw/2026-01_table13_group10001_info.json,92a0834c914208ca90f9cc949abc7f3dac3bea3c305e4843e9ee0eeec395e287,caption_and_validated_request_info,Sektör,3,Dövize Endeksli Varlıklar,italic,6280
2026-01,13,Yabanci Para Pozisyonu,10001,4,"Yabancı Para Pozisyonu (milyon TL), Dönem:2026/1",milyon TL,raw/2026-01_table13_group10001.json,3e791b599325329085c02cc7f642c4b6c7d22bb5bc7312fc174558f159266cef,raw/2026-01_table13_group10001_info.json,92a0834c914208ca90f9cc949abc7f3dac3bea3c305e4843e9ee0eeec395e287,caption_and_validated_request_info,Sektör,4,Bilanço Dışı Varlıklar,italic,10419132
2026-01,13,Yabanci Para Pozisyonu,10001,5,"Yabancı Para Pozisyonu (milyon TL), Dönem:2026/1",milyon TL,raw/2026-01_table13_group10001.json,3e791b599325329085c02cc7f642c4b6c7d22bb5bc7312fc174558f159266cef,raw/2026-01_table13_group10001_info.json,92a0834c914208ca90f9cc949abc7f3dac3bea3c305e4843e9ee0eeec395e287,caption_and_validated_request_info,Sektör,5,Döviz Yükümlülükleri Toplamı,bold,29841622
2026-01,13,Yabanci Para Pozisyonu,10001,6,"Yabancı Para Pozisyonu (milyon TL), Dönem:2026/1",milyon TL,raw/2026-01_table13_group10001.json,3e791b599325329085c02cc7f642c4b6c7d22bb5bc7312fc174558f159266cef,raw/2026-01_table13_group10001_info.json,92a0834c914208ca90f9cc949abc7f3dac3bea3c305e4843e9ee0eeec395e287,caption_and_validated_request_info,Sektör,6,Bilanço İçi Yükümlülükler,italic,21779430
2026-01,13,Yabanci Para Pozisyonu,10001,7,"Yabancı Para Pozisyonu (milyon TL), Dönem:2026/1",milyon TL,raw/2026-01_table13_group10001.json,3e791b599325329085c02cc7f642c4b6c7d22bb5bc7312fc174558f159266cef,raw/2026-01_table13_group10001_info.json,92a0834c914208ca90f9cc949abc7f3dac3bea3c305e4843e9ee0eeec395e287,caption_and_validated_request_info,Sektör,7,Dövize Endeksli Yükümlülükler,italic,584
2026-01,13,Yabanci Para Pozisyonu,10001,8,"Yabancı Para Pozisyonu (milyon TL), Dönem:2026/1",milyon TL,raw/2026-01_table13_group10001.json,3e791b599325329085c02cc7f642c4b6c7d22bb5bc7312fc174558f159266cef,raw/2026-01_table13_group10001_info.json,92a0834c914208ca90f9cc949abc7f3dac3bea3c305e4843e9ee0eeec395e287,caption_and_validated_request_info,Sektör,8,Bilanço Dışı Yükümlülükler,italic,8062192
2026-01,13,Yabanci Para Pozisyonu,10001,9,"Yabancı Para Pozisyonu (milyon TL), Dönem:2026/1",milyon TL,raw/2026-01_table13_group10001.json,3e791b599325329085c02cc7f642c4b6c7d22bb5bc7312fc174558f159266cef,raw/2026-01_table13_group10001_info.json,92a0834c914208ca90f9cc949abc7f3dac3bea3c305e4843e9ee0eeec395e287,caption_and_validated_request_info,Sektör,9,Yabancı Para Net Genel Pozisyonu,,-7912
2026-01,13,Yabanci Para Pozisyonu,10001,10,"Yabancı Para Pozisyonu (milyon TL), Dönem:2026/1",milyon TL,raw/2026-01_table13_group10001.json,3e791b599325329085c02cc7f642c4b6c7d22bb5bc7312fc174558f159266cef,raw/2026-01_table13_group10001_info.json,92a0834c914208ca90f9cc949abc7f3dac3bea3c305e4843e9ee0eeec395e287,caption_and_validated_request_info,Sektör,10,Yasal Özkaynak,,5355139
2026-01,13,Yabanci Para Pozisyonu,10001,11,"Yabancı Para Pozisyonu (milyon TL), Dönem:2026/1",milyon TL,raw/2026-01_table13_group10001.json,3e791b599325329085c02cc7f642c4b6c7d22bb5bc7312fc174558f159266cef,raw/2026-01_table13_group10001_info.json,92a0834c914208ca90f9cc949abc7f3dac3bea3c305e4843e9ee0eeec395e287,caption_and_validated_request_info,Sektör,11,Yabancı Para Net Genel Pozisyon / Yasal Özkaynak Standart Oranı (Yüzde),bold,0
2026-02,13,Yabanci Para Pozisyonu,10001,1,"Yabancı Para Pozisyonu (milyon TL), Dönem:2026/2",milyon TL,raw/2026-02_table13_group10001.json,5dee0cab0d6cad8b4f339dc682a25f9e4fdf2f50a3d862a508e9f7e0950c6397,raw/2026-02_table13_group10001_info.json,74776c5ab2fb1727ad765b394970ee219f520af44171e69a58a62fd9f863440d,caption_and_validated_request_info,Sektör,1,Döviz Varlıkları Toplamı,bold,29916970
2026-02,13,Yabanci Para Pozisyonu,10001,2,"Yabancı Para Pozisyonu (milyon TL), Dönem:2026/2",milyon TL,raw/2026-02_table13_group10001.json,5dee0cab0d6cad8b4f339dc682a25f9e4fdf2f50a3d862a508e9f7e0950c6397,raw/2026-02_table13_group10001_info.json,74776c5ab2fb1727ad765b394970ee219f520af44171e69a58a62fd9f863440d,caption_and_validated_request_info,Sektör,2,Bilanço İçi Varlıklar,italic,19224631
2026-02,13,Yabanci Para Pozisyonu,10001,3,"Yabancı Para Pozisyonu (milyon TL), Dönem:2026/2",milyon TL,raw/2026-02_table13_group10001.json,5dee0cab0d6cad8b4f339dc682a25f9e4fdf2f50a3d862a508e9f7e0950c6397,raw/2026-02_table13_group10001_info.json,74776c5ab2fb1727ad765b394970ee219f520af44171e69a58a62fd9f863440d,caption_and_validated_request_info,Sektör,3,Dövize Endeksli Varlıklar,italic,6217
2026-02,13,Yabanci Para Pozisyonu,10001,4,"Yabancı Para Pozisyonu (milyon TL), Dönem:2026/2",milyon TL,raw/2026-02_table13_group10001.json,5dee0cab0d6cad8b4f339dc682a25f9e4fdf2f50a3d862a508e9f7e0950c6397,raw/2026-02_table13_group10001_info.json,74776c5ab2fb1727ad765b394970ee219f520af44171e69a58a62fd9f863440d,caption_and_validated_request_info,Sektör,4,Bilanço Dışı Varlıklar,italic,10692339
2026-02,13,Yabanci Para Pozisyonu,10001,5,"Yabancı Para Pozisyonu (milyon TL), Dönem:2026/2",milyon TL,raw/2026-02_table13_group10001.json,5dee0cab0d6cad8b4f339dc682a25f9e4fdf2f50a3d862a508e9f7e0950c6397,raw/2026-02_table13_group10001_info.json,74776c5ab2fb1727ad765b394970ee219f520af44171e69a58a62fd9f863440d,caption_and_validated_request_info,Sektör,5,Döviz Yükümlülükleri Toplamı,bold,29920675
2026-02,13,Yabanci Para Pozisyonu,10001,6,"Yabancı Para Pozisyonu (milyon TL), Dönem:2026/2",milyon TL,raw/2026-02_table13_group10001.json,5dee0cab0d6cad8b4f339dc682a25f9e4fdf2f50a3d862a508e9f7e0950c6397,raw/2026-02_table13_group10001_info.json,74776c5ab2fb1727ad765b394970ee219f520af44171e69a58a62fd9f863440d,caption_and_validated_request_info,Sektör,6,Bilanço İçi Yükümlülükler,italic,21664999
2026-02,13,Yabanci Para Pozisyonu,10001,7,"Yabancı Para Pozisyonu (milyon TL), Dönem:2026/2",milyon TL,raw/2026-02_table13_group10001.json,5dee0cab0d6cad8b4f339dc682a25f9e4fdf2f50a3d862a508e9f7e0950c6397,raw/2026-02_table13_group10001_info.json,74776c5ab2fb1727ad765b394970ee219f520af44171e69a58a62fd9f863440d,caption_and_validated_request_info,Sektör,7,Dövize Endeksli Yükümlülükler,italic,609
2026-02,13,Yabanci Para Pozisyonu,10001,8,"Yabancı Para Pozisyonu (milyon TL), Dönem:2026/2",milyon TL,raw/2026-02_table13_group10001.json,5dee0cab0d6cad8b4f339dc682a25f9e4fdf2f50a3d862a508e9f7e0950c6397,raw/2026-02_table13_group10001_info.json,74776c5ab2fb1727ad765b394970ee219f520af44171e69a58a62fd9f863440d,caption_and_validated_request_info,Sektör,8,Bilanço Dışı Yükümlülükler,italic,8255675
2026-02,13,Yabanci Para Pozisyonu,10001,9,"Yabancı Para Pozisyonu (milyon TL), Dönem:2026/2",milyon TL,raw/2026-02_table13_group10001.json,5dee0cab0d6cad8b4f339dc682a25f9e4fdf2f50a3d862a508e9f7e0950c6397,raw/2026-02_table13_group10001_info.json,74776c5ab2fb1727ad765b394970ee219f520af44171e69a58a62fd9f863440d,caption_and_validated_request_info,Sektör,9,Yabancı Para Net Genel Pozisyonu,,-3705
2026-02,13,Yabanci Para Pozisyonu,10001,10,"Yabancı Para Pozisyonu (milyon TL), Dönem:2026/2",milyon TL,raw/2026-02_table13_group10001.json,5dee0cab0d6cad8b4f339dc682a25f9e4fdf2f50a3d862a508e9f7e0950c6397,raw/2026-02_table13_group10001_info.json,74776c5ab2fb1727ad765b394970ee219f520af44171e69a58a62fd9f863440d,caption_and_validated_request_info,Sektör,10,Yasal Özkaynak,,5450694
2026-02,13,Yabanci Para Pozisyonu,10001,11,"Yabancı Para Pozisyonu (milyon TL), Dönem:2026/2",milyon TL,raw/2026-02_table13_group10001.json,5dee0cab0d6cad8b4f339dc682a25f9e4fdf2f50a3d862a508e9f7e0950c6397,raw/2026-02_table13_group10001_info.json,74776c5ab2fb1727ad765b394970ee219f520af44171e69a58a62fd9f863440d,caption_and_validated_request_info,Sektör,11,Yabancı Para Net Genel Pozisyon / Yasal Özkaynak Standart Oranı (Yüzde),bold,0
2026-03,13,Yabanci Para Pozisyonu,10001,1,"Yabancı Para Pozisyonu (milyon TL), Dönem:2026/3",milyon TL,raw/2026-03_table13_group10001.json,da91419061efa1e690bbd7ccf4cd86fd6d2f3ac46cdd08e45ad8a2f731eac8e5,raw/2026-03_table13_group10001_info.json,e0e4d8a1d7ebe9262d1bd975bb0654db61e42d811a37f20c272ad96ec4cee108,caption_and_validated_request_info,Sektör,1,Döviz Varlıkları Toplamı,bold,29998243
2026-03,13,Yabanci Para Pozisyonu,10001,2,"Yabancı Para Pozisyonu (milyon TL), Dönem:2026/3",milyon TL,raw/2026-03_table13_group10001.json,da91419061efa1e690bbd7ccf4cd86fd6d2f3ac46cdd08e45ad8a2f731eac8e5,raw/2026-03_table13_group10001_info.json,e0e4d8a1d7ebe9262d1bd975bb0654db61e42d811a37f20c272ad96ec4cee108,caption_and_validated_request_info,Sektör,2,Bilanço İçi Varlıklar,italic,19726005
2026-03,13,Yabanci Para Pozisyonu,10001,3,"Yabancı Para Pozisyonu (milyon TL), Dönem:2026/3",milyon TL,raw/2026-03_table13_group10001.json,da91419061efa1e690bbd7ccf4cd86fd6d2f3ac46cdd08e45ad8a2f731eac8e5,raw/2026-03_table13_group10001_info.json,e0e4d8a1d7ebe9262d1bd975bb0654db61e42d811a37f20c272ad96ec4cee108,caption_and_validated_request_info,Sektör,3,Dövize Endeksli Varlıklar,italic,6069
2026-03,13,Yabanci Para Pozisyonu,10001,4,"Yabancı Para Pozisyonu (milyon TL), Dönem:2026/3",milyon TL,raw/2026-03_table13_group10001.json,da91419061efa1e690bbd7ccf4cd86fd6d2f3ac46cdd08e45ad8a2f731eac8e5,raw/2026-03_table13_group10001_info.json,e0e4d8a1d7ebe9262d1bd975bb0654db61e42d811a37f20c272ad96ec4cee108,caption_and_validated_request_info,Sektör,4,Bilanço Dışı Varlıklar,italic,10272237
2026-03,13,Yabanci Para Pozisyonu,10001,5,"Yabancı Para Pozisyonu (milyon TL), Dönem:2026/3",milyon TL,raw/2026-03_table13_group10001.json,da91419061efa1e690bbd7ccf4cd86fd6d2f3ac46cdd08e45ad8a2f731eac8e5,raw/2026-03_table13_group10001_info.json,e0e4d8a1d7ebe9262d1bd975bb0654db61e42d811a37f20c272ad96ec4cee108,caption_and_validated_request_info,Sektör,5,Döviz Yükümlülükleri Toplamı,bold,29979821
2026-03,13,Yabanci Para Pozisyonu,10001,6,"Yabancı Para Pozisyonu (milyon TL), Dönem:2026/3",milyon TL,raw/2026-03_table13_group10001.json,da91419061efa1e690bbd7ccf4cd86fd6d2f3ac46cdd08e45ad8a2f731eac8e5,raw/2026-03_table13_group10001_info.json,e0e4d8a1d7ebe9262d1bd975bb0654db61e42d811a37f20c272ad96ec4cee108,caption_and_validated_request_info,Sektör,6,Bilanço İçi Yükümlülükler,italic,21409566
2026-03,13,Yabanci Para Pozisyonu,10001,7,"Yabancı Para Pozisyonu (milyon TL), Dönem:2026/3",milyon TL,raw/2026-03_table13_group10001.json,da91419061efa1e690bbd7ccf4cd86fd6d2f3ac46cdd08e45ad8a2f731eac8e5,raw/2026-03_table13_group10001_info.json,e0e4d8a1d7ebe9262d1bd975bb0654db61e42d811a37f20c272ad96ec4cee108,caption_and_validated_request_info,Sektör,7,Dövize Endeksli Yükümlülükler,italic,649
2026-03,13,Yabanci Para Pozisyonu,10001,8,"Yabancı Para Pozisyonu (milyon TL), Dönem:2026/3",milyon TL,raw/2026-03_table13_group10001.json,da91419061efa1e690bbd7ccf4cd86fd6d2f3ac46cdd08e45ad8a2f731eac8e5,raw/2026-03_table13_group10001_info.json,e0e4d8a1d7ebe9262d1bd975bb0654db61e42d811a37f20c272ad96ec4cee108,caption_and_validated_request_info,Sektör,8,Bilanço Dışı Yükümlülükler,italic,8570256
2026-03,13,Yabanci Para Pozisyonu,10001,9,"Yabancı Para Pozisyonu (milyon TL), Dönem:2026/3",milyon TL,raw/2026-03_table13_group10001.json,da91419061efa1e690bbd7ccf4cd86fd6d2f3ac46cdd08e45ad8a2f731eac8e5,raw/2026-03_table13_group10001_info.json,e0e4d8a1d7ebe9262d1bd975bb0654db61e42d811a37f20c272ad96ec4cee108,caption_and_validated_request_info,Sektör,9,Yabancı Para Net Genel Pozisyonu,,18421
2026-03,13,Yabanci Para Pozisyonu,10001,10,"Yabancı Para Pozisyonu (milyon TL), Dönem:2026/3",milyon TL,raw/2026-03_table13_group10001.json,da91419061efa1e690bbd7ccf4cd86fd6d2f3ac46cdd08e45ad8a2f731eac8e5,raw/2026-03_table13_group10001_info.json,e0e4d8a1d7ebe9262d1bd975bb0654db61e42d811a37f20c272ad96ec4cee108,caption_and_validated_request_info,Sektör,10,Yasal Özkaynak,,5544645
2026-03,13,Yabanci Para Pozisyonu,10001,11,"Yabancı Para Pozisyonu (milyon TL), Dönem:2026/3",milyon TL,raw/2026-03_table13_group10001.json,da91419061efa1e690bbd7ccf4cd86fd6d2f3ac46cdd08e45ad8a2f731eac8e5,raw/2026-03_table13_group10001_info.json,e0e4d8a1d7ebe9262d1bd975bb0654db61e42d811a37f20c272ad96ec4cee108,caption_and_validated_request_info,Sektör,11,Yabancı Para Net Genel Pozisyon / Yasal Özkaynak Standart Oranı (Yüzde),bold,0
2026-04,13,Yabanci Para Pozisyonu,10001,1,"Yabancı Para Pozisyonu (milyon TL), Dönem:2026/4",milyon TL,raw/2026-04_table13_group10001.json,81df160576adcc396c84a388bb83a88837b91b29ec32c97941258067864cfa4a,raw/2026-04_table13_group10001_info.json,bab056731e9ae323296a6002292d19a4e62d6c6b86ab0b0159a9226065203db6,caption_and_validated_request_info,Sektör,1,Döviz Varlıkları Toplamı,bold,30510644
2026-04,13,Yabanci Para Pozisyonu,10001,2,"Yabancı Para Pozisyonu (milyon TL), Dönem:2026/4",milyon TL,raw/2026-04_table13_group10001.json,81df160576adcc396c84a388bb83a88837b91b29ec32c97941258067864cfa4a,raw/2026-04_table13_group10001_info.json,bab056731e9ae323296a6002292d19a4e62d6c6b86ab0b0159a9226065203db6,caption_and_validated_request_info,Sektör,2,Bilanço İçi Varlıklar,italic,19597878
2026-04,13,Yabanci Para Pozisyonu,10001,3,"Yabancı Para Pozisyonu (milyon TL), Dönem:2026/4",milyon TL,raw/2026-04_table13_group10001.json,81df160576adcc396c84a388bb83a88837b91b29ec32c97941258067864cfa4a,raw/2026-04_table13_group10001_info.json,bab056731e9ae323296a6002292d19a4e62d6c6b86ab0b0159a9226065203db6,caption_and_validated_request_info,Sektör,3,Dövize Endeksli Varlıklar,italic,6295
2026-04,13,Yabanci Para Pozisyonu,10001,4,"Yabancı Para Pozisyonu (milyon TL), Dönem:2026/4",milyon TL,raw/2026-04_table13_group10001.json,81df160576adcc396c84a388bb83a88837b91b29ec32c97941258067864cfa4a,raw/2026-04_table13_group10001_info.json,bab056731e9ae323296a6002292d19a4e62d6c6b86ab0b0159a9226065203db6,caption_and_validated_request_info,Sektör,4,Bilanço Dışı Varlıklar,italic,10912766
2026-04,13,Yabanci Para Pozisyonu,10001,5,"Yabancı Para Pozisyonu (milyon TL), Dönem:2026/4",milyon TL,raw/2026-04_table13_group10001.json,81df160576adcc396c84a388bb83a88837b91b29ec32c97941258067864cfa4a,raw/2026-04_table13_group10001_info.json,bab056731e9ae323296a6002292d19a4e62d6c6b86ab0b0159a9226065203db6,caption_and_validated_request_info,Sektör,5,Döviz Yükümlülükleri Toplamı,bold,30481868
2026-04,13,Yabanci Para Pozisyonu,10001,6,"Yabancı Para Pozisyonu (milyon TL), Dönem:2026/4",milyon TL,raw/2026-04_table13_group10001.json,81df160576adcc396c84a388bb83a88837b91b29ec32c97941258067864cfa4a,raw/2026-04_table13_group10001_info.json,bab056731e9ae323296a6002292d19a4e62d6c6b86ab0b0159a9226065203db6,caption_and_validated_request_info,Sektör,6,Bilanço İçi Yükümlülükler,italic,21741993
2026-04,13,Yabanci Para Pozisyonu,10001,7,"Yabancı Para Pozisyonu (milyon TL), Dönem:2026/4",milyon TL,raw/2026-04_table13_group10001.json,81df160576adcc396c84a388bb83a88837b91b29ec32c97941258067864cfa4a,raw/2026-04_table13_group10001_info.json,bab056731e9ae323296a6002292d19a4e62d6c6b86ab0b0159a9226065203db6,caption_and_validated_request_info,Sektör,7,Dövize Endeksli Yükümlülükler,italic,684
2026-04,13,Yabanci Para Pozisyonu,10001,8,"Yabancı Para Pozisyonu (milyon TL), Dönem:2026/4",milyon TL,raw/2026-04_table13_group10001.json,81df160576adcc396c84a388bb83a88837b91b29ec32c97941258067864cfa4a,raw/2026-04_table13_group10001_info.json,bab056731e9ae323296a6002292d19a4e62d6c6b86ab0b0159a9226065203db6,caption_and_validated_request_info,Sektör,8,Bilanço Dışı Yükümlülükler,italic,8739875
2026-04,13,Yabanci Para Pozisyonu,10001,9,"Yabancı Para Pozisyonu (milyon TL), Dönem:2026/4",milyon TL,raw/2026-04_table13_group10001.json,81df160576adcc396c84a388bb83a88837b91b29ec32c97941258067864cfa4a,raw/2026-04_table13_group10001_info.json,bab056731e9ae323296a6002292d19a4e62d6c6b86ab0b0159a9226065203db6,caption_and_validated_request_info,Sektör,9,Yabancı Para Net Genel Pozisyonu,,28776
2026-04,13,Yabanci Para Pozisyonu,10001,10,"Yabancı Para Pozisyonu (milyon TL), Dönem:2026/4",milyon TL,raw/2026-04_table13_group10001.json,81df160576adcc396c84a388bb83a88837b91b29ec32c97941258067864cfa4a,raw/2026-04_table13_group10001_info.json,bab056731e9ae323296a6002292d19a4e62d6c6b86ab0b0159a9226065203db6,caption_and_validated_request_info,Sektör,10,Yasal Özkaynak,,5612681
2026-04,13,Yabanci Para Pozisyonu,10001,11,"Yabancı Para Pozisyonu (milyon TL), Dönem:2026/4",milyon TL,raw/2026-04_table13_group10001.json,81df160576adcc396c84a388bb83a88837b91b29ec32c97941258067864cfa4a,raw/2026-04_table13_group10001_info.json,bab056731e9ae323296a6002292d19a4e62d6c6b86ab0b0159a9226065203db6,caption_and_validated_request_info,Sektör,11,Yabancı Para Net Genel Pozisyon / Yasal Özkaynak Standart Oranı (Yüzde),bold,1
2026-05,13,Yabanci Para Pozisyonu,10001,1,"Yabancı Para Pozisyonu (milyon TL), Dönem:2026/5",milyon TL,raw/2026-05_table13_group10001.json,1f4e3add901945aaefdf3a8b4b1c620ff3c5441eaf648c50dbe993cd83e482e8,raw/2026-05_table13_group10001_info.json,67f24311501515403baa7bff6109b7461101df6db49c6bd8b087b2b264f4733b,caption_and_validated_request_info,Sektör,1,Döviz Varlıkları Toplamı,bold,30531251
2026-05,13,Yabanci Para Pozisyonu,10001,2,"Yabancı Para Pozisyonu (milyon TL), Dönem:2026/5",milyon TL,raw/2026-05_table13_group10001.json,1f4e3add901945aaefdf3a8b4b1c620ff3c5441eaf648c50dbe993cd83e482e8,raw/2026-05_table13_group10001_info.json,67f24311501515403baa7bff6109b7461101df6db49c6bd8b087b2b264f4733b,caption_and_validated_request_info,Sektör,2,Bilanço İçi Varlıklar,italic,20068814
2026-05,13,Yabanci Para Pozisyonu,10001,3,"Yabancı Para Pozisyonu (milyon TL), Dönem:2026/5",milyon TL,raw/2026-05_table13_group10001.json,1f4e3add901945aaefdf3a8b4b1c620ff3c5441eaf648c50dbe993cd83e482e8,raw/2026-05_table13_group10001_info.json,67f24311501515403baa7bff6109b7461101df6db49c6bd8b087b2b264f4733b,caption_and_validated_request_info,Sektör,3,Dövize Endeksli Varlıklar,italic,6575
2026-05,13,Yabanci Para Pozisyonu,10001,4,"Yabancı Para Pozisyonu (milyon TL), Dönem:2026/5",milyon TL,raw/2026-05_table13_group10001.json,1f4e3add901945aaefdf3a8b4b1c620ff3c5441eaf648c50dbe993cd83e482e8,raw/2026-05_table13_group10001_info.json,67f24311501515403baa7bff6109b7461101df6db49c6bd8b087b2b264f4733b,caption_and_validated_request_info,Sektör,4,Bilanço Dışı Varlıklar,italic,10462437
2026-05,13,Yabanci Para Pozisyonu,10001,5,"Yabancı Para Pozisyonu (milyon TL), Dönem:2026/5",milyon TL,raw/2026-05_table13_group10001.json,1f4e3add901945aaefdf3a8b4b1c620ff3c5441eaf648c50dbe993cd83e482e8,raw/2026-05_table13_group10001_info.json,67f24311501515403baa7bff6109b7461101df6db49c6bd8b087b2b264f4733b,caption_and_validated_request_info,Sektör,5,Döviz Yükümlülükleri Toplamı,bold,30468265
2026-05,13,Yabanci Para Pozisyonu,10001,6,"Yabancı Para Pozisyonu (milyon TL), Dönem:2026/5",milyon TL,raw/2026-05_table13_group10001.json,1f4e3add901945aaefdf3a8b4b1c620ff3c5441eaf648c50dbe993cd83e482e8,raw/2026-05_table13_group10001_info.json,67f24311501515403baa7bff6109b7461101df6db49c6bd8b087b2b264f4733b,caption_and_validated_request_info,Sektör,6,Bilanço İçi Yükümlülükler,italic,22226808
2026-05,13,Yabanci Para Pozisyonu,10001,7,"Yabancı Para Pozisyonu (milyon TL), Dönem:2026/5",milyon TL,raw/2026-05_table13_group10001.json,1f4e3add901945aaefdf3a8b4b1c620ff3c5441eaf648c50dbe993cd83e482e8,raw/2026-05_table13_group10001_info.json,67f24311501515403baa7bff6109b7461101df6db49c6bd8b087b2b264f4733b,caption_and_validated_request_info,Sektör,7,Dövize Endeksli Yükümlülükler,italic,25
2026-05,13,Yabanci Para Pozisyonu,10001,8,"Yabancı Para Pozisyonu (milyon TL), Dönem:2026/5",milyon TL,raw/2026-05_table13_group10001.json,1f4e3add901945aaefdf3a8b4b1c620ff3c5441eaf648c50dbe993cd83e482e8,raw/2026-05_table13_group10001_info.json,67f24311501515403baa7bff6109b7461101df6db49c6bd8b087b2b264f4733b,caption_and_validated_request_info,Sektör,8,Bilanço Dışı Yükümlülükler,italic,8241457
2026-05,13,Yabanci Para Pozisyonu,10001,9,"Yabancı Para Pozisyonu (milyon TL), Dönem:2026/5",milyon TL,raw/2026-05_table13_group10001.json,1f4e3add901945aaefdf3a8b4b1c620ff3c5441eaf648c50dbe993cd83e482e8,raw/2026-05_table13_group10001_info.json,67f24311501515403baa7bff6109b7461101df6db49c6bd8b087b2b264f4733b,caption_and_validated_request_info,Sektör,9,Yabancı Para Net Genel Pozisyonu,,62986
2026-05,13,Yabanci Para Pozisyonu,10001,10,"Yabancı Para Pozisyonu (milyon TL), Dönem:2026/5",milyon TL,raw/2026-05_table13_group10001.json,1f4e3add901945aaefdf3a8b4b1c620ff3c5441eaf648c50dbe993cd83e482e8,raw/2026-05_table13_group10001_info.json,67f24311501515403baa7bff6109b7461101df6db49c6bd8b087b2b264f4733b,caption_and_validated_request_info,Sektör,10,Yasal Özkaynak,,5664663
2026-05,13,Yabanci Para Pozisyonu,10001,11,"Yabancı Para Pozisyonu (milyon TL), Dönem:2026/5",milyon TL,raw/2026-05_table13_group10001.json,1f4e3add901945aaefdf3a8b4b1c620ff3c5441eaf648c50dbe993cd83e482e8,raw/2026-05_table13_group10001_info.json,67f24311501515403baa7bff6109b7461101df6db49c6bd8b087b2b264f4733b,caption_and_validated_request_info,Sektör,11,Yabancı Para Net Genel Pozisyon / Yasal Özkaynak Standart Oranı (Yüzde),bold,1
2026-06,13,Yabanci Para Pozisyonu,10001,1,"Yabancı Para Pozisyonu (milyon TL), Dönem:2026/6",milyon TL,raw/2026-06_table13_group10001.json,fce9c2fc745fa385c09af11ecf6650e5271d2f18aaa30237505b76a57569f727,raw/2026-06_table13_group10001_info.json,8f875c576567991ccd20b74c816a8698a5433d6267c4192b0aecda09b0602df9,caption_and_validated_request_info,Sektör,1,Döviz Varlıkları Toplamı,bold,30708911
2026-06,13,Yabanci Para Pozisyonu,10001,2,"Yabancı Para Pozisyonu (milyon TL), Dönem:2026/6",milyon TL,raw/2026-06_table13_group10001.json,fce9c2fc745fa385c09af11ecf6650e5271d2f18aaa30237505b76a57569f727,raw/2026-06_table13_group10001_info.json,8f875c576567991ccd20b74c816a8698a5433d6267c4192b0aecda09b0602df9,caption_and_validated_request_info,Sektör,2,Bilanço İçi Varlıklar,italic,19635575
2026-06,13,Yabanci Para Pozisyonu,10001,3,"Yabancı Para Pozisyonu (milyon TL), Dönem:2026/6",milyon TL,raw/2026-06_table13_group10001.json,fce9c2fc745fa385c09af11ecf6650e5271d2f18aaa30237505b76a57569f727,raw/2026-06_table13_group10001_info.json,8f875c576567991ccd20b74c816a8698a5433d6267c4192b0aecda09b0602df9,caption_and_validated_request_info,Sektör,3,Dövize Endeksli Varlıklar,italic,6196
2026-06,13,Yabanci Para Pozisyonu,10001,4,"Yabancı Para Pozisyonu (milyon TL), Dönem:2026/6",milyon TL,raw/2026-06_table13_group10001.json,fce9c2fc745fa385c09af11ecf6650e5271d2f18aaa30237505b76a57569f727,raw/2026-06_table13_group10001_info.json,8f875c576567991ccd20b74c816a8698a5433d6267c4192b0aecda09b0602df9,caption_and_validated_request_info,Sektör,4,Bilanço Dışı Varlıklar,italic,11073335
2026-06,13,Yabanci Para Pozisyonu,10001,5,"Yabancı Para Pozisyonu (milyon TL), Dönem:2026/6",milyon TL,raw/2026-06_table13_group10001.json,fce9c2fc745fa385c09af11ecf6650e5271d2f18aaa30237505b76a57569f727,raw/2026-06_table13_group10001_info.json,8f875c576567991ccd20b74c816a8698a5433d6267c4192b0aecda09b0602df9,caption_and_validated_request_info,Sektör,5,Döviz Yükümlülükleri Toplamı,bold,30630265
2026-06,13,Yabanci Para Pozisyonu,10001,6,"Yabancı Para Pozisyonu (milyon TL), Dönem:2026/6",milyon TL,raw/2026-06_table13_group10001.json,fce9c2fc745fa385c09af11ecf6650e5271d2f18aaa30237505b76a57569f727,raw/2026-06_table13_group10001_info.json,8f875c576567991ccd20b74c816a8698a5433d6267c4192b0aecda09b0602df9,caption_and_validated_request_info,Sektör,6,Bilanço İçi Yükümlülükler,italic,21995682
2026-06,13,Yabanci Para Pozisyonu,10001,7,"Yabancı Para Pozisyonu (milyon TL), Dönem:2026/6",milyon TL,raw/2026-06_table13_group10001.json,fce9c2fc745fa385c09af11ecf6650e5271d2f18aaa30237505b76a57569f727,raw/2026-06_table13_group10001_info.json,8f875c576567991ccd20b74c816a8698a5433d6267c4192b0aecda09b0602df9,caption_and_validated_request_info,Sektör,7,Dövize Endeksli Yükümlülükler,italic,18
2026-06,13,Yabanci Para Pozisyonu,10001,8,"Yabancı Para Pozisyonu (milyon TL), Dönem:2026/6",milyon TL,raw/2026-06_table13_group10001.json,fce9c2fc745fa385c09af11ecf6650e5271d2f18aaa30237505b76a57569f727,raw/2026-06_table13_group10001_info.json,8f875c576567991ccd20b74c816a8698a5433d6267c4192b0aecda09b0602df9,caption_and_validated_request_info,Sektör,8,Bilanço Dışı Yükümlülükler,italic,8634582
2026-06,13,Yabanci Para Pozisyonu,10001,9,"Yabancı Para Pozisyonu (milyon TL), Dönem:2026/6",milyon TL,raw/2026-06_table13_group10001.json,fce9c2fc745fa385c09af11ecf6650e5271d2f18aaa30237505b76a57569f727,raw/2026-06_table13_group10001_info.json,8f875c576567991ccd20b74c816a8698a5433d6267c4192b0aecda09b0602df9,caption_and_validated_request_info,Sektör,9,Yabancı Para Net Genel Pozisyonu,,78646
2026-06,13,Yabanci Para Pozisyonu,10001,10,"Yabancı Para Pozisyonu (milyon TL), Dönem:2026/6",milyon TL,raw/2026-06_table13_group10001.json,fce9c2fc745fa385c09af11ecf6650e5271d2f18aaa30237505b76a57569f727,raw/2026-06_table13_group10001_info.json,8f875c576567991ccd20b74c816a8698a5433d6267c4192b0aecda09b0602df9,caption_and_validated_request_info,Sektör,10,Yasal Özkaynak,,5838280
2026-06,13,Yabanci Para Pozisyonu,10001,11,"Yabancı Para Pozisyonu (milyon TL), Dönem:2026/6",milyon TL,raw/2026-06_table13_group10001.json,fce9c2fc745fa385c09af11ecf6650e5271d2f18aaa30237505b76a57569f727,raw/2026-06_table13_group10001_info.json,8f875c576567991ccd20b74c816a8698a5433d6267c4192b0aecda09b0602df9,caption_and_validated_request_info,Sektör,11,Yabancı Para Net Genel Pozisyon / Yasal Özkaynak Standart Oranı (Yüzde),bold,1
