month,table_no,table_name,group_code,source_row_index,source_caption,source_unit,source_file,source_sha256,source_request_info_file,source_request_info_sha256,period_validation_source,BankaAdi,BasitSira,Ad,BasitFont,OnBin,ElliBin,IkiyuzelliBin,Milyon,Milyonarti,Toplam
2021-01,9,Mevduat Turler Itibariyla,10001,1,"Mevduat Türler İtibarıyla (milyon TL), Dönem:2021/1",milyon TL,raw/2021-01_table09_group10001.json,0ae211ffb50f91bff7de95d781889360cd037ccaeef062ad4ffe6c443da97521,raw/2021-01_table09_group10001_info.json,24fb24f65160dbbaaa4f365db8c6b18519f6cd9eb4ad4e38ba51c39cd25962dd,caption_and_validated_request_info,Sektör,1,TP Mevduat / Katılım Fonları - Yurt İçi Yerleşik,bold,62324,114769,263523,259397,792489,1492502
2021-01,9,Mevduat Turler Itibariyla,10001,2,"Mevduat Türler İtibarıyla (milyon TL), Dönem:2021/1",milyon TL,raw/2021-01_table09_group10001.json,0ae211ffb50f91bff7de95d781889360cd037ccaeef062ad4ffe6c443da97521,raw/2021-01_table09_group10001_info.json,24fb24f65160dbbaaa4f365db8c6b18519f6cd9eb4ad4e38ba51c39cd25962dd,caption_and_validated_request_info,Sektör,2,a) Gerçek Kişiler,italic,56093,99260,226959,208645,231872,822828
2021-01,9,Mevduat Turler Itibariyla,10001,3,"Mevduat Türler İtibarıyla (milyon TL), Dönem:2021/1",milyon TL,raw/2021-01_table09_group10001.json,0ae211ffb50f91bff7de95d781889360cd037ccaeef062ad4ffe6c443da97521,raw/2021-01_table09_group10001_info.json,24fb24f65160dbbaaa4f365db8c6b18519f6cd9eb4ad4e38ba51c39cd25962dd,caption_and_validated_request_info,Sektör,3,b) Resmi Kuruluşlar,italic,163,442,1240,2707,87679,92231
2021-01,9,Mevduat Turler Itibariyla,10001,4,"Mevduat Türler İtibarıyla (milyon TL), Dönem:2021/1",milyon TL,raw/2021-01_table09_group10001.json,0ae211ffb50f91bff7de95d781889360cd037ccaeef062ad4ffe6c443da97521,raw/2021-01_table09_group10001_info.json,24fb24f65160dbbaaa4f365db8c6b18519f6cd9eb4ad4e38ba51c39cd25962dd,caption_and_validated_request_info,Sektör,4,c) Ticari ve Diğer Kuruluşlar,italic,6068,15068,35325,48045,472938,577444
2021-01,9,Mevduat Turler Itibariyla,10001,5,"Mevduat Türler İtibarıyla (milyon TL), Dönem:2021/1",milyon TL,raw/2021-01_table09_group10001.json,0ae211ffb50f91bff7de95d781889360cd037ccaeef062ad4ffe6c443da97521,raw/2021-01_table09_group10001_info.json,24fb24f65160dbbaaa4f365db8c6b18519f6cd9eb4ad4e38ba51c39cd25962dd,caption_and_validated_request_info,Sektör,5,Döviz Tevdiat Hesabı / Katılım Fonları - Yurt İçi Yerleşik,bold,9284,51696,175832,241111,960682,1438605
2021-01,9,Mevduat Turler Itibariyla,10001,6,"Mevduat Türler İtibarıyla (milyon TL), Dönem:2021/1",milyon TL,raw/2021-01_table09_group10001.json,0ae211ffb50f91bff7de95d781889360cd037ccaeef062ad4ffe6c443da97521,raw/2021-01_table09_group10001_info.json,24fb24f65160dbbaaa4f365db8c6b18519f6cd9eb4ad4e38ba51c39cd25962dd,caption_and_validated_request_info,Sektör,6,a) Gerçek Kişiler,italic,8826,49269,162354,202876,408935,832260
2021-01,9,Mevduat Turler Itibariyla,10001,7,"Mevduat Türler İtibarıyla (milyon TL), Dönem:2021/1",milyon TL,raw/2021-01_table09_group10001.json,0ae211ffb50f91bff7de95d781889360cd037ccaeef062ad4ffe6c443da97521,raw/2021-01_table09_group10001_info.json,24fb24f65160dbbaaa4f365db8c6b18519f6cd9eb4ad4e38ba51c39cd25962dd,caption_and_validated_request_info,Sektör,7,b) Resmi Kuruluşlar,italic,3,20,112,307,16289,16731
2021-01,9,Mevduat Turler Itibariyla,10001,8,"Mevduat Türler İtibarıyla (milyon TL), Dönem:2021/1",milyon TL,raw/2021-01_table09_group10001.json,0ae211ffb50f91bff7de95d781889360cd037ccaeef062ad4ffe6c443da97521,raw/2021-01_table09_group10001_info.json,24fb24f65160dbbaaa4f365db8c6b18519f6cd9eb4ad4e38ba51c39cd25962dd,caption_and_validated_request_info,Sektör,8,c) Ticari ve Diğer Kuruluşlar,italic,455,2406,13366,37928,535458,589614
2021-01,9,Mevduat Turler Itibariyla,10001,9,"Mevduat Türler İtibarıyla (milyon TL), Dönem:2021/1",milyon TL,raw/2021-01_table09_group10001.json,0ae211ffb50f91bff7de95d781889360cd037ccaeef062ad4ffe6c443da97521,raw/2021-01_table09_group10001_info.json,24fb24f65160dbbaaa4f365db8c6b18519f6cd9eb4ad4e38ba51c39cd25962dd,caption_and_validated_request_info,Sektör,9,Kıymetli Maden Depo Hesapları - Yurt İçi Yerleşik,bold,7935,44074,107015,68318,55450,282792
2021-01,9,Mevduat Turler Itibariyla,10001,10,"Mevduat Türler İtibarıyla (milyon TL), Dönem:2021/1",milyon TL,raw/2021-01_table09_group10001.json,0ae211ffb50f91bff7de95d781889360cd037ccaeef062ad4ffe6c443da97521,raw/2021-01_table09_group10001_info.json,24fb24f65160dbbaaa4f365db8c6b18519f6cd9eb4ad4e38ba51c39cd25962dd,caption_and_validated_request_info,Sektör,10,a) Gerçek Kişiler,italic,7695,43577,104677,63704,41778,261431
2021-01,9,Mevduat Turler Itibariyla,10001,11,"Mevduat Türler İtibarıyla (milyon TL), Dönem:2021/1",milyon TL,raw/2021-01_table09_group10001.json,0ae211ffb50f91bff7de95d781889360cd037ccaeef062ad4ffe6c443da97521,raw/2021-01_table09_group10001_info.json,24fb24f65160dbbaaa4f365db8c6b18519f6cd9eb4ad4e38ba51c39cd25962dd,caption_and_validated_request_info,Sektör,11,b) Resmi Kuruluşlar,italic,0,0,1,0,11,12
2021-01,9,Mevduat Turler Itibariyla,10001,12,"Mevduat Türler İtibarıyla (milyon TL), Dönem:2021/1",milyon TL,raw/2021-01_table09_group10001.json,0ae211ffb50f91bff7de95d781889360cd037ccaeef062ad4ffe6c443da97521,raw/2021-01_table09_group10001_info.json,24fb24f65160dbbaaa4f365db8c6b18519f6cd9eb4ad4e38ba51c39cd25962dd,caption_and_validated_request_info,Sektör,12,c) Ticari ve Diğer Kuruluşlar,italic,240,497,2337,4614,13661,21350
2021-01,9,Mevduat Turler Itibariyla,10001,13,"Mevduat Türler İtibarıyla (milyon TL), Dönem:2021/1",milyon TL,raw/2021-01_table09_group10001.json,0ae211ffb50f91bff7de95d781889360cd037ccaeef062ad4ffe6c443da97521,raw/2021-01_table09_group10001_info.json,24fb24f65160dbbaaa4f365db8c6b18519f6cd9eb4ad4e38ba51c39cd25962dd,caption_and_validated_request_info,Sektör,13,Toplam Mevduat - Yurt İçi Yerleşik,bold,79543,210539,546370,568827,1808620,3213899
2021-01,9,Mevduat Turler Itibariyla,10001,14,"Mevduat Türler İtibarıyla (milyon TL), Dönem:2021/1",milyon TL,raw/2021-01_table09_group10001.json,0ae211ffb50f91bff7de95d781889360cd037ccaeef062ad4ffe6c443da97521,raw/2021-01_table09_group10001_info.json,24fb24f65160dbbaaa4f365db8c6b18519f6cd9eb4ad4e38ba51c39cd25962dd,caption_and_validated_request_info,Sektör,14,Mudi Sayısı - Yurt İçi Yerleşik*,bold,116120527,7883444,4659195,1180463,279656,120537815
2021-01,9,Mevduat Turler Itibariyla,10001,15,"Mevduat Türler İtibarıyla (milyon TL), Dönem:2021/1",milyon TL,raw/2021-01_table09_group10001.json,0ae211ffb50f91bff7de95d781889360cd037ccaeef062ad4ffe6c443da97521,raw/2021-01_table09_group10001_info.json,24fb24f65160dbbaaa4f365db8c6b18519f6cd9eb4ad4e38ba51c39cd25962dd,caption_and_validated_request_info,Sektör,15,TP Mevduat / Katılım Fonları - Yurt Dışı Yerleşik,bold,1470,4354,9496,10106,18433,43859
2021-01,9,Mevduat Turler Itibariyla,10001,16,"Mevduat Türler İtibarıyla (milyon TL), Dönem:2021/1",milyon TL,raw/2021-01_table09_group10001.json,0ae211ffb50f91bff7de95d781889360cd037ccaeef062ad4ffe6c443da97521,raw/2021-01_table09_group10001_info.json,24fb24f65160dbbaaa4f365db8c6b18519f6cd9eb4ad4e38ba51c39cd25962dd,caption_and_validated_request_info,Sektör,16,a) Gerçek Kişiler,italic,1446,4288,9327,9882,9079,34022
2021-01,9,Mevduat Turler Itibariyla,10001,17,"Mevduat Türler İtibarıyla (milyon TL), Dönem:2021/1",milyon TL,raw/2021-01_table09_group10001.json,0ae211ffb50f91bff7de95d781889360cd037ccaeef062ad4ffe6c443da97521,raw/2021-01_table09_group10001_info.json,24fb24f65160dbbaaa4f365db8c6b18519f6cd9eb4ad4e38ba51c39cd25962dd,caption_and_validated_request_info,Sektör,17,b) Ticari ve Diğer Kuruluşlar,italic,24,66,169,224,9354,9837
2021-01,9,Mevduat Turler Itibariyla,10001,18,"Mevduat Türler İtibarıyla (milyon TL), Dönem:2021/1",milyon TL,raw/2021-01_table09_group10001.json,0ae211ffb50f91bff7de95d781889360cd037ccaeef062ad4ffe6c443da97521,raw/2021-01_table09_group10001_info.json,24fb24f65160dbbaaa4f365db8c6b18519f6cd9eb4ad4e38ba51c39cd25962dd,caption_and_validated_request_info,Sektör,18,Döviz Tevdiat Hesabı / Katılım Fonları - Yurt Dışı Yerleşik,bold,691,3283,18402,40376,94105,156857
2021-01,9,Mevduat Turler Itibariyla,10001,19,"Mevduat Türler İtibarıyla (milyon TL), Dönem:2021/1",milyon TL,raw/2021-01_table09_group10001.json,0ae211ffb50f91bff7de95d781889360cd037ccaeef062ad4ffe6c443da97521,raw/2021-01_table09_group10001_info.json,24fb24f65160dbbaaa4f365db8c6b18519f6cd9eb4ad4e38ba51c39cd25962dd,caption_and_validated_request_info,Sektör,19,a) Gerçek Kişiler,italic,613,3203,18072,39407,67289,128585
2021-01,9,Mevduat Turler Itibariyla,10001,20,"Mevduat Türler İtibarıyla (milyon TL), Dönem:2021/1",milyon TL,raw/2021-01_table09_group10001.json,0ae211ffb50f91bff7de95d781889360cd037ccaeef062ad4ffe6c443da97521,raw/2021-01_table09_group10001_info.json,24fb24f65160dbbaaa4f365db8c6b18519f6cd9eb4ad4e38ba51c39cd25962dd,caption_and_validated_request_info,Sektör,20,b) Ticari ve Diğer Kuruluşlar,italic,78,80,330,969,26815,28272
2021-01,9,Mevduat Turler Itibariyla,10001,21,"Mevduat Türler İtibarıyla (milyon TL), Dönem:2021/1",milyon TL,raw/2021-01_table09_group10001.json,0ae211ffb50f91bff7de95d781889360cd037ccaeef062ad4ffe6c443da97521,raw/2021-01_table09_group10001_info.json,24fb24f65160dbbaaa4f365db8c6b18519f6cd9eb4ad4e38ba51c39cd25962dd,caption_and_validated_request_info,Sektör,21,Kıymetli Maden Depo Hesapları - Yurt Dışı Yerleşik,bold,47,270,1021,1113,1313,3764
2021-01,9,Mevduat Turler Itibariyla,10001,22,"Mevduat Türler İtibarıyla (milyon TL), Dönem:2021/1",milyon TL,raw/2021-01_table09_group10001.json,0ae211ffb50f91bff7de95d781889360cd037ccaeef062ad4ffe6c443da97521,raw/2021-01_table09_group10001_info.json,24fb24f65160dbbaaa4f365db8c6b18519f6cd9eb4ad4e38ba51c39cd25962dd,caption_and_validated_request_info,Sektör,22,a) Gerçek Kişiler,italic,46,269,1020,1105,1238,3678
2021-01,9,Mevduat Turler Itibariyla,10001,23,"Mevduat Türler İtibarıyla (milyon TL), Dönem:2021/1",milyon TL,raw/2021-01_table09_group10001.json,0ae211ffb50f91bff7de95d781889360cd037ccaeef062ad4ffe6c443da97521,raw/2021-01_table09_group10001_info.json,24fb24f65160dbbaaa4f365db8c6b18519f6cd9eb4ad4e38ba51c39cd25962dd,caption_and_validated_request_info,Sektör,23,b) Ticari ve Diğer Kuruluşlar,italic,0,1,2,9,74,86
2021-01,9,Mevduat Turler Itibariyla,10001,24,"Mevduat Türler İtibarıyla (milyon TL), Dönem:2021/1",milyon TL,raw/2021-01_table09_group10001.json,0ae211ffb50f91bff7de95d781889360cd037ccaeef062ad4ffe6c443da97521,raw/2021-01_table09_group10001_info.json,24fb24f65160dbbaaa4f365db8c6b18519f6cd9eb4ad4e38ba51c39cd25962dd,caption_and_validated_request_info,Sektör,24,Toplam Mevduat - Yurt Dışı Yerleşik,bold,2208,7907,28919,51595,113850,204480
2021-01,9,Mevduat Turler Itibariyla,10001,25,"Mevduat Türler İtibarıyla (milyon TL), Dönem:2021/1",milyon TL,raw/2021-01_table09_group10001.json,0ae211ffb50f91bff7de95d781889360cd037ccaeef062ad4ffe6c443da97521,raw/2021-01_table09_group10001_info.json,24fb24f65160dbbaaa4f365db8c6b18519f6cd9eb4ad4e38ba51c39cd25962dd,caption_and_validated_request_info,Sektör,25,Mudi Sayısı - Yurt Dışı Yerleşik*,bold,1317054,284686,230401,103397,27833,1568935
2021-01,9,Mevduat Turler Itibariyla,10001,26,"Mevduat Türler İtibarıyla (milyon TL), Dönem:2021/1",milyon TL,raw/2021-01_table09_group10001.json,0ae211ffb50f91bff7de95d781889360cd037ccaeef062ad4ffe6c443da97521,raw/2021-01_table09_group10001_info.json,24fb24f65160dbbaaa4f365db8c6b18519f6cd9eb4ad4e38ba51c39cd25962dd,caption_and_validated_request_info,Sektör,26,Toplam Mevduat,bold,81752,218446,575289,620422,1922470,3418379
2021-02,9,Mevduat Turler Itibariyla,10001,1,"Mevduat Türler İtibarıyla (milyon TL), Dönem:2021/2",milyon TL,raw/2021-02_table09_group10001.json,08ec7fe4aea588e7dfe1f8227bce6df49641d85d620d27955263c4c492693089,raw/2021-02_table09_group10001_info.json,4e1b1f77404e81f55c83583c9bd5a4d1faa5c892e7a1c324058f713204c53a47,caption_and_validated_request_info,Sektör,1,TP Mevduat / Katılım Fonları - Yurt İçi Yerleşik,bold,64266,114684,265707,264973,815661,1525291
2021-02,9,Mevduat Turler Itibariyla,10001,2,"Mevduat Türler İtibarıyla (milyon TL), Dönem:2021/2",milyon TL,raw/2021-02_table09_group10001.json,08ec7fe4aea588e7dfe1f8227bce6df49641d85d620d27955263c4c492693089,raw/2021-02_table09_group10001_info.json,4e1b1f77404e81f55c83583c9bd5a4d1faa5c892e7a1c324058f713204c53a47,caption_and_validated_request_info,Sektör,2,a) Gerçek Kişiler,italic,57941,99249,229441,214453,239057,840141
2021-02,9,Mevduat Turler Itibariyla,10001,3,"Mevduat Türler İtibarıyla (milyon TL), Dönem:2021/2",milyon TL,raw/2021-02_table09_group10001.json,08ec7fe4aea588e7dfe1f8227bce6df49641d85d620d27955263c4c492693089,raw/2021-02_table09_group10001_info.json,4e1b1f77404e81f55c83583c9bd5a4d1faa5c892e7a1c324058f713204c53a47,caption_and_validated_request_info,Sektör,3,b) Resmi Kuruluşlar,italic,157,431,1182,2775,97236,101781
2021-02,9,Mevduat Turler Itibariyla,10001,4,"Mevduat Türler İtibarıyla (milyon TL), Dönem:2021/2",milyon TL,raw/2021-02_table09_group10001.json,08ec7fe4aea588e7dfe1f8227bce6df49641d85d620d27955263c4c492693089,raw/2021-02_table09_group10001_info.json,4e1b1f77404e81f55c83583c9bd5a4d1faa5c892e7a1c324058f713204c53a47,caption_and_validated_request_info,Sektör,4,c) Ticari ve Diğer Kuruluşlar,italic,6168,15004,35084,47745,479368,583369
2021-02,9,Mevduat Turler Itibariyla,10001,5,"Mevduat Türler İtibarıyla (milyon TL), Dönem:2021/2",milyon TL,raw/2021-02_table09_group10001.json,08ec7fe4aea588e7dfe1f8227bce6df49641d85d620d27955263c4c492693089,raw/2021-02_table09_group10001_info.json,4e1b1f77404e81f55c83583c9bd5a4d1faa5c892e7a1c324058f713204c53a47,caption_and_validated_request_info,Sektör,5,Döviz Tevdiat Hesabı / Katılım Fonları - Yurt İçi Yerleşik,bold,9219,51320,174840,240893,963192,1439464
2021-02,9,Mevduat Turler Itibariyla,10001,6,"Mevduat Türler İtibarıyla (milyon TL), Dönem:2021/2",milyon TL,raw/2021-02_table09_group10001.json,08ec7fe4aea588e7dfe1f8227bce6df49641d85d620d27955263c4c492693089,raw/2021-02_table09_group10001_info.json,4e1b1f77404e81f55c83583c9bd5a4d1faa5c892e7a1c324058f713204c53a47,caption_and_validated_request_info,Sektör,6,a) Gerçek Kişiler,italic,8756,48905,161413,203312,416612,838997
2021-02,9,Mevduat Turler Itibariyla,10001,7,"Mevduat Türler İtibarıyla (milyon TL), Dönem:2021/2",milyon TL,raw/2021-02_table09_group10001.json,08ec7fe4aea588e7dfe1f8227bce6df49641d85d620d27955263c4c492693089,raw/2021-02_table09_group10001_info.json,4e1b1f77404e81f55c83583c9bd5a4d1faa5c892e7a1c324058f713204c53a47,caption_and_validated_request_info,Sektör,7,b) Resmi Kuruluşlar,italic,3,21,113,320,16330,16787
2021-02,9,Mevduat Turler Itibariyla,10001,8,"Mevduat Türler İtibarıyla (milyon TL), Dönem:2021/2",milyon TL,raw/2021-02_table09_group10001.json,08ec7fe4aea588e7dfe1f8227bce6df49641d85d620d27955263c4c492693089,raw/2021-02_table09_group10001_info.json,4e1b1f77404e81f55c83583c9bd5a4d1faa5c892e7a1c324058f713204c53a47,caption_and_validated_request_info,Sektör,8,c) Ticari ve Diğer Kuruluşlar,italic,461,2394,13315,37261,530250,583680
2021-02,9,Mevduat Turler Itibariyla,10001,9,"Mevduat Türler İtibarıyla (milyon TL), Dönem:2021/2",milyon TL,raw/2021-02_table09_group10001.json,08ec7fe4aea588e7dfe1f8227bce6df49641d85d620d27955263c4c492693089,raw/2021-02_table09_group10001_info.json,4e1b1f77404e81f55c83583c9bd5a4d1faa5c892e7a1c324058f713204c53a47,caption_and_validated_request_info,Sektör,9,Kıymetli Maden Depo Hesapları - Yurt İçi Yerleşik,bold,8111,44757,105166,65274,54558,277865
2021-02,9,Mevduat Turler Itibariyla,10001,10,"Mevduat Türler İtibarıyla (milyon TL), Dönem:2021/2",milyon TL,raw/2021-02_table09_group10001.json,08ec7fe4aea588e7dfe1f8227bce6df49641d85d620d27955263c4c492693089,raw/2021-02_table09_group10001_info.json,4e1b1f77404e81f55c83583c9bd5a4d1faa5c892e7a1c324058f713204c53a47,caption_and_validated_request_info,Sektör,10,a) Gerçek Kişiler,italic,7871,44255,102813,60865,41170,256974
2021-02,9,Mevduat Turler Itibariyla,10001,11,"Mevduat Türler İtibarıyla (milyon TL), Dönem:2021/2",milyon TL,raw/2021-02_table09_group10001.json,08ec7fe4aea588e7dfe1f8227bce6df49641d85d620d27955263c4c492693089,raw/2021-02_table09_group10001_info.json,4e1b1f77404e81f55c83583c9bd5a4d1faa5c892e7a1c324058f713204c53a47,caption_and_validated_request_info,Sektör,11,b) Resmi Kuruluşlar,italic,0,0,1,0,10,11
2021-02,9,Mevduat Turler Itibariyla,10001,12,"Mevduat Türler İtibarıyla (milyon TL), Dönem:2021/2",milyon TL,raw/2021-02_table09_group10001.json,08ec7fe4aea588e7dfe1f8227bce6df49641d85d620d27955263c4c492693089,raw/2021-02_table09_group10001_info.json,4e1b1f77404e81f55c83583c9bd5a4d1faa5c892e7a1c324058f713204c53a47,caption_and_validated_request_info,Sektör,12,c) Ticari ve Diğer Kuruluşlar,italic,240,501,2352,4409,13378,20880
2021-02,9,Mevduat Turler Itibariyla,10001,13,"Mevduat Türler İtibarıyla (milyon TL), Dönem:2021/2",milyon TL,raw/2021-02_table09_group10001.json,08ec7fe4aea588e7dfe1f8227bce6df49641d85d620d27955263c4c492693089,raw/2021-02_table09_group10001_info.json,4e1b1f77404e81f55c83583c9bd5a4d1faa5c892e7a1c324058f713204c53a47,caption_and_validated_request_info,Sektör,13,Toplam Mevduat - Yurt İçi Yerleşik,bold,81597,210761,545713,571140,1833410,3242621
2021-02,9,Mevduat Turler Itibariyla,10001,14,"Mevduat Türler İtibarıyla (milyon TL), Dönem:2021/2",milyon TL,raw/2021-02_table09_group10001.json,08ec7fe4aea588e7dfe1f8227bce6df49641d85d620d27955263c4c492693089,raw/2021-02_table09_group10001_info.json,4e1b1f77404e81f55c83583c9bd5a4d1faa5c892e7a1c324058f713204c53a47,caption_and_validated_request_info,Sektör,14,Mudi Sayısı - Yurt İçi Yerleşik*,bold,116803880,7900689,4654655,1184639,283595,121191583
2021-02,9,Mevduat Turler Itibariyla,10001,15,"Mevduat Türler İtibarıyla (milyon TL), Dönem:2021/2",milyon TL,raw/2021-02_table09_group10001.json,08ec7fe4aea588e7dfe1f8227bce6df49641d85d620d27955263c4c492693089,raw/2021-02_table09_group10001_info.json,4e1b1f77404e81f55c83583c9bd5a4d1faa5c892e7a1c324058f713204c53a47,caption_and_validated_request_info,Sektör,15,TP Mevduat / Katılım Fonları - Yurt Dışı Yerleşik,bold,1478,4504,9652,10384,19093,45112
2021-02,9,Mevduat Turler Itibariyla,10001,16,"Mevduat Türler İtibarıyla (milyon TL), Dönem:2021/2",milyon TL,raw/2021-02_table09_group10001.json,08ec7fe4aea588e7dfe1f8227bce6df49641d85d620d27955263c4c492693089,raw/2021-02_table09_group10001_info.json,4e1b1f77404e81f55c83583c9bd5a4d1faa5c892e7a1c324058f713204c53a47,caption_and_validated_request_info,Sektör,16,a) Gerçek Kişiler,italic,1454,4440,9487,10142,9359,34883
2021-02,9,Mevduat Turler Itibariyla,10001,17,"Mevduat Türler İtibarıyla (milyon TL), Dönem:2021/2",milyon TL,raw/2021-02_table09_group10001.json,08ec7fe4aea588e7dfe1f8227bce6df49641d85d620d27955263c4c492693089,raw/2021-02_table09_group10001_info.json,4e1b1f77404e81f55c83583c9bd5a4d1faa5c892e7a1c324058f713204c53a47,caption_and_validated_request_info,Sektör,17,b) Ticari ve Diğer Kuruluşlar,italic,24,64,165,242,9734,10229
2021-02,9,Mevduat Turler Itibariyla,10001,18,"Mevduat Türler İtibarıyla (milyon TL), Dönem:2021/2",milyon TL,raw/2021-02_table09_group10001.json,08ec7fe4aea588e7dfe1f8227bce6df49641d85d620d27955263c4c492693089,raw/2021-02_table09_group10001_info.json,4e1b1f77404e81f55c83583c9bd5a4d1faa5c892e7a1c324058f713204c53a47,caption_and_validated_request_info,Sektör,18,Döviz Tevdiat Hesabı / Katılım Fonları - Yurt Dışı Yerleşik,bold,659,3288,18446,40623,96706,159722
2021-02,9,Mevduat Turler Itibariyla,10001,19,"Mevduat Türler İtibarıyla (milyon TL), Dönem:2021/2",milyon TL,raw/2021-02_table09_group10001.json,08ec7fe4aea588e7dfe1f8227bce6df49641d85d620d27955263c4c492693089,raw/2021-02_table09_group10001_info.json,4e1b1f77404e81f55c83583c9bd5a4d1faa5c892e7a1c324058f713204c53a47,caption_and_validated_request_info,Sektör,19,a) Gerçek Kişiler,italic,606,3207,18099,39665,68636,130213
2021-02,9,Mevduat Turler Itibariyla,10001,20,"Mevduat Türler İtibarıyla (milyon TL), Dönem:2021/2",milyon TL,raw/2021-02_table09_group10001.json,08ec7fe4aea588e7dfe1f8227bce6df49641d85d620d27955263c4c492693089,raw/2021-02_table09_group10001_info.json,4e1b1f77404e81f55c83583c9bd5a4d1faa5c892e7a1c324058f713204c53a47,caption_and_validated_request_info,Sektör,20,b) Ticari ve Diğer Kuruluşlar,italic,53,81,347,958,28069,29509
2021-02,9,Mevduat Turler Itibariyla,10001,21,"Mevduat Türler İtibarıyla (milyon TL), Dönem:2021/2",milyon TL,raw/2021-02_table09_group10001.json,08ec7fe4aea588e7dfe1f8227bce6df49641d85d620d27955263c4c492693089,raw/2021-02_table09_group10001_info.json,4e1b1f77404e81f55c83583c9bd5a4d1faa5c892e7a1c324058f713204c53a47,caption_and_validated_request_info,Sektör,21,Kıymetli Maden Depo Hesapları - Yurt Dışı Yerleşik,bold,47,279,1020,1111,1364,3821
2021-02,9,Mevduat Turler Itibariyla,10001,22,"Mevduat Türler İtibarıyla (milyon TL), Dönem:2021/2",milyon TL,raw/2021-02_table09_group10001.json,08ec7fe4aea588e7dfe1f8227bce6df49641d85d620d27955263c4c492693089,raw/2021-02_table09_group10001_info.json,4e1b1f77404e81f55c83583c9bd5a4d1faa5c892e7a1c324058f713204c53a47,caption_and_validated_request_info,Sektör,22,a) Gerçek Kişiler,italic,47,279,1018,1100,1292,3735
2021-02,9,Mevduat Turler Itibariyla,10001,23,"Mevduat Türler İtibarıyla (milyon TL), Dönem:2021/2",milyon TL,raw/2021-02_table09_group10001.json,08ec7fe4aea588e7dfe1f8227bce6df49641d85d620d27955263c4c492693089,raw/2021-02_table09_group10001_info.json,4e1b1f77404e81f55c83583c9bd5a4d1faa5c892e7a1c324058f713204c53a47,caption_and_validated_request_info,Sektör,23,b) Ticari ve Diğer Kuruluşlar,italic,0,1,2,11,72,86
2021-02,9,Mevduat Turler Itibariyla,10001,24,"Mevduat Türler İtibarıyla (milyon TL), Dönem:2021/2",milyon TL,raw/2021-02_table09_group10001.json,08ec7fe4aea588e7dfe1f8227bce6df49641d85d620d27955263c4c492693089,raw/2021-02_table09_group10001_info.json,4e1b1f77404e81f55c83583c9bd5a4d1faa5c892e7a1c324058f713204c53a47,caption_and_validated_request_info,Sektör,24,Toplam Mevduat - Yurt Dışı Yerleşik,bold,2185,8071,29118,52118,117163,208655
2021-02,9,Mevduat Turler Itibariyla,10001,25,"Mevduat Türler İtibarıyla (milyon TL), Dönem:2021/2",milyon TL,raw/2021-02_table09_group10001.json,08ec7fe4aea588e7dfe1f8227bce6df49641d85d620d27955263c4c492693089,raw/2021-02_table09_group10001_info.json,4e1b1f77404e81f55c83583c9bd5a4d1faa5c892e7a1c324058f713204c53a47,caption_and_validated_request_info,Sektör,25,Mudi Sayısı - Yurt Dışı Yerleşik*,bold,1321389,290799,232075,104295,28407,1578861
2021-02,9,Mevduat Turler Itibariyla,10001,26,"Mevduat Türler İtibarıyla (milyon TL), Dönem:2021/2",milyon TL,raw/2021-02_table09_group10001.json,08ec7fe4aea588e7dfe1f8227bce6df49641d85d620d27955263c4c492693089,raw/2021-02_table09_group10001_info.json,4e1b1f77404e81f55c83583c9bd5a4d1faa5c892e7a1c324058f713204c53a47,caption_and_validated_request_info,Sektör,26,Toplam Mevduat,bold,83781,218832,574831,623258,1950573,3451275
2021-03,9,Mevduat Turler Itibariyla,10001,1,"Mevduat Türler İtibarıyla (milyon TL), Dönem:2021/3",milyon TL,raw/2021-03_table09_group10001.json,98748b7295351d3b33efb5f3f4f31e10f16fa5d97875e6dc55cbb3a832572395,raw/2021-03_table09_group10001_info.json,7cf4b0b4449fe11b38c917d50be253e079e7946636f127e90876f5ebf009708e,caption_and_validated_request_info,Sektör,1,TP Mevduat / Katılım Fonları - Yurt İçi Yerleşik,bold,62256,119034,282425,285574,837023,1586313
2021-03,9,Mevduat Turler Itibariyla,10001,2,"Mevduat Türler İtibarıyla (milyon TL), Dönem:2021/3",milyon TL,raw/2021-03_table09_group10001.json,98748b7295351d3b33efb5f3f4f31e10f16fa5d97875e6dc55cbb3a832572395,raw/2021-03_table09_group10001_info.json,7cf4b0b4449fe11b38c917d50be253e079e7946636f127e90876f5ebf009708e,caption_and_validated_request_info,Sektör,2,a) Gerçek Kişiler,italic,56066,104310,247446,234402,261225,903450
2021-03,9,Mevduat Turler Itibariyla,10001,3,"Mevduat Türler İtibarıyla (milyon TL), Dönem:2021/3",milyon TL,raw/2021-03_table09_group10001.json,98748b7295351d3b33efb5f3f4f31e10f16fa5d97875e6dc55cbb3a832572395,raw/2021-03_table09_group10001_info.json,7cf4b0b4449fe11b38c917d50be253e079e7946636f127e90876f5ebf009708e,caption_and_validated_request_info,Sektör,3,b) Resmi Kuruluşlar,italic,159,440,1161,2940,88446,93144
2021-03,9,Mevduat Turler Itibariyla,10001,4,"Mevduat Türler İtibarıyla (milyon TL), Dönem:2021/3",milyon TL,raw/2021-03_table09_group10001.json,98748b7295351d3b33efb5f3f4f31e10f16fa5d97875e6dc55cbb3a832572395,raw/2021-03_table09_group10001_info.json,7cf4b0b4449fe11b38c917d50be253e079e7946636f127e90876f5ebf009708e,caption_and_validated_request_info,Sektör,4,c) Ticari ve Diğer Kuruluşlar,italic,6031,14284,33819,48233,487352,589719
2021-03,9,Mevduat Turler Itibariyla,10001,5,"Mevduat Türler İtibarıyla (milyon TL), Dönem:2021/3",milyon TL,raw/2021-03_table09_group10001.json,98748b7295351d3b33efb5f3f4f31e10f16fa5d97875e6dc55cbb3a832572395,raw/2021-03_table09_group10001_info.json,7cf4b0b4449fe11b38c917d50be253e079e7946636f127e90876f5ebf009708e,caption_and_validated_request_info,Sektör,5,Döviz Tevdiat Hesabı / Katılım Fonları - Yurt İçi Yerleşik,bold,8541,48268,170596,247175,1070917,1545497
2021-03,9,Mevduat Turler Itibariyla,10001,6,"Mevduat Türler İtibarıyla (milyon TL), Dönem:2021/3",milyon TL,raw/2021-03_table09_group10001.json,98748b7295351d3b33efb5f3f4f31e10f16fa5d97875e6dc55cbb3a832572395,raw/2021-03_table09_group10001_info.json,7cf4b0b4449fe11b38c917d50be253e079e7946636f127e90876f5ebf009708e,caption_and_validated_request_info,Sektör,6,a) Gerçek Kişiler,italic,8071,45949,158000,210822,463050,885891
2021-03,9,Mevduat Turler Itibariyla,10001,7,"Mevduat Türler İtibarıyla (milyon TL), Dönem:2021/3",milyon TL,raw/2021-03_table09_group10001.json,98748b7295351d3b33efb5f3f4f31e10f16fa5d97875e6dc55cbb3a832572395,raw/2021-03_table09_group10001_info.json,7cf4b0b4449fe11b38c917d50be253e079e7946636f127e90876f5ebf009708e,caption_and_validated_request_info,Sektör,7,b) Resmi Kuruluşlar,italic,3,20,114,561,16579,17278
2021-03,9,Mevduat Turler Itibariyla,10001,8,"Mevduat Türler İtibarıyla (milyon TL), Dönem:2021/3",milyon TL,raw/2021-03_table09_group10001.json,98748b7295351d3b33efb5f3f4f31e10f16fa5d97875e6dc55cbb3a832572395,raw/2021-03_table09_group10001_info.json,7cf4b0b4449fe11b38c917d50be253e079e7946636f127e90876f5ebf009708e,caption_and_validated_request_info,Sektör,8,c) Ticari ve Diğer Kuruluşlar,italic,467,2299,12482,35793,591288,642329
2021-03,9,Mevduat Turler Itibariyla,10001,9,"Mevduat Türler İtibarıyla (milyon TL), Dönem:2021/3",milyon TL,raw/2021-03_table09_group10001.json,98748b7295351d3b33efb5f3f4f31e10f16fa5d97875e6dc55cbb3a832572395,raw/2021-03_table09_group10001_info.json,7cf4b0b4449fe11b38c917d50be253e079e7946636f127e90876f5ebf009708e,caption_and_validated_request_info,Sektör,9,Kıymetli Maden Depo Hesapları - Yurt İçi Yerleşik,bold,7413,42920,105137,67233,57994,280696
2021-03,9,Mevduat Turler Itibariyla,10001,10,"Mevduat Türler İtibarıyla (milyon TL), Dönem:2021/3",milyon TL,raw/2021-03_table09_group10001.json,98748b7295351d3b33efb5f3f4f31e10f16fa5d97875e6dc55cbb3a832572395,raw/2021-03_table09_group10001_info.json,7cf4b0b4449fe11b38c917d50be253e079e7946636f127e90876f5ebf009708e,caption_and_validated_request_info,Sektör,10,a) Gerçek Kişiler,italic,7157,42460,102973,63064,44542,260196
2021-03,9,Mevduat Turler Itibariyla,10001,11,"Mevduat Türler İtibarıyla (milyon TL), Dönem:2021/3",milyon TL,raw/2021-03_table09_group10001.json,98748b7295351d3b33efb5f3f4f31e10f16fa5d97875e6dc55cbb3a832572395,raw/2021-03_table09_group10001_info.json,7cf4b0b4449fe11b38c917d50be253e079e7946636f127e90876f5ebf009708e,caption_and_validated_request_info,Sektör,11,b) Resmi Kuruluşlar,italic,0,1,1,0,11,12
2021-03,9,Mevduat Turler Itibariyla,10001,12,"Mevduat Türler İtibarıyla (milyon TL), Dönem:2021/3",milyon TL,raw/2021-03_table09_group10001.json,98748b7295351d3b33efb5f3f4f31e10f16fa5d97875e6dc55cbb3a832572395,raw/2021-03_table09_group10001_info.json,7cf4b0b4449fe11b38c917d50be253e079e7946636f127e90876f5ebf009708e,caption_and_validated_request_info,Sektör,12,c) Ticari ve Diğer Kuruluşlar,italic,256,459,2163,4169,13441,20487
2021-03,9,Mevduat Turler Itibariyla,10001,13,"Mevduat Türler İtibarıyla (milyon TL), Dönem:2021/3",milyon TL,raw/2021-03_table09_group10001.json,98748b7295351d3b33efb5f3f4f31e10f16fa5d97875e6dc55cbb3a832572395,raw/2021-03_table09_group10001_info.json,7cf4b0b4449fe11b38c917d50be253e079e7946636f127e90876f5ebf009708e,caption_and_validated_request_info,Sektör,13,Toplam Mevduat - Yurt İçi Yerleşik,bold,78210,210222,558159,599982,1965934,3412506
2021-03,9,Mevduat Turler Itibariyla,10001,14,"Mevduat Türler İtibarıyla (milyon TL), Dönem:2021/3",milyon TL,raw/2021-03_table09_group10001.json,98748b7295351d3b33efb5f3f4f31e10f16fa5d97875e6dc55cbb3a832572395,raw/2021-03_table09_group10001_info.json,7cf4b0b4449fe11b38c917d50be253e079e7946636f127e90876f5ebf009708e,caption_and_validated_request_info,Sektör,14,Mudi Sayısı - Yurt İçi Yerleşik*,bold,117719755,7832503,4724516,1236266,300663,122182696
2021-03,9,Mevduat Turler Itibariyla,10001,15,"Mevduat Türler İtibarıyla (milyon TL), Dönem:2021/3",milyon TL,raw/2021-03_table09_group10001.json,98748b7295351d3b33efb5f3f4f31e10f16fa5d97875e6dc55cbb3a832572395,raw/2021-03_table09_group10001_info.json,7cf4b0b4449fe11b38c917d50be253e079e7946636f127e90876f5ebf009708e,caption_and_validated_request_info,Sektör,15,TP Mevduat / Katılım Fonları - Yurt Dışı Yerleşik,bold,1502,4815,10445,11292,21586,49640
2021-03,9,Mevduat Turler Itibariyla,10001,16,"Mevduat Türler İtibarıyla (milyon TL), Dönem:2021/3",milyon TL,raw/2021-03_table09_group10001.json,98748b7295351d3b33efb5f3f4f31e10f16fa5d97875e6dc55cbb3a832572395,raw/2021-03_table09_group10001_info.json,7cf4b0b4449fe11b38c917d50be253e079e7946636f127e90876f5ebf009708e,caption_and_validated_request_info,Sektör,16,a) Gerçek Kişiler,italic,1477,4748,10266,11032,10216,37739
2021-03,9,Mevduat Turler Itibariyla,10001,17,"Mevduat Türler İtibarıyla (milyon TL), Dönem:2021/3",milyon TL,raw/2021-03_table09_group10001.json,98748b7295351d3b33efb5f3f4f31e10f16fa5d97875e6dc55cbb3a832572395,raw/2021-03_table09_group10001_info.json,7cf4b0b4449fe11b38c917d50be253e079e7946636f127e90876f5ebf009708e,caption_and_validated_request_info,Sektör,17,b) Ticari ve Diğer Kuruluşlar,italic,25,67,179,261,11370,11902
2021-03,9,Mevduat Turler Itibariyla,10001,18,"Mevduat Türler İtibarıyla (milyon TL), Dönem:2021/3",milyon TL,raw/2021-03_table09_group10001.json,98748b7295351d3b33efb5f3f4f31e10f16fa5d97875e6dc55cbb3a832572395,raw/2021-03_table09_group10001_info.json,7cf4b0b4449fe11b38c917d50be253e079e7946636f127e90876f5ebf009708e,caption_and_validated_request_info,Sektör,18,Döviz Tevdiat Hesabı / Katılım Fonları - Yurt Dışı Yerleşik,bold,664,3313,18907,42986,110345,176215
2021-03,9,Mevduat Turler Itibariyla,10001,19,"Mevduat Türler İtibarıyla (milyon TL), Dönem:2021/3",milyon TL,raw/2021-03_table09_group10001.json,98748b7295351d3b33efb5f3f4f31e10f16fa5d97875e6dc55cbb3a832572395,raw/2021-03_table09_group10001_info.json,7cf4b0b4449fe11b38c917d50be253e079e7946636f127e90876f5ebf009708e,caption_and_validated_request_info,Sektör,19,a) Gerçek Kişiler,italic,617,3231,18544,41996,77771,142158
2021-03,9,Mevduat Turler Itibariyla,10001,20,"Mevduat Türler İtibarıyla (milyon TL), Dönem:2021/3",milyon TL,raw/2021-03_table09_group10001.json,98748b7295351d3b33efb5f3f4f31e10f16fa5d97875e6dc55cbb3a832572395,raw/2021-03_table09_group10001_info.json,7cf4b0b4449fe11b38c917d50be253e079e7946636f127e90876f5ebf009708e,caption_and_validated_request_info,Sektör,20,b) Ticari ve Diğer Kuruluşlar,italic,48,82,363,990,32575,34057
2021-03,9,Mevduat Turler Itibariyla,10001,21,"Mevduat Türler İtibarıyla (milyon TL), Dönem:2021/3",milyon TL,raw/2021-03_table09_group10001.json,98748b7295351d3b33efb5f3f4f31e10f16fa5d97875e6dc55cbb3a832572395,raw/2021-03_table09_group10001_info.json,7cf4b0b4449fe11b38c917d50be253e079e7946636f127e90876f5ebf009708e,caption_and_validated_request_info,Sektör,21,Kıymetli Maden Depo Hesapları - Yurt Dışı Yerleşik,bold,49,299,1153,1263,1538,4303
2021-03,9,Mevduat Turler Itibariyla,10001,22,"Mevduat Türler İtibarıyla (milyon TL), Dönem:2021/3",milyon TL,raw/2021-03_table09_group10001.json,98748b7295351d3b33efb5f3f4f31e10f16fa5d97875e6dc55cbb3a832572395,raw/2021-03_table09_group10001_info.json,7cf4b0b4449fe11b38c917d50be253e079e7946636f127e90876f5ebf009708e,caption_and_validated_request_info,Sektör,22,a) Gerçek Kişiler,italic,49,299,1151,1252,1461,4212
2021-03,9,Mevduat Turler Itibariyla,10001,23,"Mevduat Türler İtibarıyla (milyon TL), Dönem:2021/3",milyon TL,raw/2021-03_table09_group10001.json,98748b7295351d3b33efb5f3f4f31e10f16fa5d97875e6dc55cbb3a832572395,raw/2021-03_table09_group10001_info.json,7cf4b0b4449fe11b38c917d50be253e079e7946636f127e90876f5ebf009708e,caption_and_validated_request_info,Sektör,23,b) Ticari ve Diğer Kuruluşlar,italic,0,1,2,11,77,91
2021-03,9,Mevduat Turler Itibariyla,10001,24,"Mevduat Türler İtibarıyla (milyon TL), Dönem:2021/3",milyon TL,raw/2021-03_table09_group10001.json,98748b7295351d3b33efb5f3f4f31e10f16fa5d97875e6dc55cbb3a832572395,raw/2021-03_table09_group10001_info.json,7cf4b0b4449fe11b38c917d50be253e079e7946636f127e90876f5ebf009708e,caption_and_validated_request_info,Sektör,24,Toplam Mevduat - Yurt Dışı Yerleşik,bold,2215,8428,30505,55541,133469,230158
2021-03,9,Mevduat Turler Itibariyla,10001,25,"Mevduat Türler İtibarıyla (milyon TL), Dönem:2021/3",milyon TL,raw/2021-03_table09_group10001.json,98748b7295351d3b33efb5f3f4f31e10f16fa5d97875e6dc55cbb3a832572395,raw/2021-03_table09_group10001_info.json,7cf4b0b4449fe11b38c917d50be253e079e7946636f127e90876f5ebf009708e,caption_and_validated_request_info,Sektör,25,Mudi Sayısı - Yurt Dışı Yerleşik*,bold,1349678,300961,239678,110063,31432,1605668
2021-03,9,Mevduat Turler Itibariyla,10001,26,"Mevduat Türler İtibarıyla (milyon TL), Dönem:2021/3",milyon TL,raw/2021-03_table09_group10001.json,98748b7295351d3b33efb5f3f4f31e10f16fa5d97875e6dc55cbb3a832572395,raw/2021-03_table09_group10001_info.json,7cf4b0b4449fe11b38c917d50be253e079e7946636f127e90876f5ebf009708e,caption_and_validated_request_info,Sektör,26,Toplam Mevduat,bold,80425,218649,588664,655524,2099403,3642665
2021-04,9,Mevduat Turler Itibariyla,10001,1,"Mevduat Türler İtibarıyla (milyon TL), Dönem:2021/4",milyon TL,raw/2021-04_table09_group10001.json,c9a982d91624b746b5201ed34ddc580d8813279d2519c4903a68527a472c2d10,raw/2021-04_table09_group10001_info.json,a11b9617c95925c130ad00ecf1d8788486109f3eb3051ff61f9a0a875f26915d,caption_and_validated_request_info,Sektör,1,TP Mevduat / Katılım Fonları - Yurt İçi Yerleşik,bold,66843,123340,288058,293613,828657,1600511
2021-04,9,Mevduat Turler Itibariyla,10001,2,"Mevduat Türler İtibarıyla (milyon TL), Dönem:2021/4",milyon TL,raw/2021-04_table09_group10001.json,c9a982d91624b746b5201ed34ddc580d8813279d2519c4903a68527a472c2d10,raw/2021-04_table09_group10001_info.json,a11b9617c95925c130ad00ecf1d8788486109f3eb3051ff61f9a0a875f26915d,caption_and_validated_request_info,Sektör,2,a) Gerçek Kişiler,italic,60447,107762,251948,242469,272806,935431
2021-04,9,Mevduat Turler Itibariyla,10001,3,"Mevduat Türler İtibarıyla (milyon TL), Dönem:2021/4",milyon TL,raw/2021-04_table09_group10001.json,c9a982d91624b746b5201ed34ddc580d8813279d2519c4903a68527a472c2d10,raw/2021-04_table09_group10001_info.json,a11b9617c95925c130ad00ecf1d8788486109f3eb3051ff61f9a0a875f26915d,caption_and_validated_request_info,Sektör,3,b) Resmi Kuruluşlar,italic,162,456,1136,2562,85899,90216
2021-04,9,Mevduat Turler Itibariyla,10001,4,"Mevduat Türler İtibarıyla (milyon TL), Dönem:2021/4",milyon TL,raw/2021-04_table09_group10001.json,c9a982d91624b746b5201ed34ddc580d8813279d2519c4903a68527a472c2d10,raw/2021-04_table09_group10001_info.json,a11b9617c95925c130ad00ecf1d8788486109f3eb3051ff61f9a0a875f26915d,caption_and_validated_request_info,Sektör,4,c) Ticari ve Diğer Kuruluşlar,italic,6234,15122,34974,48582,469953,574864
2021-04,9,Mevduat Turler Itibariyla,10001,5,"Mevduat Türler İtibarıyla (milyon TL), Dönem:2021/4",milyon TL,raw/2021-04_table09_group10001.json,c9a982d91624b746b5201ed34ddc580d8813279d2519c4903a68527a472c2d10,raw/2021-04_table09_group10001_info.json,a11b9617c95925c130ad00ecf1d8788486109f3eb3051ff61f9a0a875f26915d,caption_and_validated_request_info,Sektör,5,Döviz Tevdiat Hesabı / Katılım Fonları - Yurt İçi Yerleşik,bold,8599,48451,171221,247737,1090928,1566936
2021-04,9,Mevduat Turler Itibariyla,10001,6,"Mevduat Türler İtibarıyla (milyon TL), Dönem:2021/4",milyon TL,raw/2021-04_table09_group10001.json,c9a982d91624b746b5201ed34ddc580d8813279d2519c4903a68527a472c2d10,raw/2021-04_table09_group10001_info.json,a11b9617c95925c130ad00ecf1d8788486109f3eb3051ff61f9a0a875f26915d,caption_and_validated_request_info,Sektör,6,a) Gerçek Kişiler,italic,8125,46086,158354,211005,466999,890569
2021-04,9,Mevduat Turler Itibariyla,10001,7,"Mevduat Türler İtibarıyla (milyon TL), Dönem:2021/4",milyon TL,raw/2021-04_table09_group10001.json,c9a982d91624b746b5201ed34ddc580d8813279d2519c4903a68527a472c2d10,raw/2021-04_table09_group10001_info.json,a11b9617c95925c130ad00ecf1d8788486109f3eb3051ff61f9a0a875f26915d,caption_and_validated_request_info,Sektör,7,b) Resmi Kuruluşlar,italic,3,20,115,342,16790,17270
2021-04,9,Mevduat Turler Itibariyla,10001,8,"Mevduat Türler İtibarıyla (milyon TL), Dönem:2021/4",milyon TL,raw/2021-04_table09_group10001.json,c9a982d91624b746b5201ed34ddc580d8813279d2519c4903a68527a472c2d10,raw/2021-04_table09_group10001_info.json,a11b9617c95925c130ad00ecf1d8788486109f3eb3051ff61f9a0a875f26915d,caption_and_validated_request_info,Sektör,8,c) Ticari ve Diğer Kuruluşlar,italic,471,2344,12752,36390,607138,659097
2021-04,9,Mevduat Turler Itibariyla,10001,9,"Mevduat Türler İtibarıyla (milyon TL), Dönem:2021/4",milyon TL,raw/2021-04_table09_group10001.json,c9a982d91624b746b5201ed34ddc580d8813279d2519c4903a68527a472c2d10,raw/2021-04_table09_group10001_info.json,a11b9617c95925c130ad00ecf1d8788486109f3eb3051ff61f9a0a875f26915d,caption_and_validated_request_info,Sektör,9,Kıymetli Maden Depo Hesapları - Yurt İçi Yerleşik,bold,7192,42242,108481,71655,61513,291083
2021-04,9,Mevduat Turler Itibariyla,10001,10,"Mevduat Türler İtibarıyla (milyon TL), Dönem:2021/4",milyon TL,raw/2021-04_table09_group10001.json,c9a982d91624b746b5201ed34ddc580d8813279d2519c4903a68527a472c2d10,raw/2021-04_table09_group10001_info.json,a11b9617c95925c130ad00ecf1d8788486109f3eb3051ff61f9a0a875f26915d,caption_and_validated_request_info,Sektör,10,a) Gerçek Kişiler,italic,6929,41802,106350,67461,47483,270025
2021-04,9,Mevduat Turler Itibariyla,10001,11,"Mevduat Türler İtibarıyla (milyon TL), Dönem:2021/4",milyon TL,raw/2021-04_table09_group10001.json,c9a982d91624b746b5201ed34ddc580d8813279d2519c4903a68527a472c2d10,raw/2021-04_table09_group10001_info.json,a11b9617c95925c130ad00ecf1d8788486109f3eb3051ff61f9a0a875f26915d,caption_and_validated_request_info,Sektör,11,b) Resmi Kuruluşlar,italic,0,1,1,0,11,13
2021-04,9,Mevduat Turler Itibariyla,10001,12,"Mevduat Türler İtibarıyla (milyon TL), Dönem:2021/4",milyon TL,raw/2021-04_table09_group10001.json,c9a982d91624b746b5201ed34ddc580d8813279d2519c4903a68527a472c2d10,raw/2021-04_table09_group10001_info.json,a11b9617c95925c130ad00ecf1d8788486109f3eb3051ff61f9a0a875f26915d,caption_and_validated_request_info,Sektör,12,c) Ticari ve Diğer Kuruluşlar,italic,264,439,2130,4194,14018,21045
2021-04,9,Mevduat Turler Itibariyla,10001,13,"Mevduat Türler İtibarıyla (milyon TL), Dönem:2021/4",milyon TL,raw/2021-04_table09_group10001.json,c9a982d91624b746b5201ed34ddc580d8813279d2519c4903a68527a472c2d10,raw/2021-04_table09_group10001_info.json,a11b9617c95925c130ad00ecf1d8788486109f3eb3051ff61f9a0a875f26915d,caption_and_validated_request_info,Sektör,13,Toplam Mevduat - Yurt İçi Yerleşik,bold,82634,214032,567761,613005,1981098,3458530
2021-04,9,Mevduat Turler Itibariyla,10001,14,"Mevduat Türler İtibarıyla (milyon TL), Dönem:2021/4",milyon TL,raw/2021-04_table09_group10001.json,c9a982d91624b746b5201ed34ddc580d8813279d2519c4903a68527a472c2d10,raw/2021-04_table09_group10001_info.json,a11b9617c95925c130ad00ecf1d8788486109f3eb3051ff61f9a0a875f26915d,caption_and_validated_request_info,Sektör,14,Mudi Sayısı - Yurt İçi Yerleşik*,bold,118616929,8021059,4800071,1263889,306479,123451855
2021-04,9,Mevduat Turler Itibariyla,10001,15,"Mevduat Türler İtibarıyla (milyon TL), Dönem:2021/4",milyon TL,raw/2021-04_table09_group10001.json,c9a982d91624b746b5201ed34ddc580d8813279d2519c4903a68527a472c2d10,raw/2021-04_table09_group10001_info.json,a11b9617c95925c130ad00ecf1d8788486109f3eb3051ff61f9a0a875f26915d,caption_and_validated_request_info,Sektör,15,TP Mevduat / Katılım Fonları - Yurt Dışı Yerleşik,bold,1515,4960,10788,11643,19854,48759
2021-04,9,Mevduat Turler Itibariyla,10001,16,"Mevduat Türler İtibarıyla (milyon TL), Dönem:2021/4",milyon TL,raw/2021-04_table09_group10001.json,c9a982d91624b746b5201ed34ddc580d8813279d2519c4903a68527a472c2d10,raw/2021-04_table09_group10001_info.json,a11b9617c95925c130ad00ecf1d8788486109f3eb3051ff61f9a0a875f26915d,caption_and_validated_request_info,Sektör,16,a) Gerçek Kişiler,italic,1490,4891,10608,11375,10511,38875
2021-04,9,Mevduat Turler Itibariyla,10001,17,"Mevduat Türler İtibarıyla (milyon TL), Dönem:2021/4",milyon TL,raw/2021-04_table09_group10001.json,c9a982d91624b746b5201ed34ddc580d8813279d2519c4903a68527a472c2d10,raw/2021-04_table09_group10001_info.json,a11b9617c95925c130ad00ecf1d8788486109f3eb3051ff61f9a0a875f26915d,caption_and_validated_request_info,Sektör,17,b) Ticari ve Diğer Kuruluşlar,italic,25,68,180,268,9343,9885
2021-04,9,Mevduat Turler Itibariyla,10001,18,"Mevduat Türler İtibarıyla (milyon TL), Dönem:2021/4",milyon TL,raw/2021-04_table09_group10001.json,c9a982d91624b746b5201ed34ddc580d8813279d2519c4903a68527a472c2d10,raw/2021-04_table09_group10001_info.json,a11b9617c95925c130ad00ecf1d8788486109f3eb3051ff61f9a0a875f26915d,caption_and_validated_request_info,Sektör,18,Döviz Tevdiat Hesabı / Katılım Fonları - Yurt Dışı Yerleşik,bold,691,3281,18923,43279,113664,179838
2021-04,9,Mevduat Turler Itibariyla,10001,19,"Mevduat Türler İtibarıyla (milyon TL), Dönem:2021/4",milyon TL,raw/2021-04_table09_group10001.json,c9a982d91624b746b5201ed34ddc580d8813279d2519c4903a68527a472c2d10,raw/2021-04_table09_group10001_info.json,a11b9617c95925c130ad00ecf1d8788486109f3eb3051ff61f9a0a875f26915d,caption_and_validated_request_info,Sektör,19,a) Gerçek Kişiler,italic,638,3198,18568,42296,80048,144748
2021-04,9,Mevduat Turler Itibariyla,10001,20,"Mevduat Türler İtibarıyla (milyon TL), Dönem:2021/4",milyon TL,raw/2021-04_table09_group10001.json,c9a982d91624b746b5201ed34ddc580d8813279d2519c4903a68527a472c2d10,raw/2021-04_table09_group10001_info.json,a11b9617c95925c130ad00ecf1d8788486109f3eb3051ff61f9a0a875f26915d,caption_and_validated_request_info,Sektör,20,b) Ticari ve Diğer Kuruluşlar,italic,53,83,355,983,33616,35090
2021-04,9,Mevduat Turler Itibariyla,10001,21,"Mevduat Türler İtibarıyla (milyon TL), Dönem:2021/4",milyon TL,raw/2021-04_table09_group10001.json,c9a982d91624b746b5201ed34ddc580d8813279d2519c4903a68527a472c2d10,raw/2021-04_table09_group10001_info.json,a11b9617c95925c130ad00ecf1d8788486109f3eb3051ff61f9a0a875f26915d,caption_and_validated_request_info,Sektör,21,Kıymetli Maden Depo Hesapları - Yurt Dışı Yerleşik,bold,48,296,1185,1331,1642,4503
2021-04,9,Mevduat Turler Itibariyla,10001,22,"Mevduat Türler İtibarıyla (milyon TL), Dönem:2021/4",milyon TL,raw/2021-04_table09_group10001.json,c9a982d91624b746b5201ed34ddc580d8813279d2519c4903a68527a472c2d10,raw/2021-04_table09_group10001_info.json,a11b9617c95925c130ad00ecf1d8788486109f3eb3051ff61f9a0a875f26915d,caption_and_validated_request_info,Sektör,22,a) Gerçek Kişiler,italic,48,296,1183,1320,1565,4412
2021-04,9,Mevduat Turler Itibariyla,10001,23,"Mevduat Türler İtibarıyla (milyon TL), Dönem:2021/4",milyon TL,raw/2021-04_table09_group10001.json,c9a982d91624b746b5201ed34ddc580d8813279d2519c4903a68527a472c2d10,raw/2021-04_table09_group10001_info.json,a11b9617c95925c130ad00ecf1d8788486109f3eb3051ff61f9a0a875f26915d,caption_and_validated_request_info,Sektör,23,b) Ticari ve Diğer Kuruluşlar,italic,0,1,2,11,77,91
2021-04,9,Mevduat Turler Itibariyla,10001,24,"Mevduat Türler İtibarıyla (milyon TL), Dönem:2021/4",milyon TL,raw/2021-04_table09_group10001.json,c9a982d91624b746b5201ed34ddc580d8813279d2519c4903a68527a472c2d10,raw/2021-04_table09_group10001_info.json,a11b9617c95925c130ad00ecf1d8788486109f3eb3051ff61f9a0a875f26915d,caption_and_validated_request_info,Sektör,24,Toplam Mevduat - Yurt Dışı Yerleşik,bold,2255,8537,30897,56252,135160,233100
2021-04,9,Mevduat Turler Itibariyla,10001,25,"Mevduat Türler İtibarıyla (milyon TL), Dönem:2021/4",milyon TL,raw/2021-04_table09_group10001.json,c9a982d91624b746b5201ed34ddc580d8813279d2519c4903a68527a472c2d10,raw/2021-04_table09_group10001_info.json,a11b9617c95925c130ad00ecf1d8788486109f3eb3051ff61f9a0a875f26915d,caption_and_validated_request_info,Sektör,25,Mudi Sayısı - Yurt Dışı Yerleşik*,bold,1356167,306131,244015,111795,32682,1622067
2021-04,9,Mevduat Turler Itibariyla,10001,26,"Mevduat Türler İtibarıyla (milyon TL), Dönem:2021/4",milyon TL,raw/2021-04_table09_group10001.json,c9a982d91624b746b5201ed34ddc580d8813279d2519c4903a68527a472c2d10,raw/2021-04_table09_group10001_info.json,a11b9617c95925c130ad00ecf1d8788486109f3eb3051ff61f9a0a875f26915d,caption_and_validated_request_info,Sektör,26,Toplam Mevduat,bold,84889,222569,598657,669257,2116258,3691630
2021-05,9,Mevduat Turler Itibariyla,10001,1,"Mevduat Türler İtibarıyla (milyon TL), Dönem:2021/5",milyon TL,raw/2021-05_table09_group10001.json,fc068afa8cdba356d5c5910ebcb85130469a99ca14f52f30beed7baa4282c8d2,raw/2021-05_table09_group10001_info.json,8d8e1549a1bc79b78b0ac7e9ac0c4b25bdb5639d615f271bf5c9c51e5bd9c06f,caption_and_validated_request_info,Sektör,1,TP Mevduat / Katılım Fonları - Yurt İçi Yerleşik,bold,68320,128080,298127,301804,831649,1627981
2021-05,9,Mevduat Turler Itibariyla,10001,2,"Mevduat Türler İtibarıyla (milyon TL), Dönem:2021/5",milyon TL,raw/2021-05_table09_group10001.json,fc068afa8cdba356d5c5910ebcb85130469a99ca14f52f30beed7baa4282c8d2,raw/2021-05_table09_group10001_info.json,8d8e1549a1bc79b78b0ac7e9ac0c4b25bdb5639d615f271bf5c9c51e5bd9c06f,caption_and_validated_request_info,Sektör,2,a) Gerçek Kişiler,italic,62019,112826,262015,250968,279325,967152
2021-05,9,Mevduat Turler Itibariyla,10001,3,"Mevduat Türler İtibarıyla (milyon TL), Dönem:2021/5",milyon TL,raw/2021-05_table09_group10001.json,fc068afa8cdba356d5c5910ebcb85130469a99ca14f52f30beed7baa4282c8d2,raw/2021-05_table09_group10001_info.json,8d8e1549a1bc79b78b0ac7e9ac0c4b25bdb5639d615f271bf5c9c51e5bd9c06f,caption_and_validated_request_info,Sektör,3,b) Resmi Kuruluşlar,italic,156,412,1139,2675,100998,105379
2021-05,9,Mevduat Turler Itibariyla,10001,4,"Mevduat Türler İtibarıyla (milyon TL), Dönem:2021/5",milyon TL,raw/2021-05_table09_group10001.json,fc068afa8cdba356d5c5910ebcb85130469a99ca14f52f30beed7baa4282c8d2,raw/2021-05_table09_group10001_info.json,8d8e1549a1bc79b78b0ac7e9ac0c4b25bdb5639d615f271bf5c9c51e5bd9c06f,caption_and_validated_request_info,Sektör,4,c) Ticari ve Diğer Kuruluşlar,italic,6145,14842,34974,48162,451327,555450
2021-05,9,Mevduat Turler Itibariyla,10001,5,"Mevduat Türler İtibarıyla (milyon TL), Dönem:2021/5",milyon TL,raw/2021-05_table09_group10001.json,fc068afa8cdba356d5c5910ebcb85130469a99ca14f52f30beed7baa4282c8d2,raw/2021-05_table09_group10001_info.json,8d8e1549a1bc79b78b0ac7e9ac0c4b25bdb5639d615f271bf5c9c51e5bd9c06f,caption_and_validated_request_info,Sektör,5,Döviz Tevdiat Hesabı / Katılım Fonları - Yurt İçi Yerleşik,bold,8131,47438,171903,253703,1145719,1626894
2021-05,9,Mevduat Turler Itibariyla,10001,6,"Mevduat Türler İtibarıyla (milyon TL), Dönem:2021/5",milyon TL,raw/2021-05_table09_group10001.json,fc068afa8cdba356d5c5910ebcb85130469a99ca14f52f30beed7baa4282c8d2,raw/2021-05_table09_group10001_info.json,8d8e1549a1bc79b78b0ac7e9ac0c4b25bdb5639d615f271bf5c9c51e5bd9c06f,caption_and_validated_request_info,Sektör,6,a) Gerçek Kişiler,italic,7667,45151,159501,217919,501200,931438
2021-05,9,Mevduat Turler Itibariyla,10001,7,"Mevduat Türler İtibarıyla (milyon TL), Dönem:2021/5",milyon TL,raw/2021-05_table09_group10001.json,fc068afa8cdba356d5c5910ebcb85130469a99ca14f52f30beed7baa4282c8d2,raw/2021-05_table09_group10001_info.json,8d8e1549a1bc79b78b0ac7e9ac0c4b25bdb5639d615f271bf5c9c51e5bd9c06f,caption_and_validated_request_info,Sektör,7,b) Resmi Kuruluşlar,italic,3,20,113,351,17136,17623
2021-05,9,Mevduat Turler Itibariyla,10001,8,"Mevduat Türler İtibarıyla (milyon TL), Dönem:2021/5",milyon TL,raw/2021-05_table09_group10001.json,fc068afa8cdba356d5c5910ebcb85130469a99ca14f52f30beed7baa4282c8d2,raw/2021-05_table09_group10001_info.json,8d8e1549a1bc79b78b0ac7e9ac0c4b25bdb5639d615f271bf5c9c51e5bd9c06f,caption_and_validated_request_info,Sektör,8,c) Ticari ve Diğer Kuruluşlar,italic,461,2267,12289,35433,627383,677834
2021-05,9,Mevduat Turler Itibariyla,10001,9,"Mevduat Türler İtibarıyla (milyon TL), Dönem:2021/5",milyon TL,raw/2021-05_table09_group10001.json,fc068afa8cdba356d5c5910ebcb85130469a99ca14f52f30beed7baa4282c8d2,raw/2021-05_table09_group10001_info.json,8d8e1549a1bc79b78b0ac7e9ac0c4b25bdb5639d615f271bf5c9c51e5bd9c06f,caption_and_validated_request_info,Sektör,9,Kıymetli Maden Depo Hesapları - Yurt İçi Yerleşik,bold,6590,39272,112774,79629,68914,307179
2021-05,9,Mevduat Turler Itibariyla,10001,10,"Mevduat Türler İtibarıyla (milyon TL), Dönem:2021/5",milyon TL,raw/2021-05_table09_group10001.json,fc068afa8cdba356d5c5910ebcb85130469a99ca14f52f30beed7baa4282c8d2,raw/2021-05_table09_group10001_info.json,8d8e1549a1bc79b78b0ac7e9ac0c4b25bdb5639d615f271bf5c9c51e5bd9c06f,caption_and_validated_request_info,Sektör,10,a) Gerçek Kişiler,italic,6312,38901,110765,75545,53838,285362
2021-05,9,Mevduat Turler Itibariyla,10001,11,"Mevduat Türler İtibarıyla (milyon TL), Dönem:2021/5",milyon TL,raw/2021-05_table09_group10001.json,fc068afa8cdba356d5c5910ebcb85130469a99ca14f52f30beed7baa4282c8d2,raw/2021-05_table09_group10001_info.json,8d8e1549a1bc79b78b0ac7e9ac0c4b25bdb5639d615f271bf5c9c51e5bd9c06f,caption_and_validated_request_info,Sektör,11,b) Resmi Kuruluşlar,italic,0,0,1,0,12,14
2021-05,9,Mevduat Turler Itibariyla,10001,12,"Mevduat Türler İtibarıyla (milyon TL), Dönem:2021/5",milyon TL,raw/2021-05_table09_group10001.json,fc068afa8cdba356d5c5910ebcb85130469a99ca14f52f30beed7baa4282c8d2,raw/2021-05_table09_group10001_info.json,8d8e1549a1bc79b78b0ac7e9ac0c4b25bdb5639d615f271bf5c9c51e5bd9c06f,caption_and_validated_request_info,Sektör,12,c) Ticari ve Diğer Kuruluşlar,italic,277,371,2007,4084,15064,21803
2021-05,9,Mevduat Turler Itibariyla,10001,13,"Mevduat Türler İtibarıyla (milyon TL), Dönem:2021/5",milyon TL,raw/2021-05_table09_group10001.json,fc068afa8cdba356d5c5910ebcb85130469a99ca14f52f30beed7baa4282c8d2,raw/2021-05_table09_group10001_info.json,8d8e1549a1bc79b78b0ac7e9ac0c4b25bdb5639d615f271bf5c9c51e5bd9c06f,caption_and_validated_request_info,Sektör,13,Toplam Mevduat - Yurt İçi Yerleşik,bold,83040,214791,582804,635136,2046283,3562054
2021-05,9,Mevduat Turler Itibariyla,10001,14,"Mevduat Türler İtibarıyla (milyon TL), Dönem:2021/5",milyon TL,raw/2021-05_table09_group10001.json,fc068afa8cdba356d5c5910ebcb85130469a99ca14f52f30beed7baa4282c8d2,raw/2021-05_table09_group10001_info.json,8d8e1549a1bc79b78b0ac7e9ac0c4b25bdb5639d615f271bf5c9c51e5bd9c06f,caption_and_validated_request_info,Sektör,14,Mudi Sayısı - Yurt İçi Yerleşik*,bold,119067245,8178243,5057439,1322848,320516,124376493
2021-05,9,Mevduat Turler Itibariyla,10001,15,"Mevduat Türler İtibarıyla (milyon TL), Dönem:2021/5",milyon TL,raw/2021-05_table09_group10001.json,fc068afa8cdba356d5c5910ebcb85130469a99ca14f52f30beed7baa4282c8d2,raw/2021-05_table09_group10001_info.json,8d8e1549a1bc79b78b0ac7e9ac0c4b25bdb5639d615f271bf5c9c51e5bd9c06f,caption_and_validated_request_info,Sektör,15,TP Mevduat / Katılım Fonları - Yurt Dışı Yerleşik,bold,1508,5120,11124,12025,20463,50241
2021-05,9,Mevduat Turler Itibariyla,10001,16,"Mevduat Türler İtibarıyla (milyon TL), Dönem:2021/5",milyon TL,raw/2021-05_table09_group10001.json,fc068afa8cdba356d5c5910ebcb85130469a99ca14f52f30beed7baa4282c8d2,raw/2021-05_table09_group10001_info.json,8d8e1549a1bc79b78b0ac7e9ac0c4b25bdb5639d615f271bf5c9c51e5bd9c06f,caption_and_validated_request_info,Sektör,16,a) Gerçek Kişiler,italic,1483,5049,10951,11759,10760,40002
2021-05,9,Mevduat Turler Itibariyla,10001,17,"Mevduat Türler İtibarıyla (milyon TL), Dönem:2021/5",milyon TL,raw/2021-05_table09_group10001.json,fc068afa8cdba356d5c5910ebcb85130469a99ca14f52f30beed7baa4282c8d2,raw/2021-05_table09_group10001_info.json,8d8e1549a1bc79b78b0ac7e9ac0c4b25bdb5639d615f271bf5c9c51e5bd9c06f,caption_and_validated_request_info,Sektör,17,b) Ticari ve Diğer Kuruluşlar,italic,25,71,173,267,9703,10239
2021-05,9,Mevduat Turler Itibariyla,10001,18,"Mevduat Türler İtibarıyla (milyon TL), Dönem:2021/5",milyon TL,raw/2021-05_table09_group10001.json,fc068afa8cdba356d5c5910ebcb85130469a99ca14f52f30beed7baa4282c8d2,raw/2021-05_table09_group10001_info.json,8d8e1549a1bc79b78b0ac7e9ac0c4b25bdb5639d615f271bf5c9c51e5bd9c06f,caption_and_validated_request_info,Sektör,18,Döviz Tevdiat Hesabı / Katılım Fonları - Yurt Dışı Yerleşik,bold,637,3111,19054,43964,120395,187162
2021-05,9,Mevduat Turler Itibariyla,10001,19,"Mevduat Türler İtibarıyla (milyon TL), Dönem:2021/5",milyon TL,raw/2021-05_table09_group10001.json,fc068afa8cdba356d5c5910ebcb85130469a99ca14f52f30beed7baa4282c8d2,raw/2021-05_table09_group10001_info.json,8d8e1549a1bc79b78b0ac7e9ac0c4b25bdb5639d615f271bf5c9c51e5bd9c06f,caption_and_validated_request_info,Sektör,19,a) Gerçek Kişiler,italic,580,3028,18707,42968,84930,150213
2021-05,9,Mevduat Turler Itibariyla,10001,20,"Mevduat Türler İtibarıyla (milyon TL), Dönem:2021/5",milyon TL,raw/2021-05_table09_group10001.json,fc068afa8cdba356d5c5910ebcb85130469a99ca14f52f30beed7baa4282c8d2,raw/2021-05_table09_group10001_info.json,8d8e1549a1bc79b78b0ac7e9ac0c4b25bdb5639d615f271bf5c9c51e5bd9c06f,caption_and_validated_request_info,Sektör,20,b) Ticari ve Diğer Kuruluşlar,italic,57,83,347,997,35465,36949
2021-05,9,Mevduat Turler Itibariyla,10001,21,"Mevduat Türler İtibarıyla (milyon TL), Dönem:2021/5",milyon TL,raw/2021-05_table09_group10001.json,fc068afa8cdba356d5c5910ebcb85130469a99ca14f52f30beed7baa4282c8d2,raw/2021-05_table09_group10001_info.json,8d8e1549a1bc79b78b0ac7e9ac0c4b25bdb5639d615f271bf5c9c51e5bd9c06f,caption_and_validated_request_info,Sektör,21,Kıymetli Maden Depo Hesapları - Yurt Dışı Yerleşik,bold,46,274,1204,1425,1837,4785
2021-05,9,Mevduat Turler Itibariyla,10001,22,"Mevduat Türler İtibarıyla (milyon TL), Dönem:2021/5",milyon TL,raw/2021-05_table09_group10001.json,fc068afa8cdba356d5c5910ebcb85130469a99ca14f52f30beed7baa4282c8d2,raw/2021-05_table09_group10001_info.json,8d8e1549a1bc79b78b0ac7e9ac0c4b25bdb5639d615f271bf5c9c51e5bd9c06f,caption_and_validated_request_info,Sektör,22,a) Gerçek Kişiler,italic,46,273,1201,1416,1760,4696
2021-05,9,Mevduat Turler Itibariyla,10001,23,"Mevduat Türler İtibarıyla (milyon TL), Dönem:2021/5",milyon TL,raw/2021-05_table09_group10001.json,fc068afa8cdba356d5c5910ebcb85130469a99ca14f52f30beed7baa4282c8d2,raw/2021-05_table09_group10001_info.json,8d8e1549a1bc79b78b0ac7e9ac0c4b25bdb5639d615f271bf5c9c51e5bd9c06f,caption_and_validated_request_info,Sektör,23,b) Ticari ve Diğer Kuruluşlar,italic,0,1,3,9,77,89
2021-05,9,Mevduat Turler Itibariyla,10001,24,"Mevduat Türler İtibarıyla (milyon TL), Dönem:2021/5",milyon TL,raw/2021-05_table09_group10001.json,fc068afa8cdba356d5c5910ebcb85130469a99ca14f52f30beed7baa4282c8d2,raw/2021-05_table09_group10001_info.json,8d8e1549a1bc79b78b0ac7e9ac0c4b25bdb5639d615f271bf5c9c51e5bd9c06f,caption_and_validated_request_info,Sektör,24,Toplam Mevduat - Yurt Dışı Yerleşik,bold,2191,8505,31382,57415,142695,242188
2021-05,9,Mevduat Turler Itibariyla,10001,25,"Mevduat Türler İtibarıyla (milyon TL), Dönem:2021/5",milyon TL,raw/2021-05_table09_group10001.json,fc068afa8cdba356d5c5910ebcb85130469a99ca14f52f30beed7baa4282c8d2,raw/2021-05_table09_group10001_info.json,8d8e1549a1bc79b78b0ac7e9ac0c4b25bdb5639d615f271bf5c9c51e5bd9c06f,caption_and_validated_request_info,Sektör,25,Mudi Sayısı - Yurt Dışı Yerleşik*,bold,1354317,311516,256504,115188,34744,1632774
2021-05,9,Mevduat Turler Itibariyla,10001,26,"Mevduat Türler İtibarıyla (milyon TL), Dönem:2021/5",milyon TL,raw/2021-05_table09_group10001.json,fc068afa8cdba356d5c5910ebcb85130469a99ca14f52f30beed7baa4282c8d2,raw/2021-05_table09_group10001_info.json,8d8e1549a1bc79b78b0ac7e9ac0c4b25bdb5639d615f271bf5c9c51e5bd9c06f,caption_and_validated_request_info,Sektör,26,Toplam Mevduat,bold,85232,223296,614186,692551,2188978,3804242
2021-06,9,Mevduat Turler Itibariyla,10001,1,"Mevduat Türler İtibarıyla (milyon TL), Dönem:2021/6",milyon TL,raw/2021-06_table09_group10001.json,35ec65473a7ccdce325c06d267b31a612e16ae9c25fdacc6d576fc2886fd2f52,raw/2021-06_table09_group10001_info.json,a1d305c99d64e6c9268be9d1625bc7d4d3a762bd3755130c3fe1770f36a0e7f6,caption_and_validated_request_info,Sektör,1,TP Mevduat / Katılım Fonları - Yurt İçi Yerleşik,bold,69635,131639,307445,314051,847096,1669866
2021-06,9,Mevduat Turler Itibariyla,10001,2,"Mevduat Türler İtibarıyla (milyon TL), Dönem:2021/6",milyon TL,raw/2021-06_table09_group10001.json,35ec65473a7ccdce325c06d267b31a612e16ae9c25fdacc6d576fc2886fd2f52,raw/2021-06_table09_group10001_info.json,a1d305c99d64e6c9268be9d1625bc7d4d3a762bd3755130c3fe1770f36a0e7f6,caption_and_validated_request_info,Sektör,2,a) Gerçek Kişiler,italic,63014,115506,269275,261213,287868,996876
2021-06,9,Mevduat Turler Itibariyla,10001,3,"Mevduat Türler İtibarıyla (milyon TL), Dönem:2021/6",milyon TL,raw/2021-06_table09_group10001.json,35ec65473a7ccdce325c06d267b31a612e16ae9c25fdacc6d576fc2886fd2f52,raw/2021-06_table09_group10001_info.json,a1d305c99d64e6c9268be9d1625bc7d4d3a762bd3755130c3fe1770f36a0e7f6,caption_and_validated_request_info,Sektör,3,b) Resmi Kuruluşlar,italic,155,408,1086,2446,84533,88628
2021-06,9,Mevduat Turler Itibariyla,10001,4,"Mevduat Türler İtibarıyla (milyon TL), Dönem:2021/6",milyon TL,raw/2021-06_table09_group10001.json,35ec65473a7ccdce325c06d267b31a612e16ae9c25fdacc6d576fc2886fd2f52,raw/2021-06_table09_group10001_info.json,a1d305c99d64e6c9268be9d1625bc7d4d3a762bd3755130c3fe1770f36a0e7f6,caption_and_validated_request_info,Sektör,4,c) Ticari ve Diğer Kuruluşlar,italic,6466,15724,37084,50392,474695,584361
2021-06,9,Mevduat Turler Itibariyla,10001,5,"Mevduat Türler İtibarıyla (milyon TL), Dönem:2021/6",milyon TL,raw/2021-06_table09_group10001.json,35ec65473a7ccdce325c06d267b31a612e16ae9c25fdacc6d576fc2886fd2f52,raw/2021-06_table09_group10001_info.json,a1d305c99d64e6c9268be9d1625bc7d4d3a762bd3755130c3fe1770f36a0e7f6,caption_and_validated_request_info,Sektör,5,Döviz Tevdiat Hesabı / Katılım Fonları - Yurt İçi Yerleşik,bold,8148,47375,172594,257697,1172004,1657818
2021-06,9,Mevduat Turler Itibariyla,10001,6,"Mevduat Türler İtibarıyla (milyon TL), Dönem:2021/6",milyon TL,raw/2021-06_table09_group10001.json,35ec65473a7ccdce325c06d267b31a612e16ae9c25fdacc6d576fc2886fd2f52,raw/2021-06_table09_group10001_info.json,a1d305c99d64e6c9268be9d1625bc7d4d3a762bd3755130c3fe1770f36a0e7f6,caption_and_validated_request_info,Sektör,6,a) Gerçek Kişiler,italic,7675,45041,159981,221009,516464,950171
2021-06,9,Mevduat Turler Itibariyla,10001,7,"Mevduat Türler İtibarıyla (milyon TL), Dönem:2021/6",milyon TL,raw/2021-06_table09_group10001.json,35ec65473a7ccdce325c06d267b31a612e16ae9c25fdacc6d576fc2886fd2f52,raw/2021-06_table09_group10001_info.json,a1d305c99d64e6c9268be9d1625bc7d4d3a762bd3755130c3fe1770f36a0e7f6,caption_and_validated_request_info,Sektör,7,b) Resmi Kuruluşlar,italic,3,21,116,361,16966,17466
2021-06,9,Mevduat Turler Itibariyla,10001,8,"Mevduat Türler İtibarıyla (milyon TL), Dönem:2021/6",milyon TL,raw/2021-06_table09_group10001.json,35ec65473a7ccdce325c06d267b31a612e16ae9c25fdacc6d576fc2886fd2f52,raw/2021-06_table09_group10001_info.json,a1d305c99d64e6c9268be9d1625bc7d4d3a762bd3755130c3fe1770f36a0e7f6,caption_and_validated_request_info,Sektör,8,c) Ticari ve Diğer Kuruluşlar,italic,470,2314,12497,36326,638574,690181
2021-06,9,Mevduat Turler Itibariyla,10001,9,"Mevduat Türler İtibarıyla (milyon TL), Dönem:2021/6",milyon TL,raw/2021-06_table09_group10001.json,35ec65473a7ccdce325c06d267b31a612e16ae9c25fdacc6d576fc2886fd2f52,raw/2021-06_table09_group10001_info.json,a1d305c99d64e6c9268be9d1625bc7d4d3a762bd3755130c3fe1770f36a0e7f6,caption_and_validated_request_info,Sektör,9,Kıymetli Maden Depo Hesapları - Yurt İçi Yerleşik,bold,7158,41285,109083,75107,64150,296782
2021-06,9,Mevduat Turler Itibariyla,10001,10,"Mevduat Türler İtibarıyla (milyon TL), Dönem:2021/6",milyon TL,raw/2021-06_table09_group10001.json,35ec65473a7ccdce325c06d267b31a612e16ae9c25fdacc6d576fc2886fd2f52,raw/2021-06_table09_group10001_info.json,a1d305c99d64e6c9268be9d1625bc7d4d3a762bd3755130c3fe1770f36a0e7f6,caption_and_validated_request_info,Sektör,10,a) Gerçek Kişiler,italic,6881,40851,106999,70993,50258,275982
2021-06,9,Mevduat Turler Itibariyla,10001,11,"Mevduat Türler İtibarıyla (milyon TL), Dönem:2021/6",milyon TL,raw/2021-06_table09_group10001.json,35ec65473a7ccdce325c06d267b31a612e16ae9c25fdacc6d576fc2886fd2f52,raw/2021-06_table09_group10001_info.json,a1d305c99d64e6c9268be9d1625bc7d4d3a762bd3755130c3fe1770f36a0e7f6,caption_and_validated_request_info,Sektör,11,b) Resmi Kuruluşlar,italic,0,1,1,0,12,13
2021-06,9,Mevduat Turler Itibariyla,10001,12,"Mevduat Türler İtibarıyla (milyon TL), Dönem:2021/6",milyon TL,raw/2021-06_table09_group10001.json,35ec65473a7ccdce325c06d267b31a612e16ae9c25fdacc6d576fc2886fd2f52,raw/2021-06_table09_group10001_info.json,a1d305c99d64e6c9268be9d1625bc7d4d3a762bd3755130c3fe1770f36a0e7f6,caption_and_validated_request_info,Sektör,12,c) Ticari ve Diğer Kuruluşlar,italic,276,434,2083,4114,13880,20787
2021-06,9,Mevduat Turler Itibariyla,10001,13,"Mevduat Türler İtibarıyla (milyon TL), Dönem:2021/6",milyon TL,raw/2021-06_table09_group10001.json,35ec65473a7ccdce325c06d267b31a612e16ae9c25fdacc6d576fc2886fd2f52,raw/2021-06_table09_group10001_info.json,a1d305c99d64e6c9268be9d1625bc7d4d3a762bd3755130c3fe1770f36a0e7f6,caption_and_validated_request_info,Sektör,13,Toplam Mevduat - Yurt İçi Yerleşik,bold,84941,220299,589122,646855,2083250,3624466
2021-06,9,Mevduat Turler Itibariyla,10001,14,"Mevduat Türler İtibarıyla (milyon TL), Dönem:2021/6",milyon TL,raw/2021-06_table09_group10001.json,35ec65473a7ccdce325c06d267b31a612e16ae9c25fdacc6d576fc2886fd2f52,raw/2021-06_table09_group10001_info.json,a1d305c99d64e6c9268be9d1625bc7d4d3a762bd3755130c3fe1770f36a0e7f6,caption_and_validated_request_info,Sektör,14,Mudi Sayısı - Yurt İçi Yerleşik*,bold,119371248,8353167,5085700,1340993,326357,124860784
2021-06,9,Mevduat Turler Itibariyla,10001,15,"Mevduat Türler İtibarıyla (milyon TL), Dönem:2021/6",milyon TL,raw/2021-06_table09_group10001.json,35ec65473a7ccdce325c06d267b31a612e16ae9c25fdacc6d576fc2886fd2f52,raw/2021-06_table09_group10001_info.json,a1d305c99d64e6c9268be9d1625bc7d4d3a762bd3755130c3fe1770f36a0e7f6,caption_and_validated_request_info,Sektör,15,TP Mevduat / Katılım Fonları - Yurt Dışı Yerleşik,bold,1512,5197,11456,12331,20891,51387
2021-06,9,Mevduat Turler Itibariyla,10001,16,"Mevduat Türler İtibarıyla (milyon TL), Dönem:2021/6",milyon TL,raw/2021-06_table09_group10001.json,35ec65473a7ccdce325c06d267b31a612e16ae9c25fdacc6d576fc2886fd2f52,raw/2021-06_table09_group10001_info.json,a1d305c99d64e6c9268be9d1625bc7d4d3a762bd3755130c3fe1770f36a0e7f6,caption_and_validated_request_info,Sektör,16,a) Gerçek Kişiler,italic,1486,5125,11279,12074,11044,41009
2021-06,9,Mevduat Turler Itibariyla,10001,17,"Mevduat Türler İtibarıyla (milyon TL), Dönem:2021/6",milyon TL,raw/2021-06_table09_group10001.json,35ec65473a7ccdce325c06d267b31a612e16ae9c25fdacc6d576fc2886fd2f52,raw/2021-06_table09_group10001_info.json,a1d305c99d64e6c9268be9d1625bc7d4d3a762bd3755130c3fe1770f36a0e7f6,caption_and_validated_request_info,Sektör,17,b) Ticari ve Diğer Kuruluşlar,italic,26,72,176,257,9846,10378
2021-06,9,Mevduat Turler Itibariyla,10001,18,"Mevduat Türler İtibarıyla (milyon TL), Dönem:2021/6",milyon TL,raw/2021-06_table09_group10001.json,35ec65473a7ccdce325c06d267b31a612e16ae9c25fdacc6d576fc2886fd2f52,raw/2021-06_table09_group10001_info.json,a1d305c99d64e6c9268be9d1625bc7d4d3a762bd3755130c3fe1770f36a0e7f6,caption_and_validated_request_info,Sektör,18,Döviz Tevdiat Hesabı / Katılım Fonları - Yurt Dışı Yerleşik,bold,651,3180,19505,44401,121302,189039
2021-06,9,Mevduat Turler Itibariyla,10001,19,"Mevduat Türler İtibarıyla (milyon TL), Dönem:2021/6",milyon TL,raw/2021-06_table09_group10001.json,35ec65473a7ccdce325c06d267b31a612e16ae9c25fdacc6d576fc2886fd2f52,raw/2021-06_table09_group10001_info.json,a1d305c99d64e6c9268be9d1625bc7d4d3a762bd3755130c3fe1770f36a0e7f6,caption_and_validated_request_info,Sektör,19,a) Gerçek Kişiler,italic,595,3095,19148,43392,85087,151316
2021-06,9,Mevduat Turler Itibariyla,10001,20,"Mevduat Türler İtibarıyla (milyon TL), Dönem:2021/6",milyon TL,raw/2021-06_table09_group10001.json,35ec65473a7ccdce325c06d267b31a612e16ae9c25fdacc6d576fc2886fd2f52,raw/2021-06_table09_group10001_info.json,a1d305c99d64e6c9268be9d1625bc7d4d3a762bd3755130c3fe1770f36a0e7f6,caption_and_validated_request_info,Sektör,20,b) Ticari ve Diğer Kuruluşlar,italic,57,85,357,1010,36215,37723
2021-06,9,Mevduat Turler Itibariyla,10001,21,"Mevduat Türler İtibarıyla (milyon TL), Dönem:2021/6",milyon TL,raw/2021-06_table09_group10001.json,35ec65473a7ccdce325c06d267b31a612e16ae9c25fdacc6d576fc2886fd2f52,raw/2021-06_table09_group10001_info.json,a1d305c99d64e6c9268be9d1625bc7d4d3a762bd3755130c3fe1770f36a0e7f6,caption_and_validated_request_info,Sektör,21,Kıymetli Maden Depo Hesapları - Yurt Dışı Yerleşik,bold,48,293,1190,1367,1657,4555
2021-06,9,Mevduat Turler Itibariyla,10001,22,"Mevduat Türler İtibarıyla (milyon TL), Dönem:2021/6",milyon TL,raw/2021-06_table09_group10001.json,35ec65473a7ccdce325c06d267b31a612e16ae9c25fdacc6d576fc2886fd2f52,raw/2021-06_table09_group10001_info.json,a1d305c99d64e6c9268be9d1625bc7d4d3a762bd3755130c3fe1770f36a0e7f6,caption_and_validated_request_info,Sektör,22,a) Gerçek Kişiler,italic,48,292,1188,1360,1590,4478
2021-06,9,Mevduat Turler Itibariyla,10001,23,"Mevduat Türler İtibarıyla (milyon TL), Dönem:2021/6",milyon TL,raw/2021-06_table09_group10001.json,35ec65473a7ccdce325c06d267b31a612e16ae9c25fdacc6d576fc2886fd2f52,raw/2021-06_table09_group10001_info.json,a1d305c99d64e6c9268be9d1625bc7d4d3a762bd3755130c3fe1770f36a0e7f6,caption_and_validated_request_info,Sektör,23,b) Ticari ve Diğer Kuruluşlar,italic,1,1,2,8,66,77
2021-06,9,Mevduat Turler Itibariyla,10001,24,"Mevduat Türler İtibarıyla (milyon TL), Dönem:2021/6",milyon TL,raw/2021-06_table09_group10001.json,35ec65473a7ccdce325c06d267b31a612e16ae9c25fdacc6d576fc2886fd2f52,raw/2021-06_table09_group10001_info.json,a1d305c99d64e6c9268be9d1625bc7d4d3a762bd3755130c3fe1770f36a0e7f6,caption_and_validated_request_info,Sektör,24,Toplam Mevduat - Yurt Dışı Yerleşik,bold,2212,8669,32151,58100,143849,244981
2021-06,9,Mevduat Turler Itibariyla,10001,25,"Mevduat Türler İtibarıyla (milyon TL), Dönem:2021/6",milyon TL,raw/2021-06_table09_group10001.json,35ec65473a7ccdce325c06d267b31a612e16ae9c25fdacc6d576fc2886fd2f52,raw/2021-06_table09_group10001_info.json,a1d305c99d64e6c9268be9d1625bc7d4d3a762bd3755130c3fe1770f36a0e7f6,caption_and_validated_request_info,Sektör,25,Mudi Sayısı - Yurt Dışı Yerleşik*,bold,1383014,317959,262517,116526,34857,1670232
2021-06,9,Mevduat Turler Itibariyla,10001,26,"Mevduat Türler İtibarıyla (milyon TL), Dönem:2021/6",milyon TL,raw/2021-06_table09_group10001.json,35ec65473a7ccdce325c06d267b31a612e16ae9c25fdacc6d576fc2886fd2f52,raw/2021-06_table09_group10001_info.json,a1d305c99d64e6c9268be9d1625bc7d4d3a762bd3755130c3fe1770f36a0e7f6,caption_and_validated_request_info,Sektör,26,Toplam Mevduat,bold,87153,228969,621272,704955,2227099,3869447
2021-07,9,Mevduat Turler Itibariyla,10001,1,"Mevduat Türler İtibarıyla (milyon TL), Dönem:2021/7",milyon TL,raw/2021-07_table09_group10001.json,b357899d6ee0b6adeaf0963047f10f6d3d8446ca4153f08d53988739be39e39d,raw/2021-07_table09_group10001_info.json,4eb88d5fd9566f1265ad8ccb6283b3ee784c53b83b68d6f156bdbb92bc76b25e,caption_and_validated_request_info,Sektör,1,TP Mevduat / Katılım Fonları - Yurt İçi Yerleşik,bold,69719,134779,317735,327889,870920,1721042
2021-07,9,Mevduat Turler Itibariyla,10001,2,"Mevduat Türler İtibarıyla (milyon TL), Dönem:2021/7",milyon TL,raw/2021-07_table09_group10001.json,b357899d6ee0b6adeaf0963047f10f6d3d8446ca4153f08d53988739be39e39d,raw/2021-07_table09_group10001_info.json,4eb88d5fd9566f1265ad8ccb6283b3ee784c53b83b68d6f156bdbb92bc76b25e,caption_and_validated_request_info,Sektör,2,a) Gerçek Kişiler,italic,63063,117337,275351,270072,295945,1021767
2021-07,9,Mevduat Turler Itibariyla,10001,3,"Mevduat Türler İtibarıyla (milyon TL), Dönem:2021/7",milyon TL,raw/2021-07_table09_group10001.json,b357899d6ee0b6adeaf0963047f10f6d3d8446ca4153f08d53988739be39e39d,raw/2021-07_table09_group10001_info.json,4eb88d5fd9566f1265ad8ccb6283b3ee784c53b83b68d6f156bdbb92bc76b25e,caption_and_validated_request_info,Sektör,3,b) Resmi Kuruluşlar,italic,170,438,1184,3024,95027,99843
2021-07,9,Mevduat Turler Itibariyla,10001,4,"Mevduat Türler İtibarıyla (milyon TL), Dönem:2021/7",milyon TL,raw/2021-07_table09_group10001.json,b357899d6ee0b6adeaf0963047f10f6d3d8446ca4153f08d53988739be39e39d,raw/2021-07_table09_group10001_info.json,4eb88d5fd9566f1265ad8ccb6283b3ee784c53b83b68d6f156bdbb92bc76b25e,caption_and_validated_request_info,Sektör,4,c) Ticari ve Diğer Kuruluşlar,italic,6486,17004,41200,54794,479948,599432
2021-07,9,Mevduat Turler Itibariyla,10001,5,"Mevduat Türler İtibarıyla (milyon TL), Dönem:2021/7",milyon TL,raw/2021-07_table09_group10001.json,b357899d6ee0b6adeaf0963047f10f6d3d8446ca4153f08d53988739be39e39d,raw/2021-07_table09_group10001_info.json,4eb88d5fd9566f1265ad8ccb6283b3ee784c53b83b68d6f156bdbb92bc76b25e,caption_and_validated_request_info,Sektör,5,Döviz Tevdiat Hesabı / Katılım Fonları - Yurt İçi Yerleşik,bold,8674,48645,174233,259380,1167190,1658121
2021-07,9,Mevduat Turler Itibariyla,10001,6,"Mevduat Türler İtibarıyla (milyon TL), Dönem:2021/7",milyon TL,raw/2021-07_table09_group10001.json,b357899d6ee0b6adeaf0963047f10f6d3d8446ca4153f08d53988739be39e39d,raw/2021-07_table09_group10001_info.json,4eb88d5fd9566f1265ad8ccb6283b3ee784c53b83b68d6f156bdbb92bc76b25e,caption_and_validated_request_info,Sektör,6,a) Gerçek Kişiler,italic,8189,46234,161143,221347,503567,940479
2021-07,9,Mevduat Turler Itibariyla,10001,7,"Mevduat Türler İtibarıyla (milyon TL), Dönem:2021/7",milyon TL,raw/2021-07_table09_group10001.json,b357899d6ee0b6adeaf0963047f10f6d3d8446ca4153f08d53988739be39e39d,raw/2021-07_table09_group10001_info.json,4eb88d5fd9566f1265ad8ccb6283b3ee784c53b83b68d6f156bdbb92bc76b25e,caption_and_validated_request_info,Sektör,7,b) Resmi Kuruluşlar,italic,3,22,116,363,16884,17387
2021-07,9,Mevduat Turler Itibariyla,10001,8,"Mevduat Türler İtibarıyla (milyon TL), Dönem:2021/7",milyon TL,raw/2021-07_table09_group10001.json,b357899d6ee0b6adeaf0963047f10f6d3d8446ca4153f08d53988739be39e39d,raw/2021-07_table09_group10001_info.json,4eb88d5fd9566f1265ad8ccb6283b3ee784c53b83b68d6f156bdbb92bc76b25e,caption_and_validated_request_info,Sektör,8,c) Ticari ve Diğer Kuruluşlar,italic,483,2390,12974,37669,646739,700256
2021-07,9,Mevduat Turler Itibariyla,10001,9,"Mevduat Türler İtibarıyla (milyon TL), Dönem:2021/7",milyon TL,raw/2021-07_table09_group10001.json,b357899d6ee0b6adeaf0963047f10f6d3d8446ca4153f08d53988739be39e39d,raw/2021-07_table09_group10001_info.json,4eb88d5fd9566f1265ad8ccb6283b3ee784c53b83b68d6f156bdbb92bc76b25e,caption_and_validated_request_info,Sektör,9,Kıymetli Maden Depo Hesapları - Yurt İçi Yerleşik,bold,7184,40959,108518,74969,64682,296312
2021-07,9,Mevduat Turler Itibariyla,10001,10,"Mevduat Türler İtibarıyla (milyon TL), Dönem:2021/7",milyon TL,raw/2021-07_table09_group10001.json,b357899d6ee0b6adeaf0963047f10f6d3d8446ca4153f08d53988739be39e39d,raw/2021-07_table09_group10001_info.json,4eb88d5fd9566f1265ad8ccb6283b3ee784c53b83b68d6f156bdbb92bc76b25e,caption_and_validated_request_info,Sektör,10,a) Gerçek Kişiler,italic,6910,40531,106473,70864,50646,275424
2021-07,9,Mevduat Turler Itibariyla,10001,11,"Mevduat Türler İtibarıyla (milyon TL), Dönem:2021/7",milyon TL,raw/2021-07_table09_group10001.json,b357899d6ee0b6adeaf0963047f10f6d3d8446ca4153f08d53988739be39e39d,raw/2021-07_table09_group10001_info.json,4eb88d5fd9566f1265ad8ccb6283b3ee784c53b83b68d6f156bdbb92bc76b25e,caption_and_validated_request_info,Sektör,11,b) Resmi Kuruluşlar,italic,0,0,1,0,9,10
2021-07,9,Mevduat Turler Itibariyla,10001,12,"Mevduat Türler İtibarıyla (milyon TL), Dönem:2021/7",milyon TL,raw/2021-07_table09_group10001.json,b357899d6ee0b6adeaf0963047f10f6d3d8446ca4153f08d53988739be39e39d,raw/2021-07_table09_group10001_info.json,4eb88d5fd9566f1265ad8ccb6283b3ee784c53b83b68d6f156bdbb92bc76b25e,caption_and_validated_request_info,Sektör,12,c) Ticari ve Diğer Kuruluşlar,italic,273,428,2044,4105,14027,20877
2021-07,9,Mevduat Turler Itibariyla,10001,13,"Mevduat Türler İtibarıyla (milyon TL), Dönem:2021/7",milyon TL,raw/2021-07_table09_group10001.json,b357899d6ee0b6adeaf0963047f10f6d3d8446ca4153f08d53988739be39e39d,raw/2021-07_table09_group10001_info.json,4eb88d5fd9566f1265ad8ccb6283b3ee784c53b83b68d6f156bdbb92bc76b25e,caption_and_validated_request_info,Sektör,13,Toplam Mevduat - Yurt İçi Yerleşik,bold,85576,224384,600486,662237,2102791,3675475
2021-07,9,Mevduat Turler Itibariyla,10001,14,"Mevduat Türler İtibarıyla (milyon TL), Dönem:2021/7",milyon TL,raw/2021-07_table09_group10001.json,b357899d6ee0b6adeaf0963047f10f6d3d8446ca4153f08d53988739be39e39d,raw/2021-07_table09_group10001_info.json,4eb88d5fd9566f1265ad8ccb6283b3ee784c53b83b68d6f156bdbb92bc76b25e,caption_and_validated_request_info,Sektör,14,Mudi Sayısı - Yurt İçi Yerleşik*,bold,119733220,8498639,5182387,1373594,330286,125411936
2021-07,9,Mevduat Turler Itibariyla,10001,15,"Mevduat Türler İtibarıyla (milyon TL), Dönem:2021/7",milyon TL,raw/2021-07_table09_group10001.json,b357899d6ee0b6adeaf0963047f10f6d3d8446ca4153f08d53988739be39e39d,raw/2021-07_table09_group10001_info.json,4eb88d5fd9566f1265ad8ccb6283b3ee784c53b83b68d6f156bdbb92bc76b25e,caption_and_validated_request_info,Sektör,15,TP Mevduat / Katılım Fonları - Yurt Dışı Yerleşik,bold,1527,4914,11347,12515,19957,50260
2021-07,9,Mevduat Turler Itibariyla,10001,16,"Mevduat Türler İtibarıyla (milyon TL), Dönem:2021/7",milyon TL,raw/2021-07_table09_group10001.json,b357899d6ee0b6adeaf0963047f10f6d3d8446ca4153f08d53988739be39e39d,raw/2021-07_table09_group10001_info.json,4eb88d5fd9566f1265ad8ccb6283b3ee784c53b83b68d6f156bdbb92bc76b25e,caption_and_validated_request_info,Sektör,16,a) Gerçek Kişiler,italic,1501,4840,11166,12264,10788,40557
2021-07,9,Mevduat Turler Itibariyla,10001,17,"Mevduat Türler İtibarıyla (milyon TL), Dönem:2021/7",milyon TL,raw/2021-07_table09_group10001.json,b357899d6ee0b6adeaf0963047f10f6d3d8446ca4153f08d53988739be39e39d,raw/2021-07_table09_group10001_info.json,4eb88d5fd9566f1265ad8ccb6283b3ee784c53b83b68d6f156bdbb92bc76b25e,caption_and_validated_request_info,Sektör,17,b) Ticari ve Diğer Kuruluşlar,italic,26,74,181,251,9170,9702
2021-07,9,Mevduat Turler Itibariyla,10001,18,"Mevduat Türler İtibarıyla (milyon TL), Dönem:2021/7",milyon TL,raw/2021-07_table09_group10001.json,b357899d6ee0b6adeaf0963047f10f6d3d8446ca4153f08d53988739be39e39d,raw/2021-07_table09_group10001_info.json,4eb88d5fd9566f1265ad8ccb6283b3ee784c53b83b68d6f156bdbb92bc76b25e,caption_and_validated_request_info,Sektör,18,Döviz Tevdiat Hesabı / Katılım Fonları - Yurt Dışı Yerleşik,bold,702,3426,19982,44653,116466,185229
2021-07,9,Mevduat Turler Itibariyla,10001,19,"Mevduat Türler İtibarıyla (milyon TL), Dönem:2021/7",milyon TL,raw/2021-07_table09_group10001.json,b357899d6ee0b6adeaf0963047f10f6d3d8446ca4153f08d53988739be39e39d,raw/2021-07_table09_group10001_info.json,4eb88d5fd9566f1265ad8ccb6283b3ee784c53b83b68d6f156bdbb92bc76b25e,caption_and_validated_request_info,Sektör,19,a) Gerçek Kişiler,italic,650,3340,19607,43575,80690,147862
2021-07,9,Mevduat Turler Itibariyla,10001,20,"Mevduat Türler İtibarıyla (milyon TL), Dönem:2021/7",milyon TL,raw/2021-07_table09_group10001.json,b357899d6ee0b6adeaf0963047f10f6d3d8446ca4153f08d53988739be39e39d,raw/2021-07_table09_group10001_info.json,4eb88d5fd9566f1265ad8ccb6283b3ee784c53b83b68d6f156bdbb92bc76b25e,caption_and_validated_request_info,Sektör,20,b) Ticari ve Diğer Kuruluşlar,italic,52,87,375,1078,35776,37368
2021-07,9,Mevduat Turler Itibariyla,10001,21,"Mevduat Türler İtibarıyla (milyon TL), Dönem:2021/7",milyon TL,raw/2021-07_table09_group10001.json,b357899d6ee0b6adeaf0963047f10f6d3d8446ca4153f08d53988739be39e39d,raw/2021-07_table09_group10001_info.json,4eb88d5fd9566f1265ad8ccb6283b3ee784c53b83b68d6f156bdbb92bc76b25e,caption_and_validated_request_info,Sektör,21,Kıymetli Maden Depo Hesapları - Yurt Dışı Yerleşik,bold,47,291,1182,1354,1680,4554
2021-07,9,Mevduat Turler Itibariyla,10001,22,"Mevduat Türler İtibarıyla (milyon TL), Dönem:2021/7",milyon TL,raw/2021-07_table09_group10001.json,b357899d6ee0b6adeaf0963047f10f6d3d8446ca4153f08d53988739be39e39d,raw/2021-07_table09_group10001_info.json,4eb88d5fd9566f1265ad8ccb6283b3ee784c53b83b68d6f156bdbb92bc76b25e,caption_and_validated_request_info,Sektör,22,a) Gerçek Kişiler,italic,47,290,1180,1347,1600,4464
2021-07,9,Mevduat Turler Itibariyla,10001,23,"Mevduat Türler İtibarıyla (milyon TL), Dönem:2021/7",milyon TL,raw/2021-07_table09_group10001.json,b357899d6ee0b6adeaf0963047f10f6d3d8446ca4153f08d53988739be39e39d,raw/2021-07_table09_group10001_info.json,4eb88d5fd9566f1265ad8ccb6283b3ee784c53b83b68d6f156bdbb92bc76b25e,caption_and_validated_request_info,Sektör,23,b) Ticari ve Diğer Kuruluşlar,italic,1,1,2,7,80,90
2021-07,9,Mevduat Turler Itibariyla,10001,24,"Mevduat Türler İtibarıyla (milyon TL), Dönem:2021/7",milyon TL,raw/2021-07_table09_group10001.json,b357899d6ee0b6adeaf0963047f10f6d3d8446ca4153f08d53988739be39e39d,raw/2021-07_table09_group10001_info.json,4eb88d5fd9566f1265ad8ccb6283b3ee784c53b83b68d6f156bdbb92bc76b25e,caption_and_validated_request_info,Sektör,24,Toplam Mevduat - Yurt Dışı Yerleşik,bold,2276,8631,32511,58522,138103,240043
2021-07,9,Mevduat Turler Itibariyla,10001,25,"Mevduat Türler İtibarıyla (milyon TL), Dönem:2021/7",milyon TL,raw/2021-07_table09_group10001.json,b357899d6ee0b6adeaf0963047f10f6d3d8446ca4153f08d53988739be39e39d,raw/2021-07_table09_group10001_info.json,4eb88d5fd9566f1265ad8ccb6283b3ee784c53b83b68d6f156bdbb92bc76b25e,caption_and_validated_request_info,Sektör,25,Mudi Sayısı - Yurt Dışı Yerleşik*,bold,1403749,309986,262551,117014,33657,1682270
2021-07,9,Mevduat Turler Itibariyla,10001,26,"Mevduat Türler İtibarıyla (milyon TL), Dönem:2021/7",milyon TL,raw/2021-07_table09_group10001.json,b357899d6ee0b6adeaf0963047f10f6d3d8446ca4153f08d53988739be39e39d,raw/2021-07_table09_group10001_info.json,4eb88d5fd9566f1265ad8ccb6283b3ee784c53b83b68d6f156bdbb92bc76b25e,caption_and_validated_request_info,Sektör,26,Toplam Mevduat,bold,87853,233015,632997,720759,2240894,3915518
2021-08,9,Mevduat Turler Itibariyla,10001,1,"Mevduat Türler İtibarıyla (milyon TL), Dönem:2021/8",milyon TL,raw/2021-08_table09_group10001.json,6d10145d4c5256b533eb8d94706b5dd385fed5066c572a13fd69e94862876ded,raw/2021-08_table09_group10001_info.json,bb400945c40dba55d3990bfa5d976a4c4c69345152810ffc9c62e16d124162ef,caption_and_validated_request_info,Sektör,1,TP Mevduat / Katılım Fonları - Yurt İçi Yerleşik,bold,67854,130865,318001,330230,858307,1705257
2021-08,9,Mevduat Turler Itibariyla,10001,2,"Mevduat Türler İtibarıyla (milyon TL), Dönem:2021/8",milyon TL,raw/2021-08_table09_group10001.json,6d10145d4c5256b533eb8d94706b5dd385fed5066c572a13fd69e94862876ded,raw/2021-08_table09_group10001_info.json,bb400945c40dba55d3990bfa5d976a4c4c69345152810ffc9c62e16d124162ef,caption_and_validated_request_info,Sektör,2,a) Gerçek Kişiler,italic,61307,114143,278010,275884,301556,1030899
2021-08,9,Mevduat Turler Itibariyla,10001,3,"Mevduat Türler İtibarıyla (milyon TL), Dönem:2021/8",milyon TL,raw/2021-08_table09_group10001.json,6d10145d4c5256b533eb8d94706b5dd385fed5066c572a13fd69e94862876ded,raw/2021-08_table09_group10001_info.json,bb400945c40dba55d3990bfa5d976a4c4c69345152810ffc9c62e16d124162ef,caption_and_validated_request_info,Sektör,3,b) Resmi Kuruluşlar,italic,152,436,1174,2592,80274,84627
2021-08,9,Mevduat Turler Itibariyla,10001,4,"Mevduat Türler İtibarıyla (milyon TL), Dönem:2021/8",milyon TL,raw/2021-08_table09_group10001.json,6d10145d4c5256b533eb8d94706b5dd385fed5066c572a13fd69e94862876ded,raw/2021-08_table09_group10001_info.json,bb400945c40dba55d3990bfa5d976a4c4c69345152810ffc9c62e16d124162ef,caption_and_validated_request_info,Sektör,4,c) Ticari ve Diğer Kuruluşlar,italic,6395,16287,38818,51753,476478,589731
2021-08,9,Mevduat Turler Itibariyla,10001,5,"Mevduat Türler İtibarıyla (milyon TL), Dönem:2021/8",milyon TL,raw/2021-08_table09_group10001.json,6d10145d4c5256b533eb8d94706b5dd385fed5066c572a13fd69e94862876ded,raw/2021-08_table09_group10001_info.json,bb400945c40dba55d3990bfa5d976a4c4c69345152810ffc9c62e16d124162ef,caption_and_validated_request_info,Sektör,5,Döviz Tevdiat Hesabı / Katılım Fonları - Yurt İçi Yerleşik,bold,9109,50512,177795,262570,1179958,1679944
2021-08,9,Mevduat Turler Itibariyla,10001,6,"Mevduat Türler İtibarıyla (milyon TL), Dönem:2021/8",milyon TL,raw/2021-08_table09_group10001.json,6d10145d4c5256b533eb8d94706b5dd385fed5066c572a13fd69e94862876ded,raw/2021-08_table09_group10001_info.json,bb400945c40dba55d3990bfa5d976a4c4c69345152810ffc9c62e16d124162ef,caption_and_validated_request_info,Sektör,6,a) Gerçek Kişiler,italic,8608,48012,164270,223922,503225,948038
2021-08,9,Mevduat Turler Itibariyla,10001,7,"Mevduat Türler İtibarıyla (milyon TL), Dönem:2021/8",milyon TL,raw/2021-08_table09_group10001.json,6d10145d4c5256b533eb8d94706b5dd385fed5066c572a13fd69e94862876ded,raw/2021-08_table09_group10001_info.json,bb400945c40dba55d3990bfa5d976a4c4c69345152810ffc9c62e16d124162ef,caption_and_validated_request_info,Sektör,7,b) Resmi Kuruluşlar,italic,3,21,118,348,16695,17185
2021-08,9,Mevduat Turler Itibariyla,10001,8,"Mevduat Türler İtibarıyla (milyon TL), Dönem:2021/8",milyon TL,raw/2021-08_table09_group10001.json,6d10145d4c5256b533eb8d94706b5dd385fed5066c572a13fd69e94862876ded,raw/2021-08_table09_group10001_info.json,bb400945c40dba55d3990bfa5d976a4c4c69345152810ffc9c62e16d124162ef,caption_and_validated_request_info,Sektör,8,c) Ticari ve Diğer Kuruluşlar,italic,498,2479,13408,38300,660038,714722
2021-08,9,Mevduat Turler Itibariyla,10001,9,"Mevduat Türler İtibarıyla (milyon TL), Dönem:2021/8",milyon TL,raw/2021-08_table09_group10001.json,6d10145d4c5256b533eb8d94706b5dd385fed5066c572a13fd69e94862876ded,raw/2021-08_table09_group10001_info.json,bb400945c40dba55d3990bfa5d976a4c4c69345152810ffc9c62e16d124162ef,caption_and_validated_request_info,Sektör,9,Kıymetli Maden Depo Hesapları - Yurt İçi Yerleşik,bold,7032,41014,106904,72790,63031,290770
2021-08,9,Mevduat Turler Itibariyla,10001,10,"Mevduat Türler İtibarıyla (milyon TL), Dönem:2021/8",milyon TL,raw/2021-08_table09_group10001.json,6d10145d4c5256b533eb8d94706b5dd385fed5066c572a13fd69e94862876ded,raw/2021-08_table09_group10001_info.json,bb400945c40dba55d3990bfa5d976a4c4c69345152810ffc9c62e16d124162ef,caption_and_validated_request_info,Sektör,10,a) Gerçek Kişiler,italic,6764,40580,104856,68775,49409,270382
2021-08,9,Mevduat Turler Itibariyla,10001,11,"Mevduat Türler İtibarıyla (milyon TL), Dönem:2021/8",milyon TL,raw/2021-08_table09_group10001.json,6d10145d4c5256b533eb8d94706b5dd385fed5066c572a13fd69e94862876ded,raw/2021-08_table09_group10001_info.json,bb400945c40dba55d3990bfa5d976a4c4c69345152810ffc9c62e16d124162ef,caption_and_validated_request_info,Sektör,11,b) Resmi Kuruluşlar,italic,0,0,1,0,8,10
2021-08,9,Mevduat Turler Itibariyla,10001,12,"Mevduat Türler İtibarıyla (milyon TL), Dönem:2021/8",milyon TL,raw/2021-08_table09_group10001.json,6d10145d4c5256b533eb8d94706b5dd385fed5066c572a13fd69e94862876ded,raw/2021-08_table09_group10001_info.json,bb400945c40dba55d3990bfa5d976a4c4c69345152810ffc9c62e16d124162ef,caption_and_validated_request_info,Sektör,12,c) Ticari ve Diğer Kuruluşlar,italic,268,434,2047,4015,13614,20378
2021-08,9,Mevduat Turler Itibariyla,10001,13,"Mevduat Türler İtibarıyla (milyon TL), Dönem:2021/8",milyon TL,raw/2021-08_table09_group10001.json,6d10145d4c5256b533eb8d94706b5dd385fed5066c572a13fd69e94862876ded,raw/2021-08_table09_group10001_info.json,bb400945c40dba55d3990bfa5d976a4c4c69345152810ffc9c62e16d124162ef,caption_and_validated_request_info,Sektör,13,Toplam Mevduat - Yurt İçi Yerleşik,bold,83995,222391,602700,665590,2101296,3675971
2021-08,9,Mevduat Turler Itibariyla,10001,14,"Mevduat Türler İtibarıyla (milyon TL), Dönem:2021/8",milyon TL,raw/2021-08_table09_group10001.json,6d10145d4c5256b533eb8d94706b5dd385fed5066c572a13fd69e94862876ded,raw/2021-08_table09_group10001_info.json,bb400945c40dba55d3990bfa5d976a4c4c69345152810ffc9c62e16d124162ef,caption_and_validated_request_info,Sektör,14,Mudi Sayısı - Yurt İçi Yerleşik*,bold,120521770,8362572,5177128,1377271,328983,126040426
2021-08,9,Mevduat Turler Itibariyla,10001,15,"Mevduat Türler İtibarıyla (milyon TL), Dönem:2021/8",milyon TL,raw/2021-08_table09_group10001.json,6d10145d4c5256b533eb8d94706b5dd385fed5066c572a13fd69e94862876ded,raw/2021-08_table09_group10001_info.json,bb400945c40dba55d3990bfa5d976a4c4c69345152810ffc9c62e16d124162ef,caption_and_validated_request_info,Sektör,15,TP Mevduat / Katılım Fonları - Yurt Dışı Yerleşik,bold,1527,4308,10893,12578,20632,49938
2021-08,9,Mevduat Turler Itibariyla,10001,16,"Mevduat Türler İtibarıyla (milyon TL), Dönem:2021/8",milyon TL,raw/2021-08_table09_group10001.json,6d10145d4c5256b533eb8d94706b5dd385fed5066c572a13fd69e94862876ded,raw/2021-08_table09_group10001_info.json,bb400945c40dba55d3990bfa5d976a4c4c69345152810ffc9c62e16d124162ef,caption_and_validated_request_info,Sektör,16,a) Gerçek Kişiler,italic,1502,4232,10714,12301,10740,39489
2021-08,9,Mevduat Turler Itibariyla,10001,17,"Mevduat Türler İtibarıyla (milyon TL), Dönem:2021/8",milyon TL,raw/2021-08_table09_group10001.json,6d10145d4c5256b533eb8d94706b5dd385fed5066c572a13fd69e94862876ded,raw/2021-08_table09_group10001_info.json,bb400945c40dba55d3990bfa5d976a4c4c69345152810ffc9c62e16d124162ef,caption_and_validated_request_info,Sektör,17,b) Ticari ve Diğer Kuruluşlar,italic,25,76,179,278,9891,10449
2021-08,9,Mevduat Turler Itibariyla,10001,18,"Mevduat Türler İtibarıyla (milyon TL), Dönem:2021/8",milyon TL,raw/2021-08_table09_group10001.json,6d10145d4c5256b533eb8d94706b5dd385fed5066c572a13fd69e94862876ded,raw/2021-08_table09_group10001_info.json,bb400945c40dba55d3990bfa5d976a4c4c69345152810ffc9c62e16d124162ef,caption_and_validated_request_info,Sektör,18,Döviz Tevdiat Hesabı / Katılım Fonları - Yurt Dışı Yerleşik,bold,747,3509,19868,43946,112838,180908
2021-08,9,Mevduat Turler Itibariyla,10001,19,"Mevduat Türler İtibarıyla (milyon TL), Dönem:2021/8",milyon TL,raw/2021-08_table09_group10001.json,6d10145d4c5256b533eb8d94706b5dd385fed5066c572a13fd69e94862876ded,raw/2021-08_table09_group10001_info.json,bb400945c40dba55d3990bfa5d976a4c4c69345152810ffc9c62e16d124162ef,caption_and_validated_request_info,Sektör,19,a) Gerçek Kişiler,italic,693,3421,19490,42853,77133,143590
2021-08,9,Mevduat Turler Itibariyla,10001,20,"Mevduat Türler İtibarıyla (milyon TL), Dönem:2021/8",milyon TL,raw/2021-08_table09_group10001.json,6d10145d4c5256b533eb8d94706b5dd385fed5066c572a13fd69e94862876ded,raw/2021-08_table09_group10001_info.json,bb400945c40dba55d3990bfa5d976a4c4c69345152810ffc9c62e16d124162ef,caption_and_validated_request_info,Sektör,20,b) Ticari ve Diğer Kuruluşlar,italic,53,89,377,1093,35705,37318
2021-08,9,Mevduat Turler Itibariyla,10001,21,"Mevduat Türler İtibarıyla (milyon TL), Dönem:2021/8",milyon TL,raw/2021-08_table09_group10001.json,6d10145d4c5256b533eb8d94706b5dd385fed5066c572a13fd69e94862876ded,raw/2021-08_table09_group10001_info.json,bb400945c40dba55d3990bfa5d976a4c4c69345152810ffc9c62e16d124162ef,caption_and_validated_request_info,Sektör,21,Kıymetli Maden Depo Hesapları - Yurt Dışı Yerleşik,bold,48,288,1166,1316,1592,4411
2021-08,9,Mevduat Turler Itibariyla,10001,22,"Mevduat Türler İtibarıyla (milyon TL), Dönem:2021/8",milyon TL,raw/2021-08_table09_group10001.json,6d10145d4c5256b533eb8d94706b5dd385fed5066c572a13fd69e94862876ded,raw/2021-08_table09_group10001_info.json,bb400945c40dba55d3990bfa5d976a4c4c69345152810ffc9c62e16d124162ef,caption_and_validated_request_info,Sektör,22,a) Gerçek Kişiler,italic,47,287,1164,1308,1509,4315
2021-08,9,Mevduat Turler Itibariyla,10001,23,"Mevduat Türler İtibarıyla (milyon TL), Dönem:2021/8",milyon TL,raw/2021-08_table09_group10001.json,6d10145d4c5256b533eb8d94706b5dd385fed5066c572a13fd69e94862876ded,raw/2021-08_table09_group10001_info.json,bb400945c40dba55d3990bfa5d976a4c4c69345152810ffc9c62e16d124162ef,caption_and_validated_request_info,Sektör,23,b) Ticari ve Diğer Kuruluşlar,italic,0,1,3,9,84,96
2021-08,9,Mevduat Turler Itibariyla,10001,24,"Mevduat Türler İtibarıyla (milyon TL), Dönem:2021/8",milyon TL,raw/2021-08_table09_group10001.json,6d10145d4c5256b533eb8d94706b5dd385fed5066c572a13fd69e94862876ded,raw/2021-08_table09_group10001_info.json,bb400945c40dba55d3990bfa5d976a4c4c69345152810ffc9c62e16d124162ef,caption_and_validated_request_info,Sektör,24,Toplam Mevduat - Yurt Dışı Yerleşik,bold,2322,8105,31927,57841,135062,235257
2021-08,9,Mevduat Turler Itibariyla,10001,25,"Mevduat Türler İtibarıyla (milyon TL), Dönem:2021/8",milyon TL,raw/2021-08_table09_group10001.json,6d10145d4c5256b533eb8d94706b5dd385fed5066c572a13fd69e94862876ded,raw/2021-08_table09_group10001_info.json,bb400945c40dba55d3990bfa5d976a4c4c69345152810ffc9c62e16d124162ef,caption_and_validated_request_info,Sektör,25,Mudi Sayısı - Yurt Dışı Yerleşik*,bold,1451150,288489,255092,115049,32253,1705082
2021-08,9,Mevduat Turler Itibariyla,10001,26,"Mevduat Türler İtibarıyla (milyon TL), Dönem:2021/8",milyon TL,raw/2021-08_table09_group10001.json,6d10145d4c5256b533eb8d94706b5dd385fed5066c572a13fd69e94862876ded,raw/2021-08_table09_group10001_info.json,bb400945c40dba55d3990bfa5d976a4c4c69345152810ffc9c62e16d124162ef,caption_and_validated_request_info,Sektör,26,Toplam Mevduat,bold,86316,230496,634627,723431,2236358,3911228
2021-09,9,Mevduat Turler Itibariyla,10001,1,"Mevduat Türler İtibarıyla (milyon TL), Dönem:2021/9",milyon TL,raw/2021-09_table09_group10001.json,f77ee9fe9f016e456bc5bf72cebed57b156c43770f961874acd6685bdeeea87f,raw/2021-09_table09_group10001_info.json,650bd0229947eaec08fc407ef8370bcffde3066d5500965d38615976461f534d,caption_and_validated_request_info,Sektör,1,TP Mevduat / Katılım Fonları - Yurt İçi Yerleşik,bold,68990,132767,328513,346854,919576,1796700
2021-09,9,Mevduat Turler Itibariyla,10001,2,"Mevduat Türler İtibarıyla (milyon TL), Dönem:2021/9",milyon TL,raw/2021-09_table09_group10001.json,f77ee9fe9f016e456bc5bf72cebed57b156c43770f961874acd6685bdeeea87f,raw/2021-09_table09_group10001_info.json,650bd0229947eaec08fc407ef8370bcffde3066d5500965d38615976461f534d,caption_and_validated_request_info,Sektör,2,a) Gerçek Kişiler,italic,62348,115759,286935,289539,312805,1067387
2021-09,9,Mevduat Turler Itibariyla,10001,3,"Mevduat Türler İtibarıyla (milyon TL), Dönem:2021/9",milyon TL,raw/2021-09_table09_group10001.json,f77ee9fe9f016e456bc5bf72cebed57b156c43770f961874acd6685bdeeea87f,raw/2021-09_table09_group10001_info.json,650bd0229947eaec08fc407ef8370bcffde3066d5500965d38615976461f534d,caption_and_validated_request_info,Sektör,3,b) Resmi Kuruluşlar,italic,153,461,1219,2767,90046,94647
2021-09,9,Mevduat Turler Itibariyla,10001,4,"Mevduat Türler İtibarıyla (milyon TL), Dönem:2021/9",milyon TL,raw/2021-09_table09_group10001.json,f77ee9fe9f016e456bc5bf72cebed57b156c43770f961874acd6685bdeeea87f,raw/2021-09_table09_group10001_info.json,650bd0229947eaec08fc407ef8370bcffde3066d5500965d38615976461f534d,caption_and_validated_request_info,Sektör,4,c) Ticari ve Diğer Kuruluşlar,italic,6488,16547,40360,54548,516724,634667
2021-09,9,Mevduat Turler Itibariyla,10001,5,"Mevduat Türler İtibarıyla (milyon TL), Dönem:2021/9",milyon TL,raw/2021-09_table09_group10001.json,f77ee9fe9f016e456bc5bf72cebed57b156c43770f961874acd6685bdeeea87f,raw/2021-09_table09_group10001_info.json,650bd0229947eaec08fc407ef8370bcffde3066d5500965d38615976461f534d,caption_and_validated_request_info,Sektör,5,Döviz Tevdiat Hesabı / Katılım Fonları - Yurt İçi Yerleşik,bold,8405,49247,180729,272704,1263045,1774130
2021-09,9,Mevduat Turler Itibariyla,10001,6,"Mevduat Türler İtibarıyla (milyon TL), Dönem:2021/9",milyon TL,raw/2021-09_table09_group10001.json,f77ee9fe9f016e456bc5bf72cebed57b156c43770f961874acd6685bdeeea87f,raw/2021-09_table09_group10001_info.json,650bd0229947eaec08fc407ef8370bcffde3066d5500965d38615976461f534d,caption_and_validated_request_info,Sektör,6,a) Gerçek Kişiler,italic,7916,46836,167539,234604,548181,1005076
2021-09,9,Mevduat Turler Itibariyla,10001,7,"Mevduat Türler İtibarıyla (milyon TL), Dönem:2021/9",milyon TL,raw/2021-09_table09_group10001.json,f77ee9fe9f016e456bc5bf72cebed57b156c43770f961874acd6685bdeeea87f,raw/2021-09_table09_group10001_info.json,650bd0229947eaec08fc407ef8370bcffde3066d5500965d38615976461f534d,caption_and_validated_request_info,Sektör,7,b) Resmi Kuruluşlar,italic,3,21,120,342,16506,16991
2021-09,9,Mevduat Turler Itibariyla,10001,8,"Mevduat Türler İtibarıyla (milyon TL), Dönem:2021/9",milyon TL,raw/2021-09_table09_group10001.json,f77ee9fe9f016e456bc5bf72cebed57b156c43770f961874acd6685bdeeea87f,raw/2021-09_table09_group10001_info.json,650bd0229947eaec08fc407ef8370bcffde3066d5500965d38615976461f534d,caption_and_validated_request_info,Sektör,8,c) Ticari ve Diğer Kuruluşlar,italic,486,2390,13071,37758,698358,752063
2021-09,9,Mevduat Turler Itibariyla,10001,9,"Mevduat Türler İtibarıyla (milyon TL), Dönem:2021/9",milyon TL,raw/2021-09_table09_group10001.json,f77ee9fe9f016e456bc5bf72cebed57b156c43770f961874acd6685bdeeea87f,raw/2021-09_table09_group10001_info.json,650bd0229947eaec08fc407ef8370bcffde3066d5500965d38615976461f534d,caption_and_validated_request_info,Sektör,9,Kıymetli Maden Depo Hesapları - Yurt İçi Yerleşik,bold,6898,39748,105713,72871,65163,290393
2021-09,9,Mevduat Turler Itibariyla,10001,10,"Mevduat Türler İtibarıyla (milyon TL), Dönem:2021/9",milyon TL,raw/2021-09_table09_group10001.json,f77ee9fe9f016e456bc5bf72cebed57b156c43770f961874acd6685bdeeea87f,raw/2021-09_table09_group10001_info.json,650bd0229947eaec08fc407ef8370bcffde3066d5500965d38615976461f534d,caption_and_validated_request_info,Sektör,10,a) Gerçek Kişiler,italic,6621,39335,103736,68952,51005,269649
2021-09,9,Mevduat Turler Itibariyla,10001,11,"Mevduat Türler İtibarıyla (milyon TL), Dönem:2021/9",milyon TL,raw/2021-09_table09_group10001.json,f77ee9fe9f016e456bc5bf72cebed57b156c43770f961874acd6685bdeeea87f,raw/2021-09_table09_group10001_info.json,650bd0229947eaec08fc407ef8370bcffde3066d5500965d38615976461f534d,caption_and_validated_request_info,Sektör,11,b) Resmi Kuruluşlar,italic,0,0,1,0,9,10
2021-09,9,Mevduat Turler Itibariyla,10001,12,"Mevduat Türler İtibarıyla (milyon TL), Dönem:2021/9",milyon TL,raw/2021-09_table09_group10001.json,f77ee9fe9f016e456bc5bf72cebed57b156c43770f961874acd6685bdeeea87f,raw/2021-09_table09_group10001_info.json,650bd0229947eaec08fc407ef8370bcffde3066d5500965d38615976461f534d,caption_and_validated_request_info,Sektör,12,c) Ticari ve Diğer Kuruluşlar,italic,277,413,1976,3920,14150,20734
2021-09,9,Mevduat Turler Itibariyla,10001,13,"Mevduat Türler İtibarıyla (milyon TL), Dönem:2021/9",milyon TL,raw/2021-09_table09_group10001.json,f77ee9fe9f016e456bc5bf72cebed57b156c43770f961874acd6685bdeeea87f,raw/2021-09_table09_group10001_info.json,650bd0229947eaec08fc407ef8370bcffde3066d5500965d38615976461f534d,caption_and_validated_request_info,Sektör,13,Toplam Mevduat - Yurt İçi Yerleşik,bold,84293,221762,614955,692429,2247783,3861223
2021-09,9,Mevduat Turler Itibariyla,10001,14,"Mevduat Türler İtibarıyla (milyon TL), Dönem:2021/9",milyon TL,raw/2021-09_table09_group10001.json,f77ee9fe9f016e456bc5bf72cebed57b156c43770f961874acd6685bdeeea87f,raw/2021-09_table09_group10001_info.json,650bd0229947eaec08fc407ef8370bcffde3066d5500965d38615976461f534d,caption_and_validated_request_info,Sektör,14,Mudi Sayısı - Yurt İçi Yerleşik*,bold,121844869,8362792,5268000,1430784,346665,127443945
2021-09,9,Mevduat Turler Itibariyla,10001,15,"Mevduat Türler İtibarıyla (milyon TL), Dönem:2021/9",milyon TL,raw/2021-09_table09_group10001.json,f77ee9fe9f016e456bc5bf72cebed57b156c43770f961874acd6685bdeeea87f,raw/2021-09_table09_group10001_info.json,650bd0229947eaec08fc407ef8370bcffde3066d5500965d38615976461f534d,caption_and_validated_request_info,Sektör,15,TP Mevduat / Katılım Fonları - Yurt Dışı Yerleşik,bold,1601,4145,10963,13208,21613,51530
2021-09,9,Mevduat Turler Itibariyla,10001,16,"Mevduat Türler İtibarıyla (milyon TL), Dönem:2021/9",milyon TL,raw/2021-09_table09_group10001.json,f77ee9fe9f016e456bc5bf72cebed57b156c43770f961874acd6685bdeeea87f,raw/2021-09_table09_group10001_info.json,650bd0229947eaec08fc407ef8370bcffde3066d5500965d38615976461f534d,caption_and_validated_request_info,Sektör,16,a) Gerçek Kişiler,italic,1575,4068,10775,12916,11706,41040
2021-09,9,Mevduat Turler Itibariyla,10001,17,"Mevduat Türler İtibarıyla (milyon TL), Dönem:2021/9",milyon TL,raw/2021-09_table09_group10001.json,f77ee9fe9f016e456bc5bf72cebed57b156c43770f961874acd6685bdeeea87f,raw/2021-09_table09_group10001_info.json,650bd0229947eaec08fc407ef8370bcffde3066d5500965d38615976461f534d,caption_and_validated_request_info,Sektör,17,b) Ticari ve Diğer Kuruluşlar,italic,26,77,188,292,9906,10490
2021-09,9,Mevduat Turler Itibariyla,10001,18,"Mevduat Türler İtibarıyla (milyon TL), Dönem:2021/9",milyon TL,raw/2021-09_table09_group10001.json,f77ee9fe9f016e456bc5bf72cebed57b156c43770f961874acd6685bdeeea87f,raw/2021-09_table09_group10001_info.json,650bd0229947eaec08fc407ef8370bcffde3066d5500965d38615976461f534d,caption_and_validated_request_info,Sektör,18,Döviz Tevdiat Hesabı / Katılım Fonları - Yurt Dışı Yerleşik,bold,709,3252,19765,44251,121042,189019
2021-09,9,Mevduat Turler Itibariyla,10001,19,"Mevduat Türler İtibarıyla (milyon TL), Dönem:2021/9",milyon TL,raw/2021-09_table09_group10001.json,f77ee9fe9f016e456bc5bf72cebed57b156c43770f961874acd6685bdeeea87f,raw/2021-09_table09_group10001_info.json,650bd0229947eaec08fc407ef8370bcffde3066d5500965d38615976461f534d,caption_and_validated_request_info,Sektör,19,a) Gerçek Kişiler,italic,651,3163,19380,43172,83346,149712
2021-09,9,Mevduat Turler Itibariyla,10001,20,"Mevduat Türler İtibarıyla (milyon TL), Dönem:2021/9",milyon TL,raw/2021-09_table09_group10001.json,f77ee9fe9f016e456bc5bf72cebed57b156c43770f961874acd6685bdeeea87f,raw/2021-09_table09_group10001_info.json,650bd0229947eaec08fc407ef8370bcffde3066d5500965d38615976461f534d,caption_and_validated_request_info,Sektör,20,b) Ticari ve Diğer Kuruluşlar,italic,58,89,385,1079,37696,39307
2021-09,9,Mevduat Turler Itibariyla,10001,21,"Mevduat Türler İtibarıyla (milyon TL), Dönem:2021/9",milyon TL,raw/2021-09_table09_group10001.json,f77ee9fe9f016e456bc5bf72cebed57b156c43770f961874acd6685bdeeea87f,raw/2021-09_table09_group10001_info.json,650bd0229947eaec08fc407ef8370bcffde3066d5500965d38615976461f534d,caption_and_validated_request_info,Sektör,21,Kıymetli Maden Depo Hesapları - Yurt Dışı Yerleşik,bold,48,284,1174,1330,1579,4416
2021-09,9,Mevduat Turler Itibariyla,10001,22,"Mevduat Türler İtibarıyla (milyon TL), Dönem:2021/9",milyon TL,raw/2021-09_table09_group10001.json,f77ee9fe9f016e456bc5bf72cebed57b156c43770f961874acd6685bdeeea87f,raw/2021-09_table09_group10001_info.json,650bd0229947eaec08fc407ef8370bcffde3066d5500965d38615976461f534d,caption_and_validated_request_info,Sektör,22,a) Gerçek Kişiler,italic,48,283,1172,1322,1472,4297
2021-09,9,Mevduat Turler Itibariyla,10001,23,"Mevduat Türler İtibarıyla (milyon TL), Dönem:2021/9",milyon TL,raw/2021-09_table09_group10001.json,f77ee9fe9f016e456bc5bf72cebed57b156c43770f961874acd6685bdeeea87f,raw/2021-09_table09_group10001_info.json,650bd0229947eaec08fc407ef8370bcffde3066d5500965d38615976461f534d,caption_and_validated_request_info,Sektör,23,b) Ticari ve Diğer Kuruluşlar,italic,1,1,2,8,108,119
2021-09,9,Mevduat Turler Itibariyla,10001,24,"Mevduat Türler İtibarıyla (milyon TL), Dönem:2021/9",milyon TL,raw/2021-09_table09_group10001.json,f77ee9fe9f016e456bc5bf72cebed57b156c43770f961874acd6685bdeeea87f,raw/2021-09_table09_group10001_info.json,650bd0229947eaec08fc407ef8370bcffde3066d5500965d38615976461f534d,caption_and_validated_request_info,Sektör,24,Toplam Mevduat - Yurt Dışı Yerleşik,bold,2358,7681,31902,58789,144234,244965
2021-09,9,Mevduat Turler Itibariyla,10001,25,"Mevduat Türler İtibarıyla (milyon TL), Dönem:2021/9",milyon TL,raw/2021-09_table09_group10001.json,f77ee9fe9f016e456bc5bf72cebed57b156c43770f961874acd6685bdeeea87f,raw/2021-09_table09_group10001_info.json,650bd0229947eaec08fc407ef8370bcffde3066d5500965d38615976461f534d,caption_and_validated_request_info,Sektör,25,Mudi Sayısı - Yurt Dışı Yerleşik*,bold,1472837,281007,255778,117011,34518,1722822
2021-09,9,Mevduat Turler Itibariyla,10001,26,"Mevduat Türler İtibarıyla (milyon TL), Dönem:2021/9",milyon TL,raw/2021-09_table09_group10001.json,f77ee9fe9f016e456bc5bf72cebed57b156c43770f961874acd6685bdeeea87f,raw/2021-09_table09_group10001_info.json,650bd0229947eaec08fc407ef8370bcffde3066d5500965d38615976461f534d,caption_and_validated_request_info,Sektör,26,Toplam Mevduat,bold,86651,229443,646857,751218,2392017,4106187
2021-10,9,Mevduat Turler Itibariyla,10001,1,"Mevduat Türler İtibarıyla (milyon TL), Dönem:2021/10",milyon TL,raw/2021-10_table09_group10001.json,8b0f1e1feb4f43e9c037f7d0ebb7d7a72af9af27aadb1b6e6f9c95d08523b77d,raw/2021-10_table09_group10001_info.json,df40c7cc58b6730713f6c0ce96784014d5ce178f8c5ff1f7bdb6cd2c43fb26c6,caption_and_validated_request_info,Sektör,1,TP Mevduat / Katılım Fonları - Yurt İçi Yerleşik,bold,69768,139607,350046,369742,933180,1862342
2021-10,9,Mevduat Turler Itibariyla,10001,2,"Mevduat Türler İtibarıyla (milyon TL), Dönem:2021/10",milyon TL,raw/2021-10_table09_group10001.json,8b0f1e1feb4f43e9c037f7d0ebb7d7a72af9af27aadb1b6e6f9c95d08523b77d,raw/2021-10_table09_group10001_info.json,df40c7cc58b6730713f6c0ce96784014d5ce178f8c5ff1f7bdb6cd2c43fb26c6,caption_and_validated_request_info,Sektör,2,a) Gerçek Kişiler,italic,62922,120706,301979,303509,323874,1112989
2021-10,9,Mevduat Turler Itibariyla,10001,3,"Mevduat Türler İtibarıyla (milyon TL), Dönem:2021/10",milyon TL,raw/2021-10_table09_group10001.json,8b0f1e1feb4f43e9c037f7d0ebb7d7a72af9af27aadb1b6e6f9c95d08523b77d,raw/2021-10_table09_group10001_info.json,df40c7cc58b6730713f6c0ce96784014d5ce178f8c5ff1f7bdb6cd2c43fb26c6,caption_and_validated_request_info,Sektör,3,b) Resmi Kuruluşlar,italic,157,471,1216,2761,71400,76005
2021-10,9,Mevduat Turler Itibariyla,10001,4,"Mevduat Türler İtibarıyla (milyon TL), Dönem:2021/10",milyon TL,raw/2021-10_table09_group10001.json,8b0f1e1feb4f43e9c037f7d0ebb7d7a72af9af27aadb1b6e6f9c95d08523b77d,raw/2021-10_table09_group10001_info.json,df40c7cc58b6730713f6c0ce96784014d5ce178f8c5ff1f7bdb6cd2c43fb26c6,caption_and_validated_request_info,Sektör,4,c) Ticari ve Diğer Kuruluşlar,italic,6689,18431,46851,63472,537905,673348
2021-10,9,Mevduat Turler Itibariyla,10001,5,"Mevduat Türler İtibarıyla (milyon TL), Dönem:2021/10",milyon TL,raw/2021-10_table09_group10001.json,8b0f1e1feb4f43e9c037f7d0ebb7d7a72af9af27aadb1b6e6f9c95d08523b77d,raw/2021-10_table09_group10001_info.json,df40c7cc58b6730713f6c0ce96784014d5ce178f8c5ff1f7bdb6cd2c43fb26c6,caption_and_validated_request_info,Sektör,5,Döviz Tevdiat Hesabı / Katılım Fonları - Yurt İçi Yerleşik,bold,8564,50379,189586,293212,1392168,1933909
2021-10,9,Mevduat Turler Itibariyla,10001,6,"Mevduat Türler İtibarıyla (milyon TL), Dönem:2021/10",milyon TL,raw/2021-10_table09_group10001.json,8b0f1e1feb4f43e9c037f7d0ebb7d7a72af9af27aadb1b6e6f9c95d08523b77d,raw/2021-10_table09_group10001_info.json,df40c7cc58b6730713f6c0ce96784014d5ce178f8c5ff1f7bdb6cd2c43fb26c6,caption_and_validated_request_info,Sektör,6,a) Gerçek Kişiler,italic,8065,47891,175676,252638,605691,1089962
2021-10,9,Mevduat Turler Itibariyla,10001,7,"Mevduat Türler İtibarıyla (milyon TL), Dönem:2021/10",milyon TL,raw/2021-10_table09_group10001.json,8b0f1e1feb4f43e9c037f7d0ebb7d7a72af9af27aadb1b6e6f9c95d08523b77d,raw/2021-10_table09_group10001_info.json,df40c7cc58b6730713f6c0ce96784014d5ce178f8c5ff1f7bdb6cd2c43fb26c6,caption_and_validated_request_info,Sektör,7,b) Resmi Kuruluşlar,italic,3,20,122,353,17424,17922
2021-10,9,Mevduat Turler Itibariyla,10001,8,"Mevduat Türler İtibarıyla (milyon TL), Dönem:2021/10",milyon TL,raw/2021-10_table09_group10001.json,8b0f1e1feb4f43e9c037f7d0ebb7d7a72af9af27aadb1b6e6f9c95d08523b77d,raw/2021-10_table09_group10001_info.json,df40c7cc58b6730713f6c0ce96784014d5ce178f8c5ff1f7bdb6cd2c43fb26c6,caption_and_validated_request_info,Sektör,8,c) Ticari ve Diğer Kuruluşlar,italic,497,2467,13787,40221,769053,826025
2021-10,9,Mevduat Turler Itibariyla,10001,9,"Mevduat Türler İtibarıyla (milyon TL), Dönem:2021/10",milyon TL,raw/2021-10_table09_group10001.json,8b0f1e1feb4f43e9c037f7d0ebb7d7a72af9af27aadb1b6e6f9c95d08523b77d,raw/2021-10_table09_group10001_info.json,df40c7cc58b6730713f6c0ce96784014d5ce178f8c5ff1f7bdb6cd2c43fb26c6,caption_and_validated_request_info,Sektör,9,Kıymetli Maden Depo Hesapları - Yurt İçi Yerleşik,bold,6308,35212,102660,75495,72452,292128
2021-10,9,Mevduat Turler Itibariyla,10001,10,"Mevduat Türler İtibarıyla (milyon TL), Dönem:2021/10",milyon TL,raw/2021-10_table09_group10001.json,8b0f1e1feb4f43e9c037f7d0ebb7d7a72af9af27aadb1b6e6f9c95d08523b77d,raw/2021-10_table09_group10001_info.json,df40c7cc58b6730713f6c0ce96784014d5ce178f8c5ff1f7bdb6cd2c43fb26c6,caption_and_validated_request_info,Sektör,10,a) Gerçek Kişiler,italic,6012,34871,100898,71830,57314,270926
2021-10,9,Mevduat Turler Itibariyla,10001,11,"Mevduat Türler İtibarıyla (milyon TL), Dönem:2021/10",milyon TL,raw/2021-10_table09_group10001.json,8b0f1e1feb4f43e9c037f7d0ebb7d7a72af9af27aadb1b6e6f9c95d08523b77d,raw/2021-10_table09_group10001_info.json,df40c7cc58b6730713f6c0ce96784014d5ce178f8c5ff1f7bdb6cd2c43fb26c6,caption_and_validated_request_info,Sektör,11,b) Resmi Kuruluşlar,italic,0,1,1,0,9,11
2021-10,9,Mevduat Turler Itibariyla,10001,12,"Mevduat Türler İtibarıyla (milyon TL), Dönem:2021/10",milyon TL,raw/2021-10_table09_group10001.json,8b0f1e1feb4f43e9c037f7d0ebb7d7a72af9af27aadb1b6e6f9c95d08523b77d,raw/2021-10_table09_group10001_info.json,df40c7cc58b6730713f6c0ce96784014d5ce178f8c5ff1f7bdb6cd2c43fb26c6,caption_and_validated_request_info,Sektör,12,c) Ticari ve Diğer Kuruluşlar,italic,297,340,1761,3664,15128,21191
2021-10,9,Mevduat Turler Itibariyla,10001,13,"Mevduat Türler İtibarıyla (milyon TL), Dönem:2021/10",milyon TL,raw/2021-10_table09_group10001.json,8b0f1e1feb4f43e9c037f7d0ebb7d7a72af9af27aadb1b6e6f9c95d08523b77d,raw/2021-10_table09_group10001_info.json,df40c7cc58b6730713f6c0ce96784014d5ce178f8c5ff1f7bdb6cd2c43fb26c6,caption_and_validated_request_info,Sektör,13,Toplam Mevduat - Yurt İçi Yerleşik,bold,84640,225198,642292,738449,2397799,4088379
2021-10,9,Mevduat Turler Itibariyla,10001,14,"Mevduat Türler İtibarıyla (milyon TL), Dönem:2021/10",milyon TL,raw/2021-10_table09_group10001.json,8b0f1e1feb4f43e9c037f7d0ebb7d7a72af9af27aadb1b6e6f9c95d08523b77d,raw/2021-10_table09_group10001_info.json,df40c7cc58b6730713f6c0ce96784014d5ce178f8c5ff1f7bdb6cd2c43fb26c6,caption_and_validated_request_info,Sektör,14,Mudi Sayısı - Yurt İçi Yerleşik*,bold,122928907,8527161,5482553,1523808,373399,128853933
2021-10,9,Mevduat Turler Itibariyla,10001,15,"Mevduat Türler İtibarıyla (milyon TL), Dönem:2021/10",milyon TL,raw/2021-10_table09_group10001.json,8b0f1e1feb4f43e9c037f7d0ebb7d7a72af9af27aadb1b6e6f9c95d08523b77d,raw/2021-10_table09_group10001_info.json,df40c7cc58b6730713f6c0ce96784014d5ce178f8c5ff1f7bdb6cd2c43fb26c6,caption_and_validated_request_info,Sektör,15,TP Mevduat / Katılım Fonları - Yurt Dışı Yerleşik,bold,1678,4127,11062,13607,15605,46079
2021-10,9,Mevduat Turler Itibariyla,10001,16,"Mevduat Türler İtibarıyla (milyon TL), Dönem:2021/10",milyon TL,raw/2021-10_table09_group10001.json,8b0f1e1feb4f43e9c037f7d0ebb7d7a72af9af27aadb1b6e6f9c95d08523b77d,raw/2021-10_table09_group10001_info.json,df40c7cc58b6730713f6c0ce96784014d5ce178f8c5ff1f7bdb6cd2c43fb26c6,caption_and_validated_request_info,Sektör,16,a) Gerçek Kişiler,italic,1652,4047,10855,13292,12018,41864
2021-10,9,Mevduat Turler Itibariyla,10001,17,"Mevduat Türler İtibarıyla (milyon TL), Dönem:2021/10",milyon TL,raw/2021-10_table09_group10001.json,8b0f1e1feb4f43e9c037f7d0ebb7d7a72af9af27aadb1b6e6f9c95d08523b77d,raw/2021-10_table09_group10001_info.json,df40c7cc58b6730713f6c0ce96784014d5ce178f8c5ff1f7bdb6cd2c43fb26c6,caption_and_validated_request_info,Sektör,17,b) Ticari ve Diğer Kuruluşlar,italic,26,81,207,314,3586,4215
2021-10,9,Mevduat Turler Itibariyla,10001,18,"Mevduat Türler İtibarıyla (milyon TL), Dönem:2021/10",milyon TL,raw/2021-10_table09_group10001.json,8b0f1e1feb4f43e9c037f7d0ebb7d7a72af9af27aadb1b6e6f9c95d08523b77d,raw/2021-10_table09_group10001_info.json,df40c7cc58b6730713f6c0ce96784014d5ce178f8c5ff1f7bdb6cd2c43fb26c6,caption_and_validated_request_info,Sektör,18,Döviz Tevdiat Hesabı / Katılım Fonları - Yurt Dışı Yerleşik,bold,793,3259,19966,46336,130432,200786
2021-10,9,Mevduat Turler Itibariyla,10001,19,"Mevduat Türler İtibarıyla (milyon TL), Dönem:2021/10",milyon TL,raw/2021-10_table09_group10001.json,8b0f1e1feb4f43e9c037f7d0ebb7d7a72af9af27aadb1b6e6f9c95d08523b77d,raw/2021-10_table09_group10001_info.json,df40c7cc58b6730713f6c0ce96784014d5ce178f8c5ff1f7bdb6cd2c43fb26c6,caption_and_validated_request_info,Sektör,19,a) Gerçek Kişiler,italic,706,3168,19575,45237,93303,161989
2021-10,9,Mevduat Turler Itibariyla,10001,20,"Mevduat Türler İtibarıyla (milyon TL), Dönem:2021/10",milyon TL,raw/2021-10_table09_group10001.json,8b0f1e1feb4f43e9c037f7d0ebb7d7a72af9af27aadb1b6e6f9c95d08523b77d,raw/2021-10_table09_group10001_info.json,df40c7cc58b6730713f6c0ce96784014d5ce178f8c5ff1f7bdb6cd2c43fb26c6,caption_and_validated_request_info,Sektör,20,b) Ticari ve Diğer Kuruluşlar,italic,86,91,391,1099,37129,38796
2021-10,9,Mevduat Turler Itibariyla,10001,21,"Mevduat Türler İtibarıyla (milyon TL), Dönem:2021/10",milyon TL,raw/2021-10_table09_group10001.json,8b0f1e1feb4f43e9c037f7d0ebb7d7a72af9af27aadb1b6e6f9c95d08523b77d,raw/2021-10_table09_group10001_info.json,df40c7cc58b6730713f6c0ce96784014d5ce178f8c5ff1f7bdb6cd2c43fb26c6,caption_and_validated_request_info,Sektör,21,Kıymetli Maden Depo Hesapları - Yurt Dışı Yerleşik,bold,47,257,1173,1407,1819,4704
2021-10,9,Mevduat Turler Itibariyla,10001,22,"Mevduat Türler İtibarıyla (milyon TL), Dönem:2021/10",milyon TL,raw/2021-10_table09_group10001.json,8b0f1e1feb4f43e9c037f7d0ebb7d7a72af9af27aadb1b6e6f9c95d08523b77d,raw/2021-10_table09_group10001_info.json,df40c7cc58b6730713f6c0ce96784014d5ce178f8c5ff1f7bdb6cd2c43fb26c6,caption_and_validated_request_info,Sektör,22,a) Gerçek Kişiler,italic,46,257,1171,1401,1704,4579
2021-10,9,Mevduat Turler Itibariyla,10001,23,"Mevduat Türler İtibarıyla (milyon TL), Dönem:2021/10",milyon TL,raw/2021-10_table09_group10001.json,8b0f1e1feb4f43e9c037f7d0ebb7d7a72af9af27aadb1b6e6f9c95d08523b77d,raw/2021-10_table09_group10001_info.json,df40c7cc58b6730713f6c0ce96784014d5ce178f8c5ff1f7bdb6cd2c43fb26c6,caption_and_validated_request_info,Sektör,23,b) Ticari ve Diğer Kuruluşlar,italic,1,1,2,7,116,125
2021-10,9,Mevduat Turler Itibariyla,10001,24,"Mevduat Türler İtibarıyla (milyon TL), Dönem:2021/10",milyon TL,raw/2021-10_table09_group10001.json,8b0f1e1feb4f43e9c037f7d0ebb7d7a72af9af27aadb1b6e6f9c95d08523b77d,raw/2021-10_table09_group10001_info.json,df40c7cc58b6730713f6c0ce96784014d5ce178f8c5ff1f7bdb6cd2c43fb26c6,caption_and_validated_request_info,Sektör,24,Toplam Mevduat - Yurt Dışı Yerleşik,bold,2517,7643,32201,61350,147856,251568
2021-10,9,Mevduat Turler Itibariyla,10001,25,"Mevduat Türler İtibarıyla (milyon TL), Dönem:2021/10",milyon TL,raw/2021-10_table09_group10001.json,8b0f1e1feb4f43e9c037f7d0ebb7d7a72af9af27aadb1b6e6f9c95d08523b77d,raw/2021-10_table09_group10001_info.json,df40c7cc58b6730713f6c0ce96784014d5ce178f8c5ff1f7bdb6cd2c43fb26c6,caption_and_validated_request_info,Sektör,25,Mudi Sayısı - Yurt Dışı Yerleşik*,bold,1492888,280813,256252,121345,37387,1743574
2021-10,9,Mevduat Turler Itibariyla,10001,26,"Mevduat Türler İtibarıyla (milyon TL), Dönem:2021/10",milyon TL,raw/2021-10_table09_group10001.json,8b0f1e1feb4f43e9c037f7d0ebb7d7a72af9af27aadb1b6e6f9c95d08523b77d,raw/2021-10_table09_group10001_info.json,df40c7cc58b6730713f6c0ce96784014d5ce178f8c5ff1f7bdb6cd2c43fb26c6,caption_and_validated_request_info,Sektör,26,Toplam Mevduat,bold,87158,232841,674493,799799,2545656,4339947
2021-11,9,Mevduat Turler Itibariyla,10001,1,"Mevduat Türler İtibarıyla (milyon TL), Dönem:2021/11",milyon TL,raw/2021-11_table09_group10001.json,43bc82400aa7d9cca4ccc8fdc34d56be1c886edc46fce9eaa441a08a88d54561,raw/2021-11_table09_group10001_info.json,f912cc9eb78c545daa8dbc402c65963a3fd8c57bc90de9ea7c72e525a4117c52,caption_and_validated_request_info,Sektör,1,TP Mevduat / Katılım Fonları - Yurt İçi Yerleşik,bold,68628,135366,346257,365074,960306,1875631
2021-11,9,Mevduat Turler Itibariyla,10001,2,"Mevduat Türler İtibarıyla (milyon TL), Dönem:2021/11",milyon TL,raw/2021-11_table09_group10001.json,43bc82400aa7d9cca4ccc8fdc34d56be1c886edc46fce9eaa441a08a88d54561,raw/2021-11_table09_group10001_info.json,f912cc9eb78c545daa8dbc402c65963a3fd8c57bc90de9ea7c72e525a4117c52,caption_and_validated_request_info,Sektör,2,a) Gerçek Kişiler,italic,61995,118269,302432,302560,316528,1101783
2021-11,9,Mevduat Turler Itibariyla,10001,3,"Mevduat Türler İtibarıyla (milyon TL), Dönem:2021/11",milyon TL,raw/2021-11_table09_group10001.json,43bc82400aa7d9cca4ccc8fdc34d56be1c886edc46fce9eaa441a08a88d54561,raw/2021-11_table09_group10001_info.json,f912cc9eb78c545daa8dbc402c65963a3fd8c57bc90de9ea7c72e525a4117c52,caption_and_validated_request_info,Sektör,3,b) Resmi Kuruluşlar,italic,155,464,1225,2825,91532,96201
2021-11,9,Mevduat Turler Itibariyla,10001,4,"Mevduat Türler İtibarıyla (milyon TL), Dönem:2021/11",milyon TL,raw/2021-11_table09_group10001.json,43bc82400aa7d9cca4ccc8fdc34d56be1c886edc46fce9eaa441a08a88d54561,raw/2021-11_table09_group10001_info.json,f912cc9eb78c545daa8dbc402c65963a3fd8c57bc90de9ea7c72e525a4117c52,caption_and_validated_request_info,Sektör,4,c) Ticari ve Diğer Kuruluşlar,italic,6478,16633,42600,59688,552247,677647
2021-11,9,Mevduat Turler Itibariyla,10001,5,"Mevduat Türler İtibarıyla (milyon TL), Dönem:2021/11",milyon TL,raw/2021-11_table09_group10001.json,43bc82400aa7d9cca4ccc8fdc34d56be1c886edc46fce9eaa441a08a88d54561,raw/2021-11_table09_group10001_info.json,f912cc9eb78c545daa8dbc402c65963a3fd8c57bc90de9ea7c72e525a4117c52,caption_and_validated_request_info,Sektör,5,Döviz Tevdiat Hesabı / Katılım Fonları - Yurt İçi Yerleşik,bold,8013,51169,220156,380677,1964496,2624512
2021-11,9,Mevduat Turler Itibariyla,10001,6,"Mevduat Türler İtibarıyla (milyon TL), Dönem:2021/11",milyon TL,raw/2021-11_table09_group10001.json,43bc82400aa7d9cca4ccc8fdc34d56be1c886edc46fce9eaa441a08a88d54561,raw/2021-11_table09_group10001_info.json,f912cc9eb78c545daa8dbc402c65963a3fd8c57bc90de9ea7c72e525a4117c52,caption_and_validated_request_info,Sektör,6,a) Gerçek Kişiler,italic,7540,48719,205716,335557,904306,1501838
2021-11,9,Mevduat Turler Itibariyla,10001,7,"Mevduat Türler İtibarıyla (milyon TL), Dönem:2021/11",milyon TL,raw/2021-11_table09_group10001.json,43bc82400aa7d9cca4ccc8fdc34d56be1c886edc46fce9eaa441a08a88d54561,raw/2021-11_table09_group10001_info.json,f912cc9eb78c545daa8dbc402c65963a3fd8c57bc90de9ea7c72e525a4117c52,caption_and_validated_request_info,Sektör,7,b) Resmi Kuruluşlar,italic,2,18,125,371,26176,26692
2021-11,9,Mevduat Turler Itibariyla,10001,8,"Mevduat Türler İtibarıyla (milyon TL), Dönem:2021/11",milyon TL,raw/2021-11_table09_group10001.json,43bc82400aa7d9cca4ccc8fdc34d56be1c886edc46fce9eaa441a08a88d54561,raw/2021-11_table09_group10001_info.json,f912cc9eb78c545daa8dbc402c65963a3fd8c57bc90de9ea7c72e525a4117c52,caption_and_validated_request_info,Sektör,8,c) Ticari ve Diğer Kuruluşlar,italic,470,2432,14315,44750,1034014,1095982
2021-11,9,Mevduat Turler Itibariyla,10001,9,"Mevduat Türler İtibarıyla (milyon TL), Dönem:2021/11",milyon TL,raw/2021-11_table09_group10001.json,43bc82400aa7d9cca4ccc8fdc34d56be1c886edc46fce9eaa441a08a88d54561,raw/2021-11_table09_group10001_info.json,f912cc9eb78c545daa8dbc402c65963a3fd8c57bc90de9ea7c72e525a4117c52,caption_and_validated_request_info,Sektör,9,Kıymetli Maden Depo Hesapları - Yurt İçi Yerleşik,bold,6446,34311,119851,108134,107610,376353
2021-11,9,Mevduat Turler Itibariyla,10001,10,"Mevduat Türler İtibarıyla (milyon TL), Dönem:2021/11",milyon TL,raw/2021-11_table09_group10001.json,43bc82400aa7d9cca4ccc8fdc34d56be1c886edc46fce9eaa441a08a88d54561,raw/2021-11_table09_group10001_info.json,f912cc9eb78c545daa8dbc402c65963a3fd8c57bc90de9ea7c72e525a4117c52,caption_and_validated_request_info,Sektör,10,a) Gerçek Kişiler,italic,6059,33963,118028,103862,86486,348397
2021-11,9,Mevduat Turler Itibariyla,10001,11,"Mevduat Türler İtibarıyla (milyon TL), Dönem:2021/11",milyon TL,raw/2021-11_table09_group10001.json,43bc82400aa7d9cca4ccc8fdc34d56be1c886edc46fce9eaa441a08a88d54561,raw/2021-11_table09_group10001_info.json,f912cc9eb78c545daa8dbc402c65963a3fd8c57bc90de9ea7c72e525a4117c52,caption_and_validated_request_info,Sektör,11,b) Resmi Kuruluşlar,italic,0,1,2,0,13,16
2021-11,9,Mevduat Turler Itibariyla,10001,12,"Mevduat Türler İtibarıyla (milyon TL), Dönem:2021/11",milyon TL,raw/2021-11_table09_group10001.json,43bc82400aa7d9cca4ccc8fdc34d56be1c886edc46fce9eaa441a08a88d54561,raw/2021-11_table09_group10001_info.json,f912cc9eb78c545daa8dbc402c65963a3fd8c57bc90de9ea7c72e525a4117c52,caption_and_validated_request_info,Sektör,12,c) Ticari ve Diğer Kuruluşlar,italic,388,348,1821,4272,21112,27940
2021-11,9,Mevduat Turler Itibariyla,10001,13,"Mevduat Türler İtibarıyla (milyon TL), Dönem:2021/11",milyon TL,raw/2021-11_table09_group10001.json,43bc82400aa7d9cca4ccc8fdc34d56be1c886edc46fce9eaa441a08a88d54561,raw/2021-11_table09_group10001_info.json,f912cc9eb78c545daa8dbc402c65963a3fd8c57bc90de9ea7c72e525a4117c52,caption_and_validated_request_info,Sektör,13,Toplam Mevduat - Yurt İçi Yerleşik,bold,83087,220847,686264,853885,3032413,4876496
2021-11,9,Mevduat Turler Itibariyla,10001,14,"Mevduat Türler İtibarıyla (milyon TL), Dönem:2021/11",milyon TL,raw/2021-11_table09_group10001.json,43bc82400aa7d9cca4ccc8fdc34d56be1c886edc46fce9eaa441a08a88d54561,raw/2021-11_table09_group10001_info.json,f912cc9eb78c545daa8dbc402c65963a3fd8c57bc90de9ea7c72e525a4117c52,caption_and_validated_request_info,Sektör,14,Mudi Sayısı - Yurt İçi Yerleşik*,bold,123855586,8339200,5760837,1755998,461642,127391981
2021-11,9,Mevduat Turler Itibariyla,10001,15,"Mevduat Türler İtibarıyla (milyon TL), Dönem:2021/11",milyon TL,raw/2021-11_table09_group10001.json,43bc82400aa7d9cca4ccc8fdc34d56be1c886edc46fce9eaa441a08a88d54561,raw/2021-11_table09_group10001_info.json,f912cc9eb78c545daa8dbc402c65963a3fd8c57bc90de9ea7c72e525a4117c52,caption_and_validated_request_info,Sektör,15,TP Mevduat / Katılım Fonları - Yurt Dışı Yerleşik,bold,1716,4243,11239,13773,17134,48105
2021-11,9,Mevduat Turler Itibariyla,10001,16,"Mevduat Türler İtibarıyla (milyon TL), Dönem:2021/11",milyon TL,raw/2021-11_table09_group10001.json,43bc82400aa7d9cca4ccc8fdc34d56be1c886edc46fce9eaa441a08a88d54561,raw/2021-11_table09_group10001_info.json,f912cc9eb78c545daa8dbc402c65963a3fd8c57bc90de9ea7c72e525a4117c52,caption_and_validated_request_info,Sektör,16,a) Gerçek Kişiler,italic,1690,4161,11037,13460,12074,42423
2021-11,9,Mevduat Turler Itibariyla,10001,17,"Mevduat Türler İtibarıyla (milyon TL), Dönem:2021/11",milyon TL,raw/2021-11_table09_group10001.json,43bc82400aa7d9cca4ccc8fdc34d56be1c886edc46fce9eaa441a08a88d54561,raw/2021-11_table09_group10001_info.json,f912cc9eb78c545daa8dbc402c65963a3fd8c57bc90de9ea7c72e525a4117c52,caption_and_validated_request_info,Sektör,17,b) Ticari ve Diğer Kuruluşlar,italic,26,82,202,313,5060,5682
2021-11,9,Mevduat Turler Itibariyla,10001,18,"Mevduat Türler İtibarıyla (milyon TL), Dönem:2021/11",milyon TL,raw/2021-11_table09_group10001.json,43bc82400aa7d9cca4ccc8fdc34d56be1c886edc46fce9eaa441a08a88d54561,raw/2021-11_table09_group10001_info.json,f912cc9eb78c545daa8dbc402c65963a3fd8c57bc90de9ea7c72e525a4117c52,caption_and_validated_request_info,Sektör,18,Döviz Tevdiat Hesabı / Katılım Fonları - Yurt Dışı Yerleşik,bold,653,3057,19534,54756,194533,272533
2021-11,9,Mevduat Turler Itibariyla,10001,19,"Mevduat Türler İtibarıyla (milyon TL), Dönem:2021/11",milyon TL,raw/2021-11_table09_group10001.json,43bc82400aa7d9cca4ccc8fdc34d56be1c886edc46fce9eaa441a08a88d54561,raw/2021-11_table09_group10001_info.json,f912cc9eb78c545daa8dbc402c65963a3fd8c57bc90de9ea7c72e525a4117c52,caption_and_validated_request_info,Sektör,19,a) Gerçek Kişiler,italic,636,2978,19181,53644,140842,217281
2021-11,9,Mevduat Turler Itibariyla,10001,20,"Mevduat Türler İtibarıyla (milyon TL), Dönem:2021/11",milyon TL,raw/2021-11_table09_group10001.json,43bc82400aa7d9cca4ccc8fdc34d56be1c886edc46fce9eaa441a08a88d54561,raw/2021-11_table09_group10001_info.json,f912cc9eb78c545daa8dbc402c65963a3fd8c57bc90de9ea7c72e525a4117c52,caption_and_validated_request_info,Sektör,20,b) Ticari ve Diğer Kuruluşlar,italic,16,79,353,1112,53691,55252
2021-11,9,Mevduat Turler Itibariyla,10001,21,"Mevduat Türler İtibarıyla (milyon TL), Dönem:2021/11",milyon TL,raw/2021-11_table09_group10001.json,43bc82400aa7d9cca4ccc8fdc34d56be1c886edc46fce9eaa441a08a88d54561,raw/2021-11_table09_group10001_info.json,f912cc9eb78c545daa8dbc402c65963a3fd8c57bc90de9ea7c72e525a4117c52,caption_and_validated_request_info,Sektör,21,Kıymetli Maden Depo Hesapları - Yurt Dışı Yerleşik,bold,49,250,1316,1934,2717,6266
2021-11,9,Mevduat Turler Itibariyla,10001,22,"Mevduat Türler İtibarıyla (milyon TL), Dönem:2021/11",milyon TL,raw/2021-11_table09_group10001.json,43bc82400aa7d9cca4ccc8fdc34d56be1c886edc46fce9eaa441a08a88d54561,raw/2021-11_table09_group10001_info.json,f912cc9eb78c545daa8dbc402c65963a3fd8c57bc90de9ea7c72e525a4117c52,caption_and_validated_request_info,Sektör,22,a) Gerçek Kişiler,italic,48,249,1314,1929,2571,6112
2021-11,9,Mevduat Turler Itibariyla,10001,23,"Mevduat Türler İtibarıyla (milyon TL), Dönem:2021/11",milyon TL,raw/2021-11_table09_group10001.json,43bc82400aa7d9cca4ccc8fdc34d56be1c886edc46fce9eaa441a08a88d54561,raw/2021-11_table09_group10001_info.json,f912cc9eb78c545daa8dbc402c65963a3fd8c57bc90de9ea7c72e525a4117c52,caption_and_validated_request_info,Sektör,23,b) Ticari ve Diğer Kuruluşlar,italic,1,1,2,5,146,154
2021-11,9,Mevduat Turler Itibariyla,10001,24,"Mevduat Türler İtibarıyla (milyon TL), Dönem:2021/11",milyon TL,raw/2021-11_table09_group10001.json,43bc82400aa7d9cca4ccc8fdc34d56be1c886edc46fce9eaa441a08a88d54561,raw/2021-11_table09_group10001_info.json,f912cc9eb78c545daa8dbc402c65963a3fd8c57bc90de9ea7c72e525a4117c52,caption_and_validated_request_info,Sektör,24,Toplam Mevduat - Yurt Dışı Yerleşik,bold,2418,7550,32089,70463,214384,326904
2021-11,9,Mevduat Turler Itibariyla,10001,25,"Mevduat Türler İtibarıyla (milyon TL), Dönem:2021/11",milyon TL,raw/2021-11_table09_group10001.json,43bc82400aa7d9cca4ccc8fdc34d56be1c886edc46fce9eaa441a08a88d54561,raw/2021-11_table09_group10001_info.json,f912cc9eb78c545daa8dbc402c65963a3fd8c57bc90de9ea7c72e525a4117c52,caption_and_validated_request_info,Sektör,25,Mudi Sayısı - Yurt Dışı Yerleşik*,bold,1486125,282087,254478,137467,49763,1781247
2021-11,9,Mevduat Turler Itibariyla,10001,26,"Mevduat Türler İtibarıyla (milyon TL), Dönem:2021/11",milyon TL,raw/2021-11_table09_group10001.json,43bc82400aa7d9cca4ccc8fdc34d56be1c886edc46fce9eaa441a08a88d54561,raw/2021-11_table09_group10001_info.json,f912cc9eb78c545daa8dbc402c65963a3fd8c57bc90de9ea7c72e525a4117c52,caption_and_validated_request_info,Sektör,26,Toplam Mevduat,bold,85504,228397,718353,924349,3246796,5203399
2021-12,9,Mevduat Turler Itibariyla,10001,1,"Mevduat Türler İtibarıyla (milyon TL), Dönem:2021/12",milyon TL,raw/2021-12_table09_group10001.json,71d3aff94926d649f60d08ad43503be4aa1d78e982a559a193fc8d31ecb2d729,raw/2021-12_table09_group10001_info.json,ab6571b9686a0079ccc3d46c330cb6d725be90f3b62e59221ed2ff539658aa20,caption_and_validated_request_info,Sektör,1,TP Mevduat / Katılım Fonları - Yurt İçi Yerleşik,bold,70324,125442,308014,330339,999185,1833304
2021-12,9,Mevduat Turler Itibariyla,10001,2,"Mevduat Türler İtibarıyla (milyon TL), Dönem:2021/12",milyon TL,raw/2021-12_table09_group10001.json,71d3aff94926d649f60d08ad43503be4aa1d78e982a559a193fc8d31ecb2d729,raw/2021-12_table09_group10001_info.json,ab6571b9686a0079ccc3d46c330cb6d725be90f3b62e59221ed2ff539658aa20,caption_and_validated_request_info,Sektör,2,a) Gerçek Kişiler,italic,63618,108607,267044,271489,321543,1032301
2021-12,9,Mevduat Turler Itibariyla,10001,3,"Mevduat Türler İtibarıyla (milyon TL), Dönem:2021/12",milyon TL,raw/2021-12_table09_group10001.json,71d3aff94926d649f60d08ad43503be4aa1d78e982a559a193fc8d31ecb2d729,raw/2021-12_table09_group10001_info.json,ab6571b9686a0079ccc3d46c330cb6d725be90f3b62e59221ed2ff539658aa20,caption_and_validated_request_info,Sektör,3,b) Resmi Kuruluşlar,italic,132,438,1068,2452,93234,97324
2021-12,9,Mevduat Turler Itibariyla,10001,4,"Mevduat Türler İtibarıyla (milyon TL), Dönem:2021/12",milyon TL,raw/2021-12_table09_group10001.json,71d3aff94926d649f60d08ad43503be4aa1d78e982a559a193fc8d31ecb2d729,raw/2021-12_table09_group10001_info.json,ab6571b9686a0079ccc3d46c330cb6d725be90f3b62e59221ed2ff539658aa20,caption_and_validated_request_info,Sektör,4,c) Ticari ve Diğer Kuruluşlar,italic,6573,16398,39902,56398,584408,703679
2021-12,9,Mevduat Turler Itibariyla,10001,5,"Mevduat Türler İtibarıyla (milyon TL), Dönem:2021/12",milyon TL,raw/2021-12_table09_group10001.json,71d3aff94926d649f60d08ad43503be4aa1d78e982a559a193fc8d31ecb2d729,raw/2021-12_table09_group10001_info.json,ab6571b9686a0079ccc3d46c330cb6d725be90f3b62e59221ed2ff539658aa20,caption_and_validated_request_info,Sektör,5,Döviz Tevdiat Hesabı / Katılım Fonları - Yurt İçi Yerleşik,bold,10100,60161,241951,397377,2019927,2729517
2021-12,9,Mevduat Turler Itibariyla,10001,6,"Mevduat Türler İtibarıyla (milyon TL), Dönem:2021/12",milyon TL,raw/2021-12_table09_group10001.json,71d3aff94926d649f60d08ad43503be4aa1d78e982a559a193fc8d31ecb2d729,raw/2021-12_table09_group10001_info.json,ab6571b9686a0079ccc3d46c330cb6d725be90f3b62e59221ed2ff539658aa20,caption_and_validated_request_info,Sektör,6,a) Gerçek Kişiler,italic,9589,57362,225706,348721,918941,1560318
2021-12,9,Mevduat Turler Itibariyla,10001,7,"Mevduat Türler İtibarıyla (milyon TL), Dönem:2021/12",milyon TL,raw/2021-12_table09_group10001.json,71d3aff94926d649f60d08ad43503be4aa1d78e982a559a193fc8d31ecb2d729,raw/2021-12_table09_group10001_info.json,ab6571b9686a0079ccc3d46c330cb6d725be90f3b62e59221ed2ff539658aa20,caption_and_validated_request_info,Sektör,7,b) Resmi Kuruluşlar,italic,2,16,101,309,32251,32678
2021-12,9,Mevduat Turler Itibariyla,10001,8,"Mevduat Türler İtibarıyla (milyon TL), Dönem:2021/12",milyon TL,raw/2021-12_table09_group10001.json,71d3aff94926d649f60d08ad43503be4aa1d78e982a559a193fc8d31ecb2d729,raw/2021-12_table09_group10001_info.json,ab6571b9686a0079ccc3d46c330cb6d725be90f3b62e59221ed2ff539658aa20,caption_and_validated_request_info,Sektör,8,c) Ticari ve Diğer Kuruluşlar,italic,509,2783,16144,48347,1068736,1136520
2021-12,9,Mevduat Turler Itibariyla,10001,9,"Mevduat Türler İtibarıyla (milyon TL), Dönem:2021/12",milyon TL,raw/2021-12_table09_group10001.json,71d3aff94926d649f60d08ad43503be4aa1d78e982a559a193fc8d31ecb2d729,raw/2021-12_table09_group10001_info.json,ab6571b9686a0079ccc3d46c330cb6d725be90f3b62e59221ed2ff539658aa20,caption_and_validated_request_info,Sektör,9,Kıymetli Maden Depo Hesapları - Yurt İçi Yerleşik,bold,7021,38653,131604,117383,115861,410522
2021-12,9,Mevduat Turler Itibariyla,10001,10,"Mevduat Türler İtibarıyla (milyon TL), Dönem:2021/12",milyon TL,raw/2021-12_table09_group10001.json,71d3aff94926d649f60d08ad43503be4aa1d78e982a559a193fc8d31ecb2d729,raw/2021-12_table09_group10001_info.json,ab6571b9686a0079ccc3d46c330cb6d725be90f3b62e59221ed2ff539658aa20,caption_and_validated_request_info,Sektör,10,a) Gerçek Kişiler,italic,6594,38223,129439,112718,93852,380825
2021-12,9,Mevduat Turler Itibariyla,10001,11,"Mevduat Türler İtibarıyla (milyon TL), Dönem:2021/12",milyon TL,raw/2021-12_table09_group10001.json,71d3aff94926d649f60d08ad43503be4aa1d78e982a559a193fc8d31ecb2d729,raw/2021-12_table09_group10001_info.json,ab6571b9686a0079ccc3d46c330cb6d725be90f3b62e59221ed2ff539658aa20,caption_and_validated_request_info,Sektör,11,b) Resmi Kuruluşlar,italic,0,1,2,0,13,16
2021-12,9,Mevduat Turler Itibariyla,10001,12,"Mevduat Türler İtibarıyla (milyon TL), Dönem:2021/12",milyon TL,raw/2021-12_table09_group10001.json,71d3aff94926d649f60d08ad43503be4aa1d78e982a559a193fc8d31ecb2d729,raw/2021-12_table09_group10001_info.json,ab6571b9686a0079ccc3d46c330cb6d725be90f3b62e59221ed2ff539658aa20,caption_and_validated_request_info,Sektör,12,c) Ticari ve Diğer Kuruluşlar,italic,428,429,2163,4666,21995,29681
2021-12,9,Mevduat Turler Itibariyla,10001,13,"Mevduat Türler İtibarıyla (milyon TL), Dönem:2021/12",milyon TL,raw/2021-12_table09_group10001.json,71d3aff94926d649f60d08ad43503be4aa1d78e982a559a193fc8d31ecb2d729,raw/2021-12_table09_group10001_info.json,ab6571b9686a0079ccc3d46c330cb6d725be90f3b62e59221ed2ff539658aa20,caption_and_validated_request_info,Sektör,13,Toplam Mevduat - Yurt İçi Yerleşik,bold,87445,224257,681569,845099,3134973,4973343
2021-12,9,Mevduat Turler Itibariyla,10001,14,"Mevduat Türler İtibarıyla (milyon TL), Dönem:2021/12",milyon TL,raw/2021-12_table09_group10001.json,71d3aff94926d649f60d08ad43503be4aa1d78e982a559a193fc8d31ecb2d729,raw/2021-12_table09_group10001_info.json,ab6571b9686a0079ccc3d46c330cb6d725be90f3b62e59221ed2ff539658aa20,caption_and_validated_request_info,Sektör,14,Mudi Sayısı - Yurt İçi Yerleşik*,bold,125509793,8409870,5722238,1741670,470972,131533919
2021-12,9,Mevduat Turler Itibariyla,10001,15,"Mevduat Türler İtibarıyla (milyon TL), Dönem:2021/12",milyon TL,raw/2021-12_table09_group10001.json,71d3aff94926d649f60d08ad43503be4aa1d78e982a559a193fc8d31ecb2d729,raw/2021-12_table09_group10001_info.json,ab6571b9686a0079ccc3d46c330cb6d725be90f3b62e59221ed2ff539658aa20,caption_and_validated_request_info,Sektör,15,TP Mevduat / Katılım Fonları - Yurt Dışı Yerleşik,bold,1719,4335,11071,13420,15981,46527
2021-12,9,Mevduat Turler Itibariyla,10001,16,"Mevduat Türler İtibarıyla (milyon TL), Dönem:2021/12",milyon TL,raw/2021-12_table09_group10001.json,71d3aff94926d649f60d08ad43503be4aa1d78e982a559a193fc8d31ecb2d729,raw/2021-12_table09_group10001_info.json,ab6571b9686a0079ccc3d46c330cb6d725be90f3b62e59221ed2ff539658aa20,caption_and_validated_request_info,Sektör,16,a) Gerçek Kişiler,italic,1692,4256,10883,13132,11907,41870
2021-12,9,Mevduat Turler Itibariyla,10001,17,"Mevduat Türler İtibarıyla (milyon TL), Dönem:2021/12",milyon TL,raw/2021-12_table09_group10001.json,71d3aff94926d649f60d08ad43503be4aa1d78e982a559a193fc8d31ecb2d729,raw/2021-12_table09_group10001_info.json,ab6571b9686a0079ccc3d46c330cb6d725be90f3b62e59221ed2ff539658aa20,caption_and_validated_request_info,Sektör,17,b) Ticari ve Diğer Kuruluşlar,italic,27,79,188,288,4075,4657
2021-12,9,Mevduat Turler Itibariyla,10001,18,"Mevduat Türler İtibarıyla (milyon TL), Dönem:2021/12",milyon TL,raw/2021-12_table09_group10001.json,71d3aff94926d649f60d08ad43503be4aa1d78e982a559a193fc8d31ecb2d729,raw/2021-12_table09_group10001_info.json,ab6571b9686a0079ccc3d46c330cb6d725be90f3b62e59221ed2ff539658aa20,caption_and_validated_request_info,Sektör,18,Döviz Tevdiat Hesabı / Katılım Fonları - Yurt Dışı Yerleşik,bold,701,3277,20304,55741,196318,276341
2021-12,9,Mevduat Turler Itibariyla,10001,19,"Mevduat Türler İtibarıyla (milyon TL), Dönem:2021/12",milyon TL,raw/2021-12_table09_group10001.json,71d3aff94926d649f60d08ad43503be4aa1d78e982a559a193fc8d31ecb2d729,raw/2021-12_table09_group10001_info.json,ab6571b9686a0079ccc3d46c330cb6d725be90f3b62e59221ed2ff539658aa20,caption_and_validated_request_info,Sektör,19,a) Gerçek Kişiler,italic,684,3195,19930,54599,142062,220470
2021-12,9,Mevduat Turler Itibariyla,10001,20,"Mevduat Türler İtibarıyla (milyon TL), Dönem:2021/12",milyon TL,raw/2021-12_table09_group10001.json,71d3aff94926d649f60d08ad43503be4aa1d78e982a559a193fc8d31ecb2d729,raw/2021-12_table09_group10001_info.json,ab6571b9686a0079ccc3d46c330cb6d725be90f3b62e59221ed2ff539658aa20,caption_and_validated_request_info,Sektör,20,b) Ticari ve Diğer Kuruluşlar,italic,17,81,374,1142,54256,55871
2021-12,9,Mevduat Turler Itibariyla,10001,21,"Mevduat Türler İtibarıyla (milyon TL), Dönem:2021/12",milyon TL,raw/2021-12_table09_group10001.json,71d3aff94926d649f60d08ad43503be4aa1d78e982a559a193fc8d31ecb2d729,raw/2021-12_table09_group10001_info.json,ab6571b9686a0079ccc3d46c330cb6d725be90f3b62e59221ed2ff539658aa20,caption_and_validated_request_info,Sektör,21,Kıymetli Maden Depo Hesapları - Yurt Dışı Yerleşik,bold,53,264,1377,2045,2824,6563
2021-12,9,Mevduat Turler Itibariyla,10001,22,"Mevduat Türler İtibarıyla (milyon TL), Dönem:2021/12",milyon TL,raw/2021-12_table09_group10001.json,71d3aff94926d649f60d08ad43503be4aa1d78e982a559a193fc8d31ecb2d729,raw/2021-12_table09_group10001_info.json,ab6571b9686a0079ccc3d46c330cb6d725be90f3b62e59221ed2ff539658aa20,caption_and_validated_request_info,Sektör,22,a) Gerçek Kişiler,italic,52,263,1375,2040,2682,6412
2021-12,9,Mevduat Turler Itibariyla,10001,23,"Mevduat Türler İtibarıyla (milyon TL), Dönem:2021/12",milyon TL,raw/2021-12_table09_group10001.json,71d3aff94926d649f60d08ad43503be4aa1d78e982a559a193fc8d31ecb2d729,raw/2021-12_table09_group10001_info.json,ab6571b9686a0079ccc3d46c330cb6d725be90f3b62e59221ed2ff539658aa20,caption_and_validated_request_info,Sektör,23,b) Ticari ve Diğer Kuruluşlar,italic,1,1,3,5,143,152
2021-12,9,Mevduat Turler Itibariyla,10001,24,"Mevduat Türler İtibarıyla (milyon TL), Dönem:2021/12",milyon TL,raw/2021-12_table09_group10001.json,71d3aff94926d649f60d08ad43503be4aa1d78e982a559a193fc8d31ecb2d729,raw/2021-12_table09_group10001_info.json,ab6571b9686a0079ccc3d46c330cb6d725be90f3b62e59221ed2ff539658aa20,caption_and_validated_request_info,Sektör,24,Toplam Mevduat - Yurt Dışı Yerleşik,bold,2474,7875,32752,71206,215123,329431
2021-12,9,Mevduat Turler Itibariyla,10001,25,"Mevduat Türler İtibarıyla (milyon TL), Dönem:2021/12",milyon TL,raw/2021-12_table09_group10001.json,71d3aff94926d649f60d08ad43503be4aa1d78e982a559a193fc8d31ecb2d729,raw/2021-12_table09_group10001_info.json,ab6571b9686a0079ccc3d46c330cb6d725be90f3b62e59221ed2ff539658aa20,caption_and_validated_request_info,Sektör,25,Mudi Sayısı - Yurt Dışı Yerleşik*,bold,1489772,292512,256706,137839,50333,1761266
2021-12,9,Mevduat Turler Itibariyla,10001,26,"Mevduat Türler İtibarıyla (milyon TL), Dönem:2021/12",milyon TL,raw/2021-12_table09_group10001.json,71d3aff94926d649f60d08ad43503be4aa1d78e982a559a193fc8d31ecb2d729,raw/2021-12_table09_group10001_info.json,ab6571b9686a0079ccc3d46c330cb6d725be90f3b62e59221ed2ff539658aa20,caption_and_validated_request_info,Sektör,26,Toplam Mevduat,bold,89919,232132,714321,916305,3350096,5302774
2022-01,9,Mevduat Turler Itibariyla,10001,1,"Mevduat Türler İtibarıyla (milyon TL), Dönem:2022/1",milyon TL,raw/2022-01_table09_group10001.json,44bea8508b0788029068ba2e42dc89fc8f22d649f67bc209f84b3c23c29e8be8,raw/2022-01_table09_group10001_info.json,6afd8c1d15bbf9642a5ee05655766e4f3177c3d9ca06bd61c917eaa250fec5b9,caption_and_validated_request_info,Sektör,1,TP Mevduat / Katılım Fonları - Yurt İçi Yerleşik,bold,71440,129599,317208,352944,1153678,2024869
2022-01,9,Mevduat Turler Itibariyla,10001,2,"Mevduat Türler İtibarıyla (milyon TL), Dönem:2022/1",milyon TL,raw/2022-01_table09_group10001.json,44bea8508b0788029068ba2e42dc89fc8f22d649f67bc209f84b3c23c29e8be8,raw/2022-01_table09_group10001_info.json,6afd8c1d15bbf9642a5ee05655766e4f3177c3d9ca06bd61c917eaa250fec5b9,caption_and_validated_request_info,Sektör,2,a) Gerçek Kişiler,italic,64822,112670,275950,293325,374016,1120782
2022-01,9,Mevduat Turler Itibariyla,10001,3,"Mevduat Türler İtibarıyla (milyon TL), Dönem:2022/1",milyon TL,raw/2022-01_table09_group10001.json,44bea8508b0788029068ba2e42dc89fc8f22d649f67bc209f84b3c23c29e8be8,raw/2022-01_table09_group10001_info.json,6afd8c1d15bbf9642a5ee05655766e4f3177c3d9ca06bd61c917eaa250fec5b9,caption_and_validated_request_info,Sektör,3,b) Resmi Kuruluşlar,italic,156,567,1265,2842,137877,142708
2022-01,9,Mevduat Turler Itibariyla,10001,4,"Mevduat Türler İtibarıyla (milyon TL), Dönem:2022/1",milyon TL,raw/2022-01_table09_group10001.json,44bea8508b0788029068ba2e42dc89fc8f22d649f67bc209f84b3c23c29e8be8,raw/2022-01_table09_group10001_info.json,6afd8c1d15bbf9642a5ee05655766e4f3177c3d9ca06bd61c917eaa250fec5b9,caption_and_validated_request_info,Sektör,4,c) Ticari ve Diğer Kuruluşlar,italic,6463,16362,39994,56776,641785,761379
2022-01,9,Mevduat Turler Itibariyla,10001,5,"Mevduat Türler İtibarıyla (milyon TL), Dönem:2022/1",milyon TL,raw/2022-01_table09_group10001.json,44bea8508b0788029068ba2e42dc89fc8f22d649f67bc209f84b3c23c29e8be8,raw/2022-01_table09_group10001_info.json,6afd8c1d15bbf9642a5ee05655766e4f3177c3d9ca06bd61c917eaa250fec5b9,caption_and_validated_request_info,Sektör,5,Döviz Tevdiat Hesabı / Katılım Fonları - Yurt İçi Yerleşik,bold,9989,59322,236642,388045,1925714,2619711
2022-01,9,Mevduat Turler Itibariyla,10001,6,"Mevduat Türler İtibarıyla (milyon TL), Dönem:2022/1",milyon TL,raw/2022-01_table09_group10001.json,44bea8508b0788029068ba2e42dc89fc8f22d649f67bc209f84b3c23c29e8be8,raw/2022-01_table09_group10001_info.json,6afd8c1d15bbf9642a5ee05655766e4f3177c3d9ca06bd61c917eaa250fec5b9,caption_and_validated_request_info,Sektör,6,a) Gerçek Kişiler,italic,9477,56581,220985,340774,888744,1516561
2022-01,9,Mevduat Turler Itibariyla,10001,7,"Mevduat Türler İtibarıyla (milyon TL), Dönem:2022/1",milyon TL,raw/2022-01_table09_group10001.json,44bea8508b0788029068ba2e42dc89fc8f22d649f67bc209f84b3c23c29e8be8,raw/2022-01_table09_group10001_info.json,6afd8c1d15bbf9642a5ee05655766e4f3177c3d9ca06bd61c917eaa250fec5b9,caption_and_validated_request_info,Sektör,7,b) Resmi Kuruluşlar,italic,2,16,104,301,29779,30202
2022-01,9,Mevduat Turler Itibariyla,10001,8,"Mevduat Türler İtibarıyla (milyon TL), Dönem:2022/1",milyon TL,raw/2022-01_table09_group10001.json,44bea8508b0788029068ba2e42dc89fc8f22d649f67bc209f84b3c23c29e8be8,raw/2022-01_table09_group10001_info.json,6afd8c1d15bbf9642a5ee05655766e4f3177c3d9ca06bd61c917eaa250fec5b9,caption_and_validated_request_info,Sektör,8,c) Ticari ve Diğer Kuruluşlar,italic,510,2725,15553,46971,1007190,1072949
2022-01,9,Mevduat Turler Itibariyla,10001,9,"Mevduat Türler İtibarıyla (milyon TL), Dönem:2022/1",milyon TL,raw/2022-01_table09_group10001.json,44bea8508b0788029068ba2e42dc89fc8f22d649f67bc209f84b3c23c29e8be8,raw/2022-01_table09_group10001_info.json,6afd8c1d15bbf9642a5ee05655766e4f3177c3d9ca06bd61c917eaa250fec5b9,caption_and_validated_request_info,Sektör,9,Kıymetli Maden Depo Hesapları - Yurt İçi Yerleşik,bold,7235,39528,131208,114777,109619,402367
2022-01,9,Mevduat Turler Itibariyla,10001,10,"Mevduat Türler İtibarıyla (milyon TL), Dönem:2022/1",milyon TL,raw/2022-01_table09_group10001.json,44bea8508b0788029068ba2e42dc89fc8f22d649f67bc209f84b3c23c29e8be8,raw/2022-01_table09_group10001_info.json,6afd8c1d15bbf9642a5ee05655766e4f3177c3d9ca06bd61c917eaa250fec5b9,caption_and_validated_request_info,Sektör,10,a) Gerçek Kişiler,italic,6857,39095,129099,110348,89453,374852
2022-01,9,Mevduat Turler Itibariyla,10001,11,"Mevduat Türler İtibarıyla (milyon TL), Dönem:2022/1",milyon TL,raw/2022-01_table09_group10001.json,44bea8508b0788029068ba2e42dc89fc8f22d649f67bc209f84b3c23c29e8be8,raw/2022-01_table09_group10001_info.json,6afd8c1d15bbf9642a5ee05655766e4f3177c3d9ca06bd61c917eaa250fec5b9,caption_and_validated_request_info,Sektör,11,b) Resmi Kuruluşlar,italic,0,1,1,0,13,15
2022-01,9,Mevduat Turler Itibariyla,10001,12,"Mevduat Türler İtibarıyla (milyon TL), Dönem:2022/1",milyon TL,raw/2022-01_table09_group10001.json,44bea8508b0788029068ba2e42dc89fc8f22d649f67bc209f84b3c23c29e8be8,raw/2022-01_table09_group10001_info.json,6afd8c1d15bbf9642a5ee05655766e4f3177c3d9ca06bd61c917eaa250fec5b9,caption_and_validated_request_info,Sektör,12,c) Ticari ve Diğer Kuruluşlar,italic,378,432,2108,4429,20153,27499
2022-01,9,Mevduat Turler Itibariyla,10001,13,"Mevduat Türler İtibarıyla (milyon TL), Dönem:2022/1",milyon TL,raw/2022-01_table09_group10001.json,44bea8508b0788029068ba2e42dc89fc8f22d649f67bc209f84b3c23c29e8be8,raw/2022-01_table09_group10001_info.json,6afd8c1d15bbf9642a5ee05655766e4f3177c3d9ca06bd61c917eaa250fec5b9,caption_and_validated_request_info,Sektör,13,Toplam Mevduat - Yurt İçi Yerleşik,bold,88665,228448,685058,855765,3189011,5046947
2022-01,9,Mevduat Turler Itibariyla,10001,14,"Mevduat Türler İtibarıyla (milyon TL), Dönem:2022/1",milyon TL,raw/2022-01_table09_group10001.json,44bea8508b0788029068ba2e42dc89fc8f22d649f67bc209f84b3c23c29e8be8,raw/2022-01_table09_group10001_info.json,6afd8c1d15bbf9642a5ee05655766e4f3177c3d9ca06bd61c917eaa250fec5b9,caption_and_validated_request_info,Sektör,14,Mudi Sayısı - Yurt İçi Yerleşik*,bold,126328126,8573053,5749059,1761676,476872,130469968
2022-01,9,Mevduat Turler Itibariyla,10001,15,"Mevduat Türler İtibarıyla (milyon TL), Dönem:2022/1",milyon TL,raw/2022-01_table09_group10001.json,44bea8508b0788029068ba2e42dc89fc8f22d649f67bc209f84b3c23c29e8be8,raw/2022-01_table09_group10001_info.json,6afd8c1d15bbf9642a5ee05655766e4f3177c3d9ca06bd61c917eaa250fec5b9,caption_and_validated_request_info,Sektör,15,TP Mevduat / Katılım Fonları - Yurt Dışı Yerleşik,bold,1708,4652,11243,14009,18064,49674
2022-01,9,Mevduat Turler Itibariyla,10001,16,"Mevduat Türler İtibarıyla (milyon TL), Dönem:2022/1",milyon TL,raw/2022-01_table09_group10001.json,44bea8508b0788029068ba2e42dc89fc8f22d649f67bc209f84b3c23c29e8be8,raw/2022-01_table09_group10001_info.json,6afd8c1d15bbf9642a5ee05655766e4f3177c3d9ca06bd61c917eaa250fec5b9,caption_and_validated_request_info,Sektör,16,a) Gerçek Kişiler,italic,1681,4571,11044,13714,13417,44426
2022-01,9,Mevduat Turler Itibariyla,10001,17,"Mevduat Türler İtibarıyla (milyon TL), Dönem:2022/1",milyon TL,raw/2022-01_table09_group10001.json,44bea8508b0788029068ba2e42dc89fc8f22d649f67bc209f84b3c23c29e8be8,raw/2022-01_table09_group10001_info.json,6afd8c1d15bbf9642a5ee05655766e4f3177c3d9ca06bd61c917eaa250fec5b9,caption_and_validated_request_info,Sektör,17,b) Ticari ve Diğer Kuruluşlar,italic,26,81,199,295,4647,5248
2022-01,9,Mevduat Turler Itibariyla,10001,18,"Mevduat Türler İtibarıyla (milyon TL), Dönem:2022/1",milyon TL,raw/2022-01_table09_group10001.json,44bea8508b0788029068ba2e42dc89fc8f22d649f67bc209f84b3c23c29e8be8,raw/2022-01_table09_group10001_info.json,6afd8c1d15bbf9642a5ee05655766e4f3177c3d9ca06bd61c917eaa250fec5b9,caption_and_validated_request_info,Sektör,18,Döviz Tevdiat Hesabı / Katılım Fonları - Yurt Dışı Yerleşik,bold,715,3313,20377,55602,197462,277470
2022-01,9,Mevduat Turler Itibariyla,10001,19,"Mevduat Türler İtibarıyla (milyon TL), Dönem:2022/1",milyon TL,raw/2022-01_table09_group10001.json,44bea8508b0788029068ba2e42dc89fc8f22d649f67bc209f84b3c23c29e8be8,raw/2022-01_table09_group10001_info.json,6afd8c1d15bbf9642a5ee05655766e4f3177c3d9ca06bd61c917eaa250fec5b9,caption_and_validated_request_info,Sektör,19,a) Gerçek Kişiler,italic,698,3230,19994,54464,140796,219183
2022-01,9,Mevduat Turler Itibariyla,10001,20,"Mevduat Türler İtibarıyla (milyon TL), Dönem:2022/1",milyon TL,raw/2022-01_table09_group10001.json,44bea8508b0788029068ba2e42dc89fc8f22d649f67bc209f84b3c23c29e8be8,raw/2022-01_table09_group10001_info.json,6afd8c1d15bbf9642a5ee05655766e4f3177c3d9ca06bd61c917eaa250fec5b9,caption_and_validated_request_info,Sektör,20,b) Ticari ve Diğer Kuruluşlar,italic,17,83,384,1138,56666,58287
2022-01,9,Mevduat Turler Itibariyla,10001,21,"Mevduat Türler İtibarıyla (milyon TL), Dönem:2022/1",milyon TL,raw/2022-01_table09_group10001.json,44bea8508b0788029068ba2e42dc89fc8f22d649f67bc209f84b3c23c29e8be8,raw/2022-01_table09_group10001_info.json,6afd8c1d15bbf9642a5ee05655766e4f3177c3d9ca06bd61c917eaa250fec5b9,caption_and_validated_request_info,Sektör,21,Kıymetli Maden Depo Hesapları - Yurt Dışı Yerleşik,bold,52,270,1385,1992,2703,6403
2022-01,9,Mevduat Turler Itibariyla,10001,22,"Mevduat Türler İtibarıyla (milyon TL), Dönem:2022/1",milyon TL,raw/2022-01_table09_group10001.json,44bea8508b0788029068ba2e42dc89fc8f22d649f67bc209f84b3c23c29e8be8,raw/2022-01_table09_group10001_info.json,6afd8c1d15bbf9642a5ee05655766e4f3177c3d9ca06bd61c917eaa250fec5b9,caption_and_validated_request_info,Sektör,22,a) Gerçek Kişiler,italic,52,269,1382,1989,2567,6259
2022-01,9,Mevduat Turler Itibariyla,10001,23,"Mevduat Türler İtibarıyla (milyon TL), Dönem:2022/1",milyon TL,raw/2022-01_table09_group10001.json,44bea8508b0788029068ba2e42dc89fc8f22d649f67bc209f84b3c23c29e8be8,raw/2022-01_table09_group10001_info.json,6afd8c1d15bbf9642a5ee05655766e4f3177c3d9ca06bd61c917eaa250fec5b9,caption_and_validated_request_info,Sektör,23,b) Ticari ve Diğer Kuruluşlar,italic,1,1,3,3,136,144
2022-01,9,Mevduat Turler Itibariyla,10001,24,"Mevduat Türler İtibarıyla (milyon TL), Dönem:2022/1",milyon TL,raw/2022-01_table09_group10001.json,44bea8508b0788029068ba2e42dc89fc8f22d649f67bc209f84b3c23c29e8be8,raw/2022-01_table09_group10001_info.json,6afd8c1d15bbf9642a5ee05655766e4f3177c3d9ca06bd61c917eaa250fec5b9,caption_and_validated_request_info,Sektör,24,Toplam Mevduat - Yurt Dışı Yerleşik,bold,2475,8234,33005,71604,218229,333547
2022-01,9,Mevduat Turler Itibariyla,10001,25,"Mevduat Türler İtibarıyla (milyon TL), Dönem:2022/1",milyon TL,raw/2022-01_table09_group10001.json,44bea8508b0788029068ba2e42dc89fc8f22d649f67bc209f84b3c23c29e8be8,raw/2022-01_table09_group10001_info.json,6afd8c1d15bbf9642a5ee05655766e4f3177c3d9ca06bd61c917eaa250fec5b9,caption_and_validated_request_info,Sektör,25,Mudi Sayısı - Yurt Dışı Yerleşik*,bold,1491211,307925,258998,138511,50499,1775221
2022-01,9,Mevduat Turler Itibariyla,10001,26,"Mevduat Türler İtibarıyla (milyon TL), Dönem:2022/1",milyon TL,raw/2022-01_table09_group10001.json,44bea8508b0788029068ba2e42dc89fc8f22d649f67bc209f84b3c23c29e8be8,raw/2022-01_table09_group10001_info.json,6afd8c1d15bbf9642a5ee05655766e4f3177c3d9ca06bd61c917eaa250fec5b9,caption_and_validated_request_info,Sektör,26,Toplam Mevduat,bold,91140,236682,718063,927369,3407240,5380494
2022-02,9,Mevduat Turler Itibariyla,10001,1,"Mevduat Türler İtibarıyla (milyon TL), Dönem:2022/2",milyon TL,raw/2022-02_table09_group10001.json,51c8923367a50cbb1ffd0bec4088354682ca5dd4d1fef8e69ce90f6525915677,raw/2022-02_table09_group10001_info.json,572e773feb9a91d1d694b5fc5b487422c9eba69ee216a939995ece6e3ca8ad19,caption_and_validated_request_info,Sektör,1,TP Mevduat / Katılım Fonları - Yurt İçi Yerleşik,bold,74613,135294,323003,366938,1327428,2227275
2022-02,9,Mevduat Turler Itibariyla,10001,2,"Mevduat Türler İtibarıyla (milyon TL), Dönem:2022/2",milyon TL,raw/2022-02_table09_group10001.json,51c8923367a50cbb1ffd0bec4088354682ca5dd4d1fef8e69ce90f6525915677,raw/2022-02_table09_group10001_info.json,572e773feb9a91d1d694b5fc5b487422c9eba69ee216a939995ece6e3ca8ad19,caption_and_validated_request_info,Sektör,2,a) Gerçek Kişiler,italic,67914,118001,280634,304781,402178,1173509
2022-02,9,Mevduat Turler Itibariyla,10001,3,"Mevduat Türler İtibarıyla (milyon TL), Dönem:2022/2",milyon TL,raw/2022-02_table09_group10001.json,51c8923367a50cbb1ffd0bec4088354682ca5dd4d1fef8e69ce90f6525915677,raw/2022-02_table09_group10001_info.json,572e773feb9a91d1d694b5fc5b487422c9eba69ee216a939995ece6e3ca8ad19,caption_and_validated_request_info,Sektör,3,b) Resmi Kuruluşlar,italic,130,405,1086,2530,118478,122630
2022-02,9,Mevduat Turler Itibariyla,10001,4,"Mevduat Türler İtibarıyla (milyon TL), Dönem:2022/2",milyon TL,raw/2022-02_table09_group10001.json,51c8923367a50cbb1ffd0bec4088354682ca5dd4d1fef8e69ce90f6525915677,raw/2022-02_table09_group10001_info.json,572e773feb9a91d1d694b5fc5b487422c9eba69ee216a939995ece6e3ca8ad19,caption_and_validated_request_info,Sektör,4,c) Ticari ve Diğer Kuruluşlar,italic,6568,16888,41283,59626,806772,931136
2022-02,9,Mevduat Turler Itibariyla,10001,5,"Mevduat Türler İtibarıyla (milyon TL), Dönem:2022/2",milyon TL,raw/2022-02_table09_group10001.json,51c8923367a50cbb1ffd0bec4088354682ca5dd4d1fef8e69ce90f6525915677,raw/2022-02_table09_group10001_info.json,572e773feb9a91d1d694b5fc5b487422c9eba69ee216a939995ece6e3ca8ad19,caption_and_validated_request_info,Sektör,5,Döviz Tevdiat Hesabı / Katılım Fonları - Yurt İçi Yerleşik,bold,10076,60072,238925,391706,1828137,2528915
2022-02,9,Mevduat Turler Itibariyla,10001,6,"Mevduat Türler İtibarıyla (milyon TL), Dönem:2022/2",milyon TL,raw/2022-02_table09_group10001.json,51c8923367a50cbb1ffd0bec4088354682ca5dd4d1fef8e69ce90f6525915677,raw/2022-02_table09_group10001_info.json,572e773feb9a91d1d694b5fc5b487422c9eba69ee216a939995ece6e3ca8ad19,caption_and_validated_request_info,Sektör,6,a) Gerçek Kişiler,italic,9554,57294,223222,345867,906543,1542480
2022-02,9,Mevduat Turler Itibariyla,10001,7,"Mevduat Türler İtibarıyla (milyon TL), Dönem:2022/2",milyon TL,raw/2022-02_table09_group10001.json,51c8923367a50cbb1ffd0bec4088354682ca5dd4d1fef8e69ce90f6525915677,raw/2022-02_table09_group10001_info.json,572e773feb9a91d1d694b5fc5b487422c9eba69ee216a939995ece6e3ca8ad19,caption_and_validated_request_info,Sektör,7,b) Resmi Kuruluşlar,italic,2,16,108,299,32821,33247
2022-02,9,Mevduat Turler Itibariyla,10001,8,"Mevduat Türler İtibarıyla (milyon TL), Dönem:2022/2",milyon TL,raw/2022-02_table09_group10001.json,51c8923367a50cbb1ffd0bec4088354682ca5dd4d1fef8e69ce90f6525915677,raw/2022-02_table09_group10001_info.json,572e773feb9a91d1d694b5fc5b487422c9eba69ee216a939995ece6e3ca8ad19,caption_and_validated_request_info,Sektör,8,c) Ticari ve Diğer Kuruluşlar,italic,519,2762,15595,45540,888772,953188
2022-02,9,Mevduat Turler Itibariyla,10001,9,"Mevduat Türler İtibarıyla (milyon TL), Dönem:2022/2",milyon TL,raw/2022-02_table09_group10001.json,51c8923367a50cbb1ffd0bec4088354682ca5dd4d1fef8e69ce90f6525915677,raw/2022-02_table09_group10001_info.json,572e773feb9a91d1d694b5fc5b487422c9eba69ee216a939995ece6e3ca8ad19,caption_and_validated_request_info,Sektör,9,Kıymetli Maden Depo Hesapları - Yurt İçi Yerleşik,bold,7421,41055,142442,132112,117022,440052
2022-02,9,Mevduat Turler Itibariyla,10001,10,"Mevduat Türler İtibarıyla (milyon TL), Dönem:2022/2",milyon TL,raw/2022-02_table09_group10001.json,51c8923367a50cbb1ffd0bec4088354682ca5dd4d1fef8e69ce90f6525915677,raw/2022-02_table09_group10001_info.json,572e773feb9a91d1d694b5fc5b487422c9eba69ee216a939995ece6e3ca8ad19,caption_and_validated_request_info,Sektör,10,a) Gerçek Kişiler,italic,7009,40618,140258,127508,100324,415718
2022-02,9,Mevduat Turler Itibariyla,10001,11,"Mevduat Türler İtibarıyla (milyon TL), Dönem:2022/2",milyon TL,raw/2022-02_table09_group10001.json,51c8923367a50cbb1ffd0bec4088354682ca5dd4d1fef8e69ce90f6525915677,raw/2022-02_table09_group10001_info.json,572e773feb9a91d1d694b5fc5b487422c9eba69ee216a939995ece6e3ca8ad19,caption_and_validated_request_info,Sektör,11,b) Resmi Kuruluşlar,italic,0,1,2,0,15,17
2022-02,9,Mevduat Turler Itibariyla,10001,12,"Mevduat Türler İtibarıyla (milyon TL), Dönem:2022/2",milyon TL,raw/2022-02_table09_group10001.json,51c8923367a50cbb1ffd0bec4088354682ca5dd4d1fef8e69ce90f6525915677,raw/2022-02_table09_group10001_info.json,572e773feb9a91d1d694b5fc5b487422c9eba69ee216a939995ece6e3ca8ad19,caption_and_validated_request_info,Sektör,12,c) Ticari ve Diğer Kuruluşlar,italic,412,436,2182,4603,16683,24317
2022-02,9,Mevduat Turler Itibariyla,10001,13,"Mevduat Türler İtibarıyla (milyon TL), Dönem:2022/2",milyon TL,raw/2022-02_table09_group10001.json,51c8923367a50cbb1ffd0bec4088354682ca5dd4d1fef8e69ce90f6525915677,raw/2022-02_table09_group10001_info.json,572e773feb9a91d1d694b5fc5b487422c9eba69ee216a939995ece6e3ca8ad19,caption_and_validated_request_info,Sektör,13,Toplam Mevduat - Yurt İçi Yerleşik,bold,92110,236421,704370,890755,3272587,5196242
2022-02,9,Mevduat Turler Itibariyla,10001,14,"Mevduat Türler İtibarıyla (milyon TL), Dönem:2022/2",milyon TL,raw/2022-02_table09_group10001.json,51c8923367a50cbb1ffd0bec4088354682ca5dd4d1fef8e69ce90f6525915677,raw/2022-02_table09_group10001_info.json,572e773feb9a91d1d694b5fc5b487422c9eba69ee216a939995ece6e3ca8ad19,caption_and_validated_request_info,Sektör,14,Mudi Sayısı - Yurt İçi Yerleşik*,bold,127148462,8874271,5896363,1829143,492664,131506129
2022-02,9,Mevduat Turler Itibariyla,10001,15,"Mevduat Türler İtibarıyla (milyon TL), Dönem:2022/2",milyon TL,raw/2022-02_table09_group10001.json,51c8923367a50cbb1ffd0bec4088354682ca5dd4d1fef8e69ce90f6525915677,raw/2022-02_table09_group10001_info.json,572e773feb9a91d1d694b5fc5b487422c9eba69ee216a939995ece6e3ca8ad19,caption_and_validated_request_info,Sektör,15,TP Mevduat / Katılım Fonları - Yurt Dışı Yerleşik,bold,1721,4961,11438,14441,19090,51652
2022-02,9,Mevduat Turler Itibariyla,10001,16,"Mevduat Türler İtibarıyla (milyon TL), Dönem:2022/2",milyon TL,raw/2022-02_table09_group10001.json,51c8923367a50cbb1ffd0bec4088354682ca5dd4d1fef8e69ce90f6525915677,raw/2022-02_table09_group10001_info.json,572e773feb9a91d1d694b5fc5b487422c9eba69ee216a939995ece6e3ca8ad19,caption_and_validated_request_info,Sektör,16,a) Gerçek Kişiler,italic,1695,4879,11232,14163,14696,46666
2022-02,9,Mevduat Turler Itibariyla,10001,17,"Mevduat Türler İtibarıyla (milyon TL), Dönem:2022/2",milyon TL,raw/2022-02_table09_group10001.json,51c8923367a50cbb1ffd0bec4088354682ca5dd4d1fef8e69ce90f6525915677,raw/2022-02_table09_group10001_info.json,572e773feb9a91d1d694b5fc5b487422c9eba69ee216a939995ece6e3ca8ad19,caption_and_validated_request_info,Sektör,17,b) Ticari ve Diğer Kuruluşlar,italic,26,82,206,278,4394,4986
2022-02,9,Mevduat Turler Itibariyla,10001,18,"Mevduat Türler İtibarıyla (milyon TL), Dönem:2022/2",milyon TL,raw/2022-02_table09_group10001.json,51c8923367a50cbb1ffd0bec4088354682ca5dd4d1fef8e69ce90f6525915677,raw/2022-02_table09_group10001_info.json,572e773feb9a91d1d694b5fc5b487422c9eba69ee216a939995ece6e3ca8ad19,caption_and_validated_request_info,Sektör,18,Döviz Tevdiat Hesabı / Katılım Fonları - Yurt Dışı Yerleşik,bold,742,3387,20659,56506,202218,283512
2022-02,9,Mevduat Turler Itibariyla,10001,19,"Mevduat Türler İtibarıyla (milyon TL), Dönem:2022/2",milyon TL,raw/2022-02_table09_group10001.json,51c8923367a50cbb1ffd0bec4088354682ca5dd4d1fef8e69ce90f6525915677,raw/2022-02_table09_group10001_info.json,572e773feb9a91d1d694b5fc5b487422c9eba69ee216a939995ece6e3ca8ad19,caption_and_validated_request_info,Sektör,19,a) Gerçek Kişiler,italic,725,3304,20268,55384,146304,225984
2022-02,9,Mevduat Turler Itibariyla,10001,20,"Mevduat Türler İtibarıyla (milyon TL), Dönem:2022/2",milyon TL,raw/2022-02_table09_group10001.json,51c8923367a50cbb1ffd0bec4088354682ca5dd4d1fef8e69ce90f6525915677,raw/2022-02_table09_group10001_info.json,572e773feb9a91d1d694b5fc5b487422c9eba69ee216a939995ece6e3ca8ad19,caption_and_validated_request_info,Sektör,20,b) Ticari ve Diğer Kuruluşlar,italic,17,83,392,1121,55914,57528
2022-02,9,Mevduat Turler Itibariyla,10001,21,"Mevduat Türler İtibarıyla (milyon TL), Dönem:2022/2",milyon TL,raw/2022-02_table09_group10001.json,51c8923367a50cbb1ffd0bec4088354682ca5dd4d1fef8e69ce90f6525915677,raw/2022-02_table09_group10001_info.json,572e773feb9a91d1d694b5fc5b487422c9eba69ee216a939995ece6e3ca8ad19,caption_and_validated_request_info,Sektör,21,Kıymetli Maden Depo Hesapları - Yurt Dışı Yerleşik,bold,54,271,1429,2184,3047,6984
2022-02,9,Mevduat Turler Itibariyla,10001,22,"Mevduat Türler İtibarıyla (milyon TL), Dönem:2022/2",milyon TL,raw/2022-02_table09_group10001.json,51c8923367a50cbb1ffd0bec4088354682ca5dd4d1fef8e69ce90f6525915677,raw/2022-02_table09_group10001_info.json,572e773feb9a91d1d694b5fc5b487422c9eba69ee216a939995ece6e3ca8ad19,caption_and_validated_request_info,Sektör,22,a) Gerçek Kişiler,italic,53,270,1426,2180,2910,6839
2022-02,9,Mevduat Turler Itibariyla,10001,23,"Mevduat Türler İtibarıyla (milyon TL), Dönem:2022/2",milyon TL,raw/2022-02_table09_group10001.json,51c8923367a50cbb1ffd0bec4088354682ca5dd4d1fef8e69ce90f6525915677,raw/2022-02_table09_group10001_info.json,572e773feb9a91d1d694b5fc5b487422c9eba69ee216a939995ece6e3ca8ad19,caption_and_validated_request_info,Sektör,23,b) Ticari ve Diğer Kuruluşlar,italic,1,1,3,4,137,145
2022-02,9,Mevduat Turler Itibariyla,10001,24,"Mevduat Türler İtibarıyla (milyon TL), Dönem:2022/2",milyon TL,raw/2022-02_table09_group10001.json,51c8923367a50cbb1ffd0bec4088354682ca5dd4d1fef8e69ce90f6525915677,raw/2022-02_table09_group10001_info.json,572e773feb9a91d1d694b5fc5b487422c9eba69ee216a939995ece6e3ca8ad19,caption_and_validated_request_info,Sektör,24,Toplam Mevduat - Yurt Dışı Yerleşik,bold,2517,8619,33526,73131,224355,342148
2022-02,9,Mevduat Turler Itibariyla,10001,25,"Mevduat Türler İtibarıyla (milyon TL), Dönem:2022/2",milyon TL,raw/2022-02_table09_group10001.json,51c8923367a50cbb1ffd0bec4088354682ca5dd4d1fef8e69ce90f6525915677,raw/2022-02_table09_group10001_info.json,572e773feb9a91d1d694b5fc5b487422c9eba69ee216a939995ece6e3ca8ad19,caption_and_validated_request_info,Sektör,25,Mudi Sayısı - Yurt Dışı Yerleşik*,bold,1505080,321676,261626,140918,52143,1791426
2022-02,9,Mevduat Turler Itibariyla,10001,26,"Mevduat Türler İtibarıyla (milyon TL), Dönem:2022/2",milyon TL,raw/2022-02_table09_group10001.json,51c8923367a50cbb1ffd0bec4088354682ca5dd4d1fef8e69ce90f6525915677,raw/2022-02_table09_group10001_info.json,572e773feb9a91d1d694b5fc5b487422c9eba69ee216a939995ece6e3ca8ad19,caption_and_validated_request_info,Sektör,26,Toplam Mevduat,bold,94626,245040,737896,963886,3496943,5538391
2022-03,9,Mevduat Turler Itibariyla,10001,1,"Mevduat Türler İtibarıyla (milyon TL), Dönem:2022/3",milyon TL,raw/2022-03_table09_group10001.json,a0bd7c96fbeb3dae84549589b9021d2d2c9949e68762855b042b4b35fcb8e40e,raw/2022-03_table09_group10001_info.json,7de59c12f92c8a88db3bce2b9039454334fe07755b87ecb2d055b1a14d497559,caption_and_validated_request_info,Sektör,1,TP Mevduat / Katılım Fonları - Yurt İçi Yerleşik,bold,74059,142523,343195,401446,1484074,2445297
2022-03,9,Mevduat Turler Itibariyla,10001,2,"Mevduat Türler İtibarıyla (milyon TL), Dönem:2022/3",milyon TL,raw/2022-03_table09_group10001.json,a0bd7c96fbeb3dae84549589b9021d2d2c9949e68762855b042b4b35fcb8e40e,raw/2022-03_table09_group10001_info.json,7de59c12f92c8a88db3bce2b9039454334fe07755b87ecb2d055b1a14d497559,caption_and_validated_request_info,Sektör,2,a) Gerçek Kişiler,italic,67196,124755,298313,332265,437422,1259951
2022-03,9,Mevduat Turler Itibariyla,10001,3,"Mevduat Türler İtibarıyla (milyon TL), Dönem:2022/3",milyon TL,raw/2022-03_table09_group10001.json,a0bd7c96fbeb3dae84549589b9021d2d2c9949e68762855b042b4b35fcb8e40e,raw/2022-03_table09_group10001_info.json,7de59c12f92c8a88db3bce2b9039454334fe07755b87ecb2d055b1a14d497559,caption_and_validated_request_info,Sektör,3,b) Resmi Kuruluşlar,italic,131,415,1115,2951,158559,163170
2022-03,9,Mevduat Turler Itibariyla,10001,4,"Mevduat Türler İtibarıyla (milyon TL), Dönem:2022/3",milyon TL,raw/2022-03_table09_group10001.json,a0bd7c96fbeb3dae84549589b9021d2d2c9949e68762855b042b4b35fcb8e40e,raw/2022-03_table09_group10001_info.json,7de59c12f92c8a88db3bce2b9039454334fe07755b87ecb2d055b1a14d497559,caption_and_validated_request_info,Sektör,4,c) Ticari ve Diğer Kuruluşlar,italic,6732,17353,43768,66231,888093,1022176
2022-03,9,Mevduat Turler Itibariyla,10001,5,"Mevduat Türler İtibarıyla (milyon TL), Dönem:2022/3",milyon TL,raw/2022-03_table09_group10001.json,a0bd7c96fbeb3dae84549589b9021d2d2c9949e68762855b042b4b35fcb8e40e,raw/2022-03_table09_group10001_info.json,7de59c12f92c8a88db3bce2b9039454334fe07755b87ecb2d055b1a14d497559,caption_and_validated_request_info,Sektör,5,Döviz Tevdiat Hesabı / Katılım Fonları - Yurt İçi Yerleşik,bold,9892,59660,241110,403439,1988115,2702216
2022-03,9,Mevduat Turler Itibariyla,10001,6,"Mevduat Türler İtibarıyla (milyon TL), Dönem:2022/3",milyon TL,raw/2022-03_table09_group10001.json,a0bd7c96fbeb3dae84549589b9021d2d2c9949e68762855b042b4b35fcb8e40e,raw/2022-03_table09_group10001_info.json,7de59c12f92c8a88db3bce2b9039454334fe07755b87ecb2d055b1a14d497559,caption_and_validated_request_info,Sektör,6,a) Gerçek Kişiler,italic,9369,56892,225324,356481,966529,1614595
2022-03,9,Mevduat Turler Itibariyla,10001,7,"Mevduat Türler İtibarıyla (milyon TL), Dönem:2022/3",milyon TL,raw/2022-03_table09_group10001.json,a0bd7c96fbeb3dae84549589b9021d2d2c9949e68762855b042b4b35fcb8e40e,raw/2022-03_table09_group10001_info.json,7de59c12f92c8a88db3bce2b9039454334fe07755b87ecb2d055b1a14d497559,caption_and_validated_request_info,Sektör,7,b) Resmi Kuruluşlar,italic,2,15,111,305,32054,32487
2022-03,9,Mevduat Turler Itibariyla,10001,8,"Mevduat Türler İtibarıyla (milyon TL), Dönem:2022/3",milyon TL,raw/2022-03_table09_group10001.json,a0bd7c96fbeb3dae84549589b9021d2d2c9949e68762855b042b4b35fcb8e40e,raw/2022-03_table09_group10001_info.json,7de59c12f92c8a88db3bce2b9039454334fe07755b87ecb2d055b1a14d497559,caption_and_validated_request_info,Sektör,8,c) Ticari ve Diğer Kuruluşlar,italic,521,2753,15676,46653,989532,1055134
2022-03,9,Mevduat Turler Itibariyla,10001,9,"Mevduat Türler İtibarıyla (milyon TL), Dönem:2022/3",milyon TL,raw/2022-03_table09_group10001.json,a0bd7c96fbeb3dae84549589b9021d2d2c9949e68762855b042b4b35fcb8e40e,raw/2022-03_table09_group10001_info.json,7de59c12f92c8a88db3bce2b9039454334fe07755b87ecb2d055b1a14d497559,caption_and_validated_request_info,Sektör,9,Kıymetli Maden Depo Hesapları - Yurt İçi Yerleşik,bold,7491,40675,143904,139845,125189,457104
2022-03,9,Mevduat Turler Itibariyla,10001,10,"Mevduat Türler İtibarıyla (milyon TL), Dönem:2022/3",milyon TL,raw/2022-03_table09_group10001.json,a0bd7c96fbeb3dae84549589b9021d2d2c9949e68762855b042b4b35fcb8e40e,raw/2022-03_table09_group10001_info.json,7de59c12f92c8a88db3bce2b9039454334fe07755b87ecb2d055b1a14d497559,caption_and_validated_request_info,Sektör,10,a) Gerçek Kişiler,italic,7042,40254,141800,135275,106994,431364
2022-03,9,Mevduat Turler Itibariyla,10001,11,"Mevduat Türler İtibarıyla (milyon TL), Dönem:2022/3",milyon TL,raw/2022-03_table09_group10001.json,a0bd7c96fbeb3dae84549589b9021d2d2c9949e68762855b042b4b35fcb8e40e,raw/2022-03_table09_group10001_info.json,7de59c12f92c8a88db3bce2b9039454334fe07755b87ecb2d055b1a14d497559,caption_and_validated_request_info,Sektör,11,b) Resmi Kuruluşlar,italic,0,1,2,2,19,24
2022-03,9,Mevduat Turler Itibariyla,10001,12,"Mevduat Türler İtibarıyla (milyon TL), Dönem:2022/3",milyon TL,raw/2022-03_table09_group10001.json,a0bd7c96fbeb3dae84549589b9021d2d2c9949e68762855b042b4b35fcb8e40e,raw/2022-03_table09_group10001_info.json,7de59c12f92c8a88db3bce2b9039454334fe07755b87ecb2d055b1a14d497559,caption_and_validated_request_info,Sektör,12,c) Ticari ve Diğer Kuruluşlar,italic,449,420,2103,4569,18176,25716
2022-03,9,Mevduat Turler Itibariyla,10001,13,"Mevduat Türler İtibarıyla (milyon TL), Dönem:2022/3",milyon TL,raw/2022-03_table09_group10001.json,a0bd7c96fbeb3dae84549589b9021d2d2c9949e68762855b042b4b35fcb8e40e,raw/2022-03_table09_group10001_info.json,7de59c12f92c8a88db3bce2b9039454334fe07755b87ecb2d055b1a14d497559,caption_and_validated_request_info,Sektör,13,Toplam Mevduat - Yurt İçi Yerleşik,bold,91442,242858,728210,944730,3597377,5604618
2022-03,9,Mevduat Turler Itibariyla,10001,14,"Mevduat Türler İtibarıyla (milyon TL), Dönem:2022/3",milyon TL,raw/2022-03_table09_group10001.json,a0bd7c96fbeb3dae84549589b9021d2d2c9949e68762855b042b4b35fcb8e40e,raw/2022-03_table09_group10001_info.json,7de59c12f92c8a88db3bce2b9039454334fe07755b87ecb2d055b1a14d497559,caption_and_validated_request_info,Sektör,14,Mudi Sayısı - Yurt İçi Yerleşik*,bold,128240944,9094630,6060348,1929304,526704,134824918
2022-03,9,Mevduat Turler Itibariyla,10001,15,"Mevduat Türler İtibarıyla (milyon TL), Dönem:2022/3",milyon TL,raw/2022-03_table09_group10001.json,a0bd7c96fbeb3dae84549589b9021d2d2c9949e68762855b042b4b35fcb8e40e,raw/2022-03_table09_group10001_info.json,7de59c12f92c8a88db3bce2b9039454334fe07755b87ecb2d055b1a14d497559,caption_and_validated_request_info,Sektör,15,TP Mevduat / Katılım Fonları - Yurt Dışı Yerleşik,bold,1719,5196,11655,14865,22352,55788
2022-03,9,Mevduat Turler Itibariyla,10001,16,"Mevduat Türler İtibarıyla (milyon TL), Dönem:2022/3",milyon TL,raw/2022-03_table09_group10001.json,a0bd7c96fbeb3dae84549589b9021d2d2c9949e68762855b042b4b35fcb8e40e,raw/2022-03_table09_group10001_info.json,7de59c12f92c8a88db3bce2b9039454334fe07755b87ecb2d055b1a14d497559,caption_and_validated_request_info,Sektör,16,a) Gerçek Kişiler,italic,1692,5113,11435,14568,16445,49252
2022-03,9,Mevduat Turler Itibariyla,10001,17,"Mevduat Türler İtibarıyla (milyon TL), Dönem:2022/3",milyon TL,raw/2022-03_table09_group10001.json,a0bd7c96fbeb3dae84549589b9021d2d2c9949e68762855b042b4b35fcb8e40e,raw/2022-03_table09_group10001_info.json,7de59c12f92c8a88db3bce2b9039454334fe07755b87ecb2d055b1a14d497559,caption_and_validated_request_info,Sektör,17,b) Ticari ve Diğer Kuruluşlar,italic,27,83,220,298,5908,6536
2022-03,9,Mevduat Turler Itibariyla,10001,18,"Mevduat Türler İtibarıyla (milyon TL), Dönem:2022/3",milyon TL,raw/2022-03_table09_group10001.json,a0bd7c96fbeb3dae84549589b9021d2d2c9949e68762855b042b4b35fcb8e40e,raw/2022-03_table09_group10001_info.json,7de59c12f92c8a88db3bce2b9039454334fe07755b87ecb2d055b1a14d497559,caption_and_validated_request_info,Sektör,18,Döviz Tevdiat Hesabı / Katılım Fonları - Yurt Dışı Yerleşik,bold,740,3522,21176,58271,220149,303858
2022-03,9,Mevduat Turler Itibariyla,10001,19,"Mevduat Türler İtibarıyla (milyon TL), Dönem:2022/3",milyon TL,raw/2022-03_table09_group10001.json,a0bd7c96fbeb3dae84549589b9021d2d2c9949e68762855b042b4b35fcb8e40e,raw/2022-03_table09_group10001_info.json,7de59c12f92c8a88db3bce2b9039454334fe07755b87ecb2d055b1a14d497559,caption_and_validated_request_info,Sektör,19,a) Gerçek Kişiler,italic,723,3436,20772,57128,156502,238561
2022-03,9,Mevduat Turler Itibariyla,10001,20,"Mevduat Türler İtibarıyla (milyon TL), Dönem:2022/3",milyon TL,raw/2022-03_table09_group10001.json,a0bd7c96fbeb3dae84549589b9021d2d2c9949e68762855b042b4b35fcb8e40e,raw/2022-03_table09_group10001_info.json,7de59c12f92c8a88db3bce2b9039454334fe07755b87ecb2d055b1a14d497559,caption_and_validated_request_info,Sektör,20,b) Ticari ve Diğer Kuruluşlar,italic,17,86,404,1143,63647,65297
2022-03,9,Mevduat Turler Itibariyla,10001,21,"Mevduat Türler İtibarıyla (milyon TL), Dönem:2022/3",milyon TL,raw/2022-03_table09_group10001.json,a0bd7c96fbeb3dae84549589b9021d2d2c9949e68762855b042b4b35fcb8e40e,raw/2022-03_table09_group10001_info.json,7de59c12f92c8a88db3bce2b9039454334fe07755b87ecb2d055b1a14d497559,caption_and_validated_request_info,Sektör,21,Kıymetli Maden Depo Hesapları - Yurt Dışı Yerleşik,bold,54,273,1465,2310,3380,7483
2022-03,9,Mevduat Turler Itibariyla,10001,22,"Mevduat Türler İtibarıyla (milyon TL), Dönem:2022/3",milyon TL,raw/2022-03_table09_group10001.json,a0bd7c96fbeb3dae84549589b9021d2d2c9949e68762855b042b4b35fcb8e40e,raw/2022-03_table09_group10001_info.json,7de59c12f92c8a88db3bce2b9039454334fe07755b87ecb2d055b1a14d497559,caption_and_validated_request_info,Sektör,22,a) Gerçek Kişiler,italic,54,273,1462,2307,3195,7290
2022-03,9,Mevduat Turler Itibariyla,10001,23,"Mevduat Türler İtibarıyla (milyon TL), Dönem:2022/3",milyon TL,raw/2022-03_table09_group10001.json,a0bd7c96fbeb3dae84549589b9021d2d2c9949e68762855b042b4b35fcb8e40e,raw/2022-03_table09_group10001_info.json,7de59c12f92c8a88db3bce2b9039454334fe07755b87ecb2d055b1a14d497559,caption_and_validated_request_info,Sektör,23,b) Ticari ve Diğer Kuruluşlar,italic,1,1,3,3,185,192
2022-03,9,Mevduat Turler Itibariyla,10001,24,"Mevduat Türler İtibarıyla (milyon TL), Dönem:2022/3",milyon TL,raw/2022-03_table09_group10001.json,a0bd7c96fbeb3dae84549589b9021d2d2c9949e68762855b042b4b35fcb8e40e,raw/2022-03_table09_group10001_info.json,7de59c12f92c8a88db3bce2b9039454334fe07755b87ecb2d055b1a14d497559,caption_and_validated_request_info,Sektör,24,Toplam Mevduat - Yurt Dışı Yerleşik,bold,2514,8991,34295,75447,245881,367128
2022-03,9,Mevduat Turler Itibariyla,10001,25,"Mevduat Türler İtibarıyla (milyon TL), Dönem:2022/3",milyon TL,raw/2022-03_table09_group10001.json,a0bd7c96fbeb3dae84549589b9021d2d2c9949e68762855b042b4b35fcb8e40e,raw/2022-03_table09_group10001_info.json,7de59c12f92c8a88db3bce2b9039454334fe07755b87ecb2d055b1a14d497559,caption_and_validated_request_info,Sektör,25,Mudi Sayısı - Yurt Dışı Yerleşik*,bold,1522159,331813,266537,144356,55183,1830262
2022-03,9,Mevduat Turler Itibariyla,10001,26,"Mevduat Türler İtibarıyla (milyon TL), Dönem:2022/3",milyon TL,raw/2022-03_table09_group10001.json,a0bd7c96fbeb3dae84549589b9021d2d2c9949e68762855b042b4b35fcb8e40e,raw/2022-03_table09_group10001_info.json,7de59c12f92c8a88db3bce2b9039454334fe07755b87ecb2d055b1a14d497559,caption_and_validated_request_info,Sektör,26,Toplam Mevduat,bold,93956,251849,762505,1020177,3843259,5971746
2022-04,9,Mevduat Turler Itibariyla,10001,1,"Mevduat Türler İtibarıyla (milyon TL), Dönem:2022/4",milyon TL,raw/2022-04_table09_group10001.json,1d9457d8e761d1bda331b0da412dcc0ed45c995c568fe062e907d704ada1a2b8,raw/2022-04_table09_group10001_info.json,26f891a42ccc405d82bc01d40a37809f361cba93dedca96f0cc0efb3f50a7731,caption_and_validated_request_info,Sektör,1,TP Mevduat / Katılım Fonları - Yurt İçi Yerleşik,bold,100603,164895,363709,436739,1532732,2598678
2022-04,9,Mevduat Turler Itibariyla,10001,2,"Mevduat Türler İtibarıyla (milyon TL), Dönem:2022/4",milyon TL,raw/2022-04_table09_group10001.json,1d9457d8e761d1bda331b0da412dcc0ed45c995c568fe062e907d704ada1a2b8,raw/2022-04_table09_group10001_info.json,26f891a42ccc405d82bc01d40a37809f361cba93dedca96f0cc0efb3f50a7731,caption_and_validated_request_info,Sektör,2,a) Gerçek Kişiler,italic,93391,144911,311841,357415,487682,1395239
2022-04,9,Mevduat Turler Itibariyla,10001,3,"Mevduat Türler İtibarıyla (milyon TL), Dönem:2022/4",milyon TL,raw/2022-04_table09_group10001.json,1d9457d8e761d1bda331b0da412dcc0ed45c995c568fe062e907d704ada1a2b8,raw/2022-04_table09_group10001_info.json,26f891a42ccc405d82bc01d40a37809f361cba93dedca96f0cc0efb3f50a7731,caption_and_validated_request_info,Sektör,3,b) Resmi Kuruluşlar,italic,135,434,1193,2522,128142,132425
2022-04,9,Mevduat Turler Itibariyla,10001,4,"Mevduat Türler İtibarıyla (milyon TL), Dönem:2022/4",milyon TL,raw/2022-04_table09_group10001.json,1d9457d8e761d1bda331b0da412dcc0ed45c995c568fe062e907d704ada1a2b8,raw/2022-04_table09_group10001_info.json,26f891a42ccc405d82bc01d40a37809f361cba93dedca96f0cc0efb3f50a7731,caption_and_validated_request_info,Sektör,4,c) Ticari ve Diğer Kuruluşlar,italic,7078,19551,50675,76802,916909,1071015
2022-04,9,Mevduat Turler Itibariyla,10001,5,"Mevduat Türler İtibarıyla (milyon TL), Dönem:2022/4",milyon TL,raw/2022-04_table09_group10001.json,1d9457d8e761d1bda331b0da412dcc0ed45c995c568fe062e907d704ada1a2b8,raw/2022-04_table09_group10001_info.json,26f891a42ccc405d82bc01d40a37809f361cba93dedca96f0cc0efb3f50a7731,caption_and_validated_request_info,Sektör,5,Döviz Tevdiat Hesabı / Katılım Fonları - Yurt İçi Yerleşik,bold,10057,60263,240202,400330,1993068,2703920
2022-04,9,Mevduat Turler Itibariyla,10001,6,"Mevduat Türler İtibarıyla (milyon TL), Dönem:2022/4",milyon TL,raw/2022-04_table09_group10001.json,1d9457d8e761d1bda331b0da412dcc0ed45c995c568fe062e907d704ada1a2b8,raw/2022-04_table09_group10001_info.json,26f891a42ccc405d82bc01d40a37809f361cba93dedca96f0cc0efb3f50a7731,caption_and_validated_request_info,Sektör,6,a) Gerçek Kişiler,italic,9526,57508,224398,353045,951118,1595595
2022-04,9,Mevduat Turler Itibariyla,10001,7,"Mevduat Türler İtibarıyla (milyon TL), Dönem:2022/4",milyon TL,raw/2022-04_table09_group10001.json,1d9457d8e761d1bda331b0da412dcc0ed45c995c568fe062e907d704ada1a2b8,raw/2022-04_table09_group10001_info.json,26f891a42ccc405d82bc01d40a37809f361cba93dedca96f0cc0efb3f50a7731,caption_and_validated_request_info,Sektör,7,b) Resmi Kuruluşlar,italic,3,16,111,305,32648,33083
2022-04,9,Mevduat Turler Itibariyla,10001,8,"Mevduat Türler İtibarıyla (milyon TL), Dönem:2022/4",milyon TL,raw/2022-04_table09_group10001.json,1d9457d8e761d1bda331b0da412dcc0ed45c995c568fe062e907d704ada1a2b8,raw/2022-04_table09_group10001_info.json,26f891a42ccc405d82bc01d40a37809f361cba93dedca96f0cc0efb3f50a7731,caption_and_validated_request_info,Sektör,8,c) Ticari ve Diğer Kuruluşlar,italic,529,2739,15693,46980,1009301,1075242
2022-04,9,Mevduat Turler Itibariyla,10001,9,"Mevduat Türler İtibarıyla (milyon TL), Dönem:2022/4",milyon TL,raw/2022-04_table09_group10001.json,1d9457d8e761d1bda331b0da412dcc0ed45c995c568fe062e907d704ada1a2b8,raw/2022-04_table09_group10001_info.json,26f891a42ccc405d82bc01d40a37809f361cba93dedca96f0cc0efb3f50a7731,caption_and_validated_request_info,Sektör,9,Kıymetli Maden Depo Hesapları - Yurt İçi Yerleşik,bold,7678,41931,145950,139588,125781,460929
2022-04,9,Mevduat Turler Itibariyla,10001,10,"Mevduat Türler İtibarıyla (milyon TL), Dönem:2022/4",milyon TL,raw/2022-04_table09_group10001.json,1d9457d8e761d1bda331b0da412dcc0ed45c995c568fe062e907d704ada1a2b8,raw/2022-04_table09_group10001_info.json,26f891a42ccc405d82bc01d40a37809f361cba93dedca96f0cc0efb3f50a7731,caption_and_validated_request_info,Sektör,10,a) Gerçek Kişiler,italic,7221,41501,143819,134971,106464,433975
2022-04,9,Mevduat Turler Itibariyla,10001,11,"Mevduat Türler İtibarıyla (milyon TL), Dönem:2022/4",milyon TL,raw/2022-04_table09_group10001.json,1d9457d8e761d1bda331b0da412dcc0ed45c995c568fe062e907d704ada1a2b8,raw/2022-04_table09_group10001_info.json,26f891a42ccc405d82bc01d40a37809f361cba93dedca96f0cc0efb3f50a7731,caption_and_validated_request_info,Sektör,11,b) Resmi Kuruluşlar,italic,0,1,2,3,24,29
2022-04,9,Mevduat Turler Itibariyla,10001,12,"Mevduat Türler İtibarıyla (milyon TL), Dönem:2022/4",milyon TL,raw/2022-04_table09_group10001.json,1d9457d8e761d1bda331b0da412dcc0ed45c995c568fe062e907d704ada1a2b8,raw/2022-04_table09_group10001_info.json,26f891a42ccc405d82bc01d40a37809f361cba93dedca96f0cc0efb3f50a7731,caption_and_validated_request_info,Sektör,12,c) Ticari ve Diğer Kuruluşlar,italic,457,430,2129,4615,19293,26924
2022-04,9,Mevduat Turler Itibariyla,10001,13,"Mevduat Türler İtibarıyla (milyon TL), Dönem:2022/4",milyon TL,raw/2022-04_table09_group10001.json,1d9457d8e761d1bda331b0da412dcc0ed45c995c568fe062e907d704ada1a2b8,raw/2022-04_table09_group10001_info.json,26f891a42ccc405d82bc01d40a37809f361cba93dedca96f0cc0efb3f50a7731,caption_and_validated_request_info,Sektör,13,Toplam Mevduat - Yurt İçi Yerleşik,bold,118339,267090,749861,976657,3651580,5763527
2022-04,9,Mevduat Turler Itibariyla,10001,14,"Mevduat Türler İtibarıyla (milyon TL), Dönem:2022/4",milyon TL,raw/2022-04_table09_group10001.json,1d9457d8e761d1bda331b0da412dcc0ed45c995c568fe062e907d704ada1a2b8,raw/2022-04_table09_group10001_info.json,26f891a42ccc405d82bc01d40a37809f361cba93dedca96f0cc0efb3f50a7731,caption_and_validated_request_info,Sektör,14,Mudi Sayısı - Yurt İçi Yerleşik*,bold,131045337,10210654,6260187,1992750,545477,138628590
2022-04,9,Mevduat Turler Itibariyla,10001,15,"Mevduat Türler İtibarıyla (milyon TL), Dönem:2022/4",milyon TL,raw/2022-04_table09_group10001.json,1d9457d8e761d1bda331b0da412dcc0ed45c995c568fe062e907d704ada1a2b8,raw/2022-04_table09_group10001_info.json,26f891a42ccc405d82bc01d40a37809f361cba93dedca96f0cc0efb3f50a7731,caption_and_validated_request_info,Sektör,15,TP Mevduat / Katılım Fonları - Yurt Dışı Yerleşik,bold,1835,5547,11955,15495,24696,59528
2022-04,9,Mevduat Turler Itibariyla,10001,16,"Mevduat Türler İtibarıyla (milyon TL), Dönem:2022/4",milyon TL,raw/2022-04_table09_group10001.json,1d9457d8e761d1bda331b0da412dcc0ed45c995c568fe062e907d704ada1a2b8,raw/2022-04_table09_group10001_info.json,26f891a42ccc405d82bc01d40a37809f361cba93dedca96f0cc0efb3f50a7731,caption_and_validated_request_info,Sektör,16,a) Gerçek Kişiler,italic,1807,5459,11729,15187,19369,53550
2022-04,9,Mevduat Turler Itibariyla,10001,17,"Mevduat Türler İtibarıyla (milyon TL), Dönem:2022/4",milyon TL,raw/2022-04_table09_group10001.json,1d9457d8e761d1bda331b0da412dcc0ed45c995c568fe062e907d704ada1a2b8,raw/2022-04_table09_group10001_info.json,26f891a42ccc405d82bc01d40a37809f361cba93dedca96f0cc0efb3f50a7731,caption_and_validated_request_info,Sektör,17,b) Ticari ve Diğer Kuruluşlar,italic,28,88,226,308,5327,5978
2022-04,9,Mevduat Turler Itibariyla,10001,18,"Mevduat Türler İtibarıyla (milyon TL), Dönem:2022/4",milyon TL,raw/2022-04_table09_group10001.json,1d9457d8e761d1bda331b0da412dcc0ed45c995c568fe062e907d704ada1a2b8,raw/2022-04_table09_group10001_info.json,26f891a42ccc405d82bc01d40a37809f361cba93dedca96f0cc0efb3f50a7731,caption_and_validated_request_info,Sektör,18,Döviz Tevdiat Hesabı / Katılım Fonları - Yurt Dışı Yerleşik,bold,738,3616,21633,57774,216414,300175
2022-04,9,Mevduat Turler Itibariyla,10001,19,"Mevduat Türler İtibarıyla (milyon TL), Dönem:2022/4",milyon TL,raw/2022-04_table09_group10001.json,1d9457d8e761d1bda331b0da412dcc0ed45c995c568fe062e907d704ada1a2b8,raw/2022-04_table09_group10001_info.json,26f891a42ccc405d82bc01d40a37809f361cba93dedca96f0cc0efb3f50a7731,caption_and_validated_request_info,Sektör,19,a) Gerçek Kişiler,italic,721,3529,21228,56593,152101,234172
2022-04,9,Mevduat Turler Itibariyla,10001,20,"Mevduat Türler İtibarıyla (milyon TL), Dönem:2022/4",milyon TL,raw/2022-04_table09_group10001.json,1d9457d8e761d1bda331b0da412dcc0ed45c995c568fe062e907d704ada1a2b8,raw/2022-04_table09_group10001_info.json,26f891a42ccc405d82bc01d40a37809f361cba93dedca96f0cc0efb3f50a7731,caption_and_validated_request_info,Sektör,20,b) Ticari ve Diğer Kuruluşlar,italic,17,87,405,1181,64314,66004
2022-04,9,Mevduat Turler Itibariyla,10001,21,"Mevduat Türler İtibarıyla (milyon TL), Dönem:2022/4",milyon TL,raw/2022-04_table09_group10001.json,1d9457d8e761d1bda331b0da412dcc0ed45c995c568fe062e907d704ada1a2b8,raw/2022-04_table09_group10001_info.json,26f891a42ccc405d82bc01d40a37809f361cba93dedca96f0cc0efb3f50a7731,caption_and_validated_request_info,Sektör,21,Kıymetli Maden Depo Hesapları - Yurt Dışı Yerleşik,bold,55,277,1476,2322,3519,7648
2022-04,9,Mevduat Turler Itibariyla,10001,22,"Mevduat Türler İtibarıyla (milyon TL), Dönem:2022/4",milyon TL,raw/2022-04_table09_group10001.json,1d9457d8e761d1bda331b0da412dcc0ed45c995c568fe062e907d704ada1a2b8,raw/2022-04_table09_group10001_info.json,26f891a42ccc405d82bc01d40a37809f361cba93dedca96f0cc0efb3f50a7731,caption_and_validated_request_info,Sektör,22,a) Gerçek Kişiler,italic,54,276,1472,2319,3299,7419
2022-04,9,Mevduat Turler Itibariyla,10001,23,"Mevduat Türler İtibarıyla (milyon TL), Dönem:2022/4",milyon TL,raw/2022-04_table09_group10001.json,1d9457d8e761d1bda331b0da412dcc0ed45c995c568fe062e907d704ada1a2b8,raw/2022-04_table09_group10001_info.json,26f891a42ccc405d82bc01d40a37809f361cba93dedca96f0cc0efb3f50a7731,caption_and_validated_request_info,Sektör,23,b) Ticari ve Diğer Kuruluşlar,italic,1,1,4,3,220,228
2022-04,9,Mevduat Turler Itibariyla,10001,24,"Mevduat Türler İtibarıyla (milyon TL), Dönem:2022/4",milyon TL,raw/2022-04_table09_group10001.json,1d9457d8e761d1bda331b0da412dcc0ed45c995c568fe062e907d704ada1a2b8,raw/2022-04_table09_group10001_info.json,26f891a42ccc405d82bc01d40a37809f361cba93dedca96f0cc0efb3f50a7731,caption_and_validated_request_info,Sektör,24,Toplam Mevduat - Yurt Dışı Yerleşik,bold,2628,9440,35064,75590,244629,367351
2022-04,9,Mevduat Turler Itibariyla,10001,25,"Mevduat Türler İtibarıyla (milyon TL), Dönem:2022/4",milyon TL,raw/2022-04_table09_group10001.json,1d9457d8e761d1bda331b0da412dcc0ed45c995c568fe062e907d704ada1a2b8,raw/2022-04_table09_group10001_info.json,26f891a42ccc405d82bc01d40a37809f361cba93dedca96f0cc0efb3f50a7731,caption_and_validated_request_info,Sektör,25,Mudi Sayısı - Yurt Dışı Yerleşik*,bold,1543714,346680,273801,145341,54641,1862311
2022-04,9,Mevduat Turler Itibariyla,10001,26,"Mevduat Türler İtibarıyla (milyon TL), Dönem:2022/4",milyon TL,raw/2022-04_table09_group10001.json,1d9457d8e761d1bda331b0da412dcc0ed45c995c568fe062e907d704ada1a2b8,raw/2022-04_table09_group10001_info.json,26f891a42ccc405d82bc01d40a37809f361cba93dedca96f0cc0efb3f50a7731,caption_and_validated_request_info,Sektör,26,Toplam Mevduat,bold,120967,276530,784925,1052247,3896209,6130878
2022-05,9,Mevduat Turler Itibariyla,10001,1,"Mevduat Türler İtibarıyla (milyon TL), Dönem:2022/5",milyon TL,raw/2022-05_table09_group10001.json,14f0fc4f5a7306235a771a1921672fea5da132bbed9db5fc3ae8564208038137,raw/2022-05_table09_group10001_info.json,88c2f1c6bd51a955dbe7f73a20283364eab17bf1587029ccca3faff84f047754,caption_and_validated_request_info,Sektör,1,TP Mevduat / Katılım Fonları - Yurt İçi Yerleşik,bold,77062,149392,365084,455657,1618440,2665634
2022-05,9,Mevduat Turler Itibariyla,10001,2,"Mevduat Türler İtibarıyla (milyon TL), Dönem:2022/5",milyon TL,raw/2022-05_table09_group10001.json,14f0fc4f5a7306235a771a1921672fea5da132bbed9db5fc3ae8564208038137,raw/2022-05_table09_group10001_info.json,88c2f1c6bd51a955dbe7f73a20283364eab17bf1587029ccca3faff84f047754,caption_and_validated_request_info,Sektör,2,a) Gerçek Kişiler,italic,70040,130524,315888,378984,532622,1428057
2022-05,9,Mevduat Turler Itibariyla,10001,3,"Mevduat Türler İtibarıyla (milyon TL), Dönem:2022/5",milyon TL,raw/2022-05_table09_group10001.json,14f0fc4f5a7306235a771a1921672fea5da132bbed9db5fc3ae8564208038137,raw/2022-05_table09_group10001_info.json,88c2f1c6bd51a955dbe7f73a20283364eab17bf1587029ccca3faff84f047754,caption_and_validated_request_info,Sektör,3,b) Resmi Kuruluşlar,italic,131,411,1103,2684,158353,162683
2022-05,9,Mevduat Turler Itibariyla,10001,4,"Mevduat Türler İtibarıyla (milyon TL), Dönem:2022/5",milyon TL,raw/2022-05_table09_group10001.json,14f0fc4f5a7306235a771a1921672fea5da132bbed9db5fc3ae8564208038137,raw/2022-05_table09_group10001_info.json,88c2f1c6bd51a955dbe7f73a20283364eab17bf1587029ccca3faff84f047754,caption_and_validated_request_info,Sektör,4,c) Ticari ve Diğer Kuruluşlar,italic,6890,18457,48094,73989,927465,1074894
2022-05,9,Mevduat Turler Itibariyla,10001,5,"Mevduat Türler İtibarıyla (milyon TL), Dönem:2022/5",milyon TL,raw/2022-05_table09_group10001.json,14f0fc4f5a7306235a771a1921672fea5da132bbed9db5fc3ae8564208038137,raw/2022-05_table09_group10001_info.json,88c2f1c6bd51a955dbe7f73a20283364eab17bf1587029ccca3faff84f047754,caption_and_validated_request_info,Sektör,5,Döviz Tevdiat Hesabı / Katılım Fonları - Yurt İçi Yerleşik,bold,10027,60204,248396,431625,2266030,3016282
2022-05,9,Mevduat Turler Itibariyla,10001,6,"Mevduat Türler İtibarıyla (milyon TL), Dönem:2022/5",milyon TL,raw/2022-05_table09_group10001.json,14f0fc4f5a7306235a771a1921672fea5da132bbed9db5fc3ae8564208038137,raw/2022-05_table09_group10001_info.json,88c2f1c6bd51a955dbe7f73a20283364eab17bf1587029ccca3faff84f047754,caption_and_validated_request_info,Sektör,6,a) Gerçek Kişiler,italic,9486,57466,232654,383443,1081855,1764904
2022-05,9,Mevduat Turler Itibariyla,10001,7,"Mevduat Türler İtibarıyla (milyon TL), Dönem:2022/5",milyon TL,raw/2022-05_table09_group10001.json,14f0fc4f5a7306235a771a1921672fea5da132bbed9db5fc3ae8564208038137,raw/2022-05_table09_group10001_info.json,88c2f1c6bd51a955dbe7f73a20283364eab17bf1587029ccca3faff84f047754,caption_and_validated_request_info,Sektör,7,b) Resmi Kuruluşlar,italic,3,15,109,311,37189,37628
2022-05,9,Mevduat Turler Itibariyla,10001,8,"Mevduat Türler İtibarıyla (milyon TL), Dönem:2022/5",milyon TL,raw/2022-05_table09_group10001.json,14f0fc4f5a7306235a771a1921672fea5da132bbed9db5fc3ae8564208038137,raw/2022-05_table09_group10001_info.json,88c2f1c6bd51a955dbe7f73a20283364eab17bf1587029ccca3faff84f047754,caption_and_validated_request_info,Sektör,8,c) Ticari ve Diğer Kuruluşlar,italic,539,2723,15632,47870,1146986,1213751
2022-05,9,Mevduat Turler Itibariyla,10001,9,"Mevduat Türler İtibarıyla (milyon TL), Dönem:2022/5",milyon TL,raw/2022-05_table09_group10001.json,14f0fc4f5a7306235a771a1921672fea5da132bbed9db5fc3ae8564208038137,raw/2022-05_table09_group10001_info.json,88c2f1c6bd51a955dbe7f73a20283364eab17bf1587029ccca3faff84f047754,caption_and_validated_request_info,Sektör,9,Kıymetli Maden Depo Hesapları - Yurt İçi Yerleşik,bold,7540,41796,150157,148620,139764,487877
2022-05,9,Mevduat Turler Itibariyla,10001,10,"Mevduat Türler İtibarıyla (milyon TL), Dönem:2022/5",milyon TL,raw/2022-05_table09_group10001.json,14f0fc4f5a7306235a771a1921672fea5da132bbed9db5fc3ae8564208038137,raw/2022-05_table09_group10001_info.json,88c2f1c6bd51a955dbe7f73a20283364eab17bf1587029ccca3faff84f047754,caption_and_validated_request_info,Sektör,10,a) Gerçek Kişiler,italic,7047,41368,148003,143908,119234,459561
2022-05,9,Mevduat Turler Itibariyla,10001,11,"Mevduat Türler İtibarıyla (milyon TL), Dönem:2022/5",milyon TL,raw/2022-05_table09_group10001.json,14f0fc4f5a7306235a771a1921672fea5da132bbed9db5fc3ae8564208038137,raw/2022-05_table09_group10001_info.json,88c2f1c6bd51a955dbe7f73a20283364eab17bf1587029ccca3faff84f047754,caption_and_validated_request_info,Sektör,11,b) Resmi Kuruluşlar,italic,0,1,2,3,25,31
2022-05,9,Mevduat Turler Itibariyla,10001,12,"Mevduat Türler İtibarıyla (milyon TL), Dönem:2022/5",milyon TL,raw/2022-05_table09_group10001.json,14f0fc4f5a7306235a771a1921672fea5da132bbed9db5fc3ae8564208038137,raw/2022-05_table09_group10001_info.json,88c2f1c6bd51a955dbe7f73a20283364eab17bf1587029ccca3faff84f047754,caption_and_validated_request_info,Sektör,12,c) Ticari ve Diğer Kuruluşlar,italic,493,427,2152,4709,20506,28286
2022-05,9,Mevduat Turler Itibariyla,10001,13,"Mevduat Türler İtibarıyla (milyon TL), Dönem:2022/5",milyon TL,raw/2022-05_table09_group10001.json,14f0fc4f5a7306235a771a1921672fea5da132bbed9db5fc3ae8564208038137,raw/2022-05_table09_group10001_info.json,88c2f1c6bd51a955dbe7f73a20283364eab17bf1587029ccca3faff84f047754,caption_and_validated_request_info,Sektör,13,Toplam Mevduat - Yurt İçi Yerleşik,bold,94629,251392,763637,1035901,4024235,6169793
2022-05,9,Mevduat Turler Itibariyla,10001,14,"Mevduat Türler İtibarıyla (milyon TL), Dönem:2022/5",milyon TL,raw/2022-05_table09_group10001.json,14f0fc4f5a7306235a771a1921672fea5da132bbed9db5fc3ae8564208038137,raw/2022-05_table09_group10001_info.json,88c2f1c6bd51a955dbe7f73a20283364eab17bf1587029ccca3faff84f047754,caption_and_validated_request_info,Sektör,14,Mudi Sayısı - Yurt İçi Yerleşik*,bold,130306003,9419375,6307769,2098538,589479,137301337
2022-05,9,Mevduat Turler Itibariyla,10001,15,"Mevduat Türler İtibarıyla (milyon TL), Dönem:2022/5",milyon TL,raw/2022-05_table09_group10001.json,14f0fc4f5a7306235a771a1921672fea5da132bbed9db5fc3ae8564208038137,raw/2022-05_table09_group10001_info.json,88c2f1c6bd51a955dbe7f73a20283364eab17bf1587029ccca3faff84f047754,caption_and_validated_request_info,Sektör,15,TP Mevduat / Katılım Fonları - Yurt Dışı Yerleşik,bold,1751,5563,12273,16335,27836,63758
2022-05,9,Mevduat Turler Itibariyla,10001,16,"Mevduat Türler İtibarıyla (milyon TL), Dönem:2022/5",milyon TL,raw/2022-05_table09_group10001.json,14f0fc4f5a7306235a771a1921672fea5da132bbed9db5fc3ae8564208038137,raw/2022-05_table09_group10001_info.json,88c2f1c6bd51a955dbe7f73a20283364eab17bf1587029ccca3faff84f047754,caption_and_validated_request_info,Sektör,16,a) Gerçek Kişiler,italic,1724,5475,12039,15997,22217,57451
2022-05,9,Mevduat Turler Itibariyla,10001,17,"Mevduat Türler İtibarıyla (milyon TL), Dönem:2022/5",milyon TL,raw/2022-05_table09_group10001.json,14f0fc4f5a7306235a771a1921672fea5da132bbed9db5fc3ae8564208038137,raw/2022-05_table09_group10001_info.json,88c2f1c6bd51a955dbe7f73a20283364eab17bf1587029ccca3faff84f047754,caption_and_validated_request_info,Sektör,17,b) Ticari ve Diğer Kuruluşlar,italic,27,88,234,338,5620,6306
2022-05,9,Mevduat Turler Itibariyla,10001,18,"Mevduat Türler İtibarıyla (milyon TL), Dönem:2022/5",milyon TL,raw/2022-05_table09_group10001.json,14f0fc4f5a7306235a771a1921672fea5da132bbed9db5fc3ae8564208038137,raw/2022-05_table09_group10001_info.json,88c2f1c6bd51a955dbe7f73a20283364eab17bf1587029ccca3faff84f047754,caption_and_validated_request_info,Sektör,18,Döviz Tevdiat Hesabı / Katılım Fonları - Yurt Dışı Yerleşik,bold,804,3547,21944,62076,250239,338609
2022-05,9,Mevduat Turler Itibariyla,10001,19,"Mevduat Türler İtibarıyla (milyon TL), Dönem:2022/5",milyon TL,raw/2022-05_table09_group10001.json,14f0fc4f5a7306235a771a1921672fea5da132bbed9db5fc3ae8564208038137,raw/2022-05_table09_group10001_info.json,88c2f1c6bd51a955dbe7f73a20283364eab17bf1587029ccca3faff84f047754,caption_and_validated_request_info,Sektör,19,a) Gerçek Kişiler,italic,786,3458,21530,60858,177699,264332
2022-05,9,Mevduat Turler Itibariyla,10001,20,"Mevduat Türler İtibarıyla (milyon TL), Dönem:2022/5",milyon TL,raw/2022-05_table09_group10001.json,14f0fc4f5a7306235a771a1921672fea5da132bbed9db5fc3ae8564208038137,raw/2022-05_table09_group10001_info.json,88c2f1c6bd51a955dbe7f73a20283364eab17bf1587029ccca3faff84f047754,caption_and_validated_request_info,Sektör,20,b) Ticari ve Diğer Kuruluşlar,italic,17,89,413,1218,72540,74277
2022-05,9,Mevduat Turler Itibariyla,10001,21,"Mevduat Türler İtibarıyla (milyon TL), Dönem:2022/5",milyon TL,raw/2022-05_table09_group10001.json,14f0fc4f5a7306235a771a1921672fea5da132bbed9db5fc3ae8564208038137,raw/2022-05_table09_group10001_info.json,88c2f1c6bd51a955dbe7f73a20283364eab17bf1587029ccca3faff84f047754,caption_and_validated_request_info,Sektör,21,Kıymetli Maden Depo Hesapları - Yurt Dışı Yerleşik,bold,55,275,1511,2477,3905,8222
2022-05,9,Mevduat Turler Itibariyla,10001,22,"Mevduat Türler İtibarıyla (milyon TL), Dönem:2022/5",milyon TL,raw/2022-05_table09_group10001.json,14f0fc4f5a7306235a771a1921672fea5da132bbed9db5fc3ae8564208038137,raw/2022-05_table09_group10001_info.json,88c2f1c6bd51a955dbe7f73a20283364eab17bf1587029ccca3faff84f047754,caption_and_validated_request_info,Sektör,22,a) Gerçek Kişiler,italic,54,275,1507,2473,3659,7969
2022-05,9,Mevduat Turler Itibariyla,10001,23,"Mevduat Türler İtibarıyla (milyon TL), Dönem:2022/5",milyon TL,raw/2022-05_table09_group10001.json,14f0fc4f5a7306235a771a1921672fea5da132bbed9db5fc3ae8564208038137,raw/2022-05_table09_group10001_info.json,88c2f1c6bd51a955dbe7f73a20283364eab17bf1587029ccca3faff84f047754,caption_and_validated_request_info,Sektör,23,b) Ticari ve Diğer Kuruluşlar,italic,1,1,3,3,245,254
2022-05,9,Mevduat Turler Itibariyla,10001,24,"Mevduat Türler İtibarıyla (milyon TL), Dönem:2022/5",milyon TL,raw/2022-05_table09_group10001.json,14f0fc4f5a7306235a771a1921672fea5da132bbed9db5fc3ae8564208038137,raw/2022-05_table09_group10001_info.json,88c2f1c6bd51a955dbe7f73a20283364eab17bf1587029ccca3faff84f047754,caption_and_validated_request_info,Sektör,24,Toplam Mevduat - Yurt Dışı Yerleşik,bold,2609,9385,35728,80888,281980,410589
2022-05,9,Mevduat Turler Itibariyla,10001,25,"Mevduat Türler İtibarıyla (milyon TL), Dönem:2022/5",milyon TL,raw/2022-05_table09_group10001.json,14f0fc4f5a7306235a771a1921672fea5da132bbed9db5fc3ae8564208038137,raw/2022-05_table09_group10001_info.json,88c2f1c6bd51a955dbe7f73a20283364eab17bf1587029ccca3faff84f047754,caption_and_validated_request_info,Sektör,25,Mudi Sayısı - Yurt Dışı Yerleşik*,bold,1556911,342940,279085,154299,62031,1878335
2022-05,9,Mevduat Turler Itibariyla,10001,26,"Mevduat Türler İtibarıyla (milyon TL), Dönem:2022/5",milyon TL,raw/2022-05_table09_group10001.json,14f0fc4f5a7306235a771a1921672fea5da132bbed9db5fc3ae8564208038137,raw/2022-05_table09_group10001_info.json,88c2f1c6bd51a955dbe7f73a20283364eab17bf1587029ccca3faff84f047754,caption_and_validated_request_info,Sektör,26,Toplam Mevduat,bold,97238,260777,799364,1116789,4306215,6580383
2022-06,9,Mevduat Turler Itibariyla,10001,1,"Mevduat Türler İtibarıyla (milyon TL), Dönem:2022/6",milyon TL,raw/2022-06_table09_group10001.json,638752cb2d8ab789913e1c2d31c6491cafeaea73809dea826c2f4c63ce1c2030,raw/2022-06_table09_group10001_info.json,979270affaef71a18914162f3aa8e2987a5bdc1755ead90a462822f5ab1f4e94,caption_and_validated_request_info,Sektör,1,TP Mevduat / Katılım Fonları - Yurt İçi Yerleşik,bold,79344,152944,374841,479342,1774336,2860807
2022-06,9,Mevduat Turler Itibariyla,10001,2,"Mevduat Türler İtibarıyla (milyon TL), Dönem:2022/6",milyon TL,raw/2022-06_table09_group10001.json,638752cb2d8ab789913e1c2d31c6491cafeaea73809dea826c2f4c63ce1c2030,raw/2022-06_table09_group10001_info.json,979270affaef71a18914162f3aa8e2987a5bdc1755ead90a462822f5ab1f4e94,caption_and_validated_request_info,Sektör,2,a) Gerçek Kişiler,italic,72133,133307,323705,400053,592922,1522119
2022-06,9,Mevduat Turler Itibariyla,10001,3,"Mevduat Türler İtibarıyla (milyon TL), Dönem:2022/6",milyon TL,raw/2022-06_table09_group10001.json,638752cb2d8ab789913e1c2d31c6491cafeaea73809dea826c2f4c63ce1c2030,raw/2022-06_table09_group10001_info.json,979270affaef71a18914162f3aa8e2987a5bdc1755ead90a462822f5ab1f4e94,caption_and_validated_request_info,Sektör,3,b) Resmi Kuruluşlar,italic,135,434,1157,2630,223259,227616
2022-06,9,Mevduat Turler Itibariyla,10001,4,"Mevduat Türler İtibarıyla (milyon TL), Dönem:2022/6",milyon TL,raw/2022-06_table09_group10001.json,638752cb2d8ab789913e1c2d31c6491cafeaea73809dea826c2f4c63ce1c2030,raw/2022-06_table09_group10001_info.json,979270affaef71a18914162f3aa8e2987a5bdc1755ead90a462822f5ab1f4e94,caption_and_validated_request_info,Sektör,4,c) Ticari ve Diğer Kuruluşlar,italic,7075,19203,49980,76658,958156,1111072
2022-06,9,Mevduat Turler Itibariyla,10001,5,"Mevduat Türler İtibarıyla (milyon TL), Dönem:2022/6",milyon TL,raw/2022-06_table09_group10001.json,638752cb2d8ab789913e1c2d31c6491cafeaea73809dea826c2f4c63ce1c2030,raw/2022-06_table09_group10001_info.json,979270affaef71a18914162f3aa8e2987a5bdc1755ead90a462822f5ab1f4e94,caption_and_validated_request_info,Sektör,5,Döviz Tevdiat Hesabı / Katılım Fonları - Yurt İçi Yerleşik,bold,10021,59484,246688,431509,2284706,3032409
2022-06,9,Mevduat Turler Itibariyla,10001,6,"Mevduat Türler İtibarıyla (milyon TL), Dönem:2022/6",milyon TL,raw/2022-06_table09_group10001.json,638752cb2d8ab789913e1c2d31c6491cafeaea73809dea826c2f4c63ce1c2030,raw/2022-06_table09_group10001_info.json,979270affaef71a18914162f3aa8e2987a5bdc1755ead90a462822f5ab1f4e94,caption_and_validated_request_info,Sektör,6,a) Gerçek Kişiler,italic,9472,56762,231048,383400,1089927,1770609
2022-06,9,Mevduat Turler Itibariyla,10001,7,"Mevduat Türler İtibarıyla (milyon TL), Dönem:2022/6",milyon TL,raw/2022-06_table09_group10001.json,638752cb2d8ab789913e1c2d31c6491cafeaea73809dea826c2f4c63ce1c2030,raw/2022-06_table09_group10001_info.json,979270affaef71a18914162f3aa8e2987a5bdc1755ead90a462822f5ab1f4e94,caption_and_validated_request_info,Sektör,7,b) Resmi Kuruluşlar,italic,3,15,114,312,38718,39161
2022-06,9,Mevduat Turler Itibariyla,10001,8,"Mevduat Türler İtibarıyla (milyon TL), Dönem:2022/6",milyon TL,raw/2022-06_table09_group10001.json,638752cb2d8ab789913e1c2d31c6491cafeaea73809dea826c2f4c63ce1c2030,raw/2022-06_table09_group10001_info.json,979270affaef71a18914162f3aa8e2987a5bdc1755ead90a462822f5ab1f4e94,caption_and_validated_request_info,Sektör,8,c) Ticari ve Diğer Kuruluşlar,italic,546,2707,15527,47797,1156061,1222639
2022-06,9,Mevduat Turler Itibariyla,10001,9,"Mevduat Türler İtibarıyla (milyon TL), Dönem:2022/6",milyon TL,raw/2022-06_table09_group10001.json,638752cb2d8ab789913e1c2d31c6491cafeaea73809dea826c2f4c63ce1c2030,raw/2022-06_table09_group10001_info.json,979270affaef71a18914162f3aa8e2987a5bdc1755ead90a462822f5ab1f4e94,caption_and_validated_request_info,Sektör,9,Kıymetli Maden Depo Hesapları - Yurt İçi Yerleşik,bold,7550,41437,146788,143794,135482,475050
2022-06,9,Mevduat Turler Itibariyla,10001,10,"Mevduat Türler İtibarıyla (milyon TL), Dönem:2022/6",milyon TL,raw/2022-06_table09_group10001.json,638752cb2d8ab789913e1c2d31c6491cafeaea73809dea826c2f4c63ce1c2030,raw/2022-06_table09_group10001_info.json,979270affaef71a18914162f3aa8e2987a5bdc1755ead90a462822f5ab1f4e94,caption_and_validated_request_info,Sektör,10,a) Gerçek Kişiler,italic,7041,41003,144674,139219,115681,447618
2022-06,9,Mevduat Turler Itibariyla,10001,11,"Mevduat Türler İtibarıyla (milyon TL), Dönem:2022/6",milyon TL,raw/2022-06_table09_group10001.json,638752cb2d8ab789913e1c2d31c6491cafeaea73809dea826c2f4c63ce1c2030,raw/2022-06_table09_group10001_info.json,979270affaef71a18914162f3aa8e2987a5bdc1755ead90a462822f5ab1f4e94,caption_and_validated_request_info,Sektör,11,b) Resmi Kuruluşlar,italic,0,1,2,2,27,33
2022-06,9,Mevduat Turler Itibariyla,10001,12,"Mevduat Türler İtibarıyla (milyon TL), Dönem:2022/6",milyon TL,raw/2022-06_table09_group10001.json,638752cb2d8ab789913e1c2d31c6491cafeaea73809dea826c2f4c63ce1c2030,raw/2022-06_table09_group10001_info.json,979270affaef71a18914162f3aa8e2987a5bdc1755ead90a462822f5ab1f4e94,caption_and_validated_request_info,Sektör,12,c) Ticari ve Diğer Kuruluşlar,italic,509,433,2112,4572,19773,27399
2022-06,9,Mevduat Turler Itibariyla,10001,13,"Mevduat Türler İtibarıyla (milyon TL), Dönem:2022/6",milyon TL,raw/2022-06_table09_group10001.json,638752cb2d8ab789913e1c2d31c6491cafeaea73809dea826c2f4c63ce1c2030,raw/2022-06_table09_group10001_info.json,979270affaef71a18914162f3aa8e2987a5bdc1755ead90a462822f5ab1f4e94,caption_and_validated_request_info,Sektör,13,Toplam Mevduat - Yurt İçi Yerleşik,bold,96914,253865,768317,1054644,4194525,6368265
2022-06,9,Mevduat Turler Itibariyla,10001,14,"Mevduat Türler İtibarıyla (milyon TL), Dönem:2022/6",milyon TL,raw/2022-06_table09_group10001.json,638752cb2d8ab789913e1c2d31c6491cafeaea73809dea826c2f4c63ce1c2030,raw/2022-06_table09_group10001_info.json,979270affaef71a18914162f3aa8e2987a5bdc1755ead90a462822f5ab1f4e94,caption_and_validated_request_info,Sektör,14,Mudi Sayısı - Yurt İçi Yerleşik*,bold,130996796,9557154,6356008,2133868,607990,138185614
2022-06,9,Mevduat Turler Itibariyla,10001,15,"Mevduat Türler İtibarıyla (milyon TL), Dönem:2022/6",milyon TL,raw/2022-06_table09_group10001.json,638752cb2d8ab789913e1c2d31c6491cafeaea73809dea826c2f4c63ce1c2030,raw/2022-06_table09_group10001_info.json,979270affaef71a18914162f3aa8e2987a5bdc1755ead90a462822f5ab1f4e94,caption_and_validated_request_info,Sektör,15,TP Mevduat / Katılım Fonları - Yurt Dışı Yerleşik,bold,1788,5545,12503,16984,30108,66928
2022-06,9,Mevduat Turler Itibariyla,10001,16,"Mevduat Türler İtibarıyla (milyon TL), Dönem:2022/6",milyon TL,raw/2022-06_table09_group10001.json,638752cb2d8ab789913e1c2d31c6491cafeaea73809dea826c2f4c63ce1c2030,raw/2022-06_table09_group10001_info.json,979270affaef71a18914162f3aa8e2987a5bdc1755ead90a462822f5ab1f4e94,caption_and_validated_request_info,Sektör,16,a) Gerçek Kişiler,italic,1760,5454,12263,16641,24276,60394
2022-06,9,Mevduat Turler Itibariyla,10001,17,"Mevduat Türler İtibarıyla (milyon TL), Dönem:2022/6",milyon TL,raw/2022-06_table09_group10001.json,638752cb2d8ab789913e1c2d31c6491cafeaea73809dea826c2f4c63ce1c2030,raw/2022-06_table09_group10001_info.json,979270affaef71a18914162f3aa8e2987a5bdc1755ead90a462822f5ab1f4e94,caption_and_validated_request_info,Sektör,17,b) Ticari ve Diğer Kuruluşlar,italic,28,90,240,343,5832,6533
2022-06,9,Mevduat Turler Itibariyla,10001,18,"Mevduat Türler İtibarıyla (milyon TL), Dönem:2022/6",milyon TL,raw/2022-06_table09_group10001.json,638752cb2d8ab789913e1c2d31c6491cafeaea73809dea826c2f4c63ce1c2030,raw/2022-06_table09_group10001_info.json,979270affaef71a18914162f3aa8e2987a5bdc1755ead90a462822f5ab1f4e94,caption_and_validated_request_info,Sektör,18,Döviz Tevdiat Hesabı / Katılım Fonları - Yurt Dışı Yerleşik,bold,834,3647,22480,63288,262011,352260
2022-06,9,Mevduat Turler Itibariyla,10001,19,"Mevduat Türler İtibarıyla (milyon TL), Dönem:2022/6",milyon TL,raw/2022-06_table09_group10001.json,638752cb2d8ab789913e1c2d31c6491cafeaea73809dea826c2f4c63ce1c2030,raw/2022-06_table09_group10001_info.json,979270affaef71a18914162f3aa8e2987a5bdc1755ead90a462822f5ab1f4e94,caption_and_validated_request_info,Sektör,19,a) Gerçek Kişiler,italic,816,3559,22069,62012,181973,270429
2022-06,9,Mevduat Turler Itibariyla,10001,20,"Mevduat Türler İtibarıyla (milyon TL), Dönem:2022/6",milyon TL,raw/2022-06_table09_group10001.json,638752cb2d8ab789913e1c2d31c6491cafeaea73809dea826c2f4c63ce1c2030,raw/2022-06_table09_group10001_info.json,979270affaef71a18914162f3aa8e2987a5bdc1755ead90a462822f5ab1f4e94,caption_and_validated_request_info,Sektör,20,b) Ticari ve Diğer Kuruluşlar,italic,18,87,412,1276,80038,81831
2022-06,9,Mevduat Turler Itibariyla,10001,21,"Mevduat Türler İtibarıyla (milyon TL), Dönem:2022/6",milyon TL,raw/2022-06_table09_group10001.json,638752cb2d8ab789913e1c2d31c6491cafeaea73809dea826c2f4c63ce1c2030,raw/2022-06_table09_group10001_info.json,979270affaef71a18914162f3aa8e2987a5bdc1755ead90a462822f5ab1f4e94,caption_and_validated_request_info,Sektör,21,Kıymetli Maden Depo Hesapları - Yurt Dışı Yerleşik,bold,55,279,1513,2460,3716,8023
2022-06,9,Mevduat Turler Itibariyla,10001,22,"Mevduat Türler İtibarıyla (milyon TL), Dönem:2022/6",milyon TL,raw/2022-06_table09_group10001.json,638752cb2d8ab789913e1c2d31c6491cafeaea73809dea826c2f4c63ce1c2030,raw/2022-06_table09_group10001_info.json,979270affaef71a18914162f3aa8e2987a5bdc1755ead90a462822f5ab1f4e94,caption_and_validated_request_info,Sektör,22,a) Gerçek Kişiler,italic,54,278,1510,2457,3551,7850
2022-06,9,Mevduat Turler Itibariyla,10001,23,"Mevduat Türler İtibarıyla (milyon TL), Dönem:2022/6",milyon TL,raw/2022-06_table09_group10001.json,638752cb2d8ab789913e1c2d31c6491cafeaea73809dea826c2f4c63ce1c2030,raw/2022-06_table09_group10001_info.json,979270affaef71a18914162f3aa8e2987a5bdc1755ead90a462822f5ab1f4e94,caption_and_validated_request_info,Sektör,23,b) Ticari ve Diğer Kuruluşlar,italic,1,1,3,4,165,174
2022-06,9,Mevduat Turler Itibariyla,10001,24,"Mevduat Türler İtibarıyla (milyon TL), Dönem:2022/6",milyon TL,raw/2022-06_table09_group10001.json,638752cb2d8ab789913e1c2d31c6491cafeaea73809dea826c2f4c63ce1c2030,raw/2022-06_table09_group10001_info.json,979270affaef71a18914162f3aa8e2987a5bdc1755ead90a462822f5ab1f4e94,caption_and_validated_request_info,Sektör,24,Toplam Mevduat - Yurt Dışı Yerleşik,bold,2676,9470,36497,82733,295835,427211
2022-06,9,Mevduat Turler Itibariyla,10001,25,"Mevduat Türler İtibarıyla (milyon TL), Dönem:2022/6",milyon TL,raw/2022-06_table09_group10001.json,638752cb2d8ab789913e1c2d31c6491cafeaea73809dea826c2f4c63ce1c2030,raw/2022-06_table09_group10001_info.json,979270affaef71a18914162f3aa8e2987a5bdc1755ead90a462822f5ab1f4e94,caption_and_validated_request_info,Sektör,25,Mudi Sayısı - Yurt Dışı Yerleşik*,bold,1571688,344655,285674,158003,63924,1887836
2022-06,9,Mevduat Turler Itibariyla,10001,26,"Mevduat Türler İtibarıyla (milyon TL), Dönem:2022/6",milyon TL,raw/2022-06_table09_group10001.json,638752cb2d8ab789913e1c2d31c6491cafeaea73809dea826c2f4c63ce1c2030,raw/2022-06_table09_group10001_info.json,979270affaef71a18914162f3aa8e2987a5bdc1755ead90a462822f5ab1f4e94,caption_and_validated_request_info,Sektör,26,Toplam Mevduat,bold,99590,263334,804814,1137377,4490360,6795476
2022-07,9,Mevduat Turler Itibariyla,10001,1,"Mevduat Türler İtibarıyla (milyon TL), Dönem:2022/7",milyon TL,raw/2022-07_table09_group10001.json,f8949f41f9d6c154724dd7ab0239452d3cfec3eca1ed7d56b3628985587c6a30,raw/2022-07_table09_group10001_info.json,e4b02037ccdce7dfbe7df5733fef0ca667b310f6001c782b7e38d7f35e2d1082,caption_and_validated_request_info,Sektör,1,TP Mevduat / Katılım Fonları - Yurt İçi Yerleşik,bold,84225,163194,393931,517215,2016596,3175162
2022-07,9,Mevduat Turler Itibariyla,10001,2,"Mevduat Türler İtibarıyla (milyon TL), Dönem:2022/7",milyon TL,raw/2022-07_table09_group10001.json,f8949f41f9d6c154724dd7ab0239452d3cfec3eca1ed7d56b3628985587c6a30,raw/2022-07_table09_group10001_info.json,e4b02037ccdce7dfbe7df5733fef0ca667b310f6001c782b7e38d7f35e2d1082,caption_and_validated_request_info,Sektör,2,a) Gerçek Kişiler,italic,76868,141542,335174,425332,656209,1635125
2022-07,9,Mevduat Turler Itibariyla,10001,3,"Mevduat Türler İtibarıyla (milyon TL), Dönem:2022/7",milyon TL,raw/2022-07_table09_group10001.json,f8949f41f9d6c154724dd7ab0239452d3cfec3eca1ed7d56b3628985587c6a30,raw/2022-07_table09_group10001_info.json,e4b02037ccdce7dfbe7df5733fef0ca667b310f6001c782b7e38d7f35e2d1082,caption_and_validated_request_info,Sektör,3,b) Resmi Kuruluşlar,italic,135,411,1140,3162,318062,322909
2022-07,9,Mevduat Turler Itibariyla,10001,4,"Mevduat Türler İtibarıyla (milyon TL), Dönem:2022/7",milyon TL,raw/2022-07_table09_group10001.json,f8949f41f9d6c154724dd7ab0239452d3cfec3eca1ed7d56b3628985587c6a30,raw/2022-07_table09_group10001_info.json,e4b02037ccdce7dfbe7df5733fef0ca667b310f6001c782b7e38d7f35e2d1082,caption_and_validated_request_info,Sektör,4,c) Ticari ve Diğer Kuruluşlar,italic,7223,21241,57617,88721,1042326,1217128
2022-07,9,Mevduat Turler Itibariyla,10001,5,"Mevduat Türler İtibarıyla (milyon TL), Dönem:2022/7",milyon TL,raw/2022-07_table09_group10001.json,f8949f41f9d6c154724dd7ab0239452d3cfec3eca1ed7d56b3628985587c6a30,raw/2022-07_table09_group10001_info.json,e4b02037ccdce7dfbe7df5733fef0ca667b310f6001c782b7e38d7f35e2d1082,caption_and_validated_request_info,Sektör,5,Döviz Tevdiat Hesabı / Katılım Fonları - Yurt İçi Yerleşik,bold,9970,59107,251750,452309,2534289,3307425
2022-07,9,Mevduat Turler Itibariyla,10001,6,"Mevduat Türler İtibarıyla (milyon TL), Dönem:2022/7",milyon TL,raw/2022-07_table09_group10001.json,f8949f41f9d6c154724dd7ab0239452d3cfec3eca1ed7d56b3628985587c6a30,raw/2022-07_table09_group10001_info.json,e4b02037ccdce7dfbe7df5733fef0ca667b310f6001c782b7e38d7f35e2d1082,caption_and_validated_request_info,Sektör,6,a) Gerçek Kişiler,italic,9420,56430,236113,403389,1177404,1882756
2022-07,9,Mevduat Turler Itibariyla,10001,7,"Mevduat Türler İtibarıyla (milyon TL), Dönem:2022/7",milyon TL,raw/2022-07_table09_group10001.json,f8949f41f9d6c154724dd7ab0239452d3cfec3eca1ed7d56b3628985587c6a30,raw/2022-07_table09_group10001_info.json,e4b02037ccdce7dfbe7df5733fef0ca667b310f6001c782b7e38d7f35e2d1082,caption_and_validated_request_info,Sektör,7,b) Resmi Kuruluşlar,italic,3,15,117,312,38981,39428
2022-07,9,Mevduat Turler Itibariyla,10001,8,"Mevduat Türler İtibarıyla (milyon TL), Dönem:2022/7",milyon TL,raw/2022-07_table09_group10001.json,f8949f41f9d6c154724dd7ab0239452d3cfec3eca1ed7d56b3628985587c6a30,raw/2022-07_table09_group10001_info.json,e4b02037ccdce7dfbe7df5733fef0ca667b310f6001c782b7e38d7f35e2d1082,caption_and_validated_request_info,Sektör,8,c) Ticari ve Diğer Kuruluşlar,italic,547,2661,15520,48608,1317904,1385241
2022-07,9,Mevduat Turler Itibariyla,10001,9,"Mevduat Türler İtibarıyla (milyon TL), Dönem:2022/7",milyon TL,raw/2022-07_table09_group10001.json,f8949f41f9d6c154724dd7ab0239452d3cfec3eca1ed7d56b3628985587c6a30,raw/2022-07_table09_group10001_info.json,e4b02037ccdce7dfbe7df5733fef0ca667b310f6001c782b7e38d7f35e2d1082,caption_and_validated_request_info,Sektör,9,Kıymetli Maden Depo Hesapları - Yurt İçi Yerleşik,bold,7022,41575,153674,150004,151895,504170
2022-07,9,Mevduat Turler Itibariyla,10001,10,"Mevduat Türler İtibarıyla (milyon TL), Dönem:2022/7",milyon TL,raw/2022-07_table09_group10001.json,f8949f41f9d6c154724dd7ab0239452d3cfec3eca1ed7d56b3628985587c6a30,raw/2022-07_table09_group10001_info.json,e4b02037ccdce7dfbe7df5733fef0ca667b310f6001c782b7e38d7f35e2d1082,caption_and_validated_request_info,Sektör,10,a) Gerçek Kişiler,italic,6500,41148,151464,145517,130567,475196
2022-07,9,Mevduat Turler Itibariyla,10001,11,"Mevduat Türler İtibarıyla (milyon TL), Dönem:2022/7",milyon TL,raw/2022-07_table09_group10001.json,f8949f41f9d6c154724dd7ab0239452d3cfec3eca1ed7d56b3628985587c6a30,raw/2022-07_table09_group10001_info.json,e4b02037ccdce7dfbe7df5733fef0ca667b310f6001c782b7e38d7f35e2d1082,caption_and_validated_request_info,Sektör,11,b) Resmi Kuruluşlar,italic,0,1,2,1,37,41
2022-07,9,Mevduat Turler Itibariyla,10001,12,"Mevduat Türler İtibarıyla (milyon TL), Dönem:2022/7",milyon TL,raw/2022-07_table09_group10001.json,f8949f41f9d6c154724dd7ab0239452d3cfec3eca1ed7d56b3628985587c6a30,raw/2022-07_table09_group10001_info.json,e4b02037ccdce7dfbe7df5733fef0ca667b310f6001c782b7e38d7f35e2d1082,caption_and_validated_request_info,Sektör,12,c) Ticari ve Diğer Kuruluşlar,italic,521,427,2207,4486,21292,28933
2022-07,9,Mevduat Turler Itibariyla,10001,13,"Mevduat Türler İtibarıyla (milyon TL), Dönem:2022/7",milyon TL,raw/2022-07_table09_group10001.json,f8949f41f9d6c154724dd7ab0239452d3cfec3eca1ed7d56b3628985587c6a30,raw/2022-07_table09_group10001_info.json,e4b02037ccdce7dfbe7df5733fef0ca667b310f6001c782b7e38d7f35e2d1082,caption_and_validated_request_info,Sektör,13,Toplam Mevduat - Yurt İçi Yerleşik,bold,101217,263876,799356,1119528,4702780,6986757
2022-07,9,Mevduat Turler Itibariyla,10001,14,"Mevduat Türler İtibarıyla (milyon TL), Dönem:2022/7",milyon TL,raw/2022-07_table09_group10001.json,f8949f41f9d6c154724dd7ab0239452d3cfec3eca1ed7d56b3628985587c6a30,raw/2022-07_table09_group10001_info.json,e4b02037ccdce7dfbe7df5733fef0ca667b310f6001c782b7e38d7f35e2d1082,caption_and_validated_request_info,Sektör,14,Mudi Sayısı - Yurt İçi Yerleşik*,bold,132033831,10016117,6611836,2262412,658151,135070995
2022-07,9,Mevduat Turler Itibariyla,10001,15,"Mevduat Türler İtibarıyla (milyon TL), Dönem:2022/7",milyon TL,raw/2022-07_table09_group10001.json,f8949f41f9d6c154724dd7ab0239452d3cfec3eca1ed7d56b3628985587c6a30,raw/2022-07_table09_group10001_info.json,e4b02037ccdce7dfbe7df5733fef0ca667b310f6001c782b7e38d7f35e2d1082,caption_and_validated_request_info,Sektör,15,TP Mevduat / Katılım Fonları - Yurt Dışı Yerleşik,bold,1871,5616,12587,17948,34169,72192
2022-07,9,Mevduat Turler Itibariyla,10001,16,"Mevduat Türler İtibarıyla (milyon TL), Dönem:2022/7",milyon TL,raw/2022-07_table09_group10001.json,f8949f41f9d6c154724dd7ab0239452d3cfec3eca1ed7d56b3628985587c6a30,raw/2022-07_table09_group10001_info.json,e4b02037ccdce7dfbe7df5733fef0ca667b310f6001c782b7e38d7f35e2d1082,caption_and_validated_request_info,Sektör,16,a) Gerçek Kişiler,italic,1843,5524,12321,17550,28796,66034
2022-07,9,Mevduat Turler Itibariyla,10001,17,"Mevduat Türler İtibarıyla (milyon TL), Dönem:2022/7",milyon TL,raw/2022-07_table09_group10001.json,f8949f41f9d6c154724dd7ab0239452d3cfec3eca1ed7d56b3628985587c6a30,raw/2022-07_table09_group10001_info.json,e4b02037ccdce7dfbe7df5733fef0ca667b310f6001c782b7e38d7f35e2d1082,caption_and_validated_request_info,Sektör,17,b) Ticari ve Diğer Kuruluşlar,italic,28,93,266,398,5373,6158
2022-07,9,Mevduat Turler Itibariyla,10001,18,"Mevduat Türler İtibarıyla (milyon TL), Dönem:2022/7",milyon TL,raw/2022-07_table09_group10001.json,f8949f41f9d6c154724dd7ab0239452d3cfec3eca1ed7d56b3628985587c6a30,raw/2022-07_table09_group10001_info.json,e4b02037ccdce7dfbe7df5733fef0ca667b310f6001c782b7e38d7f35e2d1082,caption_and_validated_request_info,Sektör,18,Döviz Tevdiat Hesabı / Katılım Fonları - Yurt Dışı Yerleşik,bold,892,3712,23132,66459,295156,389351
2022-07,9,Mevduat Turler Itibariyla,10001,19,"Mevduat Türler İtibarıyla (milyon TL), Dönem:2022/7",milyon TL,raw/2022-07_table09_group10001.json,f8949f41f9d6c154724dd7ab0239452d3cfec3eca1ed7d56b3628985587c6a30,raw/2022-07_table09_group10001_info.json,e4b02037ccdce7dfbe7df5733fef0ca667b310f6001c782b7e38d7f35e2d1082,caption_and_validated_request_info,Sektör,19,a) Gerçek Kişiler,italic,875,3623,22697,65139,201245,293578
2022-07,9,Mevduat Turler Itibariyla,10001,20,"Mevduat Türler İtibarıyla (milyon TL), Dönem:2022/7",milyon TL,raw/2022-07_table09_group10001.json,f8949f41f9d6c154724dd7ab0239452d3cfec3eca1ed7d56b3628985587c6a30,raw/2022-07_table09_group10001_info.json,e4b02037ccdce7dfbe7df5733fef0ca667b310f6001c782b7e38d7f35e2d1082,caption_and_validated_request_info,Sektör,20,b) Ticari ve Diğer Kuruluşlar,italic,18,89,435,1319,93911,95772
2022-07,9,Mevduat Turler Itibariyla,10001,21,"Mevduat Türler İtibarıyla (milyon TL), Dönem:2022/7",milyon TL,raw/2022-07_table09_group10001.json,f8949f41f9d6c154724dd7ab0239452d3cfec3eca1ed7d56b3628985587c6a30,raw/2022-07_table09_group10001_info.json,e4b02037ccdce7dfbe7df5733fef0ca667b310f6001c782b7e38d7f35e2d1082,caption_and_validated_request_info,Sektör,21,Kıymetli Maden Depo Hesapları - Yurt Dışı Yerleşik,bold,51,271,1568,2513,4242,8645
2022-07,9,Mevduat Turler Itibariyla,10001,22,"Mevduat Türler İtibarıyla (milyon TL), Dönem:2022/7",milyon TL,raw/2022-07_table09_group10001.json,f8949f41f9d6c154724dd7ab0239452d3cfec3eca1ed7d56b3628985587c6a30,raw/2022-07_table09_group10001_info.json,e4b02037ccdce7dfbe7df5733fef0ca667b310f6001c782b7e38d7f35e2d1082,caption_and_validated_request_info,Sektör,22,a) Gerçek Kişiler,italic,50,270,1565,2509,4069,8464
2022-07,9,Mevduat Turler Itibariyla,10001,23,"Mevduat Türler İtibarıyla (milyon TL), Dönem:2022/7",milyon TL,raw/2022-07_table09_group10001.json,f8949f41f9d6c154724dd7ab0239452d3cfec3eca1ed7d56b3628985587c6a30,raw/2022-07_table09_group10001_info.json,e4b02037ccdce7dfbe7df5733fef0ca667b310f6001c782b7e38d7f35e2d1082,caption_and_validated_request_info,Sektör,23,b) Ticari ve Diğer Kuruluşlar,italic,1,1,3,4,173,181
2022-07,9,Mevduat Turler Itibariyla,10001,24,"Mevduat Türler İtibarıyla (milyon TL), Dönem:2022/7",milyon TL,raw/2022-07_table09_group10001.json,f8949f41f9d6c154724dd7ab0239452d3cfec3eca1ed7d56b3628985587c6a30,raw/2022-07_table09_group10001_info.json,e4b02037ccdce7dfbe7df5733fef0ca667b310f6001c782b7e38d7f35e2d1082,caption_and_validated_request_info,Sektör,24,Toplam Mevduat - Yurt Dışı Yerleşik,bold,2814,9599,37287,86921,333567,470188
2022-07,9,Mevduat Turler Itibariyla,10001,25,"Mevduat Türler İtibarıyla (milyon TL), Dönem:2022/7",milyon TL,raw/2022-07_table09_group10001.json,f8949f41f9d6c154724dd7ab0239452d3cfec3eca1ed7d56b3628985587c6a30,raw/2022-07_table09_group10001_info.json,e4b02037ccdce7dfbe7df5733fef0ca667b310f6001c782b7e38d7f35e2d1082,caption_and_validated_request_info,Sektör,25,Mudi Sayısı - Yurt Dışı Yerleşik*,bold,1599742,350483,290293,164824,69096,1892862
2022-07,9,Mevduat Turler Itibariyla,10001,26,"Mevduat Türler İtibarıyla (milyon TL), Dönem:2022/7",milyon TL,raw/2022-07_table09_group10001.json,f8949f41f9d6c154724dd7ab0239452d3cfec3eca1ed7d56b3628985587c6a30,raw/2022-07_table09_group10001_info.json,e4b02037ccdce7dfbe7df5733fef0ca667b310f6001c782b7e38d7f35e2d1082,caption_and_validated_request_info,Sektör,26,Toplam Mevduat,bold,104032,273475,836643,1206449,5036347,7456945
2022-08,9,Mevduat Turler Itibariyla,10001,1,"Mevduat Türler İtibarıyla (milyon TL), Dönem:2022/8",milyon TL,raw/2022-08_table09_group10001.json,5e6feb3bd5913db00f20e8db803d6e3109cd171ef44bac4ab1fbb500bbcdb239,raw/2022-08_table09_group10001_info.json,abf1c95b444cad57ec410c4c294caa3a50da9d46951581f270d289971d4db50c,caption_and_validated_request_info,Sektör,1,TP Mevduat / Katılım Fonları - Yurt İçi Yerleşik,bold,85991,167532,402442,537769,2201511,3395245
2022-08,9,Mevduat Turler Itibariyla,10001,2,"Mevduat Türler İtibarıyla (milyon TL), Dönem:2022/8",milyon TL,raw/2022-08_table09_group10001.json,5e6feb3bd5913db00f20e8db803d6e3109cd171ef44bac4ab1fbb500bbcdb239,raw/2022-08_table09_group10001_info.json,abf1c95b444cad57ec410c4c294caa3a50da9d46951581f270d289971d4db50c,caption_and_validated_request_info,Sektör,2,a) Gerçek Kişiler,italic,78729,147070,347439,451953,757846,1783036
2022-08,9,Mevduat Turler Itibariyla,10001,3,"Mevduat Türler İtibarıyla (milyon TL), Dönem:2022/8",milyon TL,raw/2022-08_table09_group10001.json,5e6feb3bd5913db00f20e8db803d6e3109cd171ef44bac4ab1fbb500bbcdb239,raw/2022-08_table09_group10001_info.json,abf1c95b444cad57ec410c4c294caa3a50da9d46951581f270d289971d4db50c,caption_and_validated_request_info,Sektör,3,b) Resmi Kuruluşlar,italic,129,411,1172,2861,328558,333131
2022-08,9,Mevduat Turler Itibariyla,10001,4,"Mevduat Türler İtibarıyla (milyon TL), Dönem:2022/8",milyon TL,raw/2022-08_table09_group10001.json,5e6feb3bd5913db00f20e8db803d6e3109cd171ef44bac4ab1fbb500bbcdb239,raw/2022-08_table09_group10001_info.json,abf1c95b444cad57ec410c4c294caa3a50da9d46951581f270d289971d4db50c,caption_and_validated_request_info,Sektör,4,c) Ticari ve Diğer Kuruluşlar,italic,7133,20051,53830,82956,1115107,1279078
2022-08,9,Mevduat Turler Itibariyla,10001,5,"Mevduat Türler İtibarıyla (milyon TL), Dönem:2022/8",milyon TL,raw/2022-08_table09_group10001.json,5e6feb3bd5913db00f20e8db803d6e3109cd171ef44bac4ab1fbb500bbcdb239,raw/2022-08_table09_group10001_info.json,abf1c95b444cad57ec410c4c294caa3a50da9d46951581f270d289971d4db50c,caption_and_validated_request_info,Sektör,5,Döviz Tevdiat Hesabı / Katılım Fonları - Yurt İçi Yerleşik,bold,10093,59477,251184,451714,2581055,3353523
2022-08,9,Mevduat Turler Itibariyla,10001,6,"Mevduat Türler İtibarıyla (milyon TL), Dönem:2022/8",milyon TL,raw/2022-08_table09_group10001.json,5e6feb3bd5913db00f20e8db803d6e3109cd171ef44bac4ab1fbb500bbcdb239,raw/2022-08_table09_group10001_info.json,abf1c95b444cad57ec410c4c294caa3a50da9d46951581f270d289971d4db50c,caption_and_validated_request_info,Sektör,6,a) Gerçek Kişiler,italic,9539,56830,235836,403332,1175084,1880621
2022-08,9,Mevduat Turler Itibariyla,10001,7,"Mevduat Türler İtibarıyla (milyon TL), Dönem:2022/8",milyon TL,raw/2022-08_table09_group10001.json,5e6feb3bd5913db00f20e8db803d6e3109cd171ef44bac4ab1fbb500bbcdb239,raw/2022-08_table09_group10001_info.json,abf1c95b444cad57ec410c4c294caa3a50da9d46951581f270d289971d4db50c,caption_and_validated_request_info,Sektör,7,b) Resmi Kuruluşlar,italic,3,16,116,319,39728,40181
2022-08,9,Mevduat Turler Itibariyla,10001,8,"Mevduat Türler İtibarıyla (milyon TL), Dönem:2022/8",milyon TL,raw/2022-08_table09_group10001.json,5e6feb3bd5913db00f20e8db803d6e3109cd171ef44bac4ab1fbb500bbcdb239,raw/2022-08_table09_group10001_info.json,abf1c95b444cad57ec410c4c294caa3a50da9d46951581f270d289971d4db50c,caption_and_validated_request_info,Sektör,8,c) Ticari ve Diğer Kuruluşlar,italic,552,2630,15232,48064,1366243,1432721
2022-08,9,Mevduat Turler Itibariyla,10001,9,"Mevduat Türler İtibarıyla (milyon TL), Dönem:2022/8",milyon TL,raw/2022-08_table09_group10001.json,5e6feb3bd5913db00f20e8db803d6e3109cd171ef44bac4ab1fbb500bbcdb239,raw/2022-08_table09_group10001_info.json,abf1c95b444cad57ec410c4c294caa3a50da9d46951581f270d289971d4db50c,caption_and_validated_request_info,Sektör,9,Kıymetli Maden Depo Hesapları - Yurt İçi Yerleşik,bold,7522,42585,153100,149404,146828,499439
2022-08,9,Mevduat Turler Itibariyla,10001,10,"Mevduat Türler İtibarıyla (milyon TL), Dönem:2022/8",milyon TL,raw/2022-08_table09_group10001.json,5e6feb3bd5913db00f20e8db803d6e3109cd171ef44bac4ab1fbb500bbcdb239,raw/2022-08_table09_group10001_info.json,abf1c95b444cad57ec410c4c294caa3a50da9d46951581f270d289971d4db50c,caption_and_validated_request_info,Sektör,10,a) Gerçek Kişiler,italic,6980,42142,150867,144725,125327,470040
2022-08,9,Mevduat Turler Itibariyla,10001,11,"Mevduat Türler İtibarıyla (milyon TL), Dönem:2022/8",milyon TL,raw/2022-08_table09_group10001.json,5e6feb3bd5913db00f20e8db803d6e3109cd171ef44bac4ab1fbb500bbcdb239,raw/2022-08_table09_group10001_info.json,abf1c95b444cad57ec410c4c294caa3a50da9d46951581f270d289971d4db50c,caption_and_validated_request_info,Sektör,11,b) Resmi Kuruluşlar,italic,0,1,2,2,35,40
2022-08,9,Mevduat Turler Itibariyla,10001,12,"Mevduat Türler İtibarıyla (milyon TL), Dönem:2022/8",milyon TL,raw/2022-08_table09_group10001.json,5e6feb3bd5913db00f20e8db803d6e3109cd171ef44bac4ab1fbb500bbcdb239,raw/2022-08_table09_group10001_info.json,abf1c95b444cad57ec410c4c294caa3a50da9d46951581f270d289971d4db50c,caption_and_validated_request_info,Sektör,12,c) Ticari ve Diğer Kuruluşlar,italic,542,442,2231,4677,21466,29359
2022-08,9,Mevduat Turler Itibariyla,10001,13,"Mevduat Türler İtibarıyla (milyon TL), Dönem:2022/8",milyon TL,raw/2022-08_table09_group10001.json,5e6feb3bd5913db00f20e8db803d6e3109cd171ef44bac4ab1fbb500bbcdb239,raw/2022-08_table09_group10001_info.json,abf1c95b444cad57ec410c4c294caa3a50da9d46951581f270d289971d4db50c,caption_and_validated_request_info,Sektör,13,Toplam Mevduat - Yurt İçi Yerleşik,bold,103607,269593,806726,1138887,4929394,7248207
2022-08,9,Mevduat Turler Itibariyla,10001,14,"Mevduat Türler İtibarıyla (milyon TL), Dönem:2022/8",milyon TL,raw/2022-08_table09_group10001.json,5e6feb3bd5913db00f20e8db803d6e3109cd171ef44bac4ab1fbb500bbcdb239,raw/2022-08_table09_group10001_info.json,abf1c95b444cad57ec410c4c294caa3a50da9d46951581f270d289971d4db50c,caption_and_validated_request_info,Sektör,14,Mudi Sayısı - Yurt İçi Yerleşik*,bold,133202452,10222318,6656709,2293338,670596,136400784
2022-08,9,Mevduat Turler Itibariyla,10001,15,"Mevduat Türler İtibarıyla (milyon TL), Dönem:2022/8",milyon TL,raw/2022-08_table09_group10001.json,5e6feb3bd5913db00f20e8db803d6e3109cd171ef44bac4ab1fbb500bbcdb239,raw/2022-08_table09_group10001_info.json,abf1c95b444cad57ec410c4c294caa3a50da9d46951581f270d289971d4db50c,caption_and_validated_request_info,Sektör,15,TP Mevduat / Katılım Fonları - Yurt Dışı Yerleşik,bold,1926,5221,12338,19343,42288,81116
2022-08,9,Mevduat Turler Itibariyla,10001,16,"Mevduat Türler İtibarıyla (milyon TL), Dönem:2022/8",milyon TL,raw/2022-08_table09_group10001.json,5e6feb3bd5913db00f20e8db803d6e3109cd171ef44bac4ab1fbb500bbcdb239,raw/2022-08_table09_group10001_info.json,abf1c95b444cad57ec410c4c294caa3a50da9d46951581f270d289971d4db50c,caption_and_validated_request_info,Sektör,16,a) Gerçek Kişiler,italic,1899,5128,12071,18945,34169,72212
2022-08,9,Mevduat Turler Itibariyla,10001,17,"Mevduat Türler İtibarıyla (milyon TL), Dönem:2022/8",milyon TL,raw/2022-08_table09_group10001.json,5e6feb3bd5913db00f20e8db803d6e3109cd171ef44bac4ab1fbb500bbcdb239,raw/2022-08_table09_group10001_info.json,abf1c95b444cad57ec410c4c294caa3a50da9d46951581f270d289971d4db50c,caption_and_validated_request_info,Sektör,17,b) Ticari ve Diğer Kuruluşlar,italic,28,93,267,398,8118,8904
2022-08,9,Mevduat Turler Itibariyla,10001,18,"Mevduat Türler İtibarıyla (milyon TL), Dönem:2022/8",milyon TL,raw/2022-08_table09_group10001.json,5e6feb3bd5913db00f20e8db803d6e3109cd171ef44bac4ab1fbb500bbcdb239,raw/2022-08_table09_group10001_info.json,abf1c95b444cad57ec410c4c294caa3a50da9d46951581f270d289971d4db50c,caption_and_validated_request_info,Sektör,18,Döviz Tevdiat Hesabı / Katılım Fonları - Yurt Dışı Yerleşik,bold,920,3788,23228,66611,305985,400532
2022-08,9,Mevduat Turler Itibariyla,10001,19,"Mevduat Türler İtibarıyla (milyon TL), Dönem:2022/8",milyon TL,raw/2022-08_table09_group10001.json,5e6feb3bd5913db00f20e8db803d6e3109cd171ef44bac4ab1fbb500bbcdb239,raw/2022-08_table09_group10001_info.json,abf1c95b444cad57ec410c4c294caa3a50da9d46951581f270d289971d4db50c,caption_and_validated_request_info,Sektör,19,a) Gerçek Kişiler,italic,902,3698,22789,65269,206875,299534
2022-08,9,Mevduat Turler Itibariyla,10001,20,"Mevduat Türler İtibarıyla (milyon TL), Dönem:2022/8",milyon TL,raw/2022-08_table09_group10001.json,5e6feb3bd5913db00f20e8db803d6e3109cd171ef44bac4ab1fbb500bbcdb239,raw/2022-08_table09_group10001_info.json,abf1c95b444cad57ec410c4c294caa3a50da9d46951581f270d289971d4db50c,caption_and_validated_request_info,Sektör,20,b) Ticari ve Diğer Kuruluşlar,italic,18,90,438,1342,99109,100998
2022-08,9,Mevduat Turler Itibariyla,10001,21,"Mevduat Türler İtibarıyla (milyon TL), Dönem:2022/8",milyon TL,raw/2022-08_table09_group10001.json,5e6feb3bd5913db00f20e8db803d6e3109cd171ef44bac4ab1fbb500bbcdb239,raw/2022-08_table09_group10001_info.json,abf1c95b444cad57ec410c4c294caa3a50da9d46951581f270d289971d4db50c,caption_and_validated_request_info,Sektör,21,Kıymetli Maden Depo Hesapları - Yurt Dışı Yerleşik,bold,58,285,1600,2635,4111,8689
2022-08,9,Mevduat Turler Itibariyla,10001,22,"Mevduat Türler İtibarıyla (milyon TL), Dönem:2022/8",milyon TL,raw/2022-08_table09_group10001.json,5e6feb3bd5913db00f20e8db803d6e3109cd171ef44bac4ab1fbb500bbcdb239,raw/2022-08_table09_group10001_info.json,abf1c95b444cad57ec410c4c294caa3a50da9d46951581f270d289971d4db50c,caption_and_validated_request_info,Sektör,22,a) Gerçek Kişiler,italic,57,285,1596,2631,3938,8507
2022-08,9,Mevduat Turler Itibariyla,10001,23,"Mevduat Türler İtibarıyla (milyon TL), Dönem:2022/8",milyon TL,raw/2022-08_table09_group10001.json,5e6feb3bd5913db00f20e8db803d6e3109cd171ef44bac4ab1fbb500bbcdb239,raw/2022-08_table09_group10001_info.json,abf1c95b444cad57ec410c4c294caa3a50da9d46951581f270d289971d4db50c,caption_and_validated_request_info,Sektör,23,b) Ticari ve Diğer Kuruluşlar,italic,1,1,3,4,173,182
2022-08,9,Mevduat Turler Itibariyla,10001,24,"Mevduat Türler İtibarıyla (milyon TL), Dönem:2022/8",milyon TL,raw/2022-08_table09_group10001.json,5e6feb3bd5913db00f20e8db803d6e3109cd171ef44bac4ab1fbb500bbcdb239,raw/2022-08_table09_group10001_info.json,abf1c95b444cad57ec410c4c294caa3a50da9d46951581f270d289971d4db50c,caption_and_validated_request_info,Sektör,24,Toplam Mevduat - Yurt Dışı Yerleşik,bold,2905,9295,37165,88589,352383,490337
2022-08,9,Mevduat Turler Itibariyla,10001,25,"Mevduat Türler İtibarıyla (milyon TL), Dönem:2022/8",milyon TL,raw/2022-08_table09_group10001.json,5e6feb3bd5913db00f20e8db803d6e3109cd171ef44bac4ab1fbb500bbcdb239,raw/2022-08_table09_group10001_info.json,abf1c95b444cad57ec410c4c294caa3a50da9d46951581f270d289971d4db50c,caption_and_validated_request_info,Sektör,25,Mudi Sayısı - Yurt Dışı Yerleşik*,bold,1666969,341837,287870,167664,70753,1944673
2022-08,9,Mevduat Turler Itibariyla,10001,26,"Mevduat Türler İtibarıyla (milyon TL), Dönem:2022/8",milyon TL,raw/2022-08_table09_group10001.json,5e6feb3bd5913db00f20e8db803d6e3109cd171ef44bac4ab1fbb500bbcdb239,raw/2022-08_table09_group10001_info.json,abf1c95b444cad57ec410c4c294caa3a50da9d46951581f270d289971d4db50c,caption_and_validated_request_info,Sektör,26,Toplam Mevduat,bold,106512,278888,843891,1227476,5281777,7738545
2022-09,9,Mevduat Turler Itibariyla,10001,1,"Mevduat Türler İtibarıyla (milyon TL), Dönem:2022/9",milyon TL,raw/2022-09_table09_group10001.json,a9d39ac5a3440c5a2f3a8b6112a82abd226368cea8b01476d10cdec1585f6682,raw/2022-09_table09_group10001_info.json,d0bc07c217b25081e2aa335aa796e8cf2e4d99371834da391064b5731d3d5d57,caption_and_validated_request_info,Sektör,1,TP Mevduat / Katılım Fonları - Yurt İçi Yerleşik,bold,89552,175701,412211,561300,2396879,3635643
2022-09,9,Mevduat Turler Itibariyla,10001,2,"Mevduat Türler İtibarıyla (milyon TL), Dönem:2022/9",milyon TL,raw/2022-09_table09_group10001.json,a9d39ac5a3440c5a2f3a8b6112a82abd226368cea8b01476d10cdec1585f6682,raw/2022-09_table09_group10001_info.json,d0bc07c217b25081e2aa335aa796e8cf2e4d99371834da391064b5731d3d5d57,caption_and_validated_request_info,Sektör,2,a) Gerçek Kişiler,italic,82076,154677,355490,472301,830357,1894900
2022-09,9,Mevduat Turler Itibariyla,10001,3,"Mevduat Türler İtibarıyla (milyon TL), Dönem:2022/9",milyon TL,raw/2022-09_table09_group10001.json,a9d39ac5a3440c5a2f3a8b6112a82abd226368cea8b01476d10cdec1585f6682,raw/2022-09_table09_group10001_info.json,d0bc07c217b25081e2aa335aa796e8cf2e4d99371834da391064b5731d3d5d57,caption_and_validated_request_info,Sektör,3,b) Resmi Kuruluşlar,italic,130,436,1233,2835,372410,377045
2022-09,9,Mevduat Turler Itibariyla,10001,4,"Mevduat Türler İtibarıyla (milyon TL), Dönem:2022/9",milyon TL,raw/2022-09_table09_group10001.json,a9d39ac5a3440c5a2f3a8b6112a82abd226368cea8b01476d10cdec1585f6682,raw/2022-09_table09_group10001_info.json,d0bc07c217b25081e2aa335aa796e8cf2e4d99371834da391064b5731d3d5d57,caption_and_validated_request_info,Sektör,4,c) Ticari ve Diğer Kuruluşlar,italic,7346,20588,55489,86164,1194112,1363698
2022-09,9,Mevduat Turler Itibariyla,10001,5,"Mevduat Türler İtibarıyla (milyon TL), Dönem:2022/9",milyon TL,raw/2022-09_table09_group10001.json,a9d39ac5a3440c5a2f3a8b6112a82abd226368cea8b01476d10cdec1585f6682,raw/2022-09_table09_group10001_info.json,d0bc07c217b25081e2aa335aa796e8cf2e4d99371834da391064b5731d3d5d57,caption_and_validated_request_info,Sektör,5,Döviz Tevdiat Hesabı / Katılım Fonları - Yurt İçi Yerleşik,bold,10183,60045,251325,450481,2615458,3387492
2022-09,9,Mevduat Turler Itibariyla,10001,6,"Mevduat Türler İtibarıyla (milyon TL), Dönem:2022/9",milyon TL,raw/2022-09_table09_group10001.json,a9d39ac5a3440c5a2f3a8b6112a82abd226368cea8b01476d10cdec1585f6682,raw/2022-09_table09_group10001_info.json,d0bc07c217b25081e2aa335aa796e8cf2e4d99371834da391064b5731d3d5d57,caption_and_validated_request_info,Sektör,6,a) Gerçek Kişiler,italic,9624,57369,236053,402617,1179001,1884664
2022-09,9,Mevduat Turler Itibariyla,10001,7,"Mevduat Türler İtibarıyla (milyon TL), Dönem:2022/9",milyon TL,raw/2022-09_table09_group10001.json,a9d39ac5a3440c5a2f3a8b6112a82abd226368cea8b01476d10cdec1585f6682,raw/2022-09_table09_group10001_info.json,d0bc07c217b25081e2aa335aa796e8cf2e4d99371834da391064b5731d3d5d57,caption_and_validated_request_info,Sektör,7,b) Resmi Kuruluşlar,italic,3,17,113,306,39400,39838
2022-09,9,Mevduat Turler Itibariyla,10001,8,"Mevduat Türler İtibarıyla (milyon TL), Dönem:2022/9",milyon TL,raw/2022-09_table09_group10001.json,a9d39ac5a3440c5a2f3a8b6112a82abd226368cea8b01476d10cdec1585f6682,raw/2022-09_table09_group10001_info.json,d0bc07c217b25081e2aa335aa796e8cf2e4d99371834da391064b5731d3d5d57,caption_and_validated_request_info,Sektör,8,c) Ticari ve Diğer Kuruluşlar,italic,557,2659,15159,47557,1397057,1462989
2022-09,9,Mevduat Turler Itibariyla,10001,9,"Mevduat Türler İtibarıyla (milyon TL), Dönem:2022/9",milyon TL,raw/2022-09_table09_group10001.json,a9d39ac5a3440c5a2f3a8b6112a82abd226368cea8b01476d10cdec1585f6682,raw/2022-09_table09_group10001_info.json,d0bc07c217b25081e2aa335aa796e8cf2e4d99371834da391064b5731d3d5d57,caption_and_validated_request_info,Sektör,9,Kıymetli Maden Depo Hesapları - Yurt İçi Yerleşik,bold,8076,44648,156179,151067,144981,504952
2022-09,9,Mevduat Turler Itibariyla,10001,10,"Mevduat Türler İtibarıyla (milyon TL), Dönem:2022/9",milyon TL,raw/2022-09_table09_group10001.json,a9d39ac5a3440c5a2f3a8b6112a82abd226368cea8b01476d10cdec1585f6682,raw/2022-09_table09_group10001_info.json,d0bc07c217b25081e2aa335aa796e8cf2e4d99371834da391064b5731d3d5d57,caption_and_validated_request_info,Sektör,10,a) Gerçek Kişiler,italic,7513,44172,153839,146038,123060,474622
2022-09,9,Mevduat Turler Itibariyla,10001,11,"Mevduat Türler İtibarıyla (milyon TL), Dönem:2022/9",milyon TL,raw/2022-09_table09_group10001.json,a9d39ac5a3440c5a2f3a8b6112a82abd226368cea8b01476d10cdec1585f6682,raw/2022-09_table09_group10001_info.json,d0bc07c217b25081e2aa335aa796e8cf2e4d99371834da391064b5731d3d5d57,caption_and_validated_request_info,Sektör,11,b) Resmi Kuruluşlar,italic,0,1,2,1,36,41
2022-09,9,Mevduat Turler Itibariyla,10001,12,"Mevduat Türler İtibarıyla (milyon TL), Dönem:2022/9",milyon TL,raw/2022-09_table09_group10001.json,a9d39ac5a3440c5a2f3a8b6112a82abd226368cea8b01476d10cdec1585f6682,raw/2022-09_table09_group10001_info.json,d0bc07c217b25081e2aa335aa796e8cf2e4d99371834da391064b5731d3d5d57,caption_and_validated_request_info,Sektör,12,c) Ticari ve Diğer Kuruluşlar,italic,562,475,2338,5028,21885,30289
2022-09,9,Mevduat Turler Itibariyla,10001,13,"Mevduat Türler İtibarıyla (milyon TL), Dönem:2022/9",milyon TL,raw/2022-09_table09_group10001.json,a9d39ac5a3440c5a2f3a8b6112a82abd226368cea8b01476d10cdec1585f6682,raw/2022-09_table09_group10001_info.json,d0bc07c217b25081e2aa335aa796e8cf2e4d99371834da391064b5731d3d5d57,caption_and_validated_request_info,Sektör,13,Toplam Mevduat - Yurt İçi Yerleşik,bold,107811,280394,819716,1162848,5157318,7528086
2022-09,9,Mevduat Turler Itibariyla,10001,14,"Mevduat Türler İtibarıyla (milyon TL), Dönem:2022/9",milyon TL,raw/2022-09_table09_group10001.json,a9d39ac5a3440c5a2f3a8b6112a82abd226368cea8b01476d10cdec1585f6682,raw/2022-09_table09_group10001_info.json,d0bc07c217b25081e2aa335aa796e8cf2e4d99371834da391064b5731d3d5d57,caption_and_validated_request_info,Sektör,14,Mudi Sayısı - Yurt İçi Yerleşik*,bold,136063933,10695376,6760808,2335506,688375,144544578
2022-09,9,Mevduat Turler Itibariyla,10001,15,"Mevduat Türler İtibarıyla (milyon TL), Dönem:2022/9",milyon TL,raw/2022-09_table09_group10001.json,a9d39ac5a3440c5a2f3a8b6112a82abd226368cea8b01476d10cdec1585f6682,raw/2022-09_table09_group10001_info.json,d0bc07c217b25081e2aa335aa796e8cf2e4d99371834da391064b5731d3d5d57,caption_and_validated_request_info,Sektör,15,TP Mevduat / Katılım Fonları - Yurt Dışı Yerleşik,bold,2033,5181,12487,21469,50206,91376
2022-09,9,Mevduat Turler Itibariyla,10001,16,"Mevduat Türler İtibarıyla (milyon TL), Dönem:2022/9",milyon TL,raw/2022-09_table09_group10001.json,a9d39ac5a3440c5a2f3a8b6112a82abd226368cea8b01476d10cdec1585f6682,raw/2022-09_table09_group10001_info.json,d0bc07c217b25081e2aa335aa796e8cf2e4d99371834da391064b5731d3d5d57,caption_and_validated_request_info,Sektör,16,a) Gerçek Kişiler,italic,2004,5085,12228,21063,40736,81116
2022-09,9,Mevduat Turler Itibariyla,10001,17,"Mevduat Türler İtibarıyla (milyon TL), Dönem:2022/9",milyon TL,raw/2022-09_table09_group10001.json,a9d39ac5a3440c5a2f3a8b6112a82abd226368cea8b01476d10cdec1585f6682,raw/2022-09_table09_group10001_info.json,d0bc07c217b25081e2aa335aa796e8cf2e4d99371834da391064b5731d3d5d57,caption_and_validated_request_info,Sektör,17,b) Ticari ve Diğer Kuruluşlar,italic,29,96,259,406,9470,10260
2022-09,9,Mevduat Turler Itibariyla,10001,18,"Mevduat Türler İtibarıyla (milyon TL), Dönem:2022/9",milyon TL,raw/2022-09_table09_group10001.json,a9d39ac5a3440c5a2f3a8b6112a82abd226368cea8b01476d10cdec1585f6682,raw/2022-09_table09_group10001_info.json,d0bc07c217b25081e2aa335aa796e8cf2e4d99371834da391064b5731d3d5d57,caption_and_validated_request_info,Sektör,18,Döviz Tevdiat Hesabı / Katılım Fonları - Yurt Dışı Yerleşik,bold,973,3859,23173,65678,329754,423436
2022-09,9,Mevduat Turler Itibariyla,10001,19,"Mevduat Türler İtibarıyla (milyon TL), Dönem:2022/9",milyon TL,raw/2022-09_table09_group10001.json,a9d39ac5a3440c5a2f3a8b6112a82abd226368cea8b01476d10cdec1585f6682,raw/2022-09_table09_group10001_info.json,d0bc07c217b25081e2aa335aa796e8cf2e4d99371834da391064b5731d3d5d57,caption_and_validated_request_info,Sektör,19,a) Gerçek Kişiler,italic,955,3767,22722,64282,216608,308334
2022-09,9,Mevduat Turler Itibariyla,10001,20,"Mevduat Türler İtibarıyla (milyon TL), Dönem:2022/9",milyon TL,raw/2022-09_table09_group10001.json,a9d39ac5a3440c5a2f3a8b6112a82abd226368cea8b01476d10cdec1585f6682,raw/2022-09_table09_group10001_info.json,d0bc07c217b25081e2aa335aa796e8cf2e4d99371834da391064b5731d3d5d57,caption_and_validated_request_info,Sektör,20,b) Ticari ve Diğer Kuruluşlar,italic,18,92,451,1396,113145,115102
2022-09,9,Mevduat Turler Itibariyla,10001,21,"Mevduat Türler İtibarıyla (milyon TL), Dönem:2022/9",milyon TL,raw/2022-09_table09_group10001.json,a9d39ac5a3440c5a2f3a8b6112a82abd226368cea8b01476d10cdec1585f6682,raw/2022-09_table09_group10001_info.json,d0bc07c217b25081e2aa335aa796e8cf2e4d99371834da391064b5731d3d5d57,caption_and_validated_request_info,Sektör,21,Kıymetli Maden Depo Hesapları - Yurt Dışı Yerleşik,bold,62,303,1635,2708,4167,8875
2022-09,9,Mevduat Turler Itibariyla,10001,22,"Mevduat Türler İtibarıyla (milyon TL), Dönem:2022/9",milyon TL,raw/2022-09_table09_group10001.json,a9d39ac5a3440c5a2f3a8b6112a82abd226368cea8b01476d10cdec1585f6682,raw/2022-09_table09_group10001_info.json,d0bc07c217b25081e2aa335aa796e8cf2e4d99371834da391064b5731d3d5d57,caption_and_validated_request_info,Sektör,22,a) Gerçek Kişiler,italic,61,302,1632,2702,3991,8690
2022-09,9,Mevduat Turler Itibariyla,10001,23,"Mevduat Türler İtibarıyla (milyon TL), Dönem:2022/9",milyon TL,raw/2022-09_table09_group10001.json,a9d39ac5a3440c5a2f3a8b6112a82abd226368cea8b01476d10cdec1585f6682,raw/2022-09_table09_group10001_info.json,d0bc07c217b25081e2aa335aa796e8cf2e4d99371834da391064b5731d3d5d57,caption_and_validated_request_info,Sektör,23,b) Ticari ve Diğer Kuruluşlar,italic,1,1,3,6,176,186
2022-09,9,Mevduat Turler Itibariyla,10001,24,"Mevduat Türler İtibarıyla (milyon TL), Dönem:2022/9",milyon TL,raw/2022-09_table09_group10001.json,a9d39ac5a3440c5a2f3a8b6112a82abd226368cea8b01476d10cdec1585f6682,raw/2022-09_table09_group10001_info.json,d0bc07c217b25081e2aa335aa796e8cf2e4d99371834da391064b5731d3d5d57,caption_and_validated_request_info,Sektör,24,Toplam Mevduat - Yurt Dışı Yerleşik,bold,3068,9343,37296,89854,384127,523688
2022-09,9,Mevduat Turler Itibariyla,10001,25,"Mevduat Türler İtibarıyla (milyon TL), Dönem:2022/9",milyon TL,raw/2022-09_table09_group10001.json,a9d39ac5a3440c5a2f3a8b6112a82abd226368cea8b01476d10cdec1585f6682,raw/2022-09_table09_group10001_info.json,d0bc07c217b25081e2aa335aa796e8cf2e4d99371834da391064b5731d3d5d57,caption_and_validated_request_info,Sektör,25,Mudi Sayısı - Yurt Dışı Yerleşik*,bold,1712264,347267,289299,169846,72390,2021527
2022-09,9,Mevduat Turler Itibariyla,10001,26,"Mevduat Türler İtibarıyla (milyon TL), Dönem:2022/9",milyon TL,raw/2022-09_table09_group10001.json,a9d39ac5a3440c5a2f3a8b6112a82abd226368cea8b01476d10cdec1585f6682,raw/2022-09_table09_group10001_info.json,d0bc07c217b25081e2aa335aa796e8cf2e4d99371834da391064b5731d3d5d57,caption_and_validated_request_info,Sektör,26,Toplam Mevduat,bold,110879,289737,857011,1252702,5541444,8051774
2022-10,9,Mevduat Turler Itibariyla,10001,1,"Mevduat Türler İtibarıyla (milyon TL), Dönem:2022/10",milyon TL,raw/2022-10_table09_group10001.json,9450d138d94c510acd9a9ef023337a5677a883ed7c0bdcc317406c26bf12b722,raw/2022-10_table09_group10001_info.json,bc46c2a216ba279b8fa8514b3777854429fc1726fedf6a925ce1d2307f42f9c8,caption_and_validated_request_info,Sektör,1,TP Mevduat / Katılım Fonları - Yurt İçi Yerleşik,bold,86977,175137,425240,588893,2578456,3854704
2022-10,9,Mevduat Turler Itibariyla,10001,2,"Mevduat Türler İtibarıyla (milyon TL), Dönem:2022/10",milyon TL,raw/2022-10_table09_group10001.json,9450d138d94c510acd9a9ef023337a5677a883ed7c0bdcc317406c26bf12b722,raw/2022-10_table09_group10001_info.json,bc46c2a216ba279b8fa8514b3777854429fc1726fedf6a925ce1d2307f42f9c8,caption_and_validated_request_info,Sektör,2,a) Gerçek Kişiler,italic,79559,153799,365891,492779,901463,1993491
2022-10,9,Mevduat Turler Itibariyla,10001,3,"Mevduat Türler İtibarıyla (milyon TL), Dönem:2022/10",milyon TL,raw/2022-10_table09_group10001.json,9450d138d94c510acd9a9ef023337a5677a883ed7c0bdcc317406c26bf12b722,raw/2022-10_table09_group10001_info.json,bc46c2a216ba279b8fa8514b3777854429fc1726fedf6a925ce1d2307f42f9c8,caption_and_validated_request_info,Sektör,3,b) Resmi Kuruluşlar,italic,128,430,1253,2799,374465,379075
2022-10,9,Mevduat Turler Itibariyla,10001,4,"Mevduat Türler İtibarıyla (milyon TL), Dönem:2022/10",milyon TL,raw/2022-10_table09_group10001.json,9450d138d94c510acd9a9ef023337a5677a883ed7c0bdcc317406c26bf12b722,raw/2022-10_table09_group10001_info.json,bc46c2a216ba279b8fa8514b3777854429fc1726fedf6a925ce1d2307f42f9c8,caption_and_validated_request_info,Sektör,4,c) Ticari ve Diğer Kuruluşlar,italic,7290,20908,58097,93315,1302529,1482138
2022-10,9,Mevduat Turler Itibariyla,10001,5,"Mevduat Türler İtibarıyla (milyon TL), Dönem:2022/10",milyon TL,raw/2022-10_table09_group10001.json,9450d138d94c510acd9a9ef023337a5677a883ed7c0bdcc317406c26bf12b722,raw/2022-10_table09_group10001_info.json,bc46c2a216ba279b8fa8514b3777854429fc1726fedf6a925ce1d2307f42f9c8,caption_and_validated_request_info,Sektör,5,Döviz Tevdiat Hesabı / Katılım Fonları - Yurt İçi Yerleşik,bold,10124,59991,250648,449259,2670536,3440557
2022-10,9,Mevduat Turler Itibariyla,10001,6,"Mevduat Türler İtibarıyla (milyon TL), Dönem:2022/10",milyon TL,raw/2022-10_table09_group10001.json,9450d138d94c510acd9a9ef023337a5677a883ed7c0bdcc317406c26bf12b722,raw/2022-10_table09_group10001_info.json,bc46c2a216ba279b8fa8514b3777854429fc1726fedf6a925ce1d2307f42f9c8,caption_and_validated_request_info,Sektör,6,a) Gerçek Kişiler,italic,9563,57325,235478,401487,1168126,1871979
2022-10,9,Mevduat Turler Itibariyla,10001,7,"Mevduat Türler İtibarıyla (milyon TL), Dönem:2022/10",milyon TL,raw/2022-10_table09_group10001.json,9450d138d94c510acd9a9ef023337a5677a883ed7c0bdcc317406c26bf12b722,raw/2022-10_table09_group10001_info.json,bc46c2a216ba279b8fa8514b3777854429fc1726fedf6a925ce1d2307f42f9c8,caption_and_validated_request_info,Sektör,7,b) Resmi Kuruluşlar,italic,3,17,113,300,35963,36395
2022-10,9,Mevduat Turler Itibariyla,10001,8,"Mevduat Türler İtibarıyla (milyon TL), Dönem:2022/10",milyon TL,raw/2022-10_table09_group10001.json,9450d138d94c510acd9a9ef023337a5677a883ed7c0bdcc317406c26bf12b722,raw/2022-10_table09_group10001_info.json,bc46c2a216ba279b8fa8514b3777854429fc1726fedf6a925ce1d2307f42f9c8,caption_and_validated_request_info,Sektör,8,c) Ticari ve Diğer Kuruluşlar,italic,558,2649,15058,47472,1466447,1532184
2022-10,9,Mevduat Turler Itibariyla,10001,9,"Mevduat Türler İtibarıyla (milyon TL), Dönem:2022/10",milyon TL,raw/2022-10_table09_group10001.json,9450d138d94c510acd9a9ef023337a5677a883ed7c0bdcc317406c26bf12b722,raw/2022-10_table09_group10001_info.json,bc46c2a216ba279b8fa8514b3777854429fc1726fedf6a925ce1d2307f42f9c8,caption_and_validated_request_info,Sektör,9,Kıymetli Maden Depo Hesapları - Yurt İçi Yerleşik,bold,8112,45329,155973,149209,141446,500069
2022-10,9,Mevduat Turler Itibariyla,10001,10,"Mevduat Türler İtibarıyla (milyon TL), Dönem:2022/10",milyon TL,raw/2022-10_table09_group10001.json,9450d138d94c510acd9a9ef023337a5677a883ed7c0bdcc317406c26bf12b722,raw/2022-10_table09_group10001_info.json,bc46c2a216ba279b8fa8514b3777854429fc1726fedf6a925ce1d2307f42f9c8,caption_and_validated_request_info,Sektör,10,a) Gerçek Kişiler,italic,7535,44849,153630,144161,120707,470882
2022-10,9,Mevduat Turler Itibariyla,10001,11,"Mevduat Türler İtibarıyla (milyon TL), Dönem:2022/10",milyon TL,raw/2022-10_table09_group10001.json,9450d138d94c510acd9a9ef023337a5677a883ed7c0bdcc317406c26bf12b722,raw/2022-10_table09_group10001_info.json,bc46c2a216ba279b8fa8514b3777854429fc1726fedf6a925ce1d2307f42f9c8,caption_and_validated_request_info,Sektör,11,b) Resmi Kuruluşlar,italic,0,1,2,1,34,39
2022-10,9,Mevduat Turler Itibariyla,10001,12,"Mevduat Türler İtibarıyla (milyon TL), Dönem:2022/10",milyon TL,raw/2022-10_table09_group10001.json,9450d138d94c510acd9a9ef023337a5677a883ed7c0bdcc317406c26bf12b722,raw/2022-10_table09_group10001_info.json,bc46c2a216ba279b8fa8514b3777854429fc1726fedf6a925ce1d2307f42f9c8,caption_and_validated_request_info,Sektör,12,c) Ticari ve Diğer Kuruluşlar,italic,577,480,2341,5047,20704,29148
2022-10,9,Mevduat Turler Itibariyla,10001,13,"Mevduat Türler İtibarıyla (milyon TL), Dönem:2022/10",milyon TL,raw/2022-10_table09_group10001.json,9450d138d94c510acd9a9ef023337a5677a883ed7c0bdcc317406c26bf12b722,raw/2022-10_table09_group10001_info.json,bc46c2a216ba279b8fa8514b3777854429fc1726fedf6a925ce1d2307f42f9c8,caption_and_validated_request_info,Sektör,13,Toplam Mevduat - Yurt İçi Yerleşik,bold,105213,280457,831862,1187361,5390438,7795331
2022-10,9,Mevduat Turler Itibariyla,10001,14,"Mevduat Türler İtibarıyla (milyon TL), Dönem:2022/10",milyon TL,raw/2022-10_table09_group10001.json,9450d138d94c510acd9a9ef023337a5677a883ed7c0bdcc317406c26bf12b722,raw/2022-10_table09_group10001_info.json,bc46c2a216ba279b8fa8514b3777854429fc1726fedf6a925ce1d2307f42f9c8,caption_and_validated_request_info,Sektör,14,Mudi Sayısı - Yurt İçi Yerleşik*,bold,138037950,10604867,6857411,2382520,707138,146407331
2022-10,9,Mevduat Turler Itibariyla,10001,15,"Mevduat Türler İtibarıyla (milyon TL), Dönem:2022/10",milyon TL,raw/2022-10_table09_group10001.json,9450d138d94c510acd9a9ef023337a5677a883ed7c0bdcc317406c26bf12b722,raw/2022-10_table09_group10001_info.json,bc46c2a216ba279b8fa8514b3777854429fc1726fedf6a925ce1d2307f42f9c8,caption_and_validated_request_info,Sektör,15,TP Mevduat / Katılım Fonları - Yurt Dışı Yerleşik,bold,2126,5451,12823,22402,53303,96106
2022-10,9,Mevduat Turler Itibariyla,10001,16,"Mevduat Türler İtibarıyla (milyon TL), Dönem:2022/10",milyon TL,raw/2022-10_table09_group10001.json,9450d138d94c510acd9a9ef023337a5677a883ed7c0bdcc317406c26bf12b722,raw/2022-10_table09_group10001_info.json,bc46c2a216ba279b8fa8514b3777854429fc1726fedf6a925ce1d2307f42f9c8,caption_and_validated_request_info,Sektör,16,a) Gerçek Kişiler,italic,2097,5352,12532,21968,45574,87523
2022-10,9,Mevduat Turler Itibariyla,10001,17,"Mevduat Türler İtibarıyla (milyon TL), Dönem:2022/10",milyon TL,raw/2022-10_table09_group10001.json,9450d138d94c510acd9a9ef023337a5677a883ed7c0bdcc317406c26bf12b722,raw/2022-10_table09_group10001_info.json,bc46c2a216ba279b8fa8514b3777854429fc1726fedf6a925ce1d2307f42f9c8,caption_and_validated_request_info,Sektör,17,b) Ticari ve Diğer Kuruluşlar,italic,29,99,292,435,7728,8583
2022-10,9,Mevduat Turler Itibariyla,10001,18,"Mevduat Türler İtibarıyla (milyon TL), Dönem:2022/10",milyon TL,raw/2022-10_table09_group10001.json,9450d138d94c510acd9a9ef023337a5677a883ed7c0bdcc317406c26bf12b722,raw/2022-10_table09_group10001_info.json,bc46c2a216ba279b8fa8514b3777854429fc1726fedf6a925ce1d2307f42f9c8,caption_and_validated_request_info,Sektör,18,Döviz Tevdiat Hesabı / Katılım Fonları - Yurt Dışı Yerleşik,bold,1108,4002,23903,66532,350914,446458
2022-10,9,Mevduat Turler Itibariyla,10001,19,"Mevduat Türler İtibarıyla (milyon TL), Dönem:2022/10",milyon TL,raw/2022-10_table09_group10001.json,9450d138d94c510acd9a9ef023337a5677a883ed7c0bdcc317406c26bf12b722,raw/2022-10_table09_group10001_info.json,bc46c2a216ba279b8fa8514b3777854429fc1726fedf6a925ce1d2307f42f9c8,caption_and_validated_request_info,Sektör,19,a) Gerçek Kişiler,italic,1089,3908,23434,65110,227692,321233
2022-10,9,Mevduat Turler Itibariyla,10001,20,"Mevduat Türler İtibarıyla (milyon TL), Dönem:2022/10",milyon TL,raw/2022-10_table09_group10001.json,9450d138d94c510acd9a9ef023337a5677a883ed7c0bdcc317406c26bf12b722,raw/2022-10_table09_group10001_info.json,bc46c2a216ba279b8fa8514b3777854429fc1726fedf6a925ce1d2307f42f9c8,caption_and_validated_request_info,Sektör,20,b) Ticari ve Diğer Kuruluşlar,italic,19,94,468,1421,123222,125225
2022-10,9,Mevduat Turler Itibariyla,10001,21,"Mevduat Türler İtibarıyla (milyon TL), Dönem:2022/10",milyon TL,raw/2022-10_table09_group10001.json,9450d138d94c510acd9a9ef023337a5677a883ed7c0bdcc317406c26bf12b722,raw/2022-10_table09_group10001_info.json,bc46c2a216ba279b8fa8514b3777854429fc1726fedf6a925ce1d2307f42f9c8,caption_and_validated_request_info,Sektör,21,Kıymetli Maden Depo Hesapları - Yurt Dışı Yerleşik,bold,65,313,1649,2734,4138,8899
2022-10,9,Mevduat Turler Itibariyla,10001,22,"Mevduat Türler İtibarıyla (milyon TL), Dönem:2022/10",milyon TL,raw/2022-10_table09_group10001.json,9450d138d94c510acd9a9ef023337a5677a883ed7c0bdcc317406c26bf12b722,raw/2022-10_table09_group10001_info.json,bc46c2a216ba279b8fa8514b3777854429fc1726fedf6a925ce1d2307f42f9c8,caption_and_validated_request_info,Sektör,22,a) Gerçek Kişiler,italic,64,312,1647,2728,3989,8740
2022-10,9,Mevduat Turler Itibariyla,10001,23,"Mevduat Türler İtibarıyla (milyon TL), Dönem:2022/10",milyon TL,raw/2022-10_table09_group10001.json,9450d138d94c510acd9a9ef023337a5677a883ed7c0bdcc317406c26bf12b722,raw/2022-10_table09_group10001_info.json,bc46c2a216ba279b8fa8514b3777854429fc1726fedf6a925ce1d2307f42f9c8,caption_and_validated_request_info,Sektör,23,b) Ticari ve Diğer Kuruluşlar,italic,1,1,3,6,149,159
2022-10,9,Mevduat Turler Itibariyla,10001,24,"Mevduat Türler İtibarıyla (milyon TL), Dönem:2022/10",milyon TL,raw/2022-10_table09_group10001.json,9450d138d94c510acd9a9ef023337a5677a883ed7c0bdcc317406c26bf12b722,raw/2022-10_table09_group10001_info.json,bc46c2a216ba279b8fa8514b3777854429fc1726fedf6a925ce1d2307f42f9c8,caption_and_validated_request_info,Sektör,24,Toplam Mevduat - Yurt Dışı Yerleşik,bold,3299,9766,38376,91668,408355,551464
2022-10,9,Mevduat Turler Itibariyla,10001,25,"Mevduat Türler İtibarıyla (milyon TL), Dönem:2022/10",milyon TL,raw/2022-10_table09_group10001.json,9450d138d94c510acd9a9ef023337a5677a883ed7c0bdcc317406c26bf12b722,raw/2022-10_table09_group10001_info.json,bc46c2a216ba279b8fa8514b3777854429fc1726fedf6a925ce1d2307f42f9c8,caption_and_validated_request_info,Sektör,25,Mudi Sayısı - Yurt Dışı Yerleşik*,bold,1755033,365593,298070,173023,75739,2074598
2022-10,9,Mevduat Turler Itibariyla,10001,26,"Mevduat Türler İtibarıyla (milyon TL), Dönem:2022/10",milyon TL,raw/2022-10_table09_group10001.json,9450d138d94c510acd9a9ef023337a5677a883ed7c0bdcc317406c26bf12b722,raw/2022-10_table09_group10001_info.json,bc46c2a216ba279b8fa8514b3777854429fc1726fedf6a925ce1d2307f42f9c8,caption_and_validated_request_info,Sektör,26,Toplam Mevduat,bold,108512,290223,870237,1279029,5798793,8346795
2022-11,9,Mevduat Turler Itibariyla,10001,1,"Mevduat Türler İtibarıyla (milyon TL), Dönem:2022/11",milyon TL,raw/2022-11_table09_group10001.json,163571551d7f9b37bad4a4ef5c3659e7f128c2ed51c4a078d7c40542e38b88af,raw/2022-11_table09_group10001_info.json,aae9735105c074cc8cb21933c8f483afc2302c59b67cddb9792c18338b1fce96,caption_and_validated_request_info,Sektör,1,TP Mevduat / Katılım Fonları - Yurt İçi Yerleşik,bold,89028,181066,440990,622188,2802017,4135288
2022-11,9,Mevduat Turler Itibariyla,10001,2,"Mevduat Türler İtibarıyla (milyon TL), Dönem:2022/11",milyon TL,raw/2022-11_table09_group10001.json,163571551d7f9b37bad4a4ef5c3659e7f128c2ed51c4a078d7c40542e38b88af,raw/2022-11_table09_group10001_info.json,aae9735105c074cc8cb21933c8f483afc2302c59b67cddb9792c18338b1fce96,caption_and_validated_request_info,Sektör,2,a) Gerçek Kişiler,italic,81447,159495,379744,518364,1029706,2168755
2022-11,9,Mevduat Turler Itibariyla,10001,3,"Mevduat Türler İtibarıyla (milyon TL), Dönem:2022/11",milyon TL,raw/2022-11_table09_group10001.json,163571551d7f9b37bad4a4ef5c3659e7f128c2ed51c4a078d7c40542e38b88af,raw/2022-11_table09_group10001_info.json,aae9735105c074cc8cb21933c8f483afc2302c59b67cddb9792c18338b1fce96,caption_and_validated_request_info,Sektör,3,b) Resmi Kuruluşlar,italic,132,447,1290,2893,371317,376079
2022-11,9,Mevduat Turler Itibariyla,10001,4,"Mevduat Türler İtibarıyla (milyon TL), Dönem:2022/11",milyon TL,raw/2022-11_table09_group10001.json,163571551d7f9b37bad4a4ef5c3659e7f128c2ed51c4a078d7c40542e38b88af,raw/2022-11_table09_group10001_info.json,aae9735105c074cc8cb21933c8f483afc2302c59b67cddb9792c18338b1fce96,caption_and_validated_request_info,Sektör,4,c) Ticari ve Diğer Kuruluşlar,italic,7449,21124,59956,100932,1400993,1590454
2022-11,9,Mevduat Turler Itibariyla,10001,5,"Mevduat Türler İtibarıyla (milyon TL), Dönem:2022/11",milyon TL,raw/2022-11_table09_group10001.json,163571551d7f9b37bad4a4ef5c3659e7f128c2ed51c4a078d7c40542e38b88af,raw/2022-11_table09_group10001_info.json,aae9735105c074cc8cb21933c8f483afc2302c59b67cddb9792c18338b1fce96,caption_and_validated_request_info,Sektör,5,Döviz Tevdiat Hesabı / Katılım Fonları - Yurt İçi Yerleşik,bold,10097,59868,250447,448175,2499501,3268088
2022-11,9,Mevduat Turler Itibariyla,10001,6,"Mevduat Türler İtibarıyla (milyon TL), Dönem:2022/11",milyon TL,raw/2022-11_table09_group10001.json,163571551d7f9b37bad4a4ef5c3659e7f128c2ed51c4a078d7c40542e38b88af,raw/2022-11_table09_group10001_info.json,aae9735105c074cc8cb21933c8f483afc2302c59b67cddb9792c18338b1fce96,caption_and_validated_request_info,Sektör,6,a) Gerçek Kişiler,italic,9533,57205,235337,400712,1079115,1781903
2022-11,9,Mevduat Turler Itibariyla,10001,7,"Mevduat Türler İtibarıyla (milyon TL), Dönem:2022/11",milyon TL,raw/2022-11_table09_group10001.json,163571551d7f9b37bad4a4ef5c3659e7f128c2ed51c4a078d7c40542e38b88af,raw/2022-11_table09_group10001_info.json,aae9735105c074cc8cb21933c8f483afc2302c59b67cddb9792c18338b1fce96,caption_and_validated_request_info,Sektör,7,b) Resmi Kuruluşlar,italic,3,17,169,294,34559,35041
2022-11,9,Mevduat Turler Itibariyla,10001,8,"Mevduat Türler İtibarıyla (milyon TL), Dönem:2022/11",milyon TL,raw/2022-11_table09_group10001.json,163571551d7f9b37bad4a4ef5c3659e7f128c2ed51c4a078d7c40542e38b88af,raw/2022-11_table09_group10001_info.json,aae9735105c074cc8cb21933c8f483afc2302c59b67cddb9792c18338b1fce96,caption_and_validated_request_info,Sektör,8,c) Ticari ve Diğer Kuruluşlar,italic,561,2647,14941,47169,1385826,1451144
2022-11,9,Mevduat Turler Itibariyla,10001,9,"Mevduat Türler İtibarıyla (milyon TL), Dönem:2022/11",milyon TL,raw/2022-11_table09_group10001.json,163571551d7f9b37bad4a4ef5c3659e7f128c2ed51c4a078d7c40542e38b88af,raw/2022-11_table09_group10001_info.json,aae9735105c074cc8cb21933c8f483afc2302c59b67cddb9792c18338b1fce96,caption_and_validated_request_info,Sektör,9,Kıymetli Maden Depo Hesapları - Yurt İçi Yerleşik,bold,7028,42794,158060,153135,151698,512715
2022-11,9,Mevduat Turler Itibariyla,10001,10,"Mevduat Türler İtibarıyla (milyon TL), Dönem:2022/11",milyon TL,raw/2022-11_table09_group10001.json,163571551d7f9b37bad4a4ef5c3659e7f128c2ed51c4a078d7c40542e38b88af,raw/2022-11_table09_group10001_info.json,aae9735105c074cc8cb21933c8f483afc2302c59b67cddb9792c18338b1fce96,caption_and_validated_request_info,Sektör,10,a) Gerçek Kişiler,italic,6406,42357,155812,148634,128105,481314
2022-11,9,Mevduat Turler Itibariyla,10001,11,"Mevduat Türler İtibarıyla (milyon TL), Dönem:2022/11",milyon TL,raw/2022-11_table09_group10001.json,163571551d7f9b37bad4a4ef5c3659e7f128c2ed51c4a078d7c40542e38b88af,raw/2022-11_table09_group10001_info.json,aae9735105c074cc8cb21933c8f483afc2302c59b67cddb9792c18338b1fce96,caption_and_validated_request_info,Sektör,11,b) Resmi Kuruluşlar,italic,0,1,2,1,39,43
2022-11,9,Mevduat Turler Itibariyla,10001,12,"Mevduat Türler İtibarıyla (milyon TL), Dönem:2022/11",milyon TL,raw/2022-11_table09_group10001.json,163571551d7f9b37bad4a4ef5c3659e7f128c2ed51c4a078d7c40542e38b88af,raw/2022-11_table09_group10001_info.json,aae9735105c074cc8cb21933c8f483afc2302c59b67cddb9792c18338b1fce96,caption_and_validated_request_info,Sektör,12,c) Ticari ve Diğer Kuruluşlar,italic,622,437,2246,4500,23553,31359
2022-11,9,Mevduat Turler Itibariyla,10001,13,"Mevduat Türler İtibarıyla (milyon TL), Dönem:2022/11",milyon TL,raw/2022-11_table09_group10001.json,163571551d7f9b37bad4a4ef5c3659e7f128c2ed51c4a078d7c40542e38b88af,raw/2022-11_table09_group10001_info.json,aae9735105c074cc8cb21933c8f483afc2302c59b67cddb9792c18338b1fce96,caption_and_validated_request_info,Sektör,13,Toplam Mevduat - Yurt İçi Yerleşik,bold,106153,283728,849497,1223498,5453215,7916092
2022-11,9,Mevduat Turler Itibariyla,10001,14,"Mevduat Türler İtibarıyla (milyon TL), Dönem:2022/11",milyon TL,raw/2022-11_table09_group10001.json,163571551d7f9b37bad4a4ef5c3659e7f128c2ed51c4a078d7c40542e38b88af,raw/2022-11_table09_group10001_info.json,aae9735105c074cc8cb21933c8f483afc2302c59b67cddb9792c18338b1fce96,caption_and_validated_request_info,Sektör,14,Mudi Sayısı - Yurt İçi Yerleşik*,bold,139500576,10762302,7002818,2461438,729271,148167124
2022-11,9,Mevduat Turler Itibariyla,10001,15,"Mevduat Türler İtibarıyla (milyon TL), Dönem:2022/11",milyon TL,raw/2022-11_table09_group10001.json,163571551d7f9b37bad4a4ef5c3659e7f128c2ed51c4a078d7c40542e38b88af,raw/2022-11_table09_group10001_info.json,aae9735105c074cc8cb21933c8f483afc2302c59b67cddb9792c18338b1fce96,caption_and_validated_request_info,Sektör,15,TP Mevduat / Katılım Fonları - Yurt Dışı Yerleşik,bold,2132,5893,13347,23523,61892,106786
2022-11,9,Mevduat Turler Itibariyla,10001,16,"Mevduat Türler İtibarıyla (milyon TL), Dönem:2022/11",milyon TL,raw/2022-11_table09_group10001.json,163571551d7f9b37bad4a4ef5c3659e7f128c2ed51c4a078d7c40542e38b88af,raw/2022-11_table09_group10001_info.json,aae9735105c074cc8cb21933c8f483afc2302c59b67cddb9792c18338b1fce96,caption_and_validated_request_info,Sektör,16,a) Gerçek Kişiler,italic,2102,5790,13055,23070,52965,96982
2022-11,9,Mevduat Turler Itibariyla,10001,17,"Mevduat Türler İtibarıyla (milyon TL), Dönem:2022/11",milyon TL,raw/2022-11_table09_group10001.json,163571551d7f9b37bad4a4ef5c3659e7f128c2ed51c4a078d7c40542e38b88af,raw/2022-11_table09_group10001_info.json,aae9735105c074cc8cb21933c8f483afc2302c59b67cddb9792c18338b1fce96,caption_and_validated_request_info,Sektör,17,b) Ticari ve Diğer Kuruluşlar,italic,30,103,292,453,8927,9805
2022-11,9,Mevduat Turler Itibariyla,10001,18,"Mevduat Türler İtibarıyla (milyon TL), Dönem:2022/11",milyon TL,raw/2022-11_table09_group10001.json,163571551d7f9b37bad4a4ef5c3659e7f128c2ed51c4a078d7c40542e38b88af,raw/2022-11_table09_group10001_info.json,aae9735105c074cc8cb21933c8f483afc2302c59b67cddb9792c18338b1fce96,caption_and_validated_request_info,Sektör,18,Döviz Tevdiat Hesabı / Katılım Fonları - Yurt Dışı Yerleşik,bold,1101,4121,24438,69121,374023,472803
2022-11,9,Mevduat Turler Itibariyla,10001,19,"Mevduat Türler İtibarıyla (milyon TL), Dönem:2022/11",milyon TL,raw/2022-11_table09_group10001.json,163571551d7f9b37bad4a4ef5c3659e7f128c2ed51c4a078d7c40542e38b88af,raw/2022-11_table09_group10001_info.json,aae9735105c074cc8cb21933c8f483afc2302c59b67cddb9792c18338b1fce96,caption_and_validated_request_info,Sektör,19,a) Gerçek Kişiler,italic,1082,4023,23971,67682,248421,345178
2022-11,9,Mevduat Turler Itibariyla,10001,20,"Mevduat Türler İtibarıyla (milyon TL), Dönem:2022/11",milyon TL,raw/2022-11_table09_group10001.json,163571551d7f9b37bad4a4ef5c3659e7f128c2ed51c4a078d7c40542e38b88af,raw/2022-11_table09_group10001_info.json,aae9735105c074cc8cb21933c8f483afc2302c59b67cddb9792c18338b1fce96,caption_and_validated_request_info,Sektör,20,b) Ticari ve Diğer Kuruluşlar,italic,19,97,467,1439,125603,127625
2022-11,9,Mevduat Turler Itibariyla,10001,21,"Mevduat Türler İtibarıyla (milyon TL), Dönem:2022/11",milyon TL,raw/2022-11_table09_group10001.json,163571551d7f9b37bad4a4ef5c3659e7f128c2ed51c4a078d7c40542e38b88af,raw/2022-11_table09_group10001_info.json,aae9735105c074cc8cb21933c8f483afc2302c59b67cddb9792c18338b1fce96,caption_and_validated_request_info,Sektör,21,Kıymetli Maden Depo Hesapları - Yurt Dışı Yerleşik,bold,60,308,1713,2896,5288,10266
2022-11,9,Mevduat Turler Itibariyla,10001,22,"Mevduat Türler İtibarıyla (milyon TL), Dönem:2022/11",milyon TL,raw/2022-11_table09_group10001.json,163571551d7f9b37bad4a4ef5c3659e7f128c2ed51c4a078d7c40542e38b88af,raw/2022-11_table09_group10001_info.json,aae9735105c074cc8cb21933c8f483afc2302c59b67cddb9792c18338b1fce96,caption_and_validated_request_info,Sektör,22,a) Gerçek Kişiler,italic,59,308,1710,2891,5173,10140
2022-11,9,Mevduat Turler Itibariyla,10001,23,"Mevduat Türler İtibarıyla (milyon TL), Dönem:2022/11",milyon TL,raw/2022-11_table09_group10001.json,163571551d7f9b37bad4a4ef5c3659e7f128c2ed51c4a078d7c40542e38b88af,raw/2022-11_table09_group10001_info.json,aae9735105c074cc8cb21933c8f483afc2302c59b67cddb9792c18338b1fce96,caption_and_validated_request_info,Sektör,23,b) Ticari ve Diğer Kuruluşlar,italic,1,1,3,5,115,126
2022-11,9,Mevduat Turler Itibariyla,10001,24,"Mevduat Türler İtibarıyla (milyon TL), Dönem:2022/11",milyon TL,raw/2022-11_table09_group10001.json,163571551d7f9b37bad4a4ef5c3659e7f128c2ed51c4a078d7c40542e38b88af,raw/2022-11_table09_group10001_info.json,aae9735105c074cc8cb21933c8f483afc2302c59b67cddb9792c18338b1fce96,caption_and_validated_request_info,Sektör,24,Toplam Mevduat - Yurt Dışı Yerleşik,bold,3293,10321,39498,95540,441204,589856
2022-11,9,Mevduat Turler Itibariyla,10001,25,"Mevduat Türler İtibarıyla (milyon TL), Dönem:2022/11",milyon TL,raw/2022-11_table09_group10001.json,163571551d7f9b37bad4a4ef5c3659e7f128c2ed51c4a078d7c40542e38b88af,raw/2022-11_table09_group10001_info.json,aae9735105c074cc8cb21933c8f483afc2302c59b67cddb9792c18338b1fce96,caption_and_validated_request_info,Sektör,25,Mudi Sayısı - Yurt Dışı Yerleşik*,bold,1781004,386631,306239,179557,81731,2109316
2022-11,9,Mevduat Turler Itibariyla,10001,26,"Mevduat Türler İtibarıyla (milyon TL), Dönem:2022/11",milyon TL,raw/2022-11_table09_group10001.json,163571551d7f9b37bad4a4ef5c3659e7f128c2ed51c4a078d7c40542e38b88af,raw/2022-11_table09_group10001_info.json,aae9735105c074cc8cb21933c8f483afc2302c59b67cddb9792c18338b1fce96,caption_and_validated_request_info,Sektör,26,Toplam Mevduat,bold,109446,294050,888996,1319038,5894418,8505947
2022-12,9,Mevduat Turler Itibariyla,10001,1,"Mevduat Türler İtibarıyla (milyon TL), Dönem:2022/12",milyon TL,raw/2022-12_table09_group10001.json,84b013ad6eef068d83eed3c28cc41d2e53cd6d41d161c94b5fe1786d7884778c,raw/2022-12_table09_group10001_info.json,788f3731926532c7b0be03c4f00e05ba9f141256ce0c7fd264287c3e7d97ae65,caption_and_validated_request_info,Sektör,1,TP Mevduat / Katılım Fonları - Yurt İçi Yerleşik,bold,94358,190963,453754,660006,3259795,4658877
2022-12,9,Mevduat Turler Itibariyla,10001,2,"Mevduat Türler İtibarıyla (milyon TL), Dönem:2022/12",milyon TL,raw/2022-12_table09_group10001.json,84b013ad6eef068d83eed3c28cc41d2e53cd6d41d161c94b5fe1786d7884778c,raw/2022-12_table09_group10001_info.json,788f3731926532c7b0be03c4f00e05ba9f141256ce0c7fd264287c3e7d97ae65,caption_and_validated_request_info,Sektör,2,a) Gerçek Kişiler,italic,86463,167369,385161,539216,1179092,2357300
2022-12,9,Mevduat Turler Itibariyla,10001,3,"Mevduat Türler İtibarıyla (milyon TL), Dönem:2022/12",milyon TL,raw/2022-12_table09_group10001.json,84b013ad6eef068d83eed3c28cc41d2e53cd6d41d161c94b5fe1786d7884778c,raw/2022-12_table09_group10001_info.json,788f3731926532c7b0be03c4f00e05ba9f141256ce0c7fd264287c3e7d97ae65,caption_and_validated_request_info,Sektör,3,b) Resmi Kuruluşlar,italic,131,466,1301,2835,361144,365877
2022-12,9,Mevduat Turler Itibariyla,10001,4,"Mevduat Türler İtibarıyla (milyon TL), Dönem:2022/12",milyon TL,raw/2022-12_table09_group10001.json,84b013ad6eef068d83eed3c28cc41d2e53cd6d41d161c94b5fe1786d7884778c,raw/2022-12_table09_group10001_info.json,788f3731926532c7b0be03c4f00e05ba9f141256ce0c7fd264287c3e7d97ae65,caption_and_validated_request_info,Sektör,4,c) Ticari ve Diğer Kuruluşlar,italic,7765,23128,67292,117956,1719560,1935700
2022-12,9,Mevduat Turler Itibariyla,10001,5,"Mevduat Türler İtibarıyla (milyon TL), Dönem:2022/12",milyon TL,raw/2022-12_table09_group10001.json,84b013ad6eef068d83eed3c28cc41d2e53cd6d41d161c94b5fe1786d7884778c,raw/2022-12_table09_group10001_info.json,788f3731926532c7b0be03c4f00e05ba9f141256ce0c7fd264287c3e7d97ae65,caption_and_validated_request_info,Sektör,5,Döviz Tevdiat Hesabı / Katılım Fonları - Yurt İçi Yerleşik,bold,10098,60101,250264,439358,2310587,3070408
2022-12,9,Mevduat Turler Itibariyla,10001,6,"Mevduat Türler İtibarıyla (milyon TL), Dönem:2022/12",milyon TL,raw/2022-12_table09_group10001.json,84b013ad6eef068d83eed3c28cc41d2e53cd6d41d161c94b5fe1786d7884778c,raw/2022-12_table09_group10001_info.json,788f3731926532c7b0be03c4f00e05ba9f141256ce0c7fd264287c3e7d97ae65,caption_and_validated_request_info,Sektör,6,a) Gerçek Kişiler,italic,9534,57457,235238,392568,986781,1681579
2022-12,9,Mevduat Turler Itibariyla,10001,7,"Mevduat Türler İtibarıyla (milyon TL), Dönem:2022/12",milyon TL,raw/2022-12_table09_group10001.json,84b013ad6eef068d83eed3c28cc41d2e53cd6d41d161c94b5fe1786d7884778c,raw/2022-12_table09_group10001_info.json,788f3731926532c7b0be03c4f00e05ba9f141256ce0c7fd264287c3e7d97ae65,caption_and_validated_request_info,Sektör,7,b) Resmi Kuruluşlar,italic,3,16,172,287,38634,39111
2022-12,9,Mevduat Turler Itibariyla,10001,8,"Mevduat Türler İtibarıyla (milyon TL), Dönem:2022/12",milyon TL,raw/2022-12_table09_group10001.json,84b013ad6eef068d83eed3c28cc41d2e53cd6d41d161c94b5fe1786d7884778c,raw/2022-12_table09_group10001_info.json,788f3731926532c7b0be03c4f00e05ba9f141256ce0c7fd264287c3e7d97ae65,caption_and_validated_request_info,Sektör,8,c) Ticari ve Diğer Kuruluşlar,italic,561,2628,14854,46503,1285172,1349719
2022-12,9,Mevduat Turler Itibariyla,10001,9,"Mevduat Türler İtibarıyla (milyon TL), Dönem:2022/12",milyon TL,raw/2022-12_table09_group10001.json,84b013ad6eef068d83eed3c28cc41d2e53cd6d41d161c94b5fe1786d7884778c,raw/2022-12_table09_group10001_info.json,788f3731926532c7b0be03c4f00e05ba9f141256ce0c7fd264287c3e7d97ae65,caption_and_validated_request_info,Sektör,9,Kıymetli Maden Depo Hesapları - Yurt İçi Yerleşik,bold,7126,43371,161859,159021,153000,524376
2022-12,9,Mevduat Turler Itibariyla,10001,10,"Mevduat Türler İtibarıyla (milyon TL), Dönem:2022/12",milyon TL,raw/2022-12_table09_group10001.json,84b013ad6eef068d83eed3c28cc41d2e53cd6d41d161c94b5fe1786d7884778c,raw/2022-12_table09_group10001_info.json,788f3731926532c7b0be03c4f00e05ba9f141256ce0c7fd264287c3e7d97ae65,caption_and_validated_request_info,Sektör,10,a) Gerçek Kişiler,italic,6448,42926,159567,154447,127988,491376
2022-12,9,Mevduat Turler Itibariyla,10001,11,"Mevduat Türler İtibarıyla (milyon TL), Dönem:2022/12",milyon TL,raw/2022-12_table09_group10001.json,84b013ad6eef068d83eed3c28cc41d2e53cd6d41d161c94b5fe1786d7884778c,raw/2022-12_table09_group10001_info.json,788f3731926532c7b0be03c4f00e05ba9f141256ce0c7fd264287c3e7d97ae65,caption_and_validated_request_info,Sektör,11,b) Resmi Kuruluşlar,italic,0,1,2,1,41,45
2022-12,9,Mevduat Turler Itibariyla,10001,12,"Mevduat Türler İtibarıyla (milyon TL), Dönem:2022/12",milyon TL,raw/2022-12_table09_group10001.json,84b013ad6eef068d83eed3c28cc41d2e53cd6d41d161c94b5fe1786d7884778c,raw/2022-12_table09_group10001_info.json,788f3731926532c7b0be03c4f00e05ba9f141256ce0c7fd264287c3e7d97ae65,caption_and_validated_request_info,Sektör,12,c) Ticari ve Diğer Kuruluşlar,italic,677,444,2290,4573,24970,32956
2022-12,9,Mevduat Turler Itibariyla,10001,13,"Mevduat Türler İtibarıyla (milyon TL), Dönem:2022/12",milyon TL,raw/2022-12_table09_group10001.json,84b013ad6eef068d83eed3c28cc41d2e53cd6d41d161c94b5fe1786d7884778c,raw/2022-12_table09_group10001_info.json,788f3731926532c7b0be03c4f00e05ba9f141256ce0c7fd264287c3e7d97ae65,caption_and_validated_request_info,Sektör,13,Toplam Mevduat - Yurt İçi Yerleşik,bold,111581,294435,865878,1258385,5723382,8253662
2022-12,9,Mevduat Turler Itibariyla,10001,14,"Mevduat Türler İtibarıyla (milyon TL), Dönem:2022/12",milyon TL,raw/2022-12_table09_group10001.json,84b013ad6eef068d83eed3c28cc41d2e53cd6d41d161c94b5fe1786d7884778c,raw/2022-12_table09_group10001_info.json,788f3731926532c7b0be03c4f00e05ba9f141256ce0c7fd264287c3e7d97ae65,caption_and_validated_request_info,Sektör,14,Mudi Sayısı - Yurt İçi Yerleşik*,bold,141032982,11167503,7132433,2530557,760982,150269695
2022-12,9,Mevduat Turler Itibariyla,10001,15,"Mevduat Türler İtibarıyla (milyon TL), Dönem:2022/12",milyon TL,raw/2022-12_table09_group10001.json,84b013ad6eef068d83eed3c28cc41d2e53cd6d41d161c94b5fe1786d7884778c,raw/2022-12_table09_group10001_info.json,788f3731926532c7b0be03c4f00e05ba9f141256ce0c7fd264287c3e7d97ae65,caption_and_validated_request_info,Sektör,15,TP Mevduat / Katılım Fonları - Yurt Dışı Yerleşik,bold,2183,6442,14045,24687,71983,119341
2022-12,9,Mevduat Turler Itibariyla,10001,16,"Mevduat Türler İtibarıyla (milyon TL), Dönem:2022/12",milyon TL,raw/2022-12_table09_group10001.json,84b013ad6eef068d83eed3c28cc41d2e53cd6d41d161c94b5fe1786d7884778c,raw/2022-12_table09_group10001_info.json,788f3731926532c7b0be03c4f00e05ba9f141256ce0c7fd264287c3e7d97ae65,caption_and_validated_request_info,Sektör,16,a) Gerçek Kişiler,italic,2153,6333,13725,24202,60525,106937
2022-12,9,Mevduat Turler Itibariyla,10001,17,"Mevduat Türler İtibarıyla (milyon TL), Dönem:2022/12",milyon TL,raw/2022-12_table09_group10001.json,84b013ad6eef068d83eed3c28cc41d2e53cd6d41d161c94b5fe1786d7884778c,raw/2022-12_table09_group10001_info.json,788f3731926532c7b0be03c4f00e05ba9f141256ce0c7fd264287c3e7d97ae65,caption_and_validated_request_info,Sektör,17,b) Ticari ve Diğer Kuruluşlar,italic,30,110,320,485,11458,12403
2022-12,9,Mevduat Turler Itibariyla,10001,18,"Mevduat Türler İtibarıyla (milyon TL), Dönem:2022/12",milyon TL,raw/2022-12_table09_group10001.json,84b013ad6eef068d83eed3c28cc41d2e53cd6d41d161c94b5fe1786d7884778c,raw/2022-12_table09_group10001_info.json,788f3731926532c7b0be03c4f00e05ba9f141256ce0c7fd264287c3e7d97ae65,caption_and_validated_request_info,Sektör,18,Döviz Tevdiat Hesabı / Katılım Fonları - Yurt Dışı Yerleşik,bold,1126,4292,25886,72434,372539,476278
2022-12,9,Mevduat Turler Itibariyla,10001,19,"Mevduat Türler İtibarıyla (milyon TL), Dönem:2022/12",milyon TL,raw/2022-12_table09_group10001.json,84b013ad6eef068d83eed3c28cc41d2e53cd6d41d161c94b5fe1786d7884778c,raw/2022-12_table09_group10001_info.json,788f3731926532c7b0be03c4f00e05ba9f141256ce0c7fd264287c3e7d97ae65,caption_and_validated_request_info,Sektör,19,a) Gerçek Kişiler,italic,1107,4195,25400,70938,258350,359990
2022-12,9,Mevduat Turler Itibariyla,10001,20,"Mevduat Türler İtibarıyla (milyon TL), Dönem:2022/12",milyon TL,raw/2022-12_table09_group10001.json,84b013ad6eef068d83eed3c28cc41d2e53cd6d41d161c94b5fe1786d7884778c,raw/2022-12_table09_group10001_info.json,788f3731926532c7b0be03c4f00e05ba9f141256ce0c7fd264287c3e7d97ae65,caption_and_validated_request_info,Sektör,20,b) Ticari ve Diğer Kuruluşlar,italic,19,98,486,1496,114189,116288
2022-12,9,Mevduat Turler Itibariyla,10001,21,"Mevduat Türler İtibarıyla (milyon TL), Dönem:2022/12",milyon TL,raw/2022-12_table09_group10001.json,84b013ad6eef068d83eed3c28cc41d2e53cd6d41d161c94b5fe1786d7884778c,raw/2022-12_table09_group10001_info.json,788f3731926532c7b0be03c4f00e05ba9f141256ce0c7fd264287c3e7d97ae65,caption_and_validated_request_info,Sektör,21,Kıymetli Maden Depo Hesapları - Yurt Dışı Yerleşik,bold,66,328,1853,3271,6344,11861
2022-12,9,Mevduat Turler Itibariyla,10001,22,"Mevduat Türler İtibarıyla (milyon TL), Dönem:2022/12",milyon TL,raw/2022-12_table09_group10001.json,84b013ad6eef068d83eed3c28cc41d2e53cd6d41d161c94b5fe1786d7884778c,raw/2022-12_table09_group10001_info.json,788f3731926532c7b0be03c4f00e05ba9f141256ce0c7fd264287c3e7d97ae65,caption_and_validated_request_info,Sektör,22,a) Gerçek Kişiler,italic,65,327,1849,3266,6248,11755
2022-12,9,Mevduat Turler Itibariyla,10001,23,"Mevduat Türler İtibarıyla (milyon TL), Dönem:2022/12",milyon TL,raw/2022-12_table09_group10001.json,84b013ad6eef068d83eed3c28cc41d2e53cd6d41d161c94b5fe1786d7884778c,raw/2022-12_table09_group10001_info.json,788f3731926532c7b0be03c4f00e05ba9f141256ce0c7fd264287c3e7d97ae65,caption_and_validated_request_info,Sektör,23,b) Ticari ve Diğer Kuruluşlar,italic,1,1,4,4,96,106
2022-12,9,Mevduat Turler Itibariyla,10001,24,"Mevduat Türler İtibarıyla (milyon TL), Dönem:2022/12",milyon TL,raw/2022-12_table09_group10001.json,84b013ad6eef068d83eed3c28cc41d2e53cd6d41d161c94b5fe1786d7884778c,raw/2022-12_table09_group10001_info.json,788f3731926532c7b0be03c4f00e05ba9f141256ce0c7fd264287c3e7d97ae65,caption_and_validated_request_info,Sektör,24,Toplam Mevduat - Yurt Dışı Yerleşik,bold,3375,11062,41784,100392,450866,607479
2022-12,9,Mevduat Turler Itibariyla,10001,25,"Mevduat Türler İtibarıyla (milyon TL), Dönem:2022/12",milyon TL,raw/2022-12_table09_group10001.json,84b013ad6eef068d83eed3c28cc41d2e53cd6d41d161c94b5fe1786d7884778c,raw/2022-12_table09_group10001_info.json,788f3731926532c7b0be03c4f00e05ba9f141256ce0c7fd264287c3e7d97ae65,caption_and_validated_request_info,Sektör,25,Mudi Sayısı - Yurt Dışı Yerleşik*,bold,1805136,410362,322415,188581,88908,2161295
2022-12,9,Mevduat Turler Itibariyla,10001,26,"Mevduat Türler İtibarıyla (milyon TL), Dönem:2022/12",milyon TL,raw/2022-12_table09_group10001.json,84b013ad6eef068d83eed3c28cc41d2e53cd6d41d161c94b5fe1786d7884778c,raw/2022-12_table09_group10001_info.json,788f3731926532c7b0be03c4f00e05ba9f141256ce0c7fd264287c3e7d97ae65,caption_and_validated_request_info,Sektör,26,Toplam Mevduat,bold,114956,305497,907661,1358778,6174249,8861141
2023-01,9,Mevduat Turler Itibariyla,10001,1,"Mevduat Türler İtibarıyla (milyon TL), Dönem:2023/1",milyon TL,raw/2023-01_table09_group10001.json,ea9f159ed70613eca82f03e67c62398355f782fca344a5db32123f85695d1440,raw/2023-01_table09_group10001_info.json,cd6b40b113c4beaf0132dd97480e7889b5cf145a73dce71e8988bd927b9149a8,caption_and_validated_request_info,Sektör,1,TP Mevduat / Katılım Fonları - Yurt İçi Yerleşik,bold,92473,189465,449027,662752,3439408,4833124
2023-01,9,Mevduat Turler Itibariyla,10001,2,"Mevduat Türler İtibarıyla (milyon TL), Dönem:2023/1",milyon TL,raw/2023-01_table09_group10001.json,ea9f159ed70613eca82f03e67c62398355f782fca344a5db32123f85695d1440,raw/2023-01_table09_group10001_info.json,cd6b40b113c4beaf0132dd97480e7889b5cf145a73dce71e8988bd927b9149a8,caption_and_validated_request_info,Sektör,2,a) Gerçek Kişiler,italic,84620,166892,384282,549142,1300873,2485809
2023-01,9,Mevduat Turler Itibariyla,10001,3,"Mevduat Türler İtibarıyla (milyon TL), Dönem:2023/1",milyon TL,raw/2023-01_table09_group10001.json,ea9f159ed70613eca82f03e67c62398355f782fca344a5db32123f85695d1440,raw/2023-01_table09_group10001_info.json,cd6b40b113c4beaf0132dd97480e7889b5cf145a73dce71e8988bd927b9149a8,caption_and_validated_request_info,Sektör,3,b) Resmi Kuruluşlar,italic,135,470,1408,3086,422465,427564
2023-01,9,Mevduat Turler Itibariyla,10001,4,"Mevduat Türler İtibarıyla (milyon TL), Dönem:2023/1",milyon TL,raw/2023-01_table09_group10001.json,ea9f159ed70613eca82f03e67c62398355f782fca344a5db32123f85695d1440,raw/2023-01_table09_group10001_info.json,cd6b40b113c4beaf0132dd97480e7889b5cf145a73dce71e8988bd927b9149a8,caption_and_validated_request_info,Sektör,4,c) Ticari ve Diğer Kuruluşlar,italic,7718,22102,63336,110524,1716070,1919751
2023-01,9,Mevduat Turler Itibariyla,10001,5,"Mevduat Türler İtibarıyla (milyon TL), Dönem:2023/1",milyon TL,raw/2023-01_table09_group10001.json,ea9f159ed70613eca82f03e67c62398355f782fca344a5db32123f85695d1440,raw/2023-01_table09_group10001_info.json,cd6b40b113c4beaf0132dd97480e7889b5cf145a73dce71e8988bd927b9149a8,caption_and_validated_request_info,Sektör,5,Döviz Tevdiat Hesabı / Katılım Fonları - Yurt İçi Yerleşik,bold,9781,60996,253746,439044,2340895,3104461
2023-01,9,Mevduat Turler Itibariyla,10001,6,"Mevduat Türler İtibarıyla (milyon TL), Dönem:2023/1",milyon TL,raw/2023-01_table09_group10001.json,ea9f159ed70613eca82f03e67c62398355f782fca344a5db32123f85695d1440,raw/2023-01_table09_group10001_info.json,cd6b40b113c4beaf0132dd97480e7889b5cf145a73dce71e8988bd927b9149a8,caption_and_validated_request_info,Sektör,6,a) Gerçek Kişiler,italic,9224,58350,238744,392255,958936,1657509
2023-01,9,Mevduat Turler Itibariyla,10001,7,"Mevduat Türler İtibarıyla (milyon TL), Dönem:2023/1",milyon TL,raw/2023-01_table09_group10001.json,ea9f159ed70613eca82f03e67c62398355f782fca344a5db32123f85695d1440,raw/2023-01_table09_group10001_info.json,cd6b40b113c4beaf0132dd97480e7889b5cf145a73dce71e8988bd927b9149a8,caption_and_validated_request_info,Sektör,7,b) Resmi Kuruluşlar,italic,3,16,177,297,37966,38458
2023-01,9,Mevduat Turler Itibariyla,10001,8,"Mevduat Türler İtibarıyla (milyon TL), Dönem:2023/1",milyon TL,raw/2023-01_table09_group10001.json,ea9f159ed70613eca82f03e67c62398355f782fca344a5db32123f85695d1440,raw/2023-01_table09_group10001_info.json,cd6b40b113c4beaf0132dd97480e7889b5cf145a73dce71e8988bd927b9149a8,caption_and_validated_request_info,Sektör,8,c) Ticari ve Diğer Kuruluşlar,italic,554,2630,14825,46492,1343993,1408494
2023-01,9,Mevduat Turler Itibariyla,10001,9,"Mevduat Türler İtibarıyla (milyon TL), Dönem:2023/1",milyon TL,raw/2023-01_table09_group10001.json,ea9f159ed70613eca82f03e67c62398355f782fca344a5db32123f85695d1440,raw/2023-01_table09_group10001_info.json,cd6b40b113c4beaf0132dd97480e7889b5cf145a73dce71e8988bd927b9149a8,caption_and_validated_request_info,Sektör,9,Kıymetli Maden Depo Hesapları - Yurt İçi Yerleşik,bold,7334,45210,172898,175690,170443,571574
2023-01,9,Mevduat Turler Itibariyla,10001,10,"Mevduat Türler İtibarıyla (milyon TL), Dönem:2023/1",milyon TL,raw/2023-01_table09_group10001.json,ea9f159ed70613eca82f03e67c62398355f782fca344a5db32123f85695d1440,raw/2023-01_table09_group10001_info.json,cd6b40b113c4beaf0132dd97480e7889b5cf145a73dce71e8988bd927b9149a8,caption_and_validated_request_info,Sektör,10,a) Gerçek Kişiler,italic,6585,44734,170442,170645,141866,534273
2023-01,9,Mevduat Turler Itibariyla,10001,11,"Mevduat Türler İtibarıyla (milyon TL), Dönem:2023/1",milyon TL,raw/2023-01_table09_group10001.json,ea9f159ed70613eca82f03e67c62398355f782fca344a5db32123f85695d1440,raw/2023-01_table09_group10001_info.json,cd6b40b113c4beaf0132dd97480e7889b5cf145a73dce71e8988bd927b9149a8,caption_and_validated_request_info,Sektör,11,b) Resmi Kuruluşlar,italic,0,1,2,1,43,47
2023-01,9,Mevduat Turler Itibariyla,10001,12,"Mevduat Türler İtibarıyla (milyon TL), Dönem:2023/1",milyon TL,raw/2023-01_table09_group10001.json,ea9f159ed70613eca82f03e67c62398355f782fca344a5db32123f85695d1440,raw/2023-01_table09_group10001_info.json,cd6b40b113c4beaf0132dd97480e7889b5cf145a73dce71e8988bd927b9149a8,caption_and_validated_request_info,Sektör,12,c) Ticari ve Diğer Kuruluşlar,italic,748,474,2454,5044,28534,37255
2023-01,9,Mevduat Turler Itibariyla,10001,13,"Mevduat Türler İtibarıyla (milyon TL), Dönem:2023/1",milyon TL,raw/2023-01_table09_group10001.json,ea9f159ed70613eca82f03e67c62398355f782fca344a5db32123f85695d1440,raw/2023-01_table09_group10001_info.json,cd6b40b113c4beaf0132dd97480e7889b5cf145a73dce71e8988bd927b9149a8,caption_and_validated_request_info,Sektör,13,Toplam Mevduat - Yurt İçi Yerleşik,bold,109587,295670,875671,1277486,5950745,8509159
2023-01,9,Mevduat Turler Itibariyla,10001,14,"Mevduat Türler İtibarıyla (milyon TL), Dönem:2023/1",milyon TL,raw/2023-01_table09_group10001.json,ea9f159ed70613eca82f03e67c62398355f782fca344a5db32123f85695d1440,raw/2023-01_table09_group10001_info.json,cd6b40b113c4beaf0132dd97480e7889b5cf145a73dce71e8988bd927b9149a8,caption_and_validated_request_info,Sektör,14,Mudi Sayısı - Yurt İçi Yerleşik*,bold,141856871,11228871,7193298,2576685,778134,151034185
2023-01,9,Mevduat Turler Itibariyla,10001,15,"Mevduat Türler İtibarıyla (milyon TL), Dönem:2023/1",milyon TL,raw/2023-01_table09_group10001.json,ea9f159ed70613eca82f03e67c62398355f782fca344a5db32123f85695d1440,raw/2023-01_table09_group10001_info.json,cd6b40b113c4beaf0132dd97480e7889b5cf145a73dce71e8988bd927b9149a8,caption_and_validated_request_info,Sektör,15,TP Mevduat / Katılım Fonları - Yurt Dışı Yerleşik,bold,2116,6816,14347,25189,83855,132324
2023-01,9,Mevduat Turler Itibariyla,10001,16,"Mevduat Türler İtibarıyla (milyon TL), Dönem:2023/1",milyon TL,raw/2023-01_table09_group10001.json,ea9f159ed70613eca82f03e67c62398355f782fca344a5db32123f85695d1440,raw/2023-01_table09_group10001_info.json,cd6b40b113c4beaf0132dd97480e7889b5cf145a73dce71e8988bd927b9149a8,caption_and_validated_request_info,Sektör,16,a) Gerçek Kişiler,italic,2085,6710,14030,24706,68266,115797
2023-01,9,Mevduat Turler Itibariyla,10001,17,"Mevduat Türler İtibarıyla (milyon TL), Dönem:2023/1",milyon TL,raw/2023-01_table09_group10001.json,ea9f159ed70613eca82f03e67c62398355f782fca344a5db32123f85695d1440,raw/2023-01_table09_group10001_info.json,cd6b40b113c4beaf0132dd97480e7889b5cf145a73dce71e8988bd927b9149a8,caption_and_validated_request_info,Sektör,17,b) Ticari ve Diğer Kuruluşlar,italic,31,106,317,483,15589,16526
2023-01,9,Mevduat Turler Itibariyla,10001,18,"Mevduat Türler İtibarıyla (milyon TL), Dönem:2023/1",milyon TL,raw/2023-01_table09_group10001.json,ea9f159ed70613eca82f03e67c62398355f782fca344a5db32123f85695d1440,raw/2023-01_table09_group10001_info.json,cd6b40b113c4beaf0132dd97480e7889b5cf145a73dce71e8988bd927b9149a8,caption_and_validated_request_info,Sektör,18,Döviz Tevdiat Hesabı / Katılım Fonları - Yurt Dışı Yerleşik,bold,1064,4332,26349,72541,387899,492184
2023-01,9,Mevduat Turler Itibariyla,10001,19,"Mevduat Türler İtibarıyla (milyon TL), Dönem:2023/1",milyon TL,raw/2023-01_table09_group10001.json,ea9f159ed70613eca82f03e67c62398355f782fca344a5db32123f85695d1440,raw/2023-01_table09_group10001_info.json,cd6b40b113c4beaf0132dd97480e7889b5cf145a73dce71e8988bd927b9149a8,caption_and_validated_request_info,Sektör,19,a) Gerçek Kişiler,italic,1045,4233,25842,71035,262173,364328
2023-01,9,Mevduat Turler Itibariyla,10001,20,"Mevduat Türler İtibarıyla (milyon TL), Dönem:2023/1",milyon TL,raw/2023-01_table09_group10001.json,ea9f159ed70613eca82f03e67c62398355f782fca344a5db32123f85695d1440,raw/2023-01_table09_group10001_info.json,cd6b40b113c4beaf0132dd97480e7889b5cf145a73dce71e8988bd927b9149a8,caption_and_validated_request_info,Sektör,20,b) Ticari ve Diğer Kuruluşlar,italic,18,99,507,1506,125726,127856
2023-01,9,Mevduat Turler Itibariyla,10001,21,"Mevduat Türler İtibarıyla (milyon TL), Dönem:2023/1",milyon TL,raw/2023-01_table09_group10001.json,ea9f159ed70613eca82f03e67c62398355f782fca344a5db32123f85695d1440,raw/2023-01_table09_group10001_info.json,cd6b40b113c4beaf0132dd97480e7889b5cf145a73dce71e8988bd927b9149a8,caption_and_validated_request_info,Sektör,21,Kıymetli Maden Depo Hesapları - Yurt Dışı Yerleşik,bold,69,344,1932,3477,6939,12761
2023-01,9,Mevduat Turler Itibariyla,10001,22,"Mevduat Türler İtibarıyla (milyon TL), Dönem:2023/1",milyon TL,raw/2023-01_table09_group10001.json,ea9f159ed70613eca82f03e67c62398355f782fca344a5db32123f85695d1440,raw/2023-01_table09_group10001_info.json,cd6b40b113c4beaf0132dd97480e7889b5cf145a73dce71e8988bd927b9149a8,caption_and_validated_request_info,Sektör,22,a) Gerçek Kişiler,italic,67,343,1927,3472,6739,12549
2023-01,9,Mevduat Turler Itibariyla,10001,23,"Mevduat Türler İtibarıyla (milyon TL), Dönem:2023/1",milyon TL,raw/2023-01_table09_group10001.json,ea9f159ed70613eca82f03e67c62398355f782fca344a5db32123f85695d1440,raw/2023-01_table09_group10001_info.json,cd6b40b113c4beaf0132dd97480e7889b5cf145a73dce71e8988bd927b9149a8,caption_and_validated_request_info,Sektör,23,b) Ticari ve Diğer Kuruluşlar,italic,1,1,5,6,199,212
2023-01,9,Mevduat Turler Itibariyla,10001,24,"Mevduat Türler İtibarıyla (milyon TL), Dönem:2023/1",milyon TL,raw/2023-01_table09_group10001.json,ea9f159ed70613eca82f03e67c62398355f782fca344a5db32123f85695d1440,raw/2023-01_table09_group10001_info.json,cd6b40b113c4beaf0132dd97480e7889b5cf145a73dce71e8988bd927b9149a8,caption_and_validated_request_info,Sektör,24,Toplam Mevduat - Yurt Dışı Yerleşik,bold,3248,11492,42628,101208,478693,637269
2023-01,9,Mevduat Turler Itibariyla,10001,25,"Mevduat Türler İtibarıyla (milyon TL), Dönem:2023/1",milyon TL,raw/2023-01_table09_group10001.json,ea9f159ed70613eca82f03e67c62398355f782fca344a5db32123f85695d1440,raw/2023-01_table09_group10001_info.json,cd6b40b113c4beaf0132dd97480e7889b5cf145a73dce71e8988bd927b9149a8,caption_and_validated_request_info,Sektör,25,Mudi Sayısı - Yurt Dışı Yerleşik*,bold,1817700,425136,329366,190661,92060,2183307
2023-01,9,Mevduat Turler Itibariyla,10001,26,"Mevduat Türler İtibarıyla (milyon TL), Dönem:2023/1",milyon TL,raw/2023-01_table09_group10001.json,ea9f159ed70613eca82f03e67c62398355f782fca344a5db32123f85695d1440,raw/2023-01_table09_group10001_info.json,cd6b40b113c4beaf0132dd97480e7889b5cf145a73dce71e8988bd927b9149a8,caption_and_validated_request_info,Sektör,26,Toplam Mevduat,bold,112835,307162,918299,1378694,6429438,9146428
2023-02,9,Mevduat Turler Itibariyla,10001,1,"Mevduat Türler İtibarıyla (milyon TL), Dönem:2023/2",milyon TL,raw/2023-02_table09_group10001.json,27bc6a3ecb4f8fd846d4b8edc1c2445a4c58f2670be107d3040dd04b92d07516,raw/2023-02_table09_group10001_info.json,90747d07439daac94380251201f6751a9c622ae46d81946e33dfaf30922a053e,caption_and_validated_request_info,Sektör,1,TP Mevduat / Katılım Fonları - Yurt İçi Yerleşik,bold,100934,211194,467360,685813,3817367,5282669
2023-02,9,Mevduat Turler Itibariyla,10001,2,"Mevduat Türler İtibarıyla (milyon TL), Dönem:2023/2",milyon TL,raw/2023-02_table09_group10001.json,27bc6a3ecb4f8fd846d4b8edc1c2445a4c58f2670be107d3040dd04b92d07516,raw/2023-02_table09_group10001_info.json,90747d07439daac94380251201f6751a9c622ae46d81946e33dfaf30922a053e,caption_and_validated_request_info,Sektör,2,a) Gerçek Kişiler,italic,93076,188421,402221,570472,1512238,2766428
2023-02,9,Mevduat Turler Itibariyla,10001,3,"Mevduat Türler İtibarıyla (milyon TL), Dönem:2023/2",milyon TL,raw/2023-02_table09_group10001.json,27bc6a3ecb4f8fd846d4b8edc1c2445a4c58f2670be107d3040dd04b92d07516,raw/2023-02_table09_group10001_info.json,90747d07439daac94380251201f6751a9c622ae46d81946e33dfaf30922a053e,caption_and_validated_request_info,Sektör,3,b) Resmi Kuruluşlar,italic,133,448,1288,2855,509650,514374
2023-02,9,Mevduat Turler Itibariyla,10001,4,"Mevduat Türler İtibarıyla (milyon TL), Dönem:2023/2",milyon TL,raw/2023-02_table09_group10001.json,27bc6a3ecb4f8fd846d4b8edc1c2445a4c58f2670be107d3040dd04b92d07516,raw/2023-02_table09_group10001_info.json,90747d07439daac94380251201f6751a9c622ae46d81946e33dfaf30922a053e,caption_and_validated_request_info,Sektör,4,c) Ticari ve Diğer Kuruluşlar,italic,7725,22326,63851,112487,1795479,2001868
2023-02,9,Mevduat Turler Itibariyla,10001,5,"Mevduat Türler İtibarıyla (milyon TL), Dönem:2023/2",milyon TL,raw/2023-02_table09_group10001.json,27bc6a3ecb4f8fd846d4b8edc1c2445a4c58f2670be107d3040dd04b92d07516,raw/2023-02_table09_group10001_info.json,90747d07439daac94380251201f6751a9c622ae46d81946e33dfaf30922a053e,caption_and_validated_request_info,Sektör,5,Döviz Tevdiat Hesabı / Katılım Fonları - Yurt İçi Yerleşik,bold,10165,62848,258470,436649,2199858,2967990
2023-02,9,Mevduat Turler Itibariyla,10001,6,"Mevduat Türler İtibarıyla (milyon TL), Dönem:2023/2",milyon TL,raw/2023-02_table09_group10001.json,27bc6a3ecb4f8fd846d4b8edc1c2445a4c58f2670be107d3040dd04b92d07516,raw/2023-02_table09_group10001_info.json,90747d07439daac94380251201f6751a9c622ae46d81946e33dfaf30922a053e,caption_and_validated_request_info,Sektör,6,a) Gerçek Kişiler,italic,9603,60176,243409,390108,870123,1573419
2023-02,9,Mevduat Turler Itibariyla,10001,7,"Mevduat Türler İtibarıyla (milyon TL), Dönem:2023/2",milyon TL,raw/2023-02_table09_group10001.json,27bc6a3ecb4f8fd846d4b8edc1c2445a4c58f2670be107d3040dd04b92d07516,raw/2023-02_table09_group10001_info.json,90747d07439daac94380251201f6751a9c622ae46d81946e33dfaf30922a053e,caption_and_validated_request_info,Sektör,7,b) Resmi Kuruluşlar,italic,3,16,181,296,39009,39504
2023-02,9,Mevduat Turler Itibariyla,10001,8,"Mevduat Türler İtibarıyla (milyon TL), Dönem:2023/2",milyon TL,raw/2023-02_table09_group10001.json,27bc6a3ecb4f8fd846d4b8edc1c2445a4c58f2670be107d3040dd04b92d07516,raw/2023-02_table09_group10001_info.json,90747d07439daac94380251201f6751a9c622ae46d81946e33dfaf30922a053e,caption_and_validated_request_info,Sektör,8,c) Ticari ve Diğer Kuruluşlar,italic,560,2656,14879,46245,1290727,1355067
2023-02,9,Mevduat Turler Itibariyla,10001,9,"Mevduat Türler İtibarıyla (milyon TL), Dönem:2023/2",milyon TL,raw/2023-02_table09_group10001.json,27bc6a3ecb4f8fd846d4b8edc1c2445a4c58f2670be107d3040dd04b92d07516,raw/2023-02_table09_group10001_info.json,90747d07439daac94380251201f6751a9c622ae46d81946e33dfaf30922a053e,caption_and_validated_request_info,Sektör,9,Kıymetli Maden Depo Hesapları - Yurt İçi Yerleşik,bold,7809,47356,174686,168748,152604,551203
2023-02,9,Mevduat Turler Itibariyla,10001,10,"Mevduat Türler İtibarıyla (milyon TL), Dönem:2023/2",milyon TL,raw/2023-02_table09_group10001.json,27bc6a3ecb4f8fd846d4b8edc1c2445a4c58f2670be107d3040dd04b92d07516,raw/2023-02_table09_group10001_info.json,90747d07439daac94380251201f6751a9c622ae46d81946e33dfaf30922a053e,caption_and_validated_request_info,Sektör,10,a) Gerçek Kişiler,italic,7065,46862,172180,163686,126418,516211
2023-02,9,Mevduat Turler Itibariyla,10001,11,"Mevduat Türler İtibarıyla (milyon TL), Dönem:2023/2",milyon TL,raw/2023-02_table09_group10001.json,27bc6a3ecb4f8fd846d4b8edc1c2445a4c58f2670be107d3040dd04b92d07516,raw/2023-02_table09_group10001_info.json,90747d07439daac94380251201f6751a9c622ae46d81946e33dfaf30922a053e,caption_and_validated_request_info,Sektör,11,b) Resmi Kuruluşlar,italic,0,1,2,1,41,45
2023-02,9,Mevduat Turler Itibariyla,10001,12,"Mevduat Türler İtibarıyla (milyon TL), Dönem:2023/2",milyon TL,raw/2023-02_table09_group10001.json,27bc6a3ecb4f8fd846d4b8edc1c2445a4c58f2670be107d3040dd04b92d07516,raw/2023-02_table09_group10001_info.json,90747d07439daac94380251201f6751a9c622ae46d81946e33dfaf30922a053e,caption_and_validated_request_info,Sektör,12,c) Ticari ve Diğer Kuruluşlar,italic,745,493,2504,5061,26145,34947
2023-02,9,Mevduat Turler Itibariyla,10001,13,"Mevduat Türler İtibarıyla (milyon TL), Dönem:2023/2",milyon TL,raw/2023-02_table09_group10001.json,27bc6a3ecb4f8fd846d4b8edc1c2445a4c58f2670be107d3040dd04b92d07516,raw/2023-02_table09_group10001_info.json,90747d07439daac94380251201f6751a9c622ae46d81946e33dfaf30922a053e,caption_and_validated_request_info,Sektör,13,Toplam Mevduat - Yurt İçi Yerleşik,bold,118909,321399,900516,1291210,6169829,8801863
2023-02,9,Mevduat Turler Itibariyla,10001,14,"Mevduat Türler İtibarıyla (milyon TL), Dönem:2023/2",milyon TL,raw/2023-02_table09_group10001.json,27bc6a3ecb4f8fd846d4b8edc1c2445a4c58f2670be107d3040dd04b92d07516,raw/2023-02_table09_group10001_info.json,90747d07439daac94380251201f6751a9c622ae46d81946e33dfaf30922a053e,caption_and_validated_request_info,Sektör,14,Mudi Sayısı - Yurt İçi Yerleşik*,bold,142142754,12411717,7445860,2612544,796373,152533157
2023-02,9,Mevduat Turler Itibariyla,10001,15,"Mevduat Türler İtibarıyla (milyon TL), Dönem:2023/2",milyon TL,raw/2023-02_table09_group10001.json,27bc6a3ecb4f8fd846d4b8edc1c2445a4c58f2670be107d3040dd04b92d07516,raw/2023-02_table09_group10001_info.json,90747d07439daac94380251201f6751a9c622ae46d81946e33dfaf30922a053e,caption_and_validated_request_info,Sektör,15,TP Mevduat / Katılım Fonları - Yurt Dışı Yerleşik,bold,2126,7218,14771,25614,92727,142456
2023-02,9,Mevduat Turler Itibariyla,10001,16,"Mevduat Türler İtibarıyla (milyon TL), Dönem:2023/2",milyon TL,raw/2023-02_table09_group10001.json,27bc6a3ecb4f8fd846d4b8edc1c2445a4c58f2670be107d3040dd04b92d07516,raw/2023-02_table09_group10001_info.json,90747d07439daac94380251201f6751a9c622ae46d81946e33dfaf30922a053e,caption_and_validated_request_info,Sektör,16,a) Gerçek Kişiler,italic,2094,7107,14466,25132,76694,125494
2023-02,9,Mevduat Turler Itibariyla,10001,17,"Mevduat Türler İtibarıyla (milyon TL), Dönem:2023/2",milyon TL,raw/2023-02_table09_group10001.json,27bc6a3ecb4f8fd846d4b8edc1c2445a4c58f2670be107d3040dd04b92d07516,raw/2023-02_table09_group10001_info.json,90747d07439daac94380251201f6751a9c622ae46d81946e33dfaf30922a053e,caption_and_validated_request_info,Sektör,17,b) Ticari ve Diğer Kuruluşlar,italic,32,110,305,482,16033,16962
2023-02,9,Mevduat Turler Itibariyla,10001,18,"Mevduat Türler İtibarıyla (milyon TL), Dönem:2023/2",milyon TL,raw/2023-02_table09_group10001.json,27bc6a3ecb4f8fd846d4b8edc1c2445a4c58f2670be107d3040dd04b92d07516,raw/2023-02_table09_group10001_info.json,90747d07439daac94380251201f6751a9c622ae46d81946e33dfaf30922a053e,caption_and_validated_request_info,Sektör,18,Döviz Tevdiat Hesabı / Katılım Fonları - Yurt Dışı Yerleşik,bold,1023,4443,26649,73520,374837,480472
2023-02,9,Mevduat Turler Itibariyla,10001,19,"Mevduat Türler İtibarıyla (milyon TL), Dönem:2023/2",milyon TL,raw/2023-02_table09_group10001.json,27bc6a3ecb4f8fd846d4b8edc1c2445a4c58f2670be107d3040dd04b92d07516,raw/2023-02_table09_group10001_info.json,90747d07439daac94380251201f6751a9c622ae46d81946e33dfaf30922a053e,caption_and_validated_request_info,Sektör,19,a) Gerçek Kişiler,italic,1004,4343,26143,71969,258915,362374
2023-02,9,Mevduat Turler Itibariyla,10001,20,"Mevduat Türler İtibarıyla (milyon TL), Dönem:2023/2",milyon TL,raw/2023-02_table09_group10001.json,27bc6a3ecb4f8fd846d4b8edc1c2445a4c58f2670be107d3040dd04b92d07516,raw/2023-02_table09_group10001_info.json,90747d07439daac94380251201f6751a9c622ae46d81946e33dfaf30922a053e,caption_and_validated_request_info,Sektör,20,b) Ticari ve Diğer Kuruluşlar,italic,19,100,506,1551,115923,118098
2023-02,9,Mevduat Turler Itibariyla,10001,21,"Mevduat Türler İtibarıyla (milyon TL), Dönem:2023/2",milyon TL,raw/2023-02_table09_group10001.json,27bc6a3ecb4f8fd846d4b8edc1c2445a4c58f2670be107d3040dd04b92d07516,raw/2023-02_table09_group10001_info.json,90747d07439daac94380251201f6751a9c622ae46d81946e33dfaf30922a053e,caption_and_validated_request_info,Sektör,21,Kıymetli Maden Depo Hesapları - Yurt Dışı Yerleşik,bold,70,358,1973,3516,6498,12415
2023-02,9,Mevduat Turler Itibariyla,10001,22,"Mevduat Türler İtibarıyla (milyon TL), Dönem:2023/2",milyon TL,raw/2023-02_table09_group10001.json,27bc6a3ecb4f8fd846d4b8edc1c2445a4c58f2670be107d3040dd04b92d07516,raw/2023-02_table09_group10001_info.json,90747d07439daac94380251201f6751a9c622ae46d81946e33dfaf30922a053e,caption_and_validated_request_info,Sektör,22,a) Gerçek Kişiler,italic,69,358,1967,3511,6380,12285
2023-02,9,Mevduat Turler Itibariyla,10001,23,"Mevduat Türler İtibarıyla (milyon TL), Dönem:2023/2",milyon TL,raw/2023-02_table09_group10001.json,27bc6a3ecb4f8fd846d4b8edc1c2445a4c58f2670be107d3040dd04b92d07516,raw/2023-02_table09_group10001_info.json,90747d07439daac94380251201f6751a9c622ae46d81946e33dfaf30922a053e,caption_and_validated_request_info,Sektör,23,b) Ticari ve Diğer Kuruluşlar,italic,1,1,5,5,119,130
2023-02,9,Mevduat Turler Itibariyla,10001,24,"Mevduat Türler İtibarıyla (milyon TL), Dönem:2023/2",milyon TL,raw/2023-02_table09_group10001.json,27bc6a3ecb4f8fd846d4b8edc1c2445a4c58f2670be107d3040dd04b92d07516,raw/2023-02_table09_group10001_info.json,90747d07439daac94380251201f6751a9c622ae46d81946e33dfaf30922a053e,caption_and_validated_request_info,Sektör,24,Toplam Mevduat - Yurt Dışı Yerleşik,bold,3220,12019,43393,102650,474062,635343
2023-02,9,Mevduat Turler Itibariyla,10001,25,"Mevduat Türler İtibarıyla (milyon TL), Dönem:2023/2",milyon TL,raw/2023-02_table09_group10001.json,27bc6a3ecb4f8fd846d4b8edc1c2445a4c58f2670be107d3040dd04b92d07516,raw/2023-02_table09_group10001_info.json,90747d07439daac94380251201f6751a9c622ae46d81946e33dfaf30922a053e,caption_and_validated_request_info,Sektör,25,Mudi Sayısı - Yurt Dışı Yerleşik*,bold,1847547,438336,337071,193602,92915,2223774
2023-02,9,Mevduat Turler Itibariyla,10001,26,"Mevduat Türler İtibarıyla (milyon TL), Dönem:2023/2",milyon TL,raw/2023-02_table09_group10001.json,27bc6a3ecb4f8fd846d4b8edc1c2445a4c58f2670be107d3040dd04b92d07516,raw/2023-02_table09_group10001_info.json,90747d07439daac94380251201f6751a9c622ae46d81946e33dfaf30922a053e,caption_and_validated_request_info,Sektör,26,Toplam Mevduat,bold,122128,333418,943908,1393859,6643892,9437206
2023-03,9,Mevduat Turler Itibariyla,10001,1,"Mevduat Türler İtibarıyla (milyon TL), Dönem:2023/3",milyon TL,raw/2023-03_table09_group10001.json,5077d03c209b6f18f059321cbb506b64853c0a6d3589bd593e20f90ba450059a,raw/2023-03_table09_group10001_info.json,88acff633a5542fc4d583901abf2a033098aed39bf54f597a890c9ec7e637bf2,caption_and_validated_request_info,Sektör,1,TP Mevduat / Katılım Fonları - Yurt İçi Yerleşik,bold,101341,223538,490069,730220,4197254,5742422
2023-03,9,Mevduat Turler Itibariyla,10001,2,"Mevduat Türler İtibarıyla (milyon TL), Dönem:2023/3",milyon TL,raw/2023-03_table09_group10001.json,5077d03c209b6f18f059321cbb506b64853c0a6d3589bd593e20f90ba450059a,raw/2023-03_table09_group10001_info.json,88acff633a5542fc4d583901abf2a033098aed39bf54f597a890c9ec7e637bf2,caption_and_validated_request_info,Sektör,2,a) Gerçek Kişiler,italic,93311,199962,422385,607411,1686869,3009938
2023-03,9,Mevduat Turler Itibariyla,10001,3,"Mevduat Türler İtibarıyla (milyon TL), Dönem:2023/3",milyon TL,raw/2023-03_table09_group10001.json,5077d03c209b6f18f059321cbb506b64853c0a6d3589bd593e20f90ba450059a,raw/2023-03_table09_group10001_info.json,88acff633a5542fc4d583901abf2a033098aed39bf54f597a890c9ec7e637bf2,caption_and_validated_request_info,Sektör,3,b) Resmi Kuruluşlar,italic,138,490,1383,3206,570149,575366
2023-03,9,Mevduat Turler Itibariyla,10001,4,"Mevduat Türler İtibarıyla (milyon TL), Dönem:2023/3",milyon TL,raw/2023-03_table09_group10001.json,5077d03c209b6f18f059321cbb506b64853c0a6d3589bd593e20f90ba450059a,raw/2023-03_table09_group10001_info.json,88acff633a5542fc4d583901abf2a033098aed39bf54f597a890c9ec7e637bf2,caption_and_validated_request_info,Sektör,4,c) Ticari ve Diğer Kuruluşlar,italic,7892,23087,66301,119603,1940236,2157119
2023-03,9,Mevduat Turler Itibariyla,10001,5,"Mevduat Türler İtibarıyla (milyon TL), Dönem:2023/3",milyon TL,raw/2023-03_table09_group10001.json,5077d03c209b6f18f059321cbb506b64853c0a6d3589bd593e20f90ba450059a,raw/2023-03_table09_group10001_info.json,88acff633a5542fc4d583901abf2a033098aed39bf54f597a890c9ec7e637bf2,caption_and_validated_request_info,Sektör,5,Döviz Tevdiat Hesabı / Katılım Fonları - Yurt İçi Yerleşik,bold,10101,64777,265220,440387,2139659,2920145
2023-03,9,Mevduat Turler Itibariyla,10001,6,"Mevduat Türler İtibarıyla (milyon TL), Dönem:2023/3",milyon TL,raw/2023-03_table09_group10001.json,5077d03c209b6f18f059321cbb506b64853c0a6d3589bd593e20f90ba450059a,raw/2023-03_table09_group10001_info.json,88acff633a5542fc4d583901abf2a033098aed39bf54f597a890c9ec7e637bf2,caption_and_validated_request_info,Sektör,6,a) Gerçek Kişiler,italic,9535,62076,249983,393777,838577,1553948
2023-03,9,Mevduat Turler Itibariyla,10001,7,"Mevduat Türler İtibarıyla (milyon TL), Dönem:2023/3",milyon TL,raw/2023-03_table09_group10001.json,5077d03c209b6f18f059321cbb506b64853c0a6d3589bd593e20f90ba450059a,raw/2023-03_table09_group10001_info.json,88acff633a5542fc4d583901abf2a033098aed39bf54f597a890c9ec7e637bf2,caption_and_validated_request_info,Sektör,7,b) Resmi Kuruluşlar,italic,3,17,181,287,42497,42984
2023-03,9,Mevduat Turler Itibariyla,10001,8,"Mevduat Türler İtibarıyla (milyon TL), Dönem:2023/3",milyon TL,raw/2023-03_table09_group10001.json,5077d03c209b6f18f059321cbb506b64853c0a6d3589bd593e20f90ba450059a,raw/2023-03_table09_group10001_info.json,88acff633a5542fc4d583901abf2a033098aed39bf54f597a890c9ec7e637bf2,caption_and_validated_request_info,Sektör,8,c) Ticari ve Diğer Kuruluşlar,italic,563,2684,15057,46323,1258586,1323213
2023-03,9,Mevduat Turler Itibariyla,10001,9,"Mevduat Türler İtibarıyla (milyon TL), Dönem:2023/3",milyon TL,raw/2023-03_table09_group10001.json,5077d03c209b6f18f059321cbb506b64853c0a6d3589bd593e20f90ba450059a,raw/2023-03_table09_group10001_info.json,88acff633a5542fc4d583901abf2a033098aed39bf54f597a890c9ec7e637bf2,caption_and_validated_request_info,Sektör,9,Kıymetli Maden Depo Hesapları - Yurt İçi Yerleşik,bold,7733,47784,187068,192801,169061,604447
2023-03,9,Mevduat Turler Itibariyla,10001,10,"Mevduat Türler İtibarıyla (milyon TL), Dönem:2023/3",milyon TL,raw/2023-03_table09_group10001.json,5077d03c209b6f18f059321cbb506b64853c0a6d3589bd593e20f90ba450059a,raw/2023-03_table09_group10001_info.json,88acff633a5542fc4d583901abf2a033098aed39bf54f597a890c9ec7e637bf2,caption_and_validated_request_info,Sektör,10,a) Gerçek Kişiler,italic,6881,47296,184511,187529,143159,569375
2023-03,9,Mevduat Turler Itibariyla,10001,11,"Mevduat Türler İtibarıyla (milyon TL), Dönem:2023/3",milyon TL,raw/2023-03_table09_group10001.json,5077d03c209b6f18f059321cbb506b64853c0a6d3589bd593e20f90ba450059a,raw/2023-03_table09_group10001_info.json,88acff633a5542fc4d583901abf2a033098aed39bf54f597a890c9ec7e637bf2,caption_and_validated_request_info,Sektör,11,b) Resmi Kuruluşlar,italic,0,1,3,1,55,60
2023-03,9,Mevduat Turler Itibariyla,10001,12,"Mevduat Türler İtibarıyla (milyon TL), Dönem:2023/3",milyon TL,raw/2023-03_table09_group10001.json,5077d03c209b6f18f059321cbb506b64853c0a6d3589bd593e20f90ba450059a,raw/2023-03_table09_group10001_info.json,88acff633a5542fc4d583901abf2a033098aed39bf54f597a890c9ec7e637bf2,caption_and_validated_request_info,Sektör,12,c) Ticari ve Diğer Kuruluşlar,italic,852,487,2554,5271,25846,35011
2023-03,9,Mevduat Turler Itibariyla,10001,13,"Mevduat Türler İtibarıyla (milyon TL), Dönem:2023/3",milyon TL,raw/2023-03_table09_group10001.json,5077d03c209b6f18f059321cbb506b64853c0a6d3589bd593e20f90ba450059a,raw/2023-03_table09_group10001_info.json,88acff633a5542fc4d583901abf2a033098aed39bf54f597a890c9ec7e637bf2,caption_and_validated_request_info,Sektör,13,Toplam Mevduat - Yurt İçi Yerleşik,bold,119175,336099,942357,1363408,6505974,9267014
2023-03,9,Mevduat Turler Itibariyla,10001,14,"Mevduat Türler İtibarıyla (milyon TL), Dönem:2023/3",milyon TL,raw/2023-03_table09_group10001.json,5077d03c209b6f18f059321cbb506b64853c0a6d3589bd593e20f90ba450059a,raw/2023-03_table09_group10001_info.json,88acff633a5542fc4d583901abf2a033098aed39bf54f597a890c9ec7e637bf2,caption_and_validated_request_info,Sektör,14,Mudi Sayısı - Yurt İçi Yerleşik*,bold,143091212,12927185,7774305,2762800,843908,154105792
2023-03,9,Mevduat Turler Itibariyla,10001,15,"Mevduat Türler İtibarıyla (milyon TL), Dönem:2023/3",milyon TL,raw/2023-03_table09_group10001.json,5077d03c209b6f18f059321cbb506b64853c0a6d3589bd593e20f90ba450059a,raw/2023-03_table09_group10001_info.json,88acff633a5542fc4d583901abf2a033098aed39bf54f597a890c9ec7e637bf2,caption_and_validated_request_info,Sektör,15,TP Mevduat / Katılım Fonları - Yurt Dışı Yerleşik,bold,2214,7638,15715,26610,104495,156672
2023-03,9,Mevduat Turler Itibariyla,10001,16,"Mevduat Türler İtibarıyla (milyon TL), Dönem:2023/3",milyon TL,raw/2023-03_table09_group10001.json,5077d03c209b6f18f059321cbb506b64853c0a6d3589bd593e20f90ba450059a,raw/2023-03_table09_group10001_info.json,88acff633a5542fc4d583901abf2a033098aed39bf54f597a890c9ec7e637bf2,caption_and_validated_request_info,Sektör,16,a) Gerçek Kişiler,italic,2181,7526,15396,26101,84968,136172
2023-03,9,Mevduat Turler Itibariyla,10001,17,"Mevduat Türler İtibarıyla (milyon TL), Dönem:2023/3",milyon TL,raw/2023-03_table09_group10001.json,5077d03c209b6f18f059321cbb506b64853c0a6d3589bd593e20f90ba450059a,raw/2023-03_table09_group10001_info.json,88acff633a5542fc4d583901abf2a033098aed39bf54f597a890c9ec7e637bf2,caption_and_validated_request_info,Sektör,17,b) Ticari ve Diğer Kuruluşlar,italic,33,112,319,509,19527,20501
2023-03,9,Mevduat Turler Itibariyla,10001,18,"Mevduat Türler İtibarıyla (milyon TL), Dönem:2023/3",milyon TL,raw/2023-03_table09_group10001.json,5077d03c209b6f18f059321cbb506b64853c0a6d3589bd593e20f90ba450059a,raw/2023-03_table09_group10001_info.json,88acff633a5542fc4d583901abf2a033098aed39bf54f597a890c9ec7e637bf2,caption_and_validated_request_info,Sektör,18,Döviz Tevdiat Hesabı / Katılım Fonları - Yurt Dışı Yerleşik,bold,1038,4741,28657,81166,402193,517795
2023-03,9,Mevduat Turler Itibariyla,10001,19,"Mevduat Türler İtibarıyla (milyon TL), Dönem:2023/3",milyon TL,raw/2023-03_table09_group10001.json,5077d03c209b6f18f059321cbb506b64853c0a6d3589bd593e20f90ba450059a,raw/2023-03_table09_group10001_info.json,88acff633a5542fc4d583901abf2a033098aed39bf54f597a890c9ec7e637bf2,caption_and_validated_request_info,Sektör,19,a) Gerçek Kişiler,italic,1019,4638,28137,79562,288404,401760
2023-03,9,Mevduat Turler Itibariyla,10001,20,"Mevduat Türler İtibarıyla (milyon TL), Dönem:2023/3",milyon TL,raw/2023-03_table09_group10001.json,5077d03c209b6f18f059321cbb506b64853c0a6d3589bd593e20f90ba450059a,raw/2023-03_table09_group10001_info.json,88acff633a5542fc4d583901abf2a033098aed39bf54f597a890c9ec7e637bf2,caption_and_validated_request_info,Sektör,20,b) Ticari ve Diğer Kuruluşlar,italic,19,103,520,1605,113788,116035
2023-03,9,Mevduat Turler Itibariyla,10001,21,"Mevduat Türler İtibarıyla (milyon TL), Dönem:2023/3",milyon TL,raw/2023-03_table09_group10001.json,5077d03c209b6f18f059321cbb506b64853c0a6d3589bd593e20f90ba450059a,raw/2023-03_table09_group10001_info.json,88acff633a5542fc4d583901abf2a033098aed39bf54f597a890c9ec7e637bf2,caption_and_validated_request_info,Sektör,21,Kıymetli Maden Depo Hesapları - Yurt Dışı Yerleşik,bold,74,366,2087,3926,7617,14069
2023-03,9,Mevduat Turler Itibariyla,10001,22,"Mevduat Türler İtibarıyla (milyon TL), Dönem:2023/3",milyon TL,raw/2023-03_table09_group10001.json,5077d03c209b6f18f059321cbb506b64853c0a6d3589bd593e20f90ba450059a,raw/2023-03_table09_group10001_info.json,88acff633a5542fc4d583901abf2a033098aed39bf54f597a890c9ec7e637bf2,caption_and_validated_request_info,Sektör,22,a) Gerçek Kişiler,italic,72,365,2083,3919,7455,13894
2023-03,9,Mevduat Turler Itibariyla,10001,23,"Mevduat Türler İtibarıyla (milyon TL), Dönem:2023/3",milyon TL,raw/2023-03_table09_group10001.json,5077d03c209b6f18f059321cbb506b64853c0a6d3589bd593e20f90ba450059a,raw/2023-03_table09_group10001_info.json,88acff633a5542fc4d583901abf2a033098aed39bf54f597a890c9ec7e637bf2,caption_and_validated_request_info,Sektör,23,b) Ticari ve Diğer Kuruluşlar,italic,2,1,4,7,161,176
2023-03,9,Mevduat Turler Itibariyla,10001,24,"Mevduat Türler İtibarıyla (milyon TL), Dönem:2023/3",milyon TL,raw/2023-03_table09_group10001.json,5077d03c209b6f18f059321cbb506b64853c0a6d3589bd593e20f90ba450059a,raw/2023-03_table09_group10001_info.json,88acff633a5542fc4d583901abf2a033098aed39bf54f597a890c9ec7e637bf2,caption_and_validated_request_info,Sektör,24,Toplam Mevduat - Yurt Dışı Yerleşik,bold,3327,12744,46459,111702,514305,688537
2023-03,9,Mevduat Turler Itibariyla,10001,25,"Mevduat Türler İtibarıyla (milyon TL), Dönem:2023/3",milyon TL,raw/2023-03_table09_group10001.json,5077d03c209b6f18f059321cbb506b64853c0a6d3589bd593e20f90ba450059a,raw/2023-03_table09_group10001_info.json,88acff633a5542fc4d583901abf2a033098aed39bf54f597a890c9ec7e637bf2,caption_and_validated_request_info,Sektör,25,Mudi Sayısı - Yurt Dışı Yerleşik*,bold,1920640,458288,357174,209852,102364,2349883
2023-03,9,Mevduat Turler Itibariyla,10001,26,"Mevduat Türler İtibarıyla (milyon TL), Dönem:2023/3",milyon TL,raw/2023-03_table09_group10001.json,5077d03c209b6f18f059321cbb506b64853c0a6d3589bd593e20f90ba450059a,raw/2023-03_table09_group10001_info.json,88acff633a5542fc4d583901abf2a033098aed39bf54f597a890c9ec7e637bf2,caption_and_validated_request_info,Sektör,26,Toplam Mevduat,bold,122502,348843,988816,1475110,7020279,9955551
2023-04,9,Mevduat Turler Itibariyla,10001,1,"Mevduat Türler İtibarıyla (milyon TL), Dönem:2023/4",milyon TL,raw/2023-04_table09_group10001.json,7809f7d6ec705ddebc3e3fa250efc8563a706259c3e5ab36d69ff4586641804c,raw/2023-04_table09_group10001_info.json,1c6fed2a3f6d255735fc8f09e3e64d17bef8ae994281f5bf7caf09b577b30bbb,caption_and_validated_request_info,Sektör,1,TP Mevduat / Katılım Fonları - Yurt İçi Yerleşik,bold,103118,231749,512042,770598,4392919,6010427
2023-04,9,Mevduat Turler Itibariyla,10001,2,"Mevduat Türler İtibarıyla (milyon TL), Dönem:2023/4",milyon TL,raw/2023-04_table09_group10001.json,7809f7d6ec705ddebc3e3fa250efc8563a706259c3e5ab36d69ff4586641804c,raw/2023-04_table09_group10001_info.json,1c6fed2a3f6d255735fc8f09e3e64d17bef8ae994281f5bf7caf09b577b30bbb,caption_and_validated_request_info,Sektör,2,a) Gerçek Kişiler,italic,94953,206049,436003,633751,1861692,3232448
2023-04,9,Mevduat Turler Itibariyla,10001,3,"Mevduat Türler İtibarıyla (milyon TL), Dönem:2023/4",milyon TL,raw/2023-04_table09_group10001.json,7809f7d6ec705ddebc3e3fa250efc8563a706259c3e5ab36d69ff4586641804c,raw/2023-04_table09_group10001_info.json,1c6fed2a3f6d255735fc8f09e3e64d17bef8ae994281f5bf7caf09b577b30bbb,caption_and_validated_request_info,Sektör,3,b) Resmi Kuruluşlar,italic,141,484,1333,2991,495151,500101
2023-04,9,Mevduat Turler Itibariyla,10001,4,"Mevduat Türler İtibarıyla (milyon TL), Dönem:2023/4",milyon TL,raw/2023-04_table09_group10001.json,7809f7d6ec705ddebc3e3fa250efc8563a706259c3e5ab36d69ff4586641804c,raw/2023-04_table09_group10001_info.json,1c6fed2a3f6d255735fc8f09e3e64d17bef8ae994281f5bf7caf09b577b30bbb,caption_and_validated_request_info,Sektör,4,c) Ticari ve Diğer Kuruluşlar,italic,8023,25216,74706,133856,2036077,2277878
2023-04,9,Mevduat Turler Itibariyla,10001,5,"Mevduat Türler İtibarıyla (milyon TL), Dönem:2023/4",milyon TL,raw/2023-04_table09_group10001.json,7809f7d6ec705ddebc3e3fa250efc8563a706259c3e5ab36d69ff4586641804c,raw/2023-04_table09_group10001_info.json,1c6fed2a3f6d255735fc8f09e3e64d17bef8ae994281f5bf7caf09b577b30bbb,caption_and_validated_request_info,Sektör,5,Döviz Tevdiat Hesabı / Katılım Fonları - Yurt İçi Yerleşik,bold,10495,68859,278103,457006,2183294,2997757
2023-04,9,Mevduat Turler Itibariyla,10001,6,"Mevduat Türler İtibarıyla (milyon TL), Dönem:2023/4",milyon TL,raw/2023-04_table09_group10001.json,7809f7d6ec705ddebc3e3fa250efc8563a706259c3e5ab36d69ff4586641804c,raw/2023-04_table09_group10001_info.json,1c6fed2a3f6d255735fc8f09e3e64d17bef8ae994281f5bf7caf09b577b30bbb,caption_and_validated_request_info,Sektör,6,a) Gerçek Kişiler,italic,9918,66073,262344,408459,826690,1573485
2023-04,9,Mevduat Turler Itibariyla,10001,7,"Mevduat Türler İtibarıyla (milyon TL), Dönem:2023/4",milyon TL,raw/2023-04_table09_group10001.json,7809f7d6ec705ddebc3e3fa250efc8563a706259c3e5ab36d69ff4586641804c,raw/2023-04_table09_group10001_info.json,1c6fed2a3f6d255735fc8f09e3e64d17bef8ae994281f5bf7caf09b577b30bbb,caption_and_validated_request_info,Sektör,7,b) Resmi Kuruluşlar,italic,3,16,118,265,41640,42042
2023-04,9,Mevduat Turler Itibariyla,10001,8,"Mevduat Türler İtibarıyla (milyon TL), Dönem:2023/4",milyon TL,raw/2023-04_table09_group10001.json,7809f7d6ec705ddebc3e3fa250efc8563a706259c3e5ab36d69ff4586641804c,raw/2023-04_table09_group10001_info.json,1c6fed2a3f6d255735fc8f09e3e64d17bef8ae994281f5bf7caf09b577b30bbb,caption_and_validated_request_info,Sektör,8,c) Ticari ve Diğer Kuruluşlar,italic,574,2770,15641,48282,1314964,1382231
2023-04,9,Mevduat Turler Itibariyla,10001,9,"Mevduat Türler İtibarıyla (milyon TL), Dönem:2023/4",milyon TL,raw/2023-04_table09_group10001.json,7809f7d6ec705ddebc3e3fa250efc8563a706259c3e5ab36d69ff4586641804c,raw/2023-04_table09_group10001_info.json,1c6fed2a3f6d255735fc8f09e3e64d17bef8ae994281f5bf7caf09b577b30bbb,caption_and_validated_request_info,Sektör,9,Kıymetli Maden Depo Hesapları - Yurt İçi Yerleşik,bold,7754,48329,195243,209209,177100,637635
2023-04,9,Mevduat Turler Itibariyla,10001,10,"Mevduat Türler İtibarıyla (milyon TL), Dönem:2023/4",milyon TL,raw/2023-04_table09_group10001.json,7809f7d6ec705ddebc3e3fa250efc8563a706259c3e5ab36d69ff4586641804c,raw/2023-04_table09_group10001_info.json,1c6fed2a3f6d255735fc8f09e3e64d17bef8ae994281f5bf7caf09b577b30bbb,caption_and_validated_request_info,Sektör,10,a) Gerçek Kişiler,italic,6851,47830,192663,203675,149357,600377
2023-04,9,Mevduat Turler Itibariyla,10001,11,"Mevduat Türler İtibarıyla (milyon TL), Dönem:2023/4",milyon TL,raw/2023-04_table09_group10001.json,7809f7d6ec705ddebc3e3fa250efc8563a706259c3e5ab36d69ff4586641804c,raw/2023-04_table09_group10001_info.json,1c6fed2a3f6d255735fc8f09e3e64d17bef8ae994281f5bf7caf09b577b30bbb,caption_and_validated_request_info,Sektör,11,b) Resmi Kuruluşlar,italic,0,1,3,2,60,65
2023-04,9,Mevduat Turler Itibariyla,10001,12,"Mevduat Türler İtibarıyla (milyon TL), Dönem:2023/4",milyon TL,raw/2023-04_table09_group10001.json,7809f7d6ec705ddebc3e3fa250efc8563a706259c3e5ab36d69ff4586641804c,raw/2023-04_table09_group10001_info.json,1c6fed2a3f6d255735fc8f09e3e64d17bef8ae994281f5bf7caf09b577b30bbb,caption_and_validated_request_info,Sektör,12,c) Ticari ve Diğer Kuruluşlar,italic,902,497,2577,5532,27684,37193
2023-04,9,Mevduat Turler Itibariyla,10001,13,"Mevduat Türler İtibarıyla (milyon TL), Dönem:2023/4",milyon TL,raw/2023-04_table09_group10001.json,7809f7d6ec705ddebc3e3fa250efc8563a706259c3e5ab36d69ff4586641804c,raw/2023-04_table09_group10001_info.json,1c6fed2a3f6d255735fc8f09e3e64d17bef8ae994281f5bf7caf09b577b30bbb,caption_and_validated_request_info,Sektör,13,Toplam Mevduat - Yurt İçi Yerleşik,bold,121367,348937,985388,1436814,6753314,9645819
2023-04,9,Mevduat Turler Itibariyla,10001,14,"Mevduat Türler İtibarıyla (milyon TL), Dönem:2023/4",milyon TL,raw/2023-04_table09_group10001.json,7809f7d6ec705ddebc3e3fa250efc8563a706259c3e5ab36d69ff4586641804c,raw/2023-04_table09_group10001_info.json,1c6fed2a3f6d255735fc8f09e3e64d17bef8ae994281f5bf7caf09b577b30bbb,caption_and_validated_request_info,Sektör,14,Mudi Sayısı - Yurt İçi Yerleşik*,bold,144388172,13210996,8094046,2896317,876871,155484754
2023-04,9,Mevduat Turler Itibariyla,10001,15,"Mevduat Türler İtibarıyla (milyon TL), Dönem:2023/4",milyon TL,raw/2023-04_table09_group10001.json,7809f7d6ec705ddebc3e3fa250efc8563a706259c3e5ab36d69ff4586641804c,raw/2023-04_table09_group10001_info.json,1c6fed2a3f6d255735fc8f09e3e64d17bef8ae994281f5bf7caf09b577b30bbb,caption_and_validated_request_info,Sektör,15,TP Mevduat / Katılım Fonları - Yurt Dışı Yerleşik,bold,2201,7813,16642,27461,111412,165530
2023-04,9,Mevduat Turler Itibariyla,10001,16,"Mevduat Türler İtibarıyla (milyon TL), Dönem:2023/4",milyon TL,raw/2023-04_table09_group10001.json,7809f7d6ec705ddebc3e3fa250efc8563a706259c3e5ab36d69ff4586641804c,raw/2023-04_table09_group10001_info.json,1c6fed2a3f6d255735fc8f09e3e64d17bef8ae994281f5bf7caf09b577b30bbb,caption_and_validated_request_info,Sektör,16,a) Gerçek Kişiler,italic,2168,7694,16299,26893,92902,145957
2023-04,9,Mevduat Turler Itibariyla,10001,17,"Mevduat Türler İtibarıyla (milyon TL), Dönem:2023/4",milyon TL,raw/2023-04_table09_group10001.json,7809f7d6ec705ddebc3e3fa250efc8563a706259c3e5ab36d69ff4586641804c,raw/2023-04_table09_group10001_info.json,1c6fed2a3f6d255735fc8f09e3e64d17bef8ae994281f5bf7caf09b577b30bbb,caption_and_validated_request_info,Sektör,17,b) Ticari ve Diğer Kuruluşlar,italic,33,119,342,569,18510,19573
2023-04,9,Mevduat Turler Itibariyla,10001,18,"Mevduat Türler İtibarıyla (milyon TL), Dönem:2023/4",milyon TL,raw/2023-04_table09_group10001.json,7809f7d6ec705ddebc3e3fa250efc8563a706259c3e5ab36d69ff4586641804c,raw/2023-04_table09_group10001_info.json,1c6fed2a3f6d255735fc8f09e3e64d17bef8ae994281f5bf7caf09b577b30bbb,caption_and_validated_request_info,Sektör,18,Döviz Tevdiat Hesabı / Katılım Fonları - Yurt Dışı Yerleşik,bold,1165,4848,29229,82784,405019,523044
2023-04,9,Mevduat Turler Itibariyla,10001,19,"Mevduat Türler İtibarıyla (milyon TL), Dönem:2023/4",milyon TL,raw/2023-04_table09_group10001.json,7809f7d6ec705ddebc3e3fa250efc8563a706259c3e5ab36d69ff4586641804c,raw/2023-04_table09_group10001_info.json,1c6fed2a3f6d255735fc8f09e3e64d17bef8ae994281f5bf7caf09b577b30bbb,caption_and_validated_request_info,Sektör,19,a) Gerçek Kişiler,italic,1145,4744,28684,81107,293354,409033
2023-04,9,Mevduat Turler Itibariyla,10001,20,"Mevduat Türler İtibarıyla (milyon TL), Dönem:2023/4",milyon TL,raw/2023-04_table09_group10001.json,7809f7d6ec705ddebc3e3fa250efc8563a706259c3e5ab36d69ff4586641804c,raw/2023-04_table09_group10001_info.json,1c6fed2a3f6d255735fc8f09e3e64d17bef8ae994281f5bf7caf09b577b30bbb,caption_and_validated_request_info,Sektör,20,b) Ticari ve Diğer Kuruluşlar,italic,20,104,545,1677,111665,114011
2023-04,9,Mevduat Turler Itibariyla,10001,21,"Mevduat Türler İtibarıyla (milyon TL), Dönem:2023/4",milyon TL,raw/2023-04_table09_group10001.json,7809f7d6ec705ddebc3e3fa250efc8563a706259c3e5ab36d69ff4586641804c,raw/2023-04_table09_group10001_info.json,1c6fed2a3f6d255735fc8f09e3e64d17bef8ae994281f5bf7caf09b577b30bbb,caption_and_validated_request_info,Sektör,21,Kıymetli Maden Depo Hesapları - Yurt Dışı Yerleşik,bold,76,372,2106,4234,8120,14908
2023-04,9,Mevduat Turler Itibariyla,10001,22,"Mevduat Türler İtibarıyla (milyon TL), Dönem:2023/4",milyon TL,raw/2023-04_table09_group10001.json,7809f7d6ec705ddebc3e3fa250efc8563a706259c3e5ab36d69ff4586641804c,raw/2023-04_table09_group10001_info.json,1c6fed2a3f6d255735fc8f09e3e64d17bef8ae994281f5bf7caf09b577b30bbb,caption_and_validated_request_info,Sektör,22,a) Gerçek Kişiler,italic,74,371,2102,4226,7948,14720
2023-04,9,Mevduat Turler Itibariyla,10001,23,"Mevduat Türler İtibarıyla (milyon TL), Dönem:2023/4",milyon TL,raw/2023-04_table09_group10001.json,7809f7d6ec705ddebc3e3fa250efc8563a706259c3e5ab36d69ff4586641804c,raw/2023-04_table09_group10001_info.json,1c6fed2a3f6d255735fc8f09e3e64d17bef8ae994281f5bf7caf09b577b30bbb,caption_and_validated_request_info,Sektör,23,b) Ticari ve Diğer Kuruluşlar,italic,2,1,4,8,172,187
2023-04,9,Mevduat Turler Itibariyla,10001,24,"Mevduat Türler İtibarıyla (milyon TL), Dönem:2023/4",milyon TL,raw/2023-04_table09_group10001.json,7809f7d6ec705ddebc3e3fa250efc8563a706259c3e5ab36d69ff4586641804c,raw/2023-04_table09_group10001_info.json,1c6fed2a3f6d255735fc8f09e3e64d17bef8ae994281f5bf7caf09b577b30bbb,caption_and_validated_request_info,Sektör,24,Toplam Mevduat - Yurt Dışı Yerleşik,bold,3442,13033,47977,114479,524551,703482
2023-04,9,Mevduat Turler Itibariyla,10001,25,"Mevduat Türler İtibarıyla (milyon TL), Dönem:2023/4",milyon TL,raw/2023-04_table09_group10001.json,7809f7d6ec705ddebc3e3fa250efc8563a706259c3e5ab36d69ff4586641804c,raw/2023-04_table09_group10001_info.json,1c6fed2a3f6d255735fc8f09e3e64d17bef8ae994281f5bf7caf09b577b30bbb,caption_and_validated_request_info,Sektör,25,Mudi Sayısı - Yurt Dışı Yerleşik*,bold,1969049,464372,372006,214693,105702,2407524
2023-04,9,Mevduat Turler Itibariyla,10001,26,"Mevduat Türler İtibarıyla (milyon TL), Dönem:2023/4",milyon TL,raw/2023-04_table09_group10001.json,7809f7d6ec705ddebc3e3fa250efc8563a706259c3e5ab36d69ff4586641804c,raw/2023-04_table09_group10001_info.json,1c6fed2a3f6d255735fc8f09e3e64d17bef8ae994281f5bf7caf09b577b30bbb,caption_and_validated_request_info,Sektör,26,Toplam Mevduat,bold,124809,361970,1033364,1551293,7277865,10349301
2023-05,9,Mevduat Turler Itibariyla,10001,1,"Mevduat Türler İtibarıyla (milyon TL), Dönem:2023/5",milyon TL,raw/2023-05_table09_group10001.json,2c2bd1f16f0c7273da572d964bb8d0d3414df6e6e3f40ca472f0ad0a8f18d500,raw/2023-05_table09_group10001_info.json,7f1301076ed28d8b933070e5c6b62f358c0863b3b98fc529fb48085773dadea7,caption_and_validated_request_info,Sektör,1,TP Mevduat / Katılım Fonları - Yurt İçi Yerleşik,bold,101589,220582,486246,743388,4449759,6001564
2023-05,9,Mevduat Turler Itibariyla,10001,2,"Mevduat Türler İtibarıyla (milyon TL), Dönem:2023/5",milyon TL,raw/2023-05_table09_group10001.json,2c2bd1f16f0c7273da572d964bb8d0d3414df6e6e3f40ca472f0ad0a8f18d500,raw/2023-05_table09_group10001_info.json,7f1301076ed28d8b933070e5c6b62f358c0863b3b98fc529fb48085773dadea7,caption_and_validated_request_info,Sektör,2,a) Gerçek Kişiler,italic,93362,196176,418077,625458,2007306,3340379
2023-05,9,Mevduat Turler Itibariyla,10001,3,"Mevduat Türler İtibarıyla (milyon TL), Dönem:2023/5",milyon TL,raw/2023-05_table09_group10001.json,2c2bd1f16f0c7273da572d964bb8d0d3414df6e6e3f40ca472f0ad0a8f18d500,raw/2023-05_table09_group10001_info.json,7f1301076ed28d8b933070e5c6b62f358c0863b3b98fc529fb48085773dadea7,caption_and_validated_request_info,Sektör,3,b) Resmi Kuruluşlar,italic,137,479,1357,2967,526228,531168
2023-05,9,Mevduat Turler Itibariyla,10001,4,"Mevduat Türler İtibarıyla (milyon TL), Dönem:2023/5",milyon TL,raw/2023-05_table09_group10001.json,2c2bd1f16f0c7273da572d964bb8d0d3414df6e6e3f40ca472f0ad0a8f18d500,raw/2023-05_table09_group10001_info.json,7f1301076ed28d8b933070e5c6b62f358c0863b3b98fc529fb48085773dadea7,caption_and_validated_request_info,Sektör,4,c) Ticari ve Diğer Kuruluşlar,italic,8090,23927,66812,114962,1916224,2130016
2023-05,9,Mevduat Turler Itibariyla,10001,5,"Mevduat Türler İtibarıyla (milyon TL), Dönem:2023/5",milyon TL,raw/2023-05_table09_group10001.json,2c2bd1f16f0c7273da572d964bb8d0d3414df6e6e3f40ca472f0ad0a8f18d500,raw/2023-05_table09_group10001_info.json,7f1301076ed28d8b933070e5c6b62f358c0863b3b98fc529fb48085773dadea7,caption_and_validated_request_info,Sektör,5,Döviz Tevdiat Hesabı / Katılım Fonları - Yurt İçi Yerleşik,bold,9886,69530,282391,452226,2181070,2995104
2023-05,9,Mevduat Turler Itibariyla,10001,6,"Mevduat Türler İtibarıyla (milyon TL), Dönem:2023/5",milyon TL,raw/2023-05_table09_group10001.json,2c2bd1f16f0c7273da572d964bb8d0d3414df6e6e3f40ca472f0ad0a8f18d500,raw/2023-05_table09_group10001_info.json,7f1301076ed28d8b933070e5c6b62f358c0863b3b98fc529fb48085773dadea7,caption_and_validated_request_info,Sektör,6,a) Gerçek Kişiler,italic,9314,66685,266207,404102,837100,1583408
2023-05,9,Mevduat Turler Itibariyla,10001,7,"Mevduat Türler İtibarıyla (milyon TL), Dönem:2023/5",milyon TL,raw/2023-05_table09_group10001.json,2c2bd1f16f0c7273da572d964bb8d0d3414df6e6e3f40ca472f0ad0a8f18d500,raw/2023-05_table09_group10001_info.json,7f1301076ed28d8b933070e5c6b62f358c0863b3b98fc529fb48085773dadea7,caption_and_validated_request_info,Sektör,7,b) Resmi Kuruluşlar,italic,3,16,114,266,41991,42389
2023-05,9,Mevduat Turler Itibariyla,10001,8,"Mevduat Türler İtibarıyla (milyon TL), Dönem:2023/5",milyon TL,raw/2023-05_table09_group10001.json,2c2bd1f16f0c7273da572d964bb8d0d3414df6e6e3f40ca472f0ad0a8f18d500,raw/2023-05_table09_group10001_info.json,7f1301076ed28d8b933070e5c6b62f358c0863b3b98fc529fb48085773dadea7,caption_and_validated_request_info,Sektör,8,c) Ticari ve Diğer Kuruluşlar,italic,570,2830,16070,47858,1301979,1369307
2023-05,9,Mevduat Turler Itibariyla,10001,9,"Mevduat Türler İtibarıyla (milyon TL), Dönem:2023/5",milyon TL,raw/2023-05_table09_group10001.json,2c2bd1f16f0c7273da572d964bb8d0d3414df6e6e3f40ca472f0ad0a8f18d500,raw/2023-05_table09_group10001_info.json,7f1301076ed28d8b933070e5c6b62f358c0863b3b98fc529fb48085773dadea7,caption_and_validated_request_info,Sektör,9,Kıymetli Maden Depo Hesapları - Yurt İçi Yerleşik,bold,7713,47484,193587,209672,173921,632376
2023-05,9,Mevduat Turler Itibariyla,10001,10,"Mevduat Türler İtibarıyla (milyon TL), Dönem:2023/5",milyon TL,raw/2023-05_table09_group10001.json,2c2bd1f16f0c7273da572d964bb8d0d3414df6e6e3f40ca472f0ad0a8f18d500,raw/2023-05_table09_group10001_info.json,7f1301076ed28d8b933070e5c6b62f358c0863b3b98fc529fb48085773dadea7,caption_and_validated_request_info,Sektör,10,a) Gerçek Kişiler,italic,6722,46984,191073,204200,146199,595178
2023-05,9,Mevduat Turler Itibariyla,10001,11,"Mevduat Türler İtibarıyla (milyon TL), Dönem:2023/5",milyon TL,raw/2023-05_table09_group10001.json,2c2bd1f16f0c7273da572d964bb8d0d3414df6e6e3f40ca472f0ad0a8f18d500,raw/2023-05_table09_group10001_info.json,7f1301076ed28d8b933070e5c6b62f358c0863b3b98fc529fb48085773dadea7,caption_and_validated_request_info,Sektör,11,b) Resmi Kuruluşlar,italic,0,1,3,2,62,69
2023-05,9,Mevduat Turler Itibariyla,10001,12,"Mevduat Türler İtibarıyla (milyon TL), Dönem:2023/5",milyon TL,raw/2023-05_table09_group10001.json,2c2bd1f16f0c7273da572d964bb8d0d3414df6e6e3f40ca472f0ad0a8f18d500,raw/2023-05_table09_group10001_info.json,7f1301076ed28d8b933070e5c6b62f358c0863b3b98fc529fb48085773dadea7,caption_and_validated_request_info,Sektör,12,c) Ticari ve Diğer Kuruluşlar,italic,990,499,2510,5470,27660,37129
2023-05,9,Mevduat Turler Itibariyla,10001,13,"Mevduat Türler İtibarıyla (milyon TL), Dönem:2023/5",milyon TL,raw/2023-05_table09_group10001.json,2c2bd1f16f0c7273da572d964bb8d0d3414df6e6e3f40ca472f0ad0a8f18d500,raw/2023-05_table09_group10001_info.json,7f1301076ed28d8b933070e5c6b62f358c0863b3b98fc529fb48085773dadea7,caption_and_validated_request_info,Sektör,13,Toplam Mevduat - Yurt İçi Yerleşik,bold,119188,337596,962223,1405286,6804750,9629043
2023-05,9,Mevduat Turler Itibariyla,10001,14,"Mevduat Türler İtibarıyla (milyon TL), Dönem:2023/5",milyon TL,raw/2023-05_table09_group10001.json,2c2bd1f16f0c7273da572d964bb8d0d3414df6e6e3f40ca472f0ad0a8f18d500,raw/2023-05_table09_group10001_info.json,7f1301076ed28d8b933070e5c6b62f358c0863b3b98fc529fb48085773dadea7,caption_and_validated_request_info,Sektör,14,Mudi Sayısı - Yurt İçi Yerleşik*,bold,145681866,12817887,7888278,2839965,875488,155613157
2023-05,9,Mevduat Turler Itibariyla,10001,15,"Mevduat Türler İtibarıyla (milyon TL), Dönem:2023/5",milyon TL,raw/2023-05_table09_group10001.json,2c2bd1f16f0c7273da572d964bb8d0d3414df6e6e3f40ca472f0ad0a8f18d500,raw/2023-05_table09_group10001_info.json,7f1301076ed28d8b933070e5c6b62f358c0863b3b98fc529fb48085773dadea7,caption_and_validated_request_info,Sektör,15,TP Mevduat / Katılım Fonları - Yurt Dışı Yerleşik,bold,2226,7552,17074,27617,116367,170836
2023-05,9,Mevduat Turler Itibariyla,10001,16,"Mevduat Türler İtibarıyla (milyon TL), Dönem:2023/5",milyon TL,raw/2023-05_table09_group10001.json,2c2bd1f16f0c7273da572d964bb8d0d3414df6e6e3f40ca472f0ad0a8f18d500,raw/2023-05_table09_group10001_info.json,7f1301076ed28d8b933070e5c6b62f358c0863b3b98fc529fb48085773dadea7,caption_and_validated_request_info,Sektör,16,a) Gerçek Kişiler,italic,2192,7432,16745,27106,98548,152023
2023-05,9,Mevduat Turler Itibariyla,10001,17,"Mevduat Türler İtibarıyla (milyon TL), Dönem:2023/5",milyon TL,raw/2023-05_table09_group10001.json,2c2bd1f16f0c7273da572d964bb8d0d3414df6e6e3f40ca472f0ad0a8f18d500,raw/2023-05_table09_group10001_info.json,7f1301076ed28d8b933070e5c6b62f358c0863b3b98fc529fb48085773dadea7,caption_and_validated_request_info,Sektör,17,b) Ticari ve Diğer Kuruluşlar,italic,35,120,329,511,17819,18813
2023-05,9,Mevduat Turler Itibariyla,10001,18,"Mevduat Türler İtibarıyla (milyon TL), Dönem:2023/5",milyon TL,raw/2023-05_table09_group10001.json,2c2bd1f16f0c7273da572d964bb8d0d3414df6e6e3f40ca472f0ad0a8f18d500,raw/2023-05_table09_group10001_info.json,7f1301076ed28d8b933070e5c6b62f358c0863b3b98fc529fb48085773dadea7,caption_and_validated_request_info,Sektör,18,Döviz Tevdiat Hesabı / Katılım Fonları - Yurt Dışı Yerleşik,bold,1151,4868,29452,82835,421706,540011
2023-05,9,Mevduat Turler Itibariyla,10001,19,"Mevduat Türler İtibarıyla (milyon TL), Dönem:2023/5",milyon TL,raw/2023-05_table09_group10001.json,2c2bd1f16f0c7273da572d964bb8d0d3414df6e6e3f40ca472f0ad0a8f18d500,raw/2023-05_table09_group10001_info.json,7f1301076ed28d8b933070e5c6b62f358c0863b3b98fc529fb48085773dadea7,caption_and_validated_request_info,Sektör,19,a) Gerçek Kişiler,italic,1131,4762,28890,81124,304735,420642
2023-05,9,Mevduat Turler Itibariyla,10001,20,"Mevduat Türler İtibarıyla (milyon TL), Dönem:2023/5",milyon TL,raw/2023-05_table09_group10001.json,2c2bd1f16f0c7273da572d964bb8d0d3414df6e6e3f40ca472f0ad0a8f18d500,raw/2023-05_table09_group10001_info.json,7f1301076ed28d8b933070e5c6b62f358c0863b3b98fc529fb48085773dadea7,caption_and_validated_request_info,Sektör,20,b) Ticari ve Diğer Kuruluşlar,italic,20,106,562,1711,116971,119369
2023-05,9,Mevduat Turler Itibariyla,10001,21,"Mevduat Türler İtibarıyla (milyon TL), Dönem:2023/5",milyon TL,raw/2023-05_table09_group10001.json,2c2bd1f16f0c7273da572d964bb8d0d3414df6e6e3f40ca472f0ad0a8f18d500,raw/2023-05_table09_group10001_info.json,7f1301076ed28d8b933070e5c6b62f358c0863b3b98fc529fb48085773dadea7,caption_and_validated_request_info,Sektör,21,Kıymetli Maden Depo Hesapları - Yurt Dışı Yerleşik,bold,76,372,2119,4228,8319,15114
2023-05,9,Mevduat Turler Itibariyla,10001,22,"Mevduat Türler İtibarıyla (milyon TL), Dönem:2023/5",milyon TL,raw/2023-05_table09_group10001.json,2c2bd1f16f0c7273da572d964bb8d0d3414df6e6e3f40ca472f0ad0a8f18d500,raw/2023-05_table09_group10001_info.json,7f1301076ed28d8b933070e5c6b62f358c0863b3b98fc529fb48085773dadea7,caption_and_validated_request_info,Sektör,22,a) Gerçek Kişiler,italic,74,371,2115,4219,8081,14860
2023-05,9,Mevduat Turler Itibariyla,10001,23,"Mevduat Türler İtibarıyla (milyon TL), Dönem:2023/5",milyon TL,raw/2023-05_table09_group10001.json,2c2bd1f16f0c7273da572d964bb8d0d3414df6e6e3f40ca472f0ad0a8f18d500,raw/2023-05_table09_group10001_info.json,7f1301076ed28d8b933070e5c6b62f358c0863b3b98fc529fb48085773dadea7,caption_and_validated_request_info,Sektör,23,b) Ticari ve Diğer Kuruluşlar,italic,2,1,4,9,238,254
2023-05,9,Mevduat Turler Itibariyla,10001,24,"Mevduat Türler İtibarıyla (milyon TL), Dönem:2023/5",milyon TL,raw/2023-05_table09_group10001.json,2c2bd1f16f0c7273da572d964bb8d0d3414df6e6e3f40ca472f0ad0a8f18d500,raw/2023-05_table09_group10001_info.json,7f1301076ed28d8b933070e5c6b62f358c0863b3b98fc529fb48085773dadea7,caption_and_validated_request_info,Sektör,24,Toplam Mevduat - Yurt Dışı Yerleşik,bold,3453,12792,48644,114680,546392,725962
2023-05,9,Mevduat Turler Itibariyla,10001,25,"Mevduat Türler İtibarıyla (milyon TL), Dönem:2023/5",milyon TL,raw/2023-05_table09_group10001.json,2c2bd1f16f0c7273da572d964bb8d0d3414df6e6e3f40ca472f0ad0a8f18d500,raw/2023-05_table09_group10001_info.json,7f1301076ed28d8b933070e5c6b62f358c0863b3b98fc529fb48085773dadea7,caption_and_validated_request_info,Sektör,25,Mudi Sayısı - Yurt Dışı Yerleşik*,bold,1989314,458779,378091,215218,108957,2410372
2023-05,9,Mevduat Turler Itibariyla,10001,26,"Mevduat Türler İtibarıyla (milyon TL), Dönem:2023/5",milyon TL,raw/2023-05_table09_group10001.json,2c2bd1f16f0c7273da572d964bb8d0d3414df6e6e3f40ca472f0ad0a8f18d500,raw/2023-05_table09_group10001_info.json,7f1301076ed28d8b933070e5c6b62f358c0863b3b98fc529fb48085773dadea7,caption_and_validated_request_info,Sektör,26,Toplam Mevduat,bold,122642,350388,1010867,1519966,7351142,10355005
2023-06,9,Mevduat Turler Itibariyla,10001,1,"Mevduat Türler İtibarıyla (milyon TL), Dönem:2023/6",milyon TL,raw/2023-06_table09_group10001.json,e6256141088f3b2d2ee2fc909388eb08f4147a8b3bbf84a938b2cb2f6484f7ad,raw/2023-06_table09_group10001_info.json,9bcb80accce241ce569017a82ba0ba72ecee133c34af74ab81dd2e0e759b32b4,caption_and_validated_request_info,Sektör,1,TP Mevduat / Katılım Fonları - Yurt İçi Yerleşik,bold,113537,262817,536511,807596,4678875,6399336
2023-06,9,Mevduat Turler Itibariyla,10001,2,"Mevduat Türler İtibarıyla (milyon TL), Dönem:2023/6",milyon TL,raw/2023-06_table09_group10001.json,e6256141088f3b2d2ee2fc909388eb08f4147a8b3bbf84a938b2cb2f6484f7ad,raw/2023-06_table09_group10001_info.json,9bcb80accce241ce569017a82ba0ba72ecee133c34af74ab81dd2e0e759b32b4,caption_and_validated_request_info,Sektör,2,a) Gerçek Kişiler,italic,105167,235431,458845,678055,2173384,3650882
2023-06,9,Mevduat Turler Itibariyla,10001,3,"Mevduat Türler İtibarıyla (milyon TL), Dönem:2023/6",milyon TL,raw/2023-06_table09_group10001.json,e6256141088f3b2d2ee2fc909388eb08f4147a8b3bbf84a938b2cb2f6484f7ad,raw/2023-06_table09_group10001_info.json,9bcb80accce241ce569017a82ba0ba72ecee133c34af74ab81dd2e0e759b32b4,caption_and_validated_request_info,Sektör,3,b) Resmi Kuruluşlar,italic,142,508,1423,3105,369163,374341
2023-06,9,Mevduat Turler Itibariyla,10001,4,"Mevduat Türler İtibarıyla (milyon TL), Dönem:2023/6",milyon TL,raw/2023-06_table09_group10001.json,e6256141088f3b2d2ee2fc909388eb08f4147a8b3bbf84a938b2cb2f6484f7ad,raw/2023-06_table09_group10001_info.json,9bcb80accce241ce569017a82ba0ba72ecee133c34af74ab81dd2e0e759b32b4,caption_and_validated_request_info,Sektör,4,c) Ticari ve Diğer Kuruluşlar,italic,8228,26877,76244,126436,2136328,2374114
2023-06,9,Mevduat Turler Itibariyla,10001,5,"Mevduat Türler İtibarıyla (milyon TL), Dönem:2023/6",milyon TL,raw/2023-06_table09_group10001.json,e6256141088f3b2d2ee2fc909388eb08f4147a8b3bbf84a938b2cb2f6484f7ad,raw/2023-06_table09_group10001_info.json,9bcb80accce241ce569017a82ba0ba72ecee133c34af74ab81dd2e0e759b32b4,caption_and_validated_request_info,Sektör,5,Döviz Tevdiat Hesabı / Katılım Fonları - Yurt İçi Yerleşik,bold,9406,64415,290029,542090,2731137,3637077
2023-06,9,Mevduat Turler Itibariyla,10001,6,"Mevduat Türler İtibarıyla (milyon TL), Dönem:2023/6",milyon TL,raw/2023-06_table09_group10001.json,e6256141088f3b2d2ee2fc909388eb08f4147a8b3bbf84a938b2cb2f6484f7ad,raw/2023-06_table09_group10001_info.json,9bcb80accce241ce569017a82ba0ba72ecee133c34af74ab81dd2e0e759b32b4,caption_and_validated_request_info,Sektör,6,a) Gerçek Kişiler,italic,8831,61670,274589,490646,1132969,1968705
2023-06,9,Mevduat Turler Itibariyla,10001,7,"Mevduat Türler İtibarıyla (milyon TL), Dönem:2023/6",milyon TL,raw/2023-06_table09_group10001.json,e6256141088f3b2d2ee2fc909388eb08f4147a8b3bbf84a938b2cb2f6484f7ad,raw/2023-06_table09_group10001_info.json,9bcb80accce241ce569017a82ba0ba72ecee133c34af74ab81dd2e0e759b32b4,caption_and_validated_request_info,Sektör,7,b) Resmi Kuruluşlar,italic,3,14,105,290,48800,49210
2023-06,9,Mevduat Turler Itibariyla,10001,8,"Mevduat Türler İtibarıyla (milyon TL), Dönem:2023/6",milyon TL,raw/2023-06_table09_group10001.json,e6256141088f3b2d2ee2fc909388eb08f4147a8b3bbf84a938b2cb2f6484f7ad,raw/2023-06_table09_group10001_info.json,9bcb80accce241ce569017a82ba0ba72ecee133c34af74ab81dd2e0e759b32b4,caption_and_validated_request_info,Sektör,8,c) Ticari ve Diğer Kuruluşlar,italic,572,2731,15336,51155,1549368,1619162
2023-06,9,Mevduat Turler Itibariyla,10001,9,"Mevduat Türler İtibarıyla (milyon TL), Dönem:2023/6",milyon TL,raw/2023-06_table09_group10001.json,e6256141088f3b2d2ee2fc909388eb08f4147a8b3bbf84a938b2cb2f6484f7ad,raw/2023-06_table09_group10001_info.json,9bcb80accce241ce569017a82ba0ba72ecee133c34af74ab81dd2e0e759b32b4,caption_and_validated_request_info,Sektör,9,Kıymetli Maden Depo Hesapları - Yurt İçi Yerleşik,bold,7594,45056,202523,250212,223959,729343
2023-06,9,Mevduat Turler Itibariyla,10001,10,"Mevduat Türler İtibarıyla (milyon TL), Dönem:2023/6",milyon TL,raw/2023-06_table09_group10001.json,e6256141088f3b2d2ee2fc909388eb08f4147a8b3bbf84a938b2cb2f6484f7ad,raw/2023-06_table09_group10001_info.json,9bcb80accce241ce569017a82ba0ba72ecee133c34af74ab81dd2e0e759b32b4,caption_and_validated_request_info,Sektör,10,a) Gerçek Kişiler,italic,6394,44570,200007,244541,190327,685839
2023-06,9,Mevduat Turler Itibariyla,10001,11,"Mevduat Türler İtibarıyla (milyon TL), Dönem:2023/6",milyon TL,raw/2023-06_table09_group10001.json,e6256141088f3b2d2ee2fc909388eb08f4147a8b3bbf84a938b2cb2f6484f7ad,raw/2023-06_table09_group10001_info.json,9bcb80accce241ce569017a82ba0ba72ecee133c34af74ab81dd2e0e759b32b4,caption_and_validated_request_info,Sektör,11,b) Resmi Kuruluşlar,italic,0,1,4,3,62,69
2023-06,9,Mevduat Turler Itibariyla,10001,12,"Mevduat Türler İtibarıyla (milyon TL), Dönem:2023/6",milyon TL,raw/2023-06_table09_group10001.json,e6256141088f3b2d2ee2fc909388eb08f4147a8b3bbf84a938b2cb2f6484f7ad,raw/2023-06_table09_group10001_info.json,9bcb80accce241ce569017a82ba0ba72ecee133c34af74ab81dd2e0e759b32b4,caption_and_validated_request_info,Sektör,12,c) Ticari ve Diğer Kuruluşlar,italic,1200,485,2512,5668,33571,43434
2023-06,9,Mevduat Turler Itibariyla,10001,13,"Mevduat Türler İtibarıyla (milyon TL), Dönem:2023/6",milyon TL,raw/2023-06_table09_group10001.json,e6256141088f3b2d2ee2fc909388eb08f4147a8b3bbf84a938b2cb2f6484f7ad,raw/2023-06_table09_group10001_info.json,9bcb80accce241ce569017a82ba0ba72ecee133c34af74ab81dd2e0e759b32b4,caption_and_validated_request_info,Sektör,13,Toplam Mevduat - Yurt İçi Yerleşik,bold,130537,372287,1029063,1599898,7633971,10765756
2023-06,9,Mevduat Turler Itibariyla,10001,14,"Mevduat Türler İtibarıyla (milyon TL), Dönem:2023/6",milyon TL,raw/2023-06_table09_group10001.json,e6256141088f3b2d2ee2fc909388eb08f4147a8b3bbf84a938b2cb2f6484f7ad,raw/2023-06_table09_group10001_info.json,9bcb80accce241ce569017a82ba0ba72ecee133c34af74ab81dd2e0e759b32b4,caption_and_validated_request_info,Sektör,14,Mudi Sayısı - Yurt İçi Yerleşik*,bold,145911345,14354292,8458699,3212206,1015705,158776785
2023-06,9,Mevduat Turler Itibariyla,10001,15,"Mevduat Türler İtibarıyla (milyon TL), Dönem:2023/6",milyon TL,raw/2023-06_table09_group10001.json,e6256141088f3b2d2ee2fc909388eb08f4147a8b3bbf84a938b2cb2f6484f7ad,raw/2023-06_table09_group10001_info.json,9bcb80accce241ce569017a82ba0ba72ecee133c34af74ab81dd2e0e759b32b4,caption_and_validated_request_info,Sektör,15,TP Mevduat / Katılım Fonları - Yurt Dışı Yerleşik,bold,2273,7703,17873,28717,129449,186015
2023-06,9,Mevduat Turler Itibariyla,10001,16,"Mevduat Türler İtibarıyla (milyon TL), Dönem:2023/6",milyon TL,raw/2023-06_table09_group10001.json,e6256141088f3b2d2ee2fc909388eb08f4147a8b3bbf84a938b2cb2f6484f7ad,raw/2023-06_table09_group10001_info.json,9bcb80accce241ce569017a82ba0ba72ecee133c34af74ab81dd2e0e759b32b4,caption_and_validated_request_info,Sektör,16,a) Gerçek Kişiler,italic,2239,7576,17508,28144,107784,163251
2023-06,9,Mevduat Turler Itibariyla,10001,17,"Mevduat Türler İtibarıyla (milyon TL), Dönem:2023/6",milyon TL,raw/2023-06_table09_group10001.json,e6256141088f3b2d2ee2fc909388eb08f4147a8b3bbf84a938b2cb2f6484f7ad,raw/2023-06_table09_group10001_info.json,9bcb80accce241ce569017a82ba0ba72ecee133c34af74ab81dd2e0e759b32b4,caption_and_validated_request_info,Sektör,17,b) Ticari ve Diğer Kuruluşlar,italic,34,127,365,572,21665,22763
2023-06,9,Mevduat Turler Itibariyla,10001,18,"Mevduat Türler İtibarıyla (milyon TL), Dönem:2023/6",milyon TL,raw/2023-06_table09_group10001.json,e6256141088f3b2d2ee2fc909388eb08f4147a8b3bbf84a938b2cb2f6484f7ad,raw/2023-06_table09_group10001_info.json,9bcb80accce241ce569017a82ba0ba72ecee133c34af74ab81dd2e0e759b32b4,caption_and_validated_request_info,Sektör,18,Döviz Tevdiat Hesabı / Katılım Fonları - Yurt Dışı Yerleşik,bold,1246,4594,27670,92668,554382,680560
2023-06,9,Mevduat Turler Itibariyla,10001,19,"Mevduat Türler İtibarıyla (milyon TL), Dönem:2023/6",milyon TL,raw/2023-06_table09_group10001.json,e6256141088f3b2d2ee2fc909388eb08f4147a8b3bbf84a938b2cb2f6484f7ad,raw/2023-06_table09_group10001_info.json,9bcb80accce241ce569017a82ba0ba72ecee133c34af74ab81dd2e0e759b32b4,caption_and_validated_request_info,Sektör,19,a) Gerçek Kişiler,italic,1226,4485,27113,90734,411341,534899
2023-06,9,Mevduat Turler Itibariyla,10001,20,"Mevduat Türler İtibarıyla (milyon TL), Dönem:2023/6",milyon TL,raw/2023-06_table09_group10001.json,e6256141088f3b2d2ee2fc909388eb08f4147a8b3bbf84a938b2cb2f6484f7ad,raw/2023-06_table09_group10001_info.json,9bcb80accce241ce569017a82ba0ba72ecee133c34af74ab81dd2e0e759b32b4,caption_and_validated_request_info,Sektör,20,b) Ticari ve Diğer Kuruluşlar,italic,20,109,557,1935,143041,145661
2023-06,9,Mevduat Turler Itibariyla,10001,21,"Mevduat Türler İtibarıyla (milyon TL), Dönem:2023/6",milyon TL,raw/2023-06_table09_group10001.json,e6256141088f3b2d2ee2fc909388eb08f4147a8b3bbf84a938b2cb2f6484f7ad,raw/2023-06_table09_group10001_info.json,9bcb80accce241ce569017a82ba0ba72ecee133c34af74ab81dd2e0e759b32b4,caption_and_validated_request_info,Sektör,21,Kıymetli Maden Depo Hesapları - Yurt Dışı Yerleşik,bold,82,360,2152,4886,10708,18187
2023-06,9,Mevduat Turler Itibariyla,10001,22,"Mevduat Türler İtibarıyla (milyon TL), Dönem:2023/6",milyon TL,raw/2023-06_table09_group10001.json,e6256141088f3b2d2ee2fc909388eb08f4147a8b3bbf84a938b2cb2f6484f7ad,raw/2023-06_table09_group10001_info.json,9bcb80accce241ce569017a82ba0ba72ecee133c34af74ab81dd2e0e759b32b4,caption_and_validated_request_info,Sektör,22,a) Gerçek Kişiler,italic,79,358,2147,4876,10442,17902
2023-06,9,Mevduat Turler Itibariyla,10001,23,"Mevduat Türler İtibarıyla (milyon TL), Dönem:2023/6",milyon TL,raw/2023-06_table09_group10001.json,e6256141088f3b2d2ee2fc909388eb08f4147a8b3bbf84a938b2cb2f6484f7ad,raw/2023-06_table09_group10001_info.json,9bcb80accce241ce569017a82ba0ba72ecee133c34af74ab81dd2e0e759b32b4,caption_and_validated_request_info,Sektör,23,b) Ticari ve Diğer Kuruluşlar,italic,3,1,5,10,266,285
2023-06,9,Mevduat Turler Itibariyla,10001,24,"Mevduat Türler İtibarıyla (milyon TL), Dönem:2023/6",milyon TL,raw/2023-06_table09_group10001.json,e6256141088f3b2d2ee2fc909388eb08f4147a8b3bbf84a938b2cb2f6484f7ad,raw/2023-06_table09_group10001_info.json,9bcb80accce241ce569017a82ba0ba72ecee133c34af74ab81dd2e0e759b32b4,caption_and_validated_request_info,Sektör,24,Toplam Mevduat - Yurt Dışı Yerleşik,bold,3601,12656,47695,126271,694539,884762
2023-06,9,Mevduat Turler Itibariyla,10001,25,"Mevduat Türler İtibarıyla (milyon TL), Dönem:2023/6",milyon TL,raw/2023-06_table09_group10001.json,e6256141088f3b2d2ee2fc909388eb08f4147a8b3bbf84a938b2cb2f6484f7ad,raw/2023-06_table09_group10001_info.json,9bcb80accce241ce569017a82ba0ba72ecee133c34af74ab81dd2e0e759b32b4,caption_and_validated_request_info,Sektör,25,Mudi Sayısı - Yurt Dışı Yerleşik*,bold,1989680,460215,378648,236033,130060,2447974
2023-06,9,Mevduat Turler Itibariyla,10001,26,"Mevduat Türler İtibarıyla (milyon TL), Dönem:2023/6",milyon TL,raw/2023-06_table09_group10001.json,e6256141088f3b2d2ee2fc909388eb08f4147a8b3bbf84a938b2cb2f6484f7ad,raw/2023-06_table09_group10001_info.json,9bcb80accce241ce569017a82ba0ba72ecee133c34af74ab81dd2e0e759b32b4,caption_and_validated_request_info,Sektör,26,Toplam Mevduat,bold,134138,384944,1076758,1726169,8328510,11650518
2023-07,9,Mevduat Turler Itibariyla,10001,1,"Mevduat Türler İtibarıyla (milyon TL), Dönem:2023/7",milyon TL,raw/2023-07_table09_group10001.json,ade1a00f46b655d97c8992dffc6bd42c91421857d45f0055a2fffd93d14f5fbb,raw/2023-07_table09_group10001_info.json,3f8dccd9ab79de228b431b9f33eb1d7c0ec2283b8ea44547bcea387f1fa68ba9,caption_and_validated_request_info,Sektör,1,TP Mevduat / Katılım Fonları - Yurt İçi Yerleşik,bold,104819,240278,518782,838335,5203753,6905966
2023-07,9,Mevduat Turler Itibariyla,10001,2,"Mevduat Türler İtibarıyla (milyon TL), Dönem:2023/7",milyon TL,raw/2023-07_table09_group10001.json,ade1a00f46b655d97c8992dffc6bd42c91421857d45f0055a2fffd93d14f5fbb,raw/2023-07_table09_group10001_info.json,3f8dccd9ab79de228b431b9f33eb1d7c0ec2283b8ea44547bcea387f1fa68ba9,caption_and_validated_request_info,Sektör,2,a) Gerçek Kişiler,italic,96597,215017,447229,715415,2444215,3918472
2023-07,9,Mevduat Turler Itibariyla,10001,3,"Mevduat Türler İtibarıyla (milyon TL), Dönem:2023/7",milyon TL,raw/2023-07_table09_group10001.json,ade1a00f46b655d97c8992dffc6bd42c91421857d45f0055a2fffd93d14f5fbb,raw/2023-07_table09_group10001_info.json,3f8dccd9ab79de228b431b9f33eb1d7c0ec2283b8ea44547bcea387f1fa68ba9,caption_and_validated_request_info,Sektör,3,b) Resmi Kuruluşlar,italic,142,464,1283,3430,433678,438998
2023-07,9,Mevduat Turler Itibariyla,10001,4,"Mevduat Türler İtibarıyla (milyon TL), Dönem:2023/7",milyon TL,raw/2023-07_table09_group10001.json,ade1a00f46b655d97c8992dffc6bd42c91421857d45f0055a2fffd93d14f5fbb,raw/2023-07_table09_group10001_info.json,3f8dccd9ab79de228b431b9f33eb1d7c0ec2283b8ea44547bcea387f1fa68ba9,caption_and_validated_request_info,Sektör,4,c) Ticari ve Diğer Kuruluşlar,italic,8080,24797,70270,119490,2325860,2548497
2023-07,9,Mevduat Turler Itibariyla,10001,5,"Mevduat Türler İtibarıyla (milyon TL), Dönem:2023/7",milyon TL,raw/2023-07_table09_group10001.json,ade1a00f46b655d97c8992dffc6bd42c91421857d45f0055a2fffd93d14f5fbb,raw/2023-07_table09_group10001_info.json,3f8dccd9ab79de228b431b9f33eb1d7c0ec2283b8ea44547bcea387f1fa68ba9,caption_and_validated_request_info,Sektör,5,Döviz Tevdiat Hesabı / Katılım Fonları - Yurt İçi Yerleşik,bold,9606,65936,296210,555055,2916463,3843269
2023-07,9,Mevduat Turler Itibariyla,10001,6,"Mevduat Türler İtibarıyla (milyon TL), Dönem:2023/7",milyon TL,raw/2023-07_table09_group10001.json,ade1a00f46b655d97c8992dffc6bd42c91421857d45f0055a2fffd93d14f5fbb,raw/2023-07_table09_group10001_info.json,3f8dccd9ab79de228b431b9f33eb1d7c0ec2283b8ea44547bcea387f1fa68ba9,caption_and_validated_request_info,Sektör,6,a) Gerçek Kişiler,italic,9025,63175,280715,503876,1219290,2076081
2023-07,9,Mevduat Turler Itibariyla,10001,7,"Mevduat Türler İtibarıyla (milyon TL), Dönem:2023/7",milyon TL,raw/2023-07_table09_group10001.json,ade1a00f46b655d97c8992dffc6bd42c91421857d45f0055a2fffd93d14f5fbb,raw/2023-07_table09_group10001_info.json,3f8dccd9ab79de228b431b9f33eb1d7c0ec2283b8ea44547bcea387f1fa68ba9,caption_and_validated_request_info,Sektör,7,b) Resmi Kuruluşlar,italic,3,14,105,292,65580,65994
2023-07,9,Mevduat Turler Itibariyla,10001,8,"Mevduat Türler İtibarıyla (milyon TL), Dönem:2023/7",milyon TL,raw/2023-07_table09_group10001.json,ade1a00f46b655d97c8992dffc6bd42c91421857d45f0055a2fffd93d14f5fbb,raw/2023-07_table09_group10001_info.json,3f8dccd9ab79de228b431b9f33eb1d7c0ec2283b8ea44547bcea387f1fa68ba9,caption_and_validated_request_info,Sektör,8,c) Ticari ve Diğer Kuruluşlar,italic,578,2747,15390,50886,1631593,1701194
2023-07,9,Mevduat Turler Itibariyla,10001,9,"Mevduat Türler İtibarıyla (milyon TL), Dönem:2023/7",milyon TL,raw/2023-07_table09_group10001.json,ade1a00f46b655d97c8992dffc6bd42c91421857d45f0055a2fffd93d14f5fbb,raw/2023-07_table09_group10001_info.json,3f8dccd9ab79de228b431b9f33eb1d7c0ec2283b8ea44547bcea387f1fa68ba9,caption_and_validated_request_info,Sektör,9,Kıymetli Maden Depo Hesapları - Yurt İçi Yerleşik,bold,7437,43631,206763,265305,242411,765547
2023-07,9,Mevduat Turler Itibariyla,10001,10,"Mevduat Türler İtibarıyla (milyon TL), Dönem:2023/7",milyon TL,raw/2023-07_table09_group10001.json,ade1a00f46b655d97c8992dffc6bd42c91421857d45f0055a2fffd93d14f5fbb,raw/2023-07_table09_group10001_info.json,3f8dccd9ab79de228b431b9f33eb1d7c0ec2283b8ea44547bcea387f1fa68ba9,caption_and_validated_request_info,Sektör,10,a) Gerçek Kişiler,italic,6178,43150,204263,259546,206873,720011
2023-07,9,Mevduat Turler Itibariyla,10001,11,"Mevduat Türler İtibarıyla (milyon TL), Dönem:2023/7",milyon TL,raw/2023-07_table09_group10001.json,ade1a00f46b655d97c8992dffc6bd42c91421857d45f0055a2fffd93d14f5fbb,raw/2023-07_table09_group10001_info.json,3f8dccd9ab79de228b431b9f33eb1d7c0ec2283b8ea44547bcea387f1fa68ba9,caption_and_validated_request_info,Sektör,11,b) Resmi Kuruluşlar,italic,0,1,4,4,74,82
2023-07,9,Mevduat Turler Itibariyla,10001,12,"Mevduat Türler İtibarıyla (milyon TL), Dönem:2023/7",milyon TL,raw/2023-07_table09_group10001.json,ade1a00f46b655d97c8992dffc6bd42c91421857d45f0055a2fffd93d14f5fbb,raw/2023-07_table09_group10001_info.json,3f8dccd9ab79de228b431b9f33eb1d7c0ec2283b8ea44547bcea387f1fa68ba9,caption_and_validated_request_info,Sektör,12,c) Ticari ve Diğer Kuruluşlar,italic,1259,480,2496,5755,35464,45453
2023-07,9,Mevduat Turler Itibariyla,10001,13,"Mevduat Türler İtibarıyla (milyon TL), Dönem:2023/7",milyon TL,raw/2023-07_table09_group10001.json,ade1a00f46b655d97c8992dffc6bd42c91421857d45f0055a2fffd93d14f5fbb,raw/2023-07_table09_group10001_info.json,3f8dccd9ab79de228b431b9f33eb1d7c0ec2283b8ea44547bcea387f1fa68ba9,caption_and_validated_request_info,Sektör,13,Toplam Mevduat - Yurt İçi Yerleşik,bold,121861,349845,1021754,1658694,8362627,11514782
2023-07,9,Mevduat Turler Itibariyla,10001,14,"Mevduat Türler İtibarıyla (milyon TL), Dönem:2023/7",milyon TL,raw/2023-07_table09_group10001.json,ade1a00f46b655d97c8992dffc6bd42c91421857d45f0055a2fffd93d14f5fbb,raw/2023-07_table09_group10001_info.json,3f8dccd9ab79de228b431b9f33eb1d7c0ec2283b8ea44547bcea387f1fa68ba9,caption_and_validated_request_info,Sektör,14,Mudi Sayısı - Yurt İçi Yerleşik*,bold,147124787,13388774,8346186,3310969,1079399,159096880
2023-07,9,Mevduat Turler Itibariyla,10001,15,"Mevduat Türler İtibarıyla (milyon TL), Dönem:2023/7",milyon TL,raw/2023-07_table09_group10001.json,ade1a00f46b655d97c8992dffc6bd42c91421857d45f0055a2fffd93d14f5fbb,raw/2023-07_table09_group10001_info.json,3f8dccd9ab79de228b431b9f33eb1d7c0ec2283b8ea44547bcea387f1fa68ba9,caption_and_validated_request_info,Sektör,15,TP Mevduat / Katılım Fonları - Yurt Dışı Yerleşik,bold,2322,7500,17294,30073,149326,206515
2023-07,9,Mevduat Turler Itibariyla,10001,16,"Mevduat Türler İtibarıyla (milyon TL), Dönem:2023/7",milyon TL,raw/2023-07_table09_group10001.json,ade1a00f46b655d97c8992dffc6bd42c91421857d45f0055a2fffd93d14f5fbb,raw/2023-07_table09_group10001_info.json,3f8dccd9ab79de228b431b9f33eb1d7c0ec2283b8ea44547bcea387f1fa68ba9,caption_and_validated_request_info,Sektör,16,a) Gerçek Kişiler,italic,2288,7381,16947,29477,126346,182439
2023-07,9,Mevduat Turler Itibariyla,10001,17,"Mevduat Türler İtibarıyla (milyon TL), Dönem:2023/7",milyon TL,raw/2023-07_table09_group10001.json,ade1a00f46b655d97c8992dffc6bd42c91421857d45f0055a2fffd93d14f5fbb,raw/2023-07_table09_group10001_info.json,3f8dccd9ab79de228b431b9f33eb1d7c0ec2283b8ea44547bcea387f1fa68ba9,caption_and_validated_request_info,Sektör,17,b) Ticari ve Diğer Kuruluşlar,italic,34,119,346,596,22980,24077
2023-07,9,Mevduat Turler Itibariyla,10001,18,"Mevduat Türler İtibarıyla (milyon TL), Dönem:2023/7",milyon TL,raw/2023-07_table09_group10001.json,ade1a00f46b655d97c8992dffc6bd42c91421857d45f0055a2fffd93d14f5fbb,raw/2023-07_table09_group10001_info.json,3f8dccd9ab79de228b431b9f33eb1d7c0ec2283b8ea44547bcea387f1fa68ba9,caption_and_validated_request_info,Sektör,18,Döviz Tevdiat Hesabı / Katılım Fonları - Yurt Dışı Yerleşik,bold,1282,4697,28264,93972,586642,714858
2023-07,9,Mevduat Turler Itibariyla,10001,19,"Mevduat Türler İtibarıyla (milyon TL), Dönem:2023/7",milyon TL,raw/2023-07_table09_group10001.json,ade1a00f46b655d97c8992dffc6bd42c91421857d45f0055a2fffd93d14f5fbb,raw/2023-07_table09_group10001_info.json,3f8dccd9ab79de228b431b9f33eb1d7c0ec2283b8ea44547bcea387f1fa68ba9,caption_and_validated_request_info,Sektör,19,a) Gerçek Kişiler,italic,1263,4588,27704,92075,429172,554803
2023-07,9,Mevduat Turler Itibariyla,10001,20,"Mevduat Türler İtibarıyla (milyon TL), Dönem:2023/7",milyon TL,raw/2023-07_table09_group10001.json,ade1a00f46b655d97c8992dffc6bd42c91421857d45f0055a2fffd93d14f5fbb,raw/2023-07_table09_group10001_info.json,3f8dccd9ab79de228b431b9f33eb1d7c0ec2283b8ea44547bcea387f1fa68ba9,caption_and_validated_request_info,Sektör,20,b) Ticari ve Diğer Kuruluşlar,italic,19,109,560,1898,157470,160056
2023-07,9,Mevduat Turler Itibariyla,10001,21,"Mevduat Türler İtibarıyla (milyon TL), Dönem:2023/7",milyon TL,raw/2023-07_table09_group10001.json,ade1a00f46b655d97c8992dffc6bd42c91421857d45f0055a2fffd93d14f5fbb,raw/2023-07_table09_group10001_info.json,3f8dccd9ab79de228b431b9f33eb1d7c0ec2283b8ea44547bcea387f1fa68ba9,caption_and_validated_request_info,Sektör,21,Kıymetli Maden Depo Hesapları - Yurt Dışı Yerleşik,bold,83,351,2178,5148,11243,19002
2023-07,9,Mevduat Turler Itibariyla,10001,22,"Mevduat Türler İtibarıyla (milyon TL), Dönem:2023/7",milyon TL,raw/2023-07_table09_group10001.json,ade1a00f46b655d97c8992dffc6bd42c91421857d45f0055a2fffd93d14f5fbb,raw/2023-07_table09_group10001_info.json,3f8dccd9ab79de228b431b9f33eb1d7c0ec2283b8ea44547bcea387f1fa68ba9,caption_and_validated_request_info,Sektör,22,a) Gerçek Kişiler,italic,80,349,2172,5139,11040,18781
2023-07,9,Mevduat Turler Itibariyla,10001,23,"Mevduat Türler İtibarıyla (milyon TL), Dönem:2023/7",milyon TL,raw/2023-07_table09_group10001.json,ade1a00f46b655d97c8992dffc6bd42c91421857d45f0055a2fffd93d14f5fbb,raw/2023-07_table09_group10001_info.json,3f8dccd9ab79de228b431b9f33eb1d7c0ec2283b8ea44547bcea387f1fa68ba9,caption_and_validated_request_info,Sektör,23,b) Ticari ve Diğer Kuruluşlar,italic,3,1,5,9,202,221
2023-07,9,Mevduat Turler Itibariyla,10001,24,"Mevduat Türler İtibarıyla (milyon TL), Dönem:2023/7",milyon TL,raw/2023-07_table09_group10001.json,ade1a00f46b655d97c8992dffc6bd42c91421857d45f0055a2fffd93d14f5fbb,raw/2023-07_table09_group10001_info.json,3f8dccd9ab79de228b431b9f33eb1d7c0ec2283b8ea44547bcea387f1fa68ba9,caption_and_validated_request_info,Sektör,24,Toplam Mevduat - Yurt Dışı Yerleşik,bold,3687,12548,47736,129194,747211,940376
2023-07,9,Mevduat Turler Itibariyla,10001,25,"Mevduat Türler İtibarıyla (milyon TL), Dönem:2023/7",milyon TL,raw/2023-07_table09_group10001.json,ade1a00f46b655d97c8992dffc6bd42c91421857d45f0055a2fffd93d14f5fbb,raw/2023-07_table09_group10001_info.json,3f8dccd9ab79de228b431b9f33eb1d7c0ec2283b8ea44547bcea387f1fa68ba9,caption_and_validated_request_info,Sektör,25,Mudi Sayısı - Yurt Dışı Yerleşik*,bold,2014906,456441,376101,240283,136645,2435319
2023-07,9,Mevduat Turler Itibariyla,10001,26,"Mevduat Türler İtibarıyla (milyon TL), Dönem:2023/7",milyon TL,raw/2023-07_table09_group10001.json,ade1a00f46b655d97c8992dffc6bd42c91421857d45f0055a2fffd93d14f5fbb,raw/2023-07_table09_group10001_info.json,3f8dccd9ab79de228b431b9f33eb1d7c0ec2283b8ea44547bcea387f1fa68ba9,caption_and_validated_request_info,Sektör,26,Toplam Mevduat,bold,125549,362394,1069490,1787888,9109838,12455158
2023-08,9,Mevduat Turler Itibariyla,10001,1,"Mevduat Türler İtibarıyla (milyon TL), Dönem:2023/8",milyon TL,raw/2023-08_table09_group10001.json,ab8e0cb7470f376f4fef5fb2e303b3f95ad81372ac2d3b6e1fd462fd9be8da8b,raw/2023-08_table09_group10001_info.json,0b9129f945870ed0783265e4afd7e8b40219b3cc658e64419a031fb626e2f05a,caption_and_validated_request_info,Sektör,1,TP Mevduat / Katılım Fonları - Yurt İçi Yerleşik,bold,105714,240736,518146,864654,5491598,7220848
2023-08,9,Mevduat Turler Itibariyla,10001,2,"Mevduat Türler İtibarıyla (milyon TL), Dönem:2023/8",milyon TL,raw/2023-08_table09_group10001.json,ab8e0cb7470f376f4fef5fb2e303b3f95ad81372ac2d3b6e1fd462fd9be8da8b,raw/2023-08_table09_group10001_info.json,0b9129f945870ed0783265e4afd7e8b40219b3cc658e64419a031fb626e2f05a,caption_and_validated_request_info,Sektör,2,a) Gerçek Kişiler,italic,97405,215429,445699,740698,2598290,4097521
2023-08,9,Mevduat Turler Itibariyla,10001,3,"Mevduat Türler İtibarıyla (milyon TL), Dönem:2023/8",milyon TL,raw/2023-08_table09_group10001.json,ab8e0cb7470f376f4fef5fb2e303b3f95ad81372ac2d3b6e1fd462fd9be8da8b,raw/2023-08_table09_group10001_info.json,0b9129f945870ed0783265e4afd7e8b40219b3cc658e64419a031fb626e2f05a,caption_and_validated_request_info,Sektör,3,b) Resmi Kuruluşlar,italic,138,481,1311,3282,481490,486702
2023-08,9,Mevduat Turler Itibariyla,10001,4,"Mevduat Türler İtibarıyla (milyon TL), Dönem:2023/8",milyon TL,raw/2023-08_table09_group10001.json,ab8e0cb7470f376f4fef5fb2e303b3f95ad81372ac2d3b6e1fd462fd9be8da8b,raw/2023-08_table09_group10001_info.json,0b9129f945870ed0783265e4afd7e8b40219b3cc658e64419a031fb626e2f05a,caption_and_validated_request_info,Sektör,4,c) Ticari ve Diğer Kuruluşlar,italic,8171,24827,71136,120674,2411818,2636625
2023-08,9,Mevduat Turler Itibariyla,10001,5,"Mevduat Türler İtibarıyla (milyon TL), Dönem:2023/8",milyon TL,raw/2023-08_table09_group10001.json,ab8e0cb7470f376f4fef5fb2e303b3f95ad81372ac2d3b6e1fd462fd9be8da8b,raw/2023-08_table09_group10001_info.json,0b9129f945870ed0783265e4afd7e8b40219b3cc658e64419a031fb626e2f05a,caption_and_validated_request_info,Sektör,5,Döviz Tevdiat Hesabı / Katılım Fonları - Yurt İçi Yerleşik,bold,9673,65904,295549,552226,3082957,4006308
2023-08,9,Mevduat Turler Itibariyla,10001,6,"Mevduat Türler İtibarıyla (milyon TL), Dönem:2023/8",milyon TL,raw/2023-08_table09_group10001.json,ab8e0cb7470f376f4fef5fb2e303b3f95ad81372ac2d3b6e1fd462fd9be8da8b,raw/2023-08_table09_group10001_info.json,0b9129f945870ed0783265e4afd7e8b40219b3cc658e64419a031fb626e2f05a,caption_and_validated_request_info,Sektör,6,a) Gerçek Kişiler,italic,9091,63146,280118,500899,1270402,2123656
2023-08,9,Mevduat Turler Itibariyla,10001,7,"Mevduat Türler İtibarıyla (milyon TL), Dönem:2023/8",milyon TL,raw/2023-08_table09_group10001.json,ab8e0cb7470f376f4fef5fb2e303b3f95ad81372ac2d3b6e1fd462fd9be8da8b,raw/2023-08_table09_group10001_info.json,0b9129f945870ed0783265e4afd7e8b40219b3cc658e64419a031fb626e2f05a,caption_and_validated_request_info,Sektör,7,b) Resmi Kuruluşlar,italic,3,15,103,293,68306,68719
2023-08,9,Mevduat Turler Itibariyla,10001,8,"Mevduat Türler İtibarıyla (milyon TL), Dönem:2023/8",milyon TL,raw/2023-08_table09_group10001.json,ab8e0cb7470f376f4fef5fb2e303b3f95ad81372ac2d3b6e1fd462fd9be8da8b,raw/2023-08_table09_group10001_info.json,0b9129f945870ed0783265e4afd7e8b40219b3cc658e64419a031fb626e2f05a,caption_and_validated_request_info,Sektör,8,c) Ticari ve Diğer Kuruluşlar,italic,580,2742,15328,51034,1744249,1813933
2023-08,9,Mevduat Turler Itibariyla,10001,9,"Mevduat Türler İtibarıyla (milyon TL), Dönem:2023/8",milyon TL,raw/2023-08_table09_group10001.json,ab8e0cb7470f376f4fef5fb2e303b3f95ad81372ac2d3b6e1fd462fd9be8da8b,raw/2023-08_table09_group10001_info.json,0b9129f945870ed0783265e4afd7e8b40219b3cc658e64419a031fb626e2f05a,caption_and_validated_request_info,Sektör,9,Kıymetli Maden Depo Hesapları - Yurt İçi Yerleşik,bold,7737,44670,206555,261721,242985,763668
2023-08,9,Mevduat Turler Itibariyla,10001,10,"Mevduat Türler İtibarıyla (milyon TL), Dönem:2023/8",milyon TL,raw/2023-08_table09_group10001.json,ab8e0cb7470f376f4fef5fb2e303b3f95ad81372ac2d3b6e1fd462fd9be8da8b,raw/2023-08_table09_group10001_info.json,0b9129f945870ed0783265e4afd7e8b40219b3cc658e64419a031fb626e2f05a,caption_and_validated_request_info,Sektör,10,a) Gerçek Kişiler,italic,6485,44176,204030,255946,207752,718389
2023-08,9,Mevduat Turler Itibariyla,10001,11,"Mevduat Türler İtibarıyla (milyon TL), Dönem:2023/8",milyon TL,raw/2023-08_table09_group10001.json,ab8e0cb7470f376f4fef5fb2e303b3f95ad81372ac2d3b6e1fd462fd9be8da8b,raw/2023-08_table09_group10001_info.json,0b9129f945870ed0783265e4afd7e8b40219b3cc658e64419a031fb626e2f05a,caption_and_validated_request_info,Sektör,11,b) Resmi Kuruluşlar,italic,0,1,4,4,73,82
2023-08,9,Mevduat Turler Itibariyla,10001,12,"Mevduat Türler İtibarıyla (milyon TL), Dönem:2023/8",milyon TL,raw/2023-08_table09_group10001.json,ab8e0cb7470f376f4fef5fb2e303b3f95ad81372ac2d3b6e1fd462fd9be8da8b,raw/2023-08_table09_group10001_info.json,0b9129f945870ed0783265e4afd7e8b40219b3cc658e64419a031fb626e2f05a,caption_and_validated_request_info,Sektör,12,c) Ticari ve Diğer Kuruluşlar,italic,1252,494,2521,5771,35160,45197
2023-08,9,Mevduat Turler Itibariyla,10001,13,"Mevduat Türler İtibarıyla (milyon TL), Dönem:2023/8",milyon TL,raw/2023-08_table09_group10001.json,ab8e0cb7470f376f4fef5fb2e303b3f95ad81372ac2d3b6e1fd462fd9be8da8b,raw/2023-08_table09_group10001_info.json,0b9129f945870ed0783265e4afd7e8b40219b3cc658e64419a031fb626e2f05a,caption_and_validated_request_info,Sektör,13,Toplam Mevduat - Yurt İçi Yerleşik,bold,123124,351311,1020251,1678600,8817540,11990825
2023-08,9,Mevduat Turler Itibariyla,10001,14,"Mevduat Türler İtibarıyla (milyon TL), Dönem:2023/8",milyon TL,raw/2023-08_table09_group10001.json,ab8e0cb7470f376f4fef5fb2e303b3f95ad81372ac2d3b6e1fd462fd9be8da8b,raw/2023-08_table09_group10001_info.json,0b9129f945870ed0783265e4afd7e8b40219b3cc658e64419a031fb626e2f05a,caption_and_validated_request_info,Sektör,14,Mudi Sayısı - Yurt İçi Yerleşik*,bold,148428827,13458888,8309151,3345594,1106977,160461364
2023-08,9,Mevduat Turler Itibariyla,10001,15,"Mevduat Türler İtibarıyla (milyon TL), Dönem:2023/8",milyon TL,raw/2023-08_table09_group10001.json,ab8e0cb7470f376f4fef5fb2e303b3f95ad81372ac2d3b6e1fd462fd9be8da8b,raw/2023-08_table09_group10001_info.json,0b9129f945870ed0783265e4afd7e8b40219b3cc658e64419a031fb626e2f05a,caption_and_validated_request_info,Sektör,15,TP Mevduat / Katılım Fonları - Yurt Dışı Yerleşik,bold,2395,7013,16320,31443,171396,228567
2023-08,9,Mevduat Turler Itibariyla,10001,16,"Mevduat Türler İtibarıyla (milyon TL), Dönem:2023/8",milyon TL,raw/2023-08_table09_group10001.json,ab8e0cb7470f376f4fef5fb2e303b3f95ad81372ac2d3b6e1fd462fd9be8da8b,raw/2023-08_table09_group10001_info.json,0b9129f945870ed0783265e4afd7e8b40219b3cc658e64419a031fb626e2f05a,caption_and_validated_request_info,Sektör,16,a) Gerçek Kişiler,italic,2361,6893,15948,30827,146512,202541
2023-08,9,Mevduat Turler Itibariyla,10001,17,"Mevduat Türler İtibarıyla (milyon TL), Dönem:2023/8",milyon TL,raw/2023-08_table09_group10001.json,ab8e0cb7470f376f4fef5fb2e303b3f95ad81372ac2d3b6e1fd462fd9be8da8b,raw/2023-08_table09_group10001_info.json,0b9129f945870ed0783265e4afd7e8b40219b3cc658e64419a031fb626e2f05a,caption_and_validated_request_info,Sektör,17,b) Ticari ve Diğer Kuruluşlar,italic,34,120,372,616,24884,26026
2023-08,9,Mevduat Turler Itibariyla,10001,18,"Mevduat Türler İtibarıyla (milyon TL), Dönem:2023/8",milyon TL,raw/2023-08_table09_group10001.json,ab8e0cb7470f376f4fef5fb2e303b3f95ad81372ac2d3b6e1fd462fd9be8da8b,raw/2023-08_table09_group10001_info.json,0b9129f945870ed0783265e4afd7e8b40219b3cc658e64419a031fb626e2f05a,caption_and_validated_request_info,Sektör,18,Döviz Tevdiat Hesabı / Katılım Fonları - Yurt Dışı Yerleşik,bold,1306,4763,27862,90982,567443,692355
2023-08,9,Mevduat Turler Itibariyla,10001,19,"Mevduat Türler İtibarıyla (milyon TL), Dönem:2023/8",milyon TL,raw/2023-08_table09_group10001.json,ab8e0cb7470f376f4fef5fb2e303b3f95ad81372ac2d3b6e1fd462fd9be8da8b,raw/2023-08_table09_group10001_info.json,0b9129f945870ed0783265e4afd7e8b40219b3cc658e64419a031fb626e2f05a,caption_and_validated_request_info,Sektör,19,a) Gerçek Kişiler,italic,1286,4650,27294,89097,409956,532283
2023-08,9,Mevduat Turler Itibariyla,10001,20,"Mevduat Türler İtibarıyla (milyon TL), Dönem:2023/8",milyon TL,raw/2023-08_table09_group10001.json,ab8e0cb7470f376f4fef5fb2e303b3f95ad81372ac2d3b6e1fd462fd9be8da8b,raw/2023-08_table09_group10001_info.json,0b9129f945870ed0783265e4afd7e8b40219b3cc658e64419a031fb626e2f05a,caption_and_validated_request_info,Sektör,20,b) Ticari ve Diğer Kuruluşlar,italic,20,113,568,1884,157487,160072
2023-08,9,Mevduat Turler Itibariyla,10001,21,"Mevduat Türler İtibarıyla (milyon TL), Dönem:2023/8",milyon TL,raw/2023-08_table09_group10001.json,ab8e0cb7470f376f4fef5fb2e303b3f95ad81372ac2d3b6e1fd462fd9be8da8b,raw/2023-08_table09_group10001_info.json,0b9129f945870ed0783265e4afd7e8b40219b3cc658e64419a031fb626e2f05a,caption_and_validated_request_info,Sektör,21,Kıymetli Maden Depo Hesapları - Yurt Dışı Yerleşik,bold,88,368,2227,5118,11114,18914
2023-08,9,Mevduat Turler Itibariyla,10001,22,"Mevduat Türler İtibarıyla (milyon TL), Dönem:2023/8",milyon TL,raw/2023-08_table09_group10001.json,ab8e0cb7470f376f4fef5fb2e303b3f95ad81372ac2d3b6e1fd462fd9be8da8b,raw/2023-08_table09_group10001_info.json,0b9129f945870ed0783265e4afd7e8b40219b3cc658e64419a031fb626e2f05a,caption_and_validated_request_info,Sektör,22,a) Gerçek Kişiler,italic,84,366,2221,5109,10921,18702
2023-08,9,Mevduat Turler Itibariyla,10001,23,"Mevduat Türler İtibarıyla (milyon TL), Dönem:2023/8",milyon TL,raw/2023-08_table09_group10001.json,ab8e0cb7470f376f4fef5fb2e303b3f95ad81372ac2d3b6e1fd462fd9be8da8b,raw/2023-08_table09_group10001_info.json,0b9129f945870ed0783265e4afd7e8b40219b3cc658e64419a031fb626e2f05a,caption_and_validated_request_info,Sektör,23,b) Ticari ve Diğer Kuruluşlar,italic,3,1,6,9,193,212
2023-08,9,Mevduat Turler Itibariyla,10001,24,"Mevduat Türler İtibarıyla (milyon TL), Dönem:2023/8",milyon TL,raw/2023-08_table09_group10001.json,ab8e0cb7470f376f4fef5fb2e303b3f95ad81372ac2d3b6e1fd462fd9be8da8b,raw/2023-08_table09_group10001_info.json,0b9129f945870ed0783265e4afd7e8b40219b3cc658e64419a031fb626e2f05a,caption_and_validated_request_info,Sektör,24,Toplam Mevduat - Yurt Dışı Yerleşik,bold,3788,12144,46409,127543,749953,939837
2023-08,9,Mevduat Turler Itibariyla,10001,25,"Mevduat Türler İtibarıyla (milyon TL), Dönem:2023/8",milyon TL,raw/2023-08_table09_group10001.json,ab8e0cb7470f376f4fef5fb2e303b3f95ad81372ac2d3b6e1fd462fd9be8da8b,raw/2023-08_table09_group10001_info.json,0b9129f945870ed0783265e4afd7e8b40219b3cc658e64419a031fb626e2f05a,caption_and_validated_request_info,Sektör,25,Mudi Sayısı - Yurt Dışı Yerleşik*,bold,2074576,446542,363299,237851,136082,2507685
2023-08,9,Mevduat Turler Itibariyla,10001,26,"Mevduat Türler İtibarıyla (milyon TL), Dönem:2023/8",milyon TL,raw/2023-08_table09_group10001.json,ab8e0cb7470f376f4fef5fb2e303b3f95ad81372ac2d3b6e1fd462fd9be8da8b,raw/2023-08_table09_group10001_info.json,0b9129f945870ed0783265e4afd7e8b40219b3cc658e64419a031fb626e2f05a,caption_and_validated_request_info,Sektör,26,Toplam Mevduat,bold,126912,363455,1066659,1806142,9567493,12930662
2023-09,9,Mevduat Turler Itibariyla,10001,1,"Mevduat Türler İtibarıyla (milyon TL), Dönem:2023/9",milyon TL,raw/2023-09_table09_group10001.json,a2725a4f5dc318e00131771289bbe4faa66745cdd88f87623d932a6e74cacee5,raw/2023-09_table09_group10001_info.json,a637089262acb8cffff5e2107b0da0e09f312b5e06a98c6bb4d29c41f7fa8625,caption_and_validated_request_info,Sektör,1,TP Mevduat / Katılım Fonları - Yurt İçi Yerleşik,bold,109475,248638,539781,913222,5830459,7641575
2023-09,9,Mevduat Turler Itibariyla,10001,2,"Mevduat Türler İtibarıyla (milyon TL), Dönem:2023/9",milyon TL,raw/2023-09_table09_group10001.json,a2725a4f5dc318e00131771289bbe4faa66745cdd88f87623d932a6e74cacee5,raw/2023-09_table09_group10001_info.json,a637089262acb8cffff5e2107b0da0e09f312b5e06a98c6bb4d29c41f7fa8625,caption_and_validated_request_info,Sektör,2,a) Gerçek Kişiler,italic,101028,221808,459625,774001,2770343,4326805
2023-09,9,Mevduat Turler Itibariyla,10001,3,"Mevduat Türler İtibarıyla (milyon TL), Dönem:2023/9",milyon TL,raw/2023-09_table09_group10001.json,a2725a4f5dc318e00131771289bbe4faa66745cdd88f87623d932a6e74cacee5,raw/2023-09_table09_group10001_info.json,a637089262acb8cffff5e2107b0da0e09f312b5e06a98c6bb4d29c41f7fa8625,caption_and_validated_request_info,Sektör,3,b) Resmi Kuruluşlar,italic,141,456,1329,3293,402862,408080
2023-09,9,Mevduat Turler Itibariyla,10001,4,"Mevduat Türler İtibarıyla (milyon TL), Dönem:2023/9",milyon TL,raw/2023-09_table09_group10001.json,a2725a4f5dc318e00131771289bbe4faa66745cdd88f87623d932a6e74cacee5,raw/2023-09_table09_group10001_info.json,a637089262acb8cffff5e2107b0da0e09f312b5e06a98c6bb4d29c41f7fa8625,caption_and_validated_request_info,Sektör,4,c) Ticari ve Diğer Kuruluşlar,italic,8306,26374,78828,135928,2657254,2906690
2023-09,9,Mevduat Turler Itibariyla,10001,5,"Mevduat Türler İtibarıyla (milyon TL), Dönem:2023/9",milyon TL,raw/2023-09_table09_group10001.json,a2725a4f5dc318e00131771289bbe4faa66745cdd88f87623d932a6e74cacee5,raw/2023-09_table09_group10001_info.json,a637089262acb8cffff5e2107b0da0e09f312b5e06a98c6bb4d29c41f7fa8625,caption_and_validated_request_info,Sektör,5,Döviz Tevdiat Hesabı / Katılım Fonları - Yurt İçi Yerleşik,bold,9637,65433,295100,553220,3045720,3969110
2023-09,9,Mevduat Turler Itibariyla,10001,6,"Mevduat Türler İtibarıyla (milyon TL), Dönem:2023/9",milyon TL,raw/2023-09_table09_group10001.json,a2725a4f5dc318e00131771289bbe4faa66745cdd88f87623d932a6e74cacee5,raw/2023-09_table09_group10001_info.json,a637089262acb8cffff5e2107b0da0e09f312b5e06a98c6bb4d29c41f7fa8625,caption_and_validated_request_info,Sektör,6,a) Gerçek Kişiler,italic,9051,62674,279725,502633,1235492,2089575
2023-09,9,Mevduat Turler Itibariyla,10001,7,"Mevduat Türler İtibarıyla (milyon TL), Dönem:2023/9",milyon TL,raw/2023-09_table09_group10001.json,a2725a4f5dc318e00131771289bbe4faa66745cdd88f87623d932a6e74cacee5,raw/2023-09_table09_group10001_info.json,a637089262acb8cffff5e2107b0da0e09f312b5e06a98c6bb4d29c41f7fa8625,caption_and_validated_request_info,Sektör,7,b) Resmi Kuruluşlar,italic,3,16,101,281,58949,59349
2023-09,9,Mevduat Turler Itibariyla,10001,8,"Mevduat Türler İtibarıyla (milyon TL), Dönem:2023/9",milyon TL,raw/2023-09_table09_group10001.json,a2725a4f5dc318e00131771289bbe4faa66745cdd88f87623d932a6e74cacee5,raw/2023-09_table09_group10001_info.json,a637089262acb8cffff5e2107b0da0e09f312b5e06a98c6bb4d29c41f7fa8625,caption_and_validated_request_info,Sektör,8,c) Ticari ve Diğer Kuruluşlar,italic,583,2743,15274,50306,1751279,1820186
2023-09,9,Mevduat Turler Itibariyla,10001,9,"Mevduat Türler İtibarıyla (milyon TL), Dönem:2023/9",milyon TL,raw/2023-09_table09_group10001.json,a2725a4f5dc318e00131771289bbe4faa66745cdd88f87623d932a6e74cacee5,raw/2023-09_table09_group10001_info.json,a637089262acb8cffff5e2107b0da0e09f312b5e06a98c6bb4d29c41f7fa8625,caption_and_validated_request_info,Sektör,9,Kıymetli Maden Depo Hesapları - Yurt İçi Yerleşik,bold,7781,44400,203261,254329,233540,743312
2023-09,9,Mevduat Turler Itibariyla,10001,10,"Mevduat Türler İtibarıyla (milyon TL), Dönem:2023/9",milyon TL,raw/2023-09_table09_group10001.json,a2725a4f5dc318e00131771289bbe4faa66745cdd88f87623d932a6e74cacee5,raw/2023-09_table09_group10001_info.json,a637089262acb8cffff5e2107b0da0e09f312b5e06a98c6bb4d29c41f7fa8625,caption_and_validated_request_info,Sektör,10,a) Gerçek Kişiler,italic,6525,43904,200770,248730,198617,698545
2023-09,9,Mevduat Turler Itibariyla,10001,11,"Mevduat Türler İtibarıyla (milyon TL), Dönem:2023/9",milyon TL,raw/2023-09_table09_group10001.json,a2725a4f5dc318e00131771289bbe4faa66745cdd88f87623d932a6e74cacee5,raw/2023-09_table09_group10001_info.json,a637089262acb8cffff5e2107b0da0e09f312b5e06a98c6bb4d29c41f7fa8625,caption_and_validated_request_info,Sektör,11,b) Resmi Kuruluşlar,italic,0,1,4,4,72,81
2023-09,9,Mevduat Turler Itibariyla,10001,12,"Mevduat Türler İtibarıyla (milyon TL), Dönem:2023/9",milyon TL,raw/2023-09_table09_group10001.json,a2725a4f5dc318e00131771289bbe4faa66745cdd88f87623d932a6e74cacee5,raw/2023-09_table09_group10001_info.json,a637089262acb8cffff5e2107b0da0e09f312b5e06a98c6bb4d29c41f7fa8625,caption_and_validated_request_info,Sektör,12,c) Ticari ve Diğer Kuruluşlar,italic,1256,496,2487,5596,34851,44686
2023-09,9,Mevduat Turler Itibariyla,10001,13,"Mevduat Türler İtibarıyla (milyon TL), Dönem:2023/9",milyon TL,raw/2023-09_table09_group10001.json,a2725a4f5dc318e00131771289bbe4faa66745cdd88f87623d932a6e74cacee5,raw/2023-09_table09_group10001_info.json,a637089262acb8cffff5e2107b0da0e09f312b5e06a98c6bb4d29c41f7fa8625,caption_and_validated_request_info,Sektör,13,Toplam Mevduat - Yurt İçi Yerleşik,bold,126893,358471,1038143,1720771,9109719,12353997
2023-09,9,Mevduat Turler Itibariyla,10001,14,"Mevduat Türler İtibarıyla (milyon TL), Dönem:2023/9",milyon TL,raw/2023-09_table09_group10001.json,a2725a4f5dc318e00131771289bbe4faa66745cdd88f87623d932a6e74cacee5,raw/2023-09_table09_group10001_info.json,a637089262acb8cffff5e2107b0da0e09f312b5e06a98c6bb4d29c41f7fa8625,caption_and_validated_request_info,Sektör,14,Mudi Sayısı - Yurt İçi Yerleşik*,bold,149471785,13707101,8431947,3423172,1147697,161900159
2023-09,9,Mevduat Turler Itibariyla,10001,15,"Mevduat Türler İtibarıyla (milyon TL), Dönem:2023/9",milyon TL,raw/2023-09_table09_group10001.json,a2725a4f5dc318e00131771289bbe4faa66745cdd88f87623d932a6e74cacee5,raw/2023-09_table09_group10001_info.json,a637089262acb8cffff5e2107b0da0e09f312b5e06a98c6bb4d29c41f7fa8625,caption_and_validated_request_info,Sektör,15,TP Mevduat / Katılım Fonları - Yurt Dışı Yerleşik,bold,2470,6951,15908,32074,185324,242727
2023-09,9,Mevduat Turler Itibariyla,10001,16,"Mevduat Türler İtibarıyla (milyon TL), Dönem:2023/9",milyon TL,raw/2023-09_table09_group10001.json,a2725a4f5dc318e00131771289bbe4faa66745cdd88f87623d932a6e74cacee5,raw/2023-09_table09_group10001_info.json,a637089262acb8cffff5e2107b0da0e09f312b5e06a98c6bb4d29c41f7fa8625,caption_and_validated_request_info,Sektör,16,a) Gerçek Kişiler,italic,2435,6824,15525,31438,160338,216561
2023-09,9,Mevduat Turler Itibariyla,10001,17,"Mevduat Türler İtibarıyla (milyon TL), Dönem:2023/9",milyon TL,raw/2023-09_table09_group10001.json,a2725a4f5dc318e00131771289bbe4faa66745cdd88f87623d932a6e74cacee5,raw/2023-09_table09_group10001_info.json,a637089262acb8cffff5e2107b0da0e09f312b5e06a98c6bb4d29c41f7fa8625,caption_and_validated_request_info,Sektör,17,b) Ticari ve Diğer Kuruluşlar,italic,34,127,383,636,24986,26166
2023-09,9,Mevduat Turler Itibariyla,10001,18,"Mevduat Türler İtibarıyla (milyon TL), Dönem:2023/9",milyon TL,raw/2023-09_table09_group10001.json,a2725a4f5dc318e00131771289bbe4faa66745cdd88f87623d932a6e74cacee5,raw/2023-09_table09_group10001_info.json,a637089262acb8cffff5e2107b0da0e09f312b5e06a98c6bb4d29c41f7fa8625,caption_and_validated_request_info,Sektör,18,Döviz Tevdiat Hesabı / Katılım Fonları - Yurt Dışı Yerleşik,bold,1329,4792,27543,90288,566164,690116
2023-09,9,Mevduat Turler Itibariyla,10001,19,"Mevduat Türler İtibarıyla (milyon TL), Dönem:2023/9",milyon TL,raw/2023-09_table09_group10001.json,a2725a4f5dc318e00131771289bbe4faa66745cdd88f87623d932a6e74cacee5,raw/2023-09_table09_group10001_info.json,a637089262acb8cffff5e2107b0da0e09f312b5e06a98c6bb4d29c41f7fa8625,caption_and_validated_request_info,Sektör,19,a) Gerçek Kişiler,italic,1309,4678,26952,88358,405823,527121
2023-09,9,Mevduat Turler Itibariyla,10001,20,"Mevduat Türler İtibarıyla (milyon TL), Dönem:2023/9",milyon TL,raw/2023-09_table09_group10001.json,a2725a4f5dc318e00131771289bbe4faa66745cdd88f87623d932a6e74cacee5,raw/2023-09_table09_group10001_info.json,a637089262acb8cffff5e2107b0da0e09f312b5e06a98c6bb4d29c41f7fa8625,caption_and_validated_request_info,Sektör,20,b) Ticari ve Diğer Kuruluşlar,italic,20,114,591,1929,160341,162996
2023-09,9,Mevduat Turler Itibariyla,10001,21,"Mevduat Türler İtibarıyla (milyon TL), Dönem:2023/9",milyon TL,raw/2023-09_table09_group10001.json,a2725a4f5dc318e00131771289bbe4faa66745cdd88f87623d932a6e74cacee5,raw/2023-09_table09_group10001_info.json,a637089262acb8cffff5e2107b0da0e09f312b5e06a98c6bb4d29c41f7fa8625,caption_and_validated_request_info,Sektör,21,Kıymetli Maden Depo Hesapları - Yurt Dışı Yerleşik,bold,90,379,2247,5053,10933,18702
2023-09,9,Mevduat Turler Itibariyla,10001,22,"Mevduat Türler İtibarıyla (milyon TL), Dönem:2023/9",milyon TL,raw/2023-09_table09_group10001.json,a2725a4f5dc318e00131771289bbe4faa66745cdd88f87623d932a6e74cacee5,raw/2023-09_table09_group10001_info.json,a637089262acb8cffff5e2107b0da0e09f312b5e06a98c6bb4d29c41f7fa8625,caption_and_validated_request_info,Sektör,22,a) Gerçek Kişiler,italic,87,378,2241,5044,10737,18487
2023-09,9,Mevduat Turler Itibariyla,10001,23,"Mevduat Türler İtibarıyla (milyon TL), Dönem:2023/9",milyon TL,raw/2023-09_table09_group10001.json,a2725a4f5dc318e00131771289bbe4faa66745cdd88f87623d932a6e74cacee5,raw/2023-09_table09_group10001_info.json,a637089262acb8cffff5e2107b0da0e09f312b5e06a98c6bb4d29c41f7fa8625,caption_and_validated_request_info,Sektör,23,b) Ticari ve Diğer Kuruluşlar,italic,3,1,6,9,195,215
2023-09,9,Mevduat Turler Itibariyla,10001,24,"Mevduat Türler İtibarıyla (milyon TL), Dönem:2023/9",milyon TL,raw/2023-09_table09_group10001.json,a2725a4f5dc318e00131771289bbe4faa66745cdd88f87623d932a6e74cacee5,raw/2023-09_table09_group10001_info.json,a637089262acb8cffff5e2107b0da0e09f312b5e06a98c6bb4d29c41f7fa8625,caption_and_validated_request_info,Sektör,24,Toplam Mevduat - Yurt Dışı Yerleşik,bold,3888,12123,45698,127415,762421,951545
2023-09,9,Mevduat Turler Itibariyla,10001,25,"Mevduat Türler İtibarıyla (milyon TL), Dönem:2023/9",milyon TL,raw/2023-09_table09_group10001.json,a2725a4f5dc318e00131771289bbe4faa66745cdd88f87623d932a6e74cacee5,raw/2023-09_table09_group10001_info.json,a637089262acb8cffff5e2107b0da0e09f312b5e06a98c6bb4d29c41f7fa8625,caption_and_validated_request_info,Sektör,25,Mudi Sayısı - Yurt Dışı Yerleşik*,bold,2092834,448236,355827,237152,136861,2522441
2023-09,9,Mevduat Turler Itibariyla,10001,26,"Mevduat Türler İtibarıyla (milyon TL), Dönem:2023/9",milyon TL,raw/2023-09_table09_group10001.json,a2725a4f5dc318e00131771289bbe4faa66745cdd88f87623d932a6e74cacee5,raw/2023-09_table09_group10001_info.json,a637089262acb8cffff5e2107b0da0e09f312b5e06a98c6bb4d29c41f7fa8625,caption_and_validated_request_info,Sektör,26,Toplam Mevduat,bold,130782,370594,1083841,1848185,9872140,13305542
2023-10,9,Mevduat Turler Itibariyla,10001,1,"Mevduat Türler İtibarıyla (milyon TL), Dönem:2023/10",milyon TL,raw/2023-10_table09_group10001.json,4e28276ca315c74727d0845d4531b35245bc8764cce8d2f35483879fd25d929a,raw/2023-10_table09_group10001_info.json,3058a8a09c525480193ac638465c7bc6b290dcb0465c3ed42cf3a4fc4c528763,caption_and_validated_request_info,Sektör,1,TP Mevduat / Katılım Fonları - Yurt İçi Yerleşik,bold,106258,240105,527097,921683,6120830,7915973
2023-10,9,Mevduat Turler Itibariyla,10001,2,"Mevduat Türler İtibarıyla (milyon TL), Dönem:2023/10",milyon TL,raw/2023-10_table09_group10001.json,4e28276ca315c74727d0845d4531b35245bc8764cce8d2f35483879fd25d929a,raw/2023-10_table09_group10001_info.json,3058a8a09c525480193ac638465c7bc6b290dcb0465c3ed42cf3a4fc4c528763,caption_and_validated_request_info,Sektör,2,a) Gerçek Kişiler,italic,97885,214917,453547,792137,2912703,4471189
2023-10,9,Mevduat Turler Itibariyla,10001,3,"Mevduat Türler İtibarıyla (milyon TL), Dönem:2023/10",milyon TL,raw/2023-10_table09_group10001.json,4e28276ca315c74727d0845d4531b35245bc8764cce8d2f35483879fd25d929a,raw/2023-10_table09_group10001_info.json,3058a8a09c525480193ac638465c7bc6b290dcb0465c3ed42cf3a4fc4c528763,caption_and_validated_request_info,Sektör,3,b) Resmi Kuruluşlar,italic,135,431,1343,3286,494285,499479
2023-10,9,Mevduat Turler Itibariyla,10001,4,"Mevduat Türler İtibarıyla (milyon TL), Dönem:2023/10",milyon TL,raw/2023-10_table09_group10001.json,4e28276ca315c74727d0845d4531b35245bc8764cce8d2f35483879fd25d929a,raw/2023-10_table09_group10001_info.json,3058a8a09c525480193ac638465c7bc6b290dcb0465c3ed42cf3a4fc4c528763,caption_and_validated_request_info,Sektör,4,c) Ticari ve Diğer Kuruluşlar,italic,8238,24758,72207,126260,2713843,2945305
2023-10,9,Mevduat Turler Itibariyla,10001,5,"Mevduat Türler İtibarıyla (milyon TL), Dönem:2023/10",milyon TL,raw/2023-10_table09_group10001.json,4e28276ca315c74727d0845d4531b35245bc8764cce8d2f35483879fd25d929a,raw/2023-10_table09_group10001_info.json,3058a8a09c525480193ac638465c7bc6b290dcb0465c3ed42cf3a4fc4c528763,caption_and_validated_request_info,Sektör,5,Döviz Tevdiat Hesabı / Katılım Fonları - Yurt İçi Yerleşik,bold,9375,63736,293922,562251,3189175,4118459
2023-10,9,Mevduat Turler Itibariyla,10001,6,"Mevduat Türler İtibarıyla (milyon TL), Dönem:2023/10",milyon TL,raw/2023-10_table09_group10001.json,4e28276ca315c74727d0845d4531b35245bc8764cce8d2f35483879fd25d929a,raw/2023-10_table09_group10001_info.json,3058a8a09c525480193ac638465c7bc6b290dcb0465c3ed42cf3a4fc4c528763,caption_and_validated_request_info,Sektör,6,a) Gerçek Kişiler,italic,8799,61080,279090,512278,1253051,2114297
2023-10,9,Mevduat Turler Itibariyla,10001,7,"Mevduat Türler İtibarıyla (milyon TL), Dönem:2023/10",milyon TL,raw/2023-10_table09_group10001.json,4e28276ca315c74727d0845d4531b35245bc8764cce8d2f35483879fd25d929a,raw/2023-10_table09_group10001_info.json,3058a8a09c525480193ac638465c7bc6b290dcb0465c3ed42cf3a4fc4c528763,caption_and_validated_request_info,Sektör,7,b) Resmi Kuruluşlar,italic,3,15,129,284,59180,59611
2023-10,9,Mevduat Turler Itibariyla,10001,8,"Mevduat Türler İtibarıyla (milyon TL), Dönem:2023/10",milyon TL,raw/2023-10_table09_group10001.json,4e28276ca315c74727d0845d4531b35245bc8764cce8d2f35483879fd25d929a,raw/2023-10_table09_group10001_info.json,3058a8a09c525480193ac638465c7bc6b290dcb0465c3ed42cf3a4fc4c528763,caption_and_validated_request_info,Sektör,8,c) Ticari ve Diğer Kuruluşlar,italic,574,2640,14703,49689,1876945,1944551
2023-10,9,Mevduat Turler Itibariyla,10001,9,"Mevduat Türler İtibarıyla (milyon TL), Dönem:2023/10",milyon TL,raw/2023-10_table09_group10001.json,4e28276ca315c74727d0845d4531b35245bc8764cce8d2f35483879fd25d929a,raw/2023-10_table09_group10001_info.json,3058a8a09c525480193ac638465c7bc6b290dcb0465c3ed42cf3a4fc4c528763,caption_and_validated_request_info,Sektör,9,Kıymetli Maden Depo Hesapları - Yurt İçi Yerleşik,bold,7463,41770,208018,283936,272093,813280
2023-10,9,Mevduat Turler Itibariyla,10001,10,"Mevduat Türler İtibarıyla (milyon TL), Dönem:2023/10",milyon TL,raw/2023-10_table09_group10001.json,4e28276ca315c74727d0845d4531b35245bc8764cce8d2f35483879fd25d929a,raw/2023-10_table09_group10001_info.json,3058a8a09c525480193ac638465c7bc6b290dcb0465c3ed42cf3a4fc4c528763,caption_and_validated_request_info,Sektör,10,a) Gerçek Kişiler,italic,6065,41292,205541,277981,230430,761308
2023-10,9,Mevduat Turler Itibariyla,10001,11,"Mevduat Türler İtibarıyla (milyon TL), Dönem:2023/10",milyon TL,raw/2023-10_table09_group10001.json,4e28276ca315c74727d0845d4531b35245bc8764cce8d2f35483879fd25d929a,raw/2023-10_table09_group10001_info.json,3058a8a09c525480193ac638465c7bc6b290dcb0465c3ed42cf3a4fc4c528763,caption_and_validated_request_info,Sektör,11,b) Resmi Kuruluşlar,italic,0,1,6,5,78,89
2023-10,9,Mevduat Turler Itibariyla,10001,12,"Mevduat Türler İtibarıyla (milyon TL), Dönem:2023/10",milyon TL,raw/2023-10_table09_group10001.json,4e28276ca315c74727d0845d4531b35245bc8764cce8d2f35483879fd25d929a,raw/2023-10_table09_group10001_info.json,3058a8a09c525480193ac638465c7bc6b290dcb0465c3ed42cf3a4fc4c528763,caption_and_validated_request_info,Sektör,12,c) Ticari ve Diğer Kuruluşlar,italic,1398,478,2471,5950,41584,51883
2023-10,9,Mevduat Turler Itibariyla,10001,13,"Mevduat Türler İtibarıyla (milyon TL), Dönem:2023/10",milyon TL,raw/2023-10_table09_group10001.json,4e28276ca315c74727d0845d4531b35245bc8764cce8d2f35483879fd25d929a,raw/2023-10_table09_group10001_info.json,3058a8a09c525480193ac638465c7bc6b290dcb0465c3ed42cf3a4fc4c528763,caption_and_validated_request_info,Sektör,13,Toplam Mevduat - Yurt İçi Yerleşik,bold,123097,345611,1029036,1767870,9582098,12847712
2023-10,9,Mevduat Turler Itibariyla,10001,14,"Mevduat Türler İtibarıyla (milyon TL), Dönem:2023/10",milyon TL,raw/2023-10_table09_group10001.json,4e28276ca315c74727d0845d4531b35245bc8764cce8d2f35483879fd25d929a,raw/2023-10_table09_group10001_info.json,3058a8a09c525480193ac638465c7bc6b290dcb0465c3ed42cf3a4fc4c528763,caption_and_validated_request_info,Sektör,14,Mudi Sayısı - Yurt İçi Yerleşik*,bold,151099864,13369568,8389540,3529865,1196316,162784959
2023-10,9,Mevduat Turler Itibariyla,10001,15,"Mevduat Türler İtibarıyla (milyon TL), Dönem:2023/10",milyon TL,raw/2023-10_table09_group10001.json,4e28276ca315c74727d0845d4531b35245bc8764cce8d2f35483879fd25d929a,raw/2023-10_table09_group10001_info.json,3058a8a09c525480193ac638465c7bc6b290dcb0465c3ed42cf3a4fc4c528763,caption_and_validated_request_info,Sektör,15,TP Mevduat / Katılım Fonları - Yurt Dışı Yerleşik,bold,2430,7150,15478,32347,207640,265044
2023-10,9,Mevduat Turler Itibariyla,10001,16,"Mevduat Türler İtibarıyla (milyon TL), Dönem:2023/10",milyon TL,raw/2023-10_table09_group10001.json,4e28276ca315c74727d0845d4531b35245bc8764cce8d2f35483879fd25d929a,raw/2023-10_table09_group10001_info.json,3058a8a09c525480193ac638465c7bc6b290dcb0465c3ed42cf3a4fc4c528763,caption_and_validated_request_info,Sektör,16,a) Gerçek Kişiler,italic,2395,7022,15089,31687,179304,235497
2023-10,9,Mevduat Turler Itibariyla,10001,17,"Mevduat Türler İtibarıyla (milyon TL), Dönem:2023/10",milyon TL,raw/2023-10_table09_group10001.json,4e28276ca315c74727d0845d4531b35245bc8764cce8d2f35483879fd25d929a,raw/2023-10_table09_group10001_info.json,3058a8a09c525480193ac638465c7bc6b290dcb0465c3ed42cf3a4fc4c528763,caption_and_validated_request_info,Sektör,17,b) Ticari ve Diğer Kuruluşlar,italic,35,128,389,660,28336,29547
2023-10,9,Mevduat Turler Itibariyla,10001,18,"Mevduat Türler İtibarıyla (milyon TL), Dönem:2023/10",milyon TL,raw/2023-10_table09_group10001.json,4e28276ca315c74727d0845d4531b35245bc8764cce8d2f35483879fd25d929a,raw/2023-10_table09_group10001_info.json,3058a8a09c525480193ac638465c7bc6b290dcb0465c3ed42cf3a4fc4c528763,caption_and_validated_request_info,Sektör,18,Döviz Tevdiat Hesabı / Katılım Fonları - Yurt Dışı Yerleşik,bold,1345,4665,26758,88993,592244,714006
2023-10,9,Mevduat Turler Itibariyla,10001,19,"Mevduat Türler İtibarıyla (milyon TL), Dönem:2023/10",milyon TL,raw/2023-10_table09_group10001.json,4e28276ca315c74727d0845d4531b35245bc8764cce8d2f35483879fd25d929a,raw/2023-10_table09_group10001_info.json,3058a8a09c525480193ac638465c7bc6b290dcb0465c3ed42cf3a4fc4c528763,caption_and_validated_request_info,Sektör,19,a) Gerçek Kişiler,italic,1325,4551,26197,87114,408239,527426
2023-10,9,Mevduat Turler Itibariyla,10001,20,"Mevduat Türler İtibarıyla (milyon TL), Dönem:2023/10",milyon TL,raw/2023-10_table09_group10001.json,4e28276ca315c74727d0845d4531b35245bc8764cce8d2f35483879fd25d929a,raw/2023-10_table09_group10001_info.json,3058a8a09c525480193ac638465c7bc6b290dcb0465c3ed42cf3a4fc4c528763,caption_and_validated_request_info,Sektör,20,b) Ticari ve Diğer Kuruluşlar,italic,20,114,561,1879,184005,186580
2023-10,9,Mevduat Turler Itibariyla,10001,21,"Mevduat Türler İtibarıyla (milyon TL), Dönem:2023/10",milyon TL,raw/2023-10_table09_group10001.json,4e28276ca315c74727d0845d4531b35245bc8764cce8d2f35483879fd25d929a,raw/2023-10_table09_group10001_info.json,3058a8a09c525480193ac638465c7bc6b290dcb0465c3ed42cf3a4fc4c528763,caption_and_validated_request_info,Sektör,21,Kıymetli Maden Depo Hesapları - Yurt Dışı Yerleşik,bold,91,368,2217,5446,12347,20468
2023-10,9,Mevduat Turler Itibariyla,10001,22,"Mevduat Türler İtibarıyla (milyon TL), Dönem:2023/10",milyon TL,raw/2023-10_table09_group10001.json,4e28276ca315c74727d0845d4531b35245bc8764cce8d2f35483879fd25d929a,raw/2023-10_table09_group10001_info.json,3058a8a09c525480193ac638465c7bc6b290dcb0465c3ed42cf3a4fc4c528763,caption_and_validated_request_info,Sektör,22,a) Gerçek Kişiler,italic,87,366,2211,5436,12100,20200
2023-10,9,Mevduat Turler Itibariyla,10001,23,"Mevduat Türler İtibarıyla (milyon TL), Dönem:2023/10",milyon TL,raw/2023-10_table09_group10001.json,4e28276ca315c74727d0845d4531b35245bc8764cce8d2f35483879fd25d929a,raw/2023-10_table09_group10001_info.json,3058a8a09c525480193ac638465c7bc6b290dcb0465c3ed42cf3a4fc4c528763,caption_and_validated_request_info,Sektör,23,b) Ticari ve Diğer Kuruluşlar,italic,4,2,6,10,247,268
2023-10,9,Mevduat Turler Itibariyla,10001,24,"Mevduat Türler İtibarıyla (milyon TL), Dönem:2023/10",milyon TL,raw/2023-10_table09_group10001.json,4e28276ca315c74727d0845d4531b35245bc8764cce8d2f35483879fd25d929a,raw/2023-10_table09_group10001_info.json,3058a8a09c525480193ac638465c7bc6b290dcb0465c3ed42cf3a4fc4c528763,caption_and_validated_request_info,Sektör,24,Toplam Mevduat - Yurt Dışı Yerleşik,bold,3866,12183,44453,126786,812230,999518
2023-10,9,Mevduat Turler Itibariyla,10001,25,"Mevduat Türler İtibarıyla (milyon TL), Dönem:2023/10",milyon TL,raw/2023-10_table09_group10001.json,4e28276ca315c74727d0845d4531b35245bc8764cce8d2f35483879fd25d929a,raw/2023-10_table09_group10001_info.json,3058a8a09c525480193ac638465c7bc6b290dcb0465c3ed42cf3a4fc4c528763,caption_and_validated_request_info,Sektör,25,Mudi Sayısı - Yurt Dışı Yerleşik*,bold,2099015,454385,347709,235577,139278,2519468
2023-10,9,Mevduat Turler Itibariyla,10001,26,"Mevduat Türler İtibarıyla (milyon TL), Dönem:2023/10",milyon TL,raw/2023-10_table09_group10001.json,4e28276ca315c74727d0845d4531b35245bc8764cce8d2f35483879fd25d929a,raw/2023-10_table09_group10001_info.json,3058a8a09c525480193ac638465c7bc6b290dcb0465c3ed42cf3a4fc4c528763,caption_and_validated_request_info,Sektör,26,Toplam Mevduat,bold,126962,357794,1073490,1894655,10394328,13847230
2023-11,9,Mevduat Turler Itibariyla,10001,1,"Mevduat Türler İtibarıyla (milyon TL), Dönem:2023/11",milyon TL,raw/2023-11_table09_group10001.json,625deb8fd99bd3d472ce0fcf23af77aa6dcc7c42a397be33b7df4aab7af7ea94,raw/2023-11_table09_group10001_info.json,02049056a0558c0e92463984c382540eea5d6ab8a5d61e985eba3f7c67acd677,caption_and_validated_request_info,Sektör,1,TP Mevduat / Katılım Fonları - Yurt İçi Yerleşik,bold,108495,243191,526863,939914,6218839,8037302
2023-11,9,Mevduat Turler Itibariyla,10001,2,"Mevduat Türler İtibarıyla (milyon TL), Dönem:2023/11",milyon TL,raw/2023-11_table09_group10001.json,625deb8fd99bd3d472ce0fcf23af77aa6dcc7c42a397be33b7df4aab7af7ea94,raw/2023-11_table09_group10001_info.json,02049056a0558c0e92463984c382540eea5d6ab8a5d61e985eba3f7c67acd677,caption_and_validated_request_info,Sektör,2,a) Gerçek Kişiler,italic,100093,218202,454303,811808,3059389,4643796
2023-11,9,Mevduat Turler Itibariyla,10001,3,"Mevduat Türler İtibarıyla (milyon TL), Dönem:2023/11",milyon TL,raw/2023-11_table09_group10001.json,625deb8fd99bd3d472ce0fcf23af77aa6dcc7c42a397be33b7df4aab7af7ea94,raw/2023-11_table09_group10001_info.json,02049056a0558c0e92463984c382540eea5d6ab8a5d61e985eba3f7c67acd677,caption_and_validated_request_info,Sektör,3,b) Resmi Kuruluşlar,italic,134,454,1438,3407,520291,525724
2023-11,9,Mevduat Turler Itibariyla,10001,4,"Mevduat Türler İtibarıyla (milyon TL), Dönem:2023/11",milyon TL,raw/2023-11_table09_group10001.json,625deb8fd99bd3d472ce0fcf23af77aa6dcc7c42a397be33b7df4aab7af7ea94,raw/2023-11_table09_group10001_info.json,02049056a0558c0e92463984c382540eea5d6ab8a5d61e985eba3f7c67acd677,caption_and_validated_request_info,Sektör,4,c) Ticari ve Diğer Kuruluşlar,italic,8268,24535,71122,124699,2639159,2867783
2023-11,9,Mevduat Turler Itibariyla,10001,5,"Mevduat Türler İtibarıyla (milyon TL), Dönem:2023/11",milyon TL,raw/2023-11_table09_group10001.json,625deb8fd99bd3d472ce0fcf23af77aa6dcc7c42a397be33b7df4aab7af7ea94,raw/2023-11_table09_group10001_info.json,02049056a0558c0e92463984c382540eea5d6ab8a5d61e985eba3f7c67acd677,caption_and_validated_request_info,Sektör,5,Döviz Tevdiat Hesabı / Katılım Fonları - Yurt İçi Yerleşik,bold,9314,63606,294988,567343,3299888,4235138
2023-11,9,Mevduat Turler Itibariyla,10001,6,"Mevduat Türler İtibarıyla (milyon TL), Dönem:2023/11",milyon TL,raw/2023-11_table09_group10001.json,625deb8fd99bd3d472ce0fcf23af77aa6dcc7c42a397be33b7df4aab7af7ea94,raw/2023-11_table09_group10001_info.json,02049056a0558c0e92463984c382540eea5d6ab8a5d61e985eba3f7c67acd677,caption_and_validated_request_info,Sektör,6,a) Gerçek Kişiler,italic,8735,60956,280294,517784,1276298,2144066
2023-11,9,Mevduat Turler Itibariyla,10001,7,"Mevduat Türler İtibarıyla (milyon TL), Dönem:2023/11",milyon TL,raw/2023-11_table09_group10001.json,625deb8fd99bd3d472ce0fcf23af77aa6dcc7c42a397be33b7df4aab7af7ea94,raw/2023-11_table09_group10001_info.json,02049056a0558c0e92463984c382540eea5d6ab8a5d61e985eba3f7c67acd677,caption_and_validated_request_info,Sektör,7,b) Resmi Kuruluşlar,italic,2,15,121,283,63691,64112
2023-11,9,Mevduat Turler Itibariyla,10001,8,"Mevduat Türler İtibarıyla (milyon TL), Dönem:2023/11",milyon TL,raw/2023-11_table09_group10001.json,625deb8fd99bd3d472ce0fcf23af77aa6dcc7c42a397be33b7df4aab7af7ea94,raw/2023-11_table09_group10001_info.json,02049056a0558c0e92463984c382540eea5d6ab8a5d61e985eba3f7c67acd677,caption_and_validated_request_info,Sektör,8,c) Ticari ve Diğer Kuruluşlar,italic,576,2636,14573,49276,1959900,2026960
2023-11,9,Mevduat Turler Itibariyla,10001,9,"Mevduat Türler İtibarıyla (milyon TL), Dönem:2023/11",milyon TL,raw/2023-11_table09_group10001.json,625deb8fd99bd3d472ce0fcf23af77aa6dcc7c42a397be33b7df4aab7af7ea94,raw/2023-11_table09_group10001_info.json,02049056a0558c0e92463984c382540eea5d6ab8a5d61e985eba3f7c67acd677,caption_and_validated_request_info,Sektör,9,Kıymetli Maden Depo Hesapları - Yurt İçi Yerleşik,bold,7571,41508,209820,291341,280324,830563
2023-11,9,Mevduat Turler Itibariyla,10001,10,"Mevduat Türler İtibarıyla (milyon TL), Dönem:2023/11",milyon TL,raw/2023-11_table09_group10001.json,625deb8fd99bd3d472ce0fcf23af77aa6dcc7c42a397be33b7df4aab7af7ea94,raw/2023-11_table09_group10001_info.json,02049056a0558c0e92463984c382540eea5d6ab8a5d61e985eba3f7c67acd677,caption_and_validated_request_info,Sektör,10,a) Gerçek Kişiler,italic,6105,41025,207324,285385,238216,778055
2023-11,9,Mevduat Turler Itibariyla,10001,11,"Mevduat Türler İtibarıyla (milyon TL), Dönem:2023/11",milyon TL,raw/2023-11_table09_group10001.json,625deb8fd99bd3d472ce0fcf23af77aa6dcc7c42a397be33b7df4aab7af7ea94,raw/2023-11_table09_group10001_info.json,02049056a0558c0e92463984c382540eea5d6ab8a5d61e985eba3f7c67acd677,caption_and_validated_request_info,Sektör,11,b) Resmi Kuruluşlar,italic,0,1,5,6,82,94
2023-11,9,Mevduat Turler Itibariyla,10001,12,"Mevduat Türler İtibarıyla (milyon TL), Dönem:2023/11",milyon TL,raw/2023-11_table09_group10001.json,625deb8fd99bd3d472ce0fcf23af77aa6dcc7c42a397be33b7df4aab7af7ea94,raw/2023-11_table09_group10001_info.json,02049056a0558c0e92463984c382540eea5d6ab8a5d61e985eba3f7c67acd677,caption_and_validated_request_info,Sektör,12,c) Ticari ve Diğer Kuruluşlar,italic,1466,482,2491,5951,42026,52415
2023-11,9,Mevduat Turler Itibariyla,10001,13,"Mevduat Türler İtibarıyla (milyon TL), Dönem:2023/11",milyon TL,raw/2023-11_table09_group10001.json,625deb8fd99bd3d472ce0fcf23af77aa6dcc7c42a397be33b7df4aab7af7ea94,raw/2023-11_table09_group10001_info.json,02049056a0558c0e92463984c382540eea5d6ab8a5d61e985eba3f7c67acd677,caption_and_validated_request_info,Sektör,13,Toplam Mevduat - Yurt İçi Yerleşik,bold,125379,348305,1031671,1798598,9799051,13103004
2023-11,9,Mevduat Turler Itibariyla,10001,14,"Mevduat Türler İtibarıyla (milyon TL), Dönem:2023/11",milyon TL,raw/2023-11_table09_group10001.json,625deb8fd99bd3d472ce0fcf23af77aa6dcc7c42a397be33b7df4aab7af7ea94,raw/2023-11_table09_group10001_info.json,02049056a0558c0e92463984c382540eea5d6ab8a5d61e985eba3f7c67acd677,caption_and_validated_request_info,Sektör,14,Mudi Sayısı - Yurt İçi Yerleşik*,bold,152479729,13500806,8379133,3583781,1234611,164227723
2023-11,9,Mevduat Turler Itibariyla,10001,15,"Mevduat Türler İtibarıyla (milyon TL), Dönem:2023/11",milyon TL,raw/2023-11_table09_group10001.json,625deb8fd99bd3d472ce0fcf23af77aa6dcc7c42a397be33b7df4aab7af7ea94,raw/2023-11_table09_group10001_info.json,02049056a0558c0e92463984c382540eea5d6ab8a5d61e985eba3f7c67acd677,caption_and_validated_request_info,Sektör,15,TP Mevduat / Katılım Fonları - Yurt Dışı Yerleşik,bold,2361,7838,15963,33254,225753,285168
2023-11,9,Mevduat Turler Itibariyla,10001,16,"Mevduat Türler İtibarıyla (milyon TL), Dönem:2023/11",milyon TL,raw/2023-11_table09_group10001.json,625deb8fd99bd3d472ce0fcf23af77aa6dcc7c42a397be33b7df4aab7af7ea94,raw/2023-11_table09_group10001_info.json,02049056a0558c0e92463984c382540eea5d6ab8a5d61e985eba3f7c67acd677,caption_and_validated_request_info,Sektör,16,a) Gerçek Kişiler,italic,2325,7709,15581,32575,194695,252885
2023-11,9,Mevduat Turler Itibariyla,10001,17,"Mevduat Türler İtibarıyla (milyon TL), Dönem:2023/11",milyon TL,raw/2023-11_table09_group10001.json,625deb8fd99bd3d472ce0fcf23af77aa6dcc7c42a397be33b7df4aab7af7ea94,raw/2023-11_table09_group10001_info.json,02049056a0558c0e92463984c382540eea5d6ab8a5d61e985eba3f7c67acd677,caption_and_validated_request_info,Sektör,17,b) Ticari ve Diğer Kuruluşlar,italic,36,129,382,679,31058,32284
2023-11,9,Mevduat Turler Itibariyla,10001,18,"Mevduat Türler İtibarıyla (milyon TL), Dönem:2023/11",milyon TL,raw/2023-11_table09_group10001.json,625deb8fd99bd3d472ce0fcf23af77aa6dcc7c42a397be33b7df4aab7af7ea94,raw/2023-11_table09_group10001_info.json,02049056a0558c0e92463984c382540eea5d6ab8a5d61e985eba3f7c67acd677,caption_and_validated_request_info,Sektör,18,Döviz Tevdiat Hesabı / Katılım Fonları - Yurt Dışı Yerleşik,bold,1564,4742,26648,89371,597951,720276
2023-11,9,Mevduat Turler Itibariyla,10001,19,"Mevduat Türler İtibarıyla (milyon TL), Dönem:2023/11",milyon TL,raw/2023-11_table09_group10001.json,625deb8fd99bd3d472ce0fcf23af77aa6dcc7c42a397be33b7df4aab7af7ea94,raw/2023-11_table09_group10001_info.json,02049056a0558c0e92463984c382540eea5d6ab8a5d61e985eba3f7c67acd677,caption_and_validated_request_info,Sektör,19,a) Gerçek Kişiler,italic,1543,4625,26074,87496,417588,537326
2023-11,9,Mevduat Turler Itibariyla,10001,20,"Mevduat Türler İtibarıyla (milyon TL), Dönem:2023/11",milyon TL,raw/2023-11_table09_group10001.json,625deb8fd99bd3d472ce0fcf23af77aa6dcc7c42a397be33b7df4aab7af7ea94,raw/2023-11_table09_group10001_info.json,02049056a0558c0e92463984c382540eea5d6ab8a5d61e985eba3f7c67acd677,caption_and_validated_request_info,Sektör,20,b) Ticari ve Diğer Kuruluşlar,italic,20,118,574,1875,180363,182950
2023-11,9,Mevduat Turler Itibariyla,10001,21,"Mevduat Türler İtibarıyla (milyon TL), Dönem:2023/11",milyon TL,raw/2023-11_table09_group10001.json,625deb8fd99bd3d472ce0fcf23af77aa6dcc7c42a397be33b7df4aab7af7ea94,raw/2023-11_table09_group10001_info.json,02049056a0558c0e92463984c382540eea5d6ab8a5d61e985eba3f7c67acd677,caption_and_validated_request_info,Sektör,21,Kıymetli Maden Depo Hesapları - Yurt Dışı Yerleşik,bold,97,413,2393,5843,12843,21588
2023-11,9,Mevduat Turler Itibariyla,10001,22,"Mevduat Türler İtibarıyla (milyon TL), Dönem:2023/11",milyon TL,raw/2023-11_table09_group10001.json,625deb8fd99bd3d472ce0fcf23af77aa6dcc7c42a397be33b7df4aab7af7ea94,raw/2023-11_table09_group10001_info.json,02049056a0558c0e92463984c382540eea5d6ab8a5d61e985eba3f7c67acd677,caption_and_validated_request_info,Sektör,22,a) Gerçek Kişiler,italic,93,411,2387,5829,12592,21312
2023-11,9,Mevduat Turler Itibariyla,10001,23,"Mevduat Türler İtibarıyla (milyon TL), Dönem:2023/11",milyon TL,raw/2023-11_table09_group10001.json,625deb8fd99bd3d472ce0fcf23af77aa6dcc7c42a397be33b7df4aab7af7ea94,raw/2023-11_table09_group10001_info.json,02049056a0558c0e92463984c382540eea5d6ab8a5d61e985eba3f7c67acd677,caption_and_validated_request_info,Sektör,23,b) Ticari ve Diğer Kuruluşlar,italic,4,2,6,14,251,276
2023-11,9,Mevduat Turler Itibariyla,10001,24,"Mevduat Türler İtibarıyla (milyon TL), Dönem:2023/11",milyon TL,raw/2023-11_table09_group10001.json,625deb8fd99bd3d472ce0fcf23af77aa6dcc7c42a397be33b7df4aab7af7ea94,raw/2023-11_table09_group10001_info.json,02049056a0558c0e92463984c382540eea5d6ab8a5d61e985eba3f7c67acd677,caption_and_validated_request_info,Sektör,24,Toplam Mevduat - Yurt Dışı Yerleşik,bold,4021,12993,45004,128468,836547,1027033
2023-11,9,Mevduat Turler Itibariyla,10001,25,"Mevduat Türler İtibarıyla (milyon TL), Dönem:2023/11",milyon TL,raw/2023-11_table09_group10001.json,625deb8fd99bd3d472ce0fcf23af77aa6dcc7c42a397be33b7df4aab7af7ea94,raw/2023-11_table09_group10001_info.json,02049056a0558c0e92463984c382540eea5d6ab8a5d61e985eba3f7c67acd677,caption_and_validated_request_info,Sektör,25,Mudi Sayısı - Yurt Dışı Yerleşik*,bold,2098285,477075,351968,237377,143187,2538617
2023-11,9,Mevduat Turler Itibariyla,10001,26,"Mevduat Türler İtibarıyla (milyon TL), Dönem:2023/11",milyon TL,raw/2023-11_table09_group10001.json,625deb8fd99bd3d472ce0fcf23af77aa6dcc7c42a397be33b7df4aab7af7ea94,raw/2023-11_table09_group10001_info.json,02049056a0558c0e92463984c382540eea5d6ab8a5d61e985eba3f7c67acd677,caption_and_validated_request_info,Sektör,26,Toplam Mevduat,bold,129401,361298,1076674,1927066,10635598,14130037
2023-12,9,Mevduat Turler Itibariyla,10001,1,"Mevduat Türler İtibarıyla (milyon TL), Dönem:2023/12",milyon TL,raw/2023-12_table09_group10001.json,095d26478cf146c46b542bfae1d5bcd47d349db23e62592aff89a2d900d22d5e,raw/2023-12_table09_group10001_info.json,ef87737fed31292238f0031922c9f5a5df8a7bfe487e625e399bb9d856599b02,caption_and_validated_request_info,Sektör,1,TP Mevduat / Katılım Fonları - Yurt İçi Yerleşik,bold,111644,250289,536928,981443,6711996,8592300
2023-12,9,Mevduat Turler Itibariyla,10001,2,"Mevduat Türler İtibarıyla (milyon TL), Dönem:2023/12",milyon TL,raw/2023-12_table09_group10001.json,095d26478cf146c46b542bfae1d5bcd47d349db23e62592aff89a2d900d22d5e,raw/2023-12_table09_group10001_info.json,ef87737fed31292238f0031922c9f5a5df8a7bfe487e625e399bb9d856599b02,caption_and_validated_request_info,Sektör,2,a) Gerçek Kişiler,italic,103079,223024,455690,835813,3184981,4802587
2023-12,9,Mevduat Turler Itibariyla,10001,3,"Mevduat Türler İtibarıyla (milyon TL), Dönem:2023/12",milyon TL,raw/2023-12_table09_group10001.json,095d26478cf146c46b542bfae1d5bcd47d349db23e62592aff89a2d900d22d5e,raw/2023-12_table09_group10001_info.json,ef87737fed31292238f0031922c9f5a5df8a7bfe487e625e399bb9d856599b02,caption_and_validated_request_info,Sektör,3,b) Resmi Kuruluşlar,italic,132,474,1496,3254,541173,546529
2023-12,9,Mevduat Turler Itibariyla,10001,4,"Mevduat Türler İtibarıyla (milyon TL), Dönem:2023/12",milyon TL,raw/2023-12_table09_group10001.json,095d26478cf146c46b542bfae1d5bcd47d349db23e62592aff89a2d900d22d5e,raw/2023-12_table09_group10001_info.json,ef87737fed31292238f0031922c9f5a5df8a7bfe487e625e399bb9d856599b02,caption_and_validated_request_info,Sektör,4,c) Ticari ve Diğer Kuruluşlar,italic,8433,26791,79742,142376,2985842,3243184
2023-12,9,Mevduat Turler Itibariyla,10001,5,"Mevduat Türler İtibarıyla (milyon TL), Dönem:2023/12",milyon TL,raw/2023-12_table09_group10001.json,095d26478cf146c46b542bfae1d5bcd47d349db23e62592aff89a2d900d22d5e,raw/2023-12_table09_group10001_info.json,ef87737fed31292238f0031922c9f5a5df8a7bfe487e625e399bb9d856599b02,caption_and_validated_request_info,Sektör,5,Döviz Tevdiat Hesabı / Katılım Fonları - Yurt İçi Yerleşik,bold,9343,62788,292570,566364,3389568,4320633
2023-12,9,Mevduat Turler Itibariyla,10001,6,"Mevduat Türler İtibarıyla (milyon TL), Dönem:2023/12",milyon TL,raw/2023-12_table09_group10001.json,095d26478cf146c46b542bfae1d5bcd47d349db23e62592aff89a2d900d22d5e,raw/2023-12_table09_group10001_info.json,ef87737fed31292238f0031922c9f5a5df8a7bfe487e625e399bb9d856599b02,caption_and_validated_request_info,Sektör,6,a) Gerçek Kişiler,italic,8741,60148,278044,517316,1322249,2186496
2023-12,9,Mevduat Turler Itibariyla,10001,7,"Mevduat Türler İtibarıyla (milyon TL), Dönem:2023/12",milyon TL,raw/2023-12_table09_group10001.json,095d26478cf146c46b542bfae1d5bcd47d349db23e62592aff89a2d900d22d5e,raw/2023-12_table09_group10001_info.json,ef87737fed31292238f0031922c9f5a5df8a7bfe487e625e399bb9d856599b02,caption_and_validated_request_info,Sektör,7,b) Resmi Kuruluşlar,italic,22,15,103,289,74127,74555
2023-12,9,Mevduat Turler Itibariyla,10001,8,"Mevduat Türler İtibarıyla (milyon TL), Dönem:2023/12",milyon TL,raw/2023-12_table09_group10001.json,095d26478cf146c46b542bfae1d5bcd47d349db23e62592aff89a2d900d22d5e,raw/2023-12_table09_group10001_info.json,ef87737fed31292238f0031922c9f5a5df8a7bfe487e625e399bb9d856599b02,caption_and_validated_request_info,Sektör,8,c) Ticari ve Diğer Kuruluşlar,italic,580,2625,14423,48759,1993193,2059581
2023-12,9,Mevduat Turler Itibariyla,10001,9,"Mevduat Türler İtibarıyla (milyon TL), Dönem:2023/12",milyon TL,raw/2023-12_table09_group10001.json,095d26478cf146c46b542bfae1d5bcd47d349db23e62592aff89a2d900d22d5e,raw/2023-12_table09_group10001_info.json,ef87737fed31292238f0031922c9f5a5df8a7bfe487e625e399bb9d856599b02,caption_and_validated_request_info,Sektör,9,Kıymetli Maden Depo Hesapları - Yurt İçi Yerleşik,bold,7575,41157,212465,304466,306249,871911
2023-12,9,Mevduat Turler Itibariyla,10001,10,"Mevduat Türler İtibarıyla (milyon TL), Dönem:2023/12",milyon TL,raw/2023-12_table09_group10001.json,095d26478cf146c46b542bfae1d5bcd47d349db23e62592aff89a2d900d22d5e,raw/2023-12_table09_group10001_info.json,ef87737fed31292238f0031922c9f5a5df8a7bfe487e625e399bb9d856599b02,caption_and_validated_request_info,Sektör,10,a) Gerçek Kişiler,italic,6047,40668,209933,298487,260262,815396
2023-12,9,Mevduat Turler Itibariyla,10001,11,"Mevduat Türler İtibarıyla (milyon TL), Dönem:2023/12",milyon TL,raw/2023-12_table09_group10001.json,095d26478cf146c46b542bfae1d5bcd47d349db23e62592aff89a2d900d22d5e,raw/2023-12_table09_group10001_info.json,ef87737fed31292238f0031922c9f5a5df8a7bfe487e625e399bb9d856599b02,caption_and_validated_request_info,Sektör,11,b) Resmi Kuruluşlar,italic,0,1,5,6,87,99
2023-12,9,Mevduat Turler Itibariyla,10001,12,"Mevduat Türler İtibarıyla (milyon TL), Dönem:2023/12",milyon TL,raw/2023-12_table09_group10001.json,095d26478cf146c46b542bfae1d5bcd47d349db23e62592aff89a2d900d22d5e,raw/2023-12_table09_group10001_info.json,ef87737fed31292238f0031922c9f5a5df8a7bfe487e625e399bb9d856599b02,caption_and_validated_request_info,Sektör,12,c) Ticari ve Diğer Kuruluşlar,italic,1528,489,2527,5973,45899,56417
2023-12,9,Mevduat Turler Itibariyla,10001,13,"Mevduat Türler İtibarıyla (milyon TL), Dönem:2023/12",milyon TL,raw/2023-12_table09_group10001.json,095d26478cf146c46b542bfae1d5bcd47d349db23e62592aff89a2d900d22d5e,raw/2023-12_table09_group10001_info.json,ef87737fed31292238f0031922c9f5a5df8a7bfe487e625e399bb9d856599b02,caption_and_validated_request_info,Sektör,13,Toplam Mevduat - Yurt İçi Yerleşik,bold,128562,354234,1041963,1852272,10407813,13784844
2023-12,9,Mevduat Turler Itibariyla,10001,14,"Mevduat Türler İtibarıyla (milyon TL), Dönem:2023/12",milyon TL,raw/2023-12_table09_group10001.json,095d26478cf146c46b542bfae1d5bcd47d349db23e62592aff89a2d900d22d5e,raw/2023-12_table09_group10001_info.json,ef87737fed31292238f0031922c9f5a5df8a7bfe487e625e399bb9d856599b02,caption_and_validated_request_info,Sektör,14,Mudi Sayısı - Yurt İçi Yerleşik*,bold,153732102,13820688,8441321,3677490,1299118,165922662
2023-12,9,Mevduat Turler Itibariyla,10001,15,"Mevduat Türler İtibarıyla (milyon TL), Dönem:2023/12",milyon TL,raw/2023-12_table09_group10001.json,095d26478cf146c46b542bfae1d5bcd47d349db23e62592aff89a2d900d22d5e,raw/2023-12_table09_group10001_info.json,ef87737fed31292238f0031922c9f5a5df8a7bfe487e625e399bb9d856599b02,caption_and_validated_request_info,Sektör,15,TP Mevduat / Katılım Fonları - Yurt Dışı Yerleşik,bold,2405,8099,16756,34274,242171,303705
2023-12,9,Mevduat Turler Itibariyla,10001,16,"Mevduat Türler İtibarıyla (milyon TL), Dönem:2023/12",milyon TL,raw/2023-12_table09_group10001.json,095d26478cf146c46b542bfae1d5bcd47d349db23e62592aff89a2d900d22d5e,raw/2023-12_table09_group10001_info.json,ef87737fed31292238f0031922c9f5a5df8a7bfe487e625e399bb9d856599b02,caption_and_validated_request_info,Sektör,16,a) Gerçek Kişiler,italic,2369,7961,16335,33564,211139,271368
2023-12,9,Mevduat Turler Itibariyla,10001,17,"Mevduat Türler İtibarıyla (milyon TL), Dönem:2023/12",milyon TL,raw/2023-12_table09_group10001.json,095d26478cf146c46b542bfae1d5bcd47d349db23e62592aff89a2d900d22d5e,raw/2023-12_table09_group10001_info.json,ef87737fed31292238f0031922c9f5a5df8a7bfe487e625e399bb9d856599b02,caption_and_validated_request_info,Sektör,17,b) Ticari ve Diğer Kuruluşlar,italic,35,138,422,711,31032,32337
2023-12,9,Mevduat Turler Itibariyla,10001,18,"Mevduat Türler İtibarıyla (milyon TL), Dönem:2023/12",milyon TL,raw/2023-12_table09_group10001.json,095d26478cf146c46b542bfae1d5bcd47d349db23e62592aff89a2d900d22d5e,raw/2023-12_table09_group10001_info.json,ef87737fed31292238f0031922c9f5a5df8a7bfe487e625e399bb9d856599b02,caption_and_validated_request_info,Sektör,18,Döviz Tevdiat Hesabı / Katılım Fonları - Yurt Dışı Yerleşik,bold,1610,4807,26763,89930,616739,739847
2023-12,9,Mevduat Turler Itibariyla,10001,19,"Mevduat Türler İtibarıyla (milyon TL), Dönem:2023/12",milyon TL,raw/2023-12_table09_group10001.json,095d26478cf146c46b542bfae1d5bcd47d349db23e62592aff89a2d900d22d5e,raw/2023-12_table09_group10001_info.json,ef87737fed31292238f0031922c9f5a5df8a7bfe487e625e399bb9d856599b02,caption_and_validated_request_info,Sektör,19,a) Gerçek Kişiler,italic,1589,4687,26173,88063,432487,552998
2023-12,9,Mevduat Turler Itibariyla,10001,20,"Mevduat Türler İtibarıyla (milyon TL), Dönem:2023/12",milyon TL,raw/2023-12_table09_group10001.json,095d26478cf146c46b542bfae1d5bcd47d349db23e62592aff89a2d900d22d5e,raw/2023-12_table09_group10001_info.json,ef87737fed31292238f0031922c9f5a5df8a7bfe487e625e399bb9d856599b02,caption_and_validated_request_info,Sektör,20,b) Ticari ve Diğer Kuruluşlar,italic,21,120,590,1867,184252,186849
2023-12,9,Mevduat Turler Itibariyla,10001,21,"Mevduat Türler İtibarıyla (milyon TL), Dönem:2023/12",milyon TL,raw/2023-12_table09_group10001.json,095d26478cf146c46b542bfae1d5bcd47d349db23e62592aff89a2d900d22d5e,raw/2023-12_table09_group10001_info.json,ef87737fed31292238f0031922c9f5a5df8a7bfe487e625e399bb9d856599b02,caption_and_validated_request_info,Sektör,21,Kıymetli Maden Depo Hesapları - Yurt Dışı Yerleşik,bold,98,418,2439,5973,13724,22651
2023-12,9,Mevduat Turler Itibariyla,10001,22,"Mevduat Türler İtibarıyla (milyon TL), Dönem:2023/12",milyon TL,raw/2023-12_table09_group10001.json,095d26478cf146c46b542bfae1d5bcd47d349db23e62592aff89a2d900d22d5e,raw/2023-12_table09_group10001_info.json,ef87737fed31292238f0031922c9f5a5df8a7bfe487e625e399bb9d856599b02,caption_and_validated_request_info,Sektör,22,a) Gerçek Kişiler,italic,94,416,2434,5959,13456,22359
2023-12,9,Mevduat Turler Itibariyla,10001,23,"Mevduat Türler İtibarıyla (milyon TL), Dönem:2023/12",milyon TL,raw/2023-12_table09_group10001.json,095d26478cf146c46b542bfae1d5bcd47d349db23e62592aff89a2d900d22d5e,raw/2023-12_table09_group10001_info.json,ef87737fed31292238f0031922c9f5a5df8a7bfe487e625e399bb9d856599b02,caption_and_validated_request_info,Sektör,23,b) Ticari ve Diğer Kuruluşlar,italic,4,2,6,13,268,292
2023-12,9,Mevduat Turler Itibariyla,10001,24,"Mevduat Türler İtibarıyla (milyon TL), Dönem:2023/12",milyon TL,raw/2023-12_table09_group10001.json,095d26478cf146c46b542bfae1d5bcd47d349db23e62592aff89a2d900d22d5e,raw/2023-12_table09_group10001_info.json,ef87737fed31292238f0031922c9f5a5df8a7bfe487e625e399bb9d856599b02,caption_and_validated_request_info,Sektör,24,Toplam Mevduat - Yurt Dışı Yerleşik,bold,4112,13323,45958,130177,872634,1066204
2023-12,9,Mevduat Turler Itibariyla,10001,25,"Mevduat Türler İtibarıyla (milyon TL), Dönem:2023/12",milyon TL,raw/2023-12_table09_group10001.json,095d26478cf146c46b542bfae1d5bcd47d349db23e62592aff89a2d900d22d5e,raw/2023-12_table09_group10001_info.json,ef87737fed31292238f0031922c9f5a5df8a7bfe487e625e399bb9d856599b02,caption_and_validated_request_info,Sektör,25,Mudi Sayısı - Yurt Dışı Yerleşik*,bold,2097864,480808,360669,239756,147236,2513351
2023-12,9,Mevduat Turler Itibariyla,10001,26,"Mevduat Türler İtibarıyla (milyon TL), Dönem:2023/12",milyon TL,raw/2023-12_table09_group10001.json,095d26478cf146c46b542bfae1d5bcd47d349db23e62592aff89a2d900d22d5e,raw/2023-12_table09_group10001_info.json,ef87737fed31292238f0031922c9f5a5df8a7bfe487e625e399bb9d856599b02,caption_and_validated_request_info,Sektör,26,Toplam Mevduat,bold,132675,367557,1087921,1982449,11280447,14851048
2024-01,9,Mevduat Turler Itibariyla,10001,1,"Mevduat Türler İtibarıyla (milyon TL), Dönem:2024/1",milyon TL,raw/2024-01_table09_group10001.json,6ad57a1d90cb4aa138c022573cd11fd2b6be2dd34677fb36be2d7f5629111538,raw/2024-01_table09_group10001_info.json,c255b5755404afc294bc2c0023ae7a25ee24b05b1c8b71617333b3e53a05fe07,caption_and_validated_request_info,Sektör,1,TP Mevduat / Katılım Fonları - Yurt İçi Yerleşik,bold,108814,255137,540278,990946,6620346,8515520
2024-01,9,Mevduat Turler Itibariyla,10001,2,"Mevduat Türler İtibarıyla (milyon TL), Dönem:2024/1",milyon TL,raw/2024-01_table09_group10001.json,6ad57a1d90cb4aa138c022573cd11fd2b6be2dd34677fb36be2d7f5629111538,raw/2024-01_table09_group10001_info.json,c255b5755404afc294bc2c0023ae7a25ee24b05b1c8b71617333b3e53a05fe07,caption_and_validated_request_info,Sektör,2,a) Gerçek Kişiler,italic,100343,229906,467204,857790,3204272,4859516
2024-01,9,Mevduat Turler Itibariyla,10001,3,"Mevduat Türler İtibarıyla (milyon TL), Dönem:2024/1",milyon TL,raw/2024-01_table09_group10001.json,6ad57a1d90cb4aa138c022573cd11fd2b6be2dd34677fb36be2d7f5629111538,raw/2024-01_table09_group10001_info.json,c255b5755404afc294bc2c0023ae7a25ee24b05b1c8b71617333b3e53a05fe07,caption_and_validated_request_info,Sektör,3,b) Resmi Kuruluşlar,italic,131,514,1845,3646,645367,651504
2024-01,9,Mevduat Turler Itibariyla,10001,4,"Mevduat Türler İtibarıyla (milyon TL), Dönem:2024/1",milyon TL,raw/2024-01_table09_group10001.json,6ad57a1d90cb4aa138c022573cd11fd2b6be2dd34677fb36be2d7f5629111538,raw/2024-01_table09_group10001_info.json,c255b5755404afc294bc2c0023ae7a25ee24b05b1c8b71617333b3e53a05fe07,caption_and_validated_request_info,Sektör,4,c) Ticari ve Diğer Kuruluşlar,italic,8340,24716,71229,129510,2770706,3004501
2024-01,9,Mevduat Turler Itibariyla,10001,5,"Mevduat Türler İtibarıyla (milyon TL), Dönem:2024/1",milyon TL,raw/2024-01_table09_group10001.json,6ad57a1d90cb4aa138c022573cd11fd2b6be2dd34677fb36be2d7f5629111538,raw/2024-01_table09_group10001_info.json,c255b5755404afc294bc2c0023ae7a25ee24b05b1c8b71617333b3e53a05fe07,caption_and_validated_request_info,Sektör,5,Döviz Tevdiat Hesabı / Katılım Fonları - Yurt İçi Yerleşik,bold,9442,63025,295062,575202,3491301,4434033
2024-01,9,Mevduat Turler Itibariyla,10001,6,"Mevduat Türler İtibarıyla (milyon TL), Dönem:2024/1",milyon TL,raw/2024-01_table09_group10001.json,6ad57a1d90cb4aa138c022573cd11fd2b6be2dd34677fb36be2d7f5629111538,raw/2024-01_table09_group10001_info.json,c255b5755404afc294bc2c0023ae7a25ee24b05b1c8b71617333b3e53a05fe07,caption_and_validated_request_info,Sektör,6,a) Gerçek Kişiler,italic,8852,60359,280685,526746,1399065,2275708
2024-01,9,Mevduat Turler Itibariyla,10001,7,"Mevduat Türler İtibarıyla (milyon TL), Dönem:2024/1",milyon TL,raw/2024-01_table09_group10001.json,6ad57a1d90cb4aa138c022573cd11fd2b6be2dd34677fb36be2d7f5629111538,raw/2024-01_table09_group10001_info.json,c255b5755404afc294bc2c0023ae7a25ee24b05b1c8b71617333b3e53a05fe07,caption_and_validated_request_info,Sektör,7,b) Resmi Kuruluşlar,italic,3,45,108,300,69495,69950
2024-01,9,Mevduat Turler Itibariyla,10001,8,"Mevduat Türler İtibarıyla (milyon TL), Dönem:2024/1",milyon TL,raw/2024-01_table09_group10001.json,6ad57a1d90cb4aa138c022573cd11fd2b6be2dd34677fb36be2d7f5629111538,raw/2024-01_table09_group10001_info.json,c255b5755404afc294bc2c0023ae7a25ee24b05b1c8b71617333b3e53a05fe07,caption_and_validated_request_info,Sektör,8,c) Ticari ve Diğer Kuruluşlar,italic,587,2622,14269,48156,2022741,2088375
2024-01,9,Mevduat Turler Itibariyla,10001,9,"Mevduat Türler İtibarıyla (milyon TL), Dönem:2024/1",milyon TL,raw/2024-01_table09_group10001.json,6ad57a1d90cb4aa138c022573cd11fd2b6be2dd34677fb36be2d7f5629111538,raw/2024-01_table09_group10001_info.json,c255b5755404afc294bc2c0023ae7a25ee24b05b1c8b71617333b3e53a05fe07,caption_and_validated_request_info,Sektör,9,Kıymetli Maden Depo Hesapları - Yurt İçi Yerleşik,bold,7681,41510,215347,311417,329824,905779
2024-01,9,Mevduat Turler Itibariyla,10001,10,"Mevduat Türler İtibarıyla (milyon TL), Dönem:2024/1",milyon TL,raw/2024-01_table09_group10001.json,6ad57a1d90cb4aa138c022573cd11fd2b6be2dd34677fb36be2d7f5629111538,raw/2024-01_table09_group10001_info.json,c255b5755404afc294bc2c0023ae7a25ee24b05b1c8b71617333b3e53a05fe07,caption_and_validated_request_info,Sektör,10,a) Gerçek Kişiler,italic,6105,41015,212810,305396,280307,845633
2024-01,9,Mevduat Turler Itibariyla,10001,11,"Mevduat Türler İtibarıyla (milyon TL), Dönem:2024/1",milyon TL,raw/2024-01_table09_group10001.json,6ad57a1d90cb4aa138c022573cd11fd2b6be2dd34677fb36be2d7f5629111538,raw/2024-01_table09_group10001_info.json,c255b5755404afc294bc2c0023ae7a25ee24b05b1c8b71617333b3e53a05fe07,caption_and_validated_request_info,Sektör,11,b) Resmi Kuruluşlar,italic,0,1,6,7,94,107
2024-01,9,Mevduat Turler Itibariyla,10001,12,"Mevduat Türler İtibarıyla (milyon TL), Dönem:2024/1",milyon TL,raw/2024-01_table09_group10001.json,6ad57a1d90cb4aa138c022573cd11fd2b6be2dd34677fb36be2d7f5629111538,raw/2024-01_table09_group10001_info.json,c255b5755404afc294bc2c0023ae7a25ee24b05b1c8b71617333b3e53a05fe07,caption_and_validated_request_info,Sektör,12,c) Ticari ve Diğer Kuruluşlar,italic,1576,495,2531,6014,49422,60038
2024-01,9,Mevduat Turler Itibariyla,10001,13,"Mevduat Türler İtibarıyla (milyon TL), Dönem:2024/1",milyon TL,raw/2024-01_table09_group10001.json,6ad57a1d90cb4aa138c022573cd11fd2b6be2dd34677fb36be2d7f5629111538,raw/2024-01_table09_group10001_info.json,c255b5755404afc294bc2c0023ae7a25ee24b05b1c8b71617333b3e53a05fe07,caption_and_validated_request_info,Sektör,13,Toplam Mevduat - Yurt İçi Yerleşik,bold,125936,359672,1050687,1877566,10441471,13855332
2024-01,9,Mevduat Turler Itibariyla,10001,14,"Mevduat Türler İtibarıyla (milyon TL), Dönem:2024/1",milyon TL,raw/2024-01_table09_group10001.json,6ad57a1d90cb4aa138c022573cd11fd2b6be2dd34677fb36be2d7f5629111538,raw/2024-01_table09_group10001_info.json,c255b5755404afc294bc2c0023ae7a25ee24b05b1c8b71617333b3e53a05fe07,caption_and_validated_request_info,Sektör,14,Mudi Sayısı - Yurt İçi Yerleşik*,bold,154141942,13910351,8503418,3717808,1321400,166320570
2024-01,9,Mevduat Turler Itibariyla,10001,15,"Mevduat Türler İtibarıyla (milyon TL), Dönem:2024/1",milyon TL,raw/2024-01_table09_group10001.json,6ad57a1d90cb4aa138c022573cd11fd2b6be2dd34677fb36be2d7f5629111538,raw/2024-01_table09_group10001_info.json,c255b5755404afc294bc2c0023ae7a25ee24b05b1c8b71617333b3e53a05fe07,caption_and_validated_request_info,Sektör,15,TP Mevduat / Katılım Fonları - Yurt Dışı Yerleşik,bold,2293,8249,17716,35023,259660,322942
2024-01,9,Mevduat Turler Itibariyla,10001,16,"Mevduat Türler İtibarıyla (milyon TL), Dönem:2024/1",milyon TL,raw/2024-01_table09_group10001.json,6ad57a1d90cb4aa138c022573cd11fd2b6be2dd34677fb36be2d7f5629111538,raw/2024-01_table09_group10001_info.json,c255b5755404afc294bc2c0023ae7a25ee24b05b1c8b71617333b3e53a05fe07,caption_and_validated_request_info,Sektör,16,a) Gerçek Kişiler,italic,2257,8114,17330,34335,222279,284315
2024-01,9,Mevduat Turler Itibariyla,10001,17,"Mevduat Türler İtibarıyla (milyon TL), Dönem:2024/1",milyon TL,raw/2024-01_table09_group10001.json,6ad57a1d90cb4aa138c022573cd11fd2b6be2dd34677fb36be2d7f5629111538,raw/2024-01_table09_group10001_info.json,c255b5755404afc294bc2c0023ae7a25ee24b05b1c8b71617333b3e53a05fe07,caption_and_validated_request_info,Sektör,17,b) Ticari ve Diğer Kuruluşlar,italic,36,134,386,689,37382,38626
2024-01,9,Mevduat Turler Itibariyla,10001,18,"Mevduat Türler İtibarıyla (milyon TL), Dönem:2024/1",milyon TL,raw/2024-01_table09_group10001.json,6ad57a1d90cb4aa138c022573cd11fd2b6be2dd34677fb36be2d7f5629111538,raw/2024-01_table09_group10001_info.json,c255b5755404afc294bc2c0023ae7a25ee24b05b1c8b71617333b3e53a05fe07,caption_and_validated_request_info,Sektör,18,Döviz Tevdiat Hesabı / Katılım Fonları - Yurt Dışı Yerleşik,bold,1666,4843,26902,89794,621297,744502
2024-01,9,Mevduat Turler Itibariyla,10001,19,"Mevduat Türler İtibarıyla (milyon TL), Dönem:2024/1",milyon TL,raw/2024-01_table09_group10001.json,6ad57a1d90cb4aa138c022573cd11fd2b6be2dd34677fb36be2d7f5629111538,raw/2024-01_table09_group10001_info.json,c255b5755404afc294bc2c0023ae7a25ee24b05b1c8b71617333b3e53a05fe07,caption_and_validated_request_info,Sektör,19,a) Gerçek Kişiler,italic,1645,4722,26311,87902,438865,559445
2024-01,9,Mevduat Turler Itibariyla,10001,20,"Mevduat Türler İtibarıyla (milyon TL), Dönem:2024/1",milyon TL,raw/2024-01_table09_group10001.json,6ad57a1d90cb4aa138c022573cd11fd2b6be2dd34677fb36be2d7f5629111538,raw/2024-01_table09_group10001_info.json,c255b5755404afc294bc2c0023ae7a25ee24b05b1c8b71617333b3e53a05fe07,caption_and_validated_request_info,Sektör,20,b) Ticari ve Diğer Kuruluşlar,italic,21,121,591,1892,182432,185056
2024-01,9,Mevduat Turler Itibariyla,10001,21,"Mevduat Türler İtibarıyla (milyon TL), Dönem:2024/1",milyon TL,raw/2024-01_table09_group10001.json,6ad57a1d90cb4aa138c022573cd11fd2b6be2dd34677fb36be2d7f5629111538,raw/2024-01_table09_group10001_info.json,c255b5755404afc294bc2c0023ae7a25ee24b05b1c8b71617333b3e53a05fe07,caption_and_validated_request_info,Sektör,21,Kıymetli Maden Depo Hesapları - Yurt Dışı Yerleşik,bold,99,428,2513,6096,14709,23846
2024-01,9,Mevduat Turler Itibariyla,10001,22,"Mevduat Türler İtibarıyla (milyon TL), Dönem:2024/1",milyon TL,raw/2024-01_table09_group10001.json,6ad57a1d90cb4aa138c022573cd11fd2b6be2dd34677fb36be2d7f5629111538,raw/2024-01_table09_group10001_info.json,c255b5755404afc294bc2c0023ae7a25ee24b05b1c8b71617333b3e53a05fe07,caption_and_validated_request_info,Sektör,22,a) Gerçek Kişiler,italic,95,426,2507,6082,14437,23547
2024-01,9,Mevduat Turler Itibariyla,10001,23,"Mevduat Türler İtibarıyla (milyon TL), Dönem:2024/1",milyon TL,raw/2024-01_table09_group10001.json,6ad57a1d90cb4aa138c022573cd11fd2b6be2dd34677fb36be2d7f5629111538,raw/2024-01_table09_group10001_info.json,c255b5755404afc294bc2c0023ae7a25ee24b05b1c8b71617333b3e53a05fe07,caption_and_validated_request_info,Sektör,23,b) Ticari ve Diğer Kuruluşlar,italic,4,2,6,15,272,299
2024-01,9,Mevduat Turler Itibariyla,10001,24,"Mevduat Türler İtibarıyla (milyon TL), Dönem:2024/1",milyon TL,raw/2024-01_table09_group10001.json,6ad57a1d90cb4aa138c022573cd11fd2b6be2dd34677fb36be2d7f5629111538,raw/2024-01_table09_group10001_info.json,c255b5755404afc294bc2c0023ae7a25ee24b05b1c8b71617333b3e53a05fe07,caption_and_validated_request_info,Sektör,24,Toplam Mevduat - Yurt Dışı Yerleşik,bold,4059,13520,47131,130913,895666,1091289
2024-01,9,Mevduat Turler Itibariyla,10001,25,"Mevduat Türler İtibarıyla (milyon TL), Dönem:2024/1",milyon TL,raw/2024-01_table09_group10001.json,6ad57a1d90cb4aa138c022573cd11fd2b6be2dd34677fb36be2d7f5629111538,raw/2024-01_table09_group10001_info.json,c255b5755404afc294bc2c0023ae7a25ee24b05b1c8b71617333b3e53a05fe07,caption_and_validated_request_info,Sektör,25,Mudi Sayısı - Yurt Dışı Yerleşik*,bold,2101633,482312,372358,240566,149461,2557401
2024-01,9,Mevduat Turler Itibariyla,10001,26,"Mevduat Türler İtibarıyla (milyon TL), Dönem:2024/1",milyon TL,raw/2024-01_table09_group10001.json,6ad57a1d90cb4aa138c022573cd11fd2b6be2dd34677fb36be2d7f5629111538,raw/2024-01_table09_group10001_info.json,c255b5755404afc294bc2c0023ae7a25ee24b05b1c8b71617333b3e53a05fe07,caption_and_validated_request_info,Sektör,26,Toplam Mevduat,bold,129995,373192,1097818,2008479,11337137,14946620
2024-02,9,Mevduat Turler Itibariyla,10001,1,"Mevduat Türler İtibarıyla (milyon TL), Dönem:2024/2",milyon TL,raw/2024-02_table09_group10001.json,102901d25346699869e83e3f351500851bf958cbdfdfd1ec589e8b4a873083ea,raw/2024-02_table09_group10001_info.json,da788fd2538339832bfcb94376b24b60b3a2fac3bec7bedb8e2bdca2690570a8,caption_and_validated_request_info,Sektör,1,TP Mevduat / Katılım Fonları - Yurt İçi Yerleşik,bold,110191,268613,554583,1013152,6592480,8539019
2024-02,9,Mevduat Turler Itibariyla,10001,2,"Mevduat Türler İtibarıyla (milyon TL), Dönem:2024/2",milyon TL,raw/2024-02_table09_group10001.json,102901d25346699869e83e3f351500851bf958cbdfdfd1ec589e8b4a873083ea,raw/2024-02_table09_group10001_info.json,da788fd2538339832bfcb94376b24b60b3a2fac3bec7bedb8e2bdca2690570a8,caption_and_validated_request_info,Sektör,2,a) Gerçek Kişiler,italic,101635,243053,481017,877526,3253400,4956632
2024-02,9,Mevduat Turler Itibariyla,10001,3,"Mevduat Türler İtibarıyla (milyon TL), Dönem:2024/2",milyon TL,raw/2024-02_table09_group10001.json,102901d25346699869e83e3f351500851bf958cbdfdfd1ec589e8b4a873083ea,raw/2024-02_table09_group10001_info.json,da788fd2538339832bfcb94376b24b60b3a2fac3bec7bedb8e2bdca2690570a8,caption_and_validated_request_info,Sektör,3,b) Resmi Kuruluşlar,italic,128,451,1509,3438,523624,529150
2024-02,9,Mevduat Turler Itibariyla,10001,4,"Mevduat Türler İtibarıyla (milyon TL), Dönem:2024/2",milyon TL,raw/2024-02_table09_group10001.json,102901d25346699869e83e3f351500851bf958cbdfdfd1ec589e8b4a873083ea,raw/2024-02_table09_group10001_info.json,da788fd2538339832bfcb94376b24b60b3a2fac3bec7bedb8e2bdca2690570a8,caption_and_validated_request_info,Sektör,4,c) Ticari ve Diğer Kuruluşlar,italic,8427,25109,72057,132188,2815455,3053237
2024-02,9,Mevduat Turler Itibariyla,10001,5,"Mevduat Türler İtibarıyla (milyon TL), Dönem:2024/2",milyon TL,raw/2024-02_table09_group10001.json,102901d25346699869e83e3f351500851bf958cbdfdfd1ec589e8b4a873083ea,raw/2024-02_table09_group10001_info.json,da788fd2538339832bfcb94376b24b60b3a2fac3bec7bedb8e2bdca2690570a8,caption_and_validated_request_info,Sektör,5,Döviz Tevdiat Hesabı / Katılım Fonları - Yurt İçi Yerleşik,bold,9220,63480,302738,590066,3571488,4536992
2024-02,9,Mevduat Turler Itibariyla,10001,6,"Mevduat Türler İtibarıyla (milyon TL), Dönem:2024/2",milyon TL,raw/2024-02_table09_group10001.json,102901d25346699869e83e3f351500851bf958cbdfdfd1ec589e8b4a873083ea,raw/2024-02_table09_group10001_info.json,da788fd2538339832bfcb94376b24b60b3a2fac3bec7bedb8e2bdca2690570a8,caption_and_validated_request_info,Sektör,6,a) Gerçek Kişiler,italic,8632,60653,288209,541203,1447893,2346590
2024-02,9,Mevduat Turler Itibariyla,10001,7,"Mevduat Türler İtibarıyla (milyon TL), Dönem:2024/2",milyon TL,raw/2024-02_table09_group10001.json,102901d25346699869e83e3f351500851bf958cbdfdfd1ec589e8b4a873083ea,raw/2024-02_table09_group10001_info.json,da788fd2538339832bfcb94376b24b60b3a2fac3bec7bedb8e2bdca2690570a8,caption_and_validated_request_info,Sektör,7,b) Resmi Kuruluşlar,italic,2,196,109,300,70522,71129
2024-02,9,Mevduat Turler Itibariyla,10001,8,"Mevduat Türler İtibarıyla (milyon TL), Dönem:2024/2",milyon TL,raw/2024-02_table09_group10001.json,102901d25346699869e83e3f351500851bf958cbdfdfd1ec589e8b4a873083ea,raw/2024-02_table09_group10001_info.json,da788fd2538339832bfcb94376b24b60b3a2fac3bec7bedb8e2bdca2690570a8,caption_and_validated_request_info,Sektör,8,c) Ticari ve Diğer Kuruluşlar,italic,585,2631,14420,48564,2053073,2119273
2024-02,9,Mevduat Turler Itibariyla,10001,9,"Mevduat Türler İtibarıyla (milyon TL), Dönem:2024/2",milyon TL,raw/2024-02_table09_group10001.json,102901d25346699869e83e3f351500851bf958cbdfdfd1ec589e8b4a873083ea,raw/2024-02_table09_group10001_info.json,da788fd2538339832bfcb94376b24b60b3a2fac3bec7bedb8e2bdca2690570a8,caption_and_validated_request_info,Sektör,9,Kıymetli Maden Depo Hesapları - Yurt İçi Yerleşik,bold,7344,41176,218521,323578,353787,944406
2024-02,9,Mevduat Turler Itibariyla,10001,10,"Mevduat Türler İtibarıyla (milyon TL), Dönem:2024/2",milyon TL,raw/2024-02_table09_group10001.json,102901d25346699869e83e3f351500851bf958cbdfdfd1ec589e8b4a873083ea,raw/2024-02_table09_group10001_info.json,da788fd2538339832bfcb94376b24b60b3a2fac3bec7bedb8e2bdca2690570a8,caption_and_validated_request_info,Sektör,10,a) Gerçek Kişiler,italic,5728,40650,215964,317634,301002,880977
2024-02,9,Mevduat Turler Itibariyla,10001,11,"Mevduat Türler İtibarıyla (milyon TL), Dönem:2024/2",milyon TL,raw/2024-02_table09_group10001.json,102901d25346699869e83e3f351500851bf958cbdfdfd1ec589e8b4a873083ea,raw/2024-02_table09_group10001_info.json,da788fd2538339832bfcb94376b24b60b3a2fac3bec7bedb8e2bdca2690570a8,caption_and_validated_request_info,Sektör,11,b) Resmi Kuruluşlar,italic,0,1,6,6,91,104
2024-02,9,Mevduat Turler Itibariyla,10001,12,"Mevduat Türler İtibarıyla (milyon TL), Dönem:2024/2",milyon TL,raw/2024-02_table09_group10001.json,102901d25346699869e83e3f351500851bf958cbdfdfd1ec589e8b4a873083ea,raw/2024-02_table09_group10001_info.json,da788fd2538339832bfcb94376b24b60b3a2fac3bec7bedb8e2bdca2690570a8,caption_and_validated_request_info,Sektör,12,c) Ticari ve Diğer Kuruluşlar,italic,1616,525,2551,5938,52694,63325
2024-02,9,Mevduat Turler Itibariyla,10001,13,"Mevduat Türler İtibarıyla (milyon TL), Dönem:2024/2",milyon TL,raw/2024-02_table09_group10001.json,102901d25346699869e83e3f351500851bf958cbdfdfd1ec589e8b4a873083ea,raw/2024-02_table09_group10001_info.json,da788fd2538339832bfcb94376b24b60b3a2fac3bec7bedb8e2bdca2690570a8,caption_and_validated_request_info,Sektör,13,Toplam Mevduat - Yurt İçi Yerleşik,bold,126755,373269,1075842,1926797,10517754,14020417
2024-02,9,Mevduat Turler Itibariyla,10001,14,"Mevduat Türler İtibarıyla (milyon TL), Dönem:2024/2",milyon TL,raw/2024-02_table09_group10001.json,102901d25346699869e83e3f351500851bf958cbdfdfd1ec589e8b4a873083ea,raw/2024-02_table09_group10001_info.json,da788fd2538339832bfcb94376b24b60b3a2fac3bec7bedb8e2bdca2690570a8,caption_and_validated_request_info,Sektör,14,Mudi Sayısı - Yurt İçi Yerleşik*,bold,155155053,14560073,8716346,3811196,1364119,168094447
2024-02,9,Mevduat Turler Itibariyla,10001,15,"Mevduat Türler İtibarıyla (milyon TL), Dönem:2024/2",milyon TL,raw/2024-02_table09_group10001.json,102901d25346699869e83e3f351500851bf958cbdfdfd1ec589e8b4a873083ea,raw/2024-02_table09_group10001_info.json,da788fd2538339832bfcb94376b24b60b3a2fac3bec7bedb8e2bdca2690570a8,caption_and_validated_request_info,Sektör,15,TP Mevduat / Katılım Fonları - Yurt Dışı Yerleşik,bold,2266,8294,19210,35702,275145,340617
2024-02,9,Mevduat Turler Itibariyla,10001,16,"Mevduat Türler İtibarıyla (milyon TL), Dönem:2024/2",milyon TL,raw/2024-02_table09_group10001.json,102901d25346699869e83e3f351500851bf958cbdfdfd1ec589e8b4a873083ea,raw/2024-02_table09_group10001_info.json,da788fd2538339832bfcb94376b24b60b3a2fac3bec7bedb8e2bdca2690570a8,caption_and_validated_request_info,Sektör,16,a) Gerçek Kişiler,italic,2229,8157,18804,34999,239892,304081
2024-02,9,Mevduat Turler Itibariyla,10001,17,"Mevduat Türler İtibarıyla (milyon TL), Dönem:2024/2",milyon TL,raw/2024-02_table09_group10001.json,102901d25346699869e83e3f351500851bf958cbdfdfd1ec589e8b4a873083ea,raw/2024-02_table09_group10001_info.json,da788fd2538339832bfcb94376b24b60b3a2fac3bec7bedb8e2bdca2690570a8,caption_and_validated_request_info,Sektör,17,b) Ticari ve Diğer Kuruluşlar,italic,37,136,406,704,35253,36536
2024-02,9,Mevduat Turler Itibariyla,10001,18,"Mevduat Türler İtibarıyla (milyon TL), Dönem:2024/2",milyon TL,raw/2024-02_table09_group10001.json,102901d25346699869e83e3f351500851bf958cbdfdfd1ec589e8b4a873083ea,raw/2024-02_table09_group10001_info.json,da788fd2538339832bfcb94376b24b60b3a2fac3bec7bedb8e2bdca2690570a8,caption_and_validated_request_info,Sektör,18,Döviz Tevdiat Hesabı / Katılım Fonları - Yurt Dışı Yerleşik,bold,1681,4787,27133,88976,630372,752949
2024-02,9,Mevduat Turler Itibariyla,10001,19,"Mevduat Türler İtibarıyla (milyon TL), Dönem:2024/2",milyon TL,raw/2024-02_table09_group10001.json,102901d25346699869e83e3f351500851bf958cbdfdfd1ec589e8b4a873083ea,raw/2024-02_table09_group10001_info.json,da788fd2538339832bfcb94376b24b60b3a2fac3bec7bedb8e2bdca2690570a8,caption_and_validated_request_info,Sektör,19,a) Gerçek Kişiler,italic,1660,4664,26533,87008,451387,571252
2024-02,9,Mevduat Turler Itibariyla,10001,20,"Mevduat Türler İtibarıyla (milyon TL), Dönem:2024/2",milyon TL,raw/2024-02_table09_group10001.json,102901d25346699869e83e3f351500851bf958cbdfdfd1ec589e8b4a873083ea,raw/2024-02_table09_group10001_info.json,da788fd2538339832bfcb94376b24b60b3a2fac3bec7bedb8e2bdca2690570a8,caption_and_validated_request_info,Sektör,20,b) Ticari ve Diğer Kuruluşlar,italic,21,123,601,1968,178985,181697
2024-02,9,Mevduat Turler Itibariyla,10001,21,"Mevduat Türler İtibarıyla (milyon TL), Dönem:2024/2",milyon TL,raw/2024-02_table09_group10001.json,102901d25346699869e83e3f351500851bf958cbdfdfd1ec589e8b4a873083ea,raw/2024-02_table09_group10001_info.json,da788fd2538339832bfcb94376b24b60b3a2fac3bec7bedb8e2bdca2690570a8,caption_and_validated_request_info,Sektör,21,Kıymetli Maden Depo Hesapları - Yurt Dışı Yerleşik,bold,95,429,2573,6289,15499,24885
2024-02,9,Mevduat Turler Itibariyla,10001,22,"Mevduat Türler İtibarıyla (milyon TL), Dönem:2024/2",milyon TL,raw/2024-02_table09_group10001.json,102901d25346699869e83e3f351500851bf958cbdfdfd1ec589e8b4a873083ea,raw/2024-02_table09_group10001_info.json,da788fd2538339832bfcb94376b24b60b3a2fac3bec7bedb8e2bdca2690570a8,caption_and_validated_request_info,Sektör,22,a) Gerçek Kişiler,italic,92,427,2566,6272,15223,24579
2024-02,9,Mevduat Turler Itibariyla,10001,23,"Mevduat Türler İtibarıyla (milyon TL), Dönem:2024/2",milyon TL,raw/2024-02_table09_group10001.json,102901d25346699869e83e3f351500851bf958cbdfdfd1ec589e8b4a873083ea,raw/2024-02_table09_group10001_info.json,da788fd2538339832bfcb94376b24b60b3a2fac3bec7bedb8e2bdca2690570a8,caption_and_validated_request_info,Sektör,23,b) Ticari ve Diğer Kuruluşlar,italic,4,3,7,17,276,306
2024-02,9,Mevduat Turler Itibariyla,10001,24,"Mevduat Türler İtibarıyla (milyon TL), Dönem:2024/2",milyon TL,raw/2024-02_table09_group10001.json,102901d25346699869e83e3f351500851bf958cbdfdfd1ec589e8b4a873083ea,raw/2024-02_table09_group10001_info.json,da788fd2538339832bfcb94376b24b60b3a2fac3bec7bedb8e2bdca2690570a8,caption_and_validated_request_info,Sektör,24,Toplam Mevduat - Yurt Dışı Yerleşik,bold,4042,13510,48916,130968,921016,1118451
2024-02,9,Mevduat Turler Itibariyla,10001,25,"Mevduat Türler İtibarıyla (milyon TL), Dönem:2024/2",milyon TL,raw/2024-02_table09_group10001.json,102901d25346699869e83e3f351500851bf958cbdfdfd1ec589e8b4a873083ea,raw/2024-02_table09_group10001_info.json,da788fd2538339832bfcb94376b24b60b3a2fac3bec7bedb8e2bdca2690570a8,caption_and_validated_request_info,Sektör,25,Mudi Sayısı - Yurt Dışı Yerleşik*,bold,2103103,484073,391278,241769,154604,2573707
2024-02,9,Mevduat Turler Itibariyla,10001,26,"Mevduat Türler İtibarıyla (milyon TL), Dönem:2024/2",milyon TL,raw/2024-02_table09_group10001.json,102901d25346699869e83e3f351500851bf958cbdfdfd1ec589e8b4a873083ea,raw/2024-02_table09_group10001_info.json,da788fd2538339832bfcb94376b24b60b3a2fac3bec7bedb8e2bdca2690570a8,caption_and_validated_request_info,Sektör,26,Toplam Mevduat,bold,130796,386779,1124758,2057765,11438770,15138868
2024-03,9,Mevduat Turler Itibariyla,10001,1,"Mevduat Türler İtibarıyla (milyon TL), Dönem:2024/3",milyon TL,raw/2024-03_table09_group10001.json,2d41877b323f0c52a39c8a757cb6df7e4e2ce8a58c58c1c3d35acf8c4139d291,raw/2024-03_table09_group10001_info.json,00eeecce58061f7020e1fb1cc345d00e0bef2be95b3e9f8ef048122da960c518,caption_and_validated_request_info,Sektör,1,TP Mevduat / Katılım Fonları - Yurt İçi Yerleşik,bold,115161,268683,540660,980774,6454252,8359531
2024-03,9,Mevduat Turler Itibariyla,10001,2,"Mevduat Türler İtibarıyla (milyon TL), Dönem:2024/3",milyon TL,raw/2024-03_table09_group10001.json,2d41877b323f0c52a39c8a757cb6df7e4e2ce8a58c58c1c3d35acf8c4139d291,raw/2024-03_table09_group10001_info.json,00eeecce58061f7020e1fb1cc345d00e0bef2be95b3e9f8ef048122da960c518,caption_and_validated_request_info,Sektör,2,a) Gerçek Kişiler,italic,106493,241203,459268,834714,3164223,4805900
2024-03,9,Mevduat Turler Itibariyla,10001,3,"Mevduat Türler İtibarıyla (milyon TL), Dönem:2024/3",milyon TL,raw/2024-03_table09_group10001.json,2d41877b323f0c52a39c8a757cb6df7e4e2ce8a58c58c1c3d35acf8c4139d291,raw/2024-03_table09_group10001_info.json,00eeecce58061f7020e1fb1cc345d00e0bef2be95b3e9f8ef048122da960c518,caption_and_validated_request_info,Sektör,3,b) Resmi Kuruluşlar,italic,129,465,1581,3570,378737,384481
2024-03,9,Mevduat Turler Itibariyla,10001,4,"Mevduat Türler İtibarıyla (milyon TL), Dönem:2024/3",milyon TL,raw/2024-03_table09_group10001.json,2d41877b323f0c52a39c8a757cb6df7e4e2ce8a58c58c1c3d35acf8c4139d291,raw/2024-03_table09_group10001_info.json,00eeecce58061f7020e1fb1cc345d00e0bef2be95b3e9f8ef048122da960c518,caption_and_validated_request_info,Sektör,4,c) Ticari ve Diğer Kuruluşlar,italic,8539,27016,79812,142490,2911293,3169149
2024-03,9,Mevduat Turler Itibariyla,10001,5,"Mevduat Türler İtibarıyla (milyon TL), Dönem:2024/3",milyon TL,raw/2024-03_table09_group10001.json,2d41877b323f0c52a39c8a757cb6df7e4e2ce8a58c58c1c3d35acf8c4139d291,raw/2024-03_table09_group10001_info.json,00eeecce58061f7020e1fb1cc345d00e0bef2be95b3e9f8ef048122da960c518,caption_and_validated_request_info,Sektör,5,Döviz Tevdiat Hesabı / Katılım Fonları - Yurt İçi Yerleşik,bold,9430,64976,315264,636437,3807420,4833528
2024-03,9,Mevduat Turler Itibariyla,10001,6,"Mevduat Türler İtibarıyla (milyon TL), Dönem:2024/3",milyon TL,raw/2024-03_table09_group10001.json,2d41877b323f0c52a39c8a757cb6df7e4e2ce8a58c58c1c3d35acf8c4139d291,raw/2024-03_table09_group10001_info.json,00eeecce58061f7020e1fb1cc345d00e0bef2be95b3e9f8ef048122da960c518,caption_and_validated_request_info,Sektör,6,a) Gerçek Kişiler,italic,8835,62263,300332,584938,1611427,2567795
2024-03,9,Mevduat Turler Itibariyla,10001,7,"Mevduat Türler İtibarıyla (milyon TL), Dönem:2024/3",milyon TL,raw/2024-03_table09_group10001.json,2d41877b323f0c52a39c8a757cb6df7e4e2ce8a58c58c1c3d35acf8c4139d291,raw/2024-03_table09_group10001_info.json,00eeecce58061f7020e1fb1cc345d00e0bef2be95b3e9f8ef048122da960c518,caption_and_validated_request_info,Sektör,7,b) Resmi Kuruluşlar,italic,3,34,111,315,64240,64702
2024-03,9,Mevduat Turler Itibariyla,10001,8,"Mevduat Türler İtibarıyla (milyon TL), Dönem:2024/3",milyon TL,raw/2024-03_table09_group10001.json,2d41877b323f0c52a39c8a757cb6df7e4e2ce8a58c58c1c3d35acf8c4139d291,raw/2024-03_table09_group10001_info.json,00eeecce58061f7020e1fb1cc345d00e0bef2be95b3e9f8ef048122da960c518,caption_and_validated_request_info,Sektör,8,c) Ticari ve Diğer Kuruluşlar,italic,592,2680,14821,51184,2131753,2201031
2024-03,9,Mevduat Turler Itibariyla,10001,9,"Mevduat Türler İtibarıyla (milyon TL), Dönem:2024/3",milyon TL,raw/2024-03_table09_group10001.json,2d41877b323f0c52a39c8a757cb6df7e4e2ce8a58c58c1c3d35acf8c4139d291,raw/2024-03_table09_group10001_info.json,00eeecce58061f7020e1fb1cc345d00e0bef2be95b3e9f8ef048122da960c518,caption_and_validated_request_info,Sektör,9,Kıymetli Maden Depo Hesapları - Yurt İçi Yerleşik,bold,7940,41694,231143,378718,437116,1096611
2024-03,9,Mevduat Turler Itibariyla,10001,10,"Mevduat Türler İtibarıyla (milyon TL), Dönem:2024/3",milyon TL,raw/2024-03_table09_group10001.json,2d41877b323f0c52a39c8a757cb6df7e4e2ce8a58c58c1c3d35acf8c4139d291,raw/2024-03_table09_group10001_info.json,00eeecce58061f7020e1fb1cc345d00e0bef2be95b3e9f8ef048122da960c518,caption_and_validated_request_info,Sektör,10,a) Gerçek Kişiler,italic,6060,41132,228407,371940,376093,1023632
2024-03,9,Mevduat Turler Itibariyla,10001,11,"Mevduat Türler İtibarıyla (milyon TL), Dönem:2024/3",milyon TL,raw/2024-03_table09_group10001.json,2d41877b323f0c52a39c8a757cb6df7e4e2ce8a58c58c1c3d35acf8c4139d291,raw/2024-03_table09_group10001_info.json,00eeecce58061f7020e1fb1cc345d00e0bef2be95b3e9f8ef048122da960c518,caption_and_validated_request_info,Sektör,11,b) Resmi Kuruluşlar,italic,0,1,6,8,103,118
2024-03,9,Mevduat Turler Itibariyla,10001,12,"Mevduat Türler İtibarıyla (milyon TL), Dönem:2024/3",milyon TL,raw/2024-03_table09_group10001.json,2d41877b323f0c52a39c8a757cb6df7e4e2ce8a58c58c1c3d35acf8c4139d291,raw/2024-03_table09_group10001_info.json,00eeecce58061f7020e1fb1cc345d00e0bef2be95b3e9f8ef048122da960c518,caption_and_validated_request_info,Sektör,12,c) Ticari ve Diğer Kuruluşlar,italic,1880,561,2730,6770,60921,72861
2024-03,9,Mevduat Turler Itibariyla,10001,13,"Mevduat Türler İtibarıyla (milyon TL), Dönem:2024/3",milyon TL,raw/2024-03_table09_group10001.json,2d41877b323f0c52a39c8a757cb6df7e4e2ce8a58c58c1c3d35acf8c4139d291,raw/2024-03_table09_group10001_info.json,00eeecce58061f7020e1fb1cc345d00e0bef2be95b3e9f8ef048122da960c518,caption_and_validated_request_info,Sektör,13,Toplam Mevduat - Yurt İçi Yerleşik,bold,132531,375354,1087068,1995928,10698789,14289669
2024-03,9,Mevduat Turler Itibariyla,10001,14,"Mevduat Türler İtibarıyla (milyon TL), Dönem:2024/3",milyon TL,raw/2024-03_table09_group10001.json,2d41877b323f0c52a39c8a757cb6df7e4e2ce8a58c58c1c3d35acf8c4139d291,raw/2024-03_table09_group10001_info.json,00eeecce58061f7020e1fb1cc345d00e0bef2be95b3e9f8ef048122da960c518,caption_and_validated_request_info,Sektör,14,Mudi Sayısı - Yurt İçi Yerleşik*,bold,156471704,14628493,8770604,3928398,1410945,169519774
2024-03,9,Mevduat Turler Itibariyla,10001,15,"Mevduat Türler İtibarıyla (milyon TL), Dönem:2024/3",milyon TL,raw/2024-03_table09_group10001.json,2d41877b323f0c52a39c8a757cb6df7e4e2ce8a58c58c1c3d35acf8c4139d291,raw/2024-03_table09_group10001_info.json,00eeecce58061f7020e1fb1cc345d00e0bef2be95b3e9f8ef048122da960c518,caption_and_validated_request_info,Sektör,15,TP Mevduat / Katılım Fonları - Yurt Dışı Yerleşik,bold,2295,7989,19870,35599,289380,355133
2024-03,9,Mevduat Turler Itibariyla,10001,16,"Mevduat Türler İtibarıyla (milyon TL), Dönem:2024/3",milyon TL,raw/2024-03_table09_group10001.json,2d41877b323f0c52a39c8a757cb6df7e4e2ce8a58c58c1c3d35acf8c4139d291,raw/2024-03_table09_group10001_info.json,00eeecce58061f7020e1fb1cc345d00e0bef2be95b3e9f8ef048122da960c518,caption_and_validated_request_info,Sektör,16,a) Gerçek Kişiler,italic,2259,7849,19439,34858,248811,313215
2024-03,9,Mevduat Turler Itibariyla,10001,17,"Mevduat Türler İtibarıyla (milyon TL), Dönem:2024/3",milyon TL,raw/2024-03_table09_group10001.json,2d41877b323f0c52a39c8a757cb6df7e4e2ce8a58c58c1c3d35acf8c4139d291,raw/2024-03_table09_group10001_info.json,00eeecce58061f7020e1fb1cc345d00e0bef2be95b3e9f8ef048122da960c518,caption_and_validated_request_info,Sektör,17,b) Ticari ve Diğer Kuruluşlar,italic,36,141,431,741,40569,41918
2024-03,9,Mevduat Turler Itibariyla,10001,18,"Mevduat Türler İtibarıyla (milyon TL), Dönem:2024/3",milyon TL,raw/2024-03_table09_group10001.json,2d41877b323f0c52a39c8a757cb6df7e4e2ce8a58c58c1c3d35acf8c4139d291,raw/2024-03_table09_group10001_info.json,00eeecce58061f7020e1fb1cc345d00e0bef2be95b3e9f8ef048122da960c518,caption_and_validated_request_info,Sektör,18,Döviz Tevdiat Hesabı / Katılım Fonları - Yurt Dışı Yerleşik,bold,1748,4840,27559,90522,673605,798274
2024-03,9,Mevduat Turler Itibariyla,10001,19,"Mevduat Türler İtibarıyla (milyon TL), Dönem:2024/3",milyon TL,raw/2024-03_table09_group10001.json,2d41877b323f0c52a39c8a757cb6df7e4e2ce8a58c58c1c3d35acf8c4139d291,raw/2024-03_table09_group10001_info.json,00eeecce58061f7020e1fb1cc345d00e0bef2be95b3e9f8ef048122da960c518,caption_and_validated_request_info,Sektör,19,a) Gerçek Kişiler,italic,1727,4714,26965,88533,468705,590646
2024-03,9,Mevduat Turler Itibariyla,10001,20,"Mevduat Türler İtibarıyla (milyon TL), Dönem:2024/3",milyon TL,raw/2024-03_table09_group10001.json,2d41877b323f0c52a39c8a757cb6df7e4e2ce8a58c58c1c3d35acf8c4139d291,raw/2024-03_table09_group10001_info.json,00eeecce58061f7020e1fb1cc345d00e0bef2be95b3e9f8ef048122da960c518,caption_and_validated_request_info,Sektör,20,b) Ticari ve Diğer Kuruluşlar,italic,21,125,594,1989,204899,207628
2024-03,9,Mevduat Turler Itibariyla,10001,21,"Mevduat Türler İtibarıyla (milyon TL), Dönem:2024/3",milyon TL,raw/2024-03_table09_group10001.json,2d41877b323f0c52a39c8a757cb6df7e4e2ce8a58c58c1c3d35acf8c4139d291,raw/2024-03_table09_group10001_info.json,00eeecce58061f7020e1fb1cc345d00e0bef2be95b3e9f8ef048122da960c518,caption_and_validated_request_info,Sektör,21,Kıymetli Maden Depo Hesapları - Yurt Dışı Yerleşik,bold,102,432,2679,6888,17641,27742
2024-03,9,Mevduat Turler Itibariyla,10001,22,"Mevduat Türler İtibarıyla (milyon TL), Dönem:2024/3",milyon TL,raw/2024-03_table09_group10001.json,2d41877b323f0c52a39c8a757cb6df7e4e2ce8a58c58c1c3d35acf8c4139d291,raw/2024-03_table09_group10001_info.json,00eeecce58061f7020e1fb1cc345d00e0bef2be95b3e9f8ef048122da960c518,caption_and_validated_request_info,Sektör,22,a) Gerçek Kişiler,italic,98,429,2672,6868,17406,27472
2024-03,9,Mevduat Turler Itibariyla,10001,23,"Mevduat Türler İtibarıyla (milyon TL), Dönem:2024/3",milyon TL,raw/2024-03_table09_group10001.json,2d41877b323f0c52a39c8a757cb6df7e4e2ce8a58c58c1c3d35acf8c4139d291,raw/2024-03_table09_group10001_info.json,00eeecce58061f7020e1fb1cc345d00e0bef2be95b3e9f8ef048122da960c518,caption_and_validated_request_info,Sektör,23,b) Ticari ve Diğer Kuruluşlar,italic,4,3,7,20,236,269
2024-03,9,Mevduat Turler Itibariyla,10001,24,"Mevduat Türler İtibarıyla (milyon TL), Dönem:2024/3",milyon TL,raw/2024-03_table09_group10001.json,2d41877b323f0c52a39c8a757cb6df7e4e2ce8a58c58c1c3d35acf8c4139d291,raw/2024-03_table09_group10001_info.json,00eeecce58061f7020e1fb1cc345d00e0bef2be95b3e9f8ef048122da960c518,caption_and_validated_request_info,Sektör,24,Toplam Mevduat - Yurt Dışı Yerleşik,bold,4146,13261,50108,133009,980626,1181149
2024-03,9,Mevduat Turler Itibariyla,10001,25,"Mevduat Türler İtibarıyla (milyon TL), Dönem:2024/3",milyon TL,raw/2024-03_table09_group10001.json,2d41877b323f0c52a39c8a757cb6df7e4e2ce8a58c58c1c3d35acf8c4139d291,raw/2024-03_table09_group10001_info.json,00eeecce58061f7020e1fb1cc345d00e0bef2be95b3e9f8ef048122da960c518,caption_and_validated_request_info,Sektör,25,Mudi Sayısı - Yurt Dışı Yerleşik*,bold,2125229,475969,399482,244367,158633,2594316
2024-03,9,Mevduat Turler Itibariyla,10001,26,"Mevduat Türler İtibarıyla (milyon TL), Dönem:2024/3",milyon TL,raw/2024-03_table09_group10001.json,2d41877b323f0c52a39c8a757cb6df7e4e2ce8a58c58c1c3d35acf8c4139d291,raw/2024-03_table09_group10001_info.json,00eeecce58061f7020e1fb1cc345d00e0bef2be95b3e9f8ef048122da960c518,caption_and_validated_request_info,Sektör,26,Toplam Mevduat,bold,136677,388614,1137176,2128937,11679415,15470818
2024-04,9,Mevduat Turler Itibariyla,10001,1,"Mevduat Türler İtibarıyla (milyon TL), Dönem:2024/4",milyon TL,raw/2024-04_table09_group10001.json,9cd0d07e168e3230c4f6c23698251950ea29b4e7849a6084170254b24f46aa3d,raw/2024-04_table09_group10001_info.json,412ad9c581614c24c6d55e57449b19c5e6249e9785352b4a8b19c591bdb0b38d,caption_and_validated_request_info,Sektör,1,TP Mevduat / Katılım Fonları - Yurt İçi Yerleşik,bold,111025,278044,548620,999672,6850108,8787470
2024-04,9,Mevduat Turler Itibariyla,10001,2,"Mevduat Türler İtibarıyla (milyon TL), Dönem:2024/4",milyon TL,raw/2024-04_table09_group10001.json,9cd0d07e168e3230c4f6c23698251950ea29b4e7849a6084170254b24f46aa3d,raw/2024-04_table09_group10001_info.json,412ad9c581614c24c6d55e57449b19c5e6249e9785352b4a8b19c591bdb0b38d,caption_and_validated_request_info,Sektör,2,a) Gerçek Kişiler,italic,102385,252314,475714,869786,3365961,5066160
2024-04,9,Mevduat Turler Itibariyla,10001,3,"Mevduat Türler İtibarıyla (milyon TL), Dönem:2024/4",milyon TL,raw/2024-04_table09_group10001.json,9cd0d07e168e3230c4f6c23698251950ea29b4e7849a6084170254b24f46aa3d,raw/2024-04_table09_group10001_info.json,412ad9c581614c24c6d55e57449b19c5e6249e9785352b4a8b19c591bdb0b38d,caption_and_validated_request_info,Sektör,3,b) Resmi Kuruluşlar,italic,128,452,1528,3564,479224,484895
2024-04,9,Mevduat Turler Itibariyla,10001,4,"Mevduat Türler İtibarıyla (milyon TL), Dönem:2024/4",milyon TL,raw/2024-04_table09_group10001.json,9cd0d07e168e3230c4f6c23698251950ea29b4e7849a6084170254b24f46aa3d,raw/2024-04_table09_group10001_info.json,412ad9c581614c24c6d55e57449b19c5e6249e9785352b4a8b19c591bdb0b38d,caption_and_validated_request_info,Sektör,4,c) Ticari ve Diğer Kuruluşlar,italic,8512,25278,71378,126323,3004923,3236415
2024-04,9,Mevduat Turler Itibariyla,10001,5,"Mevduat Türler İtibarıyla (milyon TL), Dönem:2024/4",milyon TL,raw/2024-04_table09_group10001.json,9cd0d07e168e3230c4f6c23698251950ea29b4e7849a6084170254b24f46aa3d,raw/2024-04_table09_group10001_info.json,412ad9c581614c24c6d55e57449b19c5e6249e9785352b4a8b19c591bdb0b38d,caption_and_validated_request_info,Sektör,5,Döviz Tevdiat Hesabı / Katılım Fonları - Yurt İçi Yerleşik,bold,9381,64002,310183,617444,3551533,4552543
2024-04,9,Mevduat Turler Itibariyla,10001,6,"Mevduat Türler İtibarıyla (milyon TL), Dönem:2024/4",milyon TL,raw/2024-04_table09_group10001.json,9cd0d07e168e3230c4f6c23698251950ea29b4e7849a6084170254b24f46aa3d,raw/2024-04_table09_group10001_info.json,412ad9c581614c24c6d55e57449b19c5e6249e9785352b4a8b19c591bdb0b38d,caption_and_validated_request_info,Sektör,6,a) Gerçek Kişiler,italic,8778,61289,295514,567844,1503627,2437052
2024-04,9,Mevduat Turler Itibariyla,10001,7,"Mevduat Türler İtibarıyla (milyon TL), Dönem:2024/4",milyon TL,raw/2024-04_table09_group10001.json,9cd0d07e168e3230c4f6c23698251950ea29b4e7849a6084170254b24f46aa3d,raw/2024-04_table09_group10001_info.json,412ad9c581614c24c6d55e57449b19c5e6249e9785352b4a8b19c591bdb0b38d,caption_and_validated_request_info,Sektör,7,b) Resmi Kuruluşlar,italic,3,31,112,302,75230,75676
2024-04,9,Mevduat Turler Itibariyla,10001,8,"Mevduat Türler İtibarıyla (milyon TL), Dönem:2024/4",milyon TL,raw/2024-04_table09_group10001.json,9cd0d07e168e3230c4f6c23698251950ea29b4e7849a6084170254b24f46aa3d,raw/2024-04_table09_group10001_info.json,412ad9c581614c24c6d55e57449b19c5e6249e9785352b4a8b19c591bdb0b38d,caption_and_validated_request_info,Sektör,8,c) Ticari ve Diğer Kuruluşlar,italic,601,2683,14557,49297,1972677,2039815
2024-04,9,Mevduat Turler Itibariyla,10001,9,"Mevduat Türler İtibarıyla (milyon TL), Dönem:2024/4",milyon TL,raw/2024-04_table09_group10001.json,9cd0d07e168e3230c4f6c23698251950ea29b4e7849a6084170254b24f46aa3d,raw/2024-04_table09_group10001_info.json,412ad9c581614c24c6d55e57449b19c5e6249e9785352b4a8b19c591bdb0b38d,caption_and_validated_request_info,Sektör,9,Kıymetli Maden Depo Hesapları - Yurt İçi Yerleşik,bold,8076,41706,232487,387741,447808,1117817
2024-04,9,Mevduat Turler Itibariyla,10001,10,"Mevduat Türler İtibarıyla (milyon TL), Dönem:2024/4",milyon TL,raw/2024-04_table09_group10001.json,9cd0d07e168e3230c4f6c23698251950ea29b4e7849a6084170254b24f46aa3d,raw/2024-04_table09_group10001_info.json,412ad9c581614c24c6d55e57449b19c5e6249e9785352b4a8b19c591bdb0b38d,caption_and_validated_request_info,Sektör,10,a) Gerçek Kişiler,italic,6142,41134,229769,381019,386271,1044335
2024-04,9,Mevduat Turler Itibariyla,10001,11,"Mevduat Türler İtibarıyla (milyon TL), Dönem:2024/4",milyon TL,raw/2024-04_table09_group10001.json,9cd0d07e168e3230c4f6c23698251950ea29b4e7849a6084170254b24f46aa3d,raw/2024-04_table09_group10001_info.json,412ad9c581614c24c6d55e57449b19c5e6249e9785352b4a8b19c591bdb0b38d,caption_and_validated_request_info,Sektör,11,b) Resmi Kuruluşlar,italic,0,1,7,8,105,120
2024-04,9,Mevduat Turler Itibariyla,10001,12,"Mevduat Türler İtibarıyla (milyon TL), Dönem:2024/4",milyon TL,raw/2024-04_table09_group10001.json,9cd0d07e168e3230c4f6c23698251950ea29b4e7849a6084170254b24f46aa3d,raw/2024-04_table09_group10001_info.json,412ad9c581614c24c6d55e57449b19c5e6249e9785352b4a8b19c591bdb0b38d,caption_and_validated_request_info,Sektör,12,c) Ticari ve Diğer Kuruluşlar,italic,1933,571,2711,6714,61432,73363
2024-04,9,Mevduat Turler Itibariyla,10001,13,"Mevduat Türler İtibarıyla (milyon TL), Dönem:2024/4",milyon TL,raw/2024-04_table09_group10001.json,9cd0d07e168e3230c4f6c23698251950ea29b4e7849a6084170254b24f46aa3d,raw/2024-04_table09_group10001_info.json,412ad9c581614c24c6d55e57449b19c5e6249e9785352b4a8b19c591bdb0b38d,caption_and_validated_request_info,Sektör,13,Toplam Mevduat - Yurt İçi Yerleşik,bold,128482,383753,1091290,2004857,10849449,14457831
2024-04,9,Mevduat Turler Itibariyla,10001,14,"Mevduat Türler İtibarıyla (milyon TL), Dönem:2024/4",milyon TL,raw/2024-04_table09_group10001.json,9cd0d07e168e3230c4f6c23698251950ea29b4e7849a6084170254b24f46aa3d,raw/2024-04_table09_group10001_info.json,412ad9c581614c24c6d55e57449b19c5e6249e9785352b4a8b19c591bdb0b38d,caption_and_validated_request_info,Sektör,14,Mudi Sayısı - Yurt İçi Yerleşik*,bold,156418449,14906740,8813052,3943411,1432391,169727473
2024-04,9,Mevduat Turler Itibariyla,10001,15,"Mevduat Türler İtibarıyla (milyon TL), Dönem:2024/4",milyon TL,raw/2024-04_table09_group10001.json,9cd0d07e168e3230c4f6c23698251950ea29b4e7849a6084170254b24f46aa3d,raw/2024-04_table09_group10001_info.json,412ad9c581614c24c6d55e57449b19c5e6249e9785352b4a8b19c591bdb0b38d,caption_and_validated_request_info,Sektör,15,TP Mevduat / Katılım Fonları - Yurt Dışı Yerleşik,bold,2261,8155,21260,36486,309315,377478
2024-04,9,Mevduat Turler Itibariyla,10001,16,"Mevduat Türler İtibarıyla (milyon TL), Dönem:2024/4",milyon TL,raw/2024-04_table09_group10001.json,9cd0d07e168e3230c4f6c23698251950ea29b4e7849a6084170254b24f46aa3d,raw/2024-04_table09_group10001_info.json,412ad9c581614c24c6d55e57449b19c5e6249e9785352b4a8b19c591bdb0b38d,caption_and_validated_request_info,Sektör,16,a) Gerçek Kişiler,italic,2225,8015,20848,35802,263466,330356
2024-04,9,Mevduat Turler Itibariyla,10001,17,"Mevduat Türler İtibarıyla (milyon TL), Dönem:2024/4",milyon TL,raw/2024-04_table09_group10001.json,9cd0d07e168e3230c4f6c23698251950ea29b4e7849a6084170254b24f46aa3d,raw/2024-04_table09_group10001_info.json,412ad9c581614c24c6d55e57449b19c5e6249e9785352b4a8b19c591bdb0b38d,caption_and_validated_request_info,Sektör,17,b) Ticari ve Diğer Kuruluşlar,italic,37,140,412,684,45849,47122
2024-04,9,Mevduat Turler Itibariyla,10001,18,"Mevduat Türler İtibarıyla (milyon TL), Dönem:2024/4",milyon TL,raw/2024-04_table09_group10001.json,9cd0d07e168e3230c4f6c23698251950ea29b4e7849a6084170254b24f46aa3d,raw/2024-04_table09_group10001_info.json,412ad9c581614c24c6d55e57449b19c5e6249e9785352b4a8b19c591bdb0b38d,caption_and_validated_request_info,Sektör,18,Döviz Tevdiat Hesabı / Katılım Fonları - Yurt Dışı Yerleşik,bold,1682,4838,27669,90176,653137,777501
2024-04,9,Mevduat Turler Itibariyla,10001,19,"Mevduat Türler İtibarıyla (milyon TL), Dönem:2024/4",milyon TL,raw/2024-04_table09_group10001.json,9cd0d07e168e3230c4f6c23698251950ea29b4e7849a6084170254b24f46aa3d,raw/2024-04_table09_group10001_info.json,412ad9c581614c24c6d55e57449b19c5e6249e9785352b4a8b19c591bdb0b38d,caption_and_validated_request_info,Sektör,19,a) Gerçek Kişiler,italic,1660,4713,27073,88134,451429,573010
2024-04,9,Mevduat Turler Itibariyla,10001,20,"Mevduat Türler İtibarıyla (milyon TL), Dönem:2024/4",milyon TL,raw/2024-04_table09_group10001.json,9cd0d07e168e3230c4f6c23698251950ea29b4e7849a6084170254b24f46aa3d,raw/2024-04_table09_group10001_info.json,412ad9c581614c24c6d55e57449b19c5e6249e9785352b4a8b19c591bdb0b38d,caption_and_validated_request_info,Sektör,20,b) Ticari ve Diğer Kuruluşlar,italic,21,126,595,2041,201708,204491
2024-04,9,Mevduat Turler Itibariyla,10001,21,"Mevduat Türler İtibarıyla (milyon TL), Dönem:2024/4",milyon TL,raw/2024-04_table09_group10001.json,9cd0d07e168e3230c4f6c23698251950ea29b4e7849a6084170254b24f46aa3d,raw/2024-04_table09_group10001_info.json,412ad9c581614c24c6d55e57449b19c5e6249e9785352b4a8b19c591bdb0b38d,caption_and_validated_request_info,Sektör,21,Kıymetli Maden Depo Hesapları - Yurt Dışı Yerleşik,bold,104,435,2754,7060,18267,28620
2024-04,9,Mevduat Turler Itibariyla,10001,22,"Mevduat Türler İtibarıyla (milyon TL), Dönem:2024/4",milyon TL,raw/2024-04_table09_group10001.json,9cd0d07e168e3230c4f6c23698251950ea29b4e7849a6084170254b24f46aa3d,raw/2024-04_table09_group10001_info.json,412ad9c581614c24c6d55e57449b19c5e6249e9785352b4a8b19c591bdb0b38d,caption_and_validated_request_info,Sektör,22,a) Gerçek Kişiler,italic,100,432,2747,7042,18040,28361
2024-04,9,Mevduat Turler Itibariyla,10001,23,"Mevduat Türler İtibarıyla (milyon TL), Dönem:2024/4",milyon TL,raw/2024-04_table09_group10001.json,9cd0d07e168e3230c4f6c23698251950ea29b4e7849a6084170254b24f46aa3d,raw/2024-04_table09_group10001_info.json,412ad9c581614c24c6d55e57449b19c5e6249e9785352b4a8b19c591bdb0b38d,caption_and_validated_request_info,Sektör,23,b) Ticari ve Diğer Kuruluşlar,italic,4,3,7,18,226,258
2024-04,9,Mevduat Turler Itibariyla,10001,24,"Mevduat Türler İtibarıyla (milyon TL), Dönem:2024/4",milyon TL,raw/2024-04_table09_group10001.json,9cd0d07e168e3230c4f6c23698251950ea29b4e7849a6084170254b24f46aa3d,raw/2024-04_table09_group10001_info.json,412ad9c581614c24c6d55e57449b19c5e6249e9785352b4a8b19c591bdb0b38d,caption_and_validated_request_info,Sektör,24,Toplam Mevduat - Yurt Dışı Yerleşik,bold,4047,13428,51683,133722,980719,1183599
2024-04,9,Mevduat Turler Itibariyla,10001,25,"Mevduat Türler İtibarıyla (milyon TL), Dönem:2024/4",milyon TL,raw/2024-04_table09_group10001.json,9cd0d07e168e3230c4f6c23698251950ea29b4e7849a6084170254b24f46aa3d,raw/2024-04_table09_group10001_info.json,412ad9c581614c24c6d55e57449b19c5e6249e9785352b4a8b19c591bdb0b38d,caption_and_validated_request_info,Sektör,25,Mudi Sayısı - Yurt Dışı Yerleşik*,bold,2129806,480656,411398,246231,159291,2610625
2024-04,9,Mevduat Turler Itibariyla,10001,26,"Mevduat Türler İtibarıyla (milyon TL), Dönem:2024/4",milyon TL,raw/2024-04_table09_group10001.json,9cd0d07e168e3230c4f6c23698251950ea29b4e7849a6084170254b24f46aa3d,raw/2024-04_table09_group10001_info.json,412ad9c581614c24c6d55e57449b19c5e6249e9785352b4a8b19c591bdb0b38d,caption_and_validated_request_info,Sektör,26,Toplam Mevduat,bold,132529,397181,1142973,2138579,11830168,15641429
2024-05,9,Mevduat Turler Itibariyla,10001,1,"Mevduat Türler İtibarıyla (milyon TL), Dönem:2024/5",milyon TL,raw/2024-05_table09_group10001.json,bcf41ef1ca8fd8a61aaf71d231e4960d982a05576f4b0ec098ceab800925026c,raw/2024-05_table09_group10001_info.json,97aa775cb3d7dd5df99be120bffb6e7897450165b181b3ce765b129511490655,caption_and_validated_request_info,Sektör,1,TP Mevduat / Katılım Fonları - Yurt İçi Yerleşik,bold,109742,288087,571930,1069337,7312754,9351850
2024-05,9,Mevduat Turler Itibariyla,10001,2,"Mevduat Türler İtibarıyla (milyon TL), Dönem:2024/5",milyon TL,raw/2024-05_table09_group10001.json,bcf41ef1ca8fd8a61aaf71d231e4960d982a05576f4b0ec098ceab800925026c,raw/2024-05_table09_group10001_info.json,97aa775cb3d7dd5df99be120bffb6e7897450165b181b3ce765b129511490655,caption_and_validated_request_info,Sektör,2,a) Gerçek Kişiler,italic,101040,261622,495587,930594,3735175,5524018
2024-05,9,Mevduat Turler Itibariyla,10001,3,"Mevduat Türler İtibarıyla (milyon TL), Dönem:2024/5",milyon TL,raw/2024-05_table09_group10001.json,bcf41ef1ca8fd8a61aaf71d231e4960d982a05576f4b0ec098ceab800925026c,raw/2024-05_table09_group10001_info.json,97aa775cb3d7dd5df99be120bffb6e7897450165b181b3ce765b129511490655,caption_and_validated_request_info,Sektör,3,b) Resmi Kuruluşlar,italic,126,461,1582,3686,466861,472716
2024-05,9,Mevduat Turler Itibariyla,10001,4,"Mevduat Türler İtibarıyla (milyon TL), Dönem:2024/5",milyon TL,raw/2024-05_table09_group10001.json,bcf41ef1ca8fd8a61aaf71d231e4960d982a05576f4b0ec098ceab800925026c,raw/2024-05_table09_group10001_info.json,97aa775cb3d7dd5df99be120bffb6e7897450165b181b3ce765b129511490655,caption_and_validated_request_info,Sektör,4,c) Ticari ve Diğer Kuruluşlar,italic,8575,26004,74761,135057,3110718,3355117
2024-05,9,Mevduat Turler Itibariyla,10001,5,"Mevduat Türler İtibarıyla (milyon TL), Dönem:2024/5",milyon TL,raw/2024-05_table09_group10001.json,bcf41ef1ca8fd8a61aaf71d231e4960d982a05576f4b0ec098ceab800925026c,raw/2024-05_table09_group10001_info.json,97aa775cb3d7dd5df99be120bffb6e7897450165b181b3ce765b129511490655,caption_and_validated_request_info,Sektör,5,Döviz Tevdiat Hesabı / Katılım Fonları - Yurt İçi Yerleşik,bold,9196,61969,297634,582949,3315711,4267459
2024-05,9,Mevduat Turler Itibariyla,10001,6,"Mevduat Türler İtibarıyla (milyon TL), Dönem:2024/5",milyon TL,raw/2024-05_table09_group10001.json,bcf41ef1ca8fd8a61aaf71d231e4960d982a05576f4b0ec098ceab800925026c,raw/2024-05_table09_group10001_info.json,97aa775cb3d7dd5df99be120bffb6e7897450165b181b3ce765b129511490655,caption_and_validated_request_info,Sektör,6,a) Gerçek Kişiler,italic,8586,59233,283221,535197,1367338,2253575
2024-05,9,Mevduat Turler Itibariyla,10001,7,"Mevduat Türler İtibarıyla (milyon TL), Dönem:2024/5",milyon TL,raw/2024-05_table09_group10001.json,bcf41ef1ca8fd8a61aaf71d231e4960d982a05576f4b0ec098ceab800925026c,raw/2024-05_table09_group10001_info.json,97aa775cb3d7dd5df99be120bffb6e7897450165b181b3ce765b129511490655,caption_and_validated_request_info,Sektör,7,b) Resmi Kuruluşlar,italic,3,42,108,295,75155,75602
2024-05,9,Mevduat Turler Itibariyla,10001,8,"Mevduat Türler İtibarıyla (milyon TL), Dönem:2024/5",milyon TL,raw/2024-05_table09_group10001.json,bcf41ef1ca8fd8a61aaf71d231e4960d982a05576f4b0ec098ceab800925026c,raw/2024-05_table09_group10001_info.json,97aa775cb3d7dd5df99be120bffb6e7897450165b181b3ce765b129511490655,caption_and_validated_request_info,Sektör,8,c) Ticari ve Diğer Kuruluşlar,italic,608,2694,14306,47457,1873218,1938282
2024-05,9,Mevduat Turler Itibariyla,10001,9,"Mevduat Türler İtibarıyla (milyon TL), Dönem:2024/5",milyon TL,raw/2024-05_table09_group10001.json,bcf41ef1ca8fd8a61aaf71d231e4960d982a05576f4b0ec098ceab800925026c,raw/2024-05_table09_group10001_info.json,97aa775cb3d7dd5df99be120bffb6e7897450165b181b3ce765b129511490655,caption_and_validated_request_info,Sektör,9,Kıymetli Maden Depo Hesapları - Yurt İçi Yerleşik,bold,8018,40788,227060,378581,442102,1096549
2024-05,9,Mevduat Turler Itibariyla,10001,10,"Mevduat Türler İtibarıyla (milyon TL), Dönem:2024/5",milyon TL,raw/2024-05_table09_group10001.json,bcf41ef1ca8fd8a61aaf71d231e4960d982a05576f4b0ec098ceab800925026c,raw/2024-05_table09_group10001_info.json,97aa775cb3d7dd5df99be120bffb6e7897450165b181b3ce765b129511490655,caption_and_validated_request_info,Sektör,10,a) Gerçek Kişiler,italic,6054,40231,224439,372151,381799,1024674
2024-05,9,Mevduat Turler Itibariyla,10001,11,"Mevduat Türler İtibarıyla (milyon TL), Dönem:2024/5",milyon TL,raw/2024-05_table09_group10001.json,bcf41ef1ca8fd8a61aaf71d231e4960d982a05576f4b0ec098ceab800925026c,raw/2024-05_table09_group10001_info.json,97aa775cb3d7dd5df99be120bffb6e7897450165b181b3ce765b129511490655,caption_and_validated_request_info,Sektör,11,b) Resmi Kuruluşlar,italic,0,1,6,8,102,117
2024-05,9,Mevduat Turler Itibariyla,10001,12,"Mevduat Türler İtibarıyla (milyon TL), Dönem:2024/5",milyon TL,raw/2024-05_table09_group10001.json,bcf41ef1ca8fd8a61aaf71d231e4960d982a05576f4b0ec098ceab800925026c,raw/2024-05_table09_group10001_info.json,97aa775cb3d7dd5df99be120bffb6e7897450165b181b3ce765b129511490655,caption_and_validated_request_info,Sektör,12,c) Ticari ve Diğer Kuruluşlar,italic,1964,556,2615,6422,60201,71758
2024-05,9,Mevduat Turler Itibariyla,10001,13,"Mevduat Türler İtibarıyla (milyon TL), Dönem:2024/5",milyon TL,raw/2024-05_table09_group10001.json,bcf41ef1ca8fd8a61aaf71d231e4960d982a05576f4b0ec098ceab800925026c,raw/2024-05_table09_group10001_info.json,97aa775cb3d7dd5df99be120bffb6e7897450165b181b3ce765b129511490655,caption_and_validated_request_info,Sektör,13,Toplam Mevduat - Yurt İçi Yerleşik,bold,126956,390843,1096624,2030867,11070567,14715858
2024-05,9,Mevduat Turler Itibariyla,10001,14,"Mevduat Türler İtibarıyla (milyon TL), Dönem:2024/5",milyon TL,raw/2024-05_table09_group10001.json,bcf41ef1ca8fd8a61aaf71d231e4960d982a05576f4b0ec098ceab800925026c,raw/2024-05_table09_group10001_info.json,97aa775cb3d7dd5df99be120bffb6e7897450165b181b3ce765b129511490655,caption_and_validated_request_info,Sektör,14,Mudi Sayısı - Yurt İçi Yerleşik*,bold,157100069,15145429,8888318,3987146,1482985,170848112
2024-05,9,Mevduat Turler Itibariyla,10001,15,"Mevduat Türler İtibarıyla (milyon TL), Dönem:2024/5",milyon TL,raw/2024-05_table09_group10001.json,bcf41ef1ca8fd8a61aaf71d231e4960d982a05576f4b0ec098ceab800925026c,raw/2024-05_table09_group10001_info.json,97aa775cb3d7dd5df99be120bffb6e7897450165b181b3ce765b129511490655,caption_and_validated_request_info,Sektör,15,TP Mevduat / Katılım Fonları - Yurt Dışı Yerleşik,bold,2276,8223,22303,38474,356659,427936
2024-05,9,Mevduat Turler Itibariyla,10001,16,"Mevduat Türler İtibarıyla (milyon TL), Dönem:2024/5",milyon TL,raw/2024-05_table09_group10001.json,bcf41ef1ca8fd8a61aaf71d231e4960d982a05576f4b0ec098ceab800925026c,raw/2024-05_table09_group10001_info.json,97aa775cb3d7dd5df99be120bffb6e7897450165b181b3ce765b129511490655,caption_and_validated_request_info,Sektör,16,a) Gerçek Kişiler,italic,2239,8077,21866,37748,288102,358032
2024-05,9,Mevduat Turler Itibariyla,10001,17,"Mevduat Türler İtibarıyla (milyon TL), Dönem:2024/5",milyon TL,raw/2024-05_table09_group10001.json,bcf41ef1ca8fd8a61aaf71d231e4960d982a05576f4b0ec098ceab800925026c,raw/2024-05_table09_group10001_info.json,97aa775cb3d7dd5df99be120bffb6e7897450165b181b3ce765b129511490655,caption_and_validated_request_info,Sektör,17,b) Ticari ve Diğer Kuruluşlar,italic,37,146,438,726,68557,69904
2024-05,9,Mevduat Turler Itibariyla,10001,18,"Mevduat Türler İtibarıyla (milyon TL), Dönem:2024/5",milyon TL,raw/2024-05_table09_group10001.json,bcf41ef1ca8fd8a61aaf71d231e4960d982a05576f4b0ec098ceab800925026c,raw/2024-05_table09_group10001_info.json,97aa775cb3d7dd5df99be120bffb6e7897450165b181b3ce765b129511490655,caption_and_validated_request_info,Sektör,18,Döviz Tevdiat Hesabı / Katılım Fonları - Yurt Dışı Yerleşik,bold,1709,4815,27678,89568,623709,747479
2024-05,9,Mevduat Turler Itibariyla,10001,19,"Mevduat Türler İtibarıyla (milyon TL), Dönem:2024/5",milyon TL,raw/2024-05_table09_group10001.json,bcf41ef1ca8fd8a61aaf71d231e4960d982a05576f4b0ec098ceab800925026c,raw/2024-05_table09_group10001_info.json,97aa775cb3d7dd5df99be120bffb6e7897450165b181b3ce765b129511490655,caption_and_validated_request_info,Sektör,19,a) Gerçek Kişiler,italic,1687,4690,27074,87553,439174,560177
2024-05,9,Mevduat Turler Itibariyla,10001,20,"Mevduat Türler İtibarıyla (milyon TL), Dönem:2024/5",milyon TL,raw/2024-05_table09_group10001.json,bcf41ef1ca8fd8a61aaf71d231e4960d982a05576f4b0ec098ceab800925026c,raw/2024-05_table09_group10001_info.json,97aa775cb3d7dd5df99be120bffb6e7897450165b181b3ce765b129511490655,caption_and_validated_request_info,Sektör,20,b) Ticari ve Diğer Kuruluşlar,italic,21,125,604,2015,184536,187302
2024-05,9,Mevduat Turler Itibariyla,10001,21,"Mevduat Türler İtibarıyla (milyon TL), Dönem:2024/5",milyon TL,raw/2024-05_table09_group10001.json,bcf41ef1ca8fd8a61aaf71d231e4960d982a05576f4b0ec098ceab800925026c,raw/2024-05_table09_group10001_info.json,97aa775cb3d7dd5df99be120bffb6e7897450165b181b3ce765b129511490655,caption_and_validated_request_info,Sektör,21,Kıymetli Maden Depo Hesapları - Yurt Dışı Yerleşik,bold,105,436,2761,7051,18202,28556
2024-05,9,Mevduat Turler Itibariyla,10001,22,"Mevduat Türler İtibarıyla (milyon TL), Dönem:2024/5",milyon TL,raw/2024-05_table09_group10001.json,bcf41ef1ca8fd8a61aaf71d231e4960d982a05576f4b0ec098ceab800925026c,raw/2024-05_table09_group10001_info.json,97aa775cb3d7dd5df99be120bffb6e7897450165b181b3ce765b129511490655,caption_and_validated_request_info,Sektör,22,a) Gerçek Kişiler,italic,100,433,2754,7034,17941,28263
2024-05,9,Mevduat Turler Itibariyla,10001,23,"Mevduat Türler İtibarıyla (milyon TL), Dönem:2024/5",milyon TL,raw/2024-05_table09_group10001.json,bcf41ef1ca8fd8a61aaf71d231e4960d982a05576f4b0ec098ceab800925026c,raw/2024-05_table09_group10001_info.json,97aa775cb3d7dd5df99be120bffb6e7897450165b181b3ce765b129511490655,caption_and_validated_request_info,Sektör,23,b) Ticari ve Diğer Kuruluşlar,italic,4,3,7,17,261,293
2024-05,9,Mevduat Turler Itibariyla,10001,24,"Mevduat Türler İtibarıyla (milyon TL), Dönem:2024/5",milyon TL,raw/2024-05_table09_group10001.json,bcf41ef1ca8fd8a61aaf71d231e4960d982a05576f4b0ec098ceab800925026c,raw/2024-05_table09_group10001_info.json,97aa775cb3d7dd5df99be120bffb6e7897450165b181b3ce765b129511490655,caption_and_validated_request_info,Sektör,24,Toplam Mevduat - Yurt Dışı Yerleşik,bold,4090,13475,52743,135093,998571,1203971
2024-05,9,Mevduat Turler Itibariyla,10001,25,"Mevduat Türler İtibarıyla (milyon TL), Dönem:2024/5",milyon TL,raw/2024-05_table09_group10001.json,bcf41ef1ca8fd8a61aaf71d231e4960d982a05576f4b0ec098ceab800925026c,raw/2024-05_table09_group10001_info.json,97aa775cb3d7dd5df99be120bffb6e7897450165b181b3ce765b129511490655,caption_and_validated_request_info,Sektör,25,Mudi Sayısı - Yurt Dışı Yerleşik*,bold,2142895,481440,417784,248671,161276,2626817
2024-05,9,Mevduat Turler Itibariyla,10001,26,"Mevduat Türler İtibarıyla (milyon TL), Dönem:2024/5",milyon TL,raw/2024-05_table09_group10001.json,bcf41ef1ca8fd8a61aaf71d231e4960d982a05576f4b0ec098ceab800925026c,raw/2024-05_table09_group10001_info.json,97aa775cb3d7dd5df99be120bffb6e7897450165b181b3ce765b129511490655,caption_and_validated_request_info,Sektör,26,Toplam Mevduat,bold,131045,404318,1149367,2165960,12069138,15919829
2024-06,9,Mevduat Turler Itibariyla,10001,1,"Mevduat Türler İtibarıyla (milyon TL), Dönem:2024/6",milyon TL,raw/2024-06_table09_group10001.json,63537525798e70065edbe015f57f41361f55e8502986412d37ce9666454306b0,raw/2024-06_table09_group10001_info.json,12136ba77f532d83f3d05f1cbb6d7e6039038114ae29240df4ad7d878e9e0bfa,caption_and_validated_request_info,Sektör,1,TP Mevduat / Katılım Fonları - Yurt İçi Yerleşik,bold,111878,294138,599319,1131493,7755292,9892120
2024-06,9,Mevduat Turler Itibariyla,10001,2,"Mevduat Türler İtibarıyla (milyon TL), Dönem:2024/6",milyon TL,raw/2024-06_table09_group10001.json,63537525798e70065edbe015f57f41361f55e8502986412d37ce9666454306b0,raw/2024-06_table09_group10001_info.json,12136ba77f532d83f3d05f1cbb6d7e6039038114ae29240df4ad7d878e9e0bfa,caption_and_validated_request_info,Sektör,2,a) Gerçek Kişiler,italic,103178,265922,514166,974486,3885331,5743083
2024-06,9,Mevduat Turler Itibariyla,10001,3,"Mevduat Türler İtibarıyla (milyon TL), Dönem:2024/6",milyon TL,raw/2024-06_table09_group10001.json,63537525798e70065edbe015f57f41361f55e8502986412d37ce9666454306b0,raw/2024-06_table09_group10001_info.json,12136ba77f532d83f3d05f1cbb6d7e6039038114ae29240df4ad7d878e9e0bfa,caption_and_validated_request_info,Sektör,3,b) Resmi Kuruluşlar,italic,128,468,1610,3685,473044,478934
2024-06,9,Mevduat Turler Itibariyla,10001,4,"Mevduat Türler İtibarıyla (milyon TL), Dönem:2024/6",milyon TL,raw/2024-06_table09_group10001.json,63537525798e70065edbe015f57f41361f55e8502986412d37ce9666454306b0,raw/2024-06_table09_group10001_info.json,12136ba77f532d83f3d05f1cbb6d7e6039038114ae29240df4ad7d878e9e0bfa,caption_and_validated_request_info,Sektör,4,c) Ticari ve Diğer Kuruluşlar,italic,8573,27748,83544,153322,3396917,3670103
2024-06,9,Mevduat Turler Itibariyla,10001,5,"Mevduat Türler İtibarıyla (milyon TL), Dönem:2024/6",milyon TL,raw/2024-06_table09_group10001.json,63537525798e70065edbe015f57f41361f55e8502986412d37ce9666454306b0,raw/2024-06_table09_group10001_info.json,12136ba77f532d83f3d05f1cbb6d7e6039038114ae29240df4ad7d878e9e0bfa,caption_and_validated_request_info,Sektör,5,Döviz Tevdiat Hesabı / Katılım Fonları - Yurt İçi Yerleşik,bold,9090,60546,292007,574237,3292095,4227975
2024-06,9,Mevduat Turler Itibariyla,10001,6,"Mevduat Türler İtibarıyla (milyon TL), Dönem:2024/6",milyon TL,raw/2024-06_table09_group10001.json,63537525798e70065edbe015f57f41361f55e8502986412d37ce9666454306b0,raw/2024-06_table09_group10001_info.json,12136ba77f532d83f3d05f1cbb6d7e6039038114ae29240df4ad7d878e9e0bfa,caption_and_validated_request_info,Sektör,6,a) Gerçek Kişiler,italic,8478,57820,277621,527100,1364881,2235901
2024-06,9,Mevduat Turler Itibariyla,10001,7,"Mevduat Türler İtibarıyla (milyon TL), Dönem:2024/6",milyon TL,raw/2024-06_table09_group10001.json,63537525798e70065edbe015f57f41361f55e8502986412d37ce9666454306b0,raw/2024-06_table09_group10001_info.json,12136ba77f532d83f3d05f1cbb6d7e6039038114ae29240df4ad7d878e9e0bfa,caption_and_validated_request_info,Sektör,7,b) Resmi Kuruluşlar,italic,3,35,109,293,84671,85110
2024-06,9,Mevduat Turler Itibariyla,10001,8,"Mevduat Türler İtibarıyla (milyon TL), Dönem:2024/6",milyon TL,raw/2024-06_table09_group10001.json,63537525798e70065edbe015f57f41361f55e8502986412d37ce9666454306b0,raw/2024-06_table09_group10001_info.json,12136ba77f532d83f3d05f1cbb6d7e6039038114ae29240df4ad7d878e9e0bfa,caption_and_validated_request_info,Sektör,8,c) Ticari ve Diğer Kuruluşlar,italic,609,2691,14278,46844,1842543,1906964
2024-06,9,Mevduat Turler Itibariyla,10001,9,"Mevduat Türler İtibarıyla (milyon TL), Dönem:2024/6",milyon TL,raw/2024-06_table09_group10001.json,63537525798e70065edbe015f57f41361f55e8502986412d37ce9666454306b0,raw/2024-06_table09_group10001_info.json,12136ba77f532d83f3d05f1cbb6d7e6039038114ae29240df4ad7d878e9e0bfa,caption_and_validated_request_info,Sektör,9,Kıymetli Maden Depo Hesapları - Yurt İçi Yerleşik,bold,7948,39430,223172,380100,455192,1105843
2024-06,9,Mevduat Turler Itibariyla,10001,10,"Mevduat Türler İtibarıyla (milyon TL), Dönem:2024/6",milyon TL,raw/2024-06_table09_group10001.json,63537525798e70065edbe015f57f41361f55e8502986412d37ce9666454306b0,raw/2024-06_table09_group10001_info.json,12136ba77f532d83f3d05f1cbb6d7e6039038114ae29240df4ad7d878e9e0bfa,caption_and_validated_request_info,Sektör,10,a) Gerçek Kişiler,italic,5956,38881,220591,373746,394001,1033176
2024-06,9,Mevduat Turler Itibariyla,10001,11,"Mevduat Türler İtibarıyla (milyon TL), Dönem:2024/6",milyon TL,raw/2024-06_table09_group10001.json,63537525798e70065edbe015f57f41361f55e8502986412d37ce9666454306b0,raw/2024-06_table09_group10001_info.json,12136ba77f532d83f3d05f1cbb6d7e6039038114ae29240df4ad7d878e9e0bfa,caption_and_validated_request_info,Sektör,11,b) Resmi Kuruluşlar,italic,0,1,7,9,105,122
2024-06,9,Mevduat Turler Itibariyla,10001,12,"Mevduat Türler İtibarıyla (milyon TL), Dönem:2024/6",milyon TL,raw/2024-06_table09_group10001.json,63537525798e70065edbe015f57f41361f55e8502986412d37ce9666454306b0,raw/2024-06_table09_group10001_info.json,12136ba77f532d83f3d05f1cbb6d7e6039038114ae29240df4ad7d878e9e0bfa,caption_and_validated_request_info,Sektör,12,c) Ticari ve Diğer Kuruluşlar,italic,1992,548,2575,6346,61085,72545
2024-06,9,Mevduat Turler Itibariyla,10001,13,"Mevduat Türler İtibarıyla (milyon TL), Dönem:2024/6",milyon TL,raw/2024-06_table09_group10001.json,63537525798e70065edbe015f57f41361f55e8502986412d37ce9666454306b0,raw/2024-06_table09_group10001_info.json,12136ba77f532d83f3d05f1cbb6d7e6039038114ae29240df4ad7d878e9e0bfa,caption_and_validated_request_info,Sektör,13,Toplam Mevduat - Yurt İçi Yerleşik,bold,128917,394113,1114498,2085830,11502579,15225938
2024-06,9,Mevduat Turler Itibariyla,10001,14,"Mevduat Türler İtibarıyla (milyon TL), Dönem:2024/6",milyon TL,raw/2024-06_table09_group10001.json,63537525798e70065edbe015f57f41361f55e8502986412d37ce9666454306b0,raw/2024-06_table09_group10001_info.json,12136ba77f532d83f3d05f1cbb6d7e6039038114ae29240df4ad7d878e9e0bfa,caption_and_validated_request_info,Sektör,14,Mudi Sayısı - Yurt İçi Yerleşik*,bold,156872619,15365336,9022038,4085267,1543729,171462134
2024-06,9,Mevduat Turler Itibariyla,10001,15,"Mevduat Türler İtibarıyla (milyon TL), Dönem:2024/6",milyon TL,raw/2024-06_table09_group10001.json,63537525798e70065edbe015f57f41361f55e8502986412d37ce9666454306b0,raw/2024-06_table09_group10001_info.json,12136ba77f532d83f3d05f1cbb6d7e6039038114ae29240df4ad7d878e9e0bfa,caption_and_validated_request_info,Sektör,15,TP Mevduat / Katılım Fonları - Yurt Dışı Yerleşik,bold,2280,8396,23124,40037,369059,442895
2024-06,9,Mevduat Turler Itibariyla,10001,16,"Mevduat Türler İtibarıyla (milyon TL), Dönem:2024/6",milyon TL,raw/2024-06_table09_group10001.json,63537525798e70065edbe015f57f41361f55e8502986412d37ce9666454306b0,raw/2024-06_table09_group10001_info.json,12136ba77f532d83f3d05f1cbb6d7e6039038114ae29240df4ad7d878e9e0bfa,caption_and_validated_request_info,Sektör,16,a) Gerçek Kişiler,italic,2244,8249,22649,39122,299053,371317
2024-06,9,Mevduat Turler Itibariyla,10001,17,"Mevduat Türler İtibarıyla (milyon TL), Dönem:2024/6",milyon TL,raw/2024-06_table09_group10001.json,63537525798e70065edbe015f57f41361f55e8502986412d37ce9666454306b0,raw/2024-06_table09_group10001_info.json,12136ba77f532d83f3d05f1cbb6d7e6039038114ae29240df4ad7d878e9e0bfa,caption_and_validated_request_info,Sektör,17,b) Ticari ve Diğer Kuruluşlar,italic,36,146,475,915,70006,71578
2024-06,9,Mevduat Turler Itibariyla,10001,18,"Mevduat Türler İtibarıyla (milyon TL), Dönem:2024/6",milyon TL,raw/2024-06_table09_group10001.json,63537525798e70065edbe015f57f41361f55e8502986412d37ce9666454306b0,raw/2024-06_table09_group10001_info.json,12136ba77f532d83f3d05f1cbb6d7e6039038114ae29240df4ad7d878e9e0bfa,caption_and_validated_request_info,Sektör,18,Döviz Tevdiat Hesabı / Katılım Fonları - Yurt Dışı Yerleşik,bold,1784,4791,27819,89792,642350,766536
2024-06,9,Mevduat Turler Itibariyla,10001,19,"Mevduat Türler İtibarıyla (milyon TL), Dönem:2024/6",milyon TL,raw/2024-06_table09_group10001.json,63537525798e70065edbe015f57f41361f55e8502986412d37ce9666454306b0,raw/2024-06_table09_group10001_info.json,12136ba77f532d83f3d05f1cbb6d7e6039038114ae29240df4ad7d878e9e0bfa,caption_and_validated_request_info,Sektör,19,a) Gerçek Kişiler,italic,1763,4669,27194,87733,443632,564991
2024-06,9,Mevduat Turler Itibariyla,10001,20,"Mevduat Türler İtibarıyla (milyon TL), Dönem:2024/6",milyon TL,raw/2024-06_table09_group10001.json,63537525798e70065edbe015f57f41361f55e8502986412d37ce9666454306b0,raw/2024-06_table09_group10001_info.json,12136ba77f532d83f3d05f1cbb6d7e6039038114ae29240df4ad7d878e9e0bfa,caption_and_validated_request_info,Sektör,20,b) Ticari ve Diğer Kuruluşlar,italic,21,123,625,2059,198718,201545
2024-06,9,Mevduat Turler Itibariyla,10001,21,"Mevduat Türler İtibarıyla (milyon TL), Dönem:2024/6",milyon TL,raw/2024-06_table09_group10001.json,63537525798e70065edbe015f57f41361f55e8502986412d37ce9666454306b0,raw/2024-06_table09_group10001_info.json,12136ba77f532d83f3d05f1cbb6d7e6039038114ae29240df4ad7d878e9e0bfa,caption_and_validated_request_info,Sektör,21,Kıymetli Maden Depo Hesapları - Yurt Dışı Yerleşik,bold,105,431,2762,7175,18726,29200
2024-06,9,Mevduat Turler Itibariyla,10001,22,"Mevduat Türler İtibarıyla (milyon TL), Dönem:2024/6",milyon TL,raw/2024-06_table09_group10001.json,63537525798e70065edbe015f57f41361f55e8502986412d37ce9666454306b0,raw/2024-06_table09_group10001_info.json,12136ba77f532d83f3d05f1cbb6d7e6039038114ae29240df4ad7d878e9e0bfa,caption_and_validated_request_info,Sektör,22,a) Gerçek Kişiler,italic,101,428,2755,7156,18459,28899
2024-06,9,Mevduat Turler Itibariyla,10001,23,"Mevduat Türler İtibarıyla (milyon TL), Dönem:2024/6",milyon TL,raw/2024-06_table09_group10001.json,63537525798e70065edbe015f57f41361f55e8502986412d37ce9666454306b0,raw/2024-06_table09_group10001_info.json,12136ba77f532d83f3d05f1cbb6d7e6039038114ae29240df4ad7d878e9e0bfa,caption_and_validated_request_info,Sektör,23,b) Ticari ve Diğer Kuruluşlar,italic,4,4,7,19,267,301
2024-06,9,Mevduat Turler Itibariyla,10001,24,"Mevduat Türler İtibarıyla (milyon TL), Dönem:2024/6",milyon TL,raw/2024-06_table09_group10001.json,63537525798e70065edbe015f57f41361f55e8502986412d37ce9666454306b0,raw/2024-06_table09_group10001_info.json,12136ba77f532d83f3d05f1cbb6d7e6039038114ae29240df4ad7d878e9e0bfa,caption_and_validated_request_info,Sektör,24,Toplam Mevduat - Yurt Dışı Yerleşik,bold,4169,13618,53705,137004,1030135,1238631
2024-06,9,Mevduat Turler Itibariyla,10001,25,"Mevduat Türler İtibarıyla (milyon TL), Dönem:2024/6",milyon TL,raw/2024-06_table09_group10001.json,63537525798e70065edbe015f57f41361f55e8502986412d37ce9666454306b0,raw/2024-06_table09_group10001_info.json,12136ba77f532d83f3d05f1cbb6d7e6039038114ae29240df4ad7d878e9e0bfa,caption_and_validated_request_info,Sektör,25,Mudi Sayısı - Yurt Dışı Yerleşik*,bold,2130469,487161,422610,251736,163860,2634683
2024-06,9,Mevduat Turler Itibariyla,10001,26,"Mevduat Türler İtibarıyla (milyon TL), Dönem:2024/6",milyon TL,raw/2024-06_table09_group10001.json,63537525798e70065edbe015f57f41361f55e8502986412d37ce9666454306b0,raw/2024-06_table09_group10001_info.json,12136ba77f532d83f3d05f1cbb6d7e6039038114ae29240df4ad7d878e9e0bfa,caption_and_validated_request_info,Sektör,26,Toplam Mevduat,bold,133086,407731,1168203,2222835,12532714,16464569
2024-07,9,Mevduat Turler Itibariyla,10001,1,"Mevduat Türler İtibarıyla (milyon TL), Dönem:2024/7",milyon TL,raw/2024-07_table09_group10001.json,797830d871bb8012de44419c54ecff20185a3b4b3f2309df5614c53c7b858a8d,raw/2024-07_table09_group10001_info.json,4c843130fb07266b3e7e5d4b9e664489a53f74785f1c4f3b3e34ef3776f5e03e,caption_and_validated_request_info,Sektör,1,TP Mevduat / Katılım Fonları - Yurt İçi Yerleşik,bold,111001,301490,618428,1164669,8045905,10241492
2024-07,9,Mevduat Turler Itibariyla,10001,2,"Mevduat Türler İtibarıyla (milyon TL), Dönem:2024/7",milyon TL,raw/2024-07_table09_group10001.json,797830d871bb8012de44419c54ecff20185a3b4b3f2309df5614c53c7b858a8d,raw/2024-07_table09_group10001_info.json,4c843130fb07266b3e7e5d4b9e664489a53f74785f1c4f3b3e34ef3776f5e03e,caption_and_validated_request_info,Sektör,2,a) Gerçek Kişiler,italic,102230,274705,539447,1017290,3999157,5932830
2024-07,9,Mevduat Turler Itibariyla,10001,3,"Mevduat Türler İtibarıyla (milyon TL), Dönem:2024/7",milyon TL,raw/2024-07_table09_group10001.json,797830d871bb8012de44419c54ecff20185a3b4b3f2309df5614c53c7b858a8d,raw/2024-07_table09_group10001_info.json,4c843130fb07266b3e7e5d4b9e664489a53f74785f1c4f3b3e34ef3776f5e03e,caption_and_validated_request_info,Sektör,3,b) Resmi Kuruluşlar,italic,132,502,1651,3843,519575,525703
2024-07,9,Mevduat Turler Itibariyla,10001,4,"Mevduat Türler İtibarıyla (milyon TL), Dönem:2024/7",milyon TL,raw/2024-07_table09_group10001.json,797830d871bb8012de44419c54ecff20185a3b4b3f2309df5614c53c7b858a8d,raw/2024-07_table09_group10001_info.json,4c843130fb07266b3e7e5d4b9e664489a53f74785f1c4f3b3e34ef3776f5e03e,caption_and_validated_request_info,Sektör,4,c) Ticari ve Diğer Kuruluşlar,italic,8638,26283,77330,143536,3527173,3782959
2024-07,9,Mevduat Turler Itibariyla,10001,5,"Mevduat Türler İtibarıyla (milyon TL), Dönem:2024/7",milyon TL,raw/2024-07_table09_group10001.json,797830d871bb8012de44419c54ecff20185a3b4b3f2309df5614c53c7b858a8d,raw/2024-07_table09_group10001_info.json,4c843130fb07266b3e7e5d4b9e664489a53f74785f1c4f3b3e34ef3776f5e03e,caption_and_validated_request_info,Sektör,5,Döviz Tevdiat Hesabı / Katılım Fonları - Yurt İçi Yerleşik,bold,9005,59352,287333,571993,3340970,4268654
2024-07,9,Mevduat Turler Itibariyla,10001,6,"Mevduat Türler İtibarıyla (milyon TL), Dönem:2024/7",milyon TL,raw/2024-07_table09_group10001.json,797830d871bb8012de44419c54ecff20185a3b4b3f2309df5614c53c7b858a8d,raw/2024-07_table09_group10001_info.json,4c843130fb07266b3e7e5d4b9e664489a53f74785f1c4f3b3e34ef3776f5e03e,caption_and_validated_request_info,Sektör,6,a) Gerçek Kişiler,italic,8386,56650,273231,524919,1401724,2264909
2024-07,9,Mevduat Turler Itibariyla,10001,7,"Mevduat Türler İtibarıyla (milyon TL), Dönem:2024/7",milyon TL,raw/2024-07_table09_group10001.json,797830d871bb8012de44419c54ecff20185a3b4b3f2309df5614c53c7b858a8d,raw/2024-07_table09_group10001_info.json,4c843130fb07266b3e7e5d4b9e664489a53f74785f1c4f3b3e34ef3776f5e03e,caption_and_validated_request_info,Sektör,7,b) Resmi Kuruluşlar,italic,3,44,109,299,83645,84099
2024-07,9,Mevduat Turler Itibariyla,10001,8,"Mevduat Türler İtibarıyla (milyon TL), Dönem:2024/7",milyon TL,raw/2024-07_table09_group10001.json,797830d871bb8012de44419c54ecff20185a3b4b3f2309df5614c53c7b858a8d,raw/2024-07_table09_group10001_info.json,4c843130fb07266b3e7e5d4b9e664489a53f74785f1c4f3b3e34ef3776f5e03e,caption_and_validated_request_info,Sektör,8,c) Ticari ve Diğer Kuruluşlar,italic,617,2659,13994,46775,1855602,1919646
2024-07,9,Mevduat Turler Itibariyla,10001,9,"Mevduat Türler İtibarıyla (milyon TL), Dönem:2024/7",milyon TL,raw/2024-07_table09_group10001.json,797830d871bb8012de44419c54ecff20185a3b4b3f2309df5614c53c7b858a8d,raw/2024-07_table09_group10001_info.json,4c843130fb07266b3e7e5d4b9e664489a53f74785f1c4f3b3e34ef3776f5e03e,caption_and_validated_request_info,Sektör,9,Kıymetli Maden Depo Hesapları - Yurt İçi Yerleşik,bold,7534,36695,213192,399437,497344,1154202
2024-07,9,Mevduat Turler Itibariyla,10001,10,"Mevduat Türler İtibarıyla (milyon TL), Dönem:2024/7",milyon TL,raw/2024-07_table09_group10001.json,797830d871bb8012de44419c54ecff20185a3b4b3f2309df5614c53c7b858a8d,raw/2024-07_table09_group10001_info.json,4c843130fb07266b3e7e5d4b9e664489a53f74785f1c4f3b3e34ef3776f5e03e,caption_and_validated_request_info,Sektör,10,a) Gerçek Kişiler,italic,5483,36133,210847,392975,433588,1079027
2024-07,9,Mevduat Turler Itibariyla,10001,11,"Mevduat Türler İtibarıyla (milyon TL), Dönem:2024/7",milyon TL,raw/2024-07_table09_group10001.json,797830d871bb8012de44419c54ecff20185a3b4b3f2309df5614c53c7b858a8d,raw/2024-07_table09_group10001_info.json,4c843130fb07266b3e7e5d4b9e664489a53f74785f1c4f3b3e34ef3776f5e03e,caption_and_validated_request_info,Sektör,11,b) Resmi Kuruluşlar,italic,0,1,7,9,97,114
2024-07,9,Mevduat Turler Itibariyla,10001,12,"Mevduat Türler İtibarıyla (milyon TL), Dönem:2024/7",milyon TL,raw/2024-07_table09_group10001.json,797830d871bb8012de44419c54ecff20185a3b4b3f2309df5614c53c7b858a8d,raw/2024-07_table09_group10001_info.json,4c843130fb07266b3e7e5d4b9e664489a53f74785f1c4f3b3e34ef3776f5e03e,caption_and_validated_request_info,Sektör,12,c) Ticari ve Diğer Kuruluşlar,italic,2050,561,2338,6453,63659,75061
2024-07,9,Mevduat Turler Itibariyla,10001,13,"Mevduat Türler İtibarıyla (milyon TL), Dönem:2024/7",milyon TL,raw/2024-07_table09_group10001.json,797830d871bb8012de44419c54ecff20185a3b4b3f2309df5614c53c7b858a8d,raw/2024-07_table09_group10001_info.json,4c843130fb07266b3e7e5d4b9e664489a53f74785f1c4f3b3e34ef3776f5e03e,caption_and_validated_request_info,Sektör,13,Toplam Mevduat - Yurt İçi Yerleşik,bold,127539,397537,1118952,2136100,11884219,15664348
2024-07,9,Mevduat Turler Itibariyla,10001,14,"Mevduat Türler İtibarıyla (milyon TL), Dönem:2024/7",milyon TL,raw/2024-07_table09_group10001.json,797830d871bb8012de44419c54ecff20185a3b4b3f2309df5614c53c7b858a8d,raw/2024-07_table09_group10001_info.json,4c843130fb07266b3e7e5d4b9e664489a53f74785f1c4f3b3e34ef3776f5e03e,caption_and_validated_request_info,Sektör,14,Mudi Sayısı - Yurt İçi Yerleşik*,bold,157356412,15516056,9126072,4182873,1591683,172186408
2024-07,9,Mevduat Turler Itibariyla,10001,15,"Mevduat Türler İtibarıyla (milyon TL), Dönem:2024/7",milyon TL,raw/2024-07_table09_group10001.json,797830d871bb8012de44419c54ecff20185a3b4b3f2309df5614c53c7b858a8d,raw/2024-07_table09_group10001_info.json,4c843130fb07266b3e7e5d4b9e664489a53f74785f1c4f3b3e34ef3776f5e03e,caption_and_validated_request_info,Sektör,15,TP Mevduat / Katılım Fonları - Yurt Dışı Yerleşik,bold,2352,8698,23248,41401,375516,451215
2024-07,9,Mevduat Turler Itibariyla,10001,16,"Mevduat Türler İtibarıyla (milyon TL), Dönem:2024/7",milyon TL,raw/2024-07_table09_group10001.json,797830d871bb8012de44419c54ecff20185a3b4b3f2309df5614c53c7b858a8d,raw/2024-07_table09_group10001_info.json,4c843130fb07266b3e7e5d4b9e664489a53f74785f1c4f3b3e34ef3776f5e03e,caption_and_validated_request_info,Sektör,16,a) Gerçek Kişiler,italic,2315,8552,22790,40539,307078,381274
2024-07,9,Mevduat Turler Itibariyla,10001,17,"Mevduat Türler İtibarıyla (milyon TL), Dönem:2024/7",milyon TL,raw/2024-07_table09_group10001.json,797830d871bb8012de44419c54ecff20185a3b4b3f2309df5614c53c7b858a8d,raw/2024-07_table09_group10001_info.json,4c843130fb07266b3e7e5d4b9e664489a53f74785f1c4f3b3e34ef3776f5e03e,caption_and_validated_request_info,Sektör,17,b) Ticari ve Diğer Kuruluşlar,italic,37,146,458,862,68438,69940
2024-07,9,Mevduat Turler Itibariyla,10001,18,"Mevduat Türler İtibarıyla (milyon TL), Dönem:2024/7",milyon TL,raw/2024-07_table09_group10001.json,797830d871bb8012de44419c54ecff20185a3b4b3f2309df5614c53c7b858a8d,raw/2024-07_table09_group10001_info.json,4c843130fb07266b3e7e5d4b9e664489a53f74785f1c4f3b3e34ef3776f5e03e,caption_and_validated_request_info,Sektör,18,Döviz Tevdiat Hesabı / Katılım Fonları - Yurt Dışı Yerleşik,bold,1894,4842,28216,91602,667781,794335
2024-07,9,Mevduat Turler Itibariyla,10001,19,"Mevduat Türler İtibarıyla (milyon TL), Dönem:2024/7",milyon TL,raw/2024-07_table09_group10001.json,797830d871bb8012de44419c54ecff20185a3b4b3f2309df5614c53c7b858a8d,raw/2024-07_table09_group10001_info.json,4c843130fb07266b3e7e5d4b9e664489a53f74785f1c4f3b3e34ef3776f5e03e,caption_and_validated_request_info,Sektör,19,a) Gerçek Kişiler,italic,1873,4712,27599,89533,455872,579590
2024-07,9,Mevduat Turler Itibariyla,10001,20,"Mevduat Türler İtibarıyla (milyon TL), Dönem:2024/7",milyon TL,raw/2024-07_table09_group10001.json,797830d871bb8012de44419c54ecff20185a3b4b3f2309df5614c53c7b858a8d,raw/2024-07_table09_group10001_info.json,4c843130fb07266b3e7e5d4b9e664489a53f74785f1c4f3b3e34ef3776f5e03e,caption_and_validated_request_info,Sektör,20,b) Ticari ve Diğer Kuruluşlar,italic,21,130,617,2069,211909,214746
2024-07,9,Mevduat Turler Itibariyla,10001,21,"Mevduat Türler İtibarıyla (milyon TL), Dönem:2024/7",milyon TL,raw/2024-07_table09_group10001.json,797830d871bb8012de44419c54ecff20185a3b4b3f2309df5614c53c7b858a8d,raw/2024-07_table09_group10001_info.json,4c843130fb07266b3e7e5d4b9e664489a53f74785f1c4f3b3e34ef3776f5e03e,caption_and_validated_request_info,Sektör,21,Kıymetli Maden Depo Hesapları - Yurt Dışı Yerleşik,bold,103,407,2634,7518,20164,30826
2024-07,9,Mevduat Turler Itibariyla,10001,22,"Mevduat Türler İtibarıyla (milyon TL), Dönem:2024/7",milyon TL,raw/2024-07_table09_group10001.json,797830d871bb8012de44419c54ecff20185a3b4b3f2309df5614c53c7b858a8d,raw/2024-07_table09_group10001_info.json,4c843130fb07266b3e7e5d4b9e664489a53f74785f1c4f3b3e34ef3776f5e03e,caption_and_validated_request_info,Sektör,22,a) Gerçek Kişiler,italic,99,403,2627,7497,19859,30485
2024-07,9,Mevduat Turler Itibariyla,10001,23,"Mevduat Türler İtibarıyla (milyon TL), Dönem:2024/7",milyon TL,raw/2024-07_table09_group10001.json,797830d871bb8012de44419c54ecff20185a3b4b3f2309df5614c53c7b858a8d,raw/2024-07_table09_group10001_info.json,4c843130fb07266b3e7e5d4b9e664489a53f74785f1c4f3b3e34ef3776f5e03e,caption_and_validated_request_info,Sektör,23,b) Ticari ve Diğer Kuruluşlar,italic,4,4,6,21,305,340
2024-07,9,Mevduat Turler Itibariyla,10001,24,"Mevduat Türler İtibarıyla (milyon TL), Dönem:2024/7",milyon TL,raw/2024-07_table09_group10001.json,797830d871bb8012de44419c54ecff20185a3b4b3f2309df5614c53c7b858a8d,raw/2024-07_table09_group10001_info.json,4c843130fb07266b3e7e5d4b9e664489a53f74785f1c4f3b3e34ef3776f5e03e,caption_and_validated_request_info,Sektör,24,Toplam Mevduat - Yurt Dışı Yerleşik,bold,4350,13947,54097,140521,1063461,1276376
2024-07,9,Mevduat Turler Itibariyla,10001,25,"Mevduat Türler İtibarıyla (milyon TL), Dönem:2024/7",milyon TL,raw/2024-07_table09_group10001.json,797830d871bb8012de44419c54ecff20185a3b4b3f2309df5614c53c7b858a8d,raw/2024-07_table09_group10001_info.json,4c843130fb07266b3e7e5d4b9e664489a53f74785f1c4f3b3e34ef3776f5e03e,caption_and_validated_request_info,Sektör,25,Mudi Sayısı - Yurt Dışı Yerleşik*,bold,2148492,498932,423972,257613,168073,2660566
2024-07,9,Mevduat Turler Itibariyla,10001,26,"Mevduat Türler İtibarıyla (milyon TL), Dönem:2024/7",milyon TL,raw/2024-07_table09_group10001.json,797830d871bb8012de44419c54ecff20185a3b4b3f2309df5614c53c7b858a8d,raw/2024-07_table09_group10001_info.json,4c843130fb07266b3e7e5d4b9e664489a53f74785f1c4f3b3e34ef3776f5e03e,caption_and_validated_request_info,Sektör,26,Toplam Mevduat,bold,131889,411484,1173049,2276621,12947680,16940723
2024-08,9,Mevduat Turler Itibariyla,10001,1,"Mevduat Türler İtibarıyla (milyon TL), Dönem:2024/8",milyon TL,raw/2024-08_table09_group10001.json,9fb5e0cb1efa1771e6df043a290873f93473075df8ab4454ed25501816eb0dc0,raw/2024-08_table09_group10001_info.json,d8781e0976c9ad6eece0deaaa27d960827962a127c44d6d8c0f37a0b6889e251,caption_and_validated_request_info,Sektör,1,TP Mevduat / Katılım Fonları - Yurt İçi Yerleşik,bold,109685,312931,647960,1213894,8045628,10330098
2024-08,9,Mevduat Turler Itibariyla,10001,2,"Mevduat Türler İtibarıyla (milyon TL), Dönem:2024/8",milyon TL,raw/2024-08_table09_group10001.json,9fb5e0cb1efa1771e6df043a290873f93473075df8ab4454ed25501816eb0dc0,raw/2024-08_table09_group10001_info.json,d8781e0976c9ad6eece0deaaa27d960827962a127c44d6d8c0f37a0b6889e251,caption_and_validated_request_info,Sektör,2,a) Gerçek Kişiler,italic,100975,284810,559933,1047774,4067483,6060976
2024-08,9,Mevduat Turler Itibariyla,10001,3,"Mevduat Türler İtibarıyla (milyon TL), Dönem:2024/8",milyon TL,raw/2024-08_table09_group10001.json,9fb5e0cb1efa1771e6df043a290873f93473075df8ab4454ed25501816eb0dc0,raw/2024-08_table09_group10001_info.json,d8781e0976c9ad6eece0deaaa27d960827962a127c44d6d8c0f37a0b6889e251,caption_and_validated_request_info,Sektör,3,b) Resmi Kuruluşlar,italic,128,451,1714,4000,414476,420768
2024-08,9,Mevduat Turler Itibariyla,10001,4,"Mevduat Türler İtibarıyla (milyon TL), Dönem:2024/8",milyon TL,raw/2024-08_table09_group10001.json,9fb5e0cb1efa1771e6df043a290873f93473075df8ab4454ed25501816eb0dc0,raw/2024-08_table09_group10001_info.json,d8781e0976c9ad6eece0deaaa27d960827962a127c44d6d8c0f37a0b6889e251,caption_and_validated_request_info,Sektör,4,c) Ticari ve Diğer Kuruluşlar,italic,8583,27670,86313,162119,3563669,3848355
2024-08,9,Mevduat Turler Itibariyla,10001,5,"Mevduat Türler İtibarıyla (milyon TL), Dönem:2024/8",milyon TL,raw/2024-08_table09_group10001.json,9fb5e0cb1efa1771e6df043a290873f93473075df8ab4454ed25501816eb0dc0,raw/2024-08_table09_group10001_info.json,d8781e0976c9ad6eece0deaaa27d960827962a127c44d6d8c0f37a0b6889e251,caption_and_validated_request_info,Sektör,5,Döviz Tevdiat Hesabı / Katılım Fonları - Yurt İçi Yerleşik,bold,8657,57810,288769,584413,3597590,4537239
2024-08,9,Mevduat Turler Itibariyla,10001,6,"Mevduat Türler İtibarıyla (milyon TL), Dönem:2024/8",milyon TL,raw/2024-08_table09_group10001.json,9fb5e0cb1efa1771e6df043a290873f93473075df8ab4454ed25501816eb0dc0,raw/2024-08_table09_group10001_info.json,d8781e0976c9ad6eece0deaaa27d960827962a127c44d6d8c0f37a0b6889e251,caption_and_validated_request_info,Sektör,6,a) Gerçek Kişiler,italic,8043,55094,274539,537290,1511581,2386548
2024-08,9,Mevduat Turler Itibariyla,10001,7,"Mevduat Türler İtibarıyla (milyon TL), Dönem:2024/8",milyon TL,raw/2024-08_table09_group10001.json,9fb5e0cb1efa1771e6df043a290873f93473075df8ab4454ed25501816eb0dc0,raw/2024-08_table09_group10001_info.json,d8781e0976c9ad6eece0deaaa27d960827962a127c44d6d8c0f37a0b6889e251,caption_and_validated_request_info,Sektör,7,b) Resmi Kuruluşlar,italic,3,70,106,296,86056,86530
2024-08,9,Mevduat Turler Itibariyla,10001,8,"Mevduat Türler İtibarıyla (milyon TL), Dönem:2024/8",milyon TL,raw/2024-08_table09_group10001.json,9fb5e0cb1efa1771e6df043a290873f93473075df8ab4454ed25501816eb0dc0,raw/2024-08_table09_group10001_info.json,d8781e0976c9ad6eece0deaaa27d960827962a127c44d6d8c0f37a0b6889e251,caption_and_validated_request_info,Sektör,8,c) Ticari ve Diğer Kuruluşlar,italic,611,2647,14123,46828,1999953,2064161
2024-08,9,Mevduat Turler Itibariyla,10001,9,"Mevduat Türler İtibarıyla (milyon TL), Dönem:2024/8",milyon TL,raw/2024-08_table09_group10001.json,9fb5e0cb1efa1771e6df043a290873f93473075df8ab4454ed25501816eb0dc0,raw/2024-08_table09_group10001_info.json,d8781e0976c9ad6eece0deaaa27d960827962a127c44d6d8c0f37a0b6889e251,caption_and_validated_request_info,Sektör,9,Kıymetli Maden Depo Hesapları - Yurt İçi Yerleşik,bold,7751,35960,214044,426888,582456,1267100
2024-08,9,Mevduat Turler Itibariyla,10001,10,"Mevduat Türler İtibarıyla (milyon TL), Dönem:2024/8",milyon TL,raw/2024-08_table09_group10001.json,9fb5e0cb1efa1771e6df043a290873f93473075df8ab4454ed25501816eb0dc0,raw/2024-08_table09_group10001_info.json,d8781e0976c9ad6eece0deaaa27d960827962a127c44d6d8c0f37a0b6889e251,caption_and_validated_request_info,Sektör,10,a) Gerçek Kişiler,italic,5585,35368,211675,420225,505531,1178383
2024-08,9,Mevduat Turler Itibariyla,10001,11,"Mevduat Türler İtibarıyla (milyon TL), Dönem:2024/8",milyon TL,raw/2024-08_table09_group10001.json,9fb5e0cb1efa1771e6df043a290873f93473075df8ab4454ed25501816eb0dc0,raw/2024-08_table09_group10001_info.json,d8781e0976c9ad6eece0deaaa27d960827962a127c44d6d8c0f37a0b6889e251,caption_and_validated_request_info,Sektör,11,b) Resmi Kuruluşlar,italic,0,1,7,11,106,125
2024-08,9,Mevduat Turler Itibariyla,10001,12,"Mevduat Türler İtibarıyla (milyon TL), Dönem:2024/8",milyon TL,raw/2024-08_table09_group10001.json,9fb5e0cb1efa1771e6df043a290873f93473075df8ab4454ed25501816eb0dc0,raw/2024-08_table09_group10001_info.json,d8781e0976c9ad6eece0deaaa27d960827962a127c44d6d8c0f37a0b6889e251,caption_and_validated_request_info,Sektör,12,c) Ticari ve Diğer Kuruluşlar,italic,2166,591,2362,6652,76820,88592
2024-08,9,Mevduat Turler Itibariyla,10001,13,"Mevduat Türler İtibarıyla (milyon TL), Dönem:2024/8",milyon TL,raw/2024-08_table09_group10001.json,9fb5e0cb1efa1771e6df043a290873f93473075df8ab4454ed25501816eb0dc0,raw/2024-08_table09_group10001_info.json,d8781e0976c9ad6eece0deaaa27d960827962a127c44d6d8c0f37a0b6889e251,caption_and_validated_request_info,Sektör,13,Toplam Mevduat - Yurt İçi Yerleşik,bold,126093,406701,1150773,2225195,12225675,16134436
2024-08,9,Mevduat Turler Itibariyla,10001,14,"Mevduat Türler İtibarıyla (milyon TL), Dönem:2024/8",milyon TL,raw/2024-08_table09_group10001.json,9fb5e0cb1efa1771e6df043a290873f93473075df8ab4454ed25501816eb0dc0,raw/2024-08_table09_group10001_info.json,d8781e0976c9ad6eece0deaaa27d960827962a127c44d6d8c0f37a0b6889e251,caption_and_validated_request_info,Sektör,14,Mudi Sayısı - Yurt İçi Yerleşik*,bold,157901987,15944151,9372356,4336150,1684933,173487188
2024-08,9,Mevduat Turler Itibariyla,10001,15,"Mevduat Türler İtibarıyla (milyon TL), Dönem:2024/8",milyon TL,raw/2024-08_table09_group10001.json,9fb5e0cb1efa1771e6df043a290873f93473075df8ab4454ed25501816eb0dc0,raw/2024-08_table09_group10001_info.json,d8781e0976c9ad6eece0deaaa27d960827962a127c44d6d8c0f37a0b6889e251,caption_and_validated_request_info,Sektör,15,TP Mevduat / Katılım Fonları - Yurt Dışı Yerleşik,bold,2424,8355,21840,41687,367500,441806
2024-08,9,Mevduat Turler Itibariyla,10001,16,"Mevduat Türler İtibarıyla (milyon TL), Dönem:2024/8",milyon TL,raw/2024-08_table09_group10001.json,9fb5e0cb1efa1771e6df043a290873f93473075df8ab4454ed25501816eb0dc0,raw/2024-08_table09_group10001_info.json,d8781e0976c9ad6eece0deaaa27d960827962a127c44d6d8c0f37a0b6889e251,caption_and_validated_request_info,Sektör,16,a) Gerçek Kişiler,italic,2387,8207,21359,40798,303597,376347
2024-08,9,Mevduat Turler Itibariyla,10001,17,"Mevduat Türler İtibarıyla (milyon TL), Dönem:2024/8",milyon TL,raw/2024-08_table09_group10001.json,9fb5e0cb1efa1771e6df043a290873f93473075df8ab4454ed25501816eb0dc0,raw/2024-08_table09_group10001_info.json,d8781e0976c9ad6eece0deaaa27d960827962a127c44d6d8c0f37a0b6889e251,caption_and_validated_request_info,Sektör,17,b) Ticari ve Diğer Kuruluşlar,italic,37,148,481,889,63903,65459
2024-08,9,Mevduat Turler Itibariyla,10001,18,"Mevduat Türler İtibarıyla (milyon TL), Dönem:2024/8",milyon TL,raw/2024-08_table09_group10001.json,9fb5e0cb1efa1771e6df043a290873f93473075df8ab4454ed25501816eb0dc0,raw/2024-08_table09_group10001_info.json,d8781e0976c9ad6eece0deaaa27d960827962a127c44d6d8c0f37a0b6889e251,caption_and_validated_request_info,Sektör,18,Döviz Tevdiat Hesabı / Katılım Fonları - Yurt Dışı Yerleşik,bold,1783,4885,27493,92421,720349,846931
2024-08,9,Mevduat Turler Itibariyla,10001,19,"Mevduat Türler İtibarıyla (milyon TL), Dönem:2024/8",milyon TL,raw/2024-08_table09_group10001.json,9fb5e0cb1efa1771e6df043a290873f93473075df8ab4454ed25501816eb0dc0,raw/2024-08_table09_group10001_info.json,d8781e0976c9ad6eece0deaaa27d960827962a127c44d6d8c0f37a0b6889e251,caption_and_validated_request_info,Sektör,19,a) Gerçek Kişiler,italic,1762,4755,26871,90294,497872,621554
2024-08,9,Mevduat Turler Itibariyla,10001,20,"Mevduat Türler İtibarıyla (milyon TL), Dönem:2024/8",milyon TL,raw/2024-08_table09_group10001.json,9fb5e0cb1efa1771e6df043a290873f93473075df8ab4454ed25501816eb0dc0,raw/2024-08_table09_group10001_info.json,d8781e0976c9ad6eece0deaaa27d960827962a127c44d6d8c0f37a0b6889e251,caption_and_validated_request_info,Sektör,20,b) Ticari ve Diğer Kuruluşlar,italic,22,130,621,2126,222477,225376
2024-08,9,Mevduat Turler Itibariyla,10001,21,"Mevduat Türler İtibarıyla (milyon TL), Dönem:2024/8",milyon TL,raw/2024-08_table09_group10001.json,9fb5e0cb1efa1771e6df043a290873f93473075df8ab4454ed25501816eb0dc0,raw/2024-08_table09_group10001_info.json,d8781e0976c9ad6eece0deaaa27d960827962a127c44d6d8c0f37a0b6889e251,caption_and_validated_request_info,Sektör,21,Kıymetli Maden Depo Hesapları - Yurt Dışı Yerleşik,bold,111,417,2689,8128,23290,34635
2024-08,9,Mevduat Turler Itibariyla,10001,22,"Mevduat Türler İtibarıyla (milyon TL), Dönem:2024/8",milyon TL,raw/2024-08_table09_group10001.json,9fb5e0cb1efa1771e6df043a290873f93473075df8ab4454ed25501816eb0dc0,raw/2024-08_table09_group10001_info.json,d8781e0976c9ad6eece0deaaa27d960827962a127c44d6d8c0f37a0b6889e251,caption_and_validated_request_info,Sektör,22,a) Gerçek Kişiler,italic,107,413,2683,8107,22941,34251
2024-08,9,Mevduat Turler Itibariyla,10001,23,"Mevduat Türler İtibarıyla (milyon TL), Dönem:2024/8",milyon TL,raw/2024-08_table09_group10001.json,9fb5e0cb1efa1771e6df043a290873f93473075df8ab4454ed25501816eb0dc0,raw/2024-08_table09_group10001_info.json,d8781e0976c9ad6eece0deaaa27d960827962a127c44d6d8c0f37a0b6889e251,caption_and_validated_request_info,Sektör,23,b) Ticari ve Diğer Kuruluşlar,italic,5,4,6,20,348,384
2024-08,9,Mevduat Turler Itibariyla,10001,24,"Mevduat Türler İtibarıyla (milyon TL), Dönem:2024/8",milyon TL,raw/2024-08_table09_group10001.json,9fb5e0cb1efa1771e6df043a290873f93473075df8ab4454ed25501816eb0dc0,raw/2024-08_table09_group10001_info.json,d8781e0976c9ad6eece0deaaa27d960827962a127c44d6d8c0f37a0b6889e251,caption_and_validated_request_info,Sektör,24,Toplam Mevduat - Yurt Dışı Yerleşik,bold,4318,13658,52022,142236,1111139,1323372
2024-08,9,Mevduat Turler Itibariyla,10001,25,"Mevduat Türler İtibarıyla (milyon TL), Dönem:2024/8",milyon TL,raw/2024-08_table09_group10001.json,9fb5e0cb1efa1771e6df043a290873f93473075df8ab4454ed25501816eb0dc0,raw/2024-08_table09_group10001_info.json,d8781e0976c9ad6eece0deaaa27d960827962a127c44d6d8c0f37a0b6889e251,caption_and_validated_request_info,Sektör,25,Mudi Sayısı - Yurt Dışı Yerleşik*,bold,2202073,495189,404142,259483,174524,2694774
2024-08,9,Mevduat Turler Itibariyla,10001,26,"Mevduat Türler İtibarıyla (milyon TL), Dönem:2024/8",milyon TL,raw/2024-08_table09_group10001.json,9fb5e0cb1efa1771e6df043a290873f93473075df8ab4454ed25501816eb0dc0,raw/2024-08_table09_group10001_info.json,d8781e0976c9ad6eece0deaaa27d960827962a127c44d6d8c0f37a0b6889e251,caption_and_validated_request_info,Sektör,26,Toplam Mevduat,bold,130411,420358,1202795,2367431,13336813,17457808
2024-09,9,Mevduat Turler Itibariyla,10001,1,"Mevduat Türler İtibarıyla (milyon TL), Dönem:2024/9",milyon TL,raw/2024-09_table09_group10001.json,4d581e1f9bb50e155313c660a41a78f8cf0be3bd4b2143722b933da9f7c0f792,raw/2024-09_table09_group10001_info.json,01067647e429865e71115299997bd8c686214222d46207f11629e08697f97395,caption_and_validated_request_info,Sektör,1,TP Mevduat / Katılım Fonları - Yurt İçi Yerleşik,bold,111017,302322,633353,1220056,8456785,10723533
2024-09,9,Mevduat Turler Itibariyla,10001,2,"Mevduat Türler İtibarıyla (milyon TL), Dönem:2024/9",milyon TL,raw/2024-09_table09_group10001.json,4d581e1f9bb50e155313c660a41a78f8cf0be3bd4b2143722b933da9f7c0f792,raw/2024-09_table09_group10001_info.json,01067647e429865e71115299997bd8c686214222d46207f11629e08697f97395,caption_and_validated_request_info,Sektör,2,a) Gerçek Kişiler,italic,102222,275478,552541,1069056,4166239,6165535
2024-09,9,Mevduat Turler Itibariyla,10001,3,"Mevduat Türler İtibarıyla (milyon TL), Dönem:2024/9",milyon TL,raw/2024-09_table09_group10001.json,4d581e1f9bb50e155313c660a41a78f8cf0be3bd4b2143722b933da9f7c0f792,raw/2024-09_table09_group10001_info.json,01067647e429865e71115299997bd8c686214222d46207f11629e08697f97395,caption_and_validated_request_info,Sektör,3,b) Resmi Kuruluşlar,italic,126,468,1796,4151,602039,608580
2024-09,9,Mevduat Turler Itibariyla,10001,4,"Mevduat Türler İtibarıyla (milyon TL), Dönem:2024/9",milyon TL,raw/2024-09_table09_group10001.json,4d581e1f9bb50e155313c660a41a78f8cf0be3bd4b2143722b933da9f7c0f792,raw/2024-09_table09_group10001_info.json,01067647e429865e71115299997bd8c686214222d46207f11629e08697f97395,caption_and_validated_request_info,Sektör,4,c) Ticari ve Diğer Kuruluşlar,italic,8670,26376,79017,146848,3688507,3949418
2024-09,9,Mevduat Turler Itibariyla,10001,5,"Mevduat Türler İtibarıyla (milyon TL), Dönem:2024/9",milyon TL,raw/2024-09_table09_group10001.json,4d581e1f9bb50e155313c660a41a78f8cf0be3bd4b2143722b933da9f7c0f792,raw/2024-09_table09_group10001_info.json,01067647e429865e71115299997bd8c686214222d46207f11629e08697f97395,caption_and_validated_request_info,Sektör,5,Döviz Tevdiat Hesabı / Katılım Fonları - Yurt İçi Yerleşik,bold,8622,57025,285621,580185,3480584,4412036
2024-09,9,Mevduat Turler Itibariyla,10001,6,"Mevduat Türler İtibarıyla (milyon TL), Dönem:2024/9",milyon TL,raw/2024-09_table09_group10001.json,4d581e1f9bb50e155313c660a41a78f8cf0be3bd4b2143722b933da9f7c0f792,raw/2024-09_table09_group10001_info.json,01067647e429865e71115299997bd8c686214222d46207f11629e08697f97395,caption_and_validated_request_info,Sektör,6,a) Gerçek Kişiler,italic,8003,54292,271564,534194,1482893,2350946
2024-09,9,Mevduat Turler Itibariyla,10001,7,"Mevduat Türler İtibarıyla (milyon TL), Dönem:2024/9",milyon TL,raw/2024-09_table09_group10001.json,4d581e1f9bb50e155313c660a41a78f8cf0be3bd4b2143722b933da9f7c0f792,raw/2024-09_table09_group10001_info.json,01067647e429865e71115299997bd8c686214222d46207f11629e08697f97395,caption_and_validated_request_info,Sektör,7,b) Resmi Kuruluşlar,italic,3,106,105,294,83459,83966
2024-09,9,Mevduat Turler Itibariyla,10001,8,"Mevduat Türler İtibarıyla (milyon TL), Dönem:2024/9",milyon TL,raw/2024-09_table09_group10001.json,4d581e1f9bb50e155313c660a41a78f8cf0be3bd4b2143722b933da9f7c0f792,raw/2024-09_table09_group10001_info.json,01067647e429865e71115299997bd8c686214222d46207f11629e08697f97395,caption_and_validated_request_info,Sektör,8,c) Ticari ve Diğer Kuruluşlar,italic,616,2627,13952,45697,1914232,1977124
2024-09,9,Mevduat Turler Itibariyla,10001,9,"Mevduat Türler İtibarıyla (milyon TL), Dönem:2024/9",milyon TL,raw/2024-09_table09_group10001.json,4d581e1f9bb50e155313c660a41a78f8cf0be3bd4b2143722b933da9f7c0f792,raw/2024-09_table09_group10001_info.json,01067647e429865e71115299997bd8c686214222d46207f11629e08697f97395,caption_and_validated_request_info,Sektör,9,Kıymetli Maden Depo Hesapları - Yurt İçi Yerleşik,bold,7954,35536,215884,454341,660858,1374572
2024-09,9,Mevduat Turler Itibariyla,10001,10,"Mevduat Türler İtibarıyla (milyon TL), Dönem:2024/9",milyon TL,raw/2024-09_table09_group10001.json,4d581e1f9bb50e155313c660a41a78f8cf0be3bd4b2143722b933da9f7c0f792,raw/2024-09_table09_group10001_info.json,01067647e429865e71115299997bd8c686214222d46207f11629e08697f97395,caption_and_validated_request_info,Sektör,10,a) Gerçek Kişiler,italic,5695,34909,213477,447385,571626,1273092
2024-09,9,Mevduat Turler Itibariyla,10001,11,"Mevduat Türler İtibarıyla (milyon TL), Dönem:2024/9",milyon TL,raw/2024-09_table09_group10001.json,4d581e1f9bb50e155313c660a41a78f8cf0be3bd4b2143722b933da9f7c0f792,raw/2024-09_table09_group10001_info.json,01067647e429865e71115299997bd8c686214222d46207f11629e08697f97395,caption_and_validated_request_info,Sektör,11,b) Resmi Kuruluşlar,italic,0,1,8,14,112,134
2024-09,9,Mevduat Turler Itibariyla,10001,12,"Mevduat Türler İtibarıyla (milyon TL), Dönem:2024/9",milyon TL,raw/2024-09_table09_group10001.json,4d581e1f9bb50e155313c660a41a78f8cf0be3bd4b2143722b933da9f7c0f792,raw/2024-09_table09_group10001_info.json,01067647e429865e71115299997bd8c686214222d46207f11629e08697f97395,caption_and_validated_request_info,Sektör,12,c) Ticari ve Diğer Kuruluşlar,italic,2259,626,2399,6942,89120,101346
2024-09,9,Mevduat Turler Itibariyla,10001,13,"Mevduat Türler İtibarıyla (milyon TL), Dönem:2024/9",milyon TL,raw/2024-09_table09_group10001.json,4d581e1f9bb50e155313c660a41a78f8cf0be3bd4b2143722b933da9f7c0f792,raw/2024-09_table09_group10001_info.json,01067647e429865e71115299997bd8c686214222d46207f11629e08697f97395,caption_and_validated_request_info,Sektör,13,Toplam Mevduat - Yurt İçi Yerleşik,bold,127593,394882,1134858,2254582,12598226,16510141
2024-09,9,Mevduat Turler Itibariyla,10001,14,"Mevduat Türler İtibarıyla (milyon TL), Dönem:2024/9",milyon TL,raw/2024-09_table09_group10001.json,4d581e1f9bb50e155313c660a41a78f8cf0be3bd4b2143722b933da9f7c0f792,raw/2024-09_table09_group10001_info.json,01067647e429865e71115299997bd8c686214222d46207f11629e08697f97395,caption_and_validated_request_info,Sektör,14,Mudi Sayısı - Yurt İçi Yerleşik*,bold,159434570,15552159,9182011,4372005,1725723,174597416
2024-09,9,Mevduat Turler Itibariyla,10001,15,"Mevduat Türler İtibarıyla (milyon TL), Dönem:2024/9",milyon TL,raw/2024-09_table09_group10001.json,4d581e1f9bb50e155313c660a41a78f8cf0be3bd4b2143722b933da9f7c0f792,raw/2024-09_table09_group10001_info.json,01067647e429865e71115299997bd8c686214222d46207f11629e08697f97395,caption_and_validated_request_info,Sektör,15,TP Mevduat / Katılım Fonları - Yurt Dışı Yerleşik,bold,2433,8383,21148,42049,372676,446689
2024-09,9,Mevduat Turler Itibariyla,10001,16,"Mevduat Türler İtibarıyla (milyon TL), Dönem:2024/9",milyon TL,raw/2024-09_table09_group10001.json,4d581e1f9bb50e155313c660a41a78f8cf0be3bd4b2143722b933da9f7c0f792,raw/2024-09_table09_group10001_info.json,01067647e429865e71115299997bd8c686214222d46207f11629e08697f97395,caption_and_validated_request_info,Sektör,16,a) Gerçek Kişiler,italic,2396,8237,20694,41185,307477,379989
2024-09,9,Mevduat Turler Itibariyla,10001,17,"Mevduat Türler İtibarıyla (milyon TL), Dönem:2024/9",milyon TL,raw/2024-09_table09_group10001.json,4d581e1f9bb50e155313c660a41a78f8cf0be3bd4b2143722b933da9f7c0f792,raw/2024-09_table09_group10001_info.json,01067647e429865e71115299997bd8c686214222d46207f11629e08697f97395,caption_and_validated_request_info,Sektör,17,b) Ticari ve Diğer Kuruluşlar,italic,38,146,454,864,65198,66700
2024-09,9,Mevduat Turler Itibariyla,10001,18,"Mevduat Türler İtibarıyla (milyon TL), Dönem:2024/9",milyon TL,raw/2024-09_table09_group10001.json,4d581e1f9bb50e155313c660a41a78f8cf0be3bd4b2143722b933da9f7c0f792,raw/2024-09_table09_group10001_info.json,01067647e429865e71115299997bd8c686214222d46207f11629e08697f97395,caption_and_validated_request_info,Sektör,18,Döviz Tevdiat Hesabı / Katılım Fonları - Yurt Dışı Yerleşik,bold,1835,4922,27225,92349,711187,837518
2024-09,9,Mevduat Turler Itibariyla,10001,19,"Mevduat Türler İtibarıyla (milyon TL), Dönem:2024/9",milyon TL,raw/2024-09_table09_group10001.json,4d581e1f9bb50e155313c660a41a78f8cf0be3bd4b2143722b933da9f7c0f792,raw/2024-09_table09_group10001_info.json,01067647e429865e71115299997bd8c686214222d46207f11629e08697f97395,caption_and_validated_request_info,Sektör,19,a) Gerçek Kişiler,italic,1813,4787,26606,90221,502629,626055
2024-09,9,Mevduat Turler Itibariyla,10001,20,"Mevduat Türler İtibarıyla (milyon TL), Dönem:2024/9",milyon TL,raw/2024-09_table09_group10001.json,4d581e1f9bb50e155313c660a41a78f8cf0be3bd4b2143722b933da9f7c0f792,raw/2024-09_table09_group10001_info.json,01067647e429865e71115299997bd8c686214222d46207f11629e08697f97395,caption_and_validated_request_info,Sektör,20,b) Ticari ve Diğer Kuruluşlar,italic,22,135,619,2128,208558,211463
2024-09,9,Mevduat Turler Itibariyla,10001,21,"Mevduat Türler İtibarıyla (milyon TL), Dönem:2024/9",milyon TL,raw/2024-09_table09_group10001.json,4d581e1f9bb50e155313c660a41a78f8cf0be3bd4b2143722b933da9f7c0f792,raw/2024-09_table09_group10001_info.json,01067647e429865e71115299997bd8c686214222d46207f11629e08697f97395,caption_and_validated_request_info,Sektör,21,Kıymetli Maden Depo Hesapları - Yurt Dışı Yerleşik,bold,117,440,2779,8664,26184,38184
2024-09,9,Mevduat Turler Itibariyla,10001,22,"Mevduat Türler İtibarıyla (milyon TL), Dönem:2024/9",milyon TL,raw/2024-09_table09_group10001.json,4d581e1f9bb50e155313c660a41a78f8cf0be3bd4b2143722b933da9f7c0f792,raw/2024-09_table09_group10001_info.json,01067647e429865e71115299997bd8c686214222d46207f11629e08697f97395,caption_and_validated_request_info,Sektör,22,a) Gerçek Kişiler,italic,113,435,2772,8642,25793,37755
2024-09,9,Mevduat Turler Itibariyla,10001,23,"Mevduat Türler İtibarıyla (milyon TL), Dönem:2024/9",milyon TL,raw/2024-09_table09_group10001.json,4d581e1f9bb50e155313c660a41a78f8cf0be3bd4b2143722b933da9f7c0f792,raw/2024-09_table09_group10001_info.json,01067647e429865e71115299997bd8c686214222d46207f11629e08697f97395,caption_and_validated_request_info,Sektör,23,b) Ticari ve Diğer Kuruluşlar,italic,5,4,7,22,391,429
2024-09,9,Mevduat Turler Itibariyla,10001,24,"Mevduat Türler İtibarıyla (milyon TL), Dönem:2024/9",milyon TL,raw/2024-09_table09_group10001.json,4d581e1f9bb50e155313c660a41a78f8cf0be3bd4b2143722b933da9f7c0f792,raw/2024-09_table09_group10001_info.json,01067647e429865e71115299997bd8c686214222d46207f11629e08697f97395,caption_and_validated_request_info,Sektör,24,Toplam Mevduat - Yurt Dışı Yerleşik,bold,4385,13744,51152,143063,1110046,1322391
2024-09,9,Mevduat Turler Itibariyla,10001,25,"Mevduat Türler İtibarıyla (milyon TL), Dönem:2024/9",milyon TL,raw/2024-09_table09_group10001.json,4d581e1f9bb50e155313c660a41a78f8cf0be3bd4b2143722b933da9f7c0f792,raw/2024-09_table09_group10001_info.json,01067647e429865e71115299997bd8c686214222d46207f11629e08697f97395,caption_and_validated_request_info,Sektör,25,Mudi Sayısı - Yurt Dışı Yerleşik*,bold,2228805,500358,396163,259743,176209,2716719
2024-09,9,Mevduat Turler Itibariyla,10001,26,"Mevduat Türler İtibarıyla (milyon TL), Dönem:2024/9",milyon TL,raw/2024-09_table09_group10001.json,4d581e1f9bb50e155313c660a41a78f8cf0be3bd4b2143722b933da9f7c0f792,raw/2024-09_table09_group10001_info.json,01067647e429865e71115299997bd8c686214222d46207f11629e08697f97395,caption_and_validated_request_info,Sektör,26,Toplam Mevduat,bold,131979,408626,1186010,2397644,13708273,17832532
2024-10,9,Mevduat Turler Itibariyla,10001,1,"Mevduat Türler İtibarıyla (milyon TL), Dönem:2024/10",milyon TL,raw/2024-10_table09_group10001.json,ebc2b750b59f30335704cbf6117f93002f731fb21f7d92a3c66da8ee6960377a,raw/2024-10_table09_group10001_info.json,35953d2c20c0758446c0a87731fea2dd43548740e83e04b402cb808e6edbd3d0,caption_and_validated_request_info,Sektör,1,TP Mevduat / Katılım Fonları - Yurt İçi Yerleşik,bold,109483,296038,634664,1249481,8750383,11040050
2024-10,9,Mevduat Turler Itibariyla,10001,2,"Mevduat Türler İtibarıyla (milyon TL), Dönem:2024/10",milyon TL,raw/2024-10_table09_group10001.json,ebc2b750b59f30335704cbf6117f93002f731fb21f7d92a3c66da8ee6960377a,raw/2024-10_table09_group10001_info.json,35953d2c20c0758446c0a87731fea2dd43548740e83e04b402cb808e6edbd3d0,caption_and_validated_request_info,Sektör,2,a) Gerçek Kişiler,italic,100654,269044,552050,1090374,4336715,6348838
2024-10,9,Mevduat Turler Itibariyla,10001,3,"Mevduat Türler İtibarıyla (milyon TL), Dönem:2024/10",milyon TL,raw/2024-10_table09_group10001.json,ebc2b750b59f30335704cbf6117f93002f731fb21f7d92a3c66da8ee6960377a,raw/2024-10_table09_group10001_info.json,35953d2c20c0758446c0a87731fea2dd43548740e83e04b402cb808e6edbd3d0,caption_and_validated_request_info,Sektör,3,b) Resmi Kuruluşlar,italic,123,468,1820,4218,553062,559692
2024-10,9,Mevduat Turler Itibariyla,10001,4,"Mevduat Türler İtibarıyla (milyon TL), Dönem:2024/10",milyon TL,raw/2024-10_table09_group10001.json,ebc2b750b59f30335704cbf6117f93002f731fb21f7d92a3c66da8ee6960377a,raw/2024-10_table09_group10001_info.json,35953d2c20c0758446c0a87731fea2dd43548740e83e04b402cb808e6edbd3d0,caption_and_validated_request_info,Sektör,4,c) Ticari ve Diğer Kuruluşlar,italic,8706,26527,80794,154888,3860605,4131520
2024-10,9,Mevduat Turler Itibariyla,10001,5,"Mevduat Türler İtibarıyla (milyon TL), Dönem:2024/10",milyon TL,raw/2024-10_table09_group10001.json,ebc2b750b59f30335704cbf6117f93002f731fb21f7d92a3c66da8ee6960377a,raw/2024-10_table09_group10001_info.json,35953d2c20c0758446c0a87731fea2dd43548740e83e04b402cb808e6edbd3d0,caption_and_validated_request_info,Sektör,5,Döviz Tevdiat Hesabı / Katılım Fonları - Yurt İçi Yerleşik,bold,8571,56001,279667,567887,3391485,4303611
2024-10,9,Mevduat Turler Itibariyla,10001,6,"Mevduat Türler İtibarıyla (milyon TL), Dönem:2024/10",milyon TL,raw/2024-10_table09_group10001.json,ebc2b750b59f30335704cbf6117f93002f731fb21f7d92a3c66da8ee6960377a,raw/2024-10_table09_group10001_info.json,35953d2c20c0758446c0a87731fea2dd43548740e83e04b402cb808e6edbd3d0,caption_and_validated_request_info,Sektör,6,a) Gerçek Kişiler,italic,7953,53379,265662,521949,1450941,2299884
2024-10,9,Mevduat Turler Itibariyla,10001,7,"Mevduat Türler İtibarıyla (milyon TL), Dönem:2024/10",milyon TL,raw/2024-10_table09_group10001.json,ebc2b750b59f30335704cbf6117f93002f731fb21f7d92a3c66da8ee6960377a,raw/2024-10_table09_group10001_info.json,35953d2c20c0758446c0a87731fea2dd43548740e83e04b402cb808e6edbd3d0,caption_and_validated_request_info,Sektör,7,b) Resmi Kuruluşlar,italic,3,15,183,294,79474,79968
2024-10,9,Mevduat Turler Itibariyla,10001,8,"Mevduat Türler İtibarıyla (milyon TL), Dönem:2024/10",milyon TL,raw/2024-10_table09_group10001.json,ebc2b750b59f30335704cbf6117f93002f731fb21f7d92a3c66da8ee6960377a,raw/2024-10_table09_group10001_info.json,35953d2c20c0758446c0a87731fea2dd43548740e83e04b402cb808e6edbd3d0,caption_and_validated_request_info,Sektör,8,c) Ticari ve Diğer Kuruluşlar,italic,615,2607,13823,45643,1861071,1923759
2024-10,9,Mevduat Turler Itibariyla,10001,9,"Mevduat Türler İtibarıyla (milyon TL), Dönem:2024/10",milyon TL,raw/2024-10_table09_group10001.json,ebc2b750b59f30335704cbf6117f93002f731fb21f7d92a3c66da8ee6960377a,raw/2024-10_table09_group10001_info.json,35953d2c20c0758446c0a87731fea2dd43548740e83e04b402cb808e6edbd3d0,caption_and_validated_request_info,Sektör,9,Kıymetli Maden Depo Hesapları - Yurt İçi Yerleşik,bold,8147,35255,215650,467911,712763,1439725
2024-10,9,Mevduat Turler Itibariyla,10001,10,"Mevduat Türler İtibarıyla (milyon TL), Dönem:2024/10",milyon TL,raw/2024-10_table09_group10001.json,ebc2b750b59f30335704cbf6117f93002f731fb21f7d92a3c66da8ee6960377a,raw/2024-10_table09_group10001_info.json,35953d2c20c0758446c0a87731fea2dd43548740e83e04b402cb808e6edbd3d0,caption_and_validated_request_info,Sektör,10,a) Gerçek Kişiler,italic,5811,34602,213230,460804,615029,1329476
2024-10,9,Mevduat Turler Itibariyla,10001,11,"Mevduat Türler İtibarıyla (milyon TL), Dönem:2024/10",milyon TL,raw/2024-10_table09_group10001.json,ebc2b750b59f30335704cbf6117f93002f731fb21f7d92a3c66da8ee6960377a,raw/2024-10_table09_group10001_info.json,35953d2c20c0758446c0a87731fea2dd43548740e83e04b402cb808e6edbd3d0,caption_and_validated_request_info,Sektör,11,b) Resmi Kuruluşlar,italic,0,1,7,16,115,138
2024-10,9,Mevduat Turler Itibariyla,10001,12,"Mevduat Türler İtibarıyla (milyon TL), Dönem:2024/10",milyon TL,raw/2024-10_table09_group10001.json,ebc2b750b59f30335704cbf6117f93002f731fb21f7d92a3c66da8ee6960377a,raw/2024-10_table09_group10001_info.json,35953d2c20c0758446c0a87731fea2dd43548740e83e04b402cb808e6edbd3d0,caption_and_validated_request_info,Sektör,12,c) Ticari ve Diğer Kuruluşlar,italic,2336,652,2413,7091,97619,110110
2024-10,9,Mevduat Turler Itibariyla,10001,13,"Mevduat Türler İtibarıyla (milyon TL), Dönem:2024/10",milyon TL,raw/2024-10_table09_group10001.json,ebc2b750b59f30335704cbf6117f93002f731fb21f7d92a3c66da8ee6960377a,raw/2024-10_table09_group10001_info.json,35953d2c20c0758446c0a87731fea2dd43548740e83e04b402cb808e6edbd3d0,caption_and_validated_request_info,Sektör,13,Toplam Mevduat - Yurt İçi Yerleşik,bold,126202,387294,1129981,2285279,12854630,16783386
2024-10,9,Mevduat Turler Itibariyla,10001,14,"Mevduat Türler İtibarıyla (milyon TL), Dönem:2024/10",milyon TL,raw/2024-10_table09_group10001.json,ebc2b750b59f30335704cbf6117f93002f731fb21f7d92a3c66da8ee6960377a,raw/2024-10_table09_group10001_info.json,35953d2c20c0758446c0a87731fea2dd43548740e83e04b402cb808e6edbd3d0,caption_and_validated_request_info,Sektör,14,Mudi Sayısı - Yurt İçi Yerleşik*,bold,160852062,15256415,9127609,4421848,1782567,175714257
2024-10,9,Mevduat Turler Itibariyla,10001,15,"Mevduat Türler İtibarıyla (milyon TL), Dönem:2024/10",milyon TL,raw/2024-10_table09_group10001.json,ebc2b750b59f30335704cbf6117f93002f731fb21f7d92a3c66da8ee6960377a,raw/2024-10_table09_group10001_info.json,35953d2c20c0758446c0a87731fea2dd43548740e83e04b402cb808e6edbd3d0,caption_and_validated_request_info,Sektör,15,TP Mevduat / Katılım Fonları - Yurt Dışı Yerleşik,bold,2403,8730,21341,42717,382878,458069
2024-10,9,Mevduat Turler Itibariyla,10001,16,"Mevduat Türler İtibarıyla (milyon TL), Dönem:2024/10",milyon TL,raw/2024-10_table09_group10001.json,ebc2b750b59f30335704cbf6117f93002f731fb21f7d92a3c66da8ee6960377a,raw/2024-10_table09_group10001_info.json,35953d2c20c0758446c0a87731fea2dd43548740e83e04b402cb808e6edbd3d0,caption_and_validated_request_info,Sektör,16,a) Gerçek Kişiler,italic,2365,8580,20851,41781,315748,389325
2024-10,9,Mevduat Turler Itibariyla,10001,17,"Mevduat Türler İtibarıyla (milyon TL), Dönem:2024/10",milyon TL,raw/2024-10_table09_group10001.json,ebc2b750b59f30335704cbf6117f93002f731fb21f7d92a3c66da8ee6960377a,raw/2024-10_table09_group10001_info.json,35953d2c20c0758446c0a87731fea2dd43548740e83e04b402cb808e6edbd3d0,caption_and_validated_request_info,Sektör,17,b) Ticari ve Diğer Kuruluşlar,italic,38,150,490,936,67130,68744
2024-10,9,Mevduat Turler Itibariyla,10001,18,"Mevduat Türler İtibarıyla (milyon TL), Dönem:2024/10",milyon TL,raw/2024-10_table09_group10001.json,ebc2b750b59f30335704cbf6117f93002f731fb21f7d92a3c66da8ee6960377a,raw/2024-10_table09_group10001_info.json,35953d2c20c0758446c0a87731fea2dd43548740e83e04b402cb808e6edbd3d0,caption_and_validated_request_info,Sektör,18,Döviz Tevdiat Hesabı / Katılım Fonları - Yurt Dışı Yerleşik,bold,1885,4937,27011,91308,695448,820589
2024-10,9,Mevduat Turler Itibariyla,10001,19,"Mevduat Türler İtibarıyla (milyon TL), Dönem:2024/10",milyon TL,raw/2024-10_table09_group10001.json,ebc2b750b59f30335704cbf6117f93002f731fb21f7d92a3c66da8ee6960377a,raw/2024-10_table09_group10001_info.json,35953d2c20c0758446c0a87731fea2dd43548740e83e04b402cb808e6edbd3d0,caption_and_validated_request_info,Sektör,19,a) Gerçek Kişiler,italic,1862,4802,26389,89167,493647,615867
2024-10,9,Mevduat Turler Itibariyla,10001,20,"Mevduat Türler İtibarıyla (milyon TL), Dönem:2024/10",milyon TL,raw/2024-10_table09_group10001.json,ebc2b750b59f30335704cbf6117f93002f731fb21f7d92a3c66da8ee6960377a,raw/2024-10_table09_group10001_info.json,35953d2c20c0758446c0a87731fea2dd43548740e83e04b402cb808e6edbd3d0,caption_and_validated_request_info,Sektör,20,b) Ticari ve Diğer Kuruluşlar,italic,22,135,622,2141,201801,204721
2024-10,9,Mevduat Turler Itibariyla,10001,21,"Mevduat Türler İtibarıyla (milyon TL), Dönem:2024/10",milyon TL,raw/2024-10_table09_group10001.json,ebc2b750b59f30335704cbf6117f93002f731fb21f7d92a3c66da8ee6960377a,raw/2024-10_table09_group10001_info.json,35953d2c20c0758446c0a87731fea2dd43548740e83e04b402cb808e6edbd3d0,caption_and_validated_request_info,Sektör,21,Kıymetli Maden Depo Hesapları - Yurt Dışı Yerleşik,bold,120,462,2861,8985,28417,40844
2024-10,9,Mevduat Turler Itibariyla,10001,22,"Mevduat Türler İtibarıyla (milyon TL), Dönem:2024/10",milyon TL,raw/2024-10_table09_group10001.json,ebc2b750b59f30335704cbf6117f93002f731fb21f7d92a3c66da8ee6960377a,raw/2024-10_table09_group10001_info.json,35953d2c20c0758446c0a87731fea2dd43548740e83e04b402cb808e6edbd3d0,caption_and_validated_request_info,Sektör,22,a) Gerçek Kişiler,italic,116,455,2853,8959,27649,40033
2024-10,9,Mevduat Turler Itibariyla,10001,23,"Mevduat Türler İtibarıyla (milyon TL), Dönem:2024/10",milyon TL,raw/2024-10_table09_group10001.json,ebc2b750b59f30335704cbf6117f93002f731fb21f7d92a3c66da8ee6960377a,raw/2024-10_table09_group10001_info.json,35953d2c20c0758446c0a87731fea2dd43548740e83e04b402cb808e6edbd3d0,caption_and_validated_request_info,Sektör,23,b) Ticari ve Diğer Kuruluşlar,italic,4,7,8,26,767,811
2024-10,9,Mevduat Turler Itibariyla,10001,24,"Mevduat Türler İtibarıyla (milyon TL), Dönem:2024/10",milyon TL,raw/2024-10_table09_group10001.json,ebc2b750b59f30335704cbf6117f93002f731fb21f7d92a3c66da8ee6960377a,raw/2024-10_table09_group10001_info.json,35953d2c20c0758446c0a87731fea2dd43548740e83e04b402cb808e6edbd3d0,caption_and_validated_request_info,Sektör,24,Toplam Mevduat - Yurt Dışı Yerleşik,bold,4407,14128,51213,143010,1106743,1319502
2024-10,9,Mevduat Turler Itibariyla,10001,25,"Mevduat Türler İtibarıyla (milyon TL), Dönem:2024/10",milyon TL,raw/2024-10_table09_group10001.json,ebc2b750b59f30335704cbf6117f93002f731fb21f7d92a3c66da8ee6960377a,raw/2024-10_table09_group10001_info.json,35953d2c20c0758446c0a87731fea2dd43548740e83e04b402cb808e6edbd3d0,caption_and_validated_request_info,Sektör,25,Mudi Sayısı - Yurt Dışı Yerleşik*,bold,2241505,512653,398748,260223,176131,2737533
2024-10,9,Mevduat Turler Itibariyla,10001,26,"Mevduat Türler İtibarıyla (milyon TL), Dönem:2024/10",milyon TL,raw/2024-10_table09_group10001.json,ebc2b750b59f30335704cbf6117f93002f731fb21f7d92a3c66da8ee6960377a,raw/2024-10_table09_group10001_info.json,35953d2c20c0758446c0a87731fea2dd43548740e83e04b402cb808e6edbd3d0,caption_and_validated_request_info,Sektör,26,Toplam Mevduat,bold,130609,401422,1181194,2428289,13961373,18102888
2024-11,9,Mevduat Turler Itibariyla,10001,1,"Mevduat Türler İtibarıyla (milyon TL), Dönem:2024/11",milyon TL,raw/2024-11_table09_group10001.json,ef74e7e50827e8da28a9cc5e7e14ac11edc7a17f147b3a99aa24550471080477,raw/2024-11_table09_group10001_info.json,55ac36b0a5b0b8f298f84b17a6e52c285c7138f5af2696516fedf426e4552e54,caption_and_validated_request_info,Sektör,1,TP Mevduat / Katılım Fonları - Yurt İçi Yerleşik,bold,112235,297698,635327,1264060,8857763,11167083
2024-11,9,Mevduat Turler Itibariyla,10001,2,"Mevduat Türler İtibarıyla (milyon TL), Dönem:2024/11",milyon TL,raw/2024-11_table09_group10001.json,ef74e7e50827e8da28a9cc5e7e14ac11edc7a17f147b3a99aa24550471080477,raw/2024-11_table09_group10001_info.json,55ac36b0a5b0b8f298f84b17a6e52c285c7138f5af2696516fedf426e4552e54,caption_and_validated_request_info,Sektör,2,a) Gerçek Kişiler,italic,103367,269698,546977,1094569,4485247,6499858
2024-11,9,Mevduat Turler Itibariyla,10001,3,"Mevduat Türler İtibarıyla (milyon TL), Dönem:2024/11",milyon TL,raw/2024-11_table09_group10001.json,ef74e7e50827e8da28a9cc5e7e14ac11edc7a17f147b3a99aa24550471080477,raw/2024-11_table09_group10001_info.json,55ac36b0a5b0b8f298f84b17a6e52c285c7138f5af2696516fedf426e4552e54,caption_and_validated_request_info,Sektör,3,b) Resmi Kuruluşlar,italic,124,472,1871,4340,375097,381905
2024-11,9,Mevduat Turler Itibariyla,10001,4,"Mevduat Türler İtibarıyla (milyon TL), Dönem:2024/11",milyon TL,raw/2024-11_table09_group10001.json,ef74e7e50827e8da28a9cc5e7e14ac11edc7a17f147b3a99aa24550471080477,raw/2024-11_table09_group10001_info.json,55ac36b0a5b0b8f298f84b17a6e52c285c7138f5af2696516fedf426e4552e54,caption_and_validated_request_info,Sektör,4,c) Ticari ve Diğer Kuruluşlar,italic,8744,27528,86479,165151,3997419,4285321
2024-11,9,Mevduat Turler Itibariyla,10001,5,"Mevduat Türler İtibarıyla (milyon TL), Dönem:2024/11",milyon TL,raw/2024-11_table09_group10001.json,ef74e7e50827e8da28a9cc5e7e14ac11edc7a17f147b3a99aa24550471080477,raw/2024-11_table09_group10001_info.json,55ac36b0a5b0b8f298f84b17a6e52c285c7138f5af2696516fedf426e4552e54,caption_and_validated_request_info,Sektör,5,Döviz Tevdiat Hesabı / Katılım Fonları - Yurt İçi Yerleşik,bold,8548,55149,273893,557243,3388692,4283525
2024-11,9,Mevduat Turler Itibariyla,10001,6,"Mevduat Türler İtibarıyla (milyon TL), Dönem:2024/11",milyon TL,raw/2024-11_table09_group10001.json,ef74e7e50827e8da28a9cc5e7e14ac11edc7a17f147b3a99aa24550471080477,raw/2024-11_table09_group10001_info.json,55ac36b0a5b0b8f298f84b17a6e52c285c7138f5af2696516fedf426e4552e54,caption_and_validated_request_info,Sektör,6,a) Gerçek Kişiler,italic,7927,52438,259956,512072,1434342,2266735
2024-11,9,Mevduat Turler Itibariyla,10001,7,"Mevduat Türler İtibarıyla (milyon TL), Dönem:2024/11",milyon TL,raw/2024-11_table09_group10001.json,ef74e7e50827e8da28a9cc5e7e14ac11edc7a17f147b3a99aa24550471080477,raw/2024-11_table09_group10001_info.json,55ac36b0a5b0b8f298f84b17a6e52c285c7138f5af2696516fedf426e4552e54,caption_and_validated_request_info,Sektör,7,b) Resmi Kuruluşlar,italic,3,111,103,303,87029,87548
2024-11,9,Mevduat Turler Itibariyla,10001,8,"Mevduat Türler İtibarıyla (milyon TL), Dönem:2024/11",milyon TL,raw/2024-11_table09_group10001.json,ef74e7e50827e8da28a9cc5e7e14ac11edc7a17f147b3a99aa24550471080477,raw/2024-11_table09_group10001_info.json,55ac36b0a5b0b8f298f84b17a6e52c285c7138f5af2696516fedf426e4552e54,caption_and_validated_request_info,Sektör,8,c) Ticari ve Diğer Kuruluşlar,italic,618,2601,13834,44867,1867321,1929242
2024-11,9,Mevduat Turler Itibariyla,10001,9,"Mevduat Türler İtibarıyla (milyon TL), Dönem:2024/11",milyon TL,raw/2024-11_table09_group10001.json,ef74e7e50827e8da28a9cc5e7e14ac11edc7a17f147b3a99aa24550471080477,raw/2024-11_table09_group10001_info.json,55ac36b0a5b0b8f298f84b17a6e52c285c7138f5af2696516fedf426e4552e54,caption_and_validated_request_info,Sektör,9,Kıymetli Maden Depo Hesapları - Yurt İçi Yerleşik,bold,8128,35836,215722,460334,711981,1432001
2024-11,9,Mevduat Turler Itibariyla,10001,10,"Mevduat Türler İtibarıyla (milyon TL), Dönem:2024/11",milyon TL,raw/2024-11_table09_group10001.json,ef74e7e50827e8da28a9cc5e7e14ac11edc7a17f147b3a99aa24550471080477,raw/2024-11_table09_group10001_info.json,55ac36b0a5b0b8f298f84b17a6e52c285c7138f5af2696516fedf426e4552e54,caption_and_validated_request_info,Sektör,10,a) Gerçek Kişiler,italic,5856,35162,213275,453239,612150,1319682
2024-11,9,Mevduat Turler Itibariyla,10001,11,"Mevduat Türler İtibarıyla (milyon TL), Dönem:2024/11",milyon TL,raw/2024-11_table09_group10001.json,ef74e7e50827e8da28a9cc5e7e14ac11edc7a17f147b3a99aa24550471080477,raw/2024-11_table09_group10001_info.json,55ac36b0a5b0b8f298f84b17a6e52c285c7138f5af2696516fedf426e4552e54,caption_and_validated_request_info,Sektör,11,b) Resmi Kuruluşlar,italic,0,1,8,14,114,137
2024-11,9,Mevduat Turler Itibariyla,10001,12,"Mevduat Türler İtibarıyla (milyon TL), Dönem:2024/11",milyon TL,raw/2024-11_table09_group10001.json,ef74e7e50827e8da28a9cc5e7e14ac11edc7a17f147b3a99aa24550471080477,raw/2024-11_table09_group10001_info.json,55ac36b0a5b0b8f298f84b17a6e52c285c7138f5af2696516fedf426e4552e54,caption_and_validated_request_info,Sektör,12,c) Ticari ve Diğer Kuruluşlar,italic,2272,672,2439,7081,99717,112181
2024-11,9,Mevduat Turler Itibariyla,10001,13,"Mevduat Türler İtibarıyla (milyon TL), Dönem:2024/11",milyon TL,raw/2024-11_table09_group10001.json,ef74e7e50827e8da28a9cc5e7e14ac11edc7a17f147b3a99aa24550471080477,raw/2024-11_table09_group10001_info.json,55ac36b0a5b0b8f298f84b17a6e52c285c7138f5af2696516fedf426e4552e54,caption_and_validated_request_info,Sektör,13,Toplam Mevduat - Yurt İçi Yerleşik,bold,128911,388683,1124942,2281637,12958436,16882609
2024-11,9,Mevduat Turler Itibariyla,10001,14,"Mevduat Türler İtibarıyla (milyon TL), Dönem:2024/11",milyon TL,raw/2024-11_table09_group10001.json,ef74e7e50827e8da28a9cc5e7e14ac11edc7a17f147b3a99aa24550471080477,raw/2024-11_table09_group10001_info.json,55ac36b0a5b0b8f298f84b17a6e52c285c7138f5af2696516fedf426e4552e54,caption_and_validated_request_info,Sektör,14,Mudi Sayısı - Yurt İçi Yerleşik*,bold,162238722,15380606,9089998,4415390,1811009,177205016
2024-11,9,Mevduat Turler Itibariyla,10001,15,"Mevduat Türler İtibarıyla (milyon TL), Dönem:2024/11",milyon TL,raw/2024-11_table09_group10001.json,ef74e7e50827e8da28a9cc5e7e14ac11edc7a17f147b3a99aa24550471080477,raw/2024-11_table09_group10001_info.json,55ac36b0a5b0b8f298f84b17a6e52c285c7138f5af2696516fedf426e4552e54,caption_and_validated_request_info,Sektör,15,TP Mevduat / Katılım Fonları - Yurt Dışı Yerleşik,bold,2392,8905,22241,43342,379722,456602
2024-11,9,Mevduat Turler Itibariyla,10001,16,"Mevduat Türler İtibarıyla (milyon TL), Dönem:2024/11",milyon TL,raw/2024-11_table09_group10001.json,ef74e7e50827e8da28a9cc5e7e14ac11edc7a17f147b3a99aa24550471080477,raw/2024-11_table09_group10001_info.json,55ac36b0a5b0b8f298f84b17a6e52c285c7138f5af2696516fedf426e4552e54,caption_and_validated_request_info,Sektör,16,a) Gerçek Kişiler,italic,2353,8752,21733,42366,327264,402469
2024-11,9,Mevduat Turler Itibariyla,10001,17,"Mevduat Türler İtibarıyla (milyon TL), Dönem:2024/11",milyon TL,raw/2024-11_table09_group10001.json,ef74e7e50827e8da28a9cc5e7e14ac11edc7a17f147b3a99aa24550471080477,raw/2024-11_table09_group10001_info.json,55ac36b0a5b0b8f298f84b17a6e52c285c7138f5af2696516fedf426e4552e54,caption_and_validated_request_info,Sektör,17,b) Ticari ve Diğer Kuruluşlar,italic,38,153,508,976,52458,54133
2024-11,9,Mevduat Turler Itibariyla,10001,18,"Mevduat Türler İtibarıyla (milyon TL), Dönem:2024/11",milyon TL,raw/2024-11_table09_group10001.json,ef74e7e50827e8da28a9cc5e7e14ac11edc7a17f147b3a99aa24550471080477,raw/2024-11_table09_group10001_info.json,55ac36b0a5b0b8f298f84b17a6e52c285c7138f5af2696516fedf426e4552e54,caption_and_validated_request_info,Sektör,18,Döviz Tevdiat Hesabı / Katılım Fonları - Yurt Dışı Yerleşik,bold,1960,4932,26877,90901,668926,793596
2024-11,9,Mevduat Turler Itibariyla,10001,19,"Mevduat Türler İtibarıyla (milyon TL), Dönem:2024/11",milyon TL,raw/2024-11_table09_group10001.json,ef74e7e50827e8da28a9cc5e7e14ac11edc7a17f147b3a99aa24550471080477,raw/2024-11_table09_group10001_info.json,55ac36b0a5b0b8f298f84b17a6e52c285c7138f5af2696516fedf426e4552e54,caption_and_validated_request_info,Sektör,19,a) Gerçek Kişiler,italic,1938,4796,26234,88760,488897,610625
2024-11,9,Mevduat Turler Itibariyla,10001,20,"Mevduat Türler İtibarıyla (milyon TL), Dönem:2024/11",milyon TL,raw/2024-11_table09_group10001.json,ef74e7e50827e8da28a9cc5e7e14ac11edc7a17f147b3a99aa24550471080477,raw/2024-11_table09_group10001_info.json,55ac36b0a5b0b8f298f84b17a6e52c285c7138f5af2696516fedf426e4552e54,caption_and_validated_request_info,Sektör,20,b) Ticari ve Diğer Kuruluşlar,italic,22,136,644,2141,180029,182971
2024-11,9,Mevduat Turler Itibariyla,10001,21,"Mevduat Türler İtibarıyla (milyon TL), Dönem:2024/11",milyon TL,raw/2024-11_table09_group10001.json,ef74e7e50827e8da28a9cc5e7e14ac11edc7a17f147b3a99aa24550471080477,raw/2024-11_table09_group10001_info.json,55ac36b0a5b0b8f298f84b17a6e52c285c7138f5af2696516fedf426e4552e54,caption_and_validated_request_info,Sektör,21,Kıymetli Maden Depo Hesapları - Yurt Dışı Yerleşik,bold,120,484,2956,9042,28202,40805
2024-11,9,Mevduat Turler Itibariyla,10001,22,"Mevduat Türler İtibarıyla (milyon TL), Dönem:2024/11",milyon TL,raw/2024-11_table09_group10001.json,ef74e7e50827e8da28a9cc5e7e14ac11edc7a17f147b3a99aa24550471080477,raw/2024-11_table09_group10001_info.json,55ac36b0a5b0b8f298f84b17a6e52c285c7138f5af2696516fedf426e4552e54,caption_and_validated_request_info,Sektör,22,a) Gerçek Kişiler,italic,116,477,2948,9016,27440,39997
2024-11,9,Mevduat Turler Itibariyla,10001,23,"Mevduat Türler İtibarıyla (milyon TL), Dönem:2024/11",milyon TL,raw/2024-11_table09_group10001.json,ef74e7e50827e8da28a9cc5e7e14ac11edc7a17f147b3a99aa24550471080477,raw/2024-11_table09_group10001_info.json,55ac36b0a5b0b8f298f84b17a6e52c285c7138f5af2696516fedf426e4552e54,caption_and_validated_request_info,Sektör,23,b) Ticari ve Diğer Kuruluşlar,italic,4,7,8,26,762,807
2024-11,9,Mevduat Turler Itibariyla,10001,24,"Mevduat Türler İtibarıyla (milyon TL), Dönem:2024/11",milyon TL,raw/2024-11_table09_group10001.json,ef74e7e50827e8da28a9cc5e7e14ac11edc7a17f147b3a99aa24550471080477,raw/2024-11_table09_group10001_info.json,55ac36b0a5b0b8f298f84b17a6e52c285c7138f5af2696516fedf426e4552e54,caption_and_validated_request_info,Sektör,24,Toplam Mevduat - Yurt Dışı Yerleşik,bold,4472,14321,52075,143285,1076851,1291003
2024-11,9,Mevduat Turler Itibariyla,10001,25,"Mevduat Türler İtibarıyla (milyon TL), Dönem:2024/11",milyon TL,raw/2024-11_table09_group10001.json,ef74e7e50827e8da28a9cc5e7e14ac11edc7a17f147b3a99aa24550471080477,raw/2024-11_table09_group10001_info.json,55ac36b0a5b0b8f298f84b17a6e52c285c7138f5af2696516fedf426e4552e54,caption_and_validated_request_info,Sektör,25,Mudi Sayısı - Yurt Dışı Yerleşik*,bold,2252651,515594,407881,261230,176595,2756738
2024-11,9,Mevduat Turler Itibariyla,10001,26,"Mevduat Türler İtibarıyla (milyon TL), Dönem:2024/11",milyon TL,raw/2024-11_table09_group10001.json,ef74e7e50827e8da28a9cc5e7e14ac11edc7a17f147b3a99aa24550471080477,raw/2024-11_table09_group10001_info.json,55ac36b0a5b0b8f298f84b17a6e52c285c7138f5af2696516fedf426e4552e54,caption_and_validated_request_info,Sektör,26,Toplam Mevduat,bold,133383,403003,1177017,2424922,14035287,18173612
2024-12,9,Mevduat Turler Itibariyla,10001,1,"Mevduat Türler İtibarıyla (milyon TL), Dönem:2024/12",milyon TL,raw/2024-12_table09_group10001.json,4df997631a8d90f9e696d3e1d1fd853f01ed2eea47fceacac910b329acb41462,raw/2024-12_table09_group10001_info.json,27e2bf769230b90e08075effb9b6028e1f0d888ab6510c97becf175c0150a60d,caption_and_validated_request_info,Sektör,1,TP Mevduat / Katılım Fonları - Yurt İçi Yerleşik,bold,112550,304321,627073,1256593,9537596,11838132
2024-12,9,Mevduat Turler Itibariyla,10001,2,"Mevduat Türler İtibarıyla (milyon TL), Dönem:2024/12",milyon TL,raw/2024-12_table09_group10001.json,4df997631a8d90f9e696d3e1d1fd853f01ed2eea47fceacac910b329acb41462,raw/2024-12_table09_group10001_info.json,27e2bf769230b90e08075effb9b6028e1f0d888ab6510c97becf175c0150a60d,caption_and_validated_request_info,Sektör,2,a) Gerçek Kişiler,italic,103518,276963,544200,1098532,4588469,6611683
2024-12,9,Mevduat Turler Itibariyla,10001,3,"Mevduat Türler İtibarıyla (milyon TL), Dönem:2024/12",milyon TL,raw/2024-12_table09_group10001.json,4df997631a8d90f9e696d3e1d1fd853f01ed2eea47fceacac910b329acb41462,raw/2024-12_table09_group10001_info.json,27e2bf769230b90e08075effb9b6028e1f0d888ab6510c97becf175c0150a60d,caption_and_validated_request_info,Sektör,3,b) Resmi Kuruluşlar,italic,120,474,1899,4377,489962,496833
2024-12,9,Mevduat Turler Itibariyla,10001,4,"Mevduat Türler İtibarıyla (milyon TL), Dönem:2024/12",milyon TL,raw/2024-12_table09_group10001.json,4df997631a8d90f9e696d3e1d1fd853f01ed2eea47fceacac910b329acb41462,raw/2024-12_table09_group10001_info.json,27e2bf769230b90e08075effb9b6028e1f0d888ab6510c97becf175c0150a60d,caption_and_validated_request_info,Sektör,4,c) Ticari ve Diğer Kuruluşlar,italic,8911,26883,80974,153684,4459164,4729617
2024-12,9,Mevduat Turler Itibariyla,10001,5,"Mevduat Türler İtibarıyla (milyon TL), Dönem:2024/12",milyon TL,raw/2024-12_table09_group10001.json,4df997631a8d90f9e696d3e1d1fd853f01ed2eea47fceacac910b329acb41462,raw/2024-12_table09_group10001_info.json,27e2bf769230b90e08075effb9b6028e1f0d888ab6510c97becf175c0150a60d,caption_and_validated_request_info,Sektör,5,Döviz Tevdiat Hesabı / Katılım Fonları - Yurt İçi Yerleşik,bold,8535,54251,269559,554252,3425709,4312306
2024-12,9,Mevduat Turler Itibariyla,10001,6,"Mevduat Türler İtibarıyla (milyon TL), Dönem:2024/12",milyon TL,raw/2024-12_table09_group10001.json,4df997631a8d90f9e696d3e1d1fd853f01ed2eea47fceacac910b329acb41462,raw/2024-12_table09_group10001_info.json,27e2bf769230b90e08075effb9b6028e1f0d888ab6510c97becf175c0150a60d,caption_and_validated_request_info,Sektör,6,a) Gerçek Kişiler,italic,7910,51570,255998,509991,1462545,2288015
2024-12,9,Mevduat Turler Itibariyla,10001,7,"Mevduat Türler İtibarıyla (milyon TL), Dönem:2024/12",milyon TL,raw/2024-12_table09_group10001.json,4df997631a8d90f9e696d3e1d1fd853f01ed2eea47fceacac910b329acb41462,raw/2024-12_table09_group10001_info.json,27e2bf769230b90e08075effb9b6028e1f0d888ab6510c97becf175c0150a60d,caption_and_validated_request_info,Sektör,7,b) Resmi Kuruluşlar,italic,3,114,105,318,90463,91003
2024-12,9,Mevduat Turler Itibariyla,10001,8,"Mevduat Türler İtibarıyla (milyon TL), Dönem:2024/12",milyon TL,raw/2024-12_table09_group10001.json,4df997631a8d90f9e696d3e1d1fd853f01ed2eea47fceacac910b329acb41462,raw/2024-12_table09_group10001_info.json,27e2bf769230b90e08075effb9b6028e1f0d888ab6510c97becf175c0150a60d,caption_and_validated_request_info,Sektör,8,c) Ticari ve Diğer Kuruluşlar,italic,622,2566,13456,43944,1872701,1933289
2024-12,9,Mevduat Turler Itibariyla,10001,9,"Mevduat Türler İtibarıyla (milyon TL), Dönem:2024/12",milyon TL,raw/2024-12_table09_group10001.json,4df997631a8d90f9e696d3e1d1fd853f01ed2eea47fceacac910b329acb41462,raw/2024-12_table09_group10001_info.json,27e2bf769230b90e08075effb9b6028e1f0d888ab6510c97becf175c0150a60d,caption_and_validated_request_info,Sektör,9,Kıymetli Maden Depo Hesapları - Yurt İçi Yerleşik,bold,8101,35096,211801,455596,709018,1419612
2024-12,9,Mevduat Turler Itibariyla,10001,10,"Mevduat Türler İtibarıyla (milyon TL), Dönem:2024/12",milyon TL,raw/2024-12_table09_group10001.json,4df997631a8d90f9e696d3e1d1fd853f01ed2eea47fceacac910b329acb41462,raw/2024-12_table09_group10001_info.json,27e2bf769230b90e08075effb9b6028e1f0d888ab6510c97becf175c0150a60d,caption_and_validated_request_info,Sektör,10,a) Gerçek Kişiler,italic,5839,34406,209413,448700,610628,1308986
2024-12,9,Mevduat Turler Itibariyla,10001,11,"Mevduat Türler İtibarıyla (milyon TL), Dönem:2024/12",milyon TL,raw/2024-12_table09_group10001.json,4df997631a8d90f9e696d3e1d1fd853f01ed2eea47fceacac910b329acb41462,raw/2024-12_table09_group10001_info.json,27e2bf769230b90e08075effb9b6028e1f0d888ab6510c97becf175c0150a60d,caption_and_validated_request_info,Sektör,11,b) Resmi Kuruluşlar,italic,0,1,8,14,114,136
2024-12,9,Mevduat Turler Itibariyla,10001,12,"Mevduat Türler İtibarıyla (milyon TL), Dönem:2024/12",milyon TL,raw/2024-12_table09_group10001.json,4df997631a8d90f9e696d3e1d1fd853f01ed2eea47fceacac910b329acb41462,raw/2024-12_table09_group10001_info.json,27e2bf769230b90e08075effb9b6028e1f0d888ab6510c97becf175c0150a60d,caption_and_validated_request_info,Sektör,12,c) Ticari ve Diğer Kuruluşlar,italic,2261,690,2381,6881,98276,110489
2024-12,9,Mevduat Turler Itibariyla,10001,13,"Mevduat Türler İtibarıyla (milyon TL), Dönem:2024/12",milyon TL,raw/2024-12_table09_group10001.json,4df997631a8d90f9e696d3e1d1fd853f01ed2eea47fceacac910b329acb41462,raw/2024-12_table09_group10001_info.json,27e2bf769230b90e08075effb9b6028e1f0d888ab6510c97becf175c0150a60d,caption_and_validated_request_info,Sektör,13,Toplam Mevduat - Yurt İçi Yerleşik,bold,129186,393668,1108433,2266441,13672323,17570050
2024-12,9,Mevduat Turler Itibariyla,10001,14,"Mevduat Türler İtibarıyla (milyon TL), Dönem:2024/12",milyon TL,raw/2024-12_table09_group10001.json,4df997631a8d90f9e696d3e1d1fd853f01ed2eea47fceacac910b329acb41462,raw/2024-12_table09_group10001_info.json,27e2bf769230b90e08075effb9b6028e1f0d888ab6510c97becf175c0150a60d,caption_and_validated_request_info,Sektör,14,Mudi Sayısı - Yurt İçi Yerleşik*,bold,162808904,15599434,8965945,4376064,1828934,177988930
2024-12,9,Mevduat Turler Itibariyla,10001,15,"Mevduat Türler İtibarıyla (milyon TL), Dönem:2024/12",milyon TL,raw/2024-12_table09_group10001.json,4df997631a8d90f9e696d3e1d1fd853f01ed2eea47fceacac910b329acb41462,raw/2024-12_table09_group10001_info.json,27e2bf769230b90e08075effb9b6028e1f0d888ab6510c97becf175c0150a60d,caption_and_validated_request_info,Sektör,15,TP Mevduat / Katılım Fonları - Yurt Dışı Yerleşik,bold,2396,8997,24227,44478,387950,468048
2024-12,9,Mevduat Turler Itibariyla,10001,16,"Mevduat Türler İtibarıyla (milyon TL), Dönem:2024/12",milyon TL,raw/2024-12_table09_group10001.json,4df997631a8d90f9e696d3e1d1fd853f01ed2eea47fceacac910b329acb41462,raw/2024-12_table09_group10001_info.json,27e2bf769230b90e08075effb9b6028e1f0d888ab6510c97becf175c0150a60d,caption_and_validated_request_info,Sektör,16,a) Gerçek Kişiler,italic,2358,8841,23706,43540,334757,413203
2024-12,9,Mevduat Turler Itibariyla,10001,17,"Mevduat Türler İtibarıyla (milyon TL), Dönem:2024/12",milyon TL,raw/2024-12_table09_group10001.json,4df997631a8d90f9e696d3e1d1fd853f01ed2eea47fceacac910b329acb41462,raw/2024-12_table09_group10001_info.json,27e2bf769230b90e08075effb9b6028e1f0d888ab6510c97becf175c0150a60d,caption_and_validated_request_info,Sektör,17,b) Ticari ve Diğer Kuruluşlar,italic,38,156,521,937,53193,54845
2024-12,9,Mevduat Turler Itibariyla,10001,18,"Mevduat Türler İtibarıyla (milyon TL), Dönem:2024/12",milyon TL,raw/2024-12_table09_group10001.json,4df997631a8d90f9e696d3e1d1fd853f01ed2eea47fceacac910b329acb41462,raw/2024-12_table09_group10001_info.json,27e2bf769230b90e08075effb9b6028e1f0d888ab6510c97becf175c0150a60d,caption_and_validated_request_info,Sektör,18,Döviz Tevdiat Hesabı / Katılım Fonları - Yurt Dışı Yerleşik,bold,2151,4933,26915,90998,697538,822535
2024-12,9,Mevduat Turler Itibariyla,10001,19,"Mevduat Türler İtibarıyla (milyon TL), Dönem:2024/12",milyon TL,raw/2024-12_table09_group10001.json,4df997631a8d90f9e696d3e1d1fd853f01ed2eea47fceacac910b329acb41462,raw/2024-12_table09_group10001_info.json,27e2bf769230b90e08075effb9b6028e1f0d888ab6510c97becf175c0150a60d,caption_and_validated_request_info,Sektör,19,a) Gerçek Kişiler,italic,2129,4795,26277,88916,497038,619155
2024-12,9,Mevduat Turler Itibariyla,10001,20,"Mevduat Türler İtibarıyla (milyon TL), Dönem:2024/12",milyon TL,raw/2024-12_table09_group10001.json,4df997631a8d90f9e696d3e1d1fd853f01ed2eea47fceacac910b329acb41462,raw/2024-12_table09_group10001_info.json,27e2bf769230b90e08075effb9b6028e1f0d888ab6510c97becf175c0150a60d,caption_and_validated_request_info,Sektör,20,b) Ticari ve Diğer Kuruluşlar,italic,22,138,637,2083,200500,203380
2024-12,9,Mevduat Turler Itibariyla,10001,21,"Mevduat Türler İtibarıyla (milyon TL), Dönem:2024/12",milyon TL,raw/2024-12_table09_group10001.json,4df997631a8d90f9e696d3e1d1fd853f01ed2eea47fceacac910b329acb41462,raw/2024-12_table09_group10001_info.json,27e2bf769230b90e08075effb9b6028e1f0d888ab6510c97becf175c0150a60d,caption_and_validated_request_info,Sektör,21,Kıymetli Maden Depo Hesapları - Yurt Dışı Yerleşik,bold,119,486,3007,9220,28837,41669
2024-12,9,Mevduat Turler Itibariyla,10001,22,"Mevduat Türler İtibarıyla (milyon TL), Dönem:2024/12",milyon TL,raw/2024-12_table09_group10001.json,4df997631a8d90f9e696d3e1d1fd853f01ed2eea47fceacac910b329acb41462,raw/2024-12_table09_group10001_info.json,27e2bf769230b90e08075effb9b6028e1f0d888ab6510c97becf175c0150a60d,caption_and_validated_request_info,Sektör,22,a) Gerçek Kişiler,italic,115,480,2999,9195,27627,40415
2024-12,9,Mevduat Turler Itibariyla,10001,23,"Mevduat Türler İtibarıyla (milyon TL), Dönem:2024/12",milyon TL,raw/2024-12_table09_group10001.json,4df997631a8d90f9e696d3e1d1fd853f01ed2eea47fceacac910b329acb41462,raw/2024-12_table09_group10001_info.json,27e2bf769230b90e08075effb9b6028e1f0d888ab6510c97becf175c0150a60d,caption_and_validated_request_info,Sektör,23,b) Ticari ve Diğer Kuruluşlar,italic,4,7,9,25,1210,1254
2024-12,9,Mevduat Turler Itibariyla,10001,24,"Mevduat Türler İtibarıyla (milyon TL), Dönem:2024/12",milyon TL,raw/2024-12_table09_group10001.json,4df997631a8d90f9e696d3e1d1fd853f01ed2eea47fceacac910b329acb41462,raw/2024-12_table09_group10001_info.json,27e2bf769230b90e08075effb9b6028e1f0d888ab6510c97becf175c0150a60d,caption_and_validated_request_info,Sektör,24,Toplam Mevduat - Yurt Dışı Yerleşik,bold,4666,14417,54149,144696,1114325,1332252
2024-12,9,Mevduat Turler Itibariyla,10001,25,"Mevduat Türler İtibarıyla (milyon TL), Dönem:2024/12",milyon TL,raw/2024-12_table09_group10001.json,4df997631a8d90f9e696d3e1d1fd853f01ed2eea47fceacac910b329acb41462,raw/2024-12_table09_group10001_info.json,27e2bf769230b90e08075effb9b6028e1f0d888ab6510c97becf175c0150a60d,caption_and_validated_request_info,Sektör,25,Mudi Sayısı - Yurt Dışı Yerleşik*,bold,2251634,515105,426112,263788,178994,2771189
2024-12,9,Mevduat Turler Itibariyla,10001,26,"Mevduat Türler İtibarıyla (milyon TL), Dönem:2024/12",milyon TL,raw/2024-12_table09_group10001.json,4df997631a8d90f9e696d3e1d1fd853f01ed2eea47fceacac910b329acb41462,raw/2024-12_table09_group10001_info.json,27e2bf769230b90e08075effb9b6028e1f0d888ab6510c97becf175c0150a60d,caption_and_validated_request_info,Sektör,26,Toplam Mevduat,bold,133851,408084,1162582,2411137,14786648,18902303
2025-01,9,Mevduat Turler Itibariyla,10001,1,"Mevduat Türler İtibarıyla (milyon TL), Dönem:2025/1",milyon TL,raw/2025-01_table09_group10001.json,d39767d7f0c6decc9bcd665ad830583f3e55f374397b68ed5f06e1b4448e3415,raw/2025-01_table09_group10001_info.json,a86d67bcccc9ef05aa98d5ab06c4ca535ba9de274ed59a81fc894e21190304ad,caption_and_validated_request_info,Sektör,1,TP Mevduat / Katılım Fonları - Yurt İçi Yerleşik,bold,112264,308418,655945,1289219,9468252,11834099
2025-01,9,Mevduat Turler Itibariyla,10001,2,"Mevduat Türler İtibarıyla (milyon TL), Dönem:2025/1",milyon TL,raw/2025-01_table09_group10001.json,d39767d7f0c6decc9bcd665ad830583f3e55f374397b68ed5f06e1b4448e3415,raw/2025-01_table09_group10001_info.json,a86d67bcccc9ef05aa98d5ab06c4ca535ba9de274ed59a81fc894e21190304ad,caption_and_validated_request_info,Sektör,2,a) Gerçek Kişiler,italic,103292,281038,572098,1128290,4690743,6775460
2025-01,9,Mevduat Turler Itibariyla,10001,3,"Mevduat Türler İtibarıyla (milyon TL), Dönem:2025/1",milyon TL,raw/2025-01_table09_group10001.json,d39767d7f0c6decc9bcd665ad830583f3e55f374397b68ed5f06e1b4448e3415,raw/2025-01_table09_group10001_info.json,a86d67bcccc9ef05aa98d5ab06c4ca535ba9de274ed59a81fc894e21190304ad,caption_and_validated_request_info,Sektör,3,b) Resmi Kuruluşlar,italic,126,477,1913,4564,526434,533513
2025-01,9,Mevduat Turler Itibariyla,10001,4,"Mevduat Türler İtibarıyla (milyon TL), Dönem:2025/1",milyon TL,raw/2025-01_table09_group10001.json,d39767d7f0c6decc9bcd665ad830583f3e55f374397b68ed5f06e1b4448e3415,raw/2025-01_table09_group10001_info.json,a86d67bcccc9ef05aa98d5ab06c4ca535ba9de274ed59a81fc894e21190304ad,caption_and_validated_request_info,Sektör,4,c) Ticari ve Diğer Kuruluşlar,italic,8846,26903,81935,156366,4251075,4525125
2025-01,9,Mevduat Turler Itibariyla,10001,5,"Mevduat Türler İtibarıyla (milyon TL), Dönem:2025/1",milyon TL,raw/2025-01_table09_group10001.json,d39767d7f0c6decc9bcd665ad830583f3e55f374397b68ed5f06e1b4448e3415,raw/2025-01_table09_group10001_info.json,a86d67bcccc9ef05aa98d5ab06c4ca535ba9de274ed59a81fc894e21190304ad,caption_and_validated_request_info,Sektör,5,Döviz Tevdiat Hesabı / Katılım Fonları - Yurt İçi Yerleşik,bold,8470,53464,266365,552937,3468874,4350111
2025-01,9,Mevduat Turler Itibariyla,10001,6,"Mevduat Türler İtibarıyla (milyon TL), Dönem:2025/1",milyon TL,raw/2025-01_table09_group10001.json,d39767d7f0c6decc9bcd665ad830583f3e55f374397b68ed5f06e1b4448e3415,raw/2025-01_table09_group10001_info.json,a86d67bcccc9ef05aa98d5ab06c4ca535ba9de274ed59a81fc894e21190304ad,caption_and_validated_request_info,Sektör,6,a) Gerçek Kişiler,italic,7839,50788,252932,508920,1482654,2303133
2025-01,9,Mevduat Turler Itibariyla,10001,7,"Mevduat Türler İtibarıyla (milyon TL), Dönem:2025/1",milyon TL,raw/2025-01_table09_group10001.json,d39767d7f0c6decc9bcd665ad830583f3e55f374397b68ed5f06e1b4448e3415,raw/2025-01_table09_group10001_info.json,a86d67bcccc9ef05aa98d5ab06c4ca535ba9de274ed59a81fc894e21190304ad,caption_and_validated_request_info,Sektör,7,b) Resmi Kuruluşlar,italic,3,102,111,318,81929,82462
2025-01,9,Mevduat Turler Itibariyla,10001,8,"Mevduat Türler İtibarıyla (milyon TL), Dönem:2025/1",milyon TL,raw/2025-01_table09_group10001.json,d39767d7f0c6decc9bcd665ad830583f3e55f374397b68ed5f06e1b4448e3415,raw/2025-01_table09_group10001_info.json,a86d67bcccc9ef05aa98d5ab06c4ca535ba9de274ed59a81fc894e21190304ad,caption_and_validated_request_info,Sektör,8,c) Ticari ve Diğer Kuruluşlar,italic,629,2574,13323,43699,1904291,1964516
2025-01,9,Mevduat Turler Itibariyla,10001,9,"Mevduat Türler İtibarıyla (milyon TL), Dönem:2025/1",milyon TL,raw/2025-01_table09_group10001.json,d39767d7f0c6decc9bcd665ad830583f3e55f374397b68ed5f06e1b4448e3415,raw/2025-01_table09_group10001_info.json,a86d67bcccc9ef05aa98d5ab06c4ca535ba9de274ed59a81fc894e21190304ad,caption_and_validated_request_info,Sektör,9,Kıymetli Maden Depo Hesapları - Yurt İçi Yerleşik,bold,8292,34158,209730,478102,783826,1514108
2025-01,9,Mevduat Turler Itibariyla,10001,10,"Mevduat Türler İtibarıyla (milyon TL), Dönem:2025/1",milyon TL,raw/2025-01_table09_group10001.json,d39767d7f0c6decc9bcd665ad830583f3e55f374397b68ed5f06e1b4448e3415,raw/2025-01_table09_group10001_info.json,a86d67bcccc9ef05aa98d5ab06c4ca535ba9de274ed59a81fc894e21190304ad,caption_and_validated_request_info,Sektör,10,a) Gerçek Kişiler,italic,5867,33431,207379,471138,679046,1396861
2025-01,9,Mevduat Turler Itibariyla,10001,11,"Mevduat Türler İtibarıyla (milyon TL), Dönem:2025/1",milyon TL,raw/2025-01_table09_group10001.json,d39767d7f0c6decc9bcd665ad830583f3e55f374397b68ed5f06e1b4448e3415,raw/2025-01_table09_group10001_info.json,a86d67bcccc9ef05aa98d5ab06c4ca535ba9de274ed59a81fc894e21190304ad,caption_and_validated_request_info,Sektör,11,b) Resmi Kuruluşlar,italic,0,1,8,17,124,149
2025-01,9,Mevduat Turler Itibariyla,10001,12,"Mevduat Türler İtibarıyla (milyon TL), Dönem:2025/1",milyon TL,raw/2025-01_table09_group10001.json,d39767d7f0c6decc9bcd665ad830583f3e55f374397b68ed5f06e1b4448e3415,raw/2025-01_table09_group10001_info.json,a86d67bcccc9ef05aa98d5ab06c4ca535ba9de274ed59a81fc894e21190304ad,caption_and_validated_request_info,Sektör,12,c) Ticari ve Diğer Kuruluşlar,italic,2425,726,2343,6947,104656,117098
2025-01,9,Mevduat Turler Itibariyla,10001,13,"Mevduat Türler İtibarıyla (milyon TL), Dönem:2025/1",milyon TL,raw/2025-01_table09_group10001.json,d39767d7f0c6decc9bcd665ad830583f3e55f374397b68ed5f06e1b4448e3415,raw/2025-01_table09_group10001_info.json,a86d67bcccc9ef05aa98d5ab06c4ca535ba9de274ed59a81fc894e21190304ad,caption_and_validated_request_info,Sektör,13,Toplam Mevduat - Yurt İçi Yerleşik,bold,129026,396040,1132041,2320258,13720952,17698318
2025-01,9,Mevduat Turler Itibariyla,10001,14,"Mevduat Türler İtibarıyla (milyon TL), Dönem:2025/1",milyon TL,raw/2025-01_table09_group10001.json,d39767d7f0c6decc9bcd665ad830583f3e55f374397b68ed5f06e1b4448e3415,raw/2025-01_table09_group10001_info.json,a86d67bcccc9ef05aa98d5ab06c4ca535ba9de274ed59a81fc894e21190304ad,caption_and_validated_request_info,Sektör,14,Mudi Sayısı - Yurt İçi Yerleşik*,bold,163376927,15564667,9167951,4468988,1882562,178803321
2025-01,9,Mevduat Turler Itibariyla,10001,15,"Mevduat Türler İtibarıyla (milyon TL), Dönem:2025/1",milyon TL,raw/2025-01_table09_group10001.json,d39767d7f0c6decc9bcd665ad830583f3e55f374397b68ed5f06e1b4448e3415,raw/2025-01_table09_group10001_info.json,a86d67bcccc9ef05aa98d5ab06c4ca535ba9de274ed59a81fc894e21190304ad,caption_and_validated_request_info,Sektör,15,TP Mevduat / Katılım Fonları - Yurt Dışı Yerleşik,bold,2359,8864,25669,45882,402424,485198
2025-01,9,Mevduat Turler Itibariyla,10001,16,"Mevduat Türler İtibarıyla (milyon TL), Dönem:2025/1",milyon TL,raw/2025-01_table09_group10001.json,d39767d7f0c6decc9bcd665ad830583f3e55f374397b68ed5f06e1b4448e3415,raw/2025-01_table09_group10001_info.json,a86d67bcccc9ef05aa98d5ab06c4ca535ba9de274ed59a81fc894e21190304ad,caption_and_validated_request_info,Sektör,16,a) Gerçek Kişiler,italic,2321,8713,25171,44903,345965,427073
2025-01,9,Mevduat Turler Itibariyla,10001,17,"Mevduat Türler İtibarıyla (milyon TL), Dönem:2025/1",milyon TL,raw/2025-01_table09_group10001.json,d39767d7f0c6decc9bcd665ad830583f3e55f374397b68ed5f06e1b4448e3415,raw/2025-01_table09_group10001_info.json,a86d67bcccc9ef05aa98d5ab06c4ca535ba9de274ed59a81fc894e21190304ad,caption_and_validated_request_info,Sektör,17,b) Ticari ve Diğer Kuruluşlar,italic,38,151,498,979,56459,58125
2025-01,9,Mevduat Turler Itibariyla,10001,18,"Mevduat Türler İtibarıyla (milyon TL), Dönem:2025/1",milyon TL,raw/2025-01_table09_group10001.json,d39767d7f0c6decc9bcd665ad830583f3e55f374397b68ed5f06e1b4448e3415,raw/2025-01_table09_group10001_info.json,a86d67bcccc9ef05aa98d5ab06c4ca535ba9de274ed59a81fc894e21190304ad,caption_and_validated_request_info,Sektör,18,Döviz Tevdiat Hesabı / Katılım Fonları - Yurt Dışı Yerleşik,bold,2308,4914,26966,90927,692544,817660
2025-01,9,Mevduat Turler Itibariyla,10001,19,"Mevduat Türler İtibarıyla (milyon TL), Dönem:2025/1",milyon TL,raw/2025-01_table09_group10001.json,d39767d7f0c6decc9bcd665ad830583f3e55f374397b68ed5f06e1b4448e3415,raw/2025-01_table09_group10001_info.json,a86d67bcccc9ef05aa98d5ab06c4ca535ba9de274ed59a81fc894e21190304ad,caption_and_validated_request_info,Sektör,19,a) Gerçek Kişiler,italic,2285,4773,26319,88825,498917,621120
2025-01,9,Mevduat Turler Itibariyla,10001,20,"Mevduat Türler İtibarıyla (milyon TL), Dönem:2025/1",milyon TL,raw/2025-01_table09_group10001.json,d39767d7f0c6decc9bcd665ad830583f3e55f374397b68ed5f06e1b4448e3415,raw/2025-01_table09_group10001_info.json,a86d67bcccc9ef05aa98d5ab06c4ca535ba9de274ed59a81fc894e21190304ad,caption_and_validated_request_info,Sektör,20,b) Ticari ve Diğer Kuruluşlar,italic,22,142,647,2102,193627,196540
2025-01,9,Mevduat Turler Itibariyla,10001,21,"Mevduat Türler İtibarıyla (milyon TL), Dönem:2025/1",milyon TL,raw/2025-01_table09_group10001.json,d39767d7f0c6decc9bcd665ad830583f3e55f374397b68ed5f06e1b4448e3415,raw/2025-01_table09_group10001_info.json,a86d67bcccc9ef05aa98d5ab06c4ca535ba9de274ed59a81fc894e21190304ad,caption_and_validated_request_info,Sektör,21,Kıymetli Maden Depo Hesapları - Yurt Dışı Yerleşik,bold,121,477,3057,9565,31308,44528
2025-01,9,Mevduat Turler Itibariyla,10001,22,"Mevduat Türler İtibarıyla (milyon TL), Dönem:2025/1",milyon TL,raw/2025-01_table09_group10001.json,d39767d7f0c6decc9bcd665ad830583f3e55f374397b68ed5f06e1b4448e3415,raw/2025-01_table09_group10001_info.json,a86d67bcccc9ef05aa98d5ab06c4ca535ba9de274ed59a81fc894e21190304ad,caption_and_validated_request_info,Sektör,22,a) Gerçek Kişiler,italic,117,470,3048,9540,29986,43160
2025-01,9,Mevduat Turler Itibariyla,10001,23,"Mevduat Türler İtibarıyla (milyon TL), Dönem:2025/1",milyon TL,raw/2025-01_table09_group10001.json,d39767d7f0c6decc9bcd665ad830583f3e55f374397b68ed5f06e1b4448e3415,raw/2025-01_table09_group10001_info.json,a86d67bcccc9ef05aa98d5ab06c4ca535ba9de274ed59a81fc894e21190304ad,caption_and_validated_request_info,Sektör,23,b) Ticari ve Diğer Kuruluşlar,italic,4,7,8,25,1323,1368
2025-01,9,Mevduat Turler Itibariyla,10001,24,"Mevduat Türler İtibarıyla (milyon TL), Dönem:2025/1",milyon TL,raw/2025-01_table09_group10001.json,d39767d7f0c6decc9bcd665ad830583f3e55f374397b68ed5f06e1b4448e3415,raw/2025-01_table09_group10001_info.json,a86d67bcccc9ef05aa98d5ab06c4ca535ba9de274ed59a81fc894e21190304ad,caption_and_validated_request_info,Sektör,24,Toplam Mevduat - Yurt Dışı Yerleşik,bold,4788,14256,55691,146374,1126277,1347386
2025-01,9,Mevduat Turler Itibariyla,10001,25,"Mevduat Türler İtibarıyla (milyon TL), Dönem:2025/1",milyon TL,raw/2025-01_table09_group10001.json,d39767d7f0c6decc9bcd665ad830583f3e55f374397b68ed5f06e1b4448e3415,raw/2025-01_table09_group10001_info.json,a86d67bcccc9ef05aa98d5ab06c4ca535ba9de274ed59a81fc894e21190304ad,caption_and_validated_request_info,Sektör,25,Mudi Sayısı - Yurt Dışı Yerleşik*,bold,2260382,506557,438950,266429,181890,2750208
2025-01,9,Mevduat Turler Itibariyla,10001,26,"Mevduat Türler İtibarıyla (milyon TL), Dönem:2025/1",milyon TL,raw/2025-01_table09_group10001.json,d39767d7f0c6decc9bcd665ad830583f3e55f374397b68ed5f06e1b4448e3415,raw/2025-01_table09_group10001_info.json,a86d67bcccc9ef05aa98d5ab06c4ca535ba9de274ed59a81fc894e21190304ad,caption_and_validated_request_info,Sektör,26,Toplam Mevduat,bold,133814,410296,1187732,2466632,14847229,19045704
2025-02,9,Mevduat Turler Itibariyla,10001,1,"Mevduat Türler İtibarıyla (milyon TL), Dönem:2025/2",milyon TL,raw/2025-02_table09_group10001.json,154ae3fc5f53291e9997550f98f5e322c53511742eaff0b85e7ae2e9793ceab3,raw/2025-02_table09_group10001_info.json,99d981b4ca0b493f52380ad7b7175012574222e2b01c404ac86decf9dcf75f4c,caption_and_validated_request_info,Sektör,1,TP Mevduat / Katılım Fonları - Yurt İçi Yerleşik,bold,114635,332931,681128,1308865,9764676,12202235
2025-02,9,Mevduat Turler Itibariyla,10001,2,"Mevduat Türler İtibarıyla (milyon TL), Dönem:2025/2",milyon TL,raw/2025-02_table09_group10001.json,154ae3fc5f53291e9997550f98f5e322c53511742eaff0b85e7ae2e9793ceab3,raw/2025-02_table09_group10001_info.json,99d981b4ca0b493f52380ad7b7175012574222e2b01c404ac86decf9dcf75f4c,caption_and_validated_request_info,Sektör,2,a) Gerçek Kişiler,italic,105596,305525,597818,1150075,4783072,6942086
2025-02,9,Mevduat Turler Itibariyla,10001,3,"Mevduat Türler İtibarıyla (milyon TL), Dönem:2025/2",milyon TL,raw/2025-02_table09_group10001.json,154ae3fc5f53291e9997550f98f5e322c53511742eaff0b85e7ae2e9793ceab3,raw/2025-02_table09_group10001_info.json,99d981b4ca0b493f52380ad7b7175012574222e2b01c404ac86decf9dcf75f4c,caption_and_validated_request_info,Sektör,3,b) Resmi Kuruluşlar,italic,121,458,1886,4499,606096,613060
2025-02,9,Mevduat Turler Itibariyla,10001,4,"Mevduat Türler İtibarıyla (milyon TL), Dönem:2025/2",milyon TL,raw/2025-02_table09_group10001.json,154ae3fc5f53291e9997550f98f5e322c53511742eaff0b85e7ae2e9793ceab3,raw/2025-02_table09_group10001_info.json,99d981b4ca0b493f52380ad7b7175012574222e2b01c404ac86decf9dcf75f4c,caption_and_validated_request_info,Sektör,4,c) Ticari ve Diğer Kuruluşlar,italic,8918,26947,81424,154292,4375508,4647089
2025-02,9,Mevduat Turler Itibariyla,10001,5,"Mevduat Türler İtibarıyla (milyon TL), Dönem:2025/2",milyon TL,raw/2025-02_table09_group10001.json,154ae3fc5f53291e9997550f98f5e322c53511742eaff0b85e7ae2e9793ceab3,raw/2025-02_table09_group10001_info.json,99d981b4ca0b493f52380ad7b7175012574222e2b01c404ac86decf9dcf75f4c,caption_and_validated_request_info,Sektör,5,Döviz Tevdiat Hesabı / Katılım Fonları - Yurt İçi Yerleşik,bold,8491,53064,265269,559646,3721832,4608302
2025-02,9,Mevduat Turler Itibariyla,10001,6,"Mevduat Türler İtibarıyla (milyon TL), Dönem:2025/2",milyon TL,raw/2025-02_table09_group10001.json,154ae3fc5f53291e9997550f98f5e322c53511742eaff0b85e7ae2e9793ceab3,raw/2025-02_table09_group10001_info.json,99d981b4ca0b493f52380ad7b7175012574222e2b01c404ac86decf9dcf75f4c,caption_and_validated_request_info,Sektör,6,a) Gerçek Kişiler,italic,7855,50390,251918,515742,1567312,2393218
2025-02,9,Mevduat Turler Itibariyla,10001,7,"Mevduat Türler İtibarıyla (milyon TL), Dönem:2025/2",milyon TL,raw/2025-02_table09_group10001.json,154ae3fc5f53291e9997550f98f5e322c53511742eaff0b85e7ae2e9793ceab3,raw/2025-02_table09_group10001_info.json,99d981b4ca0b493f52380ad7b7175012574222e2b01c404ac86decf9dcf75f4c,caption_and_validated_request_info,Sektör,7,b) Resmi Kuruluşlar,italic,3,106,110,327,92327,92872
2025-02,9,Mevduat Turler Itibariyla,10001,8,"Mevduat Türler İtibarıyla (milyon TL), Dönem:2025/2",milyon TL,raw/2025-02_table09_group10001.json,154ae3fc5f53291e9997550f98f5e322c53511742eaff0b85e7ae2e9793ceab3,raw/2025-02_table09_group10001_info.json,99d981b4ca0b493f52380ad7b7175012574222e2b01c404ac86decf9dcf75f4c,caption_and_validated_request_info,Sektör,8,c) Ticari ve Diğer Kuruluşlar,italic,633,2568,13241,43577,2062193,2122213
2025-02,9,Mevduat Turler Itibariyla,10001,9,"Mevduat Türler İtibarıyla (milyon TL), Dönem:2025/2",milyon TL,raw/2025-02_table09_group10001.json,154ae3fc5f53291e9997550f98f5e322c53511742eaff0b85e7ae2e9793ceab3,raw/2025-02_table09_group10001_info.json,99d981b4ca0b493f52380ad7b7175012574222e2b01c404ac86decf9dcf75f4c,caption_and_validated_request_info,Sektör,9,Kıymetli Maden Depo Hesapları - Yurt İçi Yerleşik,bold,8090,34144,213639,498962,870235,1625069
2025-02,9,Mevduat Turler Itibariyla,10001,10,"Mevduat Türler İtibarıyla (milyon TL), Dönem:2025/2",milyon TL,raw/2025-02_table09_group10001.json,154ae3fc5f53291e9997550f98f5e322c53511742eaff0b85e7ae2e9793ceab3,raw/2025-02_table09_group10001_info.json,99d981b4ca0b493f52380ad7b7175012574222e2b01c404ac86decf9dcf75f4c,caption_and_validated_request_info,Sektör,10,a) Gerçek Kişiler,italic,5627,33352,211224,491938,747567,1489707
2025-02,9,Mevduat Turler Itibariyla,10001,11,"Mevduat Türler İtibarıyla (milyon TL), Dönem:2025/2",milyon TL,raw/2025-02_table09_group10001.json,154ae3fc5f53291e9997550f98f5e322c53511742eaff0b85e7ae2e9793ceab3,raw/2025-02_table09_group10001_info.json,99d981b4ca0b493f52380ad7b7175012574222e2b01c404ac86decf9dcf75f4c,caption_and_validated_request_info,Sektör,11,b) Resmi Kuruluşlar,italic,0,1,7,21,132,161
2025-02,9,Mevduat Turler Itibariyla,10001,12,"Mevduat Türler İtibarıyla (milyon TL), Dönem:2025/2",milyon TL,raw/2025-02_table09_group10001.json,154ae3fc5f53291e9997550f98f5e322c53511742eaff0b85e7ae2e9793ceab3,raw/2025-02_table09_group10001_info.json,99d981b4ca0b493f52380ad7b7175012574222e2b01c404ac86decf9dcf75f4c,caption_and_validated_request_info,Sektör,12,c) Ticari ve Diğer Kuruluşlar,italic,2462,791,2408,7003,122536,135201
2025-02,9,Mevduat Turler Itibariyla,10001,13,"Mevduat Türler İtibarıyla (milyon TL), Dönem:2025/2",milyon TL,raw/2025-02_table09_group10001.json,154ae3fc5f53291e9997550f98f5e322c53511742eaff0b85e7ae2e9793ceab3,raw/2025-02_table09_group10001_info.json,99d981b4ca0b493f52380ad7b7175012574222e2b01c404ac86decf9dcf75f4c,caption_and_validated_request_info,Sektör,13,Toplam Mevduat - Yurt İçi Yerleşik,bold,131216,420139,1160036,2367473,14356744,18435607
2025-02,9,Mevduat Turler Itibariyla,10001,14,"Mevduat Türler İtibarıyla (milyon TL), Dönem:2025/2",milyon TL,raw/2025-02_table09_group10001.json,154ae3fc5f53291e9997550f98f5e322c53511742eaff0b85e7ae2e9793ceab3,raw/2025-02_table09_group10001_info.json,99d981b4ca0b493f52380ad7b7175012574222e2b01c404ac86decf9dcf75f4c,caption_and_validated_request_info,Sektör,14,Mudi Sayısı - Yurt İçi Yerleşik*,bold,163708294,16722945,9512969,4553948,1939399,180333065
2025-02,9,Mevduat Turler Itibariyla,10001,15,"Mevduat Türler İtibarıyla (milyon TL), Dönem:2025/2",milyon TL,raw/2025-02_table09_group10001.json,154ae3fc5f53291e9997550f98f5e322c53511742eaff0b85e7ae2e9793ceab3,raw/2025-02_table09_group10001_info.json,99d981b4ca0b493f52380ad7b7175012574222e2b01c404ac86decf9dcf75f4c,caption_and_validated_request_info,Sektör,15,TP Mevduat / Katılım Fonları - Yurt Dışı Yerleşik,bold,2344,8912,27574,47005,404547,490382
2025-02,9,Mevduat Turler Itibariyla,10001,16,"Mevduat Türler İtibarıyla (milyon TL), Dönem:2025/2",milyon TL,raw/2025-02_table09_group10001.json,154ae3fc5f53291e9997550f98f5e322c53511742eaff0b85e7ae2e9793ceab3,raw/2025-02_table09_group10001_info.json,99d981b4ca0b493f52380ad7b7175012574222e2b01c404ac86decf9dcf75f4c,caption_and_validated_request_info,Sektör,16,a) Gerçek Kişiler,italic,2305,8759,27054,46000,353305,437424
2025-02,9,Mevduat Turler Itibariyla,10001,17,"Mevduat Türler İtibarıyla (milyon TL), Dönem:2025/2",milyon TL,raw/2025-02_table09_group10001.json,154ae3fc5f53291e9997550f98f5e322c53511742eaff0b85e7ae2e9793ceab3,raw/2025-02_table09_group10001_info.json,99d981b4ca0b493f52380ad7b7175012574222e2b01c404ac86decf9dcf75f4c,caption_and_validated_request_info,Sektör,17,b) Ticari ve Diğer Kuruluşlar,italic,39,153,519,1005,51243,52958
2025-02,9,Mevduat Turler Itibariyla,10001,18,"Mevduat Türler İtibarıyla (milyon TL), Dönem:2025/2",milyon TL,raw/2025-02_table09_group10001.json,154ae3fc5f53291e9997550f98f5e322c53511742eaff0b85e7ae2e9793ceab3,raw/2025-02_table09_group10001_info.json,99d981b4ca0b493f52380ad7b7175012574222e2b01c404ac86decf9dcf75f4c,caption_and_validated_request_info,Sektör,18,Döviz Tevdiat Hesabı / Katılım Fonları - Yurt Dışı Yerleşik,bold,2373,4919,27062,91451,699075,824881
2025-02,9,Mevduat Turler Itibariyla,10001,19,"Mevduat Türler İtibarıyla (milyon TL), Dönem:2025/2",milyon TL,raw/2025-02_table09_group10001.json,154ae3fc5f53291e9997550f98f5e322c53511742eaff0b85e7ae2e9793ceab3,raw/2025-02_table09_group10001_info.json,99d981b4ca0b493f52380ad7b7175012574222e2b01c404ac86decf9dcf75f4c,caption_and_validated_request_info,Sektör,19,a) Gerçek Kişiler,italic,2351,4776,26403,89341,506461,629332
2025-02,9,Mevduat Turler Itibariyla,10001,20,"Mevduat Türler İtibarıyla (milyon TL), Dönem:2025/2",milyon TL,raw/2025-02_table09_group10001.json,154ae3fc5f53291e9997550f98f5e322c53511742eaff0b85e7ae2e9793ceab3,raw/2025-02_table09_group10001_info.json,99d981b4ca0b493f52380ad7b7175012574222e2b01c404ac86decf9dcf75f4c,caption_and_validated_request_info,Sektör,20,b) Ticari ve Diğer Kuruluşlar,italic,23,143,659,2109,192615,195549
2025-02,9,Mevduat Turler Itibariyla,10001,21,"Mevduat Türler İtibarıyla (milyon TL), Dönem:2025/2",milyon TL,raw/2025-02_table09_group10001.json,154ae3fc5f53291e9997550f98f5e322c53511742eaff0b85e7ae2e9793ceab3,raw/2025-02_table09_group10001_info.json,99d981b4ca0b493f52380ad7b7175012574222e2b01c404ac86decf9dcf75f4c,caption_and_validated_request_info,Sektör,21,Kıymetli Maden Depo Hesapları - Yurt Dışı Yerleşik,bold,120,475,3165,10021,34407,48187
2025-02,9,Mevduat Turler Itibariyla,10001,22,"Mevduat Türler İtibarıyla (milyon TL), Dönem:2025/2",milyon TL,raw/2025-02_table09_group10001.json,154ae3fc5f53291e9997550f98f5e322c53511742eaff0b85e7ae2e9793ceab3,raw/2025-02_table09_group10001_info.json,99d981b4ca0b493f52380ad7b7175012574222e2b01c404ac86decf9dcf75f4c,caption_and_validated_request_info,Sektör,22,a) Gerçek Kişiler,italic,115,468,3157,9994,32863,46596
2025-02,9,Mevduat Turler Itibariyla,10001,23,"Mevduat Türler İtibarıyla (milyon TL), Dönem:2025/2",milyon TL,raw/2025-02_table09_group10001.json,154ae3fc5f53291e9997550f98f5e322c53511742eaff0b85e7ae2e9793ceab3,raw/2025-02_table09_group10001_info.json,99d981b4ca0b493f52380ad7b7175012574222e2b01c404ac86decf9dcf75f4c,caption_and_validated_request_info,Sektör,23,b) Ticari ve Diğer Kuruluşlar,italic,4,8,8,27,1544,1591
2025-02,9,Mevduat Turler Itibariyla,10001,24,"Mevduat Türler İtibarıyla (milyon TL), Dönem:2025/2",milyon TL,raw/2025-02_table09_group10001.json,154ae3fc5f53291e9997550f98f5e322c53511742eaff0b85e7ae2e9793ceab3,raw/2025-02_table09_group10001_info.json,99d981b4ca0b493f52380ad7b7175012574222e2b01c404ac86decf9dcf75f4c,caption_and_validated_request_info,Sektör,24,Toplam Mevduat - Yurt Dışı Yerleşik,bold,4837,14307,57801,148477,1138029,1363450
2025-02,9,Mevduat Turler Itibariyla,10001,25,"Mevduat Türler İtibarıyla (milyon TL), Dönem:2025/2",milyon TL,raw/2025-02_table09_group10001.json,154ae3fc5f53291e9997550f98f5e322c53511742eaff0b85e7ae2e9793ceab3,raw/2025-02_table09_group10001_info.json,99d981b4ca0b493f52380ad7b7175012574222e2b01c404ac86decf9dcf75f4c,caption_and_validated_request_info,Sektör,25,Mudi Sayısı - Yurt Dışı Yerleşik*,bold,2270226,514396,461574,273187,184400,2766733
2025-02,9,Mevduat Turler Itibariyla,10001,26,"Mevduat Türler İtibarıyla (milyon TL), Dönem:2025/2",milyon TL,raw/2025-02_table09_group10001.json,154ae3fc5f53291e9997550f98f5e322c53511742eaff0b85e7ae2e9793ceab3,raw/2025-02_table09_group10001_info.json,99d981b4ca0b493f52380ad7b7175012574222e2b01c404ac86decf9dcf75f4c,caption_and_validated_request_info,Sektör,26,Toplam Mevduat,bold,136053,434445,1217836,2515949,15494773,19799056
2025-03,9,Mevduat Turler Itibariyla,10001,1,"Mevduat Türler İtibarıyla (milyon TL), Dönem:2025/3",milyon TL,raw/2025-03_table09_group10001.json,436093ea192e7b13bd59d0e8d85c13f3661d5aa0bb39b006f5639cfbb2a902aa,raw/2025-03_table09_group10001_info.json,b35572893a3bc6b5a13b61c839e07f445573382886d2403677f07d215796663e,caption_and_validated_request_info,Sektör,1,TP Mevduat / Katılım Fonları - Yurt İçi Yerleşik,bold,122851,405688,782747,1380330,10013898,12705514
2025-03,9,Mevduat Turler Itibariyla,10001,2,"Mevduat Türler İtibarıyla (milyon TL), Dönem:2025/3",milyon TL,raw/2025-03_table09_group10001.json,436093ea192e7b13bd59d0e8d85c13f3661d5aa0bb39b006f5639cfbb2a902aa,raw/2025-03_table09_group10001_info.json,b35572893a3bc6b5a13b61c839e07f445573382886d2403677f07d215796663e,caption_and_validated_request_info,Sektör,2,a) Gerçek Kişiler,italic,113772,375554,687792,1204823,4983915,7365857
2025-03,9,Mevduat Turler Itibariyla,10001,3,"Mevduat Türler İtibarıyla (milyon TL), Dönem:2025/3",milyon TL,raw/2025-03_table09_group10001.json,436093ea192e7b13bd59d0e8d85c13f3661d5aa0bb39b006f5639cfbb2a902aa,raw/2025-03_table09_group10001_info.json,b35572893a3bc6b5a13b61c839e07f445573382886d2403677f07d215796663e,caption_and_validated_request_info,Sektör,3,b) Resmi Kuruluşlar,italic,125,477,1955,4743,418257,425557
2025-03,9,Mevduat Turler Itibariyla,10001,4,"Mevduat Türler İtibarıyla (milyon TL), Dönem:2025/3",milyon TL,raw/2025-03_table09_group10001.json,436093ea192e7b13bd59d0e8d85c13f3661d5aa0bb39b006f5639cfbb2a902aa,raw/2025-03_table09_group10001_info.json,b35572893a3bc6b5a13b61c839e07f445573382886d2403677f07d215796663e,caption_and_validated_request_info,Sektör,4,c) Ticari ve Diğer Kuruluşlar,italic,8955,29657,93000,170763,4611726,4914100
2025-03,9,Mevduat Turler Itibariyla,10001,5,"Mevduat Türler İtibarıyla (milyon TL), Dönem:2025/3",milyon TL,raw/2025-03_table09_group10001.json,436093ea192e7b13bd59d0e8d85c13f3661d5aa0bb39b006f5639cfbb2a902aa,raw/2025-03_table09_group10001_info.json,b35572893a3bc6b5a13b61c839e07f445573382886d2403677f07d215796663e,caption_and_validated_request_info,Sektör,5,Döviz Tevdiat Hesabı / Katılım Fonları - Yurt İçi Yerleşik,bold,8447,53751,271806,584848,4248930,5167781
2025-03,9,Mevduat Turler Itibariyla,10001,6,"Mevduat Türler İtibarıyla (milyon TL), Dönem:2025/3",milyon TL,raw/2025-03_table09_group10001.json,436093ea192e7b13bd59d0e8d85c13f3661d5aa0bb39b006f5639cfbb2a902aa,raw/2025-03_table09_group10001_info.json,b35572893a3bc6b5a13b61c839e07f445573382886d2403677f07d215796663e,caption_and_validated_request_info,Sektör,6,a) Gerçek Kişiler,italic,7807,51096,258017,539139,1769176,2625236
2025-03,9,Mevduat Turler Itibariyla,10001,7,"Mevduat Türler İtibarıyla (milyon TL), Dönem:2025/3",milyon TL,raw/2025-03_table09_group10001.json,436093ea192e7b13bd59d0e8d85c13f3661d5aa0bb39b006f5639cfbb2a902aa,raw/2025-03_table09_group10001_info.json,b35572893a3bc6b5a13b61c839e07f445573382886d2403677f07d215796663e,caption_and_validated_request_info,Sektör,7,b) Resmi Kuruluşlar,italic,3,40,109,331,85306,85789
2025-03,9,Mevduat Turler Itibariyla,10001,8,"Mevduat Türler İtibarıyla (milyon TL), Dönem:2025/3",milyon TL,raw/2025-03_table09_group10001.json,436093ea192e7b13bd59d0e8d85c13f3661d5aa0bb39b006f5639cfbb2a902aa,raw/2025-03_table09_group10001_info.json,b35572893a3bc6b5a13b61c839e07f445573382886d2403677f07d215796663e,caption_and_validated_request_info,Sektör,8,c) Ticari ve Diğer Kuruluşlar,italic,637,2615,13680,45378,2394448,2456756
2025-03,9,Mevduat Turler Itibariyla,10001,9,"Mevduat Türler İtibarıyla (milyon TL), Dönem:2025/3",milyon TL,raw/2025-03_table09_group10001.json,436093ea192e7b13bd59d0e8d85c13f3661d5aa0bb39b006f5639cfbb2a902aa,raw/2025-03_table09_group10001_info.json,b35572893a3bc6b5a13b61c839e07f445573382886d2403677f07d215796663e,caption_and_validated_request_info,Sektör,9,Kıymetli Maden Depo Hesapları - Yurt İçi Yerleşik,bold,8145,33938,214683,539759,1041740,1838265
2025-03,9,Mevduat Turler Itibariyla,10001,10,"Mevduat Türler İtibarıyla (milyon TL), Dönem:2025/3",milyon TL,raw/2025-03_table09_group10001.json,436093ea192e7b13bd59d0e8d85c13f3661d5aa0bb39b006f5639cfbb2a902aa,raw/2025-03_table09_group10001_info.json,b35572893a3bc6b5a13b61c839e07f445573382886d2403677f07d215796663e,caption_and_validated_request_info,Sektör,10,a) Gerçek Kişiler,italic,5652,32842,212247,532448,897190,1680378
2025-03,9,Mevduat Turler Itibariyla,10001,11,"Mevduat Türler İtibarıyla (milyon TL), Dönem:2025/3",milyon TL,raw/2025-03_table09_group10001.json,436093ea192e7b13bd59d0e8d85c13f3661d5aa0bb39b006f5639cfbb2a902aa,raw/2025-03_table09_group10001_info.json,b35572893a3bc6b5a13b61c839e07f445573382886d2403677f07d215796663e,caption_and_validated_request_info,Sektör,11,b) Resmi Kuruluşlar,italic,0,1,7,22,157,186
2025-03,9,Mevduat Turler Itibariyla,10001,12,"Mevduat Türler İtibarıyla (milyon TL), Dönem:2025/3",milyon TL,raw/2025-03_table09_group10001.json,436093ea192e7b13bd59d0e8d85c13f3661d5aa0bb39b006f5639cfbb2a902aa,raw/2025-03_table09_group10001_info.json,b35572893a3bc6b5a13b61c839e07f445573382886d2403677f07d215796663e,caption_and_validated_request_info,Sektör,12,c) Ticari ve Diğer Kuruluşlar,italic,2493,1096,2429,7289,144394,157701
2025-03,9,Mevduat Turler Itibariyla,10001,13,"Mevduat Türler İtibarıyla (milyon TL), Dönem:2025/3",milyon TL,raw/2025-03_table09_group10001.json,436093ea192e7b13bd59d0e8d85c13f3661d5aa0bb39b006f5639cfbb2a902aa,raw/2025-03_table09_group10001_info.json,b35572893a3bc6b5a13b61c839e07f445573382886d2403677f07d215796663e,caption_and_validated_request_info,Sektör,13,Toplam Mevduat - Yurt İçi Yerleşik,bold,139442,493377,1269236,2504937,15304568,19711560
2025-03,9,Mevduat Turler Itibariyla,10001,14,"Mevduat Türler İtibarıyla (milyon TL), Dönem:2025/3",milyon TL,raw/2025-03_table09_group10001.json,436093ea192e7b13bd59d0e8d85c13f3661d5aa0bb39b006f5639cfbb2a902aa,raw/2025-03_table09_group10001_info.json,b35572893a3bc6b5a13b61c839e07f445573382886d2403677f07d215796663e,caption_and_validated_request_info,Sektör,14,Mudi Sayısı - Yurt İçi Yerleşik*,bold,162973185,19421377,10526359,4795342,2100154,183096536
2025-03,9,Mevduat Turler Itibariyla,10001,15,"Mevduat Türler İtibarıyla (milyon TL), Dönem:2025/3",milyon TL,raw/2025-03_table09_group10001.json,436093ea192e7b13bd59d0e8d85c13f3661d5aa0bb39b006f5639cfbb2a902aa,raw/2025-03_table09_group10001_info.json,b35572893a3bc6b5a13b61c839e07f445573382886d2403677f07d215796663e,caption_and_validated_request_info,Sektör,15,TP Mevduat / Katılım Fonları - Yurt Dışı Yerleşik,bold,2407,9093,29052,47758,397408,485718
2025-03,9,Mevduat Turler Itibariyla,10001,16,"Mevduat Türler İtibarıyla (milyon TL), Dönem:2025/3",milyon TL,raw/2025-03_table09_group10001.json,436093ea192e7b13bd59d0e8d85c13f3661d5aa0bb39b006f5639cfbb2a902aa,raw/2025-03_table09_group10001_info.json,b35572893a3bc6b5a13b61c839e07f445573382886d2403677f07d215796663e,caption_and_validated_request_info,Sektör,16,a) Gerçek Kişiler,italic,2369,8935,28512,46738,349040,435594
2025-03,9,Mevduat Turler Itibariyla,10001,17,"Mevduat Türler İtibarıyla (milyon TL), Dönem:2025/3",milyon TL,raw/2025-03_table09_group10001.json,436093ea192e7b13bd59d0e8d85c13f3661d5aa0bb39b006f5639cfbb2a902aa,raw/2025-03_table09_group10001_info.json,b35572893a3bc6b5a13b61c839e07f445573382886d2403677f07d215796663e,caption_and_validated_request_info,Sektör,17,b) Ticari ve Diğer Kuruluşlar,italic,38,158,540,1020,48368,50124
2025-03,9,Mevduat Turler Itibariyla,10001,18,"Mevduat Türler İtibarıyla (milyon TL), Dönem:2025/3",milyon TL,raw/2025-03_table09_group10001.json,436093ea192e7b13bd59d0e8d85c13f3661d5aa0bb39b006f5639cfbb2a902aa,raw/2025-03_table09_group10001_info.json,b35572893a3bc6b5a13b61c839e07f445573382886d2403677f07d215796663e,caption_and_validated_request_info,Sektör,18,Döviz Tevdiat Hesabı / Katılım Fonları - Yurt Dışı Yerleşik,bold,2328,4964,27458,92660,764140,891550
2025-03,9,Mevduat Turler Itibariyla,10001,19,"Mevduat Türler İtibarıyla (milyon TL), Dönem:2025/3",milyon TL,raw/2025-03_table09_group10001.json,436093ea192e7b13bd59d0e8d85c13f3661d5aa0bb39b006f5639cfbb2a902aa,raw/2025-03_table09_group10001_info.json,b35572893a3bc6b5a13b61c839e07f445573382886d2403677f07d215796663e,caption_and_validated_request_info,Sektör,19,a) Gerçek Kişiler,italic,2305,4823,26780,90498,558705,683110
2025-03,9,Mevduat Turler Itibariyla,10001,20,"Mevduat Türler İtibarıyla (milyon TL), Dönem:2025/3",milyon TL,raw/2025-03_table09_group10001.json,436093ea192e7b13bd59d0e8d85c13f3661d5aa0bb39b006f5639cfbb2a902aa,raw/2025-03_table09_group10001_info.json,b35572893a3bc6b5a13b61c839e07f445573382886d2403677f07d215796663e,caption_and_validated_request_info,Sektör,20,b) Ticari ve Diğer Kuruluşlar,italic,23,141,678,2162,205436,208440
2025-03,9,Mevduat Turler Itibariyla,10001,21,"Mevduat Türler İtibarıyla (milyon TL), Dönem:2025/3",milyon TL,raw/2025-03_table09_group10001.json,436093ea192e7b13bd59d0e8d85c13f3661d5aa0bb39b006f5639cfbb2a902aa,raw/2025-03_table09_group10001_info.json,b35572893a3bc6b5a13b61c839e07f445573382886d2403677f07d215796663e,caption_and_validated_request_info,Sektör,21,Kıymetli Maden Depo Hesapları - Yurt Dışı Yerleşik,bold,124,476,3231,10614,40740,55185
2025-03,9,Mevduat Turler Itibariyla,10001,22,"Mevduat Türler İtibarıyla (milyon TL), Dönem:2025/3",milyon TL,raw/2025-03_table09_group10001.json,436093ea192e7b13bd59d0e8d85c13f3661d5aa0bb39b006f5639cfbb2a902aa,raw/2025-03_table09_group10001_info.json,b35572893a3bc6b5a13b61c839e07f445573382886d2403677f07d215796663e,caption_and_validated_request_info,Sektör,22,a) Gerçek Kişiler,italic,121,466,3221,10587,38616,53011
2025-03,9,Mevduat Turler Itibariyla,10001,23,"Mevduat Türler İtibarıyla (milyon TL), Dönem:2025/3",milyon TL,raw/2025-03_table09_group10001.json,436093ea192e7b13bd59d0e8d85c13f3661d5aa0bb39b006f5639cfbb2a902aa,raw/2025-03_table09_group10001_info.json,b35572893a3bc6b5a13b61c839e07f445573382886d2403677f07d215796663e,caption_and_validated_request_info,Sektör,23,b) Ticari ve Diğer Kuruluşlar,italic,3,9,10,28,2124,2174
2025-03,9,Mevduat Turler Itibariyla,10001,24,"Mevduat Türler İtibarıyla (milyon TL), Dönem:2025/3",milyon TL,raw/2025-03_table09_group10001.json,436093ea192e7b13bd59d0e8d85c13f3661d5aa0bb39b006f5639cfbb2a902aa,raw/2025-03_table09_group10001_info.json,b35572893a3bc6b5a13b61c839e07f445573382886d2403677f07d215796663e,caption_and_validated_request_info,Sektör,24,Toplam Mevduat - Yurt Dışı Yerleşik,bold,4858,14533,59741,151032,1202289,1432453
2025-03,9,Mevduat Turler Itibariyla,10001,25,"Mevduat Türler İtibarıyla (milyon TL), Dönem:2025/3",milyon TL,raw/2025-03_table09_group10001.json,436093ea192e7b13bd59d0e8d85c13f3661d5aa0bb39b006f5639cfbb2a902aa,raw/2025-03_table09_group10001_info.json,b35572893a3bc6b5a13b61c839e07f445573382886d2403677f07d215796663e,caption_and_validated_request_info,Sektör,25,Mudi Sayısı - Yurt Dışı Yerleşik*,bold,2272888,520478,472053,276659,193678,2785141
2025-03,9,Mevduat Turler Itibariyla,10001,26,"Mevduat Türler İtibarıyla (milyon TL), Dönem:2025/3",milyon TL,raw/2025-03_table09_group10001.json,436093ea192e7b13bd59d0e8d85c13f3661d5aa0bb39b006f5639cfbb2a902aa,raw/2025-03_table09_group10001_info.json,b35572893a3bc6b5a13b61c839e07f445573382886d2403677f07d215796663e,caption_and_validated_request_info,Sektör,26,Toplam Mevduat,bold,144300,507910,1328977,2655969,16506857,21144013
2025-04,9,Mevduat Turler Itibariyla,10001,1,"Mevduat Türler İtibarıyla (milyon TL), Dönem:2025/4",milyon TL,raw/2025-04_table09_group10001.json,cc769590b7bc12b5b24cb84b84c7d12dd2e536fbe672e1cc79a49680ffe1ef83,raw/2025-04_table09_group10001_info.json,dc010c30aeec75e770bc9555ddbc89183cecb2eec9c7d37853bf606d226b9dc4,caption_and_validated_request_info,Sektör,1,TP Mevduat / Katılım Fonları - Yurt İçi Yerleşik,bold,114065,335266,715045,1368905,10049508,12582789
2025-04,9,Mevduat Turler Itibariyla,10001,2,"Mevduat Türler İtibarıyla (milyon TL), Dönem:2025/4",milyon TL,raw/2025-04_table09_group10001.json,cc769590b7bc12b5b24cb84b84c7d12dd2e536fbe672e1cc79a49680ffe1ef83,raw/2025-04_table09_group10001_info.json,dc010c30aeec75e770bc9555ddbc89183cecb2eec9c7d37853bf606d226b9dc4,caption_and_validated_request_info,Sektör,2,a) Gerçek Kişiler,italic,104901,307159,628586,1203481,5028315,7272442
2025-04,9,Mevduat Turler Itibariyla,10001,3,"Mevduat Türler İtibarıyla (milyon TL), Dönem:2025/4",milyon TL,raw/2025-04_table09_group10001.json,cc769590b7bc12b5b24cb84b84c7d12dd2e536fbe672e1cc79a49680ffe1ef83,raw/2025-04_table09_group10001_info.json,dc010c30aeec75e770bc9555ddbc89183cecb2eec9c7d37853bf606d226b9dc4,caption_and_validated_request_info,Sektör,3,b) Resmi Kuruluşlar,italic,123,464,1926,4474,556318,563304
2025-04,9,Mevduat Turler Itibariyla,10001,4,"Mevduat Türler İtibarıyla (milyon TL), Dönem:2025/4",milyon TL,raw/2025-04_table09_group10001.json,cc769590b7bc12b5b24cb84b84c7d12dd2e536fbe672e1cc79a49680ffe1ef83,raw/2025-04_table09_group10001_info.json,dc010c30aeec75e770bc9555ddbc89183cecb2eec9c7d37853bf606d226b9dc4,caption_and_validated_request_info,Sektör,4,c) Ticari ve Diğer Kuruluşlar,italic,9041,27643,84533,160950,4464875,4747043
2025-04,9,Mevduat Turler Itibariyla,10001,5,"Mevduat Türler İtibarıyla (milyon TL), Dönem:2025/4",milyon TL,raw/2025-04_table09_group10001.json,cc769590b7bc12b5b24cb84b84c7d12dd2e536fbe672e1cc79a49680ffe1ef83,raw/2025-04_table09_group10001_info.json,dc010c30aeec75e770bc9555ddbc89183cecb2eec9c7d37853bf606d226b9dc4,caption_and_validated_request_info,Sektör,5,Döviz Tevdiat Hesabı / Katılım Fonları - Yurt İçi Yerleşik,bold,8487,53110,271545,598474,4476592,5408207
2025-04,9,Mevduat Turler Itibariyla,10001,6,"Mevduat Türler İtibarıyla (milyon TL), Dönem:2025/4",milyon TL,raw/2025-04_table09_group10001.json,cc769590b7bc12b5b24cb84b84c7d12dd2e536fbe672e1cc79a49680ffe1ef83,raw/2025-04_table09_group10001_info.json,dc010c30aeec75e770bc9555ddbc89183cecb2eec9c7d37853bf606d226b9dc4,caption_and_validated_request_info,Sektör,6,a) Gerçek Kişiler,italic,7839,50464,257657,551921,1840107,2707988
2025-04,9,Mevduat Turler Itibariyla,10001,7,"Mevduat Türler İtibarıyla (milyon TL), Dönem:2025/4",milyon TL,raw/2025-04_table09_group10001.json,cc769590b7bc12b5b24cb84b84c7d12dd2e536fbe672e1cc79a49680ffe1ef83,raw/2025-04_table09_group10001_info.json,dc010c30aeec75e770bc9555ddbc89183cecb2eec9c7d37853bf606d226b9dc4,caption_and_validated_request_info,Sektör,7,b) Resmi Kuruluşlar,italic,3,14,122,348,88531,89018
2025-04,9,Mevduat Turler Itibariyla,10001,8,"Mevduat Türler İtibarıyla (milyon TL), Dönem:2025/4",milyon TL,raw/2025-04_table09_group10001.json,cc769590b7bc12b5b24cb84b84c7d12dd2e536fbe672e1cc79a49680ffe1ef83,raw/2025-04_table09_group10001_info.json,dc010c30aeec75e770bc9555ddbc89183cecb2eec9c7d37853bf606d226b9dc4,caption_and_validated_request_info,Sektör,8,c) Ticari ve Diğer Kuruluşlar,italic,645,2631,13765,46206,2547953,2611201
2025-04,9,Mevduat Turler Itibariyla,10001,9,"Mevduat Türler İtibarıyla (milyon TL), Dönem:2025/4",milyon TL,raw/2025-04_table09_group10001.json,cc769590b7bc12b5b24cb84b84c7d12dd2e536fbe672e1cc79a49680ffe1ef83,raw/2025-04_table09_group10001_info.json,dc010c30aeec75e770bc9555ddbc89183cecb2eec9c7d37853bf606d226b9dc4,caption_and_validated_request_info,Sektör,9,Kıymetli Maden Depo Hesapları - Yurt İçi Yerleşik,bold,8510,34147,216327,568266,1213957,2041208
2025-04,9,Mevduat Turler Itibariyla,10001,10,"Mevduat Türler İtibarıyla (milyon TL), Dönem:2025/4",milyon TL,raw/2025-04_table09_group10001.json,cc769590b7bc12b5b24cb84b84c7d12dd2e536fbe672e1cc79a49680ffe1ef83,raw/2025-04_table09_group10001_info.json,dc010c30aeec75e770bc9555ddbc89183cecb2eec9c7d37853bf606d226b9dc4,caption_and_validated_request_info,Sektör,10,a) Gerçek Kişiler,italic,5912,32861,213817,560764,1046840,1860193
2025-04,9,Mevduat Turler Itibariyla,10001,11,"Mevduat Türler İtibarıyla (milyon TL), Dönem:2025/4",milyon TL,raw/2025-04_table09_group10001.json,cc769590b7bc12b5b24cb84b84c7d12dd2e536fbe672e1cc79a49680ffe1ef83,raw/2025-04_table09_group10001_info.json,dc010c30aeec75e770bc9555ddbc89183cecb2eec9c7d37853bf606d226b9dc4,caption_and_validated_request_info,Sektör,11,b) Resmi Kuruluşlar,italic,0,1,8,21,179,209
2025-04,9,Mevduat Turler Itibariyla,10001,12,"Mevduat Türler İtibarıyla (milyon TL), Dönem:2025/4",milyon TL,raw/2025-04_table09_group10001.json,cc769590b7bc12b5b24cb84b84c7d12dd2e536fbe672e1cc79a49680ffe1ef83,raw/2025-04_table09_group10001_info.json,dc010c30aeec75e770bc9555ddbc89183cecb2eec9c7d37853bf606d226b9dc4,caption_and_validated_request_info,Sektör,12,c) Ticari ve Diğer Kuruluşlar,italic,2598,1286,2502,7481,166938,180806
2025-04,9,Mevduat Turler Itibariyla,10001,13,"Mevduat Türler İtibarıyla (milyon TL), Dönem:2025/4",milyon TL,raw/2025-04_table09_group10001.json,cc769590b7bc12b5b24cb84b84c7d12dd2e536fbe672e1cc79a49680ffe1ef83,raw/2025-04_table09_group10001_info.json,dc010c30aeec75e770bc9555ddbc89183cecb2eec9c7d37853bf606d226b9dc4,caption_and_validated_request_info,Sektör,13,Toplam Mevduat - Yurt İçi Yerleşik,bold,131061,422523,1202917,2535646,15740058,20032205
2025-04,9,Mevduat Turler Itibariyla,10001,14,"Mevduat Türler İtibarıyla (milyon TL), Dönem:2025/4",milyon TL,raw/2025-04_table09_group10001.json,cc769590b7bc12b5b24cb84b84c7d12dd2e536fbe672e1cc79a49680ffe1ef83,raw/2025-04_table09_group10001_info.json,dc010c30aeec75e770bc9555ddbc89183cecb2eec9c7d37853bf606d226b9dc4,caption_and_validated_request_info,Sektör,14,Mudi Sayısı - Yurt İçi Yerleşik*,bold,165517784,16658322,9805920,4831341,2176939,182435694
2025-04,9,Mevduat Turler Itibariyla,10001,15,"Mevduat Türler İtibarıyla (milyon TL), Dönem:2025/4",milyon TL,raw/2025-04_table09_group10001.json,cc769590b7bc12b5b24cb84b84c7d12dd2e536fbe672e1cc79a49680ffe1ef83,raw/2025-04_table09_group10001_info.json,dc010c30aeec75e770bc9555ddbc89183cecb2eec9c7d37853bf606d226b9dc4,caption_and_validated_request_info,Sektör,15,TP Mevduat / Katılım Fonları - Yurt Dışı Yerleşik,bold,2354,8831,29756,48212,390964,480116
2025-04,9,Mevduat Turler Itibariyla,10001,16,"Mevduat Türler İtibarıyla (milyon TL), Dönem:2025/4",milyon TL,raw/2025-04_table09_group10001.json,cc769590b7bc12b5b24cb84b84c7d12dd2e536fbe672e1cc79a49680ffe1ef83,raw/2025-04_table09_group10001_info.json,dc010c30aeec75e770bc9555ddbc89183cecb2eec9c7d37853bf606d226b9dc4,caption_and_validated_request_info,Sektör,16,a) Gerçek Kişiler,italic,2315,8674,29218,47189,348544,435941
2025-04,9,Mevduat Turler Itibariyla,10001,17,"Mevduat Türler İtibarıyla (milyon TL), Dönem:2025/4",milyon TL,raw/2025-04_table09_group10001.json,cc769590b7bc12b5b24cb84b84c7d12dd2e536fbe672e1cc79a49680ffe1ef83,raw/2025-04_table09_group10001_info.json,dc010c30aeec75e770bc9555ddbc89183cecb2eec9c7d37853bf606d226b9dc4,caption_and_validated_request_info,Sektör,17,b) Ticari ve Diğer Kuruluşlar,italic,39,157,537,1023,42419,44176
2025-04,9,Mevduat Turler Itibariyla,10001,18,"Mevduat Türler İtibarıyla (milyon TL), Dönem:2025/4",milyon TL,raw/2025-04_table09_group10001.json,cc769590b7bc12b5b24cb84b84c7d12dd2e536fbe672e1cc79a49680ffe1ef83,raw/2025-04_table09_group10001_info.json,dc010c30aeec75e770bc9555ddbc89183cecb2eec9c7d37853bf606d226b9dc4,caption_and_validated_request_info,Sektör,18,Döviz Tevdiat Hesabı / Katılım Fonları - Yurt Dışı Yerleşik,bold,2566,4913,27260,94631,818430,947800
2025-04,9,Mevduat Turler Itibariyla,10001,19,"Mevduat Türler İtibarıyla (milyon TL), Dönem:2025/4",milyon TL,raw/2025-04_table09_group10001.json,cc769590b7bc12b5b24cb84b84c7d12dd2e536fbe672e1cc79a49680ffe1ef83,raw/2025-04_table09_group10001_info.json,dc010c30aeec75e770bc9555ddbc89183cecb2eec9c7d37853bf606d226b9dc4,caption_and_validated_request_info,Sektör,19,a) Gerçek Kişiler,italic,2543,4774,26588,92488,589349,715741
2025-04,9,Mevduat Turler Itibariyla,10001,20,"Mevduat Türler İtibarıyla (milyon TL), Dönem:2025/4",milyon TL,raw/2025-04_table09_group10001.json,cc769590b7bc12b5b24cb84b84c7d12dd2e536fbe672e1cc79a49680ffe1ef83,raw/2025-04_table09_group10001_info.json,dc010c30aeec75e770bc9555ddbc89183cecb2eec9c7d37853bf606d226b9dc4,caption_and_validated_request_info,Sektör,20,b) Ticari ve Diğer Kuruluşlar,italic,23,139,673,2143,229081,232059
2025-04,9,Mevduat Turler Itibariyla,10001,21,"Mevduat Türler İtibarıyla (milyon TL), Dönem:2025/4",milyon TL,raw/2025-04_table09_group10001.json,cc769590b7bc12b5b24cb84b84c7d12dd2e536fbe672e1cc79a49680ffe1ef83,raw/2025-04_table09_group10001_info.json,dc010c30aeec75e770bc9555ddbc89183cecb2eec9c7d37853bf606d226b9dc4,caption_and_validated_request_info,Sektör,21,Kıymetli Maden Depo Hesapları - Yurt Dışı Yerleşik,bold,130,481,3312,11109,49779,64811
2025-04,9,Mevduat Turler Itibariyla,10001,22,"Mevduat Türler İtibarıyla (milyon TL), Dönem:2025/4",milyon TL,raw/2025-04_table09_group10001.json,cc769590b7bc12b5b24cb84b84c7d12dd2e536fbe672e1cc79a49680ffe1ef83,raw/2025-04_table09_group10001_info.json,dc010c30aeec75e770bc9555ddbc89183cecb2eec9c7d37853bf606d226b9dc4,caption_and_validated_request_info,Sektör,22,a) Gerçek Kişiler,italic,127,470,3301,11088,45995,60981
2025-04,9,Mevduat Turler Itibariyla,10001,23,"Mevduat Türler İtibarıyla (milyon TL), Dönem:2025/4",milyon TL,raw/2025-04_table09_group10001.json,cc769590b7bc12b5b24cb84b84c7d12dd2e536fbe672e1cc79a49680ffe1ef83,raw/2025-04_table09_group10001_info.json,dc010c30aeec75e770bc9555ddbc89183cecb2eec9c7d37853bf606d226b9dc4,caption_and_validated_request_info,Sektör,23,b) Ticari ve Diğer Kuruluşlar,italic,3,10,11,22,3784,3830
2025-04,9,Mevduat Turler Itibariyla,10001,24,"Mevduat Türler İtibarıyla (milyon TL), Dönem:2025/4",milyon TL,raw/2025-04_table09_group10001.json,cc769590b7bc12b5b24cb84b84c7d12dd2e536fbe672e1cc79a49680ffe1ef83,raw/2025-04_table09_group10001_info.json,dc010c30aeec75e770bc9555ddbc89183cecb2eec9c7d37853bf606d226b9dc4,caption_and_validated_request_info,Sektör,24,Toplam Mevduat - Yurt Dışı Yerleşik,bold,5049,14225,60328,153952,1259172,1492727
2025-04,9,Mevduat Turler Itibariyla,10001,25,"Mevduat Türler İtibarıyla (milyon TL), Dönem:2025/4",milyon TL,raw/2025-04_table09_group10001.json,cc769590b7bc12b5b24cb84b84c7d12dd2e536fbe672e1cc79a49680ffe1ef83,raw/2025-04_table09_group10001_info.json,dc010c30aeec75e770bc9555ddbc89183cecb2eec9c7d37853bf606d226b9dc4,caption_and_validated_request_info,Sektör,25,Mudi Sayısı - Yurt Dışı Yerleşik*,bold,2284081,510078,474367,281950,200093,2793415
2025-04,9,Mevduat Turler Itibariyla,10001,26,"Mevduat Türler İtibarıyla (milyon TL), Dönem:2025/4",milyon TL,raw/2025-04_table09_group10001.json,cc769590b7bc12b5b24cb84b84c7d12dd2e536fbe672e1cc79a49680ffe1ef83,raw/2025-04_table09_group10001_info.json,dc010c30aeec75e770bc9555ddbc89183cecb2eec9c7d37853bf606d226b9dc4,caption_and_validated_request_info,Sektör,26,Toplam Mevduat,bold,136111,436748,1263245,2689598,16999230,21524932
2025-05,9,Mevduat Turler Itibariyla,10001,1,"Mevduat Türler İtibarıyla (milyon TL), Dönem:2025/5",milyon TL,raw/2025-05_table09_group10001.json,a7f8646240918f66df43387ae2a59bd62d8deed2d128e3d0f4c85dca36c702f5,raw/2025-05_table09_group10001_info.json,d01b04a72c48b139a3e1602b46b3f72e3f2f1339e97278c2e9735526d7a96842,caption_and_validated_request_info,Sektör,1,TP Mevduat / Katılım Fonları - Yurt İçi Yerleşik,bold,115654,351656,743292,1403870,10457019,13071492
2025-05,9,Mevduat Turler Itibariyla,10001,2,"Mevduat Türler İtibarıyla (milyon TL), Dönem:2025/5",milyon TL,raw/2025-05_table09_group10001.json,a7f8646240918f66df43387ae2a59bd62d8deed2d128e3d0f4c85dca36c702f5,raw/2025-05_table09_group10001_info.json,d01b04a72c48b139a3e1602b46b3f72e3f2f1339e97278c2e9735526d7a96842,caption_and_validated_request_info,Sektör,2,a) Gerçek Kişiler,italic,106510,321803,647615,1219185,5220882,7515997
2025-05,9,Mevduat Turler Itibariyla,10001,3,"Mevduat Türler İtibarıyla (milyon TL), Dönem:2025/5",milyon TL,raw/2025-05_table09_group10001.json,a7f8646240918f66df43387ae2a59bd62d8deed2d128e3d0f4c85dca36c702f5,raw/2025-05_table09_group10001_info.json,d01b04a72c48b139a3e1602b46b3f72e3f2f1339e97278c2e9735526d7a96842,caption_and_validated_request_info,Sektör,3,b) Resmi Kuruluşlar,italic,123,470,1960,4610,435942,443105
2025-05,9,Mevduat Turler Itibariyla,10001,4,"Mevduat Türler İtibarıyla (milyon TL), Dönem:2025/5",milyon TL,raw/2025-05_table09_group10001.json,a7f8646240918f66df43387ae2a59bd62d8deed2d128e3d0f4c85dca36c702f5,raw/2025-05_table09_group10001_info.json,d01b04a72c48b139a3e1602b46b3f72e3f2f1339e97278c2e9735526d7a96842,caption_and_validated_request_info,Sektör,4,c) Ticari ve Diğer Kuruluşlar,italic,9021,29384,93717,180075,4800194,5112391
2025-05,9,Mevduat Turler Itibariyla,10001,5,"Mevduat Türler İtibarıyla (milyon TL), Dönem:2025/5",milyon TL,raw/2025-05_table09_group10001.json,a7f8646240918f66df43387ae2a59bd62d8deed2d128e3d0f4c85dca36c702f5,raw/2025-05_table09_group10001_info.json,d01b04a72c48b139a3e1602b46b3f72e3f2f1339e97278c2e9735526d7a96842,caption_and_validated_request_info,Sektör,5,Döviz Tevdiat Hesabı / Katılım Fonları - Yurt İçi Yerleşik,bold,8515,52173,268548,597832,4498781,5425850
2025-05,9,Mevduat Turler Itibariyla,10001,6,"Mevduat Türler İtibarıyla (milyon TL), Dönem:2025/5",milyon TL,raw/2025-05_table09_group10001.json,a7f8646240918f66df43387ae2a59bd62d8deed2d128e3d0f4c85dca36c702f5,raw/2025-05_table09_group10001_info.json,d01b04a72c48b139a3e1602b46b3f72e3f2f1339e97278c2e9735526d7a96842,caption_and_validated_request_info,Sektör,6,a) Gerçek Kişiler,italic,7818,49489,254562,550528,1833677,2696073
2025-05,9,Mevduat Turler Itibariyla,10001,7,"Mevduat Türler İtibarıyla (milyon TL), Dönem:2025/5",milyon TL,raw/2025-05_table09_group10001.json,a7f8646240918f66df43387ae2a59bd62d8deed2d128e3d0f4c85dca36c702f5,raw/2025-05_table09_group10001_info.json,d01b04a72c48b139a3e1602b46b3f72e3f2f1339e97278c2e9735526d7a96842,caption_and_validated_request_info,Sektör,7,b) Resmi Kuruluşlar,italic,42,14,108,335,89328,89828
2025-05,9,Mevduat Turler Itibariyla,10001,8,"Mevduat Türler İtibarıyla (milyon TL), Dönem:2025/5",milyon TL,raw/2025-05_table09_group10001.json,a7f8646240918f66df43387ae2a59bd62d8deed2d128e3d0f4c85dca36c702f5,raw/2025-05_table09_group10001_info.json,d01b04a72c48b139a3e1602b46b3f72e3f2f1339e97278c2e9735526d7a96842,caption_and_validated_request_info,Sektör,8,c) Ticari ve Diğer Kuruluşlar,italic,654,2670,13879,46969,2575777,2639948
2025-05,9,Mevduat Turler Itibariyla,10001,9,"Mevduat Türler İtibarıyla (milyon TL), Dönem:2025/5",milyon TL,raw/2025-05_table09_group10001.json,a7f8646240918f66df43387ae2a59bd62d8deed2d128e3d0f4c85dca36c702f5,raw/2025-05_table09_group10001_info.json,d01b04a72c48b139a3e1602b46b3f72e3f2f1339e97278c2e9735526d7a96842,caption_and_validated_request_info,Sektör,9,Kıymetli Maden Depo Hesapları - Yurt İçi Yerleşik,bold,8539,33891,214404,570660,1250396,2077890
2025-05,9,Mevduat Turler Itibariyla,10001,10,"Mevduat Türler İtibarıyla (milyon TL), Dönem:2025/5",milyon TL,raw/2025-05_table09_group10001.json,a7f8646240918f66df43387ae2a59bd62d8deed2d128e3d0f4c85dca36c702f5,raw/2025-05_table09_group10001_info.json,d01b04a72c48b139a3e1602b46b3f72e3f2f1339e97278c2e9735526d7a96842,caption_and_validated_request_info,Sektör,10,a) Gerçek Kişiler,italic,5921,32573,211910,563166,1078892,1892463
2025-05,9,Mevduat Turler Itibariyla,10001,11,"Mevduat Türler İtibarıyla (milyon TL), Dönem:2025/5",milyon TL,raw/2025-05_table09_group10001.json,a7f8646240918f66df43387ae2a59bd62d8deed2d128e3d0f4c85dca36c702f5,raw/2025-05_table09_group10001_info.json,d01b04a72c48b139a3e1602b46b3f72e3f2f1339e97278c2e9735526d7a96842,caption_and_validated_request_info,Sektör,11,b) Resmi Kuruluşlar,italic,1,1,7,24,186,218
2025-05,9,Mevduat Turler Itibariyla,10001,12,"Mevduat Türler İtibarıyla (milyon TL), Dönem:2025/5",milyon TL,raw/2025-05_table09_group10001.json,a7f8646240918f66df43387ae2a59bd62d8deed2d128e3d0f4c85dca36c702f5,raw/2025-05_table09_group10001_info.json,d01b04a72c48b139a3e1602b46b3f72e3f2f1339e97278c2e9735526d7a96842,caption_and_validated_request_info,Sektör,12,c) Ticari ve Diğer Kuruluşlar,italic,2617,1317,2486,7470,171318,185209
2025-05,9,Mevduat Turler Itibariyla,10001,13,"Mevduat Türler İtibarıyla (milyon TL), Dönem:2025/5",milyon TL,raw/2025-05_table09_group10001.json,a7f8646240918f66df43387ae2a59bd62d8deed2d128e3d0f4c85dca36c702f5,raw/2025-05_table09_group10001_info.json,d01b04a72c48b139a3e1602b46b3f72e3f2f1339e97278c2e9735526d7a96842,caption_and_validated_request_info,Sektör,13,Toplam Mevduat - Yurt İçi Yerleşik,bold,132708,437720,1226245,2572362,16206196,20575231
2025-05,9,Mevduat Turler Itibariyla,10001,14,"Mevduat Türler İtibarıyla (milyon TL), Dönem:2025/5",milyon TL,raw/2025-05_table09_group10001.json,a7f8646240918f66df43387ae2a59bd62d8deed2d128e3d0f4c85dca36c702f5,raw/2025-05_table09_group10001_info.json,d01b04a72c48b139a3e1602b46b3f72e3f2f1339e97278c2e9735526d7a96842,caption_and_validated_request_info,Sektör,14,Mudi Sayısı - Yurt İçi Yerleşik*,bold,166103331,17188308,10053737,4896931,2242066,184175557
2025-05,9,Mevduat Turler Itibariyla,10001,15,"Mevduat Türler İtibarıyla (milyon TL), Dönem:2025/5",milyon TL,raw/2025-05_table09_group10001.json,a7f8646240918f66df43387ae2a59bd62d8deed2d128e3d0f4c85dca36c702f5,raw/2025-05_table09_group10001_info.json,d01b04a72c48b139a3e1602b46b3f72e3f2f1339e97278c2e9735526d7a96842,caption_and_validated_request_info,Sektör,15,TP Mevduat / Katılım Fonları - Yurt Dışı Yerleşik,bold,2386,8821,29778,49243,395379,485608
2025-05,9,Mevduat Turler Itibariyla,10001,16,"Mevduat Türler İtibarıyla (milyon TL), Dönem:2025/5",milyon TL,raw/2025-05_table09_group10001.json,a7f8646240918f66df43387ae2a59bd62d8deed2d128e3d0f4c85dca36c702f5,raw/2025-05_table09_group10001_info.json,d01b04a72c48b139a3e1602b46b3f72e3f2f1339e97278c2e9735526d7a96842,caption_and_validated_request_info,Sektör,16,a) Gerçek Kişiler,italic,2348,8659,29217,48099,351053,439376
2025-05,9,Mevduat Turler Itibariyla,10001,17,"Mevduat Türler İtibarıyla (milyon TL), Dönem:2025/5",milyon TL,raw/2025-05_table09_group10001.json,a7f8646240918f66df43387ae2a59bd62d8deed2d128e3d0f4c85dca36c702f5,raw/2025-05_table09_group10001_info.json,d01b04a72c48b139a3e1602b46b3f72e3f2f1339e97278c2e9735526d7a96842,caption_and_validated_request_info,Sektör,17,b) Ticari ve Diğer Kuruluşlar,italic,39,163,561,1143,44326,46232
2025-05,9,Mevduat Turler Itibariyla,10001,18,"Mevduat Türler İtibarıyla (milyon TL), Dönem:2025/5",milyon TL,raw/2025-05_table09_group10001.json,a7f8646240918f66df43387ae2a59bd62d8deed2d128e3d0f4c85dca36c702f5,raw/2025-05_table09_group10001_info.json,d01b04a72c48b139a3e1602b46b3f72e3f2f1339e97278c2e9735526d7a96842,caption_and_validated_request_info,Sektör,18,Döviz Tevdiat Hesabı / Katılım Fonları - Yurt Dışı Yerleşik,bold,2858,4906,27293,95018,840659,970734
2025-05,9,Mevduat Turler Itibariyla,10001,19,"Mevduat Türler İtibarıyla (milyon TL), Dönem:2025/5",milyon TL,raw/2025-05_table09_group10001.json,a7f8646240918f66df43387ae2a59bd62d8deed2d128e3d0f4c85dca36c702f5,raw/2025-05_table09_group10001_info.json,d01b04a72c48b139a3e1602b46b3f72e3f2f1339e97278c2e9735526d7a96842,caption_and_validated_request_info,Sektör,19,a) Gerçek Kişiler,italic,2835,4763,26626,92855,598431,725510
2025-05,9,Mevduat Turler Itibariyla,10001,20,"Mevduat Türler İtibarıyla (milyon TL), Dönem:2025/5",milyon TL,raw/2025-05_table09_group10001.json,a7f8646240918f66df43387ae2a59bd62d8deed2d128e3d0f4c85dca36c702f5,raw/2025-05_table09_group10001_info.json,d01b04a72c48b139a3e1602b46b3f72e3f2f1339e97278c2e9735526d7a96842,caption_and_validated_request_info,Sektör,20,b) Ticari ve Diğer Kuruluşlar,italic,23,143,667,2162,242228,245224
2025-05,9,Mevduat Turler Itibariyla,10001,21,"Mevduat Türler İtibarıyla (milyon TL), Dönem:2025/5",milyon TL,raw/2025-05_table09_group10001.json,a7f8646240918f66df43387ae2a59bd62d8deed2d128e3d0f4c85dca36c702f5,raw/2025-05_table09_group10001_info.json,d01b04a72c48b139a3e1602b46b3f72e3f2f1339e97278c2e9735526d7a96842,caption_and_validated_request_info,Sektör,21,Kıymetli Maden Depo Hesapları - Yurt Dışı Yerleşik,bold,130,484,3360,11307,51657,66939
2025-05,9,Mevduat Turler Itibariyla,10001,22,"Mevduat Türler İtibarıyla (milyon TL), Dönem:2025/5",milyon TL,raw/2025-05_table09_group10001.json,a7f8646240918f66df43387ae2a59bd62d8deed2d128e3d0f4c85dca36c702f5,raw/2025-05_table09_group10001_info.json,d01b04a72c48b139a3e1602b46b3f72e3f2f1339e97278c2e9735526d7a96842,caption_and_validated_request_info,Sektör,22,a) Gerçek Kişiler,italic,127,474,3348,11286,47808,63044
2025-05,9,Mevduat Turler Itibariyla,10001,23,"Mevduat Türler İtibarıyla (milyon TL), Dönem:2025/5",milyon TL,raw/2025-05_table09_group10001.json,a7f8646240918f66df43387ae2a59bd62d8deed2d128e3d0f4c85dca36c702f5,raw/2025-05_table09_group10001_info.json,d01b04a72c48b139a3e1602b46b3f72e3f2f1339e97278c2e9735526d7a96842,caption_and_validated_request_info,Sektör,23,b) Ticari ve Diğer Kuruluşlar,italic,3,10,12,21,3849,3895
2025-05,9,Mevduat Turler Itibariyla,10001,24,"Mevduat Türler İtibarıyla (milyon TL), Dönem:2025/5",milyon TL,raw/2025-05_table09_group10001.json,a7f8646240918f66df43387ae2a59bd62d8deed2d128e3d0f4c85dca36c702f5,raw/2025-05_table09_group10001_info.json,d01b04a72c48b139a3e1602b46b3f72e3f2f1339e97278c2e9735526d7a96842,caption_and_validated_request_info,Sektör,24,Toplam Mevduat - Yurt Dışı Yerleşik,bold,5375,14212,60431,155567,1287695,1523280
2025-05,9,Mevduat Turler Itibariyla,10001,25,"Mevduat Türler İtibarıyla (milyon TL), Dönem:2025/5",milyon TL,raw/2025-05_table09_group10001.json,a7f8646240918f66df43387ae2a59bd62d8deed2d128e3d0f4c85dca36c702f5,raw/2025-05_table09_group10001_info.json,d01b04a72c48b139a3e1602b46b3f72e3f2f1339e97278c2e9735526d7a96842,caption_and_validated_request_info,Sektör,25,Mudi Sayısı - Yurt Dışı Yerleşik*,bold,2300522,510651,472011,284731,203262,2817726
2025-05,9,Mevduat Turler Itibariyla,10001,26,"Mevduat Türler İtibarıyla (milyon TL), Dönem:2025/5",milyon TL,raw/2025-05_table09_group10001.json,a7f8646240918f66df43387ae2a59bd62d8deed2d128e3d0f4c85dca36c702f5,raw/2025-05_table09_group10001_info.json,d01b04a72c48b139a3e1602b46b3f72e3f2f1339e97278c2e9735526d7a96842,caption_and_validated_request_info,Sektör,26,Toplam Mevduat,bold,138083,451932,1286676,2727929,17493891,22098512
2025-06,9,Mevduat Turler Itibariyla,10001,1,"Mevduat Türler İtibarıyla (milyon TL), Dönem:2025/6",milyon TL,raw/2025-06_table09_group10001.json,adc67b6092af69aadba382d62e4462faf48e99cf0b8fa48d5179c02e0f7a8fe5,raw/2025-06_table09_group10001_info.json,e1450f29b4cf7c55b0386ac6a8b6249819fe37e20dcd6912dee16c0c5f52d5a3,caption_and_validated_request_info,Sektör,1,TP Mevduat / Katılım Fonları - Yurt İçi Yerleşik,bold,114759,338792,721950,1411150,11125458,13712108
2025-06,9,Mevduat Turler Itibariyla,10001,2,"Mevduat Türler İtibarıyla (milyon TL), Dönem:2025/6",milyon TL,raw/2025-06_table09_group10001.json,adc67b6092af69aadba382d62e4462faf48e99cf0b8fa48d5179c02e0f7a8fe5,raw/2025-06_table09_group10001_info.json,e1450f29b4cf7c55b0386ac6a8b6249819fe37e20dcd6912dee16c0c5f52d5a3,caption_and_validated_request_info,Sektör,2,a) Gerçek Kişiler,italic,105551,310069,633074,1242887,5388930,7680511
2025-06,9,Mevduat Turler Itibariyla,10001,3,"Mevduat Türler İtibarıyla (milyon TL), Dönem:2025/6",milyon TL,raw/2025-06_table09_group10001.json,adc67b6092af69aadba382d62e4462faf48e99cf0b8fa48d5179c02e0f7a8fe5,raw/2025-06_table09_group10001_info.json,e1450f29b4cf7c55b0386ac6a8b6249819fe37e20dcd6912dee16c0c5f52d5a3,caption_and_validated_request_info,Sektör,3,b) Resmi Kuruluşlar,italic,121,457,1870,4389,657107,663944
2025-06,9,Mevduat Turler Itibariyla,10001,4,"Mevduat Türler İtibarıyla (milyon TL), Dönem:2025/6",milyon TL,raw/2025-06_table09_group10001.json,adc67b6092af69aadba382d62e4462faf48e99cf0b8fa48d5179c02e0f7a8fe5,raw/2025-06_table09_group10001_info.json,e1450f29b4cf7c55b0386ac6a8b6249819fe37e20dcd6912dee16c0c5f52d5a3,caption_and_validated_request_info,Sektör,4,c) Ticari ve Diğer Kuruluşlar,italic,9087,28266,87006,163875,5079420,5367653
2025-06,9,Mevduat Turler Itibariyla,10001,5,"Mevduat Türler İtibarıyla (milyon TL), Dönem:2025/6",milyon TL,raw/2025-06_table09_group10001.json,adc67b6092af69aadba382d62e4462faf48e99cf0b8fa48d5179c02e0f7a8fe5,raw/2025-06_table09_group10001_info.json,e1450f29b4cf7c55b0386ac6a8b6249819fe37e20dcd6912dee16c0c5f52d5a3,caption_and_validated_request_info,Sektör,5,Döviz Tevdiat Hesabı / Katılım Fonları - Yurt İçi Yerleşik,bold,8551,51465,267545,604027,4588967,5520555
2025-06,9,Mevduat Turler Itibariyla,10001,6,"Mevduat Türler İtibarıyla (milyon TL), Dönem:2025/6",milyon TL,raw/2025-06_table09_group10001.json,adc67b6092af69aadba382d62e4462faf48e99cf0b8fa48d5179c02e0f7a8fe5,raw/2025-06_table09_group10001_info.json,e1450f29b4cf7c55b0386ac6a8b6249819fe37e20dcd6912dee16c0c5f52d5a3,caption_and_validated_request_info,Sektör,6,a) Gerçek Kişiler,italic,7846,48765,253603,557702,1879912,2747827
2025-06,9,Mevduat Turler Itibariyla,10001,7,"Mevduat Türler İtibarıyla (milyon TL), Dönem:2025/6",milyon TL,raw/2025-06_table09_group10001.json,adc67b6092af69aadba382d62e4462faf48e99cf0b8fa48d5179c02e0f7a8fe5,raw/2025-06_table09_group10001_info.json,e1450f29b4cf7c55b0386ac6a8b6249819fe37e20dcd6912dee16c0c5f52d5a3,caption_and_validated_request_info,Sektör,7,b) Resmi Kuruluşlar,italic,41,14,108,325,87151,87639
2025-06,9,Mevduat Turler Itibariyla,10001,8,"Mevduat Türler İtibarıyla (milyon TL), Dönem:2025/6",milyon TL,raw/2025-06_table09_group10001.json,adc67b6092af69aadba382d62e4462faf48e99cf0b8fa48d5179c02e0f7a8fe5,raw/2025-06_table09_group10001_info.json,e1450f29b4cf7c55b0386ac6a8b6249819fe37e20dcd6912dee16c0c5f52d5a3,caption_and_validated_request_info,Sektör,8,c) Ticari ve Diğer Kuruluşlar,italic,664,2686,13834,46000,2621905,2685089
2025-06,9,Mevduat Turler Itibariyla,10001,9,"Mevduat Türler İtibarıyla (milyon TL), Dönem:2025/6",milyon TL,raw/2025-06_table09_group10001.json,adc67b6092af69aadba382d62e4462faf48e99cf0b8fa48d5179c02e0f7a8fe5,raw/2025-06_table09_group10001_info.json,e1450f29b4cf7c55b0386ac6a8b6249819fe37e20dcd6912dee16c0c5f52d5a3,caption_and_validated_request_info,Sektör,9,Kıymetli Maden Depo Hesapları - Yurt İçi Yerleşik,bold,8647,32943,210570,572422,1289039,2113621
2025-06,9,Mevduat Turler Itibariyla,10001,10,"Mevduat Türler İtibarıyla (milyon TL), Dönem:2025/6",milyon TL,raw/2025-06_table09_group10001.json,adc67b6092af69aadba382d62e4462faf48e99cf0b8fa48d5179c02e0f7a8fe5,raw/2025-06_table09_group10001_info.json,e1450f29b4cf7c55b0386ac6a8b6249819fe37e20dcd6912dee16c0c5f52d5a3,caption_and_validated_request_info,Sektör,10,a) Gerçek Kişiler,italic,6001,31627,208084,564909,1120716,1931338
2025-06,9,Mevduat Turler Itibariyla,10001,11,"Mevduat Türler İtibarıyla (milyon TL), Dönem:2025/6",milyon TL,raw/2025-06_table09_group10001.json,adc67b6092af69aadba382d62e4462faf48e99cf0b8fa48d5179c02e0f7a8fe5,raw/2025-06_table09_group10001_info.json,e1450f29b4cf7c55b0386ac6a8b6249819fe37e20dcd6912dee16c0c5f52d5a3,caption_and_validated_request_info,Sektör,11,b) Resmi Kuruluşlar,italic,0,1,7,24,188,220
2025-06,9,Mevduat Turler Itibariyla,10001,12,"Mevduat Türler İtibarıyla (milyon TL), Dönem:2025/6",milyon TL,raw/2025-06_table09_group10001.json,adc67b6092af69aadba382d62e4462faf48e99cf0b8fa48d5179c02e0f7a8fe5,raw/2025-06_table09_group10001_info.json,e1450f29b4cf7c55b0386ac6a8b6249819fe37e20dcd6912dee16c0c5f52d5a3,caption_and_validated_request_info,Sektör,12,c) Ticari ve Diğer Kuruluşlar,italic,2646,1314,2479,7488,168135,182063
2025-06,9,Mevduat Turler Itibariyla,10001,13,"Mevduat Türler İtibarıyla (milyon TL), Dönem:2025/6",milyon TL,raw/2025-06_table09_group10001.json,adc67b6092af69aadba382d62e4462faf48e99cf0b8fa48d5179c02e0f7a8fe5,raw/2025-06_table09_group10001_info.json,e1450f29b4cf7c55b0386ac6a8b6249819fe37e20dcd6912dee16c0c5f52d5a3,caption_and_validated_request_info,Sektör,13,Toplam Mevduat - Yurt İçi Yerleşik,bold,131957,423200,1200065,2587598,17003464,21346284
2025-06,9,Mevduat Turler Itibariyla,10001,14,"Mevduat Türler İtibarıyla (milyon TL), Dönem:2025/6",milyon TL,raw/2025-06_table09_group10001.json,adc67b6092af69aadba382d62e4462faf48e99cf0b8fa48d5179c02e0f7a8fe5,raw/2025-06_table09_group10001_info.json,e1450f29b4cf7c55b0386ac6a8b6249819fe37e20dcd6912dee16c0c5f52d5a3,caption_and_validated_request_info,Sektör,14,Mudi Sayısı - Yurt İçi Yerleşik*,bold,166459797,16761453,9793977,4914796,2289367,184039893
2025-06,9,Mevduat Turler Itibariyla,10001,15,"Mevduat Türler İtibarıyla (milyon TL), Dönem:2025/6",milyon TL,raw/2025-06_table09_group10001.json,adc67b6092af69aadba382d62e4462faf48e99cf0b8fa48d5179c02e0f7a8fe5,raw/2025-06_table09_group10001_info.json,e1450f29b4cf7c55b0386ac6a8b6249819fe37e20dcd6912dee16c0c5f52d5a3,caption_and_validated_request_info,Sektör,15,TP Mevduat / Katılım Fonları - Yurt Dışı Yerleşik,bold,2381,8994,30028,49702,399476,490581
2025-06,9,Mevduat Turler Itibariyla,10001,16,"Mevduat Türler İtibarıyla (milyon TL), Dönem:2025/6",milyon TL,raw/2025-06_table09_group10001.json,adc67b6092af69aadba382d62e4462faf48e99cf0b8fa48d5179c02e0f7a8fe5,raw/2025-06_table09_group10001_info.json,e1450f29b4cf7c55b0386ac6a8b6249819fe37e20dcd6912dee16c0c5f52d5a3,caption_and_validated_request_info,Sektör,16,a) Gerçek Kişiler,italic,2343,8834,29480,48627,354231,443515
2025-06,9,Mevduat Turler Itibariyla,10001,17,"Mevduat Türler İtibarıyla (milyon TL), Dönem:2025/6",milyon TL,raw/2025-06_table09_group10001.json,adc67b6092af69aadba382d62e4462faf48e99cf0b8fa48d5179c02e0f7a8fe5,raw/2025-06_table09_group10001_info.json,e1450f29b4cf7c55b0386ac6a8b6249819fe37e20dcd6912dee16c0c5f52d5a3,caption_and_validated_request_info,Sektör,17,b) Ticari ve Diğer Kuruluşlar,italic,38,160,548,1075,45245,47066
2025-06,9,Mevduat Turler Itibariyla,10001,18,"Mevduat Türler İtibarıyla (milyon TL), Dönem:2025/6",milyon TL,raw/2025-06_table09_group10001.json,adc67b6092af69aadba382d62e4462faf48e99cf0b8fa48d5179c02e0f7a8fe5,raw/2025-06_table09_group10001_info.json,e1450f29b4cf7c55b0386ac6a8b6249819fe37e20dcd6912dee16c0c5f52d5a3,caption_and_validated_request_info,Sektör,18,Döviz Tevdiat Hesabı / Katılım Fonları - Yurt Dışı Yerleşik,bold,3139,4885,27454,96220,874836,1006534
2025-06,9,Mevduat Turler Itibariyla,10001,19,"Mevduat Türler İtibarıyla (milyon TL), Dönem:2025/6",milyon TL,raw/2025-06_table09_group10001.json,adc67b6092af69aadba382d62e4462faf48e99cf0b8fa48d5179c02e0f7a8fe5,raw/2025-06_table09_group10001_info.json,e1450f29b4cf7c55b0386ac6a8b6249819fe37e20dcd6912dee16c0c5f52d5a3,caption_and_validated_request_info,Sektör,19,a) Gerçek Kişiler,italic,3117,4743,26780,94054,625522,754217
2025-06,9,Mevduat Turler Itibariyla,10001,20,"Mevduat Türler İtibarıyla (milyon TL), Dönem:2025/6",milyon TL,raw/2025-06_table09_group10001.json,adc67b6092af69aadba382d62e4462faf48e99cf0b8fa48d5179c02e0f7a8fe5,raw/2025-06_table09_group10001_info.json,e1450f29b4cf7c55b0386ac6a8b6249819fe37e20dcd6912dee16c0c5f52d5a3,caption_and_validated_request_info,Sektör,20,b) Ticari ve Diğer Kuruluşlar,italic,23,142,674,2166,249313,252317
2025-06,9,Mevduat Turler Itibariyla,10001,21,"Mevduat Türler İtibarıyla (milyon TL), Dönem:2025/6",milyon TL,raw/2025-06_table09_group10001.json,adc67b6092af69aadba382d62e4462faf48e99cf0b8fa48d5179c02e0f7a8fe5,raw/2025-06_table09_group10001_info.json,e1450f29b4cf7c55b0386ac6a8b6249819fe37e20dcd6912dee16c0c5f52d5a3,caption_and_validated_request_info,Sektör,21,Kıymetli Maden Depo Hesapları - Yurt Dışı Yerleşik,bold,132,480,3359,11486,53620,69076
2025-06,9,Mevduat Turler Itibariyla,10001,22,"Mevduat Türler İtibarıyla (milyon TL), Dönem:2025/6",milyon TL,raw/2025-06_table09_group10001.json,adc67b6092af69aadba382d62e4462faf48e99cf0b8fa48d5179c02e0f7a8fe5,raw/2025-06_table09_group10001_info.json,e1450f29b4cf7c55b0386ac6a8b6249819fe37e20dcd6912dee16c0c5f52d5a3,caption_and_validated_request_info,Sektör,22,a) Gerçek Kişiler,italic,129,469,3347,11464,49728,65137
2025-06,9,Mevduat Turler Itibariyla,10001,23,"Mevduat Türler İtibarıyla (milyon TL), Dönem:2025/6",milyon TL,raw/2025-06_table09_group10001.json,adc67b6092af69aadba382d62e4462faf48e99cf0b8fa48d5179c02e0f7a8fe5,raw/2025-06_table09_group10001_info.json,e1450f29b4cf7c55b0386ac6a8b6249819fe37e20dcd6912dee16c0c5f52d5a3,caption_and_validated_request_info,Sektör,23,b) Ticari ve Diğer Kuruluşlar,italic,3,11,13,21,3892,3939
2025-06,9,Mevduat Turler Itibariyla,10001,24,"Mevduat Türler İtibarıyla (milyon TL), Dönem:2025/6",milyon TL,raw/2025-06_table09_group10001.json,adc67b6092af69aadba382d62e4462faf48e99cf0b8fa48d5179c02e0f7a8fe5,raw/2025-06_table09_group10001_info.json,e1450f29b4cf7c55b0386ac6a8b6249819fe37e20dcd6912dee16c0c5f52d5a3,caption_and_validated_request_info,Sektör,24,Toplam Mevduat - Yurt Dışı Yerleşik,bold,5652,14359,60841,157408,1327932,1566191
2025-06,9,Mevduat Turler Itibariyla,10001,25,"Mevduat Türler İtibarıyla (milyon TL), Dönem:2025/6",milyon TL,raw/2025-06_table09_group10001.json,adc67b6092af69aadba382d62e4462faf48e99cf0b8fa48d5179c02e0f7a8fe5,raw/2025-06_table09_group10001_info.json,e1450f29b4cf7c55b0386ac6a8b6249819fe37e20dcd6912dee16c0c5f52d5a3,caption_and_validated_request_info,Sektör,25,Mudi Sayısı - Yurt Dışı Yerleşik*,bold,2277068,514258,473517,287380,208605,2801645
2025-06,9,Mevduat Turler Itibariyla,10001,26,"Mevduat Türler İtibarıyla (milyon TL), Dönem:2025/6",milyon TL,raw/2025-06_table09_group10001.json,adc67b6092af69aadba382d62e4462faf48e99cf0b8fa48d5179c02e0f7a8fe5,raw/2025-06_table09_group10001_info.json,e1450f29b4cf7c55b0386ac6a8b6249819fe37e20dcd6912dee16c0c5f52d5a3,caption_and_validated_request_info,Sektör,26,Toplam Mevduat,bold,137609,437559,1260906,2745006,18331396,22912475
2025-07,9,Mevduat Turler Itibariyla,10001,1,"Mevduat Türler İtibarıyla (milyon TL), Dönem:2025/7",milyon TL,raw/2025-07_table09_group10001.json,798467047849fd12cd6d3ef19ef5c734d530ca9adcdc9f75b4616bde6f527a03,raw/2025-07_table09_group10001_info.json,7d66e62c545eafe50eed5753321a4992a1e1e1de37fc3a05f33edd9592481416,caption_and_validated_request_info,Sektör,1,TP Mevduat / Katılım Fonları - Yurt İçi Yerleşik,bold,116660,353089,753984,1453710,11413215,14090657
2025-07,9,Mevduat Turler Itibariyla,10001,2,"Mevduat Türler İtibarıyla (milyon TL), Dönem:2025/7",milyon TL,raw/2025-07_table09_group10001.json,798467047849fd12cd6d3ef19ef5c734d530ca9adcdc9f75b4616bde6f527a03,raw/2025-07_table09_group10001_info.json,7d66e62c545eafe50eed5753321a4992a1e1e1de37fc3a05f33edd9592481416,caption_and_validated_request_info,Sektör,2,a) Gerçek Kişiler,italic,107370,323887,662241,1273429,5554807,7921734
2025-07,9,Mevduat Turler Itibariyla,10001,3,"Mevduat Türler İtibarıyla (milyon TL), Dönem:2025/7",milyon TL,raw/2025-07_table09_group10001.json,798467047849fd12cd6d3ef19ef5c734d530ca9adcdc9f75b4616bde6f527a03,raw/2025-07_table09_group10001_info.json,7d66e62c545eafe50eed5753321a4992a1e1e1de37fc3a05f33edd9592481416,caption_and_validated_request_info,Sektör,3,b) Resmi Kuruluşlar,italic,126,463,1940,4711,585795,593036
2025-07,9,Mevduat Turler Itibariyla,10001,4,"Mevduat Türler İtibarıyla (milyon TL), Dönem:2025/7",milyon TL,raw/2025-07_table09_group10001.json,798467047849fd12cd6d3ef19ef5c734d530ca9adcdc9f75b4616bde6f527a03,raw/2025-07_table09_group10001_info.json,7d66e62c545eafe50eed5753321a4992a1e1e1de37fc3a05f33edd9592481416,caption_and_validated_request_info,Sektör,4,c) Ticari ve Diğer Kuruluşlar,italic,9164,28739,89802,175570,5272613,5575888
2025-07,9,Mevduat Turler Itibariyla,10001,5,"Mevduat Türler İtibarıyla (milyon TL), Dönem:2025/7",milyon TL,raw/2025-07_table09_group10001.json,798467047849fd12cd6d3ef19ef5c734d530ca9adcdc9f75b4616bde6f527a03,raw/2025-07_table09_group10001_info.json,7d66e62c545eafe50eed5753321a4992a1e1e1de37fc3a05f33edd9592481416,caption_and_validated_request_info,Sektör,5,Döviz Tevdiat Hesabı / Katılım Fonları - Yurt İçi Yerleşik,bold,8485,51418,267289,604505,4717176,5648872
2025-07,9,Mevduat Turler Itibariyla,10001,6,"Mevduat Türler İtibarıyla (milyon TL), Dönem:2025/7",milyon TL,raw/2025-07_table09_group10001.json,798467047849fd12cd6d3ef19ef5c734d530ca9adcdc9f75b4616bde6f527a03,raw/2025-07_table09_group10001_info.json,7d66e62c545eafe50eed5753321a4992a1e1e1de37fc3a05f33edd9592481416,caption_and_validated_request_info,Sektör,6,a) Gerçek Kişiler,italic,7750,48697,253255,557316,1892692,2759710
2025-07,9,Mevduat Turler Itibariyla,10001,7,"Mevduat Türler İtibarıyla (milyon TL), Dönem:2025/7",milyon TL,raw/2025-07_table09_group10001.json,798467047849fd12cd6d3ef19ef5c734d530ca9adcdc9f75b4616bde6f527a03,raw/2025-07_table09_group10001_info.json,7d66e62c545eafe50eed5753321a4992a1e1e1de37fc3a05f33edd9592481416,caption_and_validated_request_info,Sektör,7,b) Resmi Kuruluşlar,italic,73,14,109,332,95935,96462
2025-07,9,Mevduat Turler Itibariyla,10001,8,"Mevduat Türler İtibarıyla (milyon TL), Dönem:2025/7",milyon TL,raw/2025-07_table09_group10001.json,798467047849fd12cd6d3ef19ef5c734d530ca9adcdc9f75b4616bde6f527a03,raw/2025-07_table09_group10001_info.json,7d66e62c545eafe50eed5753321a4992a1e1e1de37fc3a05f33edd9592481416,caption_and_validated_request_info,Sektör,8,c) Ticari ve Diğer Kuruluşlar,italic,662,2707,13926,46857,2728549,2792701
2025-07,9,Mevduat Turler Itibariyla,10001,9,"Mevduat Türler İtibarıyla (milyon TL), Dönem:2025/7",milyon TL,raw/2025-07_table09_group10001.json,798467047849fd12cd6d3ef19ef5c734d530ca9adcdc9f75b4616bde6f527a03,raw/2025-07_table09_group10001_info.json,7d66e62c545eafe50eed5753321a4992a1e1e1de37fc3a05f33edd9592481416,caption_and_validated_request_info,Sektör,9,Kıymetli Maden Depo Hesapları - Yurt İçi Yerleşik,bold,8765,32474,207717,575930,1346435,2171321
2025-07,9,Mevduat Turler Itibariyla,10001,10,"Mevduat Türler İtibarıyla (milyon TL), Dönem:2025/7",milyon TL,raw/2025-07_table09_group10001.json,798467047849fd12cd6d3ef19ef5c734d530ca9adcdc9f75b4616bde6f527a03,raw/2025-07_table09_group10001_info.json,7d66e62c545eafe50eed5753321a4992a1e1e1de37fc3a05f33edd9592481416,caption_and_validated_request_info,Sektör,10,a) Gerçek Kişiler,italic,6083,31129,205238,568383,1171787,1982619
2025-07,9,Mevduat Turler Itibariyla,10001,11,"Mevduat Türler İtibarıyla (milyon TL), Dönem:2025/7",milyon TL,raw/2025-07_table09_group10001.json,798467047849fd12cd6d3ef19ef5c734d530ca9adcdc9f75b4616bde6f527a03,raw/2025-07_table09_group10001_info.json,7d66e62c545eafe50eed5753321a4992a1e1e1de37fc3a05f33edd9592481416,caption_and_validated_request_info,Sektör,11,b) Resmi Kuruluşlar,italic,1,0,7,25,200,233
2025-07,9,Mevduat Turler Itibariyla,10001,12,"Mevduat Türler İtibarıyla (milyon TL), Dönem:2025/7",milyon TL,raw/2025-07_table09_group10001.json,798467047849fd12cd6d3ef19ef5c734d530ca9adcdc9f75b4616bde6f527a03,raw/2025-07_table09_group10001_info.json,7d66e62c545eafe50eed5753321a4992a1e1e1de37fc3a05f33edd9592481416,caption_and_validated_request_info,Sektör,12,c) Ticari ve Diğer Kuruluşlar,italic,2681,1344,2472,7523,174449,188469
2025-07,9,Mevduat Turler Itibariyla,10001,13,"Mevduat Türler İtibarıyla (milyon TL), Dönem:2025/7",milyon TL,raw/2025-07_table09_group10001.json,798467047849fd12cd6d3ef19ef5c734d530ca9adcdc9f75b4616bde6f527a03,raw/2025-07_table09_group10001_info.json,7d66e62c545eafe50eed5753321a4992a1e1e1de37fc3a05f33edd9592481416,caption_and_validated_request_info,Sektör,13,Toplam Mevduat - Yurt İçi Yerleşik,bold,133909,436981,1228990,2634145,17476826,21910851
2025-07,9,Mevduat Turler Itibariyla,10001,14,"Mevduat Türler İtibarıyla (milyon TL), Dönem:2025/7",milyon TL,raw/2025-07_table09_group10001.json,798467047849fd12cd6d3ef19ef5c734d530ca9adcdc9f75b4616bde6f527a03,raw/2025-07_table09_group10001_info.json,7d66e62c545eafe50eed5753321a4992a1e1e1de37fc3a05f33edd9592481416,caption_and_validated_request_info,Sektör,14,Mudi Sayısı - Yurt İçi Yerleşik*,bold,167112715,17226935,10064709,4995920,2367312,185324703
2025-07,9,Mevduat Turler Itibariyla,10001,15,"Mevduat Türler İtibarıyla (milyon TL), Dönem:2025/7",milyon TL,raw/2025-07_table09_group10001.json,798467047849fd12cd6d3ef19ef5c734d530ca9adcdc9f75b4616bde6f527a03,raw/2025-07_table09_group10001_info.json,7d66e62c545eafe50eed5753321a4992a1e1e1de37fc3a05f33edd9592481416,caption_and_validated_request_info,Sektör,15,TP Mevduat / Katılım Fonları - Yurt Dışı Yerleşik,bold,2472,9402,29622,49903,408997,500397
2025-07,9,Mevduat Turler Itibariyla,10001,16,"Mevduat Türler İtibarıyla (milyon TL), Dönem:2025/7",milyon TL,raw/2025-07_table09_group10001.json,798467047849fd12cd6d3ef19ef5c734d530ca9adcdc9f75b4616bde6f527a03,raw/2025-07_table09_group10001_info.json,7d66e62c545eafe50eed5753321a4992a1e1e1de37fc3a05f33edd9592481416,caption_and_validated_request_info,Sektör,16,a) Gerçek Kişiler,italic,2433,9239,29061,48837,359718,449288
2025-07,9,Mevduat Turler Itibariyla,10001,17,"Mevduat Türler İtibarıyla (milyon TL), Dönem:2025/7",milyon TL,raw/2025-07_table09_group10001.json,798467047849fd12cd6d3ef19ef5c734d530ca9adcdc9f75b4616bde6f527a03,raw/2025-07_table09_group10001_info.json,7d66e62c545eafe50eed5753321a4992a1e1e1de37fc3a05f33edd9592481416,caption_and_validated_request_info,Sektör,17,b) Ticari ve Diğer Kuruluşlar,italic,39,163,561,1066,49279,51109
2025-07,9,Mevduat Turler Itibariyla,10001,18,"Mevduat Türler İtibarıyla (milyon TL), Dönem:2025/7",milyon TL,raw/2025-07_table09_group10001.json,798467047849fd12cd6d3ef19ef5c734d530ca9adcdc9f75b4616bde6f527a03,raw/2025-07_table09_group10001_info.json,7d66e62c545eafe50eed5753321a4992a1e1e1de37fc3a05f33edd9592481416,caption_and_validated_request_info,Sektör,18,Döviz Tevdiat Hesabı / Katılım Fonları - Yurt Dışı Yerleşik,bold,2882,4963,27872,96901,871633,1004251
2025-07,9,Mevduat Turler Itibariyla,10001,19,"Mevduat Türler İtibarıyla (milyon TL), Dönem:2025/7",milyon TL,raw/2025-07_table09_group10001.json,798467047849fd12cd6d3ef19ef5c734d530ca9adcdc9f75b4616bde6f527a03,raw/2025-07_table09_group10001_info.json,7d66e62c545eafe50eed5753321a4992a1e1e1de37fc3a05f33edd9592481416,caption_and_validated_request_info,Sektör,19,a) Gerçek Kişiler,italic,2859,4818,27201,94726,631046,760649
2025-07,9,Mevduat Turler Itibariyla,10001,20,"Mevduat Türler İtibarıyla (milyon TL), Dönem:2025/7",milyon TL,raw/2025-07_table09_group10001.json,798467047849fd12cd6d3ef19ef5c734d530ca9adcdc9f75b4616bde6f527a03,raw/2025-07_table09_group10001_info.json,7d66e62c545eafe50eed5753321a4992a1e1e1de37fc3a05f33edd9592481416,caption_and_validated_request_info,Sektör,20,b) Ticari ve Diğer Kuruluşlar,italic,23,145,671,2175,240587,243601
2025-07,9,Mevduat Turler Itibariyla,10001,21,"Mevduat Türler İtibarıyla (milyon TL), Dönem:2025/7",milyon TL,raw/2025-07_table09_group10001.json,798467047849fd12cd6d3ef19ef5c734d530ca9adcdc9f75b4616bde6f527a03,raw/2025-07_table09_group10001_info.json,7d66e62c545eafe50eed5753321a4992a1e1e1de37fc3a05f33edd9592481416,caption_and_validated_request_info,Sektör,21,Kıymetli Maden Depo Hesapları - Yurt Dışı Yerleşik,bold,134,479,3324,11724,56710,72371
2025-07,9,Mevduat Turler Itibariyla,10001,22,"Mevduat Türler İtibarıyla (milyon TL), Dönem:2025/7",milyon TL,raw/2025-07_table09_group10001.json,798467047849fd12cd6d3ef19ef5c734d530ca9adcdc9f75b4616bde6f527a03,raw/2025-07_table09_group10001_info.json,7d66e62c545eafe50eed5753321a4992a1e1e1de37fc3a05f33edd9592481416,caption_and_validated_request_info,Sektör,22,a) Gerçek Kişiler,italic,132,467,3311,11701,52368,67979
2025-07,9,Mevduat Turler Itibariyla,10001,23,"Mevduat Türler İtibarıyla (milyon TL), Dönem:2025/7",milyon TL,raw/2025-07_table09_group10001.json,798467047849fd12cd6d3ef19ef5c734d530ca9adcdc9f75b4616bde6f527a03,raw/2025-07_table09_group10001_info.json,7d66e62c545eafe50eed5753321a4992a1e1e1de37fc3a05f33edd9592481416,caption_and_validated_request_info,Sektör,23,b) Ticari ve Diğer Kuruluşlar,italic,3,11,13,23,4341,4391
2025-07,9,Mevduat Turler Itibariyla,10001,24,"Mevduat Türler İtibarıyla (milyon TL), Dönem:2025/7",milyon TL,raw/2025-07_table09_group10001.json,798467047849fd12cd6d3ef19ef5c734d530ca9adcdc9f75b4616bde6f527a03,raw/2025-07_table09_group10001_info.json,7d66e62c545eafe50eed5753321a4992a1e1e1de37fc3a05f33edd9592481416,caption_and_validated_request_info,Sektör,24,Toplam Mevduat - Yurt Dışı Yerleşik,bold,5489,14844,60818,158528,1337340,1577018
2025-07,9,Mevduat Turler Itibariyla,10001,25,"Mevduat Türler İtibarıyla (milyon TL), Dönem:2025/7",milyon TL,raw/2025-07_table09_group10001.json,798467047849fd12cd6d3ef19ef5c734d530ca9adcdc9f75b4616bde6f527a03,raw/2025-07_table09_group10001_info.json,7d66e62c545eafe50eed5753321a4992a1e1e1de37fc3a05f33edd9592481416,caption_and_validated_request_info,Sektör,25,Mudi Sayısı - Yurt Dışı Yerleşik*,bold,2296296,531460,474492,289523,210691,2829875
2025-07,9,Mevduat Turler Itibariyla,10001,26,"Mevduat Türler İtibarıyla (milyon TL), Dönem:2025/7",milyon TL,raw/2025-07_table09_group10001.json,798467047849fd12cd6d3ef19ef5c734d530ca9adcdc9f75b4616bde6f527a03,raw/2025-07_table09_group10001_info.json,7d66e62c545eafe50eed5753321a4992a1e1e1de37fc3a05f33edd9592481416,caption_and_validated_request_info,Sektör,26,Toplam Mevduat,bold,139398,451825,1289807,2792672,18814166,23487869
2025-08,9,Mevduat Turler Itibariyla,10001,1,"Mevduat Türler İtibarıyla (milyon TL), Dönem:2025/8",milyon TL,raw/2025-08_table09_group10001.json,54ffa34f70c01350d924703a6359c052c0d0475dfa50ea8004991795fc5c297f,raw/2025-08_table09_group10001_info.json,b35c0e0d7b1b42019fb1032edc8144103d4ea0e882fd946a9480efb0fe953426,caption_and_validated_request_info,Sektör,1,TP Mevduat / Katılım Fonları - Yurt İçi Yerleşik,bold,115035,356435,775286,1497434,11731189,14475379
2025-08,9,Mevduat Turler Itibariyla,10001,2,"Mevduat Türler İtibarıyla (milyon TL), Dönem:2025/8",milyon TL,raw/2025-08_table09_group10001.json,54ffa34f70c01350d924703a6359c052c0d0475dfa50ea8004991795fc5c297f,raw/2025-08_table09_group10001_info.json,b35c0e0d7b1b42019fb1032edc8144103d4ea0e882fd946a9480efb0fe953426,caption_and_validated_request_info,Sektör,2,a) Gerçek Kişiler,italic,105827,325778,673492,1296155,5634571,8035823
2025-08,9,Mevduat Turler Itibariyla,10001,3,"Mevduat Türler İtibarıyla (milyon TL), Dönem:2025/8",milyon TL,raw/2025-08_table09_group10001.json,54ffa34f70c01350d924703a6359c052c0d0475dfa50ea8004991795fc5c297f,raw/2025-08_table09_group10001_info.json,b35c0e0d7b1b42019fb1032edc8144103d4ea0e882fd946a9480efb0fe953426,caption_and_validated_request_info,Sektör,3,b) Resmi Kuruluşlar,italic,121,458,2021,5160,584469,592229
2025-08,9,Mevduat Turler Itibariyla,10001,4,"Mevduat Türler İtibarıyla (milyon TL), Dönem:2025/8",milyon TL,raw/2025-08_table09_group10001.json,54ffa34f70c01350d924703a6359c052c0d0475dfa50ea8004991795fc5c297f,raw/2025-08_table09_group10001_info.json,b35c0e0d7b1b42019fb1032edc8144103d4ea0e882fd946a9480efb0fe953426,caption_and_validated_request_info,Sektör,4,c) Ticari ve Diğer Kuruluşlar,italic,9087,30199,99774,196118,5512150,5847327
2025-08,9,Mevduat Turler Itibariyla,10001,5,"Mevduat Türler İtibarıyla (milyon TL), Dönem:2025/8",milyon TL,raw/2025-08_table09_group10001.json,54ffa34f70c01350d924703a6359c052c0d0475dfa50ea8004991795fc5c297f,raw/2025-08_table09_group10001_info.json,b35c0e0d7b1b42019fb1032edc8144103d4ea0e882fd946a9480efb0fe953426,caption_and_validated_request_info,Sektör,5,Döviz Tevdiat Hesabı / Katılım Fonları - Yurt İçi Yerleşik,bold,8532,51092,266963,610736,4718371,5655695
2025-08,9,Mevduat Turler Itibariyla,10001,6,"Mevduat Türler İtibarıyla (milyon TL), Dönem:2025/8",milyon TL,raw/2025-08_table09_group10001.json,54ffa34f70c01350d924703a6359c052c0d0475dfa50ea8004991795fc5c297f,raw/2025-08_table09_group10001_info.json,b35c0e0d7b1b42019fb1032edc8144103d4ea0e882fd946a9480efb0fe953426,caption_and_validated_request_info,Sektör,6,a) Gerçek Kişiler,italic,7775,48362,252829,562557,1935230,2806753
2025-08,9,Mevduat Turler Itibariyla,10001,7,"Mevduat Türler İtibarıyla (milyon TL), Dönem:2025/8",milyon TL,raw/2025-08_table09_group10001.json,54ffa34f70c01350d924703a6359c052c0d0475dfa50ea8004991795fc5c297f,raw/2025-08_table09_group10001_info.json,b35c0e0d7b1b42019fb1032edc8144103d4ea0e882fd946a9480efb0fe953426,caption_and_validated_request_info,Sektör,7,b) Resmi Kuruluşlar,italic,90,14,107,343,102645,103199
2025-08,9,Mevduat Turler Itibariyla,10001,8,"Mevduat Türler İtibarıyla (milyon TL), Dönem:2025/8",milyon TL,raw/2025-08_table09_group10001.json,54ffa34f70c01350d924703a6359c052c0d0475dfa50ea8004991795fc5c297f,raw/2025-08_table09_group10001_info.json,b35c0e0d7b1b42019fb1032edc8144103d4ea0e882fd946a9480efb0fe953426,caption_and_validated_request_info,Sektör,8,c) Ticari ve Diğer Kuruluşlar,italic,667,2716,14028,47836,2680496,2745743
2025-08,9,Mevduat Turler Itibariyla,10001,9,"Mevduat Türler İtibarıyla (milyon TL), Dönem:2025/8",milyon TL,raw/2025-08_table09_group10001.json,54ffa34f70c01350d924703a6359c052c0d0475dfa50ea8004991795fc5c297f,raw/2025-08_table09_group10001_info.json,b35c0e0d7b1b42019fb1032edc8144103d4ea0e882fd946a9480efb0fe953426,caption_and_validated_request_info,Sektör,9,Kıymetli Maden Depo Hesapları - Yurt İçi Yerleşik,bold,8964,32163,205569,583987,1446575,2277258
2025-08,9,Mevduat Turler Itibariyla,10001,10,"Mevduat Türler İtibarıyla (milyon TL), Dönem:2025/8",milyon TL,raw/2025-08_table09_group10001.json,54ffa34f70c01350d924703a6359c052c0d0475dfa50ea8004991795fc5c297f,raw/2025-08_table09_group10001_info.json,b35c0e0d7b1b42019fb1032edc8144103d4ea0e882fd946a9480efb0fe953426,caption_and_validated_request_info,Sektör,10,a) Gerçek Kişiler,italic,6177,30705,203083,576403,1265466,2081834
2025-08,9,Mevduat Turler Itibariyla,10001,11,"Mevduat Türler İtibarıyla (milyon TL), Dönem:2025/8",milyon TL,raw/2025-08_table09_group10001.json,54ffa34f70c01350d924703a6359c052c0d0475dfa50ea8004991795fc5c297f,raw/2025-08_table09_group10001_info.json,b35c0e0d7b1b42019fb1032edc8144103d4ea0e882fd946a9480efb0fe953426,caption_and_validated_request_info,Sektör,11,b) Resmi Kuruluşlar,italic,1,0,8,27,205,241
2025-08,9,Mevduat Turler Itibariyla,10001,12,"Mevduat Türler İtibarıyla (milyon TL), Dönem:2025/8",milyon TL,raw/2025-08_table09_group10001.json,54ffa34f70c01350d924703a6359c052c0d0475dfa50ea8004991795fc5c297f,raw/2025-08_table09_group10001_info.json,b35c0e0d7b1b42019fb1032edc8144103d4ea0e882fd946a9480efb0fe953426,caption_and_validated_request_info,Sektör,12,c) Ticari ve Diğer Kuruluşlar,italic,2787,1457,2479,7557,180904,195183
2025-08,9,Mevduat Turler Itibariyla,10001,13,"Mevduat Türler İtibarıyla (milyon TL), Dönem:2025/8",milyon TL,raw/2025-08_table09_group10001.json,54ffa34f70c01350d924703a6359c052c0d0475dfa50ea8004991795fc5c297f,raw/2025-08_table09_group10001_info.json,b35c0e0d7b1b42019fb1032edc8144103d4ea0e882fd946a9480efb0fe953426,caption_and_validated_request_info,Sektör,13,Toplam Mevduat - Yurt İçi Yerleşik,bold,132532,439689,1247819,2692157,17896135,22408332
2025-08,9,Mevduat Turler Itibariyla,10001,14,"Mevduat Türler İtibarıyla (milyon TL), Dönem:2025/8",milyon TL,raw/2025-08_table09_group10001.json,54ffa34f70c01350d924703a6359c052c0d0475dfa50ea8004991795fc5c297f,raw/2025-08_table09_group10001_info.json,b35c0e0d7b1b42019fb1032edc8144103d4ea0e882fd946a9480efb0fe953426,caption_and_validated_request_info,Sektör,14,Mudi Sayısı - Yurt İçi Yerleşik*,bold,167993735,17320264,10211086,5094309,2447592,186558703
2025-08,9,Mevduat Turler Itibariyla,10001,15,"Mevduat Türler İtibarıyla (milyon TL), Dönem:2025/8",milyon TL,raw/2025-08_table09_group10001.json,54ffa34f70c01350d924703a6359c052c0d0475dfa50ea8004991795fc5c297f,raw/2025-08_table09_group10001_info.json,b35c0e0d7b1b42019fb1032edc8144103d4ea0e882fd946a9480efb0fe953426,caption_and_validated_request_info,Sektör,15,TP Mevduat / Katılım Fonları - Yurt Dışı Yerleşik,bold,2548,9235,27276,49827,407670,496556
2025-08,9,Mevduat Turler Itibariyla,10001,16,"Mevduat Türler İtibarıyla (milyon TL), Dönem:2025/8",milyon TL,raw/2025-08_table09_group10001.json,54ffa34f70c01350d924703a6359c052c0d0475dfa50ea8004991795fc5c297f,raw/2025-08_table09_group10001_info.json,b35c0e0d7b1b42019fb1032edc8144103d4ea0e882fd946a9480efb0fe953426,caption_and_validated_request_info,Sektör,16,a) Gerçek Kişiler,italic,2510,9078,26690,48602,359556,446437
2025-08,9,Mevduat Turler Itibariyla,10001,17,"Mevduat Türler İtibarıyla (milyon TL), Dönem:2025/8",milyon TL,raw/2025-08_table09_group10001.json,54ffa34f70c01350d924703a6359c052c0d0475dfa50ea8004991795fc5c297f,raw/2025-08_table09_group10001_info.json,b35c0e0d7b1b42019fb1032edc8144103d4ea0e882fd946a9480efb0fe953426,caption_and_validated_request_info,Sektör,17,b) Ticari ve Diğer Kuruluşlar,italic,38,157,586,1224,48113,50119
2025-08,9,Mevduat Turler Itibariyla,10001,18,"Mevduat Türler İtibarıyla (milyon TL), Dönem:2025/8",milyon TL,raw/2025-08_table09_group10001.json,54ffa34f70c01350d924703a6359c052c0d0475dfa50ea8004991795fc5c297f,raw/2025-08_table09_group10001_info.json,b35c0e0d7b1b42019fb1032edc8144103d4ea0e882fd946a9480efb0fe953426,caption_and_validated_request_info,Sektör,18,Döviz Tevdiat Hesabı / Katılım Fonları - Yurt Dışı Yerleşik,bold,2762,4999,27286,95579,887861,1018486
2025-08,9,Mevduat Turler Itibariyla,10001,19,"Mevduat Türler İtibarıyla (milyon TL), Dönem:2025/8",milyon TL,raw/2025-08_table09_group10001.json,54ffa34f70c01350d924703a6359c052c0d0475dfa50ea8004991795fc5c297f,raw/2025-08_table09_group10001_info.json,b35c0e0d7b1b42019fb1032edc8144103d4ea0e882fd946a9480efb0fe953426,caption_and_validated_request_info,Sektör,19,a) Gerçek Kişiler,italic,2738,4850,26605,93412,642872,770477
2025-08,9,Mevduat Turler Itibariyla,10001,20,"Mevduat Türler İtibarıyla (milyon TL), Dönem:2025/8",milyon TL,raw/2025-08_table09_group10001.json,54ffa34f70c01350d924703a6359c052c0d0475dfa50ea8004991795fc5c297f,raw/2025-08_table09_group10001_info.json,b35c0e0d7b1b42019fb1032edc8144103d4ea0e882fd946a9480efb0fe953426,caption_and_validated_request_info,Sektör,20,b) Ticari ve Diğer Kuruluşlar,italic,23,149,681,2166,244989,248009
2025-08,9,Mevduat Turler Itibariyla,10001,21,"Mevduat Türler İtibarıyla (milyon TL), Dönem:2025/8",milyon TL,raw/2025-08_table09_group10001.json,54ffa34f70c01350d924703a6359c052c0d0475dfa50ea8004991795fc5c297f,raw/2025-08_table09_group10001_info.json,b35c0e0d7b1b42019fb1032edc8144103d4ea0e882fd946a9480efb0fe953426,caption_and_validated_request_info,Sektör,21,Kıymetli Maden Depo Hesapları - Yurt Dışı Yerleşik,bold,141,484,3323,12002,60136,76086
2025-08,9,Mevduat Turler Itibariyla,10001,22,"Mevduat Türler İtibarıyla (milyon TL), Dönem:2025/8",milyon TL,raw/2025-08_table09_group10001.json,54ffa34f70c01350d924703a6359c052c0d0475dfa50ea8004991795fc5c297f,raw/2025-08_table09_group10001_info.json,b35c0e0d7b1b42019fb1032edc8144103d4ea0e882fd946a9480efb0fe953426,caption_and_validated_request_info,Sektör,22,a) Gerçek Kişiler,italic,138,472,3310,11978,55689,71586
2025-08,9,Mevduat Turler Itibariyla,10001,23,"Mevduat Türler İtibarıyla (milyon TL), Dönem:2025/8",milyon TL,raw/2025-08_table09_group10001.json,54ffa34f70c01350d924703a6359c052c0d0475dfa50ea8004991795fc5c297f,raw/2025-08_table09_group10001_info.json,b35c0e0d7b1b42019fb1032edc8144103d4ea0e882fd946a9480efb0fe953426,caption_and_validated_request_info,Sektör,23,b) Ticari ve Diğer Kuruluşlar,italic,3,12,14,24,4447,4500
2025-08,9,Mevduat Turler Itibariyla,10001,24,"Mevduat Türler İtibarıyla (milyon TL), Dönem:2025/8",milyon TL,raw/2025-08_table09_group10001.json,54ffa34f70c01350d924703a6359c052c0d0475dfa50ea8004991795fc5c297f,raw/2025-08_table09_group10001_info.json,b35c0e0d7b1b42019fb1032edc8144103d4ea0e882fd946a9480efb0fe953426,caption_and_validated_request_info,Sektör,24,Toplam Mevduat - Yurt Dışı Yerleşik,bold,5451,14718,57885,157408,1355666,1591127
2025-08,9,Mevduat Turler Itibariyla,10001,25,"Mevduat Türler İtibarıyla (milyon TL), Dönem:2025/8",milyon TL,raw/2025-08_table09_group10001.json,54ffa34f70c01350d924703a6359c052c0d0475dfa50ea8004991795fc5c297f,raw/2025-08_table09_group10001_info.json,b35c0e0d7b1b42019fb1032edc8144103d4ea0e882fd946a9480efb0fe953426,caption_and_validated_request_info,Sektör,25,Mudi Sayısı - Yurt Dışı Yerleşik*,bold,2345036,531876,450736,286129,213261,2858551
2025-08,9,Mevduat Turler Itibariyla,10001,26,"Mevduat Türler İtibarıyla (milyon TL), Dönem:2025/8",milyon TL,raw/2025-08_table09_group10001.json,54ffa34f70c01350d924703a6359c052c0d0475dfa50ea8004991795fc5c297f,raw/2025-08_table09_group10001_info.json,b35c0e0d7b1b42019fb1032edc8144103d4ea0e882fd946a9480efb0fe953426,caption_and_validated_request_info,Sektör,26,Toplam Mevduat,bold,137983,454407,1305704,2849564,19251801,23999460
2025-09,9,Mevduat Turler Itibariyla,10001,1,"Mevduat Türler İtibarıyla (milyon TL), Dönem:2025/9",milyon TL,raw/2025-09_table09_group10001.json,dea7adb59ef163c0d27ba61cb67d8a38d81223e2efa43dd7964f313687cf12a0,raw/2025-09_table09_group10001_info.json,f32905b75052c8b31cc418fc32722fef74903ccc64cca0b5675dc97017ba1f2a,caption_and_validated_request_info,Sektör,1,TP Mevduat / Katılım Fonları - Yurt İçi Yerleşik,bold,117295,352150,769522,1449935,12033065,14721965
2025-09,9,Mevduat Turler Itibariyla,10001,2,"Mevduat Türler İtibarıyla (milyon TL), Dönem:2025/9",milyon TL,raw/2025-09_table09_group10001.json,dea7adb59ef163c0d27ba61cb67d8a38d81223e2efa43dd7964f313687cf12a0,raw/2025-09_table09_group10001_info.json,f32905b75052c8b31cc418fc32722fef74903ccc64cca0b5675dc97017ba1f2a,caption_and_validated_request_info,Sektör,2,a) Gerçek Kişiler,italic,107885,322500,675558,1267451,5584903,7958296
2025-09,9,Mevduat Turler Itibariyla,10001,3,"Mevduat Türler İtibarıyla (milyon TL), Dönem:2025/9",milyon TL,raw/2025-09_table09_group10001.json,dea7adb59ef163c0d27ba61cb67d8a38d81223e2efa43dd7964f313687cf12a0,raw/2025-09_table09_group10001_info.json,f32905b75052c8b31cc418fc32722fef74903ccc64cca0b5675dc97017ba1f2a,caption_and_validated_request_info,Sektör,3,b) Resmi Kuruluşlar,italic,120,467,2050,5109,899178,906925
2025-09,9,Mevduat Turler Itibariyla,10001,4,"Mevduat Türler İtibarıyla (milyon TL), Dönem:2025/9",milyon TL,raw/2025-09_table09_group10001.json,dea7adb59ef163c0d27ba61cb67d8a38d81223e2efa43dd7964f313687cf12a0,raw/2025-09_table09_group10001_info.json,f32905b75052c8b31cc418fc32722fef74903ccc64cca0b5675dc97017ba1f2a,caption_and_validated_request_info,Sektör,4,c) Ticari ve Diğer Kuruluşlar,italic,9289,29183,91913,177376,5548984,5856744
2025-09,9,Mevduat Turler Itibariyla,10001,5,"Mevduat Türler İtibarıyla (milyon TL), Dönem:2025/9",milyon TL,raw/2025-09_table09_group10001.json,dea7adb59ef163c0d27ba61cb67d8a38d81223e2efa43dd7964f313687cf12a0,raw/2025-09_table09_group10001_info.json,f32905b75052c8b31cc418fc32722fef74903ccc64cca0b5675dc97017ba1f2a,caption_and_validated_request_info,Sektör,5,Döviz Tevdiat Hesabı / Katılım Fonları - Yurt İçi Yerleşik,bold,8641,50649,264667,611401,4859191,5794549
2025-09,9,Mevduat Turler Itibariyla,10001,6,"Mevduat Türler İtibarıyla (milyon TL), Dönem:2025/9",milyon TL,raw/2025-09_table09_group10001.json,dea7adb59ef163c0d27ba61cb67d8a38d81223e2efa43dd7964f313687cf12a0,raw/2025-09_table09_group10001_info.json,f32905b75052c8b31cc418fc32722fef74903ccc64cca0b5675dc97017ba1f2a,caption_and_validated_request_info,Sektör,6,a) Gerçek Kişiler,italic,7845,47909,250584,563922,1935709,2805969
2025-09,9,Mevduat Turler Itibariyla,10001,7,"Mevduat Türler İtibarıyla (milyon TL), Dönem:2025/9",milyon TL,raw/2025-09_table09_group10001.json,dea7adb59ef163c0d27ba61cb67d8a38d81223e2efa43dd7964f313687cf12a0,raw/2025-09_table09_group10001_info.json,f32905b75052c8b31cc418fc32722fef74903ccc64cca0b5675dc97017ba1f2a,caption_and_validated_request_info,Sektör,7,b) Resmi Kuruluşlar,italic,3,15,106,332,106573,107028
2025-09,9,Mevduat Turler Itibariyla,10001,8,"Mevduat Türler İtibarıyla (milyon TL), Dönem:2025/9",milyon TL,raw/2025-09_table09_group10001.json,dea7adb59ef163c0d27ba61cb67d8a38d81223e2efa43dd7964f313687cf12a0,raw/2025-09_table09_group10001_info.json,f32905b75052c8b31cc418fc32722fef74903ccc64cca0b5675dc97017ba1f2a,caption_and_validated_request_info,Sektör,8,c) Ticari ve Diğer Kuruluşlar,italic,793,2725,13977,47147,2816910,2881552
2025-09,9,Mevduat Turler Itibariyla,10001,9,"Mevduat Türler İtibarıyla (milyon TL), Dönem:2025/9",milyon TL,raw/2025-09_table09_group10001.json,dea7adb59ef163c0d27ba61cb67d8a38d81223e2efa43dd7964f313687cf12a0,raw/2025-09_table09_group10001_info.json,f32905b75052c8b31cc418fc32722fef74903ccc64cca0b5675dc97017ba1f2a,caption_and_validated_request_info,Sektör,9,Kıymetli Maden Depo Hesapları - Yurt İçi Yerleşik,bold,6465,32261,206037,635883,1837079,2717725
2025-09,9,Mevduat Turler Itibariyla,10001,10,"Mevduat Türler İtibarıyla (milyon TL), Dönem:2025/9",milyon TL,raw/2025-09_table09_group10001.json,dea7adb59ef163c0d27ba61cb67d8a38d81223e2efa43dd7964f313687cf12a0,raw/2025-09_table09_group10001_info.json,f32905b75052c8b31cc418fc32722fef74903ccc64cca0b5675dc97017ba1f2a,caption_and_validated_request_info,Sektör,10,a) Gerçek Kişiler,italic,5799,28653,203094,627673,1611631,2476852
2025-09,9,Mevduat Turler Itibariyla,10001,11,"Mevduat Türler İtibarıyla (milyon TL), Dönem:2025/9",milyon TL,raw/2025-09_table09_group10001.json,dea7adb59ef163c0d27ba61cb67d8a38d81223e2efa43dd7964f313687cf12a0,raw/2025-09_table09_group10001_info.json,f32905b75052c8b31cc418fc32722fef74903ccc64cca0b5675dc97017ba1f2a,caption_and_validated_request_info,Sektör,11,b) Resmi Kuruluşlar,italic,2,1,7,28,258,295
2025-09,9,Mevduat Turler Itibariyla,10001,12,"Mevduat Türler İtibarıyla (milyon TL), Dönem:2025/9",milyon TL,raw/2025-09_table09_group10001.json,dea7adb59ef163c0d27ba61cb67d8a38d81223e2efa43dd7964f313687cf12a0,raw/2025-09_table09_group10001_info.json,f32905b75052c8b31cc418fc32722fef74903ccc64cca0b5675dc97017ba1f2a,caption_and_validated_request_info,Sektör,12,c) Ticari ve Diğer Kuruluşlar,italic,664,3607,2935,8182,225190,240578
2025-09,9,Mevduat Turler Itibariyla,10001,13,"Mevduat Türler İtibarıyla (milyon TL), Dönem:2025/9",milyon TL,raw/2025-09_table09_group10001.json,dea7adb59ef163c0d27ba61cb67d8a38d81223e2efa43dd7964f313687cf12a0,raw/2025-09_table09_group10001_info.json,f32905b75052c8b31cc418fc32722fef74903ccc64cca0b5675dc97017ba1f2a,caption_and_validated_request_info,Sektör,13,Toplam Mevduat - Yurt İçi Yerleşik,bold,132400,435059,1240226,2697219,18729336,23234239
2025-09,9,Mevduat Turler Itibariyla,10001,14,"Mevduat Türler İtibarıyla (milyon TL), Dönem:2025/9",milyon TL,raw/2025-09_table09_group10001.json,dea7adb59ef163c0d27ba61cb67d8a38d81223e2efa43dd7964f313687cf12a0,raw/2025-09_table09_group10001_info.json,f32905b75052c8b31cc418fc32722fef74903ccc64cca0b5675dc97017ba1f2a,caption_and_validated_request_info,Sektör,14,Mudi Sayısı - Yurt İçi Yerleşik*,bold,170224695,17402610,10194983,5099599,2520651,188789898
2025-09,9,Mevduat Turler Itibariyla,10001,15,"Mevduat Türler İtibarıyla (milyon TL), Dönem:2025/9",milyon TL,raw/2025-09_table09_group10001.json,dea7adb59ef163c0d27ba61cb67d8a38d81223e2efa43dd7964f313687cf12a0,raw/2025-09_table09_group10001_info.json,f32905b75052c8b31cc418fc32722fef74903ccc64cca0b5675dc97017ba1f2a,caption_and_validated_request_info,Sektör,15,TP Mevduat / Katılım Fonları - Yurt Dışı Yerleşik,bold,2570,9310,25742,48521,409511,495653
2025-09,9,Mevduat Turler Itibariyla,10001,16,"Mevduat Türler İtibarıyla (milyon TL), Dönem:2025/9",milyon TL,raw/2025-09_table09_group10001.json,dea7adb59ef163c0d27ba61cb67d8a38d81223e2efa43dd7964f313687cf12a0,raw/2025-09_table09_group10001_info.json,f32905b75052c8b31cc418fc32722fef74903ccc64cca0b5675dc97017ba1f2a,caption_and_validated_request_info,Sektör,16,a) Gerçek Kişiler,italic,2530,9148,25182,47405,358309,442575
2025-09,9,Mevduat Turler Itibariyla,10001,17,"Mevduat Türler İtibarıyla (milyon TL), Dönem:2025/9",milyon TL,raw/2025-09_table09_group10001.json,dea7adb59ef163c0d27ba61cb67d8a38d81223e2efa43dd7964f313687cf12a0,raw/2025-09_table09_group10001_info.json,f32905b75052c8b31cc418fc32722fef74903ccc64cca0b5675dc97017ba1f2a,caption_and_validated_request_info,Sektör,17,b) Ticari ve Diğer Kuruluşlar,italic,40,162,560,1116,51202,53078
2025-09,9,Mevduat Turler Itibariyla,10001,18,"Mevduat Türler İtibarıyla (milyon TL), Dönem:2025/9",milyon TL,raw/2025-09_table09_group10001.json,dea7adb59ef163c0d27ba61cb67d8a38d81223e2efa43dd7964f313687cf12a0,raw/2025-09_table09_group10001_info.json,f32905b75052c8b31cc418fc32722fef74903ccc64cca0b5675dc97017ba1f2a,caption_and_validated_request_info,Sektör,18,Döviz Tevdiat Hesabı / Katılım Fonları - Yurt Dışı Yerleşik,bold,2718,5032,26957,95081,894851,1024639
2025-09,9,Mevduat Turler Itibariyla,10001,19,"Mevduat Türler İtibarıyla (milyon TL), Dönem:2025/9",milyon TL,raw/2025-09_table09_group10001.json,dea7adb59ef163c0d27ba61cb67d8a38d81223e2efa43dd7964f313687cf12a0,raw/2025-09_table09_group10001_info.json,f32905b75052c8b31cc418fc32722fef74903ccc64cca0b5675dc97017ba1f2a,caption_and_validated_request_info,Sektör,19,a) Gerçek Kişiler,italic,2695,4885,26275,92936,646909,773701
2025-09,9,Mevduat Turler Itibariyla,10001,20,"Mevduat Türler İtibarıyla (milyon TL), Dönem:2025/9",milyon TL,raw/2025-09_table09_group10001.json,dea7adb59ef163c0d27ba61cb67d8a38d81223e2efa43dd7964f313687cf12a0,raw/2025-09_table09_group10001_info.json,f32905b75052c8b31cc418fc32722fef74903ccc64cca0b5675dc97017ba1f2a,caption_and_validated_request_info,Sektör,20,b) Ticari ve Diğer Kuruluşlar,italic,23,147,682,2145,247942,250938
2025-09,9,Mevduat Turler Itibariyla,10001,21,"Mevduat Türler İtibarıyla (milyon TL), Dönem:2025/9",milyon TL,raw/2025-09_table09_group10001.json,dea7adb59ef163c0d27ba61cb67d8a38d81223e2efa43dd7964f313687cf12a0,raw/2025-09_table09_group10001_info.json,f32905b75052c8b31cc418fc32722fef74903ccc64cca0b5675dc97017ba1f2a,caption_and_validated_request_info,Sektör,21,Kıymetli Maden Depo Hesapları - Yurt Dışı Yerleşik,bold,137,468,3366,12797,74881,91650
2025-09,9,Mevduat Turler Itibariyla,10001,22,"Mevduat Türler İtibarıyla (milyon TL), Dönem:2025/9",milyon TL,raw/2025-09_table09_group10001.json,dea7adb59ef163c0d27ba61cb67d8a38d81223e2efa43dd7964f313687cf12a0,raw/2025-09_table09_group10001_info.json,f32905b75052c8b31cc418fc32722fef74903ccc64cca0b5675dc97017ba1f2a,caption_and_validated_request_info,Sektör,22,a) Gerçek Kişiler,italic,137,459,3347,12770,69638,86350
2025-09,9,Mevduat Turler Itibariyla,10001,23,"Mevduat Türler İtibarıyla (milyon TL), Dönem:2025/9",milyon TL,raw/2025-09_table09_group10001.json,dea7adb59ef163c0d27ba61cb67d8a38d81223e2efa43dd7964f313687cf12a0,raw/2025-09_table09_group10001_info.json,f32905b75052c8b31cc418fc32722fef74903ccc64cca0b5675dc97017ba1f2a,caption_and_validated_request_info,Sektör,23,b) Ticari ve Diğer Kuruluşlar,italic,1,10,19,27,5243,5300
2025-09,9,Mevduat Turler Itibariyla,10001,24,"Mevduat Türler İtibarıyla (milyon TL), Dönem:2025/9",milyon TL,raw/2025-09_table09_group10001.json,dea7adb59ef163c0d27ba61cb67d8a38d81223e2efa43dd7964f313687cf12a0,raw/2025-09_table09_group10001_info.json,f32905b75052c8b31cc418fc32722fef74903ccc64cca0b5675dc97017ba1f2a,caption_and_validated_request_info,Sektör,24,Toplam Mevduat - Yurt Dışı Yerleşik,bold,5425,14810,56065,156399,1379243,1611942
2025-09,9,Mevduat Turler Itibariyla,10001,25,"Mevduat Türler İtibarıyla (milyon TL), Dönem:2025/9",milyon TL,raw/2025-09_table09_group10001.json,dea7adb59ef163c0d27ba61cb67d8a38d81223e2efa43dd7964f313687cf12a0,raw/2025-09_table09_group10001_info.json,f32905b75052c8b31cc418fc32722fef74903ccc64cca0b5675dc97017ba1f2a,caption_and_validated_request_info,Sektör,25,Mudi Sayısı - Yurt Dışı Yerleşik*,bold,2368176,538006,439246,283812,215764,2874198
2025-09,9,Mevduat Turler Itibariyla,10001,26,"Mevduat Türler İtibarıyla (milyon TL), Dönem:2025/9",milyon TL,raw/2025-09_table09_group10001.json,dea7adb59ef163c0d27ba61cb67d8a38d81223e2efa43dd7964f313687cf12a0,raw/2025-09_table09_group10001_info.json,f32905b75052c8b31cc418fc32722fef74903ccc64cca0b5675dc97017ba1f2a,caption_and_validated_request_info,Sektör,26,Toplam Mevduat,bold,137825,449870,1296290,2853617,20108579,24846181
2025-10,9,Mevduat Turler Itibariyla,10001,1,"Mevduat Türler İtibarıyla (milyon TL), Dönem:2025/10",milyon TL,raw/2025-10_table09_group10001.json,a3e1967130ebdde11b9f69faefcabbcce6a547909e86d8ac1b22d1bae4c1013e,raw/2025-10_table09_group10001_info.json,89f966e0da34ac5b4647667a909a01557949dbfbfbef8fc103f4b1f07927426a,caption_and_validated_request_info,Sektör,1,TP Mevduat / Katılım Fonları - Yurt İçi Yerleşik,bold,117968,349224,751011,1430834,12238691,14887729
2025-10,9,Mevduat Turler Itibariyla,10001,2,"Mevduat Türler İtibarıyla (milyon TL), Dönem:2025/10",milyon TL,raw/2025-10_table09_group10001.json,a3e1967130ebdde11b9f69faefcabbcce6a547909e86d8ac1b22d1bae4c1013e,raw/2025-10_table09_group10001_info.json,89f966e0da34ac5b4647667a909a01557949dbfbfbef8fc103f4b1f07927426a,caption_and_validated_request_info,Sektör,2,a) Gerçek Kişiler,italic,108535,319243,654877,1242333,5534982,7859968
2025-10,9,Mevduat Turler Itibariyla,10001,3,"Mevduat Türler İtibarıyla (milyon TL), Dönem:2025/10",milyon TL,raw/2025-10_table09_group10001.json,a3e1967130ebdde11b9f69faefcabbcce6a547909e86d8ac1b22d1bae4c1013e,raw/2025-10_table09_group10001_info.json,89f966e0da34ac5b4647667a909a01557949dbfbfbef8fc103f4b1f07927426a,caption_and_validated_request_info,Sektör,3,b) Resmi Kuruluşlar,italic,119,457,2058,5145,922108,929887
2025-10,9,Mevduat Turler Itibariyla,10001,4,"Mevduat Türler İtibarıyla (milyon TL), Dönem:2025/10",milyon TL,raw/2025-10_table09_group10001.json,a3e1967130ebdde11b9f69faefcabbcce6a547909e86d8ac1b22d1bae4c1013e,raw/2025-10_table09_group10001_info.json,89f966e0da34ac5b4647667a909a01557949dbfbfbef8fc103f4b1f07927426a,caption_and_validated_request_info,Sektör,4,c) Ticari ve Diğer Kuruluşlar,italic,9315,29525,94076,183356,5781602,6097873
2025-10,9,Mevduat Turler Itibariyla,10001,5,"Mevduat Türler İtibarıyla (milyon TL), Dönem:2025/10",milyon TL,raw/2025-10_table09_group10001.json,a3e1967130ebdde11b9f69faefcabbcce6a547909e86d8ac1b22d1bae4c1013e,raw/2025-10_table09_group10001_info.json,89f966e0da34ac5b4647667a909a01557949dbfbfbef8fc103f4b1f07927426a,caption_and_validated_request_info,Sektör,5,Döviz Tevdiat Hesabı / Katılım Fonları - Yurt İçi Yerleşik,bold,8581,49486,257697,605085,4899985,5820835
2025-10,9,Mevduat Turler Itibariyla,10001,6,"Mevduat Türler İtibarıyla (milyon TL), Dönem:2025/10",milyon TL,raw/2025-10_table09_group10001.json,a3e1967130ebdde11b9f69faefcabbcce6a547909e86d8ac1b22d1bae4c1013e,raw/2025-10_table09_group10001_info.json,89f966e0da34ac5b4647667a909a01557949dbfbfbef8fc103f4b1f07927426a,caption_and_validated_request_info,Sektör,6,a) Gerçek Kişiler,italic,7846,46770,243770,556939,1944298,2799624
2025-10,9,Mevduat Turler Itibariyla,10001,7,"Mevduat Türler İtibarıyla (milyon TL), Dönem:2025/10",milyon TL,raw/2025-10_table09_group10001.json,a3e1967130ebdde11b9f69faefcabbcce6a547909e86d8ac1b22d1bae4c1013e,raw/2025-10_table09_group10001_info.json,89f966e0da34ac5b4647667a909a01557949dbfbfbef8fc103f4b1f07927426a,caption_and_validated_request_info,Sektör,7,b) Resmi Kuruluşlar,italic,56,14,109,340,123321,123841
2025-10,9,Mevduat Turler Itibariyla,10001,8,"Mevduat Türler İtibarıyla (milyon TL), Dönem:2025/10",milyon TL,raw/2025-10_table09_group10001.json,a3e1967130ebdde11b9f69faefcabbcce6a547909e86d8ac1b22d1bae4c1013e,raw/2025-10_table09_group10001_info.json,89f966e0da34ac5b4647667a909a01557949dbfbfbef8fc103f4b1f07927426a,caption_and_validated_request_info,Sektör,8,c) Ticari ve Diğer Kuruluşlar,italic,679,2702,13818,47805,2832366,2897370
2025-10,9,Mevduat Turler Itibariyla,10001,9,"Mevduat Türler İtibarıyla (milyon TL), Dönem:2025/10",milyon TL,raw/2025-10_table09_group10001.json,a3e1967130ebdde11b9f69faefcabbcce6a547909e86d8ac1b22d1bae4c1013e,raw/2025-10_table09_group10001_info.json,89f966e0da34ac5b4647667a909a01557949dbfbfbef8fc103f4b1f07927426a,caption_and_validated_request_info,Sektör,9,Kıymetli Maden Depo Hesapları - Yurt İçi Yerleşik,bold,6922,34100,212673,673990,2111788,3039473
2025-10,9,Mevduat Turler Itibariyla,10001,10,"Mevduat Türler İtibarıyla (milyon TL), Dönem:2025/10",milyon TL,raw/2025-10_table09_group10001.json,a3e1967130ebdde11b9f69faefcabbcce6a547909e86d8ac1b22d1bae4c1013e,raw/2025-10_table09_group10001_info.json,89f966e0da34ac5b4647667a909a01557949dbfbfbef8fc103f4b1f07927426a,caption_and_validated_request_info,Sektör,10,a) Gerçek Kişiler,italic,6230,30307,209508,665056,1850664,2761764
2025-10,9,Mevduat Turler Itibariyla,10001,11,"Mevduat Türler İtibarıyla (milyon TL), Dönem:2025/10",milyon TL,raw/2025-10_table09_group10001.json,a3e1967130ebdde11b9f69faefcabbcce6a547909e86d8ac1b22d1bae4c1013e,raw/2025-10_table09_group10001_info.json,89f966e0da34ac5b4647667a909a01557949dbfbfbef8fc103f4b1f07927426a,caption_and_validated_request_info,Sektör,11,b) Resmi Kuruluşlar,italic,0,1,8,29,280,318
2025-10,9,Mevduat Turler Itibariyla,10001,12,"Mevduat Türler İtibarıyla (milyon TL), Dönem:2025/10",milyon TL,raw/2025-10_table09_group10001.json,a3e1967130ebdde11b9f69faefcabbcce6a547909e86d8ac1b22d1bae4c1013e,raw/2025-10_table09_group10001_info.json,89f966e0da34ac5b4647667a909a01557949dbfbfbef8fc103f4b1f07927426a,caption_and_validated_request_info,Sektör,12,c) Ticari ve Diğer Kuruluşlar,italic,692,3793,3158,8905,260844,277391
2025-10,9,Mevduat Turler Itibariyla,10001,13,"Mevduat Türler İtibarıyla (milyon TL), Dönem:2025/10",milyon TL,raw/2025-10_table09_group10001.json,a3e1967130ebdde11b9f69faefcabbcce6a547909e86d8ac1b22d1bae4c1013e,raw/2025-10_table09_group10001_info.json,89f966e0da34ac5b4647667a909a01557949dbfbfbef8fc103f4b1f07927426a,caption_and_validated_request_info,Sektör,13,Toplam Mevduat - Yurt İçi Yerleşik,bold,133472,432810,1221382,2709908,19250465,23748037
2025-10,9,Mevduat Turler Itibariyla,10001,14,"Mevduat Türler İtibarıyla (milyon TL), Dönem:2025/10",milyon TL,raw/2025-10_table09_group10001.json,a3e1967130ebdde11b9f69faefcabbcce6a547909e86d8ac1b22d1bae4c1013e,raw/2025-10_table09_group10001_info.json,89f966e0da34ac5b4647667a909a01557949dbfbfbef8fc103f4b1f07927426a,caption_and_validated_request_info,Sektör,14,Mudi Sayısı - Yurt İçi Yerleşik*,bold,171752944,17281215,10048996,5110616,2576245,190061606
2025-10,9,Mevduat Turler Itibariyla,10001,15,"Mevduat Türler İtibarıyla (milyon TL), Dönem:2025/10",milyon TL,raw/2025-10_table09_group10001.json,a3e1967130ebdde11b9f69faefcabbcce6a547909e86d8ac1b22d1bae4c1013e,raw/2025-10_table09_group10001_info.json,89f966e0da34ac5b4647667a909a01557949dbfbfbef8fc103f4b1f07927426a,caption_and_validated_request_info,Sektör,15,TP Mevduat / Katılım Fonları - Yurt Dışı Yerleşik,bold,2562,9552,25879,48454,412456,498903
2025-10,9,Mevduat Turler Itibariyla,10001,16,"Mevduat Türler İtibarıyla (milyon TL), Dönem:2025/10",milyon TL,raw/2025-10_table09_group10001.json,a3e1967130ebdde11b9f69faefcabbcce6a547909e86d8ac1b22d1bae4c1013e,raw/2025-10_table09_group10001_info.json,89f966e0da34ac5b4647667a909a01557949dbfbfbef8fc103f4b1f07927426a,caption_and_validated_request_info,Sektör,16,a) Gerçek Kişiler,italic,2522,9388,25304,47262,358158,442634
2025-10,9,Mevduat Turler Itibariyla,10001,17,"Mevduat Türler İtibarıyla (milyon TL), Dönem:2025/10",milyon TL,raw/2025-10_table09_group10001.json,a3e1967130ebdde11b9f69faefcabbcce6a547909e86d8ac1b22d1bae4c1013e,raw/2025-10_table09_group10001_info.json,89f966e0da34ac5b4647667a909a01557949dbfbfbef8fc103f4b1f07927426a,caption_and_validated_request_info,Sektör,17,b) Ticari ve Diğer Kuruluşlar,italic,40,164,575,1191,54299,56269
2025-10,9,Mevduat Turler Itibariyla,10001,18,"Mevduat Türler İtibarıyla (milyon TL), Dönem:2025/10",milyon TL,raw/2025-10_table09_group10001.json,a3e1967130ebdde11b9f69faefcabbcce6a547909e86d8ac1b22d1bae4c1013e,raw/2025-10_table09_group10001_info.json,89f966e0da34ac5b4647667a909a01557949dbfbfbef8fc103f4b1f07927426a,caption_and_validated_request_info,Sektör,18,Döviz Tevdiat Hesabı / Katılım Fonları - Yurt Dışı Yerleşik,bold,2601,5044,26708,94305,884480,1013137
2025-10,9,Mevduat Turler Itibariyla,10001,19,"Mevduat Türler İtibarıyla (milyon TL), Dönem:2025/10",milyon TL,raw/2025-10_table09_group10001.json,a3e1967130ebdde11b9f69faefcabbcce6a547909e86d8ac1b22d1bae4c1013e,raw/2025-10_table09_group10001_info.json,89f966e0da34ac5b4647667a909a01557949dbfbfbef8fc103f4b1f07927426a,caption_and_validated_request_info,Sektör,19,a) Gerçek Kişiler,italic,2577,4895,26019,92106,638953,764550
2025-10,9,Mevduat Turler Itibariyla,10001,20,"Mevduat Türler İtibarıyla (milyon TL), Dönem:2025/10",milyon TL,raw/2025-10_table09_group10001.json,a3e1967130ebdde11b9f69faefcabbcce6a547909e86d8ac1b22d1bae4c1013e,raw/2025-10_table09_group10001_info.json,89f966e0da34ac5b4647667a909a01557949dbfbfbef8fc103f4b1f07927426a,caption_and_validated_request_info,Sektör,20,b) Ticari ve Diğer Kuruluşlar,italic,24,149,689,2198,245527,248587
2025-10,9,Mevduat Turler Itibariyla,10001,21,"Mevduat Türler İtibarıyla (milyon TL), Dönem:2025/10",milyon TL,raw/2025-10_table09_group10001.json,a3e1967130ebdde11b9f69faefcabbcce6a547909e86d8ac1b22d1bae4c1013e,raw/2025-10_table09_group10001_info.json,89f966e0da34ac5b4647667a909a01557949dbfbfbef8fc103f4b1f07927426a,caption_and_validated_request_info,Sektör,21,Kıymetli Maden Depo Hesapları - Yurt Dışı Yerleşik,bold,145,513,3555,13665,85948,103827
2025-10,9,Mevduat Turler Itibariyla,10001,22,"Mevduat Türler İtibarıyla (milyon TL), Dönem:2025/10",milyon TL,raw/2025-10_table09_group10001.json,a3e1967130ebdde11b9f69faefcabbcce6a547909e86d8ac1b22d1bae4c1013e,raw/2025-10_table09_group10001_info.json,89f966e0da34ac5b4647667a909a01557949dbfbfbef8fc103f4b1f07927426a,caption_and_validated_request_info,Sektör,22,a) Gerçek Kişiler,italic,144,503,3535,13639,80725,98547
2025-10,9,Mevduat Turler Itibariyla,10001,23,"Mevduat Türler İtibarıyla (milyon TL), Dönem:2025/10",milyon TL,raw/2025-10_table09_group10001.json,a3e1967130ebdde11b9f69faefcabbcce6a547909e86d8ac1b22d1bae4c1013e,raw/2025-10_table09_group10001_info.json,89f966e0da34ac5b4647667a909a01557949dbfbfbef8fc103f4b1f07927426a,caption_and_validated_request_info,Sektör,23,b) Ticari ve Diğer Kuruluşlar,italic,1,10,20,26,5223,5280
2025-10,9,Mevduat Turler Itibariyla,10001,24,"Mevduat Türler İtibarıyla (milyon TL), Dönem:2025/10",milyon TL,raw/2025-10_table09_group10001.json,a3e1967130ebdde11b9f69faefcabbcce6a547909e86d8ac1b22d1bae4c1013e,raw/2025-10_table09_group10001_info.json,89f966e0da34ac5b4647667a909a01557949dbfbfbef8fc103f4b1f07927426a,caption_and_validated_request_info,Sektör,24,Toplam Mevduat - Yurt Dışı Yerleşik,bold,5308,15108,56142,156423,1382885,1615866
2025-10,9,Mevduat Turler Itibariyla,10001,25,"Mevduat Türler İtibarıyla (milyon TL), Dönem:2025/10",milyon TL,raw/2025-10_table09_group10001.json,a3e1967130ebdde11b9f69faefcabbcce6a547909e86d8ac1b22d1bae4c1013e,raw/2025-10_table09_group10001_info.json,89f966e0da34ac5b4647667a909a01557949dbfbfbef8fc103f4b1f07927426a,caption_and_validated_request_info,Sektör,25,Mudi Sayısı - Yurt Dışı Yerleşik*,bold,2385984,544110,443611,283918,216438,2896308
2025-10,9,Mevduat Turler Itibariyla,10001,26,"Mevduat Türler İtibarıyla (milyon TL), Dönem:2025/10",milyon TL,raw/2025-10_table09_group10001.json,a3e1967130ebdde11b9f69faefcabbcce6a547909e86d8ac1b22d1bae4c1013e,raw/2025-10_table09_group10001_info.json,89f966e0da34ac5b4647667a909a01557949dbfbfbef8fc103f4b1f07927426a,caption_and_validated_request_info,Sektör,26,Toplam Mevduat,bold,138779,447919,1277524,2866332,20633350,25363903
2025-11,9,Mevduat Turler Itibariyla,10001,1,"Mevduat Türler İtibarıyla (milyon TL), Dönem:2025/11",milyon TL,raw/2025-11_table09_group10001.json,f03482ad07a6defda554691dca2237740704a921d029941d794befe34f20a0ce,raw/2025-11_table09_group10001_info.json,67857a94e6d27043e1a216a61eb7418026bfe069f7d73745e237155a2000c67b,caption_and_validated_request_info,Sektör,1,TP Mevduat / Katılım Fonları - Yurt İçi Yerleşik,bold,120456,350843,757829,1439757,12711634,15380518
2025-11,9,Mevduat Turler Itibariyla,10001,2,"Mevduat Türler İtibarıyla (milyon TL), Dönem:2025/11",milyon TL,raw/2025-11_table09_group10001.json,f03482ad07a6defda554691dca2237740704a921d029941d794befe34f20a0ce,raw/2025-11_table09_group10001_info.json,67857a94e6d27043e1a216a61eb7418026bfe069f7d73745e237155a2000c67b,caption_and_validated_request_info,Sektör,2,a) Gerçek Kişiler,italic,111098,319685,653665,1229691,5547659,7861797
2025-11,9,Mevduat Turler Itibariyla,10001,3,"Mevduat Türler İtibarıyla (milyon TL), Dönem:2025/11",milyon TL,raw/2025-11_table09_group10001.json,f03482ad07a6defda554691dca2237740704a921d029941d794befe34f20a0ce,raw/2025-11_table09_group10001_info.json,67857a94e6d27043e1a216a61eb7418026bfe069f7d73745e237155a2000c67b,caption_and_validated_request_info,Sektör,3,b) Resmi Kuruluşlar,italic,120,458,2118,5566,1067563,1075824
2025-11,9,Mevduat Turler Itibariyla,10001,4,"Mevduat Türler İtibarıyla (milyon TL), Dönem:2025/11",milyon TL,raw/2025-11_table09_group10001.json,f03482ad07a6defda554691dca2237740704a921d029941d794befe34f20a0ce,raw/2025-11_table09_group10001_info.json,67857a94e6d27043e1a216a61eb7418026bfe069f7d73745e237155a2000c67b,caption_and_validated_request_info,Sektör,4,c) Ticari ve Diğer Kuruluşlar,italic,9238,30700,102047,204501,6096411,6442898
2025-11,9,Mevduat Turler Itibariyla,10001,5,"Mevduat Türler İtibarıyla (milyon TL), Dönem:2025/11",milyon TL,raw/2025-11_table09_group10001.json,f03482ad07a6defda554691dca2237740704a921d029941d794befe34f20a0ce,raw/2025-11_table09_group10001_info.json,67857a94e6d27043e1a216a61eb7418026bfe069f7d73745e237155a2000c67b,caption_and_validated_request_info,Sektör,5,Döviz Tevdiat Hesabı / Katılım Fonları - Yurt İçi Yerleşik,bold,8545,48969,254682,600514,4904521,5817231
2025-11,9,Mevduat Turler Itibariyla,10001,6,"Mevduat Türler İtibarıyla (milyon TL), Dönem:2025/11",milyon TL,raw/2025-11_table09_group10001.json,f03482ad07a6defda554691dca2237740704a921d029941d794befe34f20a0ce,raw/2025-11_table09_group10001_info.json,67857a94e6d27043e1a216a61eb7418026bfe069f7d73745e237155a2000c67b,caption_and_validated_request_info,Sektör,6,a) Gerçek Kişiler,italic,7860,46243,240783,552606,1945108,2792599
2025-11,9,Mevduat Turler Itibariyla,10001,7,"Mevduat Türler İtibarıyla (milyon TL), Dönem:2025/11",milyon TL,raw/2025-11_table09_group10001.json,f03482ad07a6defda554691dca2237740704a921d029941d794befe34f20a0ce,raw/2025-11_table09_group10001_info.json,67857a94e6d27043e1a216a61eb7418026bfe069f7d73745e237155a2000c67b,caption_and_validated_request_info,Sektör,7,b) Resmi Kuruluşlar,italic,3,14,110,352,138677,139157
2025-11,9,Mevduat Turler Itibariyla,10001,8,"Mevduat Türler İtibarıyla (milyon TL), Dönem:2025/11",milyon TL,raw/2025-11_table09_group10001.json,f03482ad07a6defda554691dca2237740704a921d029941d794befe34f20a0ce,raw/2025-11_table09_group10001_info.json,67857a94e6d27043e1a216a61eb7418026bfe069f7d73745e237155a2000c67b,caption_and_validated_request_info,Sektör,8,c) Ticari ve Diğer Kuruluşlar,italic,683,2712,13789,47556,2820735,2885475
2025-11,9,Mevduat Turler Itibariyla,10001,9,"Mevduat Türler İtibarıyla (milyon TL), Dönem:2025/11",milyon TL,raw/2025-11_table09_group10001.json,f03482ad07a6defda554691dca2237740704a921d029941d794befe34f20a0ce,raw/2025-11_table09_group10001_info.json,67857a94e6d27043e1a216a61eb7418026bfe069f7d73745e237155a2000c67b,caption_and_validated_request_info,Sektör,9,Kıymetli Maden Depo Hesapları - Yurt İçi Yerleşik,bold,7084,34062,214127,688497,2278010,3221780
2025-11,9,Mevduat Turler Itibariyla,10001,10,"Mevduat Türler İtibarıyla (milyon TL), Dönem:2025/11",milyon TL,raw/2025-11_table09_group10001.json,f03482ad07a6defda554691dca2237740704a921d029941d794befe34f20a0ce,raw/2025-11_table09_group10001_info.json,67857a94e6d27043e1a216a61eb7418026bfe069f7d73745e237155a2000c67b,caption_and_validated_request_info,Sektör,10,a) Gerçek Kişiler,italic,6368,30111,210884,679404,2008523,2935290
2025-11,9,Mevduat Turler Itibariyla,10001,11,"Mevduat Türler İtibarıyla (milyon TL), Dönem:2025/11",milyon TL,raw/2025-11_table09_group10001.json,f03482ad07a6defda554691dca2237740704a921d029941d794befe34f20a0ce,raw/2025-11_table09_group10001_info.json,67857a94e6d27043e1a216a61eb7418026bfe069f7d73745e237155a2000c67b,caption_and_validated_request_info,Sektör,11,b) Resmi Kuruluşlar,italic,0,1,8,30,279,318
2025-11,9,Mevduat Turler Itibariyla,10001,12,"Mevduat Türler İtibarıyla (milyon TL), Dönem:2025/11",milyon TL,raw/2025-11_table09_group10001.json,f03482ad07a6defda554691dca2237740704a921d029941d794befe34f20a0ce,raw/2025-11_table09_group10001_info.json,67857a94e6d27043e1a216a61eb7418026bfe069f7d73745e237155a2000c67b,caption_and_validated_request_info,Sektör,12,c) Ticari ve Diğer Kuruluşlar,italic,716,3950,3235,9063,269208,286173
2025-11,9,Mevduat Turler Itibariyla,10001,13,"Mevduat Türler İtibarıyla (milyon TL), Dönem:2025/11",milyon TL,raw/2025-11_table09_group10001.json,f03482ad07a6defda554691dca2237740704a921d029941d794befe34f20a0ce,raw/2025-11_table09_group10001_info.json,67857a94e6d27043e1a216a61eb7418026bfe069f7d73745e237155a2000c67b,caption_and_validated_request_info,Sektör,13,Toplam Mevduat - Yurt İçi Yerleşik,bold,136085,433874,1226638,2728769,19894164,24419530
2025-11,9,Mevduat Turler Itibariyla,10001,14,"Mevduat Türler İtibarıyla (milyon TL), Dönem:2025/11",milyon TL,raw/2025-11_table09_group10001.json,f03482ad07a6defda554691dca2237740704a921d029941d794befe34f20a0ce,raw/2025-11_table09_group10001_info.json,67857a94e6d27043e1a216a61eb7418026bfe069f7d73745e237155a2000c67b,caption_and_validated_request_info,Sektör,14,Mudi Sayısı - Yurt İçi Yerleşik*,bold,173159520,17419485,10092282,5139337,2631434,191991018
2025-11,9,Mevduat Turler Itibariyla,10001,15,"Mevduat Türler İtibarıyla (milyon TL), Dönem:2025/11",milyon TL,raw/2025-11_table09_group10001.json,f03482ad07a6defda554691dca2237740704a921d029941d794befe34f20a0ce,raw/2025-11_table09_group10001_info.json,67857a94e6d27043e1a216a61eb7418026bfe069f7d73745e237155a2000c67b,caption_and_validated_request_info,Sektör,15,TP Mevduat / Katılım Fonları - Yurt Dışı Yerleşik,bold,2539,9508,26861,49156,422338,510401
2025-11,9,Mevduat Turler Itibariyla,10001,16,"Mevduat Türler İtibarıyla (milyon TL), Dönem:2025/11",milyon TL,raw/2025-11_table09_group10001.json,f03482ad07a6defda554691dca2237740704a921d029941d794befe34f20a0ce,raw/2025-11_table09_group10001_info.json,67857a94e6d27043e1a216a61eb7418026bfe069f7d73745e237155a2000c67b,caption_and_validated_request_info,Sektör,16,a) Gerçek Kişiler,italic,2500,9347,26257,47855,363272,449231
2025-11,9,Mevduat Turler Itibariyla,10001,17,"Mevduat Türler İtibarıyla (milyon TL), Dönem:2025/11",milyon TL,raw/2025-11_table09_group10001.json,f03482ad07a6defda554691dca2237740704a921d029941d794befe34f20a0ce,raw/2025-11_table09_group10001_info.json,67857a94e6d27043e1a216a61eb7418026bfe069f7d73745e237155a2000c67b,caption_and_validated_request_info,Sektör,17,b) Ticari ve Diğer Kuruluşlar,italic,39,161,604,1301,59065,61171
2025-11,9,Mevduat Turler Itibariyla,10001,18,"Mevduat Türler İtibarıyla (milyon TL), Dönem:2025/11",milyon TL,raw/2025-11_table09_group10001.json,f03482ad07a6defda554691dca2237740704a921d029941d794befe34f20a0ce,raw/2025-11_table09_group10001_info.json,67857a94e6d27043e1a216a61eb7418026bfe069f7d73745e237155a2000c67b,caption_and_validated_request_info,Sektör,18,Döviz Tevdiat Hesabı / Katılım Fonları - Yurt Dışı Yerleşik,bold,2435,5038,26674,94126,898722,1026994
2025-11,9,Mevduat Turler Itibariyla,10001,19,"Mevduat Türler İtibarıyla (milyon TL), Dönem:2025/11",milyon TL,raw/2025-11_table09_group10001.json,f03482ad07a6defda554691dca2237740704a921d029941d794befe34f20a0ce,raw/2025-11_table09_group10001_info.json,67857a94e6d27043e1a216a61eb7418026bfe069f7d73745e237155a2000c67b,caption_and_validated_request_info,Sektör,19,a) Gerçek Kişiler,italic,2411,4890,25984,91854,645302,770441
2025-11,9,Mevduat Turler Itibariyla,10001,20,"Mevduat Türler İtibarıyla (milyon TL), Dönem:2025/11",milyon TL,raw/2025-11_table09_group10001.json,f03482ad07a6defda554691dca2237740704a921d029941d794befe34f20a0ce,raw/2025-11_table09_group10001_info.json,67857a94e6d27043e1a216a61eb7418026bfe069f7d73745e237155a2000c67b,caption_and_validated_request_info,Sektör,20,b) Ticari ve Diğer Kuruluşlar,italic,24,148,689,2272,253420,256553
2025-11,9,Mevduat Turler Itibariyla,10001,21,"Mevduat Türler İtibarıyla (milyon TL), Dönem:2025/11",milyon TL,raw/2025-11_table09_group10001.json,f03482ad07a6defda554691dca2237740704a921d029941d794befe34f20a0ce,raw/2025-11_table09_group10001_info.json,67857a94e6d27043e1a216a61eb7418026bfe069f7d73745e237155a2000c67b,caption_and_validated_request_info,Sektör,21,Kıymetli Maden Depo Hesapları - Yurt Dışı Yerleşik,bold,148,520,3644,14084,91664,110060
2025-11,9,Mevduat Turler Itibariyla,10001,22,"Mevduat Türler İtibarıyla (milyon TL), Dönem:2025/11",milyon TL,raw/2025-11_table09_group10001.json,f03482ad07a6defda554691dca2237740704a921d029941d794befe34f20a0ce,raw/2025-11_table09_group10001_info.json,67857a94e6d27043e1a216a61eb7418026bfe069f7d73745e237155a2000c67b,caption_and_validated_request_info,Sektör,22,a) Gerçek Kişiler,italic,147,510,3625,14058,85942,104282
2025-11,9,Mevduat Turler Itibariyla,10001,23,"Mevduat Türler İtibarıyla (milyon TL), Dönem:2025/11",milyon TL,raw/2025-11_table09_group10001.json,f03482ad07a6defda554691dca2237740704a921d029941d794befe34f20a0ce,raw/2025-11_table09_group10001_info.json,67857a94e6d27043e1a216a61eb7418026bfe069f7d73745e237155a2000c67b,caption_and_validated_request_info,Sektör,23,b) Ticari ve Diğer Kuruluşlar,italic,1,10,19,26,5721,5777
2025-11,9,Mevduat Turler Itibariyla,10001,24,"Mevduat Türler İtibarıyla (milyon TL), Dönem:2025/11",milyon TL,raw/2025-11_table09_group10001.json,f03482ad07a6defda554691dca2237740704a921d029941d794befe34f20a0ce,raw/2025-11_table09_group10001_info.json,67857a94e6d27043e1a216a61eb7418026bfe069f7d73745e237155a2000c67b,caption_and_validated_request_info,Sektör,24,Toplam Mevduat - Yurt Dışı Yerleşik,bold,5122,15066,57179,157365,1412724,1647455
2025-11,9,Mevduat Turler Itibariyla,10001,25,"Mevduat Türler İtibarıyla (milyon TL), Dönem:2025/11",milyon TL,raw/2025-11_table09_group10001.json,f03482ad07a6defda554691dca2237740704a921d029941d794befe34f20a0ce,raw/2025-11_table09_group10001_info.json,67857a94e6d27043e1a216a61eb7418026bfe069f7d73745e237155a2000c67b,caption_and_validated_request_info,Sektör,25,Mudi Sayısı - Yurt Dışı Yerleşik*,bold,2400532,540820,453121,285233,218530,2914284
2025-11,9,Mevduat Turler Itibariyla,10001,26,"Mevduat Türler İtibarıyla (milyon TL), Dönem:2025/11",milyon TL,raw/2025-11_table09_group10001.json,f03482ad07a6defda554691dca2237740704a921d029941d794befe34f20a0ce,raw/2025-11_table09_group10001_info.json,67857a94e6d27043e1a216a61eb7418026bfe069f7d73745e237155a2000c67b,caption_and_validated_request_info,Sektör,26,Toplam Mevduat,bold,141207,448940,1283817,2886134,21306888,26066985
2025-12,9,Mevduat Turler Itibariyla,10001,1,"Mevduat Türler İtibarıyla (milyon TL), Dönem:2025/12",milyon TL,raw/2025-12_table09_group10001.json,7d61009393b1bed2d8d1ad99a5c87a7c7a650b3e44d7bdac1a1d8baab5766f2c,raw/2025-12_table09_group10001_info.json,50b7a7e1cb33076300b5434e474e4fa5266b80cca4a113e8e4fd522ef9f8683a,caption_and_validated_request_info,Sektör,1,TP Mevduat / Katılım Fonları - Yurt İçi Yerleşik,bold,122197,361953,756792,1405478,13421397,16067817
2025-12,9,Mevduat Turler Itibariyla,10001,2,"Mevduat Türler İtibarıyla (milyon TL), Dönem:2025/12",milyon TL,raw/2025-12_table09_group10001.json,7d61009393b1bed2d8d1ad99a5c87a7c7a650b3e44d7bdac1a1d8baab5766f2c,raw/2025-12_table09_group10001_info.json,50b7a7e1cb33076300b5434e474e4fa5266b80cca4a113e8e4fd522ef9f8683a,caption_and_validated_request_info,Sektör,2,a) Gerçek Kişiler,italic,112581,332102,658837,1211587,5585036,7900143
2025-12,9,Mevduat Turler Itibariyla,10001,3,"Mevduat Türler İtibarıyla (milyon TL), Dönem:2025/12",milyon TL,raw/2025-12_table09_group10001.json,7d61009393b1bed2d8d1ad99a5c87a7c7a650b3e44d7bdac1a1d8baab5766f2c,raw/2025-12_table09_group10001_info.json,50b7a7e1cb33076300b5434e474e4fa5266b80cca4a113e8e4fd522ef9f8683a,caption_and_validated_request_info,Sektör,3,b) Resmi Kuruluşlar,italic,117,446,2053,5275,1185235,1193126
2025-12,9,Mevduat Turler Itibariyla,10001,4,"Mevduat Türler İtibarıyla (milyon TL), Dönem:2025/12",milyon TL,raw/2025-12_table09_group10001.json,7d61009393b1bed2d8d1ad99a5c87a7c7a650b3e44d7bdac1a1d8baab5766f2c,raw/2025-12_table09_group10001_info.json,50b7a7e1cb33076300b5434e474e4fa5266b80cca4a113e8e4fd522ef9f8683a,caption_and_validated_request_info,Sektör,4,c) Ticari ve Diğer Kuruluşlar,italic,9498,29405,95902,188617,6651127,6974548
2025-12,9,Mevduat Turler Itibariyla,10001,5,"Mevduat Türler İtibarıyla (milyon TL), Dönem:2025/12",milyon TL,raw/2025-12_table09_group10001.json,7d61009393b1bed2d8d1ad99a5c87a7c7a650b3e44d7bdac1a1d8baab5766f2c,raw/2025-12_table09_group10001_info.json,50b7a7e1cb33076300b5434e474e4fa5266b80cca4a113e8e4fd522ef9f8683a,caption_and_validated_request_info,Sektör,5,Döviz Tevdiat Hesabı / Katılım Fonları - Yurt İçi Yerleşik,bold,8273,46290,248993,593155,5018859,5915570
2025-12,9,Mevduat Turler Itibariyla,10001,6,"Mevduat Türler İtibarıyla (milyon TL), Dönem:2025/12",milyon TL,raw/2025-12_table09_group10001.json,7d61009393b1bed2d8d1ad99a5c87a7c7a650b3e44d7bdac1a1d8baab5766f2c,raw/2025-12_table09_group10001_info.json,50b7a7e1cb33076300b5434e474e4fa5266b80cca4a113e8e4fd522ef9f8683a,caption_and_validated_request_info,Sektör,6,a) Gerçek Kişiler,italic,7589,43651,235511,546349,1971395,2804496
2025-12,9,Mevduat Turler Itibariyla,10001,7,"Mevduat Türler İtibarıyla (milyon TL), Dönem:2025/12",milyon TL,raw/2025-12_table09_group10001.json,7d61009393b1bed2d8d1ad99a5c87a7c7a650b3e44d7bdac1a1d8baab5766f2c,raw/2025-12_table09_group10001_info.json,50b7a7e1cb33076300b5434e474e4fa5266b80cca4a113e8e4fd522ef9f8683a,caption_and_validated_request_info,Sektör,7,b) Resmi Kuruluşlar,italic,3,14,107,349,118817,119290
2025-12,9,Mevduat Turler Itibariyla,10001,8,"Mevduat Türler İtibarıyla (milyon TL), Dönem:2025/12",milyon TL,raw/2025-12_table09_group10001.json,7d61009393b1bed2d8d1ad99a5c87a7c7a650b3e44d7bdac1a1d8baab5766f2c,raw/2025-12_table09_group10001_info.json,50b7a7e1cb33076300b5434e474e4fa5266b80cca4a113e8e4fd522ef9f8683a,caption_and_validated_request_info,Sektör,8,c) Ticari ve Diğer Kuruluşlar,italic,681,2624,13375,46456,2928648,2991784
2025-12,9,Mevduat Turler Itibariyla,10001,9,"Mevduat Türler İtibarıyla (milyon TL), Dönem:2025/12",milyon TL,raw/2025-12_table09_group10001.json,7d61009393b1bed2d8d1ad99a5c87a7c7a650b3e44d7bdac1a1d8baab5766f2c,raw/2025-12_table09_group10001_info.json,50b7a7e1cb33076300b5434e474e4fa5266b80cca4a113e8e4fd522ef9f8683a,caption_and_validated_request_info,Sektör,9,Kıymetli Maden Depo Hesapları - Yurt İçi Yerleşik,bold,7606,36330,221477,721175,2579919,3566508
2025-12,9,Mevduat Turler Itibariyla,10001,10,"Mevduat Türler İtibarıyla (milyon TL), Dönem:2025/12",milyon TL,raw/2025-12_table09_group10001.json,7d61009393b1bed2d8d1ad99a5c87a7c7a650b3e44d7bdac1a1d8baab5766f2c,raw/2025-12_table09_group10001_info.json,50b7a7e1cb33076300b5434e474e4fa5266b80cca4a113e8e4fd522ef9f8683a,caption_and_validated_request_info,Sektör,10,a) Gerçek Kişiler,italic,6855,32207,218018,711499,2278021,3246600
2025-12,9,Mevduat Turler Itibariyla,10001,11,"Mevduat Türler İtibarıyla (milyon TL), Dönem:2025/12",milyon TL,raw/2025-12_table09_group10001.json,7d61009393b1bed2d8d1ad99a5c87a7c7a650b3e44d7bdac1a1d8baab5766f2c,raw/2025-12_table09_group10001_info.json,50b7a7e1cb33076300b5434e474e4fa5266b80cca4a113e8e4fd522ef9f8683a,caption_and_validated_request_info,Sektör,11,b) Resmi Kuruluşlar,italic,0,1,8,31,301,341
2025-12,9,Mevduat Turler Itibariyla,10001,12,"Mevduat Türler İtibarıyla (milyon TL), Dönem:2025/12",milyon TL,raw/2025-12_table09_group10001.json,7d61009393b1bed2d8d1ad99a5c87a7c7a650b3e44d7bdac1a1d8baab5766f2c,raw/2025-12_table09_group10001_info.json,50b7a7e1cb33076300b5434e474e4fa5266b80cca4a113e8e4fd522ef9f8683a,caption_and_validated_request_info,Sektör,12,c) Ticari ve Diğer Kuruluşlar,italic,751,4123,3451,9645,301597,319567
2025-12,9,Mevduat Turler Itibariyla,10001,13,"Mevduat Türler İtibarıyla (milyon TL), Dönem:2025/12",milyon TL,raw/2025-12_table09_group10001.json,7d61009393b1bed2d8d1ad99a5c87a7c7a650b3e44d7bdac1a1d8baab5766f2c,raw/2025-12_table09_group10001_info.json,50b7a7e1cb33076300b5434e474e4fa5266b80cca4a113e8e4fd522ef9f8683a,caption_and_validated_request_info,Sektör,13,Toplam Mevduat - Yurt İçi Yerleşik,bold,138076,444573,1227262,2719808,21020176,25549894
2025-12,9,Mevduat Turler Itibariyla,10001,14,"Mevduat Türler İtibarıyla (milyon TL), Dönem:2025/12",milyon TL,raw/2025-12_table09_group10001.json,7d61009393b1bed2d8d1ad99a5c87a7c7a650b3e44d7bdac1a1d8baab5766f2c,raw/2025-12_table09_group10001_info.json,50b7a7e1cb33076300b5434e474e4fa5266b80cca4a113e8e4fd522ef9f8683a,caption_and_validated_request_info,Sektör,14,Mudi Sayısı - Yurt İçi Yerleşik*,bold,173912633,17864332,10153841,5121785,2684676,193175772
2025-12,9,Mevduat Turler Itibariyla,10001,15,"Mevduat Türler İtibarıyla (milyon TL), Dönem:2025/12",milyon TL,raw/2025-12_table09_group10001.json,7d61009393b1bed2d8d1ad99a5c87a7c7a650b3e44d7bdac1a1d8baab5766f2c,raw/2025-12_table09_group10001_info.json,50b7a7e1cb33076300b5434e474e4fa5266b80cca4a113e8e4fd522ef9f8683a,caption_and_validated_request_info,Sektör,15,TP Mevduat / Katılım Fonları - Yurt Dışı Yerleşik,bold,2556,9461,29003,50093,425576,516689
2025-12,9,Mevduat Turler Itibariyla,10001,16,"Mevduat Türler İtibarıyla (milyon TL), Dönem:2025/12",milyon TL,raw/2025-12_table09_group10001.json,7d61009393b1bed2d8d1ad99a5c87a7c7a650b3e44d7bdac1a1d8baab5766f2c,raw/2025-12_table09_group10001_info.json,50b7a7e1cb33076300b5434e474e4fa5266b80cca4a113e8e4fd522ef9f8683a,caption_and_validated_request_info,Sektör,16,a) Gerçek Kişiler,italic,2517,9293,28383,48877,366429,455498
2025-12,9,Mevduat Turler Itibariyla,10001,17,"Mevduat Türler İtibarıyla (milyon TL), Dönem:2025/12",milyon TL,raw/2025-12_table09_group10001.json,7d61009393b1bed2d8d1ad99a5c87a7c7a650b3e44d7bdac1a1d8baab5766f2c,raw/2025-12_table09_group10001_info.json,50b7a7e1cb33076300b5434e474e4fa5266b80cca4a113e8e4fd522ef9f8683a,caption_and_validated_request_info,Sektör,17,b) Ticari ve Diğer Kuruluşlar,italic,39,168,621,1216,59148,61191
2025-12,9,Mevduat Turler Itibariyla,10001,18,"Mevduat Türler İtibarıyla (milyon TL), Dönem:2025/12",milyon TL,raw/2025-12_table09_group10001.json,7d61009393b1bed2d8d1ad99a5c87a7c7a650b3e44d7bdac1a1d8baab5766f2c,raw/2025-12_table09_group10001_info.json,50b7a7e1cb33076300b5434e474e4fa5266b80cca4a113e8e4fd522ef9f8683a,caption_and_validated_request_info,Sektör,18,Döviz Tevdiat Hesabı / Katılım Fonları - Yurt Dışı Yerleşik,bold,2354,4859,26188,92927,907639,1033967
2025-12,9,Mevduat Turler Itibariyla,10001,19,"Mevduat Türler İtibarıyla (milyon TL), Dönem:2025/12",milyon TL,raw/2025-12_table09_group10001.json,7d61009393b1bed2d8d1ad99a5c87a7c7a650b3e44d7bdac1a1d8baab5766f2c,raw/2025-12_table09_group10001_info.json,50b7a7e1cb33076300b5434e474e4fa5266b80cca4a113e8e4fd522ef9f8683a,caption_and_validated_request_info,Sektör,19,a) Gerçek Kişiler,italic,2330,4713,25511,90675,660343,783572
2025-12,9,Mevduat Turler Itibariyla,10001,20,"Mevduat Türler İtibarıyla (milyon TL), Dönem:2025/12",milyon TL,raw/2025-12_table09_group10001.json,7d61009393b1bed2d8d1ad99a5c87a7c7a650b3e44d7bdac1a1d8baab5766f2c,raw/2025-12_table09_group10001_info.json,50b7a7e1cb33076300b5434e474e4fa5266b80cca4a113e8e4fd522ef9f8683a,caption_and_validated_request_info,Sektör,20,b) Ticari ve Diğer Kuruluşlar,italic,24,146,677,2252,247296,250394
2025-12,9,Mevduat Turler Itibariyla,10001,21,"Mevduat Türler İtibarıyla (milyon TL), Dönem:2025/12",milyon TL,raw/2025-12_table09_group10001.json,7d61009393b1bed2d8d1ad99a5c87a7c7a650b3e44d7bdac1a1d8baab5766f2c,raw/2025-12_table09_group10001_info.json,50b7a7e1cb33076300b5434e474e4fa5266b80cca4a113e8e4fd522ef9f8683a,caption_and_validated_request_info,Sektör,21,Kıymetli Maden Depo Hesapları - Yurt Dışı Yerleşik,bold,155,545,3785,14757,103399,122640
2025-12,9,Mevduat Turler Itibariyla,10001,22,"Mevduat Türler İtibarıyla (milyon TL), Dönem:2025/12",milyon TL,raw/2025-12_table09_group10001.json,7d61009393b1bed2d8d1ad99a5c87a7c7a650b3e44d7bdac1a1d8baab5766f2c,raw/2025-12_table09_group10001_info.json,50b7a7e1cb33076300b5434e474e4fa5266b80cca4a113e8e4fd522ef9f8683a,caption_and_validated_request_info,Sektör,22,a) Gerçek Kişiler,italic,154,534,3764,14726,96907,116086
2025-12,9,Mevduat Turler Itibariyla,10001,23,"Mevduat Türler İtibarıyla (milyon TL), Dönem:2025/12",milyon TL,raw/2025-12_table09_group10001.json,7d61009393b1bed2d8d1ad99a5c87a7c7a650b3e44d7bdac1a1d8baab5766f2c,raw/2025-12_table09_group10001_info.json,50b7a7e1cb33076300b5434e474e4fa5266b80cca4a113e8e4fd522ef9f8683a,caption_and_validated_request_info,Sektör,23,b) Ticari ve Diğer Kuruluşlar,italic,1,11,21,31,6491,6554
2025-12,9,Mevduat Turler Itibariyla,10001,24,"Mevduat Türler İtibarıyla (milyon TL), Dönem:2025/12",milyon TL,raw/2025-12_table09_group10001.json,7d61009393b1bed2d8d1ad99a5c87a7c7a650b3e44d7bdac1a1d8baab5766f2c,raw/2025-12_table09_group10001_info.json,50b7a7e1cb33076300b5434e474e4fa5266b80cca4a113e8e4fd522ef9f8683a,caption_and_validated_request_info,Sektör,24,Toplam Mevduat - Yurt Dışı Yerleşik,bold,5065,14864,58976,157776,1436614,1673295
2025-12,9,Mevduat Turler Itibariyla,10001,25,"Mevduat Türler İtibarıyla (milyon TL), Dönem:2025/12",milyon TL,raw/2025-12_table09_group10001.json,7d61009393b1bed2d8d1ad99a5c87a7c7a650b3e44d7bdac1a1d8baab5766f2c,raw/2025-12_table09_group10001_info.json,50b7a7e1cb33076300b5434e474e4fa5266b80cca4a113e8e4fd522ef9f8683a,caption_and_validated_request_info,Sektör,25,Mudi Sayısı - Yurt Dışı Yerleşik*,bold,2398511,538407,473095,288916,223653,2928683
2025-12,9,Mevduat Turler Itibariyla,10001,26,"Mevduat Türler İtibarıyla (milyon TL), Dönem:2025/12",milyon TL,raw/2025-12_table09_group10001.json,7d61009393b1bed2d8d1ad99a5c87a7c7a650b3e44d7bdac1a1d8baab5766f2c,raw/2025-12_table09_group10001_info.json,50b7a7e1cb33076300b5434e474e4fa5266b80cca4a113e8e4fd522ef9f8683a,caption_and_validated_request_info,Sektör,26,Toplam Mevduat,bold,143141,459437,1286238,2877584,22456790,27223190
2026-01,9,Mevduat Turler Itibariyla,10001,1,"Mevduat Türler İtibarıyla (milyon TL), Dönem:2026/1",milyon TL,raw/2026-01_table09_group10001.json,cf6fba809b2182b4e4946b307d6ca26853a2fb4f6609e11fc77068eaf01123b2,raw/2026-01_table09_group10001_info.json,b7f0cbcbe096225865061ad90ca7454c5e58717112105e15009c27336c8ce25a,caption_and_validated_request_info,Sektör,1,TP Mevduat / Katılım Fonları - Yurt İçi Yerleşik,bold,123944,349965,750065,1387302,13131257,15742534
2026-01,9,Mevduat Turler Itibariyla,10001,2,"Mevduat Türler İtibarıyla (milyon TL), Dönem:2026/1",milyon TL,raw/2026-01_table09_group10001.json,cf6fba809b2182b4e4946b307d6ca26853a2fb4f6609e11fc77068eaf01123b2,raw/2026-01_table09_group10001_info.json,b7f0cbcbe096225865061ad90ca7454c5e58717112105e15009c27336c8ce25a,caption_and_validated_request_info,Sektör,2,a) Gerçek Kişiler,italic,114449,319504,647665,1185387,5624379,7891383
2026-01,9,Mevduat Turler Itibariyla,10001,3,"Mevduat Türler İtibarıyla (milyon TL), Dönem:2026/1",milyon TL,raw/2026-01_table09_group10001.json,cf6fba809b2182b4e4946b307d6ca26853a2fb4f6609e11fc77068eaf01123b2,raw/2026-01_table09_group10001_info.json,b7f0cbcbe096225865061ad90ca7454c5e58717112105e15009c27336c8ce25a,caption_and_validated_request_info,Sektör,3,b) Resmi Kuruluşlar,italic,128,480,2130,5409,1092158,1100306
2026-01,9,Mevduat Turler Itibariyla,10001,4,"Mevduat Türler İtibarıyla (milyon TL), Dönem:2026/1",milyon TL,raw/2026-01_table09_group10001.json,cf6fba809b2182b4e4946b307d6ca26853a2fb4f6609e11fc77068eaf01123b2,raw/2026-01_table09_group10001_info.json,b7f0cbcbe096225865061ad90ca7454c5e58717112105e15009c27336c8ce25a,caption_and_validated_request_info,Sektör,4,c) Ticari ve Diğer Kuruluşlar,italic,9367,29981,100271,196506,6414720,6750845
2026-01,9,Mevduat Turler Itibariyla,10001,5,"Mevduat Türler İtibarıyla (milyon TL), Dönem:2026/1",milyon TL,raw/2026-01_table09_group10001.json,cf6fba809b2182b4e4946b307d6ca26853a2fb4f6609e11fc77068eaf01123b2,raw/2026-01_table09_group10001_info.json,b7f0cbcbe096225865061ad90ca7454c5e58717112105e15009c27336c8ce25a,caption_and_validated_request_info,Sektör,5,Döviz Tevdiat Hesabı / Katılım Fonları - Yurt İçi Yerleşik,bold,8183,44924,243401,582777,4834797,5714081
2026-01,9,Mevduat Turler Itibariyla,10001,6,"Mevduat Türler İtibarıyla (milyon TL), Dönem:2026/1",milyon TL,raw/2026-01_table09_group10001.json,cf6fba809b2182b4e4946b307d6ca26853a2fb4f6609e11fc77068eaf01123b2,raw/2026-01_table09_group10001_info.json,b7f0cbcbe096225865061ad90ca7454c5e58717112105e15009c27336c8ce25a,caption_and_validated_request_info,Sektör,6,a) Gerçek Kişiler,italic,7490,42280,230028,536274,1952382,2768453
2026-01,9,Mevduat Turler Itibariyla,10001,7,"Mevduat Türler İtibarıyla (milyon TL), Dönem:2026/1",milyon TL,raw/2026-01_table09_group10001.json,cf6fba809b2182b4e4946b307d6ca26853a2fb4f6609e11fc77068eaf01123b2,raw/2026-01_table09_group10001_info.json,b7f0cbcbe096225865061ad90ca7454c5e58717112105e15009c27336c8ce25a,caption_and_validated_request_info,Sektör,7,b) Resmi Kuruluşlar,italic,3,14,108,361,129063,129548
2026-01,9,Mevduat Turler Itibariyla,10001,8,"Mevduat Türler İtibarıyla (milyon TL), Dönem:2026/1",milyon TL,raw/2026-01_table09_group10001.json,cf6fba809b2182b4e4946b307d6ca26853a2fb4f6609e11fc77068eaf01123b2,raw/2026-01_table09_group10001_info.json,b7f0cbcbe096225865061ad90ca7454c5e58717112105e15009c27336c8ce25a,caption_and_validated_request_info,Sektör,8,c) Ticari ve Diğer Kuruluşlar,italic,690,2631,13265,46142,2753352,2816080
2026-01,9,Mevduat Turler Itibariyla,10001,9,"Mevduat Türler İtibarıyla (milyon TL), Dönem:2026/1",milyon TL,raw/2026-01_table09_group10001.json,cf6fba809b2182b4e4946b307d6ca26853a2fb4f6609e11fc77068eaf01123b2,raw/2026-01_table09_group10001_info.json,b7f0cbcbe096225865061ad90ca7454c5e58717112105e15009c27336c8ce25a,caption_and_validated_request_info,Sektör,9,Kıymetli Maden Depo Hesapları - Yurt İçi Yerleşik,bold,8649,39921,237453,814502,3528985,4629510
2026-01,9,Mevduat Turler Itibariyla,10001,10,"Mevduat Türler İtibarıyla (milyon TL), Dönem:2026/1",milyon TL,raw/2026-01_table09_group10001.json,cf6fba809b2182b4e4946b307d6ca26853a2fb4f6609e11fc77068eaf01123b2,raw/2026-01_table09_group10001_info.json,b7f0cbcbe096225865061ad90ca7454c5e58717112105e15009c27336c8ce25a,caption_and_validated_request_info,Sektör,10,a) Gerçek Kişiler,italic,7793,35088,233446,802769,3117385,4196481
2026-01,9,Mevduat Turler Itibariyla,10001,11,"Mevduat Türler İtibarıyla (milyon TL), Dönem:2026/1",milyon TL,raw/2026-01_table09_group10001.json,cf6fba809b2182b4e4946b307d6ca26853a2fb4f6609e11fc77068eaf01123b2,raw/2026-01_table09_group10001_info.json,b7f0cbcbe096225865061ad90ca7454c5e58717112105e15009c27336c8ce25a,caption_and_validated_request_info,Sektör,11,b) Resmi Kuruluşlar,italic,0,1,8,33,365,407
2026-01,9,Mevduat Turler Itibariyla,10001,12,"Mevduat Türler İtibarıyla (milyon TL), Dönem:2026/1",milyon TL,raw/2026-01_table09_group10001.json,cf6fba809b2182b4e4946b307d6ca26853a2fb4f6609e11fc77068eaf01123b2,raw/2026-01_table09_group10001_info.json,b7f0cbcbe096225865061ad90ca7454c5e58717112105e15009c27336c8ce25a,caption_and_validated_request_info,Sektör,12,c) Ticari ve Diğer Kuruluşlar,italic,856,4832,3999,11700,411235,432622
2026-01,9,Mevduat Turler Itibariyla,10001,13,"Mevduat Türler İtibarıyla (milyon TL), Dönem:2026/1",milyon TL,raw/2026-01_table09_group10001.json,cf6fba809b2182b4e4946b307d6ca26853a2fb4f6609e11fc77068eaf01123b2,raw/2026-01_table09_group10001_info.json,b7f0cbcbe096225865061ad90ca7454c5e58717112105e15009c27336c8ce25a,caption_and_validated_request_info,Sektör,13,Toplam Mevduat - Yurt İçi Yerleşik,bold,140776,434810,1230919,2784581,21495039,26086126
2026-01,9,Mevduat Turler Itibariyla,10001,14,"Mevduat Türler İtibarıyla (milyon TL), Dönem:2026/1",milyon TL,raw/2026-01_table09_group10001.json,cf6fba809b2182b4e4946b307d6ca26853a2fb4f6609e11fc77068eaf01123b2,raw/2026-01_table09_group10001_info.json,b7f0cbcbe096225865061ad90ca7454c5e58717112105e15009c27336c8ce25a,caption_and_validated_request_info,Sektör,14,Mudi Sayısı - Yurt İçi Yerleşik*,bold,175315489,17467778,10163422,5223471,2861359,194088530
2026-01,9,Mevduat Turler Itibariyla,10001,15,"Mevduat Türler İtibarıyla (milyon TL), Dönem:2026/1",milyon TL,raw/2026-01_table09_group10001.json,cf6fba809b2182b4e4946b307d6ca26853a2fb4f6609e11fc77068eaf01123b2,raw/2026-01_table09_group10001_info.json,b7f0cbcbe096225865061ad90ca7454c5e58717112105e15009c27336c8ce25a,caption_and_validated_request_info,Sektör,15,TP Mevduat / Katılım Fonları - Yurt Dışı Yerleşik,bold,2546,9085,29906,50559,433522,525619
2026-01,9,Mevduat Turler Itibariyla,10001,16,"Mevduat Türler İtibarıyla (milyon TL), Dönem:2026/1",milyon TL,raw/2026-01_table09_group10001.json,cf6fba809b2182b4e4946b307d6ca26853a2fb4f6609e11fc77068eaf01123b2,raw/2026-01_table09_group10001_info.json,b7f0cbcbe096225865061ad90ca7454c5e58717112105e15009c27336c8ce25a,caption_and_validated_request_info,Sektör,16,a) Gerçek Kişiler,italic,2507,8922,29299,49310,374108,464147
2026-01,9,Mevduat Turler Itibariyla,10001,17,"Mevduat Türler İtibarıyla (milyon TL), Dönem:2026/1",milyon TL,raw/2026-01_table09_group10001.json,cf6fba809b2182b4e4946b307d6ca26853a2fb4f6609e11fc77068eaf01123b2,raw/2026-01_table09_group10001_info.json,b7f0cbcbe096225865061ad90ca7454c5e58717112105e15009c27336c8ce25a,caption_and_validated_request_info,Sektör,17,b) Ticari ve Diğer Kuruluşlar,italic,39,163,606,1250,59414,61472
2026-01,9,Mevduat Turler Itibariyla,10001,18,"Mevduat Türler İtibarıyla (milyon TL), Dönem:2026/1",milyon TL,raw/2026-01_table09_group10001.json,cf6fba809b2182b4e4946b307d6ca26853a2fb4f6609e11fc77068eaf01123b2,raw/2026-01_table09_group10001_info.json,b7f0cbcbe096225865061ad90ca7454c5e58717112105e15009c27336c8ce25a,caption_and_validated_request_info,Sektör,18,Döviz Tevdiat Hesabı / Katılım Fonları - Yurt Dışı Yerleşik,bold,2931,4680,25883,92319,926803,1052617
2026-01,9,Mevduat Turler Itibariyla,10001,19,"Mevduat Türler İtibarıyla (milyon TL), Dönem:2026/1",milyon TL,raw/2026-01_table09_group10001.json,cf6fba809b2182b4e4946b307d6ca26853a2fb4f6609e11fc77068eaf01123b2,raw/2026-01_table09_group10001_info.json,b7f0cbcbe096225865061ad90ca7454c5e58717112105e15009c27336c8ce25a,caption_and_validated_request_info,Sektör,19,a) Gerçek Kişiler,italic,2908,4537,25195,90091,673346,796076
2026-01,9,Mevduat Turler Itibariyla,10001,20,"Mevduat Türler İtibarıyla (milyon TL), Dönem:2026/1",milyon TL,raw/2026-01_table09_group10001.json,cf6fba809b2182b4e4946b307d6ca26853a2fb4f6609e11fc77068eaf01123b2,raw/2026-01_table09_group10001_info.json,b7f0cbcbe096225865061ad90ca7454c5e58717112105e15009c27336c8ce25a,caption_and_validated_request_info,Sektör,20,b) Ticari ve Diğer Kuruluşlar,italic,24,143,687,2229,253457,256541
2026-01,9,Mevduat Turler Itibariyla,10001,21,"Mevduat Türler İtibarıyla (milyon TL), Dönem:2026/1",milyon TL,raw/2026-01_table09_group10001.json,cf6fba809b2182b4e4946b307d6ca26853a2fb4f6609e11fc77068eaf01123b2,raw/2026-01_table09_group10001_info.json,b7f0cbcbe096225865061ad90ca7454c5e58717112105e15009c27336c8ce25a,caption_and_validated_request_info,Sektör,21,Kıymetli Maden Depo Hesapları - Yurt Dışı Yerleşik,bold,171,578,4076,16260,140804,161888
2026-01,9,Mevduat Turler Itibariyla,10001,22,"Mevduat Türler İtibarıyla (milyon TL), Dönem:2026/1",milyon TL,raw/2026-01_table09_group10001.json,cf6fba809b2182b4e4946b307d6ca26853a2fb4f6609e11fc77068eaf01123b2,raw/2026-01_table09_group10001_info.json,b7f0cbcbe096225865061ad90ca7454c5e58717112105e15009c27336c8ce25a,caption_and_validated_request_info,Sektör,22,a) Gerçek Kişiler,italic,170,566,4051,16224,131097,152108
2026-01,9,Mevduat Turler Itibariyla,10001,23,"Mevduat Türler İtibarıyla (milyon TL), Dönem:2026/1",milyon TL,raw/2026-01_table09_group10001.json,cf6fba809b2182b4e4946b307d6ca26853a2fb4f6609e11fc77068eaf01123b2,raw/2026-01_table09_group10001_info.json,b7f0cbcbe096225865061ad90ca7454c5e58717112105e15009c27336c8ce25a,caption_and_validated_request_info,Sektör,23,b) Ticari ve Diğer Kuruluşlar,italic,1,12,25,36,9707,9781
2026-01,9,Mevduat Turler Itibariyla,10001,24,"Mevduat Türler İtibarıyla (milyon TL), Dönem:2026/1",milyon TL,raw/2026-01_table09_group10001.json,cf6fba809b2182b4e4946b307d6ca26853a2fb4f6609e11fc77068eaf01123b2,raw/2026-01_table09_group10001_info.json,b7f0cbcbe096225865061ad90ca7454c5e58717112105e15009c27336c8ce25a,caption_and_validated_request_info,Sektör,24,Toplam Mevduat - Yurt Dışı Yerleşik,bold,5649,14343,59864,159138,1501130,1740124
2026-01,9,Mevduat Turler Itibariyla,10001,25,"Mevduat Türler İtibarıyla (milyon TL), Dönem:2026/1",milyon TL,raw/2026-01_table09_group10001.json,cf6fba809b2182b4e4946b307d6ca26853a2fb4f6609e11fc77068eaf01123b2,raw/2026-01_table09_group10001_info.json,b7f0cbcbe096225865061ad90ca7454c5e58717112105e15009c27336c8ce25a,caption_and_validated_request_info,Sektör,25,Mudi Sayısı - Yurt Dışı Yerleşik*,bold,2417016,526649,482737,292669,231035,2954954
2026-01,9,Mevduat Turler Itibariyla,10001,26,"Mevduat Türler İtibarıyla (milyon TL), Dönem:2026/1",milyon TL,raw/2026-01_table09_group10001.json,cf6fba809b2182b4e4946b307d6ca26853a2fb4f6609e11fc77068eaf01123b2,raw/2026-01_table09_group10001_info.json,b7f0cbcbe096225865061ad90ca7454c5e58717112105e15009c27336c8ce25a,caption_and_validated_request_info,Sektör,26,Toplam Mevduat,bold,146425,449153,1290784,2943719,22996169,27826249
2026-02,9,Mevduat Turler Itibariyla,10001,1,"Mevduat Türler İtibarıyla (milyon TL), Dönem:2026/2",milyon TL,raw/2026-02_table09_group10001.json,d3f051d7a704959ac34023a41b56206b1376eed1ccb5e076c11d38902a10c45e,raw/2026-02_table09_group10001_info.json,ffbcc7f6362dd4b0fd8d032db74f7f7d5f0c69f167ce49b5eec10d792d60d92a,caption_and_validated_request_info,Sektör,1,TP Mevduat / Katılım Fonları - Yurt İçi Yerleşik,bold,128607,387362,787201,1394067,13301329,15998566
2026-02,9,Mevduat Turler Itibariyla,10001,2,"Mevduat Türler İtibarıyla (milyon TL), Dönem:2026/2",milyon TL,raw/2026-02_table09_group10001.json,d3f051d7a704959ac34023a41b56206b1376eed1ccb5e076c11d38902a10c45e,raw/2026-02_table09_group10001_info.json,ffbcc7f6362dd4b0fd8d032db74f7f7d5f0c69f167ce49b5eec10d792d60d92a,caption_and_validated_request_info,Sektör,2,a) Gerçek Kişiler,italic,119092,356529,683563,1189682,5730305,8079171
2026-02,9,Mevduat Turler Itibariyla,10001,3,"Mevduat Türler İtibarıyla (milyon TL), Dönem:2026/2",milyon TL,raw/2026-02_table09_group10001.json,d3f051d7a704959ac34023a41b56206b1376eed1ccb5e076c11d38902a10c45e,raw/2026-02_table09_group10001_info.json,ffbcc7f6362dd4b0fd8d032db74f7f7d5f0c69f167ce49b5eec10d792d60d92a,caption_and_validated_request_info,Sektör,3,b) Resmi Kuruluşlar,italic,121,457,2119,5480,1127898,1136076
2026-02,9,Mevduat Turler Itibariyla,10001,4,"Mevduat Türler İtibarıyla (milyon TL), Dönem:2026/2",milyon TL,raw/2026-02_table09_group10001.json,d3f051d7a704959ac34023a41b56206b1376eed1ccb5e076c11d38902a10c45e,raw/2026-02_table09_group10001_info.json,ffbcc7f6362dd4b0fd8d032db74f7f7d5f0c69f167ce49b5eec10d792d60d92a,caption_and_validated_request_info,Sektör,4,c) Ticari ve Diğer Kuruluşlar,italic,9394,30375,101518,198905,6443126,6783319
2026-02,9,Mevduat Turler Itibariyla,10001,5,"Mevduat Türler İtibarıyla (milyon TL), Dönem:2026/2",milyon TL,raw/2026-02_table09_group10001.json,d3f051d7a704959ac34023a41b56206b1376eed1ccb5e076c11d38902a10c45e,raw/2026-02_table09_group10001_info.json,ffbcc7f6362dd4b0fd8d032db74f7f7d5f0c69f167ce49b5eec10d792d60d92a,caption_and_validated_request_info,Sektör,5,Döviz Tevdiat Hesabı / Katılım Fonları - Yurt İçi Yerleşik,bold,8234,44753,241298,574416,4853785,5722486
2026-02,9,Mevduat Turler Itibariyla,10001,6,"Mevduat Türler İtibarıyla (milyon TL), Dönem:2026/2",milyon TL,raw/2026-02_table09_group10001.json,d3f051d7a704959ac34023a41b56206b1376eed1ccb5e076c11d38902a10c45e,raw/2026-02_table09_group10001_info.json,ffbcc7f6362dd4b0fd8d032db74f7f7d5f0c69f167ce49b5eec10d792d60d92a,caption_and_validated_request_info,Sektör,6,a) Gerçek Kişiler,italic,7536,42110,228014,528201,1923923,2729784
2026-02,9,Mevduat Turler Itibariyla,10001,7,"Mevduat Türler İtibarıyla (milyon TL), Dönem:2026/2",milyon TL,raw/2026-02_table09_group10001.json,d3f051d7a704959ac34023a41b56206b1376eed1ccb5e076c11d38902a10c45e,raw/2026-02_table09_group10001_info.json,ffbcc7f6362dd4b0fd8d032db74f7f7d5f0c69f167ce49b5eec10d792d60d92a,caption_and_validated_request_info,Sektör,7,b) Resmi Kuruluşlar,italic,3,14,109,361,128648,129134
2026-02,9,Mevduat Turler Itibariyla,10001,8,"Mevduat Türler İtibarıyla (milyon TL), Dönem:2026/2",milyon TL,raw/2026-02_table09_group10001.json,d3f051d7a704959ac34023a41b56206b1376eed1ccb5e076c11d38902a10c45e,raw/2026-02_table09_group10001_info.json,ffbcc7f6362dd4b0fd8d032db74f7f7d5f0c69f167ce49b5eec10d792d60d92a,caption_and_validated_request_info,Sektör,8,c) Ticari ve Diğer Kuruluşlar,italic,696,2629,13174,45854,2801214,2863568
2026-02,9,Mevduat Turler Itibariyla,10001,9,"Mevduat Türler İtibarıyla (milyon TL), Dönem:2026/2",milyon TL,raw/2026-02_table09_group10001.json,d3f051d7a704959ac34023a41b56206b1376eed1ccb5e076c11d38902a10c45e,raw/2026-02_table09_group10001_info.json,ffbcc7f6362dd4b0fd8d032db74f7f7d5f0c69f167ce49b5eec10d792d60d92a,caption_and_validated_request_info,Sektör,9,Kıymetli Maden Depo Hesapları - Yurt İçi Yerleşik,bold,8879,41492,247796,843472,3664556,4806194
2026-02,9,Mevduat Turler Itibariyla,10001,10,"Mevduat Türler İtibarıyla (milyon TL), Dönem:2026/2",milyon TL,raw/2026-02_table09_group10001.json,d3f051d7a704959ac34023a41b56206b1376eed1ccb5e076c11d38902a10c45e,raw/2026-02_table09_group10001_info.json,ffbcc7f6362dd4b0fd8d032db74f7f7d5f0c69f167ce49b5eec10d792d60d92a,caption_and_validated_request_info,Sektör,10,a) Gerçek Kişiler,italic,7996,36552,243591,831054,3236865,4356058
2026-02,9,Mevduat Turler Itibariyla,10001,11,"Mevduat Türler İtibarıyla (milyon TL), Dönem:2026/2",milyon TL,raw/2026-02_table09_group10001.json,d3f051d7a704959ac34023a41b56206b1376eed1ccb5e076c11d38902a10c45e,raw/2026-02_table09_group10001_info.json,ffbcc7f6362dd4b0fd8d032db74f7f7d5f0c69f167ce49b5eec10d792d60d92a,caption_and_validated_request_info,Sektör,11,b) Resmi Kuruluşlar,italic,0,1,9,35,370,414
2026-02,9,Mevduat Turler Itibariyla,10001,12,"Mevduat Türler İtibarıyla (milyon TL), Dönem:2026/2",milyon TL,raw/2026-02_table09_group10001.json,d3f051d7a704959ac34023a41b56206b1376eed1ccb5e076c11d38902a10c45e,raw/2026-02_table09_group10001_info.json,ffbcc7f6362dd4b0fd8d032db74f7f7d5f0c69f167ce49b5eec10d792d60d92a,caption_and_validated_request_info,Sektör,12,c) Ticari ve Diğer Kuruluşlar,italic,883,4938,4196,12383,427321,449721
2026-02,9,Mevduat Turler Itibariyla,10001,13,"Mevduat Türler İtibarıyla (milyon TL), Dönem:2026/2",milyon TL,raw/2026-02_table09_group10001.json,d3f051d7a704959ac34023a41b56206b1376eed1ccb5e076c11d38902a10c45e,raw/2026-02_table09_group10001_info.json,ffbcc7f6362dd4b0fd8d032db74f7f7d5f0c69f167ce49b5eec10d792d60d92a,caption_and_validated_request_info,Sektör,13,Toplam Mevduat - Yurt İçi Yerleşik,bold,145721,473606,1276294,2811955,21819671,26527246
2026-02,9,Mevduat Turler Itibariyla,10001,14,"Mevduat Türler İtibarıyla (milyon TL), Dönem:2026/2",milyon TL,raw/2026-02_table09_group10001.json,d3f051d7a704959ac34023a41b56206b1376eed1ccb5e076c11d38902a10c45e,raw/2026-02_table09_group10001_info.json,ffbcc7f6362dd4b0fd8d032db74f7f7d5f0c69f167ce49b5eec10d792d60d92a,caption_and_validated_request_info,Sektör,14,Mudi Sayısı - Yurt İçi Yerleşik*,bold,175601462,19013044,10609007,5277858,2900455,196207046
2026-02,9,Mevduat Turler Itibariyla,10001,15,"Mevduat Türler İtibarıyla (milyon TL), Dönem:2026/2",milyon TL,raw/2026-02_table09_group10001.json,d3f051d7a704959ac34023a41b56206b1376eed1ccb5e076c11d38902a10c45e,raw/2026-02_table09_group10001_info.json,ffbcc7f6362dd4b0fd8d032db74f7f7d5f0c69f167ce49b5eec10d792d60d92a,caption_and_validated_request_info,Sektör,15,TP Mevduat / Katılım Fonları - Yurt Dışı Yerleşik,bold,2522,9224,31843,51863,439939,535391
2026-02,9,Mevduat Turler Itibariyla,10001,16,"Mevduat Türler İtibarıyla (milyon TL), Dönem:2026/2",milyon TL,raw/2026-02_table09_group10001.json,d3f051d7a704959ac34023a41b56206b1376eed1ccb5e076c11d38902a10c45e,raw/2026-02_table09_group10001_info.json,ffbcc7f6362dd4b0fd8d032db74f7f7d5f0c69f167ce49b5eec10d792d60d92a,caption_and_validated_request_info,Sektör,16,a) Gerçek Kişiler,italic,2483,9061,31224,50565,381247,474580
2026-02,9,Mevduat Turler Itibariyla,10001,17,"Mevduat Türler İtibarıyla (milyon TL), Dönem:2026/2",milyon TL,raw/2026-02_table09_group10001.json,d3f051d7a704959ac34023a41b56206b1376eed1ccb5e076c11d38902a10c45e,raw/2026-02_table09_group10001_info.json,ffbcc7f6362dd4b0fd8d032db74f7f7d5f0c69f167ce49b5eec10d792d60d92a,caption_and_validated_request_info,Sektör,17,b) Ticari ve Diğer Kuruluşlar,italic,39,163,619,1298,58692,60810
2026-02,9,Mevduat Turler Itibariyla,10001,18,"Mevduat Türler İtibarıyla (milyon TL), Dönem:2026/2",milyon TL,raw/2026-02_table09_group10001.json,d3f051d7a704959ac34023a41b56206b1376eed1ccb5e076c11d38902a10c45e,raw/2026-02_table09_group10001_info.json,ffbcc7f6362dd4b0fd8d032db74f7f7d5f0c69f167ce49b5eec10d792d60d92a,caption_and_validated_request_info,Sektör,18,Döviz Tevdiat Hesabı / Katılım Fonları - Yurt Dışı Yerleşik,bold,2914,4687,25908,92521,937923,1063952
2026-02,9,Mevduat Turler Itibariyla,10001,19,"Mevduat Türler İtibarıyla (milyon TL), Dönem:2026/2",milyon TL,raw/2026-02_table09_group10001.json,d3f051d7a704959ac34023a41b56206b1376eed1ccb5e076c11d38902a10c45e,raw/2026-02_table09_group10001_info.json,ffbcc7f6362dd4b0fd8d032db74f7f7d5f0c69f167ce49b5eec10d792d60d92a,caption_and_validated_request_info,Sektör,19,a) Gerçek Kişiler,italic,2889,4542,25229,90305,674418,797383
2026-02,9,Mevduat Turler Itibariyla,10001,20,"Mevduat Türler İtibarıyla (milyon TL), Dönem:2026/2",milyon TL,raw/2026-02_table09_group10001.json,d3f051d7a704959ac34023a41b56206b1376eed1ccb5e076c11d38902a10c45e,raw/2026-02_table09_group10001_info.json,ffbcc7f6362dd4b0fd8d032db74f7f7d5f0c69f167ce49b5eec10d792d60d92a,caption_and_validated_request_info,Sektör,20,b) Ticari ve Diğer Kuruluşlar,italic,24,145,679,2215,263506,266569
2026-02,9,Mevduat Turler Itibariyla,10001,21,"Mevduat Türler İtibarıyla (milyon TL), Dönem:2026/2",milyon TL,raw/2026-02_table09_group10001.json,d3f051d7a704959ac34023a41b56206b1376eed1ccb5e076c11d38902a10c45e,raw/2026-02_table09_group10001_info.json,ffbcc7f6362dd4b0fd8d032db74f7f7d5f0c69f167ce49b5eec10d792d60d92a,caption_and_validated_request_info,Sektör,21,Kıymetli Maden Depo Hesapları - Yurt Dışı Yerleşik,bold,173,593,4238,16801,143793,165598
2026-02,9,Mevduat Turler Itibariyla,10001,22,"Mevduat Türler İtibarıyla (milyon TL), Dönem:2026/2",milyon TL,raw/2026-02_table09_group10001.json,d3f051d7a704959ac34023a41b56206b1376eed1ccb5e076c11d38902a10c45e,raw/2026-02_table09_group10001_info.json,ffbcc7f6362dd4b0fd8d032db74f7f7d5f0c69f167ce49b5eec10d792d60d92a,caption_and_validated_request_info,Sektör,22,a) Gerçek Kişiler,italic,172,580,4212,16759,135219,156942
2026-02,9,Mevduat Turler Itibariyla,10001,23,"Mevduat Türler İtibarıyla (milyon TL), Dönem:2026/2",milyon TL,raw/2026-02_table09_group10001.json,d3f051d7a704959ac34023a41b56206b1376eed1ccb5e076c11d38902a10c45e,raw/2026-02_table09_group10001_info.json,ffbcc7f6362dd4b0fd8d032db74f7f7d5f0c69f167ce49b5eec10d792d60d92a,caption_and_validated_request_info,Sektör,23,b) Ticari ve Diğer Kuruluşlar,italic,1,12,26,43,8574,8656
2026-02,9,Mevduat Turler Itibariyla,10001,24,"Mevduat Türler İtibarıyla (milyon TL), Dönem:2026/2",milyon TL,raw/2026-02_table09_group10001.json,d3f051d7a704959ac34023a41b56206b1376eed1ccb5e076c11d38902a10c45e,raw/2026-02_table09_group10001_info.json,ffbcc7f6362dd4b0fd8d032db74f7f7d5f0c69f167ce49b5eec10d792d60d92a,caption_and_validated_request_info,Sektör,24,Toplam Mevduat - Yurt Dışı Yerleşik,bold,5609,14503,61989,161185,1521655,1764941
2026-02,9,Mevduat Turler Itibariyla,10001,25,"Mevduat Türler İtibarıyla (milyon TL), Dönem:2026/2",milyon TL,raw/2026-02_table09_group10001.json,d3f051d7a704959ac34023a41b56206b1376eed1ccb5e076c11d38902a10c45e,raw/2026-02_table09_group10001_info.json,ffbcc7f6362dd4b0fd8d032db74f7f7d5f0c69f167ce49b5eec10d792d60d92a,caption_and_validated_request_info,Sektör,25,Mudi Sayısı - Yurt Dışı Yerleşik*,bold,2414657,531401,496576,296642,232522,2941091
2026-02,9,Mevduat Turler Itibariyla,10001,26,"Mevduat Türler İtibarıyla (milyon TL), Dönem:2026/2",milyon TL,raw/2026-02_table09_group10001.json,d3f051d7a704959ac34023a41b56206b1376eed1ccb5e076c11d38902a10c45e,raw/2026-02_table09_group10001_info.json,ffbcc7f6362dd4b0fd8d032db74f7f7d5f0c69f167ce49b5eec10d792d60d92a,caption_and_validated_request_info,Sektör,26,Toplam Mevduat,bold,151330,488110,1338283,2973140,23341326,28292188
2026-03,9,Mevduat Turler Itibariyla,10001,1,"Mevduat Türler İtibarıyla (milyon TL), Dönem:2026/3",milyon TL,raw/2026-03_table09_group10001.json,09e7d77460b9b7d5c63f2f2500b15a6d39fe4babcefe631e8528c28944d12f09,raw/2026-03_table09_group10001_info.json,b9575e74776fda24d5bf04b42d1f54e98738ed26cd7891211ef3c6c646890fb6,caption_and_validated_request_info,Sektör,1,TP Mevduat / Katılım Fonları - Yurt İçi Yerleşik,bold,126753,350540,747740,1350966,13589598,16165597
2026-03,9,Mevduat Turler Itibariyla,10001,2,"Mevduat Türler İtibarıyla (milyon TL), Dönem:2026/3",milyon TL,raw/2026-03_table09_group10001.json,09e7d77460b9b7d5c63f2f2500b15a6d39fe4babcefe631e8528c28944d12f09,raw/2026-03_table09_group10001_info.json,b9575e74776fda24d5bf04b42d1f54e98738ed26cd7891211ef3c6c646890fb6,caption_and_validated_request_info,Sektör,2,a) Gerçek Kişiler,italic,117215,319874,645492,1154142,5801979,8038703
2026-03,9,Mevduat Turler Itibariyla,10001,3,"Mevduat Türler İtibarıyla (milyon TL), Dönem:2026/3",milyon TL,raw/2026-03_table09_group10001.json,09e7d77460b9b7d5c63f2f2500b15a6d39fe4babcefe631e8528c28944d12f09,raw/2026-03_table09_group10001_info.json,b9575e74776fda24d5bf04b42d1f54e98738ed26cd7891211ef3c6c646890fb6,caption_and_validated_request_info,Sektör,3,b) Resmi Kuruluşlar,italic,120,451,2075,5529,1074637,1082812
2026-03,9,Mevduat Turler Itibariyla,10001,4,"Mevduat Türler İtibarıyla (milyon TL), Dönem:2026/3",milyon TL,raw/2026-03_table09_group10001.json,09e7d77460b9b7d5c63f2f2500b15a6d39fe4babcefe631e8528c28944d12f09,raw/2026-03_table09_group10001_info.json,b9575e74776fda24d5bf04b42d1f54e98738ed26cd7891211ef3c6c646890fb6,caption_and_validated_request_info,Sektör,4,c) Ticari ve Diğer Kuruluşlar,italic,9418,30215,100173,191294,6712982,7044082
2026-03,9,Mevduat Turler Itibariyla,10001,5,"Mevduat Türler İtibarıyla (milyon TL), Dönem:2026/3",milyon TL,raw/2026-03_table09_group10001.json,09e7d77460b9b7d5c63f2f2500b15a6d39fe4babcefe631e8528c28944d12f09,raw/2026-03_table09_group10001_info.json,b9575e74776fda24d5bf04b42d1f54e98738ed26cd7891211ef3c6c646890fb6,caption_and_validated_request_info,Sektör,5,Döviz Tevdiat Hesabı / Katılım Fonları - Yurt İçi Yerleşik,bold,8309,44625,238782,567566,5019465,5878747
2026-03,9,Mevduat Turler Itibariyla,10001,6,"Mevduat Türler İtibarıyla (milyon TL), Dönem:2026/3",milyon TL,raw/2026-03_table09_group10001.json,09e7d77460b9b7d5c63f2f2500b15a6d39fe4babcefe631e8528c28944d12f09,raw/2026-03_table09_group10001_info.json,b9575e74776fda24d5bf04b42d1f54e98738ed26cd7891211ef3c6c646890fb6,caption_and_validated_request_info,Sektör,6,a) Gerçek Kişiler,italic,7601,41955,225582,522505,1928130,2725774
2026-03,9,Mevduat Turler Itibariyla,10001,7,"Mevduat Türler İtibarıyla (milyon TL), Dönem:2026/3",milyon TL,raw/2026-03_table09_group10001.json,09e7d77460b9b7d5c63f2f2500b15a6d39fe4babcefe631e8528c28944d12f09,raw/2026-03_table09_group10001_info.json,b9575e74776fda24d5bf04b42d1f54e98738ed26cd7891211ef3c6c646890fb6,caption_and_validated_request_info,Sektör,7,b) Resmi Kuruluşlar,italic,3,13,113,359,129501,129989
2026-03,9,Mevduat Turler Itibariyla,10001,8,"Mevduat Türler İtibarıyla (milyon TL), Dönem:2026/3",milyon TL,raw/2026-03_table09_group10001.json,09e7d77460b9b7d5c63f2f2500b15a6d39fe4babcefe631e8528c28944d12f09,raw/2026-03_table09_group10001_info.json,b9575e74776fda24d5bf04b42d1f54e98738ed26cd7891211ef3c6c646890fb6,caption_and_validated_request_info,Sektör,8,c) Ticari ve Diğer Kuruluşlar,italic,706,2657,13087,44701,2961834,3022985
2026-03,9,Mevduat Turler Itibariyla,10001,9,"Mevduat Türler İtibarıyla (milyon TL), Dönem:2026/3",milyon TL,raw/2026-03_table09_group10001.json,09e7d77460b9b7d5c63f2f2500b15a6d39fe4babcefe631e8528c28944d12f09,raw/2026-03_table09_group10001_info.json,b9575e74776fda24d5bf04b42d1f54e98738ed26cd7891211ef3c6c646890fb6,caption_and_validated_request_info,Sektör,9,Kıymetli Maden Depo Hesapları - Yurt İçi Yerleşik,bold,8850,45213,264770,853427,3261917,4434177
2026-03,9,Mevduat Turler Itibariyla,10001,10,"Mevduat Türler İtibarıyla (milyon TL), Dönem:2026/3",milyon TL,raw/2026-03_table09_group10001.json,09e7d77460b9b7d5c63f2f2500b15a6d39fe4babcefe631e8528c28944d12f09,raw/2026-03_table09_group10001_info.json,b9575e74776fda24d5bf04b42d1f54e98738ed26cd7891211ef3c6c646890fb6,caption_and_validated_request_info,Sektör,10,a) Gerçek Kişiler,italic,8030,40763,260383,840246,2858213,4007636
2026-03,9,Mevduat Turler Itibariyla,10001,11,"Mevduat Türler İtibarıyla (milyon TL), Dönem:2026/3",milyon TL,raw/2026-03_table09_group10001.json,09e7d77460b9b7d5c63f2f2500b15a6d39fe4babcefe631e8528c28944d12f09,raw/2026-03_table09_group10001_info.json,b9575e74776fda24d5bf04b42d1f54e98738ed26cd7891211ef3c6c646890fb6,caption_and_validated_request_info,Sektör,11,b) Resmi Kuruluşlar,italic,0,1,9,39,326,374
2026-03,9,Mevduat Turler Itibariyla,10001,12,"Mevduat Türler İtibarıyla (milyon TL), Dönem:2026/3",milyon TL,raw/2026-03_table09_group10001.json,09e7d77460b9b7d5c63f2f2500b15a6d39fe4babcefe631e8528c28944d12f09,raw/2026-03_table09_group10001_info.json,b9575e74776fda24d5bf04b42d1f54e98738ed26cd7891211ef3c6c646890fb6,caption_and_validated_request_info,Sektör,12,c) Ticari ve Diğer Kuruluşlar,italic,821,4448,4378,13142,403378,426167
2026-03,9,Mevduat Turler Itibariyla,10001,13,"Mevduat Türler İtibarıyla (milyon TL), Dönem:2026/3",milyon TL,raw/2026-03_table09_group10001.json,09e7d77460b9b7d5c63f2f2500b15a6d39fe4babcefe631e8528c28944d12f09,raw/2026-03_table09_group10001_info.json,b9575e74776fda24d5bf04b42d1f54e98738ed26cd7891211ef3c6c646890fb6,caption_and_validated_request_info,Sektör,13,Toplam Mevduat - Yurt İçi Yerleşik,bold,143913,440378,1251292,2771959,21870980,26478522
2026-03,9,Mevduat Turler Itibariyla,10001,14,"Mevduat Türler İtibarıyla (milyon TL), Dönem:2026/3",milyon TL,raw/2026-03_table09_group10001.json,09e7d77460b9b7d5c63f2f2500b15a6d39fe4babcefe631e8528c28944d12f09,raw/2026-03_table09_group10001_info.json,b9575e74776fda24d5bf04b42d1f54e98738ed26cd7891211ef3c6c646890fb6,caption_and_validated_request_info,Sektör,14,Mudi Sayısı - Yurt İçi Yerleşik*,bold,177763540,17553372,10362171,5206188,2809350,196523412
2026-03,9,Mevduat Turler Itibariyla,10001,15,"Mevduat Türler İtibarıyla (milyon TL), Dönem:2026/3",milyon TL,raw/2026-03_table09_group10001.json,09e7d77460b9b7d5c63f2f2500b15a6d39fe4babcefe631e8528c28944d12f09,raw/2026-03_table09_group10001_info.json,b9575e74776fda24d5bf04b42d1f54e98738ed26cd7891211ef3c6c646890fb6,caption_and_validated_request_info,Sektör,15,TP Mevduat / Katılım Fonları - Yurt Dışı Yerleşik,bold,2545,8807,32585,53055,450626,547618
2026-03,9,Mevduat Turler Itibariyla,10001,16,"Mevduat Türler İtibarıyla (milyon TL), Dönem:2026/3",milyon TL,raw/2026-03_table09_group10001.json,09e7d77460b9b7d5c63f2f2500b15a6d39fe4babcefe631e8528c28944d12f09,raw/2026-03_table09_group10001_info.json,b9575e74776fda24d5bf04b42d1f54e98738ed26cd7891211ef3c6c646890fb6,caption_and_validated_request_info,Sektör,16,a) Gerçek Kişiler,italic,2505,8645,31980,51774,385152,480056
2026-03,9,Mevduat Turler Itibariyla,10001,17,"Mevduat Türler İtibarıyla (milyon TL), Dönem:2026/3",milyon TL,raw/2026-03_table09_group10001.json,09e7d77460b9b7d5c63f2f2500b15a6d39fe4babcefe631e8528c28944d12f09,raw/2026-03_table09_group10001_info.json,b9575e74776fda24d5bf04b42d1f54e98738ed26cd7891211ef3c6c646890fb6,caption_and_validated_request_info,Sektör,17,b) Ticari ve Diğer Kuruluşlar,italic,40,162,604,1281,65474,67562
2026-03,9,Mevduat Turler Itibariyla,10001,18,"Mevduat Türler İtibarıyla (milyon TL), Dönem:2026/3",milyon TL,raw/2026-03_table09_group10001.json,09e7d77460b9b7d5c63f2f2500b15a6d39fe4babcefe631e8528c28944d12f09,raw/2026-03_table09_group10001_info.json,b9575e74776fda24d5bf04b42d1f54e98738ed26cd7891211ef3c6c646890fb6,caption_and_validated_request_info,Sektör,18,Döviz Tevdiat Hesabı / Katılım Fonları - Yurt Dışı Yerleşik,bold,3013,4678,25946,92580,954722,1080938
2026-03,9,Mevduat Turler Itibariyla,10001,19,"Mevduat Türler İtibarıyla (milyon TL), Dönem:2026/3",milyon TL,raw/2026-03_table09_group10001.json,09e7d77460b9b7d5c63f2f2500b15a6d39fe4babcefe631e8528c28944d12f09,raw/2026-03_table09_group10001_info.json,b9575e74776fda24d5bf04b42d1f54e98738ed26cd7891211ef3c6c646890fb6,caption_and_validated_request_info,Sektör,19,a) Gerçek Kişiler,italic,2988,4531,25259,90337,671811,794926
2026-03,9,Mevduat Turler Itibariyla,10001,20,"Mevduat Türler İtibarıyla (milyon TL), Dönem:2026/3",milyon TL,raw/2026-03_table09_group10001.json,09e7d77460b9b7d5c63f2f2500b15a6d39fe4babcefe631e8528c28944d12f09,raw/2026-03_table09_group10001_info.json,b9575e74776fda24d5bf04b42d1f54e98738ed26cd7891211ef3c6c646890fb6,caption_and_validated_request_info,Sektör,20,b) Ticari ve Diğer Kuruluşlar,italic,24,147,688,2242,282911,286013
2026-03,9,Mevduat Turler Itibariyla,10001,21,"Mevduat Türler İtibarıyla (milyon TL), Dönem:2026/3",milyon TL,raw/2026-03_table09_group10001.json,09e7d77460b9b7d5c63f2f2500b15a6d39fe4babcefe631e8528c28944d12f09,raw/2026-03_table09_group10001_info.json,b9575e74776fda24d5bf04b42d1f54e98738ed26cd7891211ef3c6c646890fb6,caption_and_validated_request_info,Sektör,21,Kıymetli Maden Depo Hesapları - Yurt Dışı Yerleşik,bold,166,619,4500,17256,128691,151232
2026-03,9,Mevduat Turler Itibariyla,10001,22,"Mevduat Türler İtibarıyla (milyon TL), Dönem:2026/3",milyon TL,raw/2026-03_table09_group10001.json,09e7d77460b9b7d5c63f2f2500b15a6d39fe4babcefe631e8528c28944d12f09,raw/2026-03_table09_group10001_info.json,b9575e74776fda24d5bf04b42d1f54e98738ed26cd7891211ef3c6c646890fb6,caption_and_validated_request_info,Sektör,22,a) Gerçek Kişiler,italic,165,608,4473,17212,120454,142912
2026-03,9,Mevduat Turler Itibariyla,10001,23,"Mevduat Türler İtibarıyla (milyon TL), Dönem:2026/3",milyon TL,raw/2026-03_table09_group10001.json,09e7d77460b9b7d5c63f2f2500b15a6d39fe4babcefe631e8528c28944d12f09,raw/2026-03_table09_group10001_info.json,b9575e74776fda24d5bf04b42d1f54e98738ed26cd7891211ef3c6c646890fb6,caption_and_validated_request_info,Sektör,23,b) Ticari ve Diğer Kuruluşlar,italic,1,11,27,45,8237,8321
2026-03,9,Mevduat Turler Itibariyla,10001,24,"Mevduat Türler İtibarıyla (milyon TL), Dönem:2026/3",milyon TL,raw/2026-03_table09_group10001.json,09e7d77460b9b7d5c63f2f2500b15a6d39fe4babcefe631e8528c28944d12f09,raw/2026-03_table09_group10001_info.json,b9575e74776fda24d5bf04b42d1f54e98738ed26cd7891211ef3c6c646890fb6,caption_and_validated_request_info,Sektör,24,Toplam Mevduat - Yurt Dışı Yerleşik,bold,5724,14104,63031,162891,1534038,1779789
2026-03,9,Mevduat Turler Itibariyla,10001,25,"Mevduat Türler İtibarıyla (milyon TL), Dönem:2026/3",milyon TL,raw/2026-03_table09_group10001.json,09e7d77460b9b7d5c63f2f2500b15a6d39fe4babcefe631e8528c28944d12f09,raw/2026-03_table09_group10001_info.json,b9575e74776fda24d5bf04b42d1f54e98738ed26cd7891211ef3c6c646890fb6,caption_and_validated_request_info,Sektör,25,Mudi Sayısı - Yurt Dışı Yerleşik*,bold,2437051,516731,500817,300197,231512,2980025
2026-03,9,Mevduat Turler Itibariyla,10001,26,"Mevduat Türler İtibarıyla (milyon TL), Dönem:2026/3",milyon TL,raw/2026-03_table09_group10001.json,09e7d77460b9b7d5c63f2f2500b15a6d39fe4babcefe631e8528c28944d12f09,raw/2026-03_table09_group10001_info.json,b9575e74776fda24d5bf04b42d1f54e98738ed26cd7891211ef3c6c646890fb6,caption_and_validated_request_info,Sektör,26,Toplam Mevduat,bold,149637,454482,1314323,2934850,23405019,28258311
2026-04,9,Mevduat Turler Itibariyla,10001,1,"Mevduat Türler İtibarıyla (milyon TL), Dönem:2026/4",milyon TL,raw/2026-04_table09_group10001.json,6a0518dd79140ab8e3e9c9c09905877df9fc2ffd4a506c9f440a56e706dd200c,raw/2026-04_table09_group10001_info.json,4c39fc1241a558e2aa82ae2f43a253d0a3f2871efec1450720e7de837c415730,caption_and_validated_request_info,Sektör,1,TP Mevduat / Katılım Fonları - Yurt İçi Yerleşik,bold,128668,383013,803234,1385012,14310638,17010564
2026-04,9,Mevduat Turler Itibariyla,10001,2,"Mevduat Türler İtibarıyla (milyon TL), Dönem:2026/4",milyon TL,raw/2026-04_table09_group10001.json,6a0518dd79140ab8e3e9c9c09905877df9fc2ffd4a506c9f440a56e706dd200c,raw/2026-04_table09_group10001_info.json,4c39fc1241a558e2aa82ae2f43a253d0a3f2871efec1450720e7de837c415730,caption_and_validated_request_info,Sektör,2,a) Gerçek Kişiler,italic,118924,352437,702569,1192260,6091952,8458142
2026-04,9,Mevduat Turler Itibariyla,10001,3,"Mevduat Türler İtibarıyla (milyon TL), Dönem:2026/4",milyon TL,raw/2026-04_table09_group10001.json,6a0518dd79140ab8e3e9c9c09905877df9fc2ffd4a506c9f440a56e706dd200c,raw/2026-04_table09_group10001_info.json,4c39fc1241a558e2aa82ae2f43a253d0a3f2871efec1450720e7de837c415730,caption_and_validated_request_info,Sektör,3,b) Resmi Kuruluşlar,italic,122,442,2077,5431,1315126,1323197
2026-04,9,Mevduat Turler Itibariyla,10001,4,"Mevduat Türler İtibarıyla (milyon TL), Dönem:2026/4",milyon TL,raw/2026-04_table09_group10001.json,6a0518dd79140ab8e3e9c9c09905877df9fc2ffd4a506c9f440a56e706dd200c,raw/2026-04_table09_group10001_info.json,4c39fc1241a558e2aa82ae2f43a253d0a3f2871efec1450720e7de837c415730,caption_and_validated_request_info,Sektör,4,c) Ticari ve Diğer Kuruluşlar,italic,9622,30134,98588,187322,6903560,7229225
2026-04,9,Mevduat Turler Itibariyla,10001,5,"Mevduat Türler İtibarıyla (milyon TL), Dönem:2026/4",milyon TL,raw/2026-04_table09_group10001.json,6a0518dd79140ab8e3e9c9c09905877df9fc2ffd4a506c9f440a56e706dd200c,raw/2026-04_table09_group10001_info.json,4c39fc1241a558e2aa82ae2f43a253d0a3f2871efec1450720e7de837c415730,caption_and_validated_request_info,Sektör,5,Döviz Tevdiat Hesabı / Katılım Fonları - Yurt İçi Yerleşik,bold,8328,44645,239495,571887,5007312,5871668
2026-04,9,Mevduat Turler Itibariyla,10001,6,"Mevduat Türler İtibarıyla (milyon TL), Dönem:2026/4",milyon TL,raw/2026-04_table09_group10001.json,6a0518dd79140ab8e3e9c9c09905877df9fc2ffd4a506c9f440a56e706dd200c,raw/2026-04_table09_group10001_info.json,4c39fc1241a558e2aa82ae2f43a253d0a3f2871efec1450720e7de837c415730,caption_and_validated_request_info,Sektör,6,a) Gerçek Kişiler,italic,7612,41957,226168,526125,1937863,2739725
2026-04,9,Mevduat Turler Itibariyla,10001,7,"Mevduat Türler İtibarıyla (milyon TL), Dönem:2026/4",milyon TL,raw/2026-04_table09_group10001.json,6a0518dd79140ab8e3e9c9c09905877df9fc2ffd4a506c9f440a56e706dd200c,raw/2026-04_table09_group10001_info.json,4c39fc1241a558e2aa82ae2f43a253d0a3f2871efec1450720e7de837c415730,caption_and_validated_request_info,Sektör,7,b) Resmi Kuruluşlar,italic,3,13,109,343,144181,144648
2026-04,9,Mevduat Turler Itibariyla,10001,8,"Mevduat Türler İtibarıyla (milyon TL), Dönem:2026/4",milyon TL,raw/2026-04_table09_group10001.json,6a0518dd79140ab8e3e9c9c09905877df9fc2ffd4a506c9f440a56e706dd200c,raw/2026-04_table09_group10001_info.json,4c39fc1241a558e2aa82ae2f43a253d0a3f2871efec1450720e7de837c415730,caption_and_validated_request_info,Sektör,8,c) Ticari ve Diğer Kuruluşlar,italic,714,2675,13218,45420,2925268,2987295
2026-04,9,Mevduat Turler Itibariyla,10001,9,"Mevduat Türler İtibarıyla (milyon TL), Dönem:2026/4",milyon TL,raw/2026-04_table09_group10001.json,6a0518dd79140ab8e3e9c9c09905877df9fc2ffd4a506c9f440a56e706dd200c,raw/2026-04_table09_group10001_info.json,4c39fc1241a558e2aa82ae2f43a253d0a3f2871efec1450720e7de837c415730,caption_and_validated_request_info,Sektör,9,Kıymetli Maden Depo Hesapları - Yurt İçi Yerleşik,bold,8673,44127,261868,850793,3296015,4461475
2026-04,9,Mevduat Turler Itibariyla,10001,10,"Mevduat Türler İtibarıyla (milyon TL), Dönem:2026/4",milyon TL,raw/2026-04_table09_group10001.json,6a0518dd79140ab8e3e9c9c09905877df9fc2ffd4a506c9f440a56e706dd200c,raw/2026-04_table09_group10001_info.json,4c39fc1241a558e2aa82ae2f43a253d0a3f2871efec1450720e7de837c415730,caption_and_validated_request_info,Sektör,10,a) Gerçek Kişiler,italic,7844,39685,257562,837748,2896030,4038869
2026-04,9,Mevduat Turler Itibariyla,10001,11,"Mevduat Türler İtibarıyla (milyon TL), Dönem:2026/4",milyon TL,raw/2026-04_table09_group10001.json,6a0518dd79140ab8e3e9c9c09905877df9fc2ffd4a506c9f440a56e706dd200c,raw/2026-04_table09_group10001_info.json,4c39fc1241a558e2aa82ae2f43a253d0a3f2871efec1450720e7de837c415730,caption_and_validated_request_info,Sektör,11,b) Resmi Kuruluşlar,italic,0,1,9,40,346,395
2026-04,9,Mevduat Turler Itibariyla,10001,12,"Mevduat Türler İtibarıyla (milyon TL), Dönem:2026/4",milyon TL,raw/2026-04_table09_group10001.json,6a0518dd79140ab8e3e9c9c09905877df9fc2ffd4a506c9f440a56e706dd200c,raw/2026-04_table09_group10001_info.json,4c39fc1241a558e2aa82ae2f43a253d0a3f2871efec1450720e7de837c415730,caption_and_validated_request_info,Sektör,12,c) Ticari ve Diğer Kuruluşlar,italic,829,4441,4297,13005,399640,422212
2026-04,9,Mevduat Turler Itibariyla,10001,13,"Mevduat Türler İtibarıyla (milyon TL), Dönem:2026/4",milyon TL,raw/2026-04_table09_group10001.json,6a0518dd79140ab8e3e9c9c09905877df9fc2ffd4a506c9f440a56e706dd200c,raw/2026-04_table09_group10001_info.json,4c39fc1241a558e2aa82ae2f43a253d0a3f2871efec1450720e7de837c415730,caption_and_validated_request_info,Sektör,13,Toplam Mevduat - Yurt İçi Yerleşik,bold,145669,471785,1304597,2807692,22613964,27343708
2026-04,9,Mevduat Turler Itibariyla,10001,14,"Mevduat Türler İtibarıyla (milyon TL), Dönem:2026/4",milyon TL,raw/2026-04_table09_group10001.json,6a0518dd79140ab8e3e9c9c09905877df9fc2ffd4a506c9f440a56e706dd200c,raw/2026-04_table09_group10001_info.json,4c39fc1241a558e2aa82ae2f43a253d0a3f2871efec1450720e7de837c415730,caption_and_validated_request_info,Sektör,14,Mudi Sayısı - Yurt İçi Yerleşik*,bold,177505796,18631024,10765571,5252943,2871195,197949761
2026-04,9,Mevduat Turler Itibariyla,10001,15,"Mevduat Türler İtibarıyla (milyon TL), Dönem:2026/4",milyon TL,raw/2026-04_table09_group10001.json,6a0518dd79140ab8e3e9c9c09905877df9fc2ffd4a506c9f440a56e706dd200c,raw/2026-04_table09_group10001_info.json,4c39fc1241a558e2aa82ae2f43a253d0a3f2871efec1450720e7de837c415730,caption_and_validated_request_info,Sektör,15,TP Mevduat / Katılım Fonları - Yurt Dışı Yerleşik,bold,2522,9258,34085,54909,450227,551001
2026-04,9,Mevduat Turler Itibariyla,10001,16,"Mevduat Türler İtibarıyla (milyon TL), Dönem:2026/4",milyon TL,raw/2026-04_table09_group10001.json,6a0518dd79140ab8e3e9c9c09905877df9fc2ffd4a506c9f440a56e706dd200c,raw/2026-04_table09_group10001_info.json,4c39fc1241a558e2aa82ae2f43a253d0a3f2871efec1450720e7de837c415730,caption_and_validated_request_info,Sektör,16,a) Gerçek Kişiler,italic,2482,9093,33467,53630,393454,492126
2026-04,9,Mevduat Turler Itibariyla,10001,17,"Mevduat Türler İtibarıyla (milyon TL), Dönem:2026/4",milyon TL,raw/2026-04_table09_group10001.json,6a0518dd79140ab8e3e9c9c09905877df9fc2ffd4a506c9f440a56e706dd200c,raw/2026-04_table09_group10001_info.json,4c39fc1241a558e2aa82ae2f43a253d0a3f2871efec1450720e7de837c415730,caption_and_validated_request_info,Sektör,17,b) Ticari ve Diğer Kuruluşlar,italic,39,165,618,1279,56773,58875
2026-04,9,Mevduat Turler Itibariyla,10001,18,"Mevduat Türler İtibarıyla (milyon TL), Dönem:2026/4",milyon TL,raw/2026-04_table09_group10001.json,6a0518dd79140ab8e3e9c9c09905877df9fc2ffd4a506c9f440a56e706dd200c,raw/2026-04_table09_group10001_info.json,4c39fc1241a558e2aa82ae2f43a253d0a3f2871efec1450720e7de837c415730,caption_and_validated_request_info,Sektör,18,Döviz Tevdiat Hesabı / Katılım Fonları - Yurt Dışı Yerleşik,bold,3120,4712,26101,93542,984820,1112295
2026-04,9,Mevduat Turler Itibariyla,10001,19,"Mevduat Türler İtibarıyla (milyon TL), Dönem:2026/4",milyon TL,raw/2026-04_table09_group10001.json,6a0518dd79140ab8e3e9c9c09905877df9fc2ffd4a506c9f440a56e706dd200c,raw/2026-04_table09_group10001_info.json,4c39fc1241a558e2aa82ae2f43a253d0a3f2871efec1450720e7de837c415730,caption_and_validated_request_info,Sektör,19,a) Gerçek Kişiler,italic,3095,4563,25406,91297,686715,811077
2026-04,9,Mevduat Turler Itibariyla,10001,20,"Mevduat Türler İtibarıyla (milyon TL), Dönem:2026/4",milyon TL,raw/2026-04_table09_group10001.json,6a0518dd79140ab8e3e9c9c09905877df9fc2ffd4a506c9f440a56e706dd200c,raw/2026-04_table09_group10001_info.json,4c39fc1241a558e2aa82ae2f43a253d0a3f2871efec1450720e7de837c415730,caption_and_validated_request_info,Sektör,20,b) Ticari ve Diğer Kuruluşlar,italic,25,148,695,2245,298105,301218
2026-04,9,Mevduat Turler Itibariyla,10001,21,"Mevduat Türler İtibarıyla (milyon TL), Dönem:2026/4",milyon TL,raw/2026-04_table09_group10001.json,6a0518dd79140ab8e3e9c9c09905877df9fc2ffd4a506c9f440a56e706dd200c,raw/2026-04_table09_group10001_info.json,4c39fc1241a558e2aa82ae2f43a253d0a3f2871efec1450720e7de837c415730,caption_and_validated_request_info,Sektör,21,Kıymetli Maden Depo Hesapları - Yurt Dışı Yerleşik,bold,168,619,4532,17454,130582,153355
2026-04,9,Mevduat Turler Itibariyla,10001,22,"Mevduat Türler İtibarıyla (milyon TL), Dönem:2026/4",milyon TL,raw/2026-04_table09_group10001.json,6a0518dd79140ab8e3e9c9c09905877df9fc2ffd4a506c9f440a56e706dd200c,raw/2026-04_table09_group10001_info.json,4c39fc1241a558e2aa82ae2f43a253d0a3f2871efec1450720e7de837c415730,caption_and_validated_request_info,Sektör,22,a) Gerçek Kişiler,italic,167,608,4506,17408,122371,145060
2026-04,9,Mevduat Turler Itibariyla,10001,23,"Mevduat Türler İtibarıyla (milyon TL), Dönem:2026/4",milyon TL,raw/2026-04_table09_group10001.json,6a0518dd79140ab8e3e9c9c09905877df9fc2ffd4a506c9f440a56e706dd200c,raw/2026-04_table09_group10001_info.json,4c39fc1241a558e2aa82ae2f43a253d0a3f2871efec1450720e7de837c415730,caption_and_validated_request_info,Sektör,23,b) Ticari ve Diğer Kuruluşlar,italic,1,11,27,46,8211,8295
2026-04,9,Mevduat Turler Itibariyla,10001,24,"Mevduat Türler İtibarıyla (milyon TL), Dönem:2026/4",milyon TL,raw/2026-04_table09_group10001.json,6a0518dd79140ab8e3e9c9c09905877df9fc2ffd4a506c9f440a56e706dd200c,raw/2026-04_table09_group10001_info.json,4c39fc1241a558e2aa82ae2f43a253d0a3f2871efec1450720e7de837c415730,caption_and_validated_request_info,Sektör,24,Toplam Mevduat - Yurt Dışı Yerleşik,bold,5810,14589,64718,165905,1565629,1816650
2026-04,9,Mevduat Turler Itibariyla,10001,25,"Mevduat Türler İtibarıyla (milyon TL), Dönem:2026/4",milyon TL,raw/2026-04_table09_group10001.json,6a0518dd79140ab8e3e9c9c09905877df9fc2ffd4a506c9f440a56e706dd200c,raw/2026-04_table09_group10001_info.json,4c39fc1241a558e2aa82ae2f43a253d0a3f2871efec1450720e7de837c415730,caption_and_validated_request_info,Sektör,25,Mudi Sayısı - Yurt Dışı Yerleşik*,bold,2422202,525147,500947,299899,236626,2985640
2026-04,9,Mevduat Turler Itibariyla,10001,26,"Mevduat Türler İtibarıyla (milyon TL), Dönem:2026/4",milyon TL,raw/2026-04_table09_group10001.json,6a0518dd79140ab8e3e9c9c09905877df9fc2ffd4a506c9f440a56e706dd200c,raw/2026-04_table09_group10001_info.json,4c39fc1241a558e2aa82ae2f43a253d0a3f2871efec1450720e7de837c415730,caption_and_validated_request_info,Sektör,26,Toplam Mevduat,bold,151479,486374,1369316,2973597,24179593,29160358
2026-05,9,Mevduat Turler Itibariyla,10001,1,"Mevduat Türler İtibarıyla (milyon TL), Dönem:2026/5",milyon TL,raw/2026-05_table09_group10001.json,72befd1a510e93730f88530b2fce36e330312bf1c12809958dfc70c4d97fcd9f,raw/2026-05_table09_group10001_info.json,ba884734219144e29df62e6677c0e894104bc499cc57be4fa222a158c4e42f39,caption_and_validated_request_info,Sektör,1,TP Mevduat / Katılım Fonları - Yurt İçi Yerleşik,bold,129395,410074,856123,1439987,14413413,17248992
2026-05,9,Mevduat Turler Itibariyla,10001,2,"Mevduat Türler İtibarıyla (milyon TL), Dönem:2026/5",milyon TL,raw/2026-05_table09_group10001.json,72befd1a510e93730f88530b2fce36e330312bf1c12809958dfc70c4d97fcd9f,raw/2026-05_table09_group10001_info.json,ba884734219144e29df62e6677c0e894104bc499cc57be4fa222a158c4e42f39,caption_and_validated_request_info,Sektör,2,a) Gerçek Kişiler,italic,119912,378215,743881,1222313,6283564,8747885
2026-05,9,Mevduat Turler Itibariyla,10001,3,"Mevduat Türler İtibarıyla (milyon TL), Dönem:2026/5",milyon TL,raw/2026-05_table09_group10001.json,72befd1a510e93730f88530b2fce36e330312bf1c12809958dfc70c4d97fcd9f,raw/2026-05_table09_group10001_info.json,ba884734219144e29df62e6677c0e894104bc499cc57be4fa222a158c4e42f39,caption_and_validated_request_info,Sektör,3,b) Resmi Kuruluşlar,italic,122,457,2074,5603,964476,972732
2026-05,9,Mevduat Turler Itibariyla,10001,4,"Mevduat Türler İtibarıyla (milyon TL), Dönem:2026/5",milyon TL,raw/2026-05_table09_group10001.json,72befd1a510e93730f88530b2fce36e330312bf1c12809958dfc70c4d97fcd9f,raw/2026-05_table09_group10001_info.json,ba884734219144e29df62e6677c0e894104bc499cc57be4fa222a158c4e42f39,caption_and_validated_request_info,Sektör,4,c) Ticari ve Diğer Kuruluşlar,italic,9362,31402,110168,212070,7165373,7528375
2026-05,9,Mevduat Turler Itibariyla,10001,5,"Mevduat Türler İtibarıyla (milyon TL), Dönem:2026/5",milyon TL,raw/2026-05_table09_group10001.json,72befd1a510e93730f88530b2fce36e330312bf1c12809958dfc70c4d97fcd9f,raw/2026-05_table09_group10001_info.json,ba884734219144e29df62e6677c0e894104bc499cc57be4fa222a158c4e42f39,caption_and_validated_request_info,Sektör,5,Döviz Tevdiat Hesabı / Katılım Fonları - Yurt İçi Yerleşik,bold,8346,43811,238083,574392,5171070,6035702
2026-05,9,Mevduat Turler Itibariyla,10001,6,"Mevduat Türler İtibarıyla (milyon TL), Dönem:2026/5",milyon TL,raw/2026-05_table09_group10001.json,72befd1a510e93730f88530b2fce36e330312bf1c12809958dfc70c4d97fcd9f,raw/2026-05_table09_group10001_info.json,ba884734219144e29df62e6677c0e894104bc499cc57be4fa222a158c4e42f39,caption_and_validated_request_info,Sektör,6,a) Gerçek Kişiler,italic,7628,41126,224586,528081,1957265,2758686
2026-05,9,Mevduat Turler Itibariyla,10001,7,"Mevduat Türler İtibarıyla (milyon TL), Dönem:2026/5",milyon TL,raw/2026-05_table09_group10001.json,72befd1a510e93730f88530b2fce36e330312bf1c12809958dfc70c4d97fcd9f,raw/2026-05_table09_group10001_info.json,ba884734219144e29df62e6677c0e894104bc499cc57be4fa222a158c4e42f39,caption_and_validated_request_info,Sektör,7,b) Resmi Kuruluşlar,italic,3,13,109,345,143678,144148
2026-05,9,Mevduat Turler Itibariyla,10001,8,"Mevduat Türler İtibarıyla (milyon TL), Dönem:2026/5",milyon TL,raw/2026-05_table09_group10001.json,72befd1a510e93730f88530b2fce36e330312bf1c12809958dfc70c4d97fcd9f,raw/2026-05_table09_group10001_info.json,ba884734219144e29df62e6677c0e894104bc499cc57be4fa222a158c4e42f39,caption_and_validated_request_info,Sektör,8,c) Ticari ve Diğer Kuruluşlar,italic,715,2672,13388,45967,3070126,3132868
2026-05,9,Mevduat Turler Itibariyla,10001,9,"Mevduat Türler İtibarıyla (milyon TL), Dönem:2026/5",milyon TL,raw/2026-05_table09_group10001.json,72befd1a510e93730f88530b2fce36e330312bf1c12809958dfc70c4d97fcd9f,raw/2026-05_table09_group10001_info.json,ba884734219144e29df62e6677c0e894104bc499cc57be4fa222a158c4e42f39,caption_and_validated_request_info,Sektör,9,Kıymetli Maden Depo Hesapları - Yurt İçi Yerleşik,bold,8477,42673,258105,846102,3356518,4511876
2026-05,9,Mevduat Turler Itibariyla,10001,10,"Mevduat Türler İtibarıyla (milyon TL), Dönem:2026/5",milyon TL,raw/2026-05_table09_group10001.json,72befd1a510e93730f88530b2fce36e330312bf1c12809958dfc70c4d97fcd9f,raw/2026-05_table09_group10001_info.json,ba884734219144e29df62e6677c0e894104bc499cc57be4fa222a158c4e42f39,caption_and_validated_request_info,Sektör,10,a) Gerçek Kişiler,italic,7650,38311,253888,833379,2948499,4081726
2026-05,9,Mevduat Turler Itibariyla,10001,11,"Mevduat Türler İtibarıyla (milyon TL), Dönem:2026/5",milyon TL,raw/2026-05_table09_group10001.json,72befd1a510e93730f88530b2fce36e330312bf1c12809958dfc70c4d97fcd9f,raw/2026-05_table09_group10001_info.json,ba884734219144e29df62e6677c0e894104bc499cc57be4fa222a158c4e42f39,caption_and_validated_request_info,Sektör,11,b) Resmi Kuruluşlar,italic,0,1,9,37,343,390
2026-05,9,Mevduat Turler Itibariyla,10001,12,"Mevduat Türler İtibarıyla (milyon TL), Dönem:2026/5",milyon TL,raw/2026-05_table09_group10001.json,72befd1a510e93730f88530b2fce36e330312bf1c12809958dfc70c4d97fcd9f,raw/2026-05_table09_group10001_info.json,ba884734219144e29df62e6677c0e894104bc499cc57be4fa222a158c4e42f39,caption_and_validated_request_info,Sektör,12,c) Ticari ve Diğer Kuruluşlar,italic,828,4360,4209,12687,407676,429760
2026-05,9,Mevduat Turler Itibariyla,10001,13,"Mevduat Türler İtibarıyla (milyon TL), Dönem:2026/5",milyon TL,raw/2026-05_table09_group10001.json,72befd1a510e93730f88530b2fce36e330312bf1c12809958dfc70c4d97fcd9f,raw/2026-05_table09_group10001_info.json,ba884734219144e29df62e6677c0e894104bc499cc57be4fa222a158c4e42f39,caption_and_validated_request_info,Sektör,13,Toplam Mevduat - Yurt İçi Yerleşik,bold,146219,496558,1352311,2860481,22941001,27796571
2026-05,9,Mevduat Turler Itibariyla,10001,14,"Mevduat Türler İtibarıyla (milyon TL), Dönem:2026/5",milyon TL,raw/2026-05_table09_group10001.json,72befd1a510e93730f88530b2fce36e330312bf1c12809958dfc70c4d97fcd9f,raw/2026-05_table09_group10001_info.json,ba884734219144e29df62e6677c0e894104bc499cc57be4fa222a158c4e42f39,caption_and_validated_request_info,Sektör,14,Mudi Sayısı - Yurt İçi Yerleşik*,bold,177458055,19667580,11294999,5382317,2938282,199732790
2026-05,9,Mevduat Turler Itibariyla,10001,15,"Mevduat Türler İtibarıyla (milyon TL), Dönem:2026/5",milyon TL,raw/2026-05_table09_group10001.json,72befd1a510e93730f88530b2fce36e330312bf1c12809958dfc70c4d97fcd9f,raw/2026-05_table09_group10001_info.json,ba884734219144e29df62e6677c0e894104bc499cc57be4fa222a158c4e42f39,caption_and_validated_request_info,Sektör,15,TP Mevduat / Katılım Fonları - Yurt Dışı Yerleşik,bold,2555,9384,34277,56453,474257,576926
2026-05,9,Mevduat Turler Itibariyla,10001,16,"Mevduat Türler İtibarıyla (milyon TL), Dönem:2026/5",milyon TL,raw/2026-05_table09_group10001.json,72befd1a510e93730f88530b2fce36e330312bf1c12809958dfc70c4d97fcd9f,raw/2026-05_table09_group10001_info.json,ba884734219144e29df62e6677c0e894104bc499cc57be4fa222a158c4e42f39,caption_and_validated_request_info,Sektör,16,a) Gerçek Kişiler,italic,2516,9220,33638,55037,401170,501581
2026-05,9,Mevduat Turler Itibariyla,10001,17,"Mevduat Türler İtibarıyla (milyon TL), Dönem:2026/5",milyon TL,raw/2026-05_table09_group10001.json,72befd1a510e93730f88530b2fce36e330312bf1c12809958dfc70c4d97fcd9f,raw/2026-05_table09_group10001_info.json,ba884734219144e29df62e6677c0e894104bc499cc57be4fa222a158c4e42f39,caption_and_validated_request_info,Sektör,17,b) Ticari ve Diğer Kuruluşlar,italic,39,164,639,1416,73087,75345
2026-05,9,Mevduat Turler Itibariyla,10001,18,"Mevduat Türler İtibarıyla (milyon TL), Dönem:2026/5",milyon TL,raw/2026-05_table09_group10001.json,72befd1a510e93730f88530b2fce36e330312bf1c12809958dfc70c4d97fcd9f,raw/2026-05_table09_group10001_info.json,ba884734219144e29df62e6677c0e894104bc499cc57be4fa222a158c4e42f39,caption_and_validated_request_info,Sektör,18,Döviz Tevdiat Hesabı / Katılım Fonları - Yurt Dışı Yerleşik,bold,3484,4692,26220,93795,986050,1114242
2026-05,9,Mevduat Turler Itibariyla,10001,19,"Mevduat Türler İtibarıyla (milyon TL), Dönem:2026/5",milyon TL,raw/2026-05_table09_group10001.json,72befd1a510e93730f88530b2fce36e330312bf1c12809958dfc70c4d97fcd9f,raw/2026-05_table09_group10001_info.json,ba884734219144e29df62e6677c0e894104bc499cc57be4fa222a158c4e42f39,caption_and_validated_request_info,Sektör,19,a) Gerçek Kişiler,italic,3459,4540,25527,91510,697454,822489
2026-05,9,Mevduat Turler Itibariyla,10001,20,"Mevduat Türler İtibarıyla (milyon TL), Dönem:2026/5",milyon TL,raw/2026-05_table09_group10001.json,72befd1a510e93730f88530b2fce36e330312bf1c12809958dfc70c4d97fcd9f,raw/2026-05_table09_group10001_info.json,ba884734219144e29df62e6677c0e894104bc499cc57be4fa222a158c4e42f39,caption_and_validated_request_info,Sektör,20,b) Ticari ve Diğer Kuruluşlar,italic,25,152,694,2286,288597,291753
2026-05,9,Mevduat Turler Itibariyla,10001,21,"Mevduat Türler İtibarıyla (milyon TL), Dönem:2026/5",milyon TL,raw/2026-05_table09_group10001.json,72befd1a510e93730f88530b2fce36e330312bf1c12809958dfc70c4d97fcd9f,raw/2026-05_table09_group10001_info.json,ba884734219144e29df62e6677c0e894104bc499cc57be4fa222a158c4e42f39,caption_and_validated_request_info,Sektör,21,Kıymetli Maden Depo Hesapları - Yurt Dışı Yerleşik,bold,167,612,4524,17591,132974,155868
2026-05,9,Mevduat Turler Itibariyla,10001,22,"Mevduat Türler İtibarıyla (milyon TL), Dönem:2026/5",milyon TL,raw/2026-05_table09_group10001.json,72befd1a510e93730f88530b2fce36e330312bf1c12809958dfc70c4d97fcd9f,raw/2026-05_table09_group10001_info.json,ba884734219144e29df62e6677c0e894104bc499cc57be4fa222a158c4e42f39,caption_and_validated_request_info,Sektör,22,a) Gerçek Kişiler,italic,167,601,4498,17546,125015,147826
2026-05,9,Mevduat Turler Itibariyla,10001,23,"Mevduat Türler İtibarıyla (milyon TL), Dönem:2026/5",milyon TL,raw/2026-05_table09_group10001.json,72befd1a510e93730f88530b2fce36e330312bf1c12809958dfc70c4d97fcd9f,raw/2026-05_table09_group10001_info.json,ba884734219144e29df62e6677c0e894104bc499cc57be4fa222a158c4e42f39,caption_and_validated_request_info,Sektör,23,b) Ticari ve Diğer Kuruluşlar,italic,1,11,26,44,7960,8042
2026-05,9,Mevduat Turler Itibariyla,10001,24,"Mevduat Türler İtibarıyla (milyon TL), Dönem:2026/5",milyon TL,raw/2026-05_table09_group10001.json,72befd1a510e93730f88530b2fce36e330312bf1c12809958dfc70c4d97fcd9f,raw/2026-05_table09_group10001_info.json,ba884734219144e29df62e6677c0e894104bc499cc57be4fa222a158c4e42f39,caption_and_validated_request_info,Sektör,24,Toplam Mevduat - Yurt Dışı Yerleşik,bold,6206,14687,65022,167839,1593281,1847035
2026-05,9,Mevduat Turler Itibariyla,10001,25,"Mevduat Türler İtibarıyla (milyon TL), Dönem:2026/5",milyon TL,raw/2026-05_table09_group10001.json,72befd1a510e93730f88530b2fce36e330312bf1c12809958dfc70c4d97fcd9f,raw/2026-05_table09_group10001_info.json,ba884734219144e29df62e6677c0e894104bc499cc57be4fa222a158c4e42f39,caption_and_validated_request_info,Sektör,25,Mudi Sayısı - Yurt Dışı Yerleşik*,bold,2446912,534436,508906,309024,237694,3018943
2026-05,9,Mevduat Turler Itibariyla,10001,26,"Mevduat Türler İtibarıyla (milyon TL), Dönem:2026/5",milyon TL,raw/2026-05_table09_group10001.json,72befd1a510e93730f88530b2fce36e330312bf1c12809958dfc70c4d97fcd9f,raw/2026-05_table09_group10001_info.json,ba884734219144e29df62e6677c0e894104bc499cc57be4fa222a158c4e42f39,caption_and_validated_request_info,Sektör,26,Toplam Mevduat,bold,152425,511245,1417333,3028320,24534283,29643606
2026-06,9,Mevduat Turler Itibariyla,10001,1,"Mevduat Türler İtibarıyla (milyon TL), Dönem:2026/6",milyon TL,raw/2026-06_table09_group10001.json,37071034738c92eb08acdca130f0d54d3899dd832a787c587ab675c80f4e3b16,raw/2026-06_table09_group10001_info.json,d6e67580f477496216530fa589a7948393669615965ead742eb850c0c53a10ff,caption_and_validated_request_info,Sektör,1,TP Mevduat / Katılım Fonları - Yurt İçi Yerleşik,bold,125347,371534,783056,1395686,15415974,18091597
2026-06,9,Mevduat Turler Itibariyla,10001,2,"Mevduat Türler İtibarıyla (milyon TL), Dönem:2026/6",milyon TL,raw/2026-06_table09_group10001.json,37071034738c92eb08acdca130f0d54d3899dd832a787c587ab675c80f4e3b16,raw/2026-06_table09_group10001_info.json,d6e67580f477496216530fa589a7948393669615965ead742eb850c0c53a10ff,caption_and_validated_request_info,Sektör,2,a) Gerçek Kişiler,italic,115549,340537,681349,1202466,6574680,8914579
2026-06,9,Mevduat Turler Itibariyla,10001,3,"Mevduat Türler İtibarıyla (milyon TL), Dönem:2026/6",milyon TL,raw/2026-06_table09_group10001.json,37071034738c92eb08acdca130f0d54d3899dd832a787c587ab675c80f4e3b16,raw/2026-06_table09_group10001_info.json,d6e67580f477496216530fa589a7948393669615965ead742eb850c0c53a10ff,caption_and_validated_request_info,Sektör,3,b) Resmi Kuruluşlar,italic,120,443,2025,5255,1311836,1319678
2026-06,9,Mevduat Turler Itibariyla,10001,4,"Mevduat Türler İtibarıyla (milyon TL), Dönem:2026/6",milyon TL,raw/2026-06_table09_group10001.json,37071034738c92eb08acdca130f0d54d3899dd832a787c587ab675c80f4e3b16,raw/2026-06_table09_group10001_info.json,d6e67580f477496216530fa589a7948393669615965ead742eb850c0c53a10ff,caption_and_validated_request_info,Sektör,4,c) Ticari ve Diğer Kuruluşlar,italic,9678,30554,99682,187965,7529459,7857339
2026-06,9,Mevduat Turler Itibariyla,10001,5,"Mevduat Türler İtibarıyla (milyon TL), Dönem:2026/6",milyon TL,raw/2026-06_table09_group10001.json,37071034738c92eb08acdca130f0d54d3899dd832a787c587ab675c80f4e3b16,raw/2026-06_table09_group10001_info.json,d6e67580f477496216530fa589a7948393669615965ead742eb850c0c53a10ff,caption_and_validated_request_info,Sektör,5,Döviz Tevdiat Hesabı / Katılım Fonları - Yurt İçi Yerleşik,bold,8344,43602,235453,571318,5154922,6013639
2026-06,9,Mevduat Turler Itibariyla,10001,6,"Mevduat Türler İtibarıyla (milyon TL), Dönem:2026/6",milyon TL,raw/2026-06_table09_group10001.json,37071034738c92eb08acdca130f0d54d3899dd832a787c587ab675c80f4e3b16,raw/2026-06_table09_group10001_info.json,d6e67580f477496216530fa589a7948393669615965ead742eb850c0c53a10ff,caption_and_validated_request_info,Sektör,6,a) Gerçek Kişiler,italic,7615,40900,222065,525830,1926543,2722953
2026-06,9,Mevduat Turler Itibariyla,10001,7,"Mevduat Türler İtibarıyla (milyon TL), Dönem:2026/6",milyon TL,raw/2026-06_table09_group10001.json,37071034738c92eb08acdca130f0d54d3899dd832a787c587ab675c80f4e3b16,raw/2026-06_table09_group10001_info.json,d6e67580f477496216530fa589a7948393669615965ead742eb850c0c53a10ff,caption_and_validated_request_info,Sektör,7,b) Resmi Kuruluşlar,italic,3,13,107,344,141611,142078
2026-06,9,Mevduat Turler Itibariyla,10001,8,"Mevduat Türler İtibarıyla (milyon TL), Dönem:2026/6",milyon TL,raw/2026-06_table09_group10001.json,37071034738c92eb08acdca130f0d54d3899dd832a787c587ab675c80f4e3b16,raw/2026-06_table09_group10001_info.json,d6e67580f477496216530fa589a7948393669615965ead742eb850c0c53a10ff,caption_and_validated_request_info,Sektör,8,c) Ticari ve Diğer Kuruluşlar,italic,726,2688,13281,45144,3086768,3148607
2026-06,9,Mevduat Turler Itibariyla,10001,9,"Mevduat Türler İtibarıyla (milyon TL), Dönem:2026/6",milyon TL,raw/2026-06_table09_group10001.json,37071034738c92eb08acdca130f0d54d3899dd832a787c587ab675c80f4e3b16,raw/2026-06_table09_group10001_info.json,d6e67580f477496216530fa589a7948393669615965ead742eb850c0c53a10ff,caption_and_validated_request_info,Sektör,9,Kıymetli Maden Depo Hesapları - Yurt İçi Yerleşik,bold,8439,43122,259849,820793,2989306,4121510
2026-06,9,Mevduat Turler Itibariyla,10001,10,"Mevduat Türler İtibarıyla (milyon TL), Dönem:2026/6",milyon TL,raw/2026-06_table09_group10001.json,37071034738c92eb08acdca130f0d54d3899dd832a787c587ab675c80f4e3b16,raw/2026-06_table09_group10001_info.json,d6e67580f477496216530fa589a7948393669615965ead742eb850c0c53a10ff,caption_and_validated_request_info,Sektör,10,a) Gerçek Kişiler,italic,7656,39121,255621,808084,2604378,3714861
2026-06,9,Mevduat Turler Itibariyla,10001,11,"Mevduat Türler İtibarıyla (milyon TL), Dönem:2026/6",milyon TL,raw/2026-06_table09_group10001.json,37071034738c92eb08acdca130f0d54d3899dd832a787c587ab675c80f4e3b16,raw/2026-06_table09_group10001_info.json,d6e67580f477496216530fa589a7948393669615965ead742eb850c0c53a10ff,caption_and_validated_request_info,Sektör,11,b) Resmi Kuruluşlar,italic,0,1,10,37,312,360
2026-06,9,Mevduat Turler Itibariyla,10001,12,"Mevduat Türler İtibarıyla (milyon TL), Dönem:2026/6",milyon TL,raw/2026-06_table09_group10001.json,37071034738c92eb08acdca130f0d54d3899dd832a787c587ab675c80f4e3b16,raw/2026-06_table09_group10001_info.json,d6e67580f477496216530fa589a7948393669615965ead742eb850c0c53a10ff,caption_and_validated_request_info,Sektör,12,c) Ticari ve Diğer Kuruluşlar,italic,783,4000,4217,12672,384617,406289
2026-06,9,Mevduat Turler Itibariyla,10001,13,"Mevduat Türler İtibarıyla (milyon TL), Dönem:2026/6",milyon TL,raw/2026-06_table09_group10001.json,37071034738c92eb08acdca130f0d54d3899dd832a787c587ab675c80f4e3b16,raw/2026-06_table09_group10001_info.json,d6e67580f477496216530fa589a7948393669615965ead742eb850c0c53a10ff,caption_and_validated_request_info,Sektör,13,Toplam Mevduat - Yurt İçi Yerleşik,bold,142130,458258,1278358,2787798,23560203,28226745
2026-06,9,Mevduat Turler Itibariyla,10001,14,"Mevduat Türler İtibarıyla (milyon TL), Dönem:2026/6",milyon TL,raw/2026-06_table09_group10001.json,37071034738c92eb08acdca130f0d54d3899dd832a787c587ab675c80f4e3b16,raw/2026-06_table09_group10001_info.json,d6e67580f477496216530fa589a7948393669615965ead742eb850c0c53a10ff,caption_and_validated_request_info,Sektör,14,Mudi Sayısı - Yurt İçi Yerleşik*,bold,178345646,18267277,10583558,5237975,2861416,198584618
2026-06,9,Mevduat Turler Itibariyla,10001,15,"Mevduat Türler İtibarıyla (milyon TL), Dönem:2026/6",milyon TL,raw/2026-06_table09_group10001.json,37071034738c92eb08acdca130f0d54d3899dd832a787c587ab675c80f4e3b16,raw/2026-06_table09_group10001_info.json,d6e67580f477496216530fa589a7948393669615965ead742eb850c0c53a10ff,caption_and_validated_request_info,Sektör,15,TP Mevduat / Katılım Fonları - Yurt Dışı Yerleşik,bold,2553,9339,33879,57164,493498,596434
2026-06,9,Mevduat Turler Itibariyla,10001,16,"Mevduat Türler İtibarıyla (milyon TL), Dönem:2026/6",milyon TL,raw/2026-06_table09_group10001.json,37071034738c92eb08acdca130f0d54d3899dd832a787c587ab675c80f4e3b16,raw/2026-06_table09_group10001_info.json,d6e67580f477496216530fa589a7948393669615965ead742eb850c0c53a10ff,caption_and_validated_request_info,Sektör,16,a) Gerçek Kişiler,italic,2513,9172,33259,55788,416232,516963
2026-06,9,Mevduat Turler Itibariyla,10001,17,"Mevduat Türler İtibarıyla (milyon TL), Dönem:2026/6",milyon TL,raw/2026-06_table09_group10001.json,37071034738c92eb08acdca130f0d54d3899dd832a787c587ab675c80f4e3b16,raw/2026-06_table09_group10001_info.json,d6e67580f477496216530fa589a7948393669615965ead742eb850c0c53a10ff,caption_and_validated_request_info,Sektör,17,b) Ticari ve Diğer Kuruluşlar,italic,40,167,621,1376,77266,79471
2026-06,9,Mevduat Turler Itibariyla,10001,18,"Mevduat Türler İtibarıyla (milyon TL), Dönem:2026/6",milyon TL,raw/2026-06_table09_group10001.json,37071034738c92eb08acdca130f0d54d3899dd832a787c587ab675c80f4e3b16,raw/2026-06_table09_group10001_info.json,d6e67580f477496216530fa589a7948393669615965ead742eb850c0c53a10ff,caption_and_validated_request_info,Sektör,18,Döviz Tevdiat Hesabı / Katılım Fonları - Yurt Dışı Yerleşik,bold,3394,4675,26235,94122,1009004,1137430
2026-06,9,Mevduat Turler Itibariyla,10001,19,"Mevduat Türler İtibarıyla (milyon TL), Dönem:2026/6",milyon TL,raw/2026-06_table09_group10001.json,37071034738c92eb08acdca130f0d54d3899dd832a787c587ab675c80f4e3b16,raw/2026-06_table09_group10001_info.json,d6e67580f477496216530fa589a7948393669615965ead742eb850c0c53a10ff,caption_and_validated_request_info,Sektör,19,a) Gerçek Kişiler,italic,3369,4523,25540,91844,698451,823726
2026-06,9,Mevduat Turler Itibariyla,10001,20,"Mevduat Türler İtibarıyla (milyon TL), Dönem:2026/6",milyon TL,raw/2026-06_table09_group10001.json,37071034738c92eb08acdca130f0d54d3899dd832a787c587ab675c80f4e3b16,raw/2026-06_table09_group10001_info.json,d6e67580f477496216530fa589a7948393669615965ead742eb850c0c53a10ff,caption_and_validated_request_info,Sektör,20,b) Ticari ve Diğer Kuruluşlar,italic,25,153,695,2278,310553,313704
2026-06,9,Mevduat Turler Itibariyla,10001,21,"Mevduat Türler İtibarıyla (milyon TL), Dönem:2026/6",milyon TL,raw/2026-06_table09_group10001.json,37071034738c92eb08acdca130f0d54d3899dd832a787c587ab675c80f4e3b16,raw/2026-06_table09_group10001_info.json,d6e67580f477496216530fa589a7948393669615965ead742eb850c0c53a10ff,caption_and_validated_request_info,Sektör,21,Kıymetli Maden Depo Hesapları - Yurt Dışı Yerleşik,bold,164,627,4625,17534,118519,141468
2026-06,9,Mevduat Turler Itibariyla,10001,22,"Mevduat Türler İtibarıyla (milyon TL), Dönem:2026/6",milyon TL,raw/2026-06_table09_group10001.json,37071034738c92eb08acdca130f0d54d3899dd832a787c587ab675c80f4e3b16,raw/2026-06_table09_group10001_info.json,d6e67580f477496216530fa589a7948393669615965ead742eb850c0c53a10ff,caption_and_validated_request_info,Sektör,22,a) Gerçek Kişiler,italic,163,617,4599,17495,111510,134384
2026-06,9,Mevduat Turler Itibariyla,10001,23,"Mevduat Türler İtibarıyla (milyon TL), Dönem:2026/6",milyon TL,raw/2026-06_table09_group10001.json,37071034738c92eb08acdca130f0d54d3899dd832a787c587ab675c80f4e3b16,raw/2026-06_table09_group10001_info.json,d6e67580f477496216530fa589a7948393669615965ead742eb850c0c53a10ff,caption_and_validated_request_info,Sektör,23,b) Ticari ve Diğer Kuruluşlar,italic,1,10,26,39,7009,7085
2026-06,9,Mevduat Turler Itibariyla,10001,24,"Mevduat Türler İtibarıyla (milyon TL), Dönem:2026/6",milyon TL,raw/2026-06_table09_group10001.json,37071034738c92eb08acdca130f0d54d3899dd832a787c587ab675c80f4e3b16,raw/2026-06_table09_group10001_info.json,d6e67580f477496216530fa589a7948393669615965ead742eb850c0c53a10ff,caption_and_validated_request_info,Sektör,24,Toplam Mevduat - Yurt Dışı Yerleşik,bold,6111,14641,64739,168820,1621021,1875333
2026-06,9,Mevduat Turler Itibariyla,10001,25,"Mevduat Türler İtibarıyla (milyon TL), Dönem:2026/6",milyon TL,raw/2026-06_table09_group10001.json,37071034738c92eb08acdca130f0d54d3899dd832a787c587ab675c80f4e3b16,raw/2026-06_table09_group10001_info.json,d6e67580f477496216530fa589a7948393669615965ead742eb850c0c53a10ff,caption_and_validated_request_info,Sektör,25,Mudi Sayısı - Yurt Dışı Yerleşik*,bold,2427930,532983,504672,308594,238698,2976294
2026-06,9,Mevduat Turler Itibariyla,10001,26,"Mevduat Türler İtibarıyla (milyon TL), Dönem:2026/6",milyon TL,raw/2026-06_table09_group10001.json,37071034738c92eb08acdca130f0d54d3899dd832a787c587ab675c80f4e3b16,raw/2026-06_table09_group10001_info.json,d6e67580f477496216530fa589a7948393669615965ead742eb850c0c53a10ff,caption_and_validated_request_info,Sektör,26,Toplam Mevduat,bold,148240,472899,1343097,2956618,25181224,30102078
