series_code,period,period_start,period_end,source_date_label,source_row_index,value,value_raw,is_missing,unix_time,role,reason,series_name_tr,series_name_en,group_code,native_frequency,unit,default_aggregation,source,source_request_file,source_request_sha256,source_response_file,source_response_sha256,missing_kind,coverage_position,is_structural_na,is_unresolved_missing
TP.BKR.TRY.1,2020-01,2020-01-01,2020-01-31,2020-01,1,14.73,14.73000000,False,1577833200,commercial_loan_rate,"Ticari krediler (TL, Stok, %) faiz oranini konut kredisi karsilastirmasina eklemek","Ticari Krediler (TL, Stok, %)","Commercial Loans (TRY) (Stock, %)",bie_kt210a,AYLIK,Ağırlıklı ortalama,avg,"Mevduat, Kalkınma ve Yatırım Bankaları",raw/TP_BKR_TRY_1_2020-01-01_2026-06-30_request.json,0e996dd5939b98e883914ca77e4e973f7a8e3e981d44528557374dff0bb7c806,raw/TP_BKR_TRY_1_2020-01-01_2026-06-30_response.json.gz,ac4473c03028ec45100a7f4c70a11703587421e768ea4acb8b8bf2f2c3f54b89,observed,within_series_coverage,False,False
TP.BKR.TRY.1,2020-02,2020-02-01,2020-02-29,2020-02,2,13.97,13.97000000,False,1580511600,commercial_loan_rate,"Ticari krediler (TL, Stok, %) faiz oranini konut kredisi karsilastirmasina eklemek","Ticari Krediler (TL, Stok, %)","Commercial Loans (TRY) (Stock, %)",bie_kt210a,AYLIK,Ağırlıklı ortalama,avg,"Mevduat, Kalkınma ve Yatırım Bankaları",raw/TP_BKR_TRY_1_2020-01-01_2026-06-30_request.json,0e996dd5939b98e883914ca77e4e973f7a8e3e981d44528557374dff0bb7c806,raw/TP_BKR_TRY_1_2020-01-01_2026-06-30_response.json.gz,ac4473c03028ec45100a7f4c70a11703587421e768ea4acb8b8bf2f2c3f54b89,observed,within_series_coverage,False,False
TP.BKR.TRY.1,2020-03,2020-03-01,2020-03-31,2020-03,3,13.55,13.55000000,False,1583017200,commercial_loan_rate,"Ticari krediler (TL, Stok, %) faiz oranini konut kredisi karsilastirmasina eklemek","Ticari Krediler (TL, Stok, %)","Commercial Loans (TRY) (Stock, %)",bie_kt210a,AYLIK,Ağırlıklı ortalama,avg,"Mevduat, Kalkınma ve Yatırım Bankaları",raw/TP_BKR_TRY_1_2020-01-01_2026-06-30_request.json,0e996dd5939b98e883914ca77e4e973f7a8e3e981d44528557374dff0bb7c806,raw/TP_BKR_TRY_1_2020-01-01_2026-06-30_response.json.gz,ac4473c03028ec45100a7f4c70a11703587421e768ea4acb8b8bf2f2c3f54b89,observed,within_series_coverage,False,False
TP.BKR.TRY.1,2020-04,2020-04-01,2020-04-30,2020-04,4,12.69,12.69000000,False,1585692000,commercial_loan_rate,"Ticari krediler (TL, Stok, %) faiz oranini konut kredisi karsilastirmasina eklemek","Ticari Krediler (TL, Stok, %)","Commercial Loans (TRY) (Stock, %)",bie_kt210a,AYLIK,Ağırlıklı ortalama,avg,"Mevduat, Kalkınma ve Yatırım Bankaları",raw/TP_BKR_TRY_1_2020-01-01_2026-06-30_request.json,0e996dd5939b98e883914ca77e4e973f7a8e3e981d44528557374dff0bb7c806,raw/TP_BKR_TRY_1_2020-01-01_2026-06-30_response.json.gz,ac4473c03028ec45100a7f4c70a11703587421e768ea4acb8b8bf2f2c3f54b89,observed,within_series_coverage,False,False
TP.BKR.TRY.1,2020-05,2020-05-01,2020-05-31,2020-05,5,12.17,12.17000000,False,1588284000,commercial_loan_rate,"Ticari krediler (TL, Stok, %) faiz oranini konut kredisi karsilastirmasina eklemek","Ticari Krediler (TL, Stok, %)","Commercial Loans (TRY) (Stock, %)",bie_kt210a,AYLIK,Ağırlıklı ortalama,avg,"Mevduat, Kalkınma ve Yatırım Bankaları",raw/TP_BKR_TRY_1_2020-01-01_2026-06-30_request.json,0e996dd5939b98e883914ca77e4e973f7a8e3e981d44528557374dff0bb7c806,raw/TP_BKR_TRY_1_2020-01-01_2026-06-30_response.json.gz,ac4473c03028ec45100a7f4c70a11703587421e768ea4acb8b8bf2f2c3f54b89,observed,within_series_coverage,False,False
TP.BKR.TRY.1,2020-06,2020-06-01,2020-06-30,2020-06,6,11.74,11.74000000,False,1590962400,commercial_loan_rate,"Ticari krediler (TL, Stok, %) faiz oranini konut kredisi karsilastirmasina eklemek","Ticari Krediler (TL, Stok, %)","Commercial Loans (TRY) (Stock, %)",bie_kt210a,AYLIK,Ağırlıklı ortalama,avg,"Mevduat, Kalkınma ve Yatırım Bankaları",raw/TP_BKR_TRY_1_2020-01-01_2026-06-30_request.json,0e996dd5939b98e883914ca77e4e973f7a8e3e981d44528557374dff0bb7c806,raw/TP_BKR_TRY_1_2020-01-01_2026-06-30_response.json.gz,ac4473c03028ec45100a7f4c70a11703587421e768ea4acb8b8bf2f2c3f54b89,observed,within_series_coverage,False,False
TP.BKR.TRY.1,2020-07,2020-07-01,2020-07-31,2020-07,7,11.52,11.52000000,False,1593554400,commercial_loan_rate,"Ticari krediler (TL, Stok, %) faiz oranini konut kredisi karsilastirmasina eklemek","Ticari Krediler (TL, Stok, %)","Commercial Loans (TRY) (Stock, %)",bie_kt210a,AYLIK,Ağırlıklı ortalama,avg,"Mevduat, Kalkınma ve Yatırım Bankaları",raw/TP_BKR_TRY_1_2020-01-01_2026-06-30_request.json,0e996dd5939b98e883914ca77e4e973f7a8e3e981d44528557374dff0bb7c806,raw/TP_BKR_TRY_1_2020-01-01_2026-06-30_response.json.gz,ac4473c03028ec45100a7f4c70a11703587421e768ea4acb8b8bf2f2c3f54b89,observed,within_series_coverage,False,False
TP.BKR.TRY.1,2020-08,2020-08-01,2020-08-31,2020-08,8,11.79,11.79000000,False,1596232800,commercial_loan_rate,"Ticari krediler (TL, Stok, %) faiz oranini konut kredisi karsilastirmasina eklemek","Ticari Krediler (TL, Stok, %)","Commercial Loans (TRY) (Stock, %)",bie_kt210a,AYLIK,Ağırlıklı ortalama,avg,"Mevduat, Kalkınma ve Yatırım Bankaları",raw/TP_BKR_TRY_1_2020-01-01_2026-06-30_request.json,0e996dd5939b98e883914ca77e4e973f7a8e3e981d44528557374dff0bb7c806,raw/TP_BKR_TRY_1_2020-01-01_2026-06-30_response.json.gz,ac4473c03028ec45100a7f4c70a11703587421e768ea4acb8b8bf2f2c3f54b89,observed,within_series_coverage,False,False
TP.BKR.TRY.1,2020-09,2020-09-01,2020-09-30,2020-09,9,11.97,11.97000000,False,1598911200,commercial_loan_rate,"Ticari krediler (TL, Stok, %) faiz oranini konut kredisi karsilastirmasina eklemek","Ticari Krediler (TL, Stok, %)","Commercial Loans (TRY) (Stock, %)",bie_kt210a,AYLIK,Ağırlıklı ortalama,avg,"Mevduat, Kalkınma ve Yatırım Bankaları",raw/TP_BKR_TRY_1_2020-01-01_2026-06-30_request.json,0e996dd5939b98e883914ca77e4e973f7a8e3e981d44528557374dff0bb7c806,raw/TP_BKR_TRY_1_2020-01-01_2026-06-30_response.json.gz,ac4473c03028ec45100a7f4c70a11703587421e768ea4acb8b8bf2f2c3f54b89,observed,within_series_coverage,False,False
TP.BKR.TRY.1,2020-10,2020-10-01,2020-10-31,2020-10,10,12.3,12.30000000,False,1601503200,commercial_loan_rate,"Ticari krediler (TL, Stok, %) faiz oranini konut kredisi karsilastirmasina eklemek","Ticari Krediler (TL, Stok, %)","Commercial Loans (TRY) (Stock, %)",bie_kt210a,AYLIK,Ağırlıklı ortalama,avg,"Mevduat, Kalkınma ve Yatırım Bankaları",raw/TP_BKR_TRY_1_2020-01-01_2026-06-30_request.json,0e996dd5939b98e883914ca77e4e973f7a8e3e981d44528557374dff0bb7c806,raw/TP_BKR_TRY_1_2020-01-01_2026-06-30_response.json.gz,ac4473c03028ec45100a7f4c70a11703587421e768ea4acb8b8bf2f2c3f54b89,observed,within_series_coverage,False,False
TP.BKR.TRY.1,2020-11,2020-11-01,2020-11-30,2020-11,11,13.07,13.07000000,False,1604185200,commercial_loan_rate,"Ticari krediler (TL, Stok, %) faiz oranini konut kredisi karsilastirmasina eklemek","Ticari Krediler (TL, Stok, %)","Commercial Loans (TRY) (Stock, %)",bie_kt210a,AYLIK,Ağırlıklı ortalama,avg,"Mevduat, Kalkınma ve Yatırım Bankaları",raw/TP_BKR_TRY_1_2020-01-01_2026-06-30_request.json,0e996dd5939b98e883914ca77e4e973f7a8e3e981d44528557374dff0bb7c806,raw/TP_BKR_TRY_1_2020-01-01_2026-06-30_response.json.gz,ac4473c03028ec45100a7f4c70a11703587421e768ea4acb8b8bf2f2c3f54b89,observed,within_series_coverage,False,False
TP.BKR.TRY.1,2020-12,2020-12-01,2020-12-31,2020-12,12,13.55,13.55000000,False,1606777200,commercial_loan_rate,"Ticari krediler (TL, Stok, %) faiz oranini konut kredisi karsilastirmasina eklemek","Ticari Krediler (TL, Stok, %)","Commercial Loans (TRY) (Stock, %)",bie_kt210a,AYLIK,Ağırlıklı ortalama,avg,"Mevduat, Kalkınma ve Yatırım Bankaları",raw/TP_BKR_TRY_1_2020-01-01_2026-06-30_request.json,0e996dd5939b98e883914ca77e4e973f7a8e3e981d44528557374dff0bb7c806,raw/TP_BKR_TRY_1_2020-01-01_2026-06-30_response.json.gz,ac4473c03028ec45100a7f4c70a11703587421e768ea4acb8b8bf2f2c3f54b89,observed,within_series_coverage,False,False
TP.BKR.TRY.1,2021-01,2021-01-01,2021-01-31,2021-01,13,13.88,13.88000000,False,1609455600,commercial_loan_rate,"Ticari krediler (TL, Stok, %) faiz oranini konut kredisi karsilastirmasina eklemek","Ticari Krediler (TL, Stok, %)","Commercial Loans (TRY) (Stock, %)",bie_kt210a,AYLIK,Ağırlıklı ortalama,avg,"Mevduat, Kalkınma ve Yatırım Bankaları",raw/TP_BKR_TRY_1_2020-01-01_2026-06-30_request.json,0e996dd5939b98e883914ca77e4e973f7a8e3e981d44528557374dff0bb7c806,raw/TP_BKR_TRY_1_2020-01-01_2026-06-30_response.json.gz,ac4473c03028ec45100a7f4c70a11703587421e768ea4acb8b8bf2f2c3f54b89,observed,within_series_coverage,False,False
TP.BKR.TRY.1,2021-02,2021-02-01,2021-02-28,2021-02,14,14.3,14.30000000,False,1612134000,commercial_loan_rate,"Ticari krediler (TL, Stok, %) faiz oranini konut kredisi karsilastirmasina eklemek","Ticari Krediler (TL, Stok, %)","Commercial Loans (TRY) (Stock, %)",bie_kt210a,AYLIK,Ağırlıklı ortalama,avg,"Mevduat, Kalkınma ve Yatırım Bankaları",raw/TP_BKR_TRY_1_2020-01-01_2026-06-30_request.json,0e996dd5939b98e883914ca77e4e973f7a8e3e981d44528557374dff0bb7c806,raw/TP_BKR_TRY_1_2020-01-01_2026-06-30_response.json.gz,ac4473c03028ec45100a7f4c70a11703587421e768ea4acb8b8bf2f2c3f54b89,observed,within_series_coverage,False,False
TP.BKR.TRY.1,2021-03,2021-03-01,2021-03-31,2021-03,15,14.81,14.81000000,False,1614553200,commercial_loan_rate,"Ticari krediler (TL, Stok, %) faiz oranini konut kredisi karsilastirmasina eklemek","Ticari Krediler (TL, Stok, %)","Commercial Loans (TRY) (Stock, %)",bie_kt210a,AYLIK,Ağırlıklı ortalama,avg,"Mevduat, Kalkınma ve Yatırım Bankaları",raw/TP_BKR_TRY_1_2020-01-01_2026-06-30_request.json,0e996dd5939b98e883914ca77e4e973f7a8e3e981d44528557374dff0bb7c806,raw/TP_BKR_TRY_1_2020-01-01_2026-06-30_response.json.gz,ac4473c03028ec45100a7f4c70a11703587421e768ea4acb8b8bf2f2c3f54b89,observed,within_series_coverage,False,False
TP.BKR.TRY.1,2021-04,2021-04-01,2021-04-30,2021-04,16,15.24,15.24000000,False,1617224400,commercial_loan_rate,"Ticari krediler (TL, Stok, %) faiz oranini konut kredisi karsilastirmasina eklemek","Ticari Krediler (TL, Stok, %)","Commercial Loans (TRY) (Stock, %)",bie_kt210a,AYLIK,Ağırlıklı ortalama,avg,"Mevduat, Kalkınma ve Yatırım Bankaları",raw/TP_BKR_TRY_1_2020-01-01_2026-06-30_request.json,0e996dd5939b98e883914ca77e4e973f7a8e3e981d44528557374dff0bb7c806,raw/TP_BKR_TRY_1_2020-01-01_2026-06-30_response.json.gz,ac4473c03028ec45100a7f4c70a11703587421e768ea4acb8b8bf2f2c3f54b89,observed,within_series_coverage,False,False
TP.BKR.TRY.1,2021-05,2021-05-01,2021-05-31,2021-05,17,15.62,15.62000000,False,1619816400,commercial_loan_rate,"Ticari krediler (TL, Stok, %) faiz oranini konut kredisi karsilastirmasina eklemek","Ticari Krediler (TL, Stok, %)","Commercial Loans (TRY) (Stock, %)",bie_kt210a,AYLIK,Ağırlıklı ortalama,avg,"Mevduat, Kalkınma ve Yatırım Bankaları",raw/TP_BKR_TRY_1_2020-01-01_2026-06-30_request.json,0e996dd5939b98e883914ca77e4e973f7a8e3e981d44528557374dff0bb7c806,raw/TP_BKR_TRY_1_2020-01-01_2026-06-30_response.json.gz,ac4473c03028ec45100a7f4c70a11703587421e768ea4acb8b8bf2f2c3f54b89,observed,within_series_coverage,False,False
TP.BKR.TRY.1,2021-06,2021-06-01,2021-06-30,2021-06,18,16.3,16.30000000,False,1622494800,commercial_loan_rate,"Ticari krediler (TL, Stok, %) faiz oranini konut kredisi karsilastirmasina eklemek","Ticari Krediler (TL, Stok, %)","Commercial Loans (TRY) (Stock, %)",bie_kt210a,AYLIK,Ağırlıklı ortalama,avg,"Mevduat, Kalkınma ve Yatırım Bankaları",raw/TP_BKR_TRY_1_2020-01-01_2026-06-30_request.json,0e996dd5939b98e883914ca77e4e973f7a8e3e981d44528557374dff0bb7c806,raw/TP_BKR_TRY_1_2020-01-01_2026-06-30_response.json.gz,ac4473c03028ec45100a7f4c70a11703587421e768ea4acb8b8bf2f2c3f54b89,observed,within_series_coverage,False,False
TP.BKR.TRY.1,2021-07,2021-07-01,2021-07-31,2021-07,19,16.54,16.54000000,False,1625086800,commercial_loan_rate,"Ticari krediler (TL, Stok, %) faiz oranini konut kredisi karsilastirmasina eklemek","Ticari Krediler (TL, Stok, %)","Commercial Loans (TRY) (Stock, %)",bie_kt210a,AYLIK,Ağırlıklı ortalama,avg,"Mevduat, Kalkınma ve Yatırım Bankaları",raw/TP_BKR_TRY_1_2020-01-01_2026-06-30_request.json,0e996dd5939b98e883914ca77e4e973f7a8e3e981d44528557374dff0bb7c806,raw/TP_BKR_TRY_1_2020-01-01_2026-06-30_response.json.gz,ac4473c03028ec45100a7f4c70a11703587421e768ea4acb8b8bf2f2c3f54b89,observed,within_series_coverage,False,False
TP.BKR.TRY.1,2021-08,2021-08-01,2021-08-31,2021-08,20,17.14,17.14000000,False,1627765200,commercial_loan_rate,"Ticari krediler (TL, Stok, %) faiz oranini konut kredisi karsilastirmasina eklemek","Ticari Krediler (TL, Stok, %)","Commercial Loans (TRY) (Stock, %)",bie_kt210a,AYLIK,Ağırlıklı ortalama,avg,"Mevduat, Kalkınma ve Yatırım Bankaları",raw/TP_BKR_TRY_1_2020-01-01_2026-06-30_request.json,0e996dd5939b98e883914ca77e4e973f7a8e3e981d44528557374dff0bb7c806,raw/TP_BKR_TRY_1_2020-01-01_2026-06-30_response.json.gz,ac4473c03028ec45100a7f4c70a11703587421e768ea4acb8b8bf2f2c3f54b89,observed,within_series_coverage,False,False
TP.BKR.TRY.1,2021-09,2021-09-01,2021-09-30,2021-09,21,17.14,17.14000000,False,1630443600,commercial_loan_rate,"Ticari krediler (TL, Stok, %) faiz oranini konut kredisi karsilastirmasina eklemek","Ticari Krediler (TL, Stok, %)","Commercial Loans (TRY) (Stock, %)",bie_kt210a,AYLIK,Ağırlıklı ortalama,avg,"Mevduat, Kalkınma ve Yatırım Bankaları",raw/TP_BKR_TRY_1_2020-01-01_2026-06-30_request.json,0e996dd5939b98e883914ca77e4e973f7a8e3e981d44528557374dff0bb7c806,raw/TP_BKR_TRY_1_2020-01-01_2026-06-30_response.json.gz,ac4473c03028ec45100a7f4c70a11703587421e768ea4acb8b8bf2f2c3f54b89,observed,within_series_coverage,False,False
TP.BKR.TRY.1,2021-10,2021-10-01,2021-10-31,2021-10,22,17.11,17.11000000,False,1633035600,commercial_loan_rate,"Ticari krediler (TL, Stok, %) faiz oranini konut kredisi karsilastirmasina eklemek","Ticari Krediler (TL, Stok, %)","Commercial Loans (TRY) (Stock, %)",bie_kt210a,AYLIK,Ağırlıklı ortalama,avg,"Mevduat, Kalkınma ve Yatırım Bankaları",raw/TP_BKR_TRY_1_2020-01-01_2026-06-30_request.json,0e996dd5939b98e883914ca77e4e973f7a8e3e981d44528557374dff0bb7c806,raw/TP_BKR_TRY_1_2020-01-01_2026-06-30_response.json.gz,ac4473c03028ec45100a7f4c70a11703587421e768ea4acb8b8bf2f2c3f54b89,observed,within_series_coverage,False,False
TP.BKR.TRY.1,2021-11,2021-11-01,2021-11-30,2021-11,23,16.99,16.99000000,False,1635714000,commercial_loan_rate,"Ticari krediler (TL, Stok, %) faiz oranini konut kredisi karsilastirmasina eklemek","Ticari Krediler (TL, Stok, %)","Commercial Loans (TRY) (Stock, %)",bie_kt210a,AYLIK,Ağırlıklı ortalama,avg,"Mevduat, Kalkınma ve Yatırım Bankaları",raw/TP_BKR_TRY_1_2020-01-01_2026-06-30_request.json,0e996dd5939b98e883914ca77e4e973f7a8e3e981d44528557374dff0bb7c806,raw/TP_BKR_TRY_1_2020-01-01_2026-06-30_response.json.gz,ac4473c03028ec45100a7f4c70a11703587421e768ea4acb8b8bf2f2c3f54b89,observed,within_series_coverage,False,False
TP.BKR.TRY.1,2021-12,2021-12-01,2021-12-31,2021-12,24,18.6,18.60000000,False,1638306000,commercial_loan_rate,"Ticari krediler (TL, Stok, %) faiz oranini konut kredisi karsilastirmasina eklemek","Ticari Krediler (TL, Stok, %)","Commercial Loans (TRY) (Stock, %)",bie_kt210a,AYLIK,Ağırlıklı ortalama,avg,"Mevduat, Kalkınma ve Yatırım Bankaları",raw/TP_BKR_TRY_1_2020-01-01_2026-06-30_request.json,0e996dd5939b98e883914ca77e4e973f7a8e3e981d44528557374dff0bb7c806,raw/TP_BKR_TRY_1_2020-01-01_2026-06-30_response.json.gz,ac4473c03028ec45100a7f4c70a11703587421e768ea4acb8b8bf2f2c3f54b89,observed,within_series_coverage,False,False
TP.BKR.TRY.1,2022-01,2022-01-01,2022-01-31,2022-01,25,18.46,18.46000000,False,1640984400,commercial_loan_rate,"Ticari krediler (TL, Stok, %) faiz oranini konut kredisi karsilastirmasina eklemek","Ticari Krediler (TL, Stok, %)","Commercial Loans (TRY) (Stock, %)",bie_kt210a,AYLIK,Ağırlıklı ortalama,avg,"Mevduat, Kalkınma ve Yatırım Bankaları",raw/TP_BKR_TRY_1_2020-01-01_2026-06-30_request.json,0e996dd5939b98e883914ca77e4e973f7a8e3e981d44528557374dff0bb7c806,raw/TP_BKR_TRY_1_2020-01-01_2026-06-30_response.json.gz,ac4473c03028ec45100a7f4c70a11703587421e768ea4acb8b8bf2f2c3f54b89,observed,within_series_coverage,False,False
TP.BKR.TRY.1,2022-02,2022-02-01,2022-02-28,2022-02,26,18.3,18.30000000,False,1643662800,commercial_loan_rate,"Ticari krediler (TL, Stok, %) faiz oranini konut kredisi karsilastirmasina eklemek","Ticari Krediler (TL, Stok, %)","Commercial Loans (TRY) (Stock, %)",bie_kt210a,AYLIK,Ağırlıklı ortalama,avg,"Mevduat, Kalkınma ve Yatırım Bankaları",raw/TP_BKR_TRY_1_2020-01-01_2026-06-30_request.json,0e996dd5939b98e883914ca77e4e973f7a8e3e981d44528557374dff0bb7c806,raw/TP_BKR_TRY_1_2020-01-01_2026-06-30_response.json.gz,ac4473c03028ec45100a7f4c70a11703587421e768ea4acb8b8bf2f2c3f54b89,observed,within_series_coverage,False,False
TP.BKR.TRY.1,2022-03,2022-03-01,2022-03-31,2022-03,27,18.27,18.27000000,False,1646082000,commercial_loan_rate,"Ticari krediler (TL, Stok, %) faiz oranini konut kredisi karsilastirmasina eklemek","Ticari Krediler (TL, Stok, %)","Commercial Loans (TRY) (Stock, %)",bie_kt210a,AYLIK,Ağırlıklı ortalama,avg,"Mevduat, Kalkınma ve Yatırım Bankaları",raw/TP_BKR_TRY_1_2020-01-01_2026-06-30_request.json,0e996dd5939b98e883914ca77e4e973f7a8e3e981d44528557374dff0bb7c806,raw/TP_BKR_TRY_1_2020-01-01_2026-06-30_response.json.gz,ac4473c03028ec45100a7f4c70a11703587421e768ea4acb8b8bf2f2c3f54b89,observed,within_series_coverage,False,False
TP.BKR.TRY.1,2022-04,2022-04-01,2022-04-30,2022-04,28,18.51,18.51000000,False,1648760400,commercial_loan_rate,"Ticari krediler (TL, Stok, %) faiz oranini konut kredisi karsilastirmasina eklemek","Ticari Krediler (TL, Stok, %)","Commercial Loans (TRY) (Stock, %)",bie_kt210a,AYLIK,Ağırlıklı ortalama,avg,"Mevduat, Kalkınma ve Yatırım Bankaları",raw/TP_BKR_TRY_1_2020-01-01_2026-06-30_request.json,0e996dd5939b98e883914ca77e4e973f7a8e3e981d44528557374dff0bb7c806,raw/TP_BKR_TRY_1_2020-01-01_2026-06-30_response.json.gz,ac4473c03028ec45100a7f4c70a11703587421e768ea4acb8b8bf2f2c3f54b89,observed,within_series_coverage,False,False
TP.BKR.TRY.1,2022-05,2022-05-01,2022-05-31,2022-05,29,19.32,19.32000000,False,1651352400,commercial_loan_rate,"Ticari krediler (TL, Stok, %) faiz oranini konut kredisi karsilastirmasina eklemek","Ticari Krediler (TL, Stok, %)","Commercial Loans (TRY) (Stock, %)",bie_kt210a,AYLIK,Ağırlıklı ortalama,avg,"Mevduat, Kalkınma ve Yatırım Bankaları",raw/TP_BKR_TRY_1_2020-01-01_2026-06-30_request.json,0e996dd5939b98e883914ca77e4e973f7a8e3e981d44528557374dff0bb7c806,raw/TP_BKR_TRY_1_2020-01-01_2026-06-30_response.json.gz,ac4473c03028ec45100a7f4c70a11703587421e768ea4acb8b8bf2f2c3f54b89,observed,within_series_coverage,False,False
TP.BKR.TRY.1,2022-06,2022-06-01,2022-06-30,2022-06,30,20.52,20.52000000,False,1654030800,commercial_loan_rate,"Ticari krediler (TL, Stok, %) faiz oranini konut kredisi karsilastirmasina eklemek","Ticari Krediler (TL, Stok, %)","Commercial Loans (TRY) (Stock, %)",bie_kt210a,AYLIK,Ağırlıklı ortalama,avg,"Mevduat, Kalkınma ve Yatırım Bankaları",raw/TP_BKR_TRY_1_2020-01-01_2026-06-30_request.json,0e996dd5939b98e883914ca77e4e973f7a8e3e981d44528557374dff0bb7c806,raw/TP_BKR_TRY_1_2020-01-01_2026-06-30_response.json.gz,ac4473c03028ec45100a7f4c70a11703587421e768ea4acb8b8bf2f2c3f54b89,observed,within_series_coverage,False,False
TP.BKR.TRY.1,2022-07,2022-07-01,2022-07-31,2022-07,31,21.32,21.32000000,False,1656622800,commercial_loan_rate,"Ticari krediler (TL, Stok, %) faiz oranini konut kredisi karsilastirmasina eklemek","Ticari Krediler (TL, Stok, %)","Commercial Loans (TRY) (Stock, %)",bie_kt210a,AYLIK,Ağırlıklı ortalama,avg,"Mevduat, Kalkınma ve Yatırım Bankaları",raw/TP_BKR_TRY_1_2020-01-01_2026-06-30_request.json,0e996dd5939b98e883914ca77e4e973f7a8e3e981d44528557374dff0bb7c806,raw/TP_BKR_TRY_1_2020-01-01_2026-06-30_response.json.gz,ac4473c03028ec45100a7f4c70a11703587421e768ea4acb8b8bf2f2c3f54b89,observed,within_series_coverage,False,False
TP.BKR.TRY.1,2022-08,2022-08-01,2022-08-31,2022-08,32,21.32,21.32000000,False,1659301200,commercial_loan_rate,"Ticari krediler (TL, Stok, %) faiz oranini konut kredisi karsilastirmasina eklemek","Ticari Krediler (TL, Stok, %)","Commercial Loans (TRY) (Stock, %)",bie_kt210a,AYLIK,Ağırlıklı ortalama,avg,"Mevduat, Kalkınma ve Yatırım Bankaları",raw/TP_BKR_TRY_1_2020-01-01_2026-06-30_request.json,0e996dd5939b98e883914ca77e4e973f7a8e3e981d44528557374dff0bb7c806,raw/TP_BKR_TRY_1_2020-01-01_2026-06-30_response.json.gz,ac4473c03028ec45100a7f4c70a11703587421e768ea4acb8b8bf2f2c3f54b89,observed,within_series_coverage,False,False
TP.BKR.TRY.1,2022-09,2022-09-01,2022-09-30,2022-09,33,20.35,20.35000000,False,1661979600,commercial_loan_rate,"Ticari krediler (TL, Stok, %) faiz oranini konut kredisi karsilastirmasina eklemek","Ticari Krediler (TL, Stok, %)","Commercial Loans (TRY) (Stock, %)",bie_kt210a,AYLIK,Ağırlıklı ortalama,avg,"Mevduat, Kalkınma ve Yatırım Bankaları",raw/TP_BKR_TRY_1_2020-01-01_2026-06-30_request.json,0e996dd5939b98e883914ca77e4e973f7a8e3e981d44528557374dff0bb7c806,raw/TP_BKR_TRY_1_2020-01-01_2026-06-30_response.json.gz,ac4473c03028ec45100a7f4c70a11703587421e768ea4acb8b8bf2f2c3f54b89,observed,within_series_coverage,False,False
TP.BKR.TRY.1,2022-10,2022-10-01,2022-10-31,2022-10,34,19.68,19.68000000,False,1664571600,commercial_loan_rate,"Ticari krediler (TL, Stok, %) faiz oranini konut kredisi karsilastirmasina eklemek","Ticari Krediler (TL, Stok, %)","Commercial Loans (TRY) (Stock, %)",bie_kt210a,AYLIK,Ağırlıklı ortalama,avg,"Mevduat, Kalkınma ve Yatırım Bankaları",raw/TP_BKR_TRY_1_2020-01-01_2026-06-30_request.json,0e996dd5939b98e883914ca77e4e973f7a8e3e981d44528557374dff0bb7c806,raw/TP_BKR_TRY_1_2020-01-01_2026-06-30_response.json.gz,ac4473c03028ec45100a7f4c70a11703587421e768ea4acb8b8bf2f2c3f54b89,observed,within_series_coverage,False,False
TP.BKR.TRY.1,2022-11,2022-11-01,2022-11-30,2022-11,35,18.72,18.72000000,False,1667250000,commercial_loan_rate,"Ticari krediler (TL, Stok, %) faiz oranini konut kredisi karsilastirmasina eklemek","Ticari Krediler (TL, Stok, %)","Commercial Loans (TRY) (Stock, %)",bie_kt210a,AYLIK,Ağırlıklı ortalama,avg,"Mevduat, Kalkınma ve Yatırım Bankaları",raw/TP_BKR_TRY_1_2020-01-01_2026-06-30_request.json,0e996dd5939b98e883914ca77e4e973f7a8e3e981d44528557374dff0bb7c806,raw/TP_BKR_TRY_1_2020-01-01_2026-06-30_response.json.gz,ac4473c03028ec45100a7f4c70a11703587421e768ea4acb8b8bf2f2c3f54b89,observed,within_series_coverage,False,False
TP.BKR.TRY.1,2022-12,2022-12-01,2022-12-31,2022-12,36,17.42,17.42000000,False,1669842000,commercial_loan_rate,"Ticari krediler (TL, Stok, %) faiz oranini konut kredisi karsilastirmasina eklemek","Ticari Krediler (TL, Stok, %)","Commercial Loans (TRY) (Stock, %)",bie_kt210a,AYLIK,Ağırlıklı ortalama,avg,"Mevduat, Kalkınma ve Yatırım Bankaları",raw/TP_BKR_TRY_1_2020-01-01_2026-06-30_request.json,0e996dd5939b98e883914ca77e4e973f7a8e3e981d44528557374dff0bb7c806,raw/TP_BKR_TRY_1_2020-01-01_2026-06-30_response.json.gz,ac4473c03028ec45100a7f4c70a11703587421e768ea4acb8b8bf2f2c3f54b89,observed,within_series_coverage,False,False
TP.BKR.TRY.1,2023-01,2023-01-01,2023-01-31,2023-01,37,16.73,16.73000000,False,1672520400,commercial_loan_rate,"Ticari krediler (TL, Stok, %) faiz oranini konut kredisi karsilastirmasina eklemek","Ticari Krediler (TL, Stok, %)","Commercial Loans (TRY) (Stock, %)",bie_kt210a,AYLIK,Ağırlıklı ortalama,avg,"Mevduat, Kalkınma ve Yatırım Bankaları",raw/TP_BKR_TRY_1_2020-01-01_2026-06-30_request.json,0e996dd5939b98e883914ca77e4e973f7a8e3e981d44528557374dff0bb7c806,raw/TP_BKR_TRY_1_2020-01-01_2026-06-30_response.json.gz,ac4473c03028ec45100a7f4c70a11703587421e768ea4acb8b8bf2f2c3f54b89,observed,within_series_coverage,False,False
TP.BKR.TRY.1,2023-02,2023-02-01,2023-02-28,2023-02,38,15.95,15.95000000,False,1675198800,commercial_loan_rate,"Ticari krediler (TL, Stok, %) faiz oranini konut kredisi karsilastirmasina eklemek","Ticari Krediler (TL, Stok, %)","Commercial Loans (TRY) (Stock, %)",bie_kt210a,AYLIK,Ağırlıklı ortalama,avg,"Mevduat, Kalkınma ve Yatırım Bankaları",raw/TP_BKR_TRY_1_2020-01-01_2026-06-30_request.json,0e996dd5939b98e883914ca77e4e973f7a8e3e981d44528557374dff0bb7c806,raw/TP_BKR_TRY_1_2020-01-01_2026-06-30_response.json.gz,ac4473c03028ec45100a7f4c70a11703587421e768ea4acb8b8bf2f2c3f54b89,observed,within_series_coverage,False,False
TP.BKR.TRY.1,2023-03,2023-03-01,2023-03-31,2023-03,39,15.76,15.76000000,False,1677618000,commercial_loan_rate,"Ticari krediler (TL, Stok, %) faiz oranini konut kredisi karsilastirmasina eklemek","Ticari Krediler (TL, Stok, %)","Commercial Loans (TRY) (Stock, %)",bie_kt210a,AYLIK,Ağırlıklı ortalama,avg,"Mevduat, Kalkınma ve Yatırım Bankaları",raw/TP_BKR_TRY_1_2020-01-01_2026-06-30_request.json,0e996dd5939b98e883914ca77e4e973f7a8e3e981d44528557374dff0bb7c806,raw/TP_BKR_TRY_1_2020-01-01_2026-06-30_response.json.gz,ac4473c03028ec45100a7f4c70a11703587421e768ea4acb8b8bf2f2c3f54b89,observed,within_series_coverage,False,False
TP.BKR.TRY.1,2023-04,2023-04-01,2023-04-30,2023-04,40,15.59,15.59000000,False,1680296400,commercial_loan_rate,"Ticari krediler (TL, Stok, %) faiz oranini konut kredisi karsilastirmasina eklemek","Ticari Krediler (TL, Stok, %)","Commercial Loans (TRY) (Stock, %)",bie_kt210a,AYLIK,Ağırlıklı ortalama,avg,"Mevduat, Kalkınma ve Yatırım Bankaları",raw/TP_BKR_TRY_1_2020-01-01_2026-06-30_request.json,0e996dd5939b98e883914ca77e4e973f7a8e3e981d44528557374dff0bb7c806,raw/TP_BKR_TRY_1_2020-01-01_2026-06-30_response.json.gz,ac4473c03028ec45100a7f4c70a11703587421e768ea4acb8b8bf2f2c3f54b89,observed,within_series_coverage,False,False
TP.BKR.TRY.1,2023-05,2023-05-01,2023-05-31,2023-05,41,15.51,15.51000000,False,1682888400,commercial_loan_rate,"Ticari krediler (TL, Stok, %) faiz oranini konut kredisi karsilastirmasina eklemek","Ticari Krediler (TL, Stok, %)","Commercial Loans (TRY) (Stock, %)",bie_kt210a,AYLIK,Ağırlıklı ortalama,avg,"Mevduat, Kalkınma ve Yatırım Bankaları",raw/TP_BKR_TRY_1_2020-01-01_2026-06-30_request.json,0e996dd5939b98e883914ca77e4e973f7a8e3e981d44528557374dff0bb7c806,raw/TP_BKR_TRY_1_2020-01-01_2026-06-30_response.json.gz,ac4473c03028ec45100a7f4c70a11703587421e768ea4acb8b8bf2f2c3f54b89,observed,within_series_coverage,False,False
TP.BKR.TRY.1,2023-06,2023-06-01,2023-06-30,2023-06,42,15.89,15.89000000,False,1685566800,commercial_loan_rate,"Ticari krediler (TL, Stok, %) faiz oranini konut kredisi karsilastirmasina eklemek","Ticari Krediler (TL, Stok, %)","Commercial Loans (TRY) (Stock, %)",bie_kt210a,AYLIK,Ağırlıklı ortalama,avg,"Mevduat, Kalkınma ve Yatırım Bankaları",raw/TP_BKR_TRY_1_2020-01-01_2026-06-30_request.json,0e996dd5939b98e883914ca77e4e973f7a8e3e981d44528557374dff0bb7c806,raw/TP_BKR_TRY_1_2020-01-01_2026-06-30_response.json.gz,ac4473c03028ec45100a7f4c70a11703587421e768ea4acb8b8bf2f2c3f54b89,observed,within_series_coverage,False,False
TP.BKR.TRY.1,2023-07,2023-07-01,2023-07-31,2023-07,43,18.9,18.90000000,False,1688158800,commercial_loan_rate,"Ticari krediler (TL, Stok, %) faiz oranini konut kredisi karsilastirmasina eklemek","Ticari Krediler (TL, Stok, %)","Commercial Loans (TRY) (Stock, %)",bie_kt210a,AYLIK,Ağırlıklı ortalama,avg,"Mevduat, Kalkınma ve Yatırım Bankaları",raw/TP_BKR_TRY_1_2020-01-01_2026-06-30_request.json,0e996dd5939b98e883914ca77e4e973f7a8e3e981d44528557374dff0bb7c806,raw/TP_BKR_TRY_1_2020-01-01_2026-06-30_response.json.gz,ac4473c03028ec45100a7f4c70a11703587421e768ea4acb8b8bf2f2c3f54b89,observed,within_series_coverage,False,False
TP.BKR.TRY.1,2023-08,2023-08-01,2023-08-31,2023-08,44,22.89,22.89000000,False,1690837200,commercial_loan_rate,"Ticari krediler (TL, Stok, %) faiz oranini konut kredisi karsilastirmasina eklemek","Ticari Krediler (TL, Stok, %)","Commercial Loans (TRY) (Stock, %)",bie_kt210a,AYLIK,Ağırlıklı ortalama,avg,"Mevduat, Kalkınma ve Yatırım Bankaları",raw/TP_BKR_TRY_1_2020-01-01_2026-06-30_request.json,0e996dd5939b98e883914ca77e4e973f7a8e3e981d44528557374dff0bb7c806,raw/TP_BKR_TRY_1_2020-01-01_2026-06-30_response.json.gz,ac4473c03028ec45100a7f4c70a11703587421e768ea4acb8b8bf2f2c3f54b89,observed,within_series_coverage,False,False
TP.BKR.TRY.1,2023-09,2023-09-01,2023-09-30,2023-09,45,29.26,29.26000000,False,1693515600,commercial_loan_rate,"Ticari krediler (TL, Stok, %) faiz oranini konut kredisi karsilastirmasina eklemek","Ticari Krediler (TL, Stok, %)","Commercial Loans (TRY) (Stock, %)",bie_kt210a,AYLIK,Ağırlıklı ortalama,avg,"Mevduat, Kalkınma ve Yatırım Bankaları",raw/TP_BKR_TRY_1_2020-01-01_2026-06-30_request.json,0e996dd5939b98e883914ca77e4e973f7a8e3e981d44528557374dff0bb7c806,raw/TP_BKR_TRY_1_2020-01-01_2026-06-30_response.json.gz,ac4473c03028ec45100a7f4c70a11703587421e768ea4acb8b8bf2f2c3f54b89,observed,within_series_coverage,False,False
TP.BKR.TRY.1,2023-10,2023-10-01,2023-10-31,2023-10,46,33.76,33.76000000,False,1696107600,commercial_loan_rate,"Ticari krediler (TL, Stok, %) faiz oranini konut kredisi karsilastirmasina eklemek","Ticari Krediler (TL, Stok, %)","Commercial Loans (TRY) (Stock, %)",bie_kt210a,AYLIK,Ağırlıklı ortalama,avg,"Mevduat, Kalkınma ve Yatırım Bankaları",raw/TP_BKR_TRY_1_2020-01-01_2026-06-30_request.json,0e996dd5939b98e883914ca77e4e973f7a8e3e981d44528557374dff0bb7c806,raw/TP_BKR_TRY_1_2020-01-01_2026-06-30_response.json.gz,ac4473c03028ec45100a7f4c70a11703587421e768ea4acb8b8bf2f2c3f54b89,observed,within_series_coverage,False,False
TP.BKR.TRY.1,2023-11,2023-11-01,2023-11-30,2023-11,47,38.03,38.03000000,False,1698786000,commercial_loan_rate,"Ticari krediler (TL, Stok, %) faiz oranini konut kredisi karsilastirmasina eklemek","Ticari Krediler (TL, Stok, %)","Commercial Loans (TRY) (Stock, %)",bie_kt210a,AYLIK,Ağırlıklı ortalama,avg,"Mevduat, Kalkınma ve Yatırım Bankaları",raw/TP_BKR_TRY_1_2020-01-01_2026-06-30_request.json,0e996dd5939b98e883914ca77e4e973f7a8e3e981d44528557374dff0bb7c806,raw/TP_BKR_TRY_1_2020-01-01_2026-06-30_response.json.gz,ac4473c03028ec45100a7f4c70a11703587421e768ea4acb8b8bf2f2c3f54b89,observed,within_series_coverage,False,False
TP.BKR.TRY.1,2023-12,2023-12-01,2023-12-31,2023-12,48,40.61,40.61000000,False,1701378000,commercial_loan_rate,"Ticari krediler (TL, Stok, %) faiz oranini konut kredisi karsilastirmasina eklemek","Ticari Krediler (TL, Stok, %)","Commercial Loans (TRY) (Stock, %)",bie_kt210a,AYLIK,Ağırlıklı ortalama,avg,"Mevduat, Kalkınma ve Yatırım Bankaları",raw/TP_BKR_TRY_1_2020-01-01_2026-06-30_request.json,0e996dd5939b98e883914ca77e4e973f7a8e3e981d44528557374dff0bb7c806,raw/TP_BKR_TRY_1_2020-01-01_2026-06-30_response.json.gz,ac4473c03028ec45100a7f4c70a11703587421e768ea4acb8b8bf2f2c3f54b89,observed,within_series_coverage,False,False
TP.BKR.TRY.1,2024-01,2024-01-01,2024-01-31,2024-01,49,42.53,42.53000000,False,1704056400,commercial_loan_rate,"Ticari krediler (TL, Stok, %) faiz oranini konut kredisi karsilastirmasina eklemek","Ticari Krediler (TL, Stok, %)","Commercial Loans (TRY) (Stock, %)",bie_kt210a,AYLIK,Ağırlıklı ortalama,avg,"Mevduat, Kalkınma ve Yatırım Bankaları",raw/TP_BKR_TRY_1_2020-01-01_2026-06-30_request.json,0e996dd5939b98e883914ca77e4e973f7a8e3e981d44528557374dff0bb7c806,raw/TP_BKR_TRY_1_2020-01-01_2026-06-30_response.json.gz,ac4473c03028ec45100a7f4c70a11703587421e768ea4acb8b8bf2f2c3f54b89,observed,within_series_coverage,False,False
TP.BKR.TRY.1,2024-02,2024-02-01,2024-02-29,2024-02,50,44.09,44.09000000,False,1706734800,commercial_loan_rate,"Ticari krediler (TL, Stok, %) faiz oranini konut kredisi karsilastirmasina eklemek","Ticari Krediler (TL, Stok, %)","Commercial Loans (TRY) (Stock, %)",bie_kt210a,AYLIK,Ağırlıklı ortalama,avg,"Mevduat, Kalkınma ve Yatırım Bankaları",raw/TP_BKR_TRY_1_2020-01-01_2026-06-30_request.json,0e996dd5939b98e883914ca77e4e973f7a8e3e981d44528557374dff0bb7c806,raw/TP_BKR_TRY_1_2020-01-01_2026-06-30_response.json.gz,ac4473c03028ec45100a7f4c70a11703587421e768ea4acb8b8bf2f2c3f54b89,observed,within_series_coverage,False,False
TP.BKR.TRY.1,2024-03,2024-03-01,2024-03-31,2024-03,51,47.9,47.90000000,False,1709240400,commercial_loan_rate,"Ticari krediler (TL, Stok, %) faiz oranini konut kredisi karsilastirmasina eklemek","Ticari Krediler (TL, Stok, %)","Commercial Loans (TRY) (Stock, %)",bie_kt210a,AYLIK,Ağırlıklı ortalama,avg,"Mevduat, Kalkınma ve Yatırım Bankaları",raw/TP_BKR_TRY_1_2020-01-01_2026-06-30_request.json,0e996dd5939b98e883914ca77e4e973f7a8e3e981d44528557374dff0bb7c806,raw/TP_BKR_TRY_1_2020-01-01_2026-06-30_response.json.gz,ac4473c03028ec45100a7f4c70a11703587421e768ea4acb8b8bf2f2c3f54b89,observed,within_series_coverage,False,False
TP.BKR.TRY.1,2024-04,2024-04-01,2024-04-30,2024-04,52,49.86,49.86000000,False,1711918800,commercial_loan_rate,"Ticari krediler (TL, Stok, %) faiz oranini konut kredisi karsilastirmasina eklemek","Ticari Krediler (TL, Stok, %)","Commercial Loans (TRY) (Stock, %)",bie_kt210a,AYLIK,Ağırlıklı ortalama,avg,"Mevduat, Kalkınma ve Yatırım Bankaları",raw/TP_BKR_TRY_1_2020-01-01_2026-06-30_request.json,0e996dd5939b98e883914ca77e4e973f7a8e3e981d44528557374dff0bb7c806,raw/TP_BKR_TRY_1_2020-01-01_2026-06-30_response.json.gz,ac4473c03028ec45100a7f4c70a11703587421e768ea4acb8b8bf2f2c3f54b89,observed,within_series_coverage,False,False
TP.BKR.TRY.1,2024-05,2024-05-01,2024-05-31,2024-05,53,50.89,50.89000000,False,1714510800,commercial_loan_rate,"Ticari krediler (TL, Stok, %) faiz oranini konut kredisi karsilastirmasina eklemek","Ticari Krediler (TL, Stok, %)","Commercial Loans (TRY) (Stock, %)",bie_kt210a,AYLIK,Ağırlıklı ortalama,avg,"Mevduat, Kalkınma ve Yatırım Bankaları",raw/TP_BKR_TRY_1_2020-01-01_2026-06-30_request.json,0e996dd5939b98e883914ca77e4e973f7a8e3e981d44528557374dff0bb7c806,raw/TP_BKR_TRY_1_2020-01-01_2026-06-30_response.json.gz,ac4473c03028ec45100a7f4c70a11703587421e768ea4acb8b8bf2f2c3f54b89,observed,within_series_coverage,False,False
TP.BKR.TRY.1,2024-06,2024-06-01,2024-06-30,2024-06,54,51.43,51.43000000,False,1717189200,commercial_loan_rate,"Ticari krediler (TL, Stok, %) faiz oranini konut kredisi karsilastirmasina eklemek","Ticari Krediler (TL, Stok, %)","Commercial Loans (TRY) (Stock, %)",bie_kt210a,AYLIK,Ağırlıklı ortalama,avg,"Mevduat, Kalkınma ve Yatırım Bankaları",raw/TP_BKR_TRY_1_2020-01-01_2026-06-30_request.json,0e996dd5939b98e883914ca77e4e973f7a8e3e981d44528557374dff0bb7c806,raw/TP_BKR_TRY_1_2020-01-01_2026-06-30_response.json.gz,ac4473c03028ec45100a7f4c70a11703587421e768ea4acb8b8bf2f2c3f54b89,observed,within_series_coverage,False,False
TP.BKR.TRY.1,2024-07,2024-07-01,2024-07-31,2024-07,55,51.57,51.57000000,False,1719781200,commercial_loan_rate,"Ticari krediler (TL, Stok, %) faiz oranini konut kredisi karsilastirmasina eklemek","Ticari Krediler (TL, Stok, %)","Commercial Loans (TRY) (Stock, %)",bie_kt210a,AYLIK,Ağırlıklı ortalama,avg,"Mevduat, Kalkınma ve Yatırım Bankaları",raw/TP_BKR_TRY_1_2020-01-01_2026-06-30_request.json,0e996dd5939b98e883914ca77e4e973f7a8e3e981d44528557374dff0bb7c806,raw/TP_BKR_TRY_1_2020-01-01_2026-06-30_response.json.gz,ac4473c03028ec45100a7f4c70a11703587421e768ea4acb8b8bf2f2c3f54b89,observed,within_series_coverage,False,False
TP.BKR.TRY.1,2024-08,2024-08-01,2024-08-31,2024-08,56,51.74,51.74000000,False,1722459600,commercial_loan_rate,"Ticari krediler (TL, Stok, %) faiz oranini konut kredisi karsilastirmasina eklemek","Ticari Krediler (TL, Stok, %)","Commercial Loans (TRY) (Stock, %)",bie_kt210a,AYLIK,Ağırlıklı ortalama,avg,"Mevduat, Kalkınma ve Yatırım Bankaları",raw/TP_BKR_TRY_1_2020-01-01_2026-06-30_request.json,0e996dd5939b98e883914ca77e4e973f7a8e3e981d44528557374dff0bb7c806,raw/TP_BKR_TRY_1_2020-01-01_2026-06-30_response.json.gz,ac4473c03028ec45100a7f4c70a11703587421e768ea4acb8b8bf2f2c3f54b89,observed,within_series_coverage,False,False
TP.BKR.TRY.1,2024-09,2024-09-01,2024-09-30,2024-09,57,51.94,51.94000000,False,1725138000,commercial_loan_rate,"Ticari krediler (TL, Stok, %) faiz oranini konut kredisi karsilastirmasina eklemek","Ticari Krediler (TL, Stok, %)","Commercial Loans (TRY) (Stock, %)",bie_kt210a,AYLIK,Ağırlıklı ortalama,avg,"Mevduat, Kalkınma ve Yatırım Bankaları",raw/TP_BKR_TRY_1_2020-01-01_2026-06-30_request.json,0e996dd5939b98e883914ca77e4e973f7a8e3e981d44528557374dff0bb7c806,raw/TP_BKR_TRY_1_2020-01-01_2026-06-30_response.json.gz,ac4473c03028ec45100a7f4c70a11703587421e768ea4acb8b8bf2f2c3f54b89,observed,within_series_coverage,False,False
TP.BKR.TRY.1,2024-10,2024-10-01,2024-10-31,2024-10,58,51.9,51.90000000,False,1727730000,commercial_loan_rate,"Ticari krediler (TL, Stok, %) faiz oranini konut kredisi karsilastirmasina eklemek","Ticari Krediler (TL, Stok, %)","Commercial Loans (TRY) (Stock, %)",bie_kt210a,AYLIK,Ağırlıklı ortalama,avg,"Mevduat, Kalkınma ve Yatırım Bankaları",raw/TP_BKR_TRY_1_2020-01-01_2026-06-30_request.json,0e996dd5939b98e883914ca77e4e973f7a8e3e981d44528557374dff0bb7c806,raw/TP_BKR_TRY_1_2020-01-01_2026-06-30_response.json.gz,ac4473c03028ec45100a7f4c70a11703587421e768ea4acb8b8bf2f2c3f54b89,observed,within_series_coverage,False,False
TP.BKR.TRY.1,2024-11,2024-11-01,2024-11-30,2024-11,59,51.97,51.97000000,False,1730408400,commercial_loan_rate,"Ticari krediler (TL, Stok, %) faiz oranini konut kredisi karsilastirmasina eklemek","Ticari Krediler (TL, Stok, %)","Commercial Loans (TRY) (Stock, %)",bie_kt210a,AYLIK,Ağırlıklı ortalama,avg,"Mevduat, Kalkınma ve Yatırım Bankaları",raw/TP_BKR_TRY_1_2020-01-01_2026-06-30_request.json,0e996dd5939b98e883914ca77e4e973f7a8e3e981d44528557374dff0bb7c806,raw/TP_BKR_TRY_1_2020-01-01_2026-06-30_response.json.gz,ac4473c03028ec45100a7f4c70a11703587421e768ea4acb8b8bf2f2c3f54b89,observed,within_series_coverage,False,False
TP.BKR.TRY.1,2024-12,2024-12-01,2024-12-31,2024-12,60,51.02,51.02000000,False,1733000400,commercial_loan_rate,"Ticari krediler (TL, Stok, %) faiz oranini konut kredisi karsilastirmasina eklemek","Ticari Krediler (TL, Stok, %)","Commercial Loans (TRY) (Stock, %)",bie_kt210a,AYLIK,Ağırlıklı ortalama,avg,"Mevduat, Kalkınma ve Yatırım Bankaları",raw/TP_BKR_TRY_1_2020-01-01_2026-06-30_request.json,0e996dd5939b98e883914ca77e4e973f7a8e3e981d44528557374dff0bb7c806,raw/TP_BKR_TRY_1_2020-01-01_2026-06-30_response.json.gz,ac4473c03028ec45100a7f4c70a11703587421e768ea4acb8b8bf2f2c3f54b89,observed,within_series_coverage,False,False
TP.BKR.TRY.1,2025-01,2025-01-01,2025-01-31,2025-01,61,50.3,50.30000000,False,1735678800,commercial_loan_rate,"Ticari krediler (TL, Stok, %) faiz oranini konut kredisi karsilastirmasina eklemek","Ticari Krediler (TL, Stok, %)","Commercial Loans (TRY) (Stock, %)",bie_kt210a,AYLIK,Ağırlıklı ortalama,avg,"Mevduat, Kalkınma ve Yatırım Bankaları",raw/TP_BKR_TRY_1_2020-01-01_2026-06-30_request.json,0e996dd5939b98e883914ca77e4e973f7a8e3e981d44528557374dff0bb7c806,raw/TP_BKR_TRY_1_2020-01-01_2026-06-30_response.json.gz,ac4473c03028ec45100a7f4c70a11703587421e768ea4acb8b8bf2f2c3f54b89,observed,within_series_coverage,False,False
TP.BKR.TRY.1,2025-02,2025-02-01,2025-02-28,2025-02,62,50.44,50.44000000,False,1738357200,commercial_loan_rate,"Ticari krediler (TL, Stok, %) faiz oranini konut kredisi karsilastirmasina eklemek","Ticari Krediler (TL, Stok, %)","Commercial Loans (TRY) (Stock, %)",bie_kt210a,AYLIK,Ağırlıklı ortalama,avg,"Mevduat, Kalkınma ve Yatırım Bankaları",raw/TP_BKR_TRY_1_2020-01-01_2026-06-30_request.json,0e996dd5939b98e883914ca77e4e973f7a8e3e981d44528557374dff0bb7c806,raw/TP_BKR_TRY_1_2020-01-01_2026-06-30_response.json.gz,ac4473c03028ec45100a7f4c70a11703587421e768ea4acb8b8bf2f2c3f54b89,observed,within_series_coverage,False,False
TP.BKR.TRY.1,2025-03,2025-03-01,2025-03-31,2025-03,63,50.26,50.26000000,False,1740776400,commercial_loan_rate,"Ticari krediler (TL, Stok, %) faiz oranini konut kredisi karsilastirmasina eklemek","Ticari Krediler (TL, Stok, %)","Commercial Loans (TRY) (Stock, %)",bie_kt210a,AYLIK,Ağırlıklı ortalama,avg,"Mevduat, Kalkınma ve Yatırım Bankaları",raw/TP_BKR_TRY_1_2020-01-01_2026-06-30_request.json,0e996dd5939b98e883914ca77e4e973f7a8e3e981d44528557374dff0bb7c806,raw/TP_BKR_TRY_1_2020-01-01_2026-06-30_response.json.gz,ac4473c03028ec45100a7f4c70a11703587421e768ea4acb8b8bf2f2c3f54b89,observed,within_series_coverage,False,False
TP.BKR.TRY.1,2025-04,2025-04-01,2025-04-30,2025-04,64,51.15,51.15000000,False,1743454800,commercial_loan_rate,"Ticari krediler (TL, Stok, %) faiz oranini konut kredisi karsilastirmasina eklemek","Ticari Krediler (TL, Stok, %)","Commercial Loans (TRY) (Stock, %)",bie_kt210a,AYLIK,Ağırlıklı ortalama,avg,"Mevduat, Kalkınma ve Yatırım Bankaları",raw/TP_BKR_TRY_1_2020-01-01_2026-06-30_request.json,0e996dd5939b98e883914ca77e4e973f7a8e3e981d44528557374dff0bb7c806,raw/TP_BKR_TRY_1_2020-01-01_2026-06-30_response.json.gz,ac4473c03028ec45100a7f4c70a11703587421e768ea4acb8b8bf2f2c3f54b89,observed,within_series_coverage,False,False
TP.BKR.TRY.1,2025-05,2025-05-01,2025-05-31,2025-05,65,51.74,51.74000000,False,1746046800,commercial_loan_rate,"Ticari krediler (TL, Stok, %) faiz oranini konut kredisi karsilastirmasina eklemek","Ticari Krediler (TL, Stok, %)","Commercial Loans (TRY) (Stock, %)",bie_kt210a,AYLIK,Ağırlıklı ortalama,avg,"Mevduat, Kalkınma ve Yatırım Bankaları",raw/TP_BKR_TRY_1_2020-01-01_2026-06-30_request.json,0e996dd5939b98e883914ca77e4e973f7a8e3e981d44528557374dff0bb7c806,raw/TP_BKR_TRY_1_2020-01-01_2026-06-30_response.json.gz,ac4473c03028ec45100a7f4c70a11703587421e768ea4acb8b8bf2f2c3f54b89,observed,within_series_coverage,False,False
TP.BKR.TRY.1,2025-06,2025-06-01,2025-06-30,2025-06,66,51.97,51.97000000,False,1748725200,commercial_loan_rate,"Ticari krediler (TL, Stok, %) faiz oranini konut kredisi karsilastirmasina eklemek","Ticari Krediler (TL, Stok, %)","Commercial Loans (TRY) (Stock, %)",bie_kt210a,AYLIK,Ağırlıklı ortalama,avg,"Mevduat, Kalkınma ve Yatırım Bankaları",raw/TP_BKR_TRY_1_2020-01-01_2026-06-30_request.json,0e996dd5939b98e883914ca77e4e973f7a8e3e981d44528557374dff0bb7c806,raw/TP_BKR_TRY_1_2020-01-01_2026-06-30_response.json.gz,ac4473c03028ec45100a7f4c70a11703587421e768ea4acb8b8bf2f2c3f54b89,observed,within_series_coverage,False,False
TP.BKR.TRY.1,2025-07,2025-07-01,2025-07-31,2025-07,67,51.05,51.05000000,False,1751317200,commercial_loan_rate,"Ticari krediler (TL, Stok, %) faiz oranini konut kredisi karsilastirmasina eklemek","Ticari Krediler (TL, Stok, %)","Commercial Loans (TRY) (Stock, %)",bie_kt210a,AYLIK,Ağırlıklı ortalama,avg,"Mevduat, Kalkınma ve Yatırım Bankaları",raw/TP_BKR_TRY_1_2020-01-01_2026-06-30_request.json,0e996dd5939b98e883914ca77e4e973f7a8e3e981d44528557374dff0bb7c806,raw/TP_BKR_TRY_1_2020-01-01_2026-06-30_response.json.gz,ac4473c03028ec45100a7f4c70a11703587421e768ea4acb8b8bf2f2c3f54b89,observed,within_series_coverage,False,False
TP.BKR.TRY.1,2025-08,2025-08-01,2025-08-31,2025-08,68,50.08,50.08000000,False,1753995600,commercial_loan_rate,"Ticari krediler (TL, Stok, %) faiz oranini konut kredisi karsilastirmasina eklemek","Ticari Krediler (TL, Stok, %)","Commercial Loans (TRY) (Stock, %)",bie_kt210a,AYLIK,Ağırlıklı ortalama,avg,"Mevduat, Kalkınma ve Yatırım Bankaları",raw/TP_BKR_TRY_1_2020-01-01_2026-06-30_request.json,0e996dd5939b98e883914ca77e4e973f7a8e3e981d44528557374dff0bb7c806,raw/TP_BKR_TRY_1_2020-01-01_2026-06-30_response.json.gz,ac4473c03028ec45100a7f4c70a11703587421e768ea4acb8b8bf2f2c3f54b89,observed,within_series_coverage,False,False
TP.BKR.TRY.1,2025-09,2025-09-01,2025-09-30,2025-09,69,49.2,49.20000000,False,1756674000,commercial_loan_rate,"Ticari krediler (TL, Stok, %) faiz oranini konut kredisi karsilastirmasina eklemek","Ticari Krediler (TL, Stok, %)","Commercial Loans (TRY) (Stock, %)",bie_kt210a,AYLIK,Ağırlıklı ortalama,avg,"Mevduat, Kalkınma ve Yatırım Bankaları",raw/TP_BKR_TRY_1_2020-01-01_2026-06-30_request.json,0e996dd5939b98e883914ca77e4e973f7a8e3e981d44528557374dff0bb7c806,raw/TP_BKR_TRY_1_2020-01-01_2026-06-30_response.json.gz,ac4473c03028ec45100a7f4c70a11703587421e768ea4acb8b8bf2f2c3f54b89,observed,within_series_coverage,False,False
TP.BKR.TRY.1,2025-10,2025-10-01,2025-10-31,2025-10,70,48.36,48.36000000,False,1759266000,commercial_loan_rate,"Ticari krediler (TL, Stok, %) faiz oranini konut kredisi karsilastirmasina eklemek","Ticari Krediler (TL, Stok, %)","Commercial Loans (TRY) (Stock, %)",bie_kt210a,AYLIK,Ağırlıklı ortalama,avg,"Mevduat, Kalkınma ve Yatırım Bankaları",raw/TP_BKR_TRY_1_2020-01-01_2026-06-30_request.json,0e996dd5939b98e883914ca77e4e973f7a8e3e981d44528557374dff0bb7c806,raw/TP_BKR_TRY_1_2020-01-01_2026-06-30_response.json.gz,ac4473c03028ec45100a7f4c70a11703587421e768ea4acb8b8bf2f2c3f54b89,observed,within_series_coverage,False,False
TP.BKR.TRY.1,2025-11,2025-11-01,2025-11-30,2025-11,71,47.63,47.63000000,False,1761944400,commercial_loan_rate,"Ticari krediler (TL, Stok, %) faiz oranini konut kredisi karsilastirmasina eklemek","Ticari Krediler (TL, Stok, %)","Commercial Loans (TRY) (Stock, %)",bie_kt210a,AYLIK,Ağırlıklı ortalama,avg,"Mevduat, Kalkınma ve Yatırım Bankaları",raw/TP_BKR_TRY_1_2020-01-01_2026-06-30_request.json,0e996dd5939b98e883914ca77e4e973f7a8e3e981d44528557374dff0bb7c806,raw/TP_BKR_TRY_1_2020-01-01_2026-06-30_response.json.gz,ac4473c03028ec45100a7f4c70a11703587421e768ea4acb8b8bf2f2c3f54b89,observed,within_series_coverage,False,False
TP.BKR.TRY.1,2025-12,2025-12-01,2025-12-31,2025-12,72,46.77,46.77000000,False,1764536400,commercial_loan_rate,"Ticari krediler (TL, Stok, %) faiz oranini konut kredisi karsilastirmasina eklemek","Ticari Krediler (TL, Stok, %)","Commercial Loans (TRY) (Stock, %)",bie_kt210a,AYLIK,Ağırlıklı ortalama,avg,"Mevduat, Kalkınma ve Yatırım Bankaları",raw/TP_BKR_TRY_1_2020-01-01_2026-06-30_request.json,0e996dd5939b98e883914ca77e4e973f7a8e3e981d44528557374dff0bb7c806,raw/TP_BKR_TRY_1_2020-01-01_2026-06-30_response.json.gz,ac4473c03028ec45100a7f4c70a11703587421e768ea4acb8b8bf2f2c3f54b89,observed,within_series_coverage,False,False
TP.BKR.TRY.1,2026-01,2026-01-01,2026-01-31,2026-01,73,46.0,46.00000000,False,1767214800,commercial_loan_rate,"Ticari krediler (TL, Stok, %) faiz oranini konut kredisi karsilastirmasina eklemek","Ticari Krediler (TL, Stok, %)","Commercial Loans (TRY) (Stock, %)",bie_kt210a,AYLIK,Ağırlıklı ortalama,avg,"Mevduat, Kalkınma ve Yatırım Bankaları",raw/TP_BKR_TRY_1_2020-01-01_2026-06-30_request.json,0e996dd5939b98e883914ca77e4e973f7a8e3e981d44528557374dff0bb7c806,raw/TP_BKR_TRY_1_2020-01-01_2026-06-30_response.json.gz,ac4473c03028ec45100a7f4c70a11703587421e768ea4acb8b8bf2f2c3f54b89,observed,within_series_coverage,False,False
TP.BKR.TRY.1,2026-02,2026-02-01,2026-02-28,2026-02,74,45.53,45.53000000,False,1769893200,commercial_loan_rate,"Ticari krediler (TL, Stok, %) faiz oranini konut kredisi karsilastirmasina eklemek","Ticari Krediler (TL, Stok, %)","Commercial Loans (TRY) (Stock, %)",bie_kt210a,AYLIK,Ağırlıklı ortalama,avg,"Mevduat, Kalkınma ve Yatırım Bankaları",raw/TP_BKR_TRY_1_2020-01-01_2026-06-30_request.json,0e996dd5939b98e883914ca77e4e973f7a8e3e981d44528557374dff0bb7c806,raw/TP_BKR_TRY_1_2020-01-01_2026-06-30_response.json.gz,ac4473c03028ec45100a7f4c70a11703587421e768ea4acb8b8bf2f2c3f54b89,observed,within_series_coverage,False,False
TP.BKR.TRY.1,2026-03,2026-03-01,2026-03-31,2026-03,75,45.93,45.93000000,False,1772312400,commercial_loan_rate,"Ticari krediler (TL, Stok, %) faiz oranini konut kredisi karsilastirmasina eklemek","Ticari Krediler (TL, Stok, %)","Commercial Loans (TRY) (Stock, %)",bie_kt210a,AYLIK,Ağırlıklı ortalama,avg,"Mevduat, Kalkınma ve Yatırım Bankaları",raw/TP_BKR_TRY_1_2020-01-01_2026-06-30_request.json,0e996dd5939b98e883914ca77e4e973f7a8e3e981d44528557374dff0bb7c806,raw/TP_BKR_TRY_1_2020-01-01_2026-06-30_response.json.gz,ac4473c03028ec45100a7f4c70a11703587421e768ea4acb8b8bf2f2c3f54b89,observed,within_series_coverage,False,False
TP.BKR.TRY.1,2026-04,2026-04-01,2026-04-30,2026-04,76,46.27,46.27000000,False,1774990800,commercial_loan_rate,"Ticari krediler (TL, Stok, %) faiz oranini konut kredisi karsilastirmasina eklemek","Ticari Krediler (TL, Stok, %)","Commercial Loans (TRY) (Stock, %)",bie_kt210a,AYLIK,Ağırlıklı ortalama,avg,"Mevduat, Kalkınma ve Yatırım Bankaları",raw/TP_BKR_TRY_1_2020-01-01_2026-06-30_request.json,0e996dd5939b98e883914ca77e4e973f7a8e3e981d44528557374dff0bb7c806,raw/TP_BKR_TRY_1_2020-01-01_2026-06-30_response.json.gz,ac4473c03028ec45100a7f4c70a11703587421e768ea4acb8b8bf2f2c3f54b89,observed,within_series_coverage,False,False
TP.BKR.TRY.1,2026-05,2026-05-01,2026-05-31,2026-05,77,46.46,46.46000000,False,1777582800,commercial_loan_rate,"Ticari krediler (TL, Stok, %) faiz oranini konut kredisi karsilastirmasina eklemek","Ticari Krediler (TL, Stok, %)","Commercial Loans (TRY) (Stock, %)",bie_kt210a,AYLIK,Ağırlıklı ortalama,avg,"Mevduat, Kalkınma ve Yatırım Bankaları",raw/TP_BKR_TRY_1_2020-01-01_2026-06-30_request.json,0e996dd5939b98e883914ca77e4e973f7a8e3e981d44528557374dff0bb7c806,raw/TP_BKR_TRY_1_2020-01-01_2026-06-30_response.json.gz,ac4473c03028ec45100a7f4c70a11703587421e768ea4acb8b8bf2f2c3f54b89,observed,within_series_coverage,False,False
TP.BKR.TRY.1,2026-06,2026-06-01,2026-06-30,2026-06,78,46.92,46.92000000,False,1780261200,commercial_loan_rate,"Ticari krediler (TL, Stok, %) faiz oranini konut kredisi karsilastirmasina eklemek","Ticari Krediler (TL, Stok, %)","Commercial Loans (TRY) (Stock, %)",bie_kt210a,AYLIK,Ağırlıklı ortalama,avg,"Mevduat, Kalkınma ve Yatırım Bankaları",raw/TP_BKR_TRY_1_2020-01-01_2026-06-30_request.json,0e996dd5939b98e883914ca77e4e973f7a8e3e981d44528557374dff0bb7c806,raw/TP_BKR_TRY_1_2020-01-01_2026-06-30_response.json.gz,ac4473c03028ec45100a7f4c70a11703587421e768ea4acb8b8bf2f2c3f54b89,observed,within_series_coverage,False,False
TP.BKR.TRY.17,2020-01,2020-01-01,2020-01-31,2020-01,1,18.27,18.27000000,False,1577833200,vehicle_loan_rate,"Tasit kredisi (TL, Stok, %) faiz oranini konut kredisi karsilastirmasina eklemek","Taşıt Kredisi (TL, Stok, %)","Vehicle Loans (TRY) (Stock, %)",bie_kt210a,AYLIK,Ağırlıklı ortalama,avg,"Mevduat, Kalkınma ve Yatırım Bankaları",raw/TP_BKR_TRY_17_2020-01-01_2026-06-30_request.json,5c5c32ca255e82ea085f7b0d8cb35f204434ce306aabf9baf971734b1769b65b,raw/TP_BKR_TRY_17_2020-01-01_2026-06-30_response.json.gz,dea56e5b59e71af0b7a1e954248bbc21d1856161bfed308715007008a4d814ff,observed,within_series_coverage,False,False
TP.BKR.TRY.17,2020-02,2020-02-01,2020-02-29,2020-02,2,17.54,17.54000000,False,1580511600,vehicle_loan_rate,"Tasit kredisi (TL, Stok, %) faiz oranini konut kredisi karsilastirmasina eklemek","Taşıt Kredisi (TL, Stok, %)","Vehicle Loans (TRY) (Stock, %)",bie_kt210a,AYLIK,Ağırlıklı ortalama,avg,"Mevduat, Kalkınma ve Yatırım Bankaları",raw/TP_BKR_TRY_17_2020-01-01_2026-06-30_request.json,5c5c32ca255e82ea085f7b0d8cb35f204434ce306aabf9baf971734b1769b65b,raw/TP_BKR_TRY_17_2020-01-01_2026-06-30_response.json.gz,dea56e5b59e71af0b7a1e954248bbc21d1856161bfed308715007008a4d814ff,observed,within_series_coverage,False,False
TP.BKR.TRY.17,2020-03,2020-03-01,2020-03-31,2020-03,3,17.17,17.17000000,False,1583017200,vehicle_loan_rate,"Tasit kredisi (TL, Stok, %) faiz oranini konut kredisi karsilastirmasina eklemek","Taşıt Kredisi (TL, Stok, %)","Vehicle Loans (TRY) (Stock, %)",bie_kt210a,AYLIK,Ağırlıklı ortalama,avg,"Mevduat, Kalkınma ve Yatırım Bankaları",raw/TP_BKR_TRY_17_2020-01-01_2026-06-30_request.json,5c5c32ca255e82ea085f7b0d8cb35f204434ce306aabf9baf971734b1769b65b,raw/TP_BKR_TRY_17_2020-01-01_2026-06-30_response.json.gz,dea56e5b59e71af0b7a1e954248bbc21d1856161bfed308715007008a4d814ff,observed,within_series_coverage,False,False
TP.BKR.TRY.17,2020-04,2020-04-01,2020-04-30,2020-04,4,16.95,16.95000000,False,1585692000,vehicle_loan_rate,"Tasit kredisi (TL, Stok, %) faiz oranini konut kredisi karsilastirmasina eklemek","Taşıt Kredisi (TL, Stok, %)","Vehicle Loans (TRY) (Stock, %)",bie_kt210a,AYLIK,Ağırlıklı ortalama,avg,"Mevduat, Kalkınma ve Yatırım Bankaları",raw/TP_BKR_TRY_17_2020-01-01_2026-06-30_request.json,5c5c32ca255e82ea085f7b0d8cb35f204434ce306aabf9baf971734b1769b65b,raw/TP_BKR_TRY_17_2020-01-01_2026-06-30_response.json.gz,dea56e5b59e71af0b7a1e954248bbc21d1856161bfed308715007008a4d814ff,observed,within_series_coverage,False,False
TP.BKR.TRY.17,2020-05,2020-05-01,2020-05-31,2020-05,5,16.59,16.59000000,False,1588284000,vehicle_loan_rate,"Tasit kredisi (TL, Stok, %) faiz oranini konut kredisi karsilastirmasina eklemek","Taşıt Kredisi (TL, Stok, %)","Vehicle Loans (TRY) (Stock, %)",bie_kt210a,AYLIK,Ağırlıklı ortalama,avg,"Mevduat, Kalkınma ve Yatırım Bankaları",raw/TP_BKR_TRY_17_2020-01-01_2026-06-30_request.json,5c5c32ca255e82ea085f7b0d8cb35f204434ce306aabf9baf971734b1769b65b,raw/TP_BKR_TRY_17_2020-01-01_2026-06-30_response.json.gz,dea56e5b59e71af0b7a1e954248bbc21d1856161bfed308715007008a4d814ff,observed,within_series_coverage,False,False
TP.BKR.TRY.17,2020-06,2020-06-01,2020-06-30,2020-06,6,15.26,15.26000000,False,1590962400,vehicle_loan_rate,"Tasit kredisi (TL, Stok, %) faiz oranini konut kredisi karsilastirmasina eklemek","Taşıt Kredisi (TL, Stok, %)","Vehicle Loans (TRY) (Stock, %)",bie_kt210a,AYLIK,Ağırlıklı ortalama,avg,"Mevduat, Kalkınma ve Yatırım Bankaları",raw/TP_BKR_TRY_17_2020-01-01_2026-06-30_request.json,5c5c32ca255e82ea085f7b0d8cb35f204434ce306aabf9baf971734b1769b65b,raw/TP_BKR_TRY_17_2020-01-01_2026-06-30_response.json.gz,dea56e5b59e71af0b7a1e954248bbc21d1856161bfed308715007008a4d814ff,observed,within_series_coverage,False,False
TP.BKR.TRY.17,2020-07,2020-07-01,2020-07-31,2020-07,7,14.39,14.39000000,False,1593554400,vehicle_loan_rate,"Tasit kredisi (TL, Stok, %) faiz oranini konut kredisi karsilastirmasina eklemek","Taşıt Kredisi (TL, Stok, %)","Vehicle Loans (TRY) (Stock, %)",bie_kt210a,AYLIK,Ağırlıklı ortalama,avg,"Mevduat, Kalkınma ve Yatırım Bankaları",raw/TP_BKR_TRY_17_2020-01-01_2026-06-30_request.json,5c5c32ca255e82ea085f7b0d8cb35f204434ce306aabf9baf971734b1769b65b,raw/TP_BKR_TRY_17_2020-01-01_2026-06-30_response.json.gz,dea56e5b59e71af0b7a1e954248bbc21d1856161bfed308715007008a4d814ff,observed,within_series_coverage,False,False
TP.BKR.TRY.17,2020-08,2020-08-01,2020-08-31,2020-08,8,14.29,14.29000000,False,1596232800,vehicle_loan_rate,"Tasit kredisi (TL, Stok, %) faiz oranini konut kredisi karsilastirmasina eklemek","Taşıt Kredisi (TL, Stok, %)","Vehicle Loans (TRY) (Stock, %)",bie_kt210a,AYLIK,Ağırlıklı ortalama,avg,"Mevduat, Kalkınma ve Yatırım Bankaları",raw/TP_BKR_TRY_17_2020-01-01_2026-06-30_request.json,5c5c32ca255e82ea085f7b0d8cb35f204434ce306aabf9baf971734b1769b65b,raw/TP_BKR_TRY_17_2020-01-01_2026-06-30_response.json.gz,dea56e5b59e71af0b7a1e954248bbc21d1856161bfed308715007008a4d814ff,observed,within_series_coverage,False,False
TP.BKR.TRY.17,2020-09,2020-09-01,2020-09-30,2020-09,9,14.44,14.44000000,False,1598911200,vehicle_loan_rate,"Tasit kredisi (TL, Stok, %) faiz oranini konut kredisi karsilastirmasina eklemek","Taşıt Kredisi (TL, Stok, %)","Vehicle Loans (TRY) (Stock, %)",bie_kt210a,AYLIK,Ağırlıklı ortalama,avg,"Mevduat, Kalkınma ve Yatırım Bankaları",raw/TP_BKR_TRY_17_2020-01-01_2026-06-30_request.json,5c5c32ca255e82ea085f7b0d8cb35f204434ce306aabf9baf971734b1769b65b,raw/TP_BKR_TRY_17_2020-01-01_2026-06-30_response.json.gz,dea56e5b59e71af0b7a1e954248bbc21d1856161bfed308715007008a4d814ff,observed,within_series_coverage,False,False
TP.BKR.TRY.17,2020-10,2020-10-01,2020-10-31,2020-10,10,14.73,14.73000000,False,1601503200,vehicle_loan_rate,"Tasit kredisi (TL, Stok, %) faiz oranini konut kredisi karsilastirmasina eklemek","Taşıt Kredisi (TL, Stok, %)","Vehicle Loans (TRY) (Stock, %)",bie_kt210a,AYLIK,Ağırlıklı ortalama,avg,"Mevduat, Kalkınma ve Yatırım Bankaları",raw/TP_BKR_TRY_17_2020-01-01_2026-06-30_request.json,5c5c32ca255e82ea085f7b0d8cb35f204434ce306aabf9baf971734b1769b65b,raw/TP_BKR_TRY_17_2020-01-01_2026-06-30_response.json.gz,dea56e5b59e71af0b7a1e954248bbc21d1856161bfed308715007008a4d814ff,observed,within_series_coverage,False,False
TP.BKR.TRY.17,2020-11,2020-11-01,2020-11-30,2020-11,11,15.4,15.40000000,False,1604185200,vehicle_loan_rate,"Tasit kredisi (TL, Stok, %) faiz oranini konut kredisi karsilastirmasina eklemek","Taşıt Kredisi (TL, Stok, %)","Vehicle Loans (TRY) (Stock, %)",bie_kt210a,AYLIK,Ağırlıklı ortalama,avg,"Mevduat, Kalkınma ve Yatırım Bankaları",raw/TP_BKR_TRY_17_2020-01-01_2026-06-30_request.json,5c5c32ca255e82ea085f7b0d8cb35f204434ce306aabf9baf971734b1769b65b,raw/TP_BKR_TRY_17_2020-01-01_2026-06-30_response.json.gz,dea56e5b59e71af0b7a1e954248bbc21d1856161bfed308715007008a4d814ff,observed,within_series_coverage,False,False
TP.BKR.TRY.17,2020-12,2020-12-01,2020-12-31,2020-12,12,15.34,15.34000000,False,1606777200,vehicle_loan_rate,"Tasit kredisi (TL, Stok, %) faiz oranini konut kredisi karsilastirmasina eklemek","Taşıt Kredisi (TL, Stok, %)","Vehicle Loans (TRY) (Stock, %)",bie_kt210a,AYLIK,Ağırlıklı ortalama,avg,"Mevduat, Kalkınma ve Yatırım Bankaları",raw/TP_BKR_TRY_17_2020-01-01_2026-06-30_request.json,5c5c32ca255e82ea085f7b0d8cb35f204434ce306aabf9baf971734b1769b65b,raw/TP_BKR_TRY_17_2020-01-01_2026-06-30_response.json.gz,dea56e5b59e71af0b7a1e954248bbc21d1856161bfed308715007008a4d814ff,observed,within_series_coverage,False,False
TP.BKR.TRY.17,2021-01,2021-01-01,2021-01-31,2021-01,13,15.56,15.56000000,False,1609455600,vehicle_loan_rate,"Tasit kredisi (TL, Stok, %) faiz oranini konut kredisi karsilastirmasina eklemek","Taşıt Kredisi (TL, Stok, %)","Vehicle Loans (TRY) (Stock, %)",bie_kt210a,AYLIK,Ağırlıklı ortalama,avg,"Mevduat, Kalkınma ve Yatırım Bankaları",raw/TP_BKR_TRY_17_2020-01-01_2026-06-30_request.json,5c5c32ca255e82ea085f7b0d8cb35f204434ce306aabf9baf971734b1769b65b,raw/TP_BKR_TRY_17_2020-01-01_2026-06-30_response.json.gz,dea56e5b59e71af0b7a1e954248bbc21d1856161bfed308715007008a4d814ff,observed,within_series_coverage,False,False
TP.BKR.TRY.17,2021-02,2021-02-01,2021-02-28,2021-02,14,15.95,15.95000000,False,1612134000,vehicle_loan_rate,"Tasit kredisi (TL, Stok, %) faiz oranini konut kredisi karsilastirmasina eklemek","Taşıt Kredisi (TL, Stok, %)","Vehicle Loans (TRY) (Stock, %)",bie_kt210a,AYLIK,Ağırlıklı ortalama,avg,"Mevduat, Kalkınma ve Yatırım Bankaları",raw/TP_BKR_TRY_17_2020-01-01_2026-06-30_request.json,5c5c32ca255e82ea085f7b0d8cb35f204434ce306aabf9baf971734b1769b65b,raw/TP_BKR_TRY_17_2020-01-01_2026-06-30_response.json.gz,dea56e5b59e71af0b7a1e954248bbc21d1856161bfed308715007008a4d814ff,observed,within_series_coverage,False,False
TP.BKR.TRY.17,2021-03,2021-03-01,2021-03-31,2021-03,15,16.49,16.49000000,False,1614553200,vehicle_loan_rate,"Tasit kredisi (TL, Stok, %) faiz oranini konut kredisi karsilastirmasina eklemek","Taşıt Kredisi (TL, Stok, %)","Vehicle Loans (TRY) (Stock, %)",bie_kt210a,AYLIK,Ağırlıklı ortalama,avg,"Mevduat, Kalkınma ve Yatırım Bankaları",raw/TP_BKR_TRY_17_2020-01-01_2026-06-30_request.json,5c5c32ca255e82ea085f7b0d8cb35f204434ce306aabf9baf971734b1769b65b,raw/TP_BKR_TRY_17_2020-01-01_2026-06-30_response.json.gz,dea56e5b59e71af0b7a1e954248bbc21d1856161bfed308715007008a4d814ff,observed,within_series_coverage,False,False
TP.BKR.TRY.17,2021-04,2021-04-01,2021-04-30,2021-04,16,16.98,16.98000000,False,1617224400,vehicle_loan_rate,"Tasit kredisi (TL, Stok, %) faiz oranini konut kredisi karsilastirmasina eklemek","Taşıt Kredisi (TL, Stok, %)","Vehicle Loans (TRY) (Stock, %)",bie_kt210a,AYLIK,Ağırlıklı ortalama,avg,"Mevduat, Kalkınma ve Yatırım Bankaları",raw/TP_BKR_TRY_17_2020-01-01_2026-06-30_request.json,5c5c32ca255e82ea085f7b0d8cb35f204434ce306aabf9baf971734b1769b65b,raw/TP_BKR_TRY_17_2020-01-01_2026-06-30_response.json.gz,dea56e5b59e71af0b7a1e954248bbc21d1856161bfed308715007008a4d814ff,observed,within_series_coverage,False,False
TP.BKR.TRY.17,2021-05,2021-05-01,2021-05-31,2021-05,17,17.29,17.29000000,False,1619816400,vehicle_loan_rate,"Tasit kredisi (TL, Stok, %) faiz oranini konut kredisi karsilastirmasina eklemek","Taşıt Kredisi (TL, Stok, %)","Vehicle Loans (TRY) (Stock, %)",bie_kt210a,AYLIK,Ağırlıklı ortalama,avg,"Mevduat, Kalkınma ve Yatırım Bankaları",raw/TP_BKR_TRY_17_2020-01-01_2026-06-30_request.json,5c5c32ca255e82ea085f7b0d8cb35f204434ce306aabf9baf971734b1769b65b,raw/TP_BKR_TRY_17_2020-01-01_2026-06-30_response.json.gz,dea56e5b59e71af0b7a1e954248bbc21d1856161bfed308715007008a4d814ff,observed,within_series_coverage,False,False
TP.BKR.TRY.17,2021-06,2021-06-01,2021-06-30,2021-06,18,17.81,17.81000000,False,1622494800,vehicle_loan_rate,"Tasit kredisi (TL, Stok, %) faiz oranini konut kredisi karsilastirmasina eklemek","Taşıt Kredisi (TL, Stok, %)","Vehicle Loans (TRY) (Stock, %)",bie_kt210a,AYLIK,Ağırlıklı ortalama,avg,"Mevduat, Kalkınma ve Yatırım Bankaları",raw/TP_BKR_TRY_17_2020-01-01_2026-06-30_request.json,5c5c32ca255e82ea085f7b0d8cb35f204434ce306aabf9baf971734b1769b65b,raw/TP_BKR_TRY_17_2020-01-01_2026-06-30_response.json.gz,dea56e5b59e71af0b7a1e954248bbc21d1856161bfed308715007008a4d814ff,observed,within_series_coverage,False,False
TP.BKR.TRY.17,2021-07,2021-07-01,2021-07-31,2021-07,19,18.04,18.04000000,False,1625086800,vehicle_loan_rate,"Tasit kredisi (TL, Stok, %) faiz oranini konut kredisi karsilastirmasina eklemek","Taşıt Kredisi (TL, Stok, %)","Vehicle Loans (TRY) (Stock, %)",bie_kt210a,AYLIK,Ağırlıklı ortalama,avg,"Mevduat, Kalkınma ve Yatırım Bankaları",raw/TP_BKR_TRY_17_2020-01-01_2026-06-30_request.json,5c5c32ca255e82ea085f7b0d8cb35f204434ce306aabf9baf971734b1769b65b,raw/TP_BKR_TRY_17_2020-01-01_2026-06-30_response.json.gz,dea56e5b59e71af0b7a1e954248bbc21d1856161bfed308715007008a4d814ff,observed,within_series_coverage,False,False
TP.BKR.TRY.17,2021-08,2021-08-01,2021-08-31,2021-08,20,18.25,18.25000000,False,1627765200,vehicle_loan_rate,"Tasit kredisi (TL, Stok, %) faiz oranini konut kredisi karsilastirmasina eklemek","Taşıt Kredisi (TL, Stok, %)","Vehicle Loans (TRY) (Stock, %)",bie_kt210a,AYLIK,Ağırlıklı ortalama,avg,"Mevduat, Kalkınma ve Yatırım Bankaları",raw/TP_BKR_TRY_17_2020-01-01_2026-06-30_request.json,5c5c32ca255e82ea085f7b0d8cb35f204434ce306aabf9baf971734b1769b65b,raw/TP_BKR_TRY_17_2020-01-01_2026-06-30_response.json.gz,dea56e5b59e71af0b7a1e954248bbc21d1856161bfed308715007008a4d814ff,observed,within_series_coverage,False,False
TP.BKR.TRY.17,2021-09,2021-09-01,2021-09-30,2021-09,21,18.18,18.18000000,False,1630443600,vehicle_loan_rate,"Tasit kredisi (TL, Stok, %) faiz oranini konut kredisi karsilastirmasina eklemek","Taşıt Kredisi (TL, Stok, %)","Vehicle Loans (TRY) (Stock, %)",bie_kt210a,AYLIK,Ağırlıklı ortalama,avg,"Mevduat, Kalkınma ve Yatırım Bankaları",raw/TP_BKR_TRY_17_2020-01-01_2026-06-30_request.json,5c5c32ca255e82ea085f7b0d8cb35f204434ce306aabf9baf971734b1769b65b,raw/TP_BKR_TRY_17_2020-01-01_2026-06-30_response.json.gz,dea56e5b59e71af0b7a1e954248bbc21d1856161bfed308715007008a4d814ff,observed,within_series_coverage,False,False
TP.BKR.TRY.17,2021-10,2021-10-01,2021-10-31,2021-10,22,18.4,18.40000000,False,1633035600,vehicle_loan_rate,"Tasit kredisi (TL, Stok, %) faiz oranini konut kredisi karsilastirmasina eklemek","Taşıt Kredisi (TL, Stok, %)","Vehicle Loans (TRY) (Stock, %)",bie_kt210a,AYLIK,Ağırlıklı ortalama,avg,"Mevduat, Kalkınma ve Yatırım Bankaları",raw/TP_BKR_TRY_17_2020-01-01_2026-06-30_request.json,5c5c32ca255e82ea085f7b0d8cb35f204434ce306aabf9baf971734b1769b65b,raw/TP_BKR_TRY_17_2020-01-01_2026-06-30_response.json.gz,dea56e5b59e71af0b7a1e954248bbc21d1856161bfed308715007008a4d814ff,observed,within_series_coverage,False,False
TP.BKR.TRY.17,2021-11,2021-11-01,2021-11-30,2021-11,23,18.66,18.66000000,False,1635714000,vehicle_loan_rate,"Tasit kredisi (TL, Stok, %) faiz oranini konut kredisi karsilastirmasina eklemek","Taşıt Kredisi (TL, Stok, %)","Vehicle Loans (TRY) (Stock, %)",bie_kt210a,AYLIK,Ağırlıklı ortalama,avg,"Mevduat, Kalkınma ve Yatırım Bankaları",raw/TP_BKR_TRY_17_2020-01-01_2026-06-30_request.json,5c5c32ca255e82ea085f7b0d8cb35f204434ce306aabf9baf971734b1769b65b,raw/TP_BKR_TRY_17_2020-01-01_2026-06-30_response.json.gz,dea56e5b59e71af0b7a1e954248bbc21d1856161bfed308715007008a4d814ff,observed,within_series_coverage,False,False
TP.BKR.TRY.17,2021-12,2021-12-01,2021-12-31,2021-12,24,18.79,18.79000000,False,1638306000,vehicle_loan_rate,"Tasit kredisi (TL, Stok, %) faiz oranini konut kredisi karsilastirmasina eklemek","Taşıt Kredisi (TL, Stok, %)","Vehicle Loans (TRY) (Stock, %)",bie_kt210a,AYLIK,Ağırlıklı ortalama,avg,"Mevduat, Kalkınma ve Yatırım Bankaları",raw/TP_BKR_TRY_17_2020-01-01_2026-06-30_request.json,5c5c32ca255e82ea085f7b0d8cb35f204434ce306aabf9baf971734b1769b65b,raw/TP_BKR_TRY_17_2020-01-01_2026-06-30_response.json.gz,dea56e5b59e71af0b7a1e954248bbc21d1856161bfed308715007008a4d814ff,observed,within_series_coverage,False,False
TP.BKR.TRY.17,2022-01,2022-01-01,2022-01-31,2022-01,25,19.06,19.06000000,False,1640984400,vehicle_loan_rate,"Tasit kredisi (TL, Stok, %) faiz oranini konut kredisi karsilastirmasina eklemek","Taşıt Kredisi (TL, Stok, %)","Vehicle Loans (TRY) (Stock, %)",bie_kt210a,AYLIK,Ağırlıklı ortalama,avg,"Mevduat, Kalkınma ve Yatırım Bankaları",raw/TP_BKR_TRY_17_2020-01-01_2026-06-30_request.json,5c5c32ca255e82ea085f7b0d8cb35f204434ce306aabf9baf971734b1769b65b,raw/TP_BKR_TRY_17_2020-01-01_2026-06-30_response.json.gz,dea56e5b59e71af0b7a1e954248bbc21d1856161bfed308715007008a4d814ff,observed,within_series_coverage,False,False
TP.BKR.TRY.17,2022-02,2022-02-01,2022-02-28,2022-02,26,19.19,19.19000000,False,1643662800,vehicle_loan_rate,"Tasit kredisi (TL, Stok, %) faiz oranini konut kredisi karsilastirmasina eklemek","Taşıt Kredisi (TL, Stok, %)","Vehicle Loans (TRY) (Stock, %)",bie_kt210a,AYLIK,Ağırlıklı ortalama,avg,"Mevduat, Kalkınma ve Yatırım Bankaları",raw/TP_BKR_TRY_17_2020-01-01_2026-06-30_request.json,5c5c32ca255e82ea085f7b0d8cb35f204434ce306aabf9baf971734b1769b65b,raw/TP_BKR_TRY_17_2020-01-01_2026-06-30_response.json.gz,dea56e5b59e71af0b7a1e954248bbc21d1856161bfed308715007008a4d814ff,observed,within_series_coverage,False,False
TP.BKR.TRY.17,2022-03,2022-03-01,2022-03-31,2022-03,27,20.71,20.71000000,False,1646082000,vehicle_loan_rate,"Tasit kredisi (TL, Stok, %) faiz oranini konut kredisi karsilastirmasina eklemek","Taşıt Kredisi (TL, Stok, %)","Vehicle Loans (TRY) (Stock, %)",bie_kt210a,AYLIK,Ağırlıklı ortalama,avg,"Mevduat, Kalkınma ve Yatırım Bankaları",raw/TP_BKR_TRY_17_2020-01-01_2026-06-30_request.json,5c5c32ca255e82ea085f7b0d8cb35f204434ce306aabf9baf971734b1769b65b,raw/TP_BKR_TRY_17_2020-01-01_2026-06-30_response.json.gz,dea56e5b59e71af0b7a1e954248bbc21d1856161bfed308715007008a4d814ff,observed,within_series_coverage,False,False
TP.BKR.TRY.17,2022-04,2022-04-01,2022-04-30,2022-04,28,21.61,21.61000000,False,1648760400,vehicle_loan_rate,"Tasit kredisi (TL, Stok, %) faiz oranini konut kredisi karsilastirmasina eklemek","Taşıt Kredisi (TL, Stok, %)","Vehicle Loans (TRY) (Stock, %)",bie_kt210a,AYLIK,Ağırlıklı ortalama,avg,"Mevduat, Kalkınma ve Yatırım Bankaları",raw/TP_BKR_TRY_17_2020-01-01_2026-06-30_request.json,5c5c32ca255e82ea085f7b0d8cb35f204434ce306aabf9baf971734b1769b65b,raw/TP_BKR_TRY_17_2020-01-01_2026-06-30_response.json.gz,dea56e5b59e71af0b7a1e954248bbc21d1856161bfed308715007008a4d814ff,observed,within_series_coverage,False,False
TP.BKR.TRY.17,2022-05,2022-05-01,2022-05-31,2022-05,29,22.05,22.05000000,False,1651352400,vehicle_loan_rate,"Tasit kredisi (TL, Stok, %) faiz oranini konut kredisi karsilastirmasina eklemek","Taşıt Kredisi (TL, Stok, %)","Vehicle Loans (TRY) (Stock, %)",bie_kt210a,AYLIK,Ağırlıklı ortalama,avg,"Mevduat, Kalkınma ve Yatırım Bankaları",raw/TP_BKR_TRY_17_2020-01-01_2026-06-30_request.json,5c5c32ca255e82ea085f7b0d8cb35f204434ce306aabf9baf971734b1769b65b,raw/TP_BKR_TRY_17_2020-01-01_2026-06-30_response.json.gz,dea56e5b59e71af0b7a1e954248bbc21d1856161bfed308715007008a4d814ff,observed,within_series_coverage,False,False
TP.BKR.TRY.17,2022-06,2022-06-01,2022-06-30,2022-06,30,23.18,23.18000000,False,1654030800,vehicle_loan_rate,"Tasit kredisi (TL, Stok, %) faiz oranini konut kredisi karsilastirmasina eklemek","Taşıt Kredisi (TL, Stok, %)","Vehicle Loans (TRY) (Stock, %)",bie_kt210a,AYLIK,Ağırlıklı ortalama,avg,"Mevduat, Kalkınma ve Yatırım Bankaları",raw/TP_BKR_TRY_17_2020-01-01_2026-06-30_request.json,5c5c32ca255e82ea085f7b0d8cb35f204434ce306aabf9baf971734b1769b65b,raw/TP_BKR_TRY_17_2020-01-01_2026-06-30_response.json.gz,dea56e5b59e71af0b7a1e954248bbc21d1856161bfed308715007008a4d814ff,observed,within_series_coverage,False,False
TP.BKR.TRY.17,2022-07,2022-07-01,2022-07-31,2022-07,31,23.76,23.76000000,False,1656622800,vehicle_loan_rate,"Tasit kredisi (TL, Stok, %) faiz oranini konut kredisi karsilastirmasina eklemek","Taşıt Kredisi (TL, Stok, %)","Vehicle Loans (TRY) (Stock, %)",bie_kt210a,AYLIK,Ağırlıklı ortalama,avg,"Mevduat, Kalkınma ve Yatırım Bankaları",raw/TP_BKR_TRY_17_2020-01-01_2026-06-30_request.json,5c5c32ca255e82ea085f7b0d8cb35f204434ce306aabf9baf971734b1769b65b,raw/TP_BKR_TRY_17_2020-01-01_2026-06-30_response.json.gz,dea56e5b59e71af0b7a1e954248bbc21d1856161bfed308715007008a4d814ff,observed,within_series_coverage,False,False
TP.BKR.TRY.17,2022-08,2022-08-01,2022-08-31,2022-08,32,24.36,24.36000000,False,1659301200,vehicle_loan_rate,"Tasit kredisi (TL, Stok, %) faiz oranini konut kredisi karsilastirmasina eklemek","Taşıt Kredisi (TL, Stok, %)","Vehicle Loans (TRY) (Stock, %)",bie_kt210a,AYLIK,Ağırlıklı ortalama,avg,"Mevduat, Kalkınma ve Yatırım Bankaları",raw/TP_BKR_TRY_17_2020-01-01_2026-06-30_request.json,5c5c32ca255e82ea085f7b0d8cb35f204434ce306aabf9baf971734b1769b65b,raw/TP_BKR_TRY_17_2020-01-01_2026-06-30_response.json.gz,dea56e5b59e71af0b7a1e954248bbc21d1856161bfed308715007008a4d814ff,observed,within_series_coverage,False,False
TP.BKR.TRY.17,2022-09,2022-09-01,2022-09-30,2022-09,33,24.64,24.64000000,False,1661979600,vehicle_loan_rate,"Tasit kredisi (TL, Stok, %) faiz oranini konut kredisi karsilastirmasina eklemek","Taşıt Kredisi (TL, Stok, %)","Vehicle Loans (TRY) (Stock, %)",bie_kt210a,AYLIK,Ağırlıklı ortalama,avg,"Mevduat, Kalkınma ve Yatırım Bankaları",raw/TP_BKR_TRY_17_2020-01-01_2026-06-30_request.json,5c5c32ca255e82ea085f7b0d8cb35f204434ce306aabf9baf971734b1769b65b,raw/TP_BKR_TRY_17_2020-01-01_2026-06-30_response.json.gz,dea56e5b59e71af0b7a1e954248bbc21d1856161bfed308715007008a4d814ff,observed,within_series_coverage,False,False
TP.BKR.TRY.17,2022-10,2022-10-01,2022-10-31,2022-10,34,24.8,24.80000000,False,1664571600,vehicle_loan_rate,"Tasit kredisi (TL, Stok, %) faiz oranini konut kredisi karsilastirmasina eklemek","Taşıt Kredisi (TL, Stok, %)","Vehicle Loans (TRY) (Stock, %)",bie_kt210a,AYLIK,Ağırlıklı ortalama,avg,"Mevduat, Kalkınma ve Yatırım Bankaları",raw/TP_BKR_TRY_17_2020-01-01_2026-06-30_request.json,5c5c32ca255e82ea085f7b0d8cb35f204434ce306aabf9baf971734b1769b65b,raw/TP_BKR_TRY_17_2020-01-01_2026-06-30_response.json.gz,dea56e5b59e71af0b7a1e954248bbc21d1856161bfed308715007008a4d814ff,observed,within_series_coverage,False,False
TP.BKR.TRY.17,2022-11,2022-11-01,2022-11-30,2022-11,35,24.27,24.27000000,False,1667250000,vehicle_loan_rate,"Tasit kredisi (TL, Stok, %) faiz oranini konut kredisi karsilastirmasina eklemek","Taşıt Kredisi (TL, Stok, %)","Vehicle Loans (TRY) (Stock, %)",bie_kt210a,AYLIK,Ağırlıklı ortalama,avg,"Mevduat, Kalkınma ve Yatırım Bankaları",raw/TP_BKR_TRY_17_2020-01-01_2026-06-30_request.json,5c5c32ca255e82ea085f7b0d8cb35f204434ce306aabf9baf971734b1769b65b,raw/TP_BKR_TRY_17_2020-01-01_2026-06-30_response.json.gz,dea56e5b59e71af0b7a1e954248bbc21d1856161bfed308715007008a4d814ff,observed,within_series_coverage,False,False
TP.BKR.TRY.17,2022-12,2022-12-01,2022-12-31,2022-12,36,24.83,24.83000000,False,1669842000,vehicle_loan_rate,"Tasit kredisi (TL, Stok, %) faiz oranini konut kredisi karsilastirmasina eklemek","Taşıt Kredisi (TL, Stok, %)","Vehicle Loans (TRY) (Stock, %)",bie_kt210a,AYLIK,Ağırlıklı ortalama,avg,"Mevduat, Kalkınma ve Yatırım Bankaları",raw/TP_BKR_TRY_17_2020-01-01_2026-06-30_request.json,5c5c32ca255e82ea085f7b0d8cb35f204434ce306aabf9baf971734b1769b65b,raw/TP_BKR_TRY_17_2020-01-01_2026-06-30_response.json.gz,dea56e5b59e71af0b7a1e954248bbc21d1856161bfed308715007008a4d814ff,observed,within_series_coverage,False,False
TP.BKR.TRY.17,2023-01,2023-01-01,2023-01-31,2023-01,37,24.81,24.81000000,False,1672520400,vehicle_loan_rate,"Tasit kredisi (TL, Stok, %) faiz oranini konut kredisi karsilastirmasina eklemek","Taşıt Kredisi (TL, Stok, %)","Vehicle Loans (TRY) (Stock, %)",bie_kt210a,AYLIK,Ağırlıklı ortalama,avg,"Mevduat, Kalkınma ve Yatırım Bankaları",raw/TP_BKR_TRY_17_2020-01-01_2026-06-30_request.json,5c5c32ca255e82ea085f7b0d8cb35f204434ce306aabf9baf971734b1769b65b,raw/TP_BKR_TRY_17_2020-01-01_2026-06-30_response.json.gz,dea56e5b59e71af0b7a1e954248bbc21d1856161bfed308715007008a4d814ff,observed,within_series_coverage,False,False
TP.BKR.TRY.17,2023-02,2023-02-01,2023-02-28,2023-02,38,23.84,23.84000000,False,1675198800,vehicle_loan_rate,"Tasit kredisi (TL, Stok, %) faiz oranini konut kredisi karsilastirmasina eklemek","Taşıt Kredisi (TL, Stok, %)","Vehicle Loans (TRY) (Stock, %)",bie_kt210a,AYLIK,Ağırlıklı ortalama,avg,"Mevduat, Kalkınma ve Yatırım Bankaları",raw/TP_BKR_TRY_17_2020-01-01_2026-06-30_request.json,5c5c32ca255e82ea085f7b0d8cb35f204434ce306aabf9baf971734b1769b65b,raw/TP_BKR_TRY_17_2020-01-01_2026-06-30_response.json.gz,dea56e5b59e71af0b7a1e954248bbc21d1856161bfed308715007008a4d814ff,observed,within_series_coverage,False,False
TP.BKR.TRY.17,2023-03,2023-03-01,2023-03-31,2023-03,39,23.88,23.88000000,False,1677618000,vehicle_loan_rate,"Tasit kredisi (TL, Stok, %) faiz oranini konut kredisi karsilastirmasina eklemek","Taşıt Kredisi (TL, Stok, %)","Vehicle Loans (TRY) (Stock, %)",bie_kt210a,AYLIK,Ağırlıklı ortalama,avg,"Mevduat, Kalkınma ve Yatırım Bankaları",raw/TP_BKR_TRY_17_2020-01-01_2026-06-30_request.json,5c5c32ca255e82ea085f7b0d8cb35f204434ce306aabf9baf971734b1769b65b,raw/TP_BKR_TRY_17_2020-01-01_2026-06-30_response.json.gz,dea56e5b59e71af0b7a1e954248bbc21d1856161bfed308715007008a4d814ff,observed,within_series_coverage,False,False
TP.BKR.TRY.17,2023-04,2023-04-01,2023-04-30,2023-04,40,24.12,24.12000000,False,1680296400,vehicle_loan_rate,"Tasit kredisi (TL, Stok, %) faiz oranini konut kredisi karsilastirmasina eklemek","Taşıt Kredisi (TL, Stok, %)","Vehicle Loans (TRY) (Stock, %)",bie_kt210a,AYLIK,Ağırlıklı ortalama,avg,"Mevduat, Kalkınma ve Yatırım Bankaları",raw/TP_BKR_TRY_17_2020-01-01_2026-06-30_request.json,5c5c32ca255e82ea085f7b0d8cb35f204434ce306aabf9baf971734b1769b65b,raw/TP_BKR_TRY_17_2020-01-01_2026-06-30_response.json.gz,dea56e5b59e71af0b7a1e954248bbc21d1856161bfed308715007008a4d814ff,observed,within_series_coverage,False,False
TP.BKR.TRY.17,2023-05,2023-05-01,2023-05-31,2023-05,41,24.34,24.34000000,False,1682888400,vehicle_loan_rate,"Tasit kredisi (TL, Stok, %) faiz oranini konut kredisi karsilastirmasina eklemek","Taşıt Kredisi (TL, Stok, %)","Vehicle Loans (TRY) (Stock, %)",bie_kt210a,AYLIK,Ağırlıklı ortalama,avg,"Mevduat, Kalkınma ve Yatırım Bankaları",raw/TP_BKR_TRY_17_2020-01-01_2026-06-30_request.json,5c5c32ca255e82ea085f7b0d8cb35f204434ce306aabf9baf971734b1769b65b,raw/TP_BKR_TRY_17_2020-01-01_2026-06-30_response.json.gz,dea56e5b59e71af0b7a1e954248bbc21d1856161bfed308715007008a4d814ff,observed,within_series_coverage,False,False
TP.BKR.TRY.17,2023-06,2023-06-01,2023-06-30,2023-06,42,24.87,24.87000000,False,1685566800,vehicle_loan_rate,"Tasit kredisi (TL, Stok, %) faiz oranini konut kredisi karsilastirmasina eklemek","Taşıt Kredisi (TL, Stok, %)","Vehicle Loans (TRY) (Stock, %)",bie_kt210a,AYLIK,Ağırlıklı ortalama,avg,"Mevduat, Kalkınma ve Yatırım Bankaları",raw/TP_BKR_TRY_17_2020-01-01_2026-06-30_request.json,5c5c32ca255e82ea085f7b0d8cb35f204434ce306aabf9baf971734b1769b65b,raw/TP_BKR_TRY_17_2020-01-01_2026-06-30_response.json.gz,dea56e5b59e71af0b7a1e954248bbc21d1856161bfed308715007008a4d814ff,observed,within_series_coverage,False,False
TP.BKR.TRY.17,2023-07,2023-07-01,2023-07-31,2023-07,43,25.95,25.95000000,False,1688158800,vehicle_loan_rate,"Tasit kredisi (TL, Stok, %) faiz oranini konut kredisi karsilastirmasina eklemek","Taşıt Kredisi (TL, Stok, %)","Vehicle Loans (TRY) (Stock, %)",bie_kt210a,AYLIK,Ağırlıklı ortalama,avg,"Mevduat, Kalkınma ve Yatırım Bankaları",raw/TP_BKR_TRY_17_2020-01-01_2026-06-30_request.json,5c5c32ca255e82ea085f7b0d8cb35f204434ce306aabf9baf971734b1769b65b,raw/TP_BKR_TRY_17_2020-01-01_2026-06-30_response.json.gz,dea56e5b59e71af0b7a1e954248bbc21d1856161bfed308715007008a4d814ff,observed,within_series_coverage,False,False
TP.BKR.TRY.17,2023-08,2023-08-01,2023-08-31,2023-08,44,26.73,26.73000000,False,1690837200,vehicle_loan_rate,"Tasit kredisi (TL, Stok, %) faiz oranini konut kredisi karsilastirmasina eklemek","Taşıt Kredisi (TL, Stok, %)","Vehicle Loans (TRY) (Stock, %)",bie_kt210a,AYLIK,Ağırlıklı ortalama,avg,"Mevduat, Kalkınma ve Yatırım Bankaları",raw/TP_BKR_TRY_17_2020-01-01_2026-06-30_request.json,5c5c32ca255e82ea085f7b0d8cb35f204434ce306aabf9baf971734b1769b65b,raw/TP_BKR_TRY_17_2020-01-01_2026-06-30_response.json.gz,dea56e5b59e71af0b7a1e954248bbc21d1856161bfed308715007008a4d814ff,observed,within_series_coverage,False,False
TP.BKR.TRY.17,2023-09,2023-09-01,2023-09-30,2023-09,45,27.23,27.23000000,False,1693515600,vehicle_loan_rate,"Tasit kredisi (TL, Stok, %) faiz oranini konut kredisi karsilastirmasina eklemek","Taşıt Kredisi (TL, Stok, %)","Vehicle Loans (TRY) (Stock, %)",bie_kt210a,AYLIK,Ağırlıklı ortalama,avg,"Mevduat, Kalkınma ve Yatırım Bankaları",raw/TP_BKR_TRY_17_2020-01-01_2026-06-30_request.json,5c5c32ca255e82ea085f7b0d8cb35f204434ce306aabf9baf971734b1769b65b,raw/TP_BKR_TRY_17_2020-01-01_2026-06-30_response.json.gz,dea56e5b59e71af0b7a1e954248bbc21d1856161bfed308715007008a4d814ff,observed,within_series_coverage,False,False
TP.BKR.TRY.17,2023-10,2023-10-01,2023-10-31,2023-10,46,28.66,28.66000000,False,1696107600,vehicle_loan_rate,"Tasit kredisi (TL, Stok, %) faiz oranini konut kredisi karsilastirmasina eklemek","Taşıt Kredisi (TL, Stok, %)","Vehicle Loans (TRY) (Stock, %)",bie_kt210a,AYLIK,Ağırlıklı ortalama,avg,"Mevduat, Kalkınma ve Yatırım Bankaları",raw/TP_BKR_TRY_17_2020-01-01_2026-06-30_request.json,5c5c32ca255e82ea085f7b0d8cb35f204434ce306aabf9baf971734b1769b65b,raw/TP_BKR_TRY_17_2020-01-01_2026-06-30_response.json.gz,dea56e5b59e71af0b7a1e954248bbc21d1856161bfed308715007008a4d814ff,observed,within_series_coverage,False,False
TP.BKR.TRY.17,2023-11,2023-11-01,2023-11-30,2023-11,47,29.16,29.16000000,False,1698786000,vehicle_loan_rate,"Tasit kredisi (TL, Stok, %) faiz oranini konut kredisi karsilastirmasina eklemek","Taşıt Kredisi (TL, Stok, %)","Vehicle Loans (TRY) (Stock, %)",bie_kt210a,AYLIK,Ağırlıklı ortalama,avg,"Mevduat, Kalkınma ve Yatırım Bankaları",raw/TP_BKR_TRY_17_2020-01-01_2026-06-30_request.json,5c5c32ca255e82ea085f7b0d8cb35f204434ce306aabf9baf971734b1769b65b,raw/TP_BKR_TRY_17_2020-01-01_2026-06-30_response.json.gz,dea56e5b59e71af0b7a1e954248bbc21d1856161bfed308715007008a4d814ff,observed,within_series_coverage,False,False
TP.BKR.TRY.17,2023-12,2023-12-01,2023-12-31,2023-12,48,29.18,29.18000000,False,1701378000,vehicle_loan_rate,"Tasit kredisi (TL, Stok, %) faiz oranini konut kredisi karsilastirmasina eklemek","Taşıt Kredisi (TL, Stok, %)","Vehicle Loans (TRY) (Stock, %)",bie_kt210a,AYLIK,Ağırlıklı ortalama,avg,"Mevduat, Kalkınma ve Yatırım Bankaları",raw/TP_BKR_TRY_17_2020-01-01_2026-06-30_request.json,5c5c32ca255e82ea085f7b0d8cb35f204434ce306aabf9baf971734b1769b65b,raw/TP_BKR_TRY_17_2020-01-01_2026-06-30_response.json.gz,dea56e5b59e71af0b7a1e954248bbc21d1856161bfed308715007008a4d814ff,observed,within_series_coverage,False,False
TP.BKR.TRY.17,2024-01,2024-01-01,2024-01-31,2024-01,49,29.12,29.12000000,False,1704056400,vehicle_loan_rate,"Tasit kredisi (TL, Stok, %) faiz oranini konut kredisi karsilastirmasina eklemek","Taşıt Kredisi (TL, Stok, %)","Vehicle Loans (TRY) (Stock, %)",bie_kt210a,AYLIK,Ağırlıklı ortalama,avg,"Mevduat, Kalkınma ve Yatırım Bankaları",raw/TP_BKR_TRY_17_2020-01-01_2026-06-30_request.json,5c5c32ca255e82ea085f7b0d8cb35f204434ce306aabf9baf971734b1769b65b,raw/TP_BKR_TRY_17_2020-01-01_2026-06-30_response.json.gz,dea56e5b59e71af0b7a1e954248bbc21d1856161bfed308715007008a4d814ff,observed,within_series_coverage,False,False
TP.BKR.TRY.17,2024-02,2024-02-01,2024-02-29,2024-02,50,29.85,29.85000000,False,1706734800,vehicle_loan_rate,"Tasit kredisi (TL, Stok, %) faiz oranini konut kredisi karsilastirmasina eklemek","Taşıt Kredisi (TL, Stok, %)","Vehicle Loans (TRY) (Stock, %)",bie_kt210a,AYLIK,Ağırlıklı ortalama,avg,"Mevduat, Kalkınma ve Yatırım Bankaları",raw/TP_BKR_TRY_17_2020-01-01_2026-06-30_request.json,5c5c32ca255e82ea085f7b0d8cb35f204434ce306aabf9baf971734b1769b65b,raw/TP_BKR_TRY_17_2020-01-01_2026-06-30_response.json.gz,dea56e5b59e71af0b7a1e954248bbc21d1856161bfed308715007008a4d814ff,observed,within_series_coverage,False,False
TP.BKR.TRY.17,2024-03,2024-03-01,2024-03-31,2024-03,51,30.43,30.43000000,False,1709240400,vehicle_loan_rate,"Tasit kredisi (TL, Stok, %) faiz oranini konut kredisi karsilastirmasina eklemek","Taşıt Kredisi (TL, Stok, %)","Vehicle Loans (TRY) (Stock, %)",bie_kt210a,AYLIK,Ağırlıklı ortalama,avg,"Mevduat, Kalkınma ve Yatırım Bankaları",raw/TP_BKR_TRY_17_2020-01-01_2026-06-30_request.json,5c5c32ca255e82ea085f7b0d8cb35f204434ce306aabf9baf971734b1769b65b,raw/TP_BKR_TRY_17_2020-01-01_2026-06-30_response.json.gz,dea56e5b59e71af0b7a1e954248bbc21d1856161bfed308715007008a4d814ff,observed,within_series_coverage,False,False
TP.BKR.TRY.17,2024-04,2024-04-01,2024-04-30,2024-04,52,30.04,30.04000000,False,1711918800,vehicle_loan_rate,"Tasit kredisi (TL, Stok, %) faiz oranini konut kredisi karsilastirmasina eklemek","Taşıt Kredisi (TL, Stok, %)","Vehicle Loans (TRY) (Stock, %)",bie_kt210a,AYLIK,Ağırlıklı ortalama,avg,"Mevduat, Kalkınma ve Yatırım Bankaları",raw/TP_BKR_TRY_17_2020-01-01_2026-06-30_request.json,5c5c32ca255e82ea085f7b0d8cb35f204434ce306aabf9baf971734b1769b65b,raw/TP_BKR_TRY_17_2020-01-01_2026-06-30_response.json.gz,dea56e5b59e71af0b7a1e954248bbc21d1856161bfed308715007008a4d814ff,observed,within_series_coverage,False,False
TP.BKR.TRY.17,2024-05,2024-05-01,2024-05-31,2024-05,53,30.84,30.84000000,False,1714510800,vehicle_loan_rate,"Tasit kredisi (TL, Stok, %) faiz oranini konut kredisi karsilastirmasina eklemek","Taşıt Kredisi (TL, Stok, %)","Vehicle Loans (TRY) (Stock, %)",bie_kt210a,AYLIK,Ağırlıklı ortalama,avg,"Mevduat, Kalkınma ve Yatırım Bankaları",raw/TP_BKR_TRY_17_2020-01-01_2026-06-30_request.json,5c5c32ca255e82ea085f7b0d8cb35f204434ce306aabf9baf971734b1769b65b,raw/TP_BKR_TRY_17_2020-01-01_2026-06-30_response.json.gz,dea56e5b59e71af0b7a1e954248bbc21d1856161bfed308715007008a4d814ff,observed,within_series_coverage,False,False
TP.BKR.TRY.17,2024-06,2024-06-01,2024-06-30,2024-06,54,29.45,29.45000000,False,1717189200,vehicle_loan_rate,"Tasit kredisi (TL, Stok, %) faiz oranini konut kredisi karsilastirmasina eklemek","Taşıt Kredisi (TL, Stok, %)","Vehicle Loans (TRY) (Stock, %)",bie_kt210a,AYLIK,Ağırlıklı ortalama,avg,"Mevduat, Kalkınma ve Yatırım Bankaları",raw/TP_BKR_TRY_17_2020-01-01_2026-06-30_request.json,5c5c32ca255e82ea085f7b0d8cb35f204434ce306aabf9baf971734b1769b65b,raw/TP_BKR_TRY_17_2020-01-01_2026-06-30_response.json.gz,dea56e5b59e71af0b7a1e954248bbc21d1856161bfed308715007008a4d814ff,observed,within_series_coverage,False,False
TP.BKR.TRY.17,2024-07,2024-07-01,2024-07-31,2024-07,55,29.98,29.98000000,False,1719781200,vehicle_loan_rate,"Tasit kredisi (TL, Stok, %) faiz oranini konut kredisi karsilastirmasina eklemek","Taşıt Kredisi (TL, Stok, %)","Vehicle Loans (TRY) (Stock, %)",bie_kt210a,AYLIK,Ağırlıklı ortalama,avg,"Mevduat, Kalkınma ve Yatırım Bankaları",raw/TP_BKR_TRY_17_2020-01-01_2026-06-30_request.json,5c5c32ca255e82ea085f7b0d8cb35f204434ce306aabf9baf971734b1769b65b,raw/TP_BKR_TRY_17_2020-01-01_2026-06-30_response.json.gz,dea56e5b59e71af0b7a1e954248bbc21d1856161bfed308715007008a4d814ff,observed,within_series_coverage,False,False
TP.BKR.TRY.17,2024-08,2024-08-01,2024-08-31,2024-08,56,30.5,30.50000000,False,1722459600,vehicle_loan_rate,"Tasit kredisi (TL, Stok, %) faiz oranini konut kredisi karsilastirmasina eklemek","Taşıt Kredisi (TL, Stok, %)","Vehicle Loans (TRY) (Stock, %)",bie_kt210a,AYLIK,Ağırlıklı ortalama,avg,"Mevduat, Kalkınma ve Yatırım Bankaları",raw/TP_BKR_TRY_17_2020-01-01_2026-06-30_request.json,5c5c32ca255e82ea085f7b0d8cb35f204434ce306aabf9baf971734b1769b65b,raw/TP_BKR_TRY_17_2020-01-01_2026-06-30_response.json.gz,dea56e5b59e71af0b7a1e954248bbc21d1856161bfed308715007008a4d814ff,observed,within_series_coverage,False,False
TP.BKR.TRY.17,2024-09,2024-09-01,2024-09-30,2024-09,57,30.86,30.86000000,False,1725138000,vehicle_loan_rate,"Tasit kredisi (TL, Stok, %) faiz oranini konut kredisi karsilastirmasina eklemek","Taşıt Kredisi (TL, Stok, %)","Vehicle Loans (TRY) (Stock, %)",bie_kt210a,AYLIK,Ağırlıklı ortalama,avg,"Mevduat, Kalkınma ve Yatırım Bankaları",raw/TP_BKR_TRY_17_2020-01-01_2026-06-30_request.json,5c5c32ca255e82ea085f7b0d8cb35f204434ce306aabf9baf971734b1769b65b,raw/TP_BKR_TRY_17_2020-01-01_2026-06-30_response.json.gz,dea56e5b59e71af0b7a1e954248bbc21d1856161bfed308715007008a4d814ff,observed,within_series_coverage,False,False
TP.BKR.TRY.17,2024-10,2024-10-01,2024-10-31,2024-10,58,31.23,31.23000000,False,1727730000,vehicle_loan_rate,"Tasit kredisi (TL, Stok, %) faiz oranini konut kredisi karsilastirmasina eklemek","Taşıt Kredisi (TL, Stok, %)","Vehicle Loans (TRY) (Stock, %)",bie_kt210a,AYLIK,Ağırlıklı ortalama,avg,"Mevduat, Kalkınma ve Yatırım Bankaları",raw/TP_BKR_TRY_17_2020-01-01_2026-06-30_request.json,5c5c32ca255e82ea085f7b0d8cb35f204434ce306aabf9baf971734b1769b65b,raw/TP_BKR_TRY_17_2020-01-01_2026-06-30_response.json.gz,dea56e5b59e71af0b7a1e954248bbc21d1856161bfed308715007008a4d814ff,observed,within_series_coverage,False,False
TP.BKR.TRY.17,2024-11,2024-11-01,2024-11-30,2024-11,59,31.58,31.58000000,False,1730408400,vehicle_loan_rate,"Tasit kredisi (TL, Stok, %) faiz oranini konut kredisi karsilastirmasina eklemek","Taşıt Kredisi (TL, Stok, %)","Vehicle Loans (TRY) (Stock, %)",bie_kt210a,AYLIK,Ağırlıklı ortalama,avg,"Mevduat, Kalkınma ve Yatırım Bankaları",raw/TP_BKR_TRY_17_2020-01-01_2026-06-30_request.json,5c5c32ca255e82ea085f7b0d8cb35f204434ce306aabf9baf971734b1769b65b,raw/TP_BKR_TRY_17_2020-01-01_2026-06-30_response.json.gz,dea56e5b59e71af0b7a1e954248bbc21d1856161bfed308715007008a4d814ff,observed,within_series_coverage,False,False
TP.BKR.TRY.17,2024-12,2024-12-01,2024-12-31,2024-12,60,31.45,31.45000000,False,1733000400,vehicle_loan_rate,"Tasit kredisi (TL, Stok, %) faiz oranini konut kredisi karsilastirmasina eklemek","Taşıt Kredisi (TL, Stok, %)","Vehicle Loans (TRY) (Stock, %)",bie_kt210a,AYLIK,Ağırlıklı ortalama,avg,"Mevduat, Kalkınma ve Yatırım Bankaları",raw/TP_BKR_TRY_17_2020-01-01_2026-06-30_request.json,5c5c32ca255e82ea085f7b0d8cb35f204434ce306aabf9baf971734b1769b65b,raw/TP_BKR_TRY_17_2020-01-01_2026-06-30_response.json.gz,dea56e5b59e71af0b7a1e954248bbc21d1856161bfed308715007008a4d814ff,observed,within_series_coverage,False,False
TP.BKR.TRY.17,2025-01,2025-01-01,2025-01-31,2025-01,61,31.07,31.07000000,False,1735678800,vehicle_loan_rate,"Tasit kredisi (TL, Stok, %) faiz oranini konut kredisi karsilastirmasina eklemek","Taşıt Kredisi (TL, Stok, %)","Vehicle Loans (TRY) (Stock, %)",bie_kt210a,AYLIK,Ağırlıklı ortalama,avg,"Mevduat, Kalkınma ve Yatırım Bankaları",raw/TP_BKR_TRY_17_2020-01-01_2026-06-30_request.json,5c5c32ca255e82ea085f7b0d8cb35f204434ce306aabf9baf971734b1769b65b,raw/TP_BKR_TRY_17_2020-01-01_2026-06-30_response.json.gz,dea56e5b59e71af0b7a1e954248bbc21d1856161bfed308715007008a4d814ff,observed,within_series_coverage,False,False
TP.BKR.TRY.17,2025-02,2025-02-01,2025-02-28,2025-02,62,33.16,33.16000000,False,1738357200,vehicle_loan_rate,"Tasit kredisi (TL, Stok, %) faiz oranini konut kredisi karsilastirmasina eklemek","Taşıt Kredisi (TL, Stok, %)","Vehicle Loans (TRY) (Stock, %)",bie_kt210a,AYLIK,Ağırlıklı ortalama,avg,"Mevduat, Kalkınma ve Yatırım Bankaları",raw/TP_BKR_TRY_17_2020-01-01_2026-06-30_request.json,5c5c32ca255e82ea085f7b0d8cb35f204434ce306aabf9baf971734b1769b65b,raw/TP_BKR_TRY_17_2020-01-01_2026-06-30_response.json.gz,dea56e5b59e71af0b7a1e954248bbc21d1856161bfed308715007008a4d814ff,observed,within_series_coverage,False,False
TP.BKR.TRY.17,2025-03,2025-03-01,2025-03-31,2025-03,63,33.23,33.23000000,False,1740776400,vehicle_loan_rate,"Tasit kredisi (TL, Stok, %) faiz oranini konut kredisi karsilastirmasina eklemek","Taşıt Kredisi (TL, Stok, %)","Vehicle Loans (TRY) (Stock, %)",bie_kt210a,AYLIK,Ağırlıklı ortalama,avg,"Mevduat, Kalkınma ve Yatırım Bankaları",raw/TP_BKR_TRY_17_2020-01-01_2026-06-30_request.json,5c5c32ca255e82ea085f7b0d8cb35f204434ce306aabf9baf971734b1769b65b,raw/TP_BKR_TRY_17_2020-01-01_2026-06-30_response.json.gz,dea56e5b59e71af0b7a1e954248bbc21d1856161bfed308715007008a4d814ff,observed,within_series_coverage,False,False
TP.BKR.TRY.17,2025-04,2025-04-01,2025-04-30,2025-04,64,33.83,33.83000000,False,1743454800,vehicle_loan_rate,"Tasit kredisi (TL, Stok, %) faiz oranini konut kredisi karsilastirmasina eklemek","Taşıt Kredisi (TL, Stok, %)","Vehicle Loans (TRY) (Stock, %)",bie_kt210a,AYLIK,Ağırlıklı ortalama,avg,"Mevduat, Kalkınma ve Yatırım Bankaları",raw/TP_BKR_TRY_17_2020-01-01_2026-06-30_request.json,5c5c32ca255e82ea085f7b0d8cb35f204434ce306aabf9baf971734b1769b65b,raw/TP_BKR_TRY_17_2020-01-01_2026-06-30_response.json.gz,dea56e5b59e71af0b7a1e954248bbc21d1856161bfed308715007008a4d814ff,observed,within_series_coverage,False,False
TP.BKR.TRY.17,2025-05,2025-05-01,2025-05-31,2025-05,65,34.25,34.25000000,False,1746046800,vehicle_loan_rate,"Tasit kredisi (TL, Stok, %) faiz oranini konut kredisi karsilastirmasina eklemek","Taşıt Kredisi (TL, Stok, %)","Vehicle Loans (TRY) (Stock, %)",bie_kt210a,AYLIK,Ağırlıklı ortalama,avg,"Mevduat, Kalkınma ve Yatırım Bankaları",raw/TP_BKR_TRY_17_2020-01-01_2026-06-30_request.json,5c5c32ca255e82ea085f7b0d8cb35f204434ce306aabf9baf971734b1769b65b,raw/TP_BKR_TRY_17_2020-01-01_2026-06-30_response.json.gz,dea56e5b59e71af0b7a1e954248bbc21d1856161bfed308715007008a4d814ff,observed,within_series_coverage,False,False
TP.BKR.TRY.17,2025-06,2025-06-01,2025-06-30,2025-06,66,34.68,34.68000000,False,1748725200,vehicle_loan_rate,"Tasit kredisi (TL, Stok, %) faiz oranini konut kredisi karsilastirmasina eklemek","Taşıt Kredisi (TL, Stok, %)","Vehicle Loans (TRY) (Stock, %)",bie_kt210a,AYLIK,Ağırlıklı ortalama,avg,"Mevduat, Kalkınma ve Yatırım Bankaları",raw/TP_BKR_TRY_17_2020-01-01_2026-06-30_request.json,5c5c32ca255e82ea085f7b0d8cb35f204434ce306aabf9baf971734b1769b65b,raw/TP_BKR_TRY_17_2020-01-01_2026-06-30_response.json.gz,dea56e5b59e71af0b7a1e954248bbc21d1856161bfed308715007008a4d814ff,observed,within_series_coverage,False,False
TP.BKR.TRY.17,2025-07,2025-07-01,2025-07-31,2025-07,67,34.74,34.74000000,False,1751317200,vehicle_loan_rate,"Tasit kredisi (TL, Stok, %) faiz oranini konut kredisi karsilastirmasina eklemek","Taşıt Kredisi (TL, Stok, %)","Vehicle Loans (TRY) (Stock, %)",bie_kt210a,AYLIK,Ağırlıklı ortalama,avg,"Mevduat, Kalkınma ve Yatırım Bankaları",raw/TP_BKR_TRY_17_2020-01-01_2026-06-30_request.json,5c5c32ca255e82ea085f7b0d8cb35f204434ce306aabf9baf971734b1769b65b,raw/TP_BKR_TRY_17_2020-01-01_2026-06-30_response.json.gz,dea56e5b59e71af0b7a1e954248bbc21d1856161bfed308715007008a4d814ff,observed,within_series_coverage,False,False
TP.BKR.TRY.17,2025-08,2025-08-01,2025-08-31,2025-08,68,34.79,34.79000000,False,1753995600,vehicle_loan_rate,"Tasit kredisi (TL, Stok, %) faiz oranini konut kredisi karsilastirmasina eklemek","Taşıt Kredisi (TL, Stok, %)","Vehicle Loans (TRY) (Stock, %)",bie_kt210a,AYLIK,Ağırlıklı ortalama,avg,"Mevduat, Kalkınma ve Yatırım Bankaları",raw/TP_BKR_TRY_17_2020-01-01_2026-06-30_request.json,5c5c32ca255e82ea085f7b0d8cb35f204434ce306aabf9baf971734b1769b65b,raw/TP_BKR_TRY_17_2020-01-01_2026-06-30_response.json.gz,dea56e5b59e71af0b7a1e954248bbc21d1856161bfed308715007008a4d814ff,observed,within_series_coverage,False,False
TP.BKR.TRY.17,2025-09,2025-09-01,2025-09-30,2025-09,69,35.16,35.16000000,False,1756674000,vehicle_loan_rate,"Tasit kredisi (TL, Stok, %) faiz oranini konut kredisi karsilastirmasina eklemek","Taşıt Kredisi (TL, Stok, %)","Vehicle Loans (TRY) (Stock, %)",bie_kt210a,AYLIK,Ağırlıklı ortalama,avg,"Mevduat, Kalkınma ve Yatırım Bankaları",raw/TP_BKR_TRY_17_2020-01-01_2026-06-30_request.json,5c5c32ca255e82ea085f7b0d8cb35f204434ce306aabf9baf971734b1769b65b,raw/TP_BKR_TRY_17_2020-01-01_2026-06-30_response.json.gz,dea56e5b59e71af0b7a1e954248bbc21d1856161bfed308715007008a4d814ff,observed,within_series_coverage,False,False
TP.BKR.TRY.17,2025-10,2025-10-01,2025-10-31,2025-10,70,35.0,35.00000000,False,1759266000,vehicle_loan_rate,"Tasit kredisi (TL, Stok, %) faiz oranini konut kredisi karsilastirmasina eklemek","Taşıt Kredisi (TL, Stok, %)","Vehicle Loans (TRY) (Stock, %)",bie_kt210a,AYLIK,Ağırlıklı ortalama,avg,"Mevduat, Kalkınma ve Yatırım Bankaları",raw/TP_BKR_TRY_17_2020-01-01_2026-06-30_request.json,5c5c32ca255e82ea085f7b0d8cb35f204434ce306aabf9baf971734b1769b65b,raw/TP_BKR_TRY_17_2020-01-01_2026-06-30_response.json.gz,dea56e5b59e71af0b7a1e954248bbc21d1856161bfed308715007008a4d814ff,observed,within_series_coverage,False,False
TP.BKR.TRY.17,2025-11,2025-11-01,2025-11-30,2025-11,71,34.51,34.51000000,False,1761944400,vehicle_loan_rate,"Tasit kredisi (TL, Stok, %) faiz oranini konut kredisi karsilastirmasina eklemek","Taşıt Kredisi (TL, Stok, %)","Vehicle Loans (TRY) (Stock, %)",bie_kt210a,AYLIK,Ağırlıklı ortalama,avg,"Mevduat, Kalkınma ve Yatırım Bankaları",raw/TP_BKR_TRY_17_2020-01-01_2026-06-30_request.json,5c5c32ca255e82ea085f7b0d8cb35f204434ce306aabf9baf971734b1769b65b,raw/TP_BKR_TRY_17_2020-01-01_2026-06-30_response.json.gz,dea56e5b59e71af0b7a1e954248bbc21d1856161bfed308715007008a4d814ff,observed,within_series_coverage,False,False
TP.BKR.TRY.17,2025-12,2025-12-01,2025-12-31,2025-12,72,33.78,33.78000000,False,1764536400,vehicle_loan_rate,"Tasit kredisi (TL, Stok, %) faiz oranini konut kredisi karsilastirmasina eklemek","Taşıt Kredisi (TL, Stok, %)","Vehicle Loans (TRY) (Stock, %)",bie_kt210a,AYLIK,Ağırlıklı ortalama,avg,"Mevduat, Kalkınma ve Yatırım Bankaları",raw/TP_BKR_TRY_17_2020-01-01_2026-06-30_request.json,5c5c32ca255e82ea085f7b0d8cb35f204434ce306aabf9baf971734b1769b65b,raw/TP_BKR_TRY_17_2020-01-01_2026-06-30_response.json.gz,dea56e5b59e71af0b7a1e954248bbc21d1856161bfed308715007008a4d814ff,observed,within_series_coverage,False,False
TP.BKR.TRY.17,2026-01,2026-01-01,2026-01-31,2026-01,73,33.59,33.59000000,False,1767214800,vehicle_loan_rate,"Tasit kredisi (TL, Stok, %) faiz oranini konut kredisi karsilastirmasina eklemek","Taşıt Kredisi (TL, Stok, %)","Vehicle Loans (TRY) (Stock, %)",bie_kt210a,AYLIK,Ağırlıklı ortalama,avg,"Mevduat, Kalkınma ve Yatırım Bankaları",raw/TP_BKR_TRY_17_2020-01-01_2026-06-30_request.json,5c5c32ca255e82ea085f7b0d8cb35f204434ce306aabf9baf971734b1769b65b,raw/TP_BKR_TRY_17_2020-01-01_2026-06-30_response.json.gz,dea56e5b59e71af0b7a1e954248bbc21d1856161bfed308715007008a4d814ff,observed,within_series_coverage,False,False
TP.BKR.TRY.17,2026-02,2026-02-01,2026-02-28,2026-02,74,34.27,34.27000000,False,1769893200,vehicle_loan_rate,"Tasit kredisi (TL, Stok, %) faiz oranini konut kredisi karsilastirmasina eklemek","Taşıt Kredisi (TL, Stok, %)","Vehicle Loans (TRY) (Stock, %)",bie_kt210a,AYLIK,Ağırlıklı ortalama,avg,"Mevduat, Kalkınma ve Yatırım Bankaları",raw/TP_BKR_TRY_17_2020-01-01_2026-06-30_request.json,5c5c32ca255e82ea085f7b0d8cb35f204434ce306aabf9baf971734b1769b65b,raw/TP_BKR_TRY_17_2020-01-01_2026-06-30_response.json.gz,dea56e5b59e71af0b7a1e954248bbc21d1856161bfed308715007008a4d814ff,observed,within_series_coverage,False,False
TP.BKR.TRY.17,2026-03,2026-03-01,2026-03-31,2026-03,75,39.69,39.69000000,False,1772312400,vehicle_loan_rate,"Tasit kredisi (TL, Stok, %) faiz oranini konut kredisi karsilastirmasina eklemek","Taşıt Kredisi (TL, Stok, %)","Vehicle Loans (TRY) (Stock, %)",bie_kt210a,AYLIK,Ağırlıklı ortalama,avg,"Mevduat, Kalkınma ve Yatırım Bankaları",raw/TP_BKR_TRY_17_2020-01-01_2026-06-30_request.json,5c5c32ca255e82ea085f7b0d8cb35f204434ce306aabf9baf971734b1769b65b,raw/TP_BKR_TRY_17_2020-01-01_2026-06-30_response.json.gz,dea56e5b59e71af0b7a1e954248bbc21d1856161bfed308715007008a4d814ff,observed,within_series_coverage,False,False
TP.BKR.TRY.17,2026-04,2026-04-01,2026-04-30,2026-04,76,39.73,39.73000000,False,1774990800,vehicle_loan_rate,"Tasit kredisi (TL, Stok, %) faiz oranini konut kredisi karsilastirmasina eklemek","Taşıt Kredisi (TL, Stok, %)","Vehicle Loans (TRY) (Stock, %)",bie_kt210a,AYLIK,Ağırlıklı ortalama,avg,"Mevduat, Kalkınma ve Yatırım Bankaları",raw/TP_BKR_TRY_17_2020-01-01_2026-06-30_request.json,5c5c32ca255e82ea085f7b0d8cb35f204434ce306aabf9baf971734b1769b65b,raw/TP_BKR_TRY_17_2020-01-01_2026-06-30_response.json.gz,dea56e5b59e71af0b7a1e954248bbc21d1856161bfed308715007008a4d814ff,observed,within_series_coverage,False,False
TP.BKR.TRY.17,2026-05,2026-05-01,2026-05-31,2026-05,77,39.43,39.43000000,False,1777582800,vehicle_loan_rate,"Tasit kredisi (TL, Stok, %) faiz oranini konut kredisi karsilastirmasina eklemek","Taşıt Kredisi (TL, Stok, %)","Vehicle Loans (TRY) (Stock, %)",bie_kt210a,AYLIK,Ağırlıklı ortalama,avg,"Mevduat, Kalkınma ve Yatırım Bankaları",raw/TP_BKR_TRY_17_2020-01-01_2026-06-30_request.json,5c5c32ca255e82ea085f7b0d8cb35f204434ce306aabf9baf971734b1769b65b,raw/TP_BKR_TRY_17_2020-01-01_2026-06-30_response.json.gz,dea56e5b59e71af0b7a1e954248bbc21d1856161bfed308715007008a4d814ff,observed,within_series_coverage,False,False
TP.BKR.TRY.17,2026-06,2026-06-01,2026-06-30,2026-06,78,40.12,40.12000000,False,1780261200,vehicle_loan_rate,"Tasit kredisi (TL, Stok, %) faiz oranini konut kredisi karsilastirmasina eklemek","Taşıt Kredisi (TL, Stok, %)","Vehicle Loans (TRY) (Stock, %)",bie_kt210a,AYLIK,Ağırlıklı ortalama,avg,"Mevduat, Kalkınma ve Yatırım Bankaları",raw/TP_BKR_TRY_17_2020-01-01_2026-06-30_request.json,5c5c32ca255e82ea085f7b0d8cb35f204434ce306aabf9baf971734b1769b65b,raw/TP_BKR_TRY_17_2020-01-01_2026-06-30_response.json.gz,dea56e5b59e71af0b7a1e954248bbc21d1856161bfed308715007008a4d814ff,observed,within_series_coverage,False,False
TP.TRY.MT02,2020-01-03,2020-01-03,2020-01-03,03-01-2020,1,10.46,10.46000000,False,1578006000,short_term_deposit_rate,3 aya kadar vadeli TL mevduat faiz oranini alternatif getiri kanali olarak izlemek,"3 Aya Kadar Vadeli (TL Mevduat, Akım, %)","Up to 3 Months (TRY Deposits, Flow, %)",bie_mt100h,HAFTALIK(CUMA),Ağırlıklı ortalama,avg,Mevduat Bankaları,raw/TP_TRY_MT02_2020-01-01_2020-12-31_request.json,4cd6b2fd4342ac7abc5d86633cfea774580e7ca27d3d981e9b9e5559b39170b2,raw/TP_TRY_MT02_2020-01-01_2020-12-31_response.json.gz,04a5fac6b6990853e9ba0c986cc5cdf6217508c76dde36ca14ac63f31d98e728,observed,within_series_coverage,False,False
TP.TRY.MT02,2020-01-10,2020-01-10,2020-01-10,10-01-2020,2,10.33,10.33000000,False,1578610800,short_term_deposit_rate,3 aya kadar vadeli TL mevduat faiz oranini alternatif getiri kanali olarak izlemek,"3 Aya Kadar Vadeli (TL Mevduat, Akım, %)","Up to 3 Months (TRY Deposits, Flow, %)",bie_mt100h,HAFTALIK(CUMA),Ağırlıklı ortalama,avg,Mevduat Bankaları,raw/TP_TRY_MT02_2020-01-01_2020-12-31_request.json,4cd6b2fd4342ac7abc5d86633cfea774580e7ca27d3d981e9b9e5559b39170b2,raw/TP_TRY_MT02_2020-01-01_2020-12-31_response.json.gz,04a5fac6b6990853e9ba0c986cc5cdf6217508c76dde36ca14ac63f31d98e728,observed,within_series_coverage,False,False
TP.TRY.MT02,2020-01-17,2020-01-17,2020-01-17,17-01-2020,3,10.33,10.33000000,False,1579215600,short_term_deposit_rate,3 aya kadar vadeli TL mevduat faiz oranini alternatif getiri kanali olarak izlemek,"3 Aya Kadar Vadeli (TL Mevduat, Akım, %)","Up to 3 Months (TRY Deposits, Flow, %)",bie_mt100h,HAFTALIK(CUMA),Ağırlıklı ortalama,avg,Mevduat Bankaları,raw/TP_TRY_MT02_2020-01-01_2020-12-31_request.json,4cd6b2fd4342ac7abc5d86633cfea774580e7ca27d3d981e9b9e5559b39170b2,raw/TP_TRY_MT02_2020-01-01_2020-12-31_response.json.gz,04a5fac6b6990853e9ba0c986cc5cdf6217508c76dde36ca14ac63f31d98e728,observed,within_series_coverage,False,False
TP.TRY.MT02,2020-01-24,2020-01-24,2020-01-24,24-01-2020,4,9.95,9.95000000,False,1579820400,short_term_deposit_rate,3 aya kadar vadeli TL mevduat faiz oranini alternatif getiri kanali olarak izlemek,"3 Aya Kadar Vadeli (TL Mevduat, Akım, %)","Up to 3 Months (TRY Deposits, Flow, %)",bie_mt100h,HAFTALIK(CUMA),Ağırlıklı ortalama,avg,Mevduat Bankaları,raw/TP_TRY_MT02_2020-01-01_2020-12-31_request.json,4cd6b2fd4342ac7abc5d86633cfea774580e7ca27d3d981e9b9e5559b39170b2,raw/TP_TRY_MT02_2020-01-01_2020-12-31_response.json.gz,04a5fac6b6990853e9ba0c986cc5cdf6217508c76dde36ca14ac63f31d98e728,observed,within_series_coverage,False,False
TP.TRY.MT02,2020-01-31,2020-01-31,2020-01-31,31-01-2020,5,9.93,9.93000000,False,1580425200,short_term_deposit_rate,3 aya kadar vadeli TL mevduat faiz oranini alternatif getiri kanali olarak izlemek,"3 Aya Kadar Vadeli (TL Mevduat, Akım, %)","Up to 3 Months (TRY Deposits, Flow, %)",bie_mt100h,HAFTALIK(CUMA),Ağırlıklı ortalama,avg,Mevduat Bankaları,raw/TP_TRY_MT02_2020-01-01_2020-12-31_request.json,4cd6b2fd4342ac7abc5d86633cfea774580e7ca27d3d981e9b9e5559b39170b2,raw/TP_TRY_MT02_2020-01-01_2020-12-31_response.json.gz,04a5fac6b6990853e9ba0c986cc5cdf6217508c76dde36ca14ac63f31d98e728,observed,within_series_coverage,False,False
TP.TRY.MT02,2020-02-07,2020-02-07,2020-02-07,07-02-2020,6,9.8,9.80000000,False,1581030000,short_term_deposit_rate,3 aya kadar vadeli TL mevduat faiz oranini alternatif getiri kanali olarak izlemek,"3 Aya Kadar Vadeli (TL Mevduat, Akım, %)","Up to 3 Months (TRY Deposits, Flow, %)",bie_mt100h,HAFTALIK(CUMA),Ağırlıklı ortalama,avg,Mevduat Bankaları,raw/TP_TRY_MT02_2020-01-01_2020-12-31_request.json,4cd6b2fd4342ac7abc5d86633cfea774580e7ca27d3d981e9b9e5559b39170b2,raw/TP_TRY_MT02_2020-01-01_2020-12-31_response.json.gz,04a5fac6b6990853e9ba0c986cc5cdf6217508c76dde36ca14ac63f31d98e728,observed,within_series_coverage,False,False
TP.TRY.MT02,2020-02-14,2020-02-14,2020-02-14,14-02-2020,7,9.92,9.92000000,False,1581634800,short_term_deposit_rate,3 aya kadar vadeli TL mevduat faiz oranini alternatif getiri kanali olarak izlemek,"3 Aya Kadar Vadeli (TL Mevduat, Akım, %)","Up to 3 Months (TRY Deposits, Flow, %)",bie_mt100h,HAFTALIK(CUMA),Ağırlıklı ortalama,avg,Mevduat Bankaları,raw/TP_TRY_MT02_2020-01-01_2020-12-31_request.json,4cd6b2fd4342ac7abc5d86633cfea774580e7ca27d3d981e9b9e5559b39170b2,raw/TP_TRY_MT02_2020-01-01_2020-12-31_response.json.gz,04a5fac6b6990853e9ba0c986cc5cdf6217508c76dde36ca14ac63f31d98e728,observed,within_series_coverage,False,False
TP.TRY.MT02,2020-02-21,2020-02-21,2020-02-21,21-02-2020,8,9.87,9.87000000,False,1582239600,short_term_deposit_rate,3 aya kadar vadeli TL mevduat faiz oranini alternatif getiri kanali olarak izlemek,"3 Aya Kadar Vadeli (TL Mevduat, Akım, %)","Up to 3 Months (TRY Deposits, Flow, %)",bie_mt100h,HAFTALIK(CUMA),Ağırlıklı ortalama,avg,Mevduat Bankaları,raw/TP_TRY_MT02_2020-01-01_2020-12-31_request.json,4cd6b2fd4342ac7abc5d86633cfea774580e7ca27d3d981e9b9e5559b39170b2,raw/TP_TRY_MT02_2020-01-01_2020-12-31_response.json.gz,04a5fac6b6990853e9ba0c986cc5cdf6217508c76dde36ca14ac63f31d98e728,observed,within_series_coverage,False,False
TP.TRY.MT02,2020-02-28,2020-02-28,2020-02-28,28-02-2020,9,9.92,9.92000000,False,1582844400,short_term_deposit_rate,3 aya kadar vadeli TL mevduat faiz oranini alternatif getiri kanali olarak izlemek,"3 Aya Kadar Vadeli (TL Mevduat, Akım, %)","Up to 3 Months (TRY Deposits, Flow, %)",bie_mt100h,HAFTALIK(CUMA),Ağırlıklı ortalama,avg,Mevduat Bankaları,raw/TP_TRY_MT02_2020-01-01_2020-12-31_request.json,4cd6b2fd4342ac7abc5d86633cfea774580e7ca27d3d981e9b9e5559b39170b2,raw/TP_TRY_MT02_2020-01-01_2020-12-31_response.json.gz,04a5fac6b6990853e9ba0c986cc5cdf6217508c76dde36ca14ac63f31d98e728,observed,within_series_coverage,False,False
TP.TRY.MT02,2020-03-06,2020-03-06,2020-03-06,06-03-2020,10,10.09,10.09000000,False,1583449200,short_term_deposit_rate,3 aya kadar vadeli TL mevduat faiz oranini alternatif getiri kanali olarak izlemek,"3 Aya Kadar Vadeli (TL Mevduat, Akım, %)","Up to 3 Months (TRY Deposits, Flow, %)",bie_mt100h,HAFTALIK(CUMA),Ağırlıklı ortalama,avg,Mevduat Bankaları,raw/TP_TRY_MT02_2020-01-01_2020-12-31_request.json,4cd6b2fd4342ac7abc5d86633cfea774580e7ca27d3d981e9b9e5559b39170b2,raw/TP_TRY_MT02_2020-01-01_2020-12-31_response.json.gz,04a5fac6b6990853e9ba0c986cc5cdf6217508c76dde36ca14ac63f31d98e728,observed,within_series_coverage,False,False
TP.TRY.MT02,2020-03-13,2020-03-13,2020-03-13,13-03-2020,11,10.02,10.02000000,False,1584054000,short_term_deposit_rate,3 aya kadar vadeli TL mevduat faiz oranini alternatif getiri kanali olarak izlemek,"3 Aya Kadar Vadeli (TL Mevduat, Akım, %)","Up to 3 Months (TRY Deposits, Flow, %)",bie_mt100h,HAFTALIK(CUMA),Ağırlıklı ortalama,avg,Mevduat Bankaları,raw/TP_TRY_MT02_2020-01-01_2020-12-31_request.json,4cd6b2fd4342ac7abc5d86633cfea774580e7ca27d3d981e9b9e5559b39170b2,raw/TP_TRY_MT02_2020-01-01_2020-12-31_response.json.gz,04a5fac6b6990853e9ba0c986cc5cdf6217508c76dde36ca14ac63f31d98e728,observed,within_series_coverage,False,False
TP.TRY.MT02,2020-03-20,2020-03-20,2020-03-20,20-03-2020,12,10.0,10.00000000,False,1584658800,short_term_deposit_rate,3 aya kadar vadeli TL mevduat faiz oranini alternatif getiri kanali olarak izlemek,"3 Aya Kadar Vadeli (TL Mevduat, Akım, %)","Up to 3 Months (TRY Deposits, Flow, %)",bie_mt100h,HAFTALIK(CUMA),Ağırlıklı ortalama,avg,Mevduat Bankaları,raw/TP_TRY_MT02_2020-01-01_2020-12-31_request.json,4cd6b2fd4342ac7abc5d86633cfea774580e7ca27d3d981e9b9e5559b39170b2,raw/TP_TRY_MT02_2020-01-01_2020-12-31_response.json.gz,04a5fac6b6990853e9ba0c986cc5cdf6217508c76dde36ca14ac63f31d98e728,observed,within_series_coverage,False,False
TP.TRY.MT02,2020-03-27,2020-03-27,2020-03-27,27-03-2020,13,10.23,10.23000000,False,1585263600,short_term_deposit_rate,3 aya kadar vadeli TL mevduat faiz oranini alternatif getiri kanali olarak izlemek,"3 Aya Kadar Vadeli (TL Mevduat, Akım, %)","Up to 3 Months (TRY Deposits, Flow, %)",bie_mt100h,HAFTALIK(CUMA),Ağırlıklı ortalama,avg,Mevduat Bankaları,raw/TP_TRY_MT02_2020-01-01_2020-12-31_request.json,4cd6b2fd4342ac7abc5d86633cfea774580e7ca27d3d981e9b9e5559b39170b2,raw/TP_TRY_MT02_2020-01-01_2020-12-31_response.json.gz,04a5fac6b6990853e9ba0c986cc5cdf6217508c76dde36ca14ac63f31d98e728,observed,within_series_coverage,False,False
TP.TRY.MT02,2020-04-03,2020-04-03,2020-04-03,03-04-2020,14,10.29,10.29000000,False,1585864800,short_term_deposit_rate,3 aya kadar vadeli TL mevduat faiz oranini alternatif getiri kanali olarak izlemek,"3 Aya Kadar Vadeli (TL Mevduat, Akım, %)","Up to 3 Months (TRY Deposits, Flow, %)",bie_mt100h,HAFTALIK(CUMA),Ağırlıklı ortalama,avg,Mevduat Bankaları,raw/TP_TRY_MT02_2020-01-01_2020-12-31_request.json,4cd6b2fd4342ac7abc5d86633cfea774580e7ca27d3d981e9b9e5559b39170b2,raw/TP_TRY_MT02_2020-01-01_2020-12-31_response.json.gz,04a5fac6b6990853e9ba0c986cc5cdf6217508c76dde36ca14ac63f31d98e728,observed,within_series_coverage,False,False
TP.TRY.MT02,2020-04-10,2020-04-10,2020-04-10,10-04-2020,15,10.17,10.17000000,False,1586469600,short_term_deposit_rate,3 aya kadar vadeli TL mevduat faiz oranini alternatif getiri kanali olarak izlemek,"3 Aya Kadar Vadeli (TL Mevduat, Akım, %)","Up to 3 Months (TRY Deposits, Flow, %)",bie_mt100h,HAFTALIK(CUMA),Ağırlıklı ortalama,avg,Mevduat Bankaları,raw/TP_TRY_MT02_2020-01-01_2020-12-31_request.json,4cd6b2fd4342ac7abc5d86633cfea774580e7ca27d3d981e9b9e5559b39170b2,raw/TP_TRY_MT02_2020-01-01_2020-12-31_response.json.gz,04a5fac6b6990853e9ba0c986cc5cdf6217508c76dde36ca14ac63f31d98e728,observed,within_series_coverage,False,False
TP.TRY.MT02,2020-04-17,2020-04-17,2020-04-17,17-04-2020,16,10.23,10.23000000,False,1587074400,short_term_deposit_rate,3 aya kadar vadeli TL mevduat faiz oranini alternatif getiri kanali olarak izlemek,"3 Aya Kadar Vadeli (TL Mevduat, Akım, %)","Up to 3 Months (TRY Deposits, Flow, %)",bie_mt100h,HAFTALIK(CUMA),Ağırlıklı ortalama,avg,Mevduat Bankaları,raw/TP_TRY_MT02_2020-01-01_2020-12-31_request.json,4cd6b2fd4342ac7abc5d86633cfea774580e7ca27d3d981e9b9e5559b39170b2,raw/TP_TRY_MT02_2020-01-01_2020-12-31_response.json.gz,04a5fac6b6990853e9ba0c986cc5cdf6217508c76dde36ca14ac63f31d98e728,observed,within_series_coverage,False,False
TP.TRY.MT02,2020-04-24,2020-04-24,2020-04-24,24-04-2020,17,9.54,9.54000000,False,1587679200,short_term_deposit_rate,3 aya kadar vadeli TL mevduat faiz oranini alternatif getiri kanali olarak izlemek,"3 Aya Kadar Vadeli (TL Mevduat, Akım, %)","Up to 3 Months (TRY Deposits, Flow, %)",bie_mt100h,HAFTALIK(CUMA),Ağırlıklı ortalama,avg,Mevduat Bankaları,raw/TP_TRY_MT02_2020-01-01_2020-12-31_request.json,4cd6b2fd4342ac7abc5d86633cfea774580e7ca27d3d981e9b9e5559b39170b2,raw/TP_TRY_MT02_2020-01-01_2020-12-31_response.json.gz,04a5fac6b6990853e9ba0c986cc5cdf6217508c76dde36ca14ac63f31d98e728,observed,within_series_coverage,False,False
TP.TRY.MT02,2020-05-01,2020-05-01,2020-05-01,01-05-2020,18,8.82,8.82000000,False,1588284000,short_term_deposit_rate,3 aya kadar vadeli TL mevduat faiz oranini alternatif getiri kanali olarak izlemek,"3 Aya Kadar Vadeli (TL Mevduat, Akım, %)","Up to 3 Months (TRY Deposits, Flow, %)",bie_mt100h,HAFTALIK(CUMA),Ağırlıklı ortalama,avg,Mevduat Bankaları,raw/TP_TRY_MT02_2020-01-01_2020-12-31_request.json,4cd6b2fd4342ac7abc5d86633cfea774580e7ca27d3d981e9b9e5559b39170b2,raw/TP_TRY_MT02_2020-01-01_2020-12-31_response.json.gz,04a5fac6b6990853e9ba0c986cc5cdf6217508c76dde36ca14ac63f31d98e728,observed,within_series_coverage,False,False
TP.TRY.MT02,2020-05-08,2020-05-08,2020-05-08,08-05-2020,19,8.44,8.44000000,False,1588888800,short_term_deposit_rate,3 aya kadar vadeli TL mevduat faiz oranini alternatif getiri kanali olarak izlemek,"3 Aya Kadar Vadeli (TL Mevduat, Akım, %)","Up to 3 Months (TRY Deposits, Flow, %)",bie_mt100h,HAFTALIK(CUMA),Ağırlıklı ortalama,avg,Mevduat Bankaları,raw/TP_TRY_MT02_2020-01-01_2020-12-31_request.json,4cd6b2fd4342ac7abc5d86633cfea774580e7ca27d3d981e9b9e5559b39170b2,raw/TP_TRY_MT02_2020-01-01_2020-12-31_response.json.gz,04a5fac6b6990853e9ba0c986cc5cdf6217508c76dde36ca14ac63f31d98e728,observed,within_series_coverage,False,False
TP.TRY.MT02,2020-05-15,2020-05-15,2020-05-15,15-05-2020,20,8.2,8.20000000,False,1589493600,short_term_deposit_rate,3 aya kadar vadeli TL mevduat faiz oranini alternatif getiri kanali olarak izlemek,"3 Aya Kadar Vadeli (TL Mevduat, Akım, %)","Up to 3 Months (TRY Deposits, Flow, %)",bie_mt100h,HAFTALIK(CUMA),Ağırlıklı ortalama,avg,Mevduat Bankaları,raw/TP_TRY_MT02_2020-01-01_2020-12-31_request.json,4cd6b2fd4342ac7abc5d86633cfea774580e7ca27d3d981e9b9e5559b39170b2,raw/TP_TRY_MT02_2020-01-01_2020-12-31_response.json.gz,04a5fac6b6990853e9ba0c986cc5cdf6217508c76dde36ca14ac63f31d98e728,observed,within_series_coverage,False,False
TP.TRY.MT02,2020-05-22,2020-05-22,2020-05-22,22-05-2020,21,8.03,8.03000000,False,1590098400,short_term_deposit_rate,3 aya kadar vadeli TL mevduat faiz oranini alternatif getiri kanali olarak izlemek,"3 Aya Kadar Vadeli (TL Mevduat, Akım, %)","Up to 3 Months (TRY Deposits, Flow, %)",bie_mt100h,HAFTALIK(CUMA),Ağırlıklı ortalama,avg,Mevduat Bankaları,raw/TP_TRY_MT02_2020-01-01_2020-12-31_request.json,4cd6b2fd4342ac7abc5d86633cfea774580e7ca27d3d981e9b9e5559b39170b2,raw/TP_TRY_MT02_2020-01-01_2020-12-31_response.json.gz,04a5fac6b6990853e9ba0c986cc5cdf6217508c76dde36ca14ac63f31d98e728,observed,within_series_coverage,False,False
TP.TRY.MT02,2020-05-29,2020-05-29,2020-05-29,29-05-2020,22,8.04,8.04000000,False,1590703200,short_term_deposit_rate,3 aya kadar vadeli TL mevduat faiz oranini alternatif getiri kanali olarak izlemek,"3 Aya Kadar Vadeli (TL Mevduat, Akım, %)","Up to 3 Months (TRY Deposits, Flow, %)",bie_mt100h,HAFTALIK(CUMA),Ağırlıklı ortalama,avg,Mevduat Bankaları,raw/TP_TRY_MT02_2020-01-01_2020-12-31_request.json,4cd6b2fd4342ac7abc5d86633cfea774580e7ca27d3d981e9b9e5559b39170b2,raw/TP_TRY_MT02_2020-01-01_2020-12-31_response.json.gz,04a5fac6b6990853e9ba0c986cc5cdf6217508c76dde36ca14ac63f31d98e728,observed,within_series_coverage,False,False
TP.TRY.MT02,2020-06-05,2020-06-05,2020-06-05,05-06-2020,23,8.15,8.15000000,False,1591308000,short_term_deposit_rate,3 aya kadar vadeli TL mevduat faiz oranini alternatif getiri kanali olarak izlemek,"3 Aya Kadar Vadeli (TL Mevduat, Akım, %)","Up to 3 Months (TRY Deposits, Flow, %)",bie_mt100h,HAFTALIK(CUMA),Ağırlıklı ortalama,avg,Mevduat Bankaları,raw/TP_TRY_MT02_2020-01-01_2020-12-31_request.json,4cd6b2fd4342ac7abc5d86633cfea774580e7ca27d3d981e9b9e5559b39170b2,raw/TP_TRY_MT02_2020-01-01_2020-12-31_response.json.gz,04a5fac6b6990853e9ba0c986cc5cdf6217508c76dde36ca14ac63f31d98e728,observed,within_series_coverage,False,False
TP.TRY.MT02,2020-06-12,2020-06-12,2020-06-12,12-06-2020,24,8.06,8.06000000,False,1591912800,short_term_deposit_rate,3 aya kadar vadeli TL mevduat faiz oranini alternatif getiri kanali olarak izlemek,"3 Aya Kadar Vadeli (TL Mevduat, Akım, %)","Up to 3 Months (TRY Deposits, Flow, %)",bie_mt100h,HAFTALIK(CUMA),Ağırlıklı ortalama,avg,Mevduat Bankaları,raw/TP_TRY_MT02_2020-01-01_2020-12-31_request.json,4cd6b2fd4342ac7abc5d86633cfea774580e7ca27d3d981e9b9e5559b39170b2,raw/TP_TRY_MT02_2020-01-01_2020-12-31_response.json.gz,04a5fac6b6990853e9ba0c986cc5cdf6217508c76dde36ca14ac63f31d98e728,observed,within_series_coverage,False,False
TP.TRY.MT02,2020-06-19,2020-06-19,2020-06-19,19-06-2020,25,8.19,8.19000000,False,1592517600,short_term_deposit_rate,3 aya kadar vadeli TL mevduat faiz oranini alternatif getiri kanali olarak izlemek,"3 Aya Kadar Vadeli (TL Mevduat, Akım, %)","Up to 3 Months (TRY Deposits, Flow, %)",bie_mt100h,HAFTALIK(CUMA),Ağırlıklı ortalama,avg,Mevduat Bankaları,raw/TP_TRY_MT02_2020-01-01_2020-12-31_request.json,4cd6b2fd4342ac7abc5d86633cfea774580e7ca27d3d981e9b9e5559b39170b2,raw/TP_TRY_MT02_2020-01-01_2020-12-31_response.json.gz,04a5fac6b6990853e9ba0c986cc5cdf6217508c76dde36ca14ac63f31d98e728,observed,within_series_coverage,False,False
TP.TRY.MT02,2020-06-26,2020-06-26,2020-06-26,26-06-2020,26,8.08,8.08000000,False,1593122400,short_term_deposit_rate,3 aya kadar vadeli TL mevduat faiz oranini alternatif getiri kanali olarak izlemek,"3 Aya Kadar Vadeli (TL Mevduat, Akım, %)","Up to 3 Months (TRY Deposits, Flow, %)",bie_mt100h,HAFTALIK(CUMA),Ağırlıklı ortalama,avg,Mevduat Bankaları,raw/TP_TRY_MT02_2020-01-01_2020-12-31_request.json,4cd6b2fd4342ac7abc5d86633cfea774580e7ca27d3d981e9b9e5559b39170b2,raw/TP_TRY_MT02_2020-01-01_2020-12-31_response.json.gz,04a5fac6b6990853e9ba0c986cc5cdf6217508c76dde36ca14ac63f31d98e728,observed,within_series_coverage,False,False
TP.TRY.MT02,2020-07-03,2020-07-03,2020-07-03,03-07-2020,27,8.07,8.07000000,False,1593727200,short_term_deposit_rate,3 aya kadar vadeli TL mevduat faiz oranini alternatif getiri kanali olarak izlemek,"3 Aya Kadar Vadeli (TL Mevduat, Akım, %)","Up to 3 Months (TRY Deposits, Flow, %)",bie_mt100h,HAFTALIK(CUMA),Ağırlıklı ortalama,avg,Mevduat Bankaları,raw/TP_TRY_MT02_2020-01-01_2020-12-31_request.json,4cd6b2fd4342ac7abc5d86633cfea774580e7ca27d3d981e9b9e5559b39170b2,raw/TP_TRY_MT02_2020-01-01_2020-12-31_response.json.gz,04a5fac6b6990853e9ba0c986cc5cdf6217508c76dde36ca14ac63f31d98e728,observed,within_series_coverage,False,False
TP.TRY.MT02,2020-07-10,2020-07-10,2020-07-10,10-07-2020,28,8.18,8.18000000,False,1594332000,short_term_deposit_rate,3 aya kadar vadeli TL mevduat faiz oranini alternatif getiri kanali olarak izlemek,"3 Aya Kadar Vadeli (TL Mevduat, Akım, %)","Up to 3 Months (TRY Deposits, Flow, %)",bie_mt100h,HAFTALIK(CUMA),Ağırlıklı ortalama,avg,Mevduat Bankaları,raw/TP_TRY_MT02_2020-01-01_2020-12-31_request.json,4cd6b2fd4342ac7abc5d86633cfea774580e7ca27d3d981e9b9e5559b39170b2,raw/TP_TRY_MT02_2020-01-01_2020-12-31_response.json.gz,04a5fac6b6990853e9ba0c986cc5cdf6217508c76dde36ca14ac63f31d98e728,observed,within_series_coverage,False,False
TP.TRY.MT02,2020-07-17,2020-07-17,2020-07-17,17-07-2020,29,8.17,8.17000000,False,1594936800,short_term_deposit_rate,3 aya kadar vadeli TL mevduat faiz oranini alternatif getiri kanali olarak izlemek,"3 Aya Kadar Vadeli (TL Mevduat, Akım, %)","Up to 3 Months (TRY Deposits, Flow, %)",bie_mt100h,HAFTALIK(CUMA),Ağırlıklı ortalama,avg,Mevduat Bankaları,raw/TP_TRY_MT02_2020-01-01_2020-12-31_request.json,4cd6b2fd4342ac7abc5d86633cfea774580e7ca27d3d981e9b9e5559b39170b2,raw/TP_TRY_MT02_2020-01-01_2020-12-31_response.json.gz,04a5fac6b6990853e9ba0c986cc5cdf6217508c76dde36ca14ac63f31d98e728,observed,within_series_coverage,False,False
TP.TRY.MT02,2020-07-24,2020-07-24,2020-07-24,24-07-2020,30,8.21,8.21000000,False,1595541600,short_term_deposit_rate,3 aya kadar vadeli TL mevduat faiz oranini alternatif getiri kanali olarak izlemek,"3 Aya Kadar Vadeli (TL Mevduat, Akım, %)","Up to 3 Months (TRY Deposits, Flow, %)",bie_mt100h,HAFTALIK(CUMA),Ağırlıklı ortalama,avg,Mevduat Bankaları,raw/TP_TRY_MT02_2020-01-01_2020-12-31_request.json,4cd6b2fd4342ac7abc5d86633cfea774580e7ca27d3d981e9b9e5559b39170b2,raw/TP_TRY_MT02_2020-01-01_2020-12-31_response.json.gz,04a5fac6b6990853e9ba0c986cc5cdf6217508c76dde36ca14ac63f31d98e728,observed,within_series_coverage,False,False
TP.TRY.MT02,2020-07-31,2020-07-31,2020-07-31,31-07-2020,31,8.16,8.16000000,False,1596146400,short_term_deposit_rate,3 aya kadar vadeli TL mevduat faiz oranini alternatif getiri kanali olarak izlemek,"3 Aya Kadar Vadeli (TL Mevduat, Akım, %)","Up to 3 Months (TRY Deposits, Flow, %)",bie_mt100h,HAFTALIK(CUMA),Ağırlıklı ortalama,avg,Mevduat Bankaları,raw/TP_TRY_MT02_2020-01-01_2020-12-31_request.json,4cd6b2fd4342ac7abc5d86633cfea774580e7ca27d3d981e9b9e5559b39170b2,raw/TP_TRY_MT02_2020-01-01_2020-12-31_response.json.gz,04a5fac6b6990853e9ba0c986cc5cdf6217508c76dde36ca14ac63f31d98e728,observed,within_series_coverage,False,False
TP.TRY.MT02,2020-08-07,2020-08-07,2020-08-07,07-08-2020,32,8.7,8.70000000,False,1596751200,short_term_deposit_rate,3 aya kadar vadeli TL mevduat faiz oranini alternatif getiri kanali olarak izlemek,"3 Aya Kadar Vadeli (TL Mevduat, Akım, %)","Up to 3 Months (TRY Deposits, Flow, %)",bie_mt100h,HAFTALIK(CUMA),Ağırlıklı ortalama,avg,Mevduat Bankaları,raw/TP_TRY_MT02_2020-01-01_2020-12-31_request.json,4cd6b2fd4342ac7abc5d86633cfea774580e7ca27d3d981e9b9e5559b39170b2,raw/TP_TRY_MT02_2020-01-01_2020-12-31_response.json.gz,04a5fac6b6990853e9ba0c986cc5cdf6217508c76dde36ca14ac63f31d98e728,observed,within_series_coverage,False,False
TP.TRY.MT02,2020-08-14,2020-08-14,2020-08-14,14-08-2020,33,10.06,10.06000000,False,1597356000,short_term_deposit_rate,3 aya kadar vadeli TL mevduat faiz oranini alternatif getiri kanali olarak izlemek,"3 Aya Kadar Vadeli (TL Mevduat, Akım, %)","Up to 3 Months (TRY Deposits, Flow, %)",bie_mt100h,HAFTALIK(CUMA),Ağırlıklı ortalama,avg,Mevduat Bankaları,raw/TP_TRY_MT02_2020-01-01_2020-12-31_request.json,4cd6b2fd4342ac7abc5d86633cfea774580e7ca27d3d981e9b9e5559b39170b2,raw/TP_TRY_MT02_2020-01-01_2020-12-31_response.json.gz,04a5fac6b6990853e9ba0c986cc5cdf6217508c76dde36ca14ac63f31d98e728,observed,within_series_coverage,False,False
TP.TRY.MT02,2020-08-21,2020-08-21,2020-08-21,21-08-2020,34,10.93,10.93000000,False,1597960800,short_term_deposit_rate,3 aya kadar vadeli TL mevduat faiz oranini alternatif getiri kanali olarak izlemek,"3 Aya Kadar Vadeli (TL Mevduat, Akım, %)","Up to 3 Months (TRY Deposits, Flow, %)",bie_mt100h,HAFTALIK(CUMA),Ağırlıklı ortalama,avg,Mevduat Bankaları,raw/TP_TRY_MT02_2020-01-01_2020-12-31_request.json,4cd6b2fd4342ac7abc5d86633cfea774580e7ca27d3d981e9b9e5559b39170b2,raw/TP_TRY_MT02_2020-01-01_2020-12-31_response.json.gz,04a5fac6b6990853e9ba0c986cc5cdf6217508c76dde36ca14ac63f31d98e728,observed,within_series_coverage,False,False
TP.TRY.MT02,2020-08-28,2020-08-28,2020-08-28,28-08-2020,35,11.44,11.44000000,False,1598565600,short_term_deposit_rate,3 aya kadar vadeli TL mevduat faiz oranini alternatif getiri kanali olarak izlemek,"3 Aya Kadar Vadeli (TL Mevduat, Akım, %)","Up to 3 Months (TRY Deposits, Flow, %)",bie_mt100h,HAFTALIK(CUMA),Ağırlıklı ortalama,avg,Mevduat Bankaları,raw/TP_TRY_MT02_2020-01-01_2020-12-31_request.json,4cd6b2fd4342ac7abc5d86633cfea774580e7ca27d3d981e9b9e5559b39170b2,raw/TP_TRY_MT02_2020-01-01_2020-12-31_response.json.gz,04a5fac6b6990853e9ba0c986cc5cdf6217508c76dde36ca14ac63f31d98e728,observed,within_series_coverage,False,False
TP.TRY.MT02,2020-09-04,2020-09-04,2020-09-04,04-09-2020,36,11.76,11.76000000,False,1599170400,short_term_deposit_rate,3 aya kadar vadeli TL mevduat faiz oranini alternatif getiri kanali olarak izlemek,"3 Aya Kadar Vadeli (TL Mevduat, Akım, %)","Up to 3 Months (TRY Deposits, Flow, %)",bie_mt100h,HAFTALIK(CUMA),Ağırlıklı ortalama,avg,Mevduat Bankaları,raw/TP_TRY_MT02_2020-01-01_2020-12-31_request.json,4cd6b2fd4342ac7abc5d86633cfea774580e7ca27d3d981e9b9e5559b39170b2,raw/TP_TRY_MT02_2020-01-01_2020-12-31_response.json.gz,04a5fac6b6990853e9ba0c986cc5cdf6217508c76dde36ca14ac63f31d98e728,observed,within_series_coverage,False,False
TP.TRY.MT02,2020-09-11,2020-09-11,2020-09-11,11-09-2020,37,11.58,11.58000000,False,1599775200,short_term_deposit_rate,3 aya kadar vadeli TL mevduat faiz oranini alternatif getiri kanali olarak izlemek,"3 Aya Kadar Vadeli (TL Mevduat, Akım, %)","Up to 3 Months (TRY Deposits, Flow, %)",bie_mt100h,HAFTALIK(CUMA),Ağırlıklı ortalama,avg,Mevduat Bankaları,raw/TP_TRY_MT02_2020-01-01_2020-12-31_request.json,4cd6b2fd4342ac7abc5d86633cfea774580e7ca27d3d981e9b9e5559b39170b2,raw/TP_TRY_MT02_2020-01-01_2020-12-31_response.json.gz,04a5fac6b6990853e9ba0c986cc5cdf6217508c76dde36ca14ac63f31d98e728,observed,within_series_coverage,False,False
TP.TRY.MT02,2020-09-18,2020-09-18,2020-09-18,18-09-2020,38,11.93,11.93000000,False,1600380000,short_term_deposit_rate,3 aya kadar vadeli TL mevduat faiz oranini alternatif getiri kanali olarak izlemek,"3 Aya Kadar Vadeli (TL Mevduat, Akım, %)","Up to 3 Months (TRY Deposits, Flow, %)",bie_mt100h,HAFTALIK(CUMA),Ağırlıklı ortalama,avg,Mevduat Bankaları,raw/TP_TRY_MT02_2020-01-01_2020-12-31_request.json,4cd6b2fd4342ac7abc5d86633cfea774580e7ca27d3d981e9b9e5559b39170b2,raw/TP_TRY_MT02_2020-01-01_2020-12-31_response.json.gz,04a5fac6b6990853e9ba0c986cc5cdf6217508c76dde36ca14ac63f31d98e728,observed,within_series_coverage,False,False
TP.TRY.MT02,2020-09-25,2020-09-25,2020-09-25,25-09-2020,39,11.85,11.85000000,False,1600984800,short_term_deposit_rate,3 aya kadar vadeli TL mevduat faiz oranini alternatif getiri kanali olarak izlemek,"3 Aya Kadar Vadeli (TL Mevduat, Akım, %)","Up to 3 Months (TRY Deposits, Flow, %)",bie_mt100h,HAFTALIK(CUMA),Ağırlıklı ortalama,avg,Mevduat Bankaları,raw/TP_TRY_MT02_2020-01-01_2020-12-31_request.json,4cd6b2fd4342ac7abc5d86633cfea774580e7ca27d3d981e9b9e5559b39170b2,raw/TP_TRY_MT02_2020-01-01_2020-12-31_response.json.gz,04a5fac6b6990853e9ba0c986cc5cdf6217508c76dde36ca14ac63f31d98e728,observed,within_series_coverage,False,False
TP.TRY.MT02,2020-10-02,2020-10-02,2020-10-02,02-10-2020,40,12.25,12.25000000,False,1601589600,short_term_deposit_rate,3 aya kadar vadeli TL mevduat faiz oranini alternatif getiri kanali olarak izlemek,"3 Aya Kadar Vadeli (TL Mevduat, Akım, %)","Up to 3 Months (TRY Deposits, Flow, %)",bie_mt100h,HAFTALIK(CUMA),Ağırlıklı ortalama,avg,Mevduat Bankaları,raw/TP_TRY_MT02_2020-01-01_2020-12-31_request.json,4cd6b2fd4342ac7abc5d86633cfea774580e7ca27d3d981e9b9e5559b39170b2,raw/TP_TRY_MT02_2020-01-01_2020-12-31_response.json.gz,04a5fac6b6990853e9ba0c986cc5cdf6217508c76dde36ca14ac63f31d98e728,observed,within_series_coverage,False,False
TP.TRY.MT02,2020-10-09,2020-10-09,2020-10-09,09-10-2020,41,12.18,12.18000000,False,1602194400,short_term_deposit_rate,3 aya kadar vadeli TL mevduat faiz oranini alternatif getiri kanali olarak izlemek,"3 Aya Kadar Vadeli (TL Mevduat, Akım, %)","Up to 3 Months (TRY Deposits, Flow, %)",bie_mt100h,HAFTALIK(CUMA),Ağırlıklı ortalama,avg,Mevduat Bankaları,raw/TP_TRY_MT02_2020-01-01_2020-12-31_request.json,4cd6b2fd4342ac7abc5d86633cfea774580e7ca27d3d981e9b9e5559b39170b2,raw/TP_TRY_MT02_2020-01-01_2020-12-31_response.json.gz,04a5fac6b6990853e9ba0c986cc5cdf6217508c76dde36ca14ac63f31d98e728,observed,within_series_coverage,False,False
TP.TRY.MT02,2020-10-16,2020-10-16,2020-10-16,16-10-2020,42,12.09,12.09000000,False,1602799200,short_term_deposit_rate,3 aya kadar vadeli TL mevduat faiz oranini alternatif getiri kanali olarak izlemek,"3 Aya Kadar Vadeli (TL Mevduat, Akım, %)","Up to 3 Months (TRY Deposits, Flow, %)",bie_mt100h,HAFTALIK(CUMA),Ağırlıklı ortalama,avg,Mevduat Bankaları,raw/TP_TRY_MT02_2020-01-01_2020-12-31_request.json,4cd6b2fd4342ac7abc5d86633cfea774580e7ca27d3d981e9b9e5559b39170b2,raw/TP_TRY_MT02_2020-01-01_2020-12-31_response.json.gz,04a5fac6b6990853e9ba0c986cc5cdf6217508c76dde36ca14ac63f31d98e728,observed,within_series_coverage,False,False
TP.TRY.MT02,2020-10-23,2020-10-23,2020-10-23,23-10-2020,43,12.42,12.42000000,False,1603404000,short_term_deposit_rate,3 aya kadar vadeli TL mevduat faiz oranini alternatif getiri kanali olarak izlemek,"3 Aya Kadar Vadeli (TL Mevduat, Akım, %)","Up to 3 Months (TRY Deposits, Flow, %)",bie_mt100h,HAFTALIK(CUMA),Ağırlıklı ortalama,avg,Mevduat Bankaları,raw/TP_TRY_MT02_2020-01-01_2020-12-31_request.json,4cd6b2fd4342ac7abc5d86633cfea774580e7ca27d3d981e9b9e5559b39170b2,raw/TP_TRY_MT02_2020-01-01_2020-12-31_response.json.gz,04a5fac6b6990853e9ba0c986cc5cdf6217508c76dde36ca14ac63f31d98e728,observed,within_series_coverage,False,False
TP.TRY.MT02,2020-10-30,2020-10-30,2020-10-30,30-10-2020,44,12.5,12.50000000,False,1604012400,short_term_deposit_rate,3 aya kadar vadeli TL mevduat faiz oranini alternatif getiri kanali olarak izlemek,"3 Aya Kadar Vadeli (TL Mevduat, Akım, %)","Up to 3 Months (TRY Deposits, Flow, %)",bie_mt100h,HAFTALIK(CUMA),Ağırlıklı ortalama,avg,Mevduat Bankaları,raw/TP_TRY_MT02_2020-01-01_2020-12-31_request.json,4cd6b2fd4342ac7abc5d86633cfea774580e7ca27d3d981e9b9e5559b39170b2,raw/TP_TRY_MT02_2020-01-01_2020-12-31_response.json.gz,04a5fac6b6990853e9ba0c986cc5cdf6217508c76dde36ca14ac63f31d98e728,observed,within_series_coverage,False,False
TP.TRY.MT02,2020-11-06,2020-11-06,2020-11-06,06-11-2020,45,13.3,13.30000000,False,1604617200,short_term_deposit_rate,3 aya kadar vadeli TL mevduat faiz oranini alternatif getiri kanali olarak izlemek,"3 Aya Kadar Vadeli (TL Mevduat, Akım, %)","Up to 3 Months (TRY Deposits, Flow, %)",bie_mt100h,HAFTALIK(CUMA),Ağırlıklı ortalama,avg,Mevduat Bankaları,raw/TP_TRY_MT02_2020-01-01_2020-12-31_request.json,4cd6b2fd4342ac7abc5d86633cfea774580e7ca27d3d981e9b9e5559b39170b2,raw/TP_TRY_MT02_2020-01-01_2020-12-31_response.json.gz,04a5fac6b6990853e9ba0c986cc5cdf6217508c76dde36ca14ac63f31d98e728,observed,within_series_coverage,False,False
TP.TRY.MT02,2020-11-13,2020-11-13,2020-11-13,13-11-2020,46,13.19,13.19000000,False,1605222000,short_term_deposit_rate,3 aya kadar vadeli TL mevduat faiz oranini alternatif getiri kanali olarak izlemek,"3 Aya Kadar Vadeli (TL Mevduat, Akım, %)","Up to 3 Months (TRY Deposits, Flow, %)",bie_mt100h,HAFTALIK(CUMA),Ağırlıklı ortalama,avg,Mevduat Bankaları,raw/TP_TRY_MT02_2020-01-01_2020-12-31_request.json,4cd6b2fd4342ac7abc5d86633cfea774580e7ca27d3d981e9b9e5559b39170b2,raw/TP_TRY_MT02_2020-01-01_2020-12-31_response.json.gz,04a5fac6b6990853e9ba0c986cc5cdf6217508c76dde36ca14ac63f31d98e728,observed,within_series_coverage,False,False
TP.TRY.MT02,2020-11-20,2020-11-20,2020-11-20,20-11-2020,47,14.09,14.09000000,False,1605826800,short_term_deposit_rate,3 aya kadar vadeli TL mevduat faiz oranini alternatif getiri kanali olarak izlemek,"3 Aya Kadar Vadeli (TL Mevduat, Akım, %)","Up to 3 Months (TRY Deposits, Flow, %)",bie_mt100h,HAFTALIK(CUMA),Ağırlıklı ortalama,avg,Mevduat Bankaları,raw/TP_TRY_MT02_2020-01-01_2020-12-31_request.json,4cd6b2fd4342ac7abc5d86633cfea774580e7ca27d3d981e9b9e5559b39170b2,raw/TP_TRY_MT02_2020-01-01_2020-12-31_response.json.gz,04a5fac6b6990853e9ba0c986cc5cdf6217508c76dde36ca14ac63f31d98e728,observed,within_series_coverage,False,False
TP.TRY.MT02,2020-11-27,2020-11-27,2020-11-27,27-11-2020,48,15.47,15.47000000,False,1606431600,short_term_deposit_rate,3 aya kadar vadeli TL mevduat faiz oranini alternatif getiri kanali olarak izlemek,"3 Aya Kadar Vadeli (TL Mevduat, Akım, %)","Up to 3 Months (TRY Deposits, Flow, %)",bie_mt100h,HAFTALIK(CUMA),Ağırlıklı ortalama,avg,Mevduat Bankaları,raw/TP_TRY_MT02_2020-01-01_2020-12-31_request.json,4cd6b2fd4342ac7abc5d86633cfea774580e7ca27d3d981e9b9e5559b39170b2,raw/TP_TRY_MT02_2020-01-01_2020-12-31_response.json.gz,04a5fac6b6990853e9ba0c986cc5cdf6217508c76dde36ca14ac63f31d98e728,observed,within_series_coverage,False,False
TP.TRY.MT02,2020-12-04,2020-12-04,2020-12-04,04-12-2020,49,15.38,15.38000000,False,1607036400,short_term_deposit_rate,3 aya kadar vadeli TL mevduat faiz oranini alternatif getiri kanali olarak izlemek,"3 Aya Kadar Vadeli (TL Mevduat, Akım, %)","Up to 3 Months (TRY Deposits, Flow, %)",bie_mt100h,HAFTALIK(CUMA),Ağırlıklı ortalama,avg,Mevduat Bankaları,raw/TP_TRY_MT02_2020-01-01_2020-12-31_request.json,4cd6b2fd4342ac7abc5d86633cfea774580e7ca27d3d981e9b9e5559b39170b2,raw/TP_TRY_MT02_2020-01-01_2020-12-31_response.json.gz,04a5fac6b6990853e9ba0c986cc5cdf6217508c76dde36ca14ac63f31d98e728,observed,within_series_coverage,False,False
TP.TRY.MT02,2020-12-11,2020-12-11,2020-12-11,11-12-2020,50,16.12,16.12000000,False,1607641200,short_term_deposit_rate,3 aya kadar vadeli TL mevduat faiz oranini alternatif getiri kanali olarak izlemek,"3 Aya Kadar Vadeli (TL Mevduat, Akım, %)","Up to 3 Months (TRY Deposits, Flow, %)",bie_mt100h,HAFTALIK(CUMA),Ağırlıklı ortalama,avg,Mevduat Bankaları,raw/TP_TRY_MT02_2020-01-01_2020-12-31_request.json,4cd6b2fd4342ac7abc5d86633cfea774580e7ca27d3d981e9b9e5559b39170b2,raw/TP_TRY_MT02_2020-01-01_2020-12-31_response.json.gz,04a5fac6b6990853e9ba0c986cc5cdf6217508c76dde36ca14ac63f31d98e728,observed,within_series_coverage,False,False
TP.TRY.MT02,2020-12-18,2020-12-18,2020-12-18,18-12-2020,51,15.98,15.98000000,False,1608246000,short_term_deposit_rate,3 aya kadar vadeli TL mevduat faiz oranini alternatif getiri kanali olarak izlemek,"3 Aya Kadar Vadeli (TL Mevduat, Akım, %)","Up to 3 Months (TRY Deposits, Flow, %)",bie_mt100h,HAFTALIK(CUMA),Ağırlıklı ortalama,avg,Mevduat Bankaları,raw/TP_TRY_MT02_2020-01-01_2020-12-31_request.json,4cd6b2fd4342ac7abc5d86633cfea774580e7ca27d3d981e9b9e5559b39170b2,raw/TP_TRY_MT02_2020-01-01_2020-12-31_response.json.gz,04a5fac6b6990853e9ba0c986cc5cdf6217508c76dde36ca14ac63f31d98e728,observed,within_series_coverage,False,False
TP.TRY.MT02,2020-12-25,2020-12-25,2020-12-25,25-12-2020,52,16.73,16.73000000,False,1608850800,short_term_deposit_rate,3 aya kadar vadeli TL mevduat faiz oranini alternatif getiri kanali olarak izlemek,"3 Aya Kadar Vadeli (TL Mevduat, Akım, %)","Up to 3 Months (TRY Deposits, Flow, %)",bie_mt100h,HAFTALIK(CUMA),Ağırlıklı ortalama,avg,Mevduat Bankaları,raw/TP_TRY_MT02_2020-01-01_2020-12-31_request.json,4cd6b2fd4342ac7abc5d86633cfea774580e7ca27d3d981e9b9e5559b39170b2,raw/TP_TRY_MT02_2020-01-01_2020-12-31_response.json.gz,04a5fac6b6990853e9ba0c986cc5cdf6217508c76dde36ca14ac63f31d98e728,observed,within_series_coverage,False,False
TP.TRY.MT02,2021-01-01,2021-01-01,2021-01-01,01-01-2021,1,18.18,18.18000000,False,1609455600,short_term_deposit_rate,3 aya kadar vadeli TL mevduat faiz oranini alternatif getiri kanali olarak izlemek,"3 Aya Kadar Vadeli (TL Mevduat, Akım, %)","Up to 3 Months (TRY Deposits, Flow, %)",bie_mt100h,HAFTALIK(CUMA),Ağırlıklı ortalama,avg,Mevduat Bankaları,raw/TP_TRY_MT02_2021-01-01_2021-12-31_request.json,6a7029ac64b22a02cdc52f3c9fa77747a06daec9344bdc906d629080d483b027,raw/TP_TRY_MT02_2021-01-01_2021-12-31_response.json.gz,762afb41470558a68000dcbe9ce1b2468a1746258a8926c8d69fcae55a2c3903,observed,within_series_coverage,False,False
TP.TRY.MT02,2021-01-08,2021-01-08,2021-01-08,08-01-2021,2,17.54,17.54000000,False,1610060400,short_term_deposit_rate,3 aya kadar vadeli TL mevduat faiz oranini alternatif getiri kanali olarak izlemek,"3 Aya Kadar Vadeli (TL Mevduat, Akım, %)","Up to 3 Months (TRY Deposits, Flow, %)",bie_mt100h,HAFTALIK(CUMA),Ağırlıklı ortalama,avg,Mevduat Bankaları,raw/TP_TRY_MT02_2021-01-01_2021-12-31_request.json,6a7029ac64b22a02cdc52f3c9fa77747a06daec9344bdc906d629080d483b027,raw/TP_TRY_MT02_2021-01-01_2021-12-31_response.json.gz,762afb41470558a68000dcbe9ce1b2468a1746258a8926c8d69fcae55a2c3903,observed,within_series_coverage,False,False
TP.TRY.MT02,2021-01-15,2021-01-15,2021-01-15,15-01-2021,3,17.15,17.15000000,False,1610665200,short_term_deposit_rate,3 aya kadar vadeli TL mevduat faiz oranini alternatif getiri kanali olarak izlemek,"3 Aya Kadar Vadeli (TL Mevduat, Akım, %)","Up to 3 Months (TRY Deposits, Flow, %)",bie_mt100h,HAFTALIK(CUMA),Ağırlıklı ortalama,avg,Mevduat Bankaları,raw/TP_TRY_MT02_2021-01-01_2021-12-31_request.json,6a7029ac64b22a02cdc52f3c9fa77747a06daec9344bdc906d629080d483b027,raw/TP_TRY_MT02_2021-01-01_2021-12-31_response.json.gz,762afb41470558a68000dcbe9ce1b2468a1746258a8926c8d69fcae55a2c3903,observed,within_series_coverage,False,False
TP.TRY.MT02,2021-01-22,2021-01-22,2021-01-22,22-01-2021,4,17.19,17.19000000,False,1611270000,short_term_deposit_rate,3 aya kadar vadeli TL mevduat faiz oranini alternatif getiri kanali olarak izlemek,"3 Aya Kadar Vadeli (TL Mevduat, Akım, %)","Up to 3 Months (TRY Deposits, Flow, %)",bie_mt100h,HAFTALIK(CUMA),Ağırlıklı ortalama,avg,Mevduat Bankaları,raw/TP_TRY_MT02_2021-01-01_2021-12-31_request.json,6a7029ac64b22a02cdc52f3c9fa77747a06daec9344bdc906d629080d483b027,raw/TP_TRY_MT02_2021-01-01_2021-12-31_response.json.gz,762afb41470558a68000dcbe9ce1b2468a1746258a8926c8d69fcae55a2c3903,observed,within_series_coverage,False,False
TP.TRY.MT02,2021-01-29,2021-01-29,2021-01-29,29-01-2021,5,17.57,17.57000000,False,1611874800,short_term_deposit_rate,3 aya kadar vadeli TL mevduat faiz oranini alternatif getiri kanali olarak izlemek,"3 Aya Kadar Vadeli (TL Mevduat, Akım, %)","Up to 3 Months (TRY Deposits, Flow, %)",bie_mt100h,HAFTALIK(CUMA),Ağırlıklı ortalama,avg,Mevduat Bankaları,raw/TP_TRY_MT02_2021-01-01_2021-12-31_request.json,6a7029ac64b22a02cdc52f3c9fa77747a06daec9344bdc906d629080d483b027,raw/TP_TRY_MT02_2021-01-01_2021-12-31_response.json.gz,762afb41470558a68000dcbe9ce1b2468a1746258a8926c8d69fcae55a2c3903,observed,within_series_coverage,False,False
TP.TRY.MT02,2021-02-05,2021-02-05,2021-02-05,05-02-2021,6,17.49,17.49000000,False,1612479600,short_term_deposit_rate,3 aya kadar vadeli TL mevduat faiz oranini alternatif getiri kanali olarak izlemek,"3 Aya Kadar Vadeli (TL Mevduat, Akım, %)","Up to 3 Months (TRY Deposits, Flow, %)",bie_mt100h,HAFTALIK(CUMA),Ağırlıklı ortalama,avg,Mevduat Bankaları,raw/TP_TRY_MT02_2021-01-01_2021-12-31_request.json,6a7029ac64b22a02cdc52f3c9fa77747a06daec9344bdc906d629080d483b027,raw/TP_TRY_MT02_2021-01-01_2021-12-31_response.json.gz,762afb41470558a68000dcbe9ce1b2468a1746258a8926c8d69fcae55a2c3903,observed,within_series_coverage,False,False
TP.TRY.MT02,2021-02-12,2021-02-12,2021-02-12,12-02-2021,7,17.4,17.40000000,False,1613084400,short_term_deposit_rate,3 aya kadar vadeli TL mevduat faiz oranini alternatif getiri kanali olarak izlemek,"3 Aya Kadar Vadeli (TL Mevduat, Akım, %)","Up to 3 Months (TRY Deposits, Flow, %)",bie_mt100h,HAFTALIK(CUMA),Ağırlıklı ortalama,avg,Mevduat Bankaları,raw/TP_TRY_MT02_2021-01-01_2021-12-31_request.json,6a7029ac64b22a02cdc52f3c9fa77747a06daec9344bdc906d629080d483b027,raw/TP_TRY_MT02_2021-01-01_2021-12-31_response.json.gz,762afb41470558a68000dcbe9ce1b2468a1746258a8926c8d69fcae55a2c3903,observed,within_series_coverage,False,False
TP.TRY.MT02,2021-02-19,2021-02-19,2021-02-19,19-02-2021,8,17.18,17.18000000,False,1613689200,short_term_deposit_rate,3 aya kadar vadeli TL mevduat faiz oranini alternatif getiri kanali olarak izlemek,"3 Aya Kadar Vadeli (TL Mevduat, Akım, %)","Up to 3 Months (TRY Deposits, Flow, %)",bie_mt100h,HAFTALIK(CUMA),Ağırlıklı ortalama,avg,Mevduat Bankaları,raw/TP_TRY_MT02_2021-01-01_2021-12-31_request.json,6a7029ac64b22a02cdc52f3c9fa77747a06daec9344bdc906d629080d483b027,raw/TP_TRY_MT02_2021-01-01_2021-12-31_response.json.gz,762afb41470558a68000dcbe9ce1b2468a1746258a8926c8d69fcae55a2c3903,observed,within_series_coverage,False,False
TP.TRY.MT02,2021-02-26,2021-02-26,2021-02-26,26-02-2021,9,17.08,17.08000000,False,1614294000,short_term_deposit_rate,3 aya kadar vadeli TL mevduat faiz oranini alternatif getiri kanali olarak izlemek,"3 Aya Kadar Vadeli (TL Mevduat, Akım, %)","Up to 3 Months (TRY Deposits, Flow, %)",bie_mt100h,HAFTALIK(CUMA),Ağırlıklı ortalama,avg,Mevduat Bankaları,raw/TP_TRY_MT02_2021-01-01_2021-12-31_request.json,6a7029ac64b22a02cdc52f3c9fa77747a06daec9344bdc906d629080d483b027,raw/TP_TRY_MT02_2021-01-01_2021-12-31_response.json.gz,762afb41470558a68000dcbe9ce1b2468a1746258a8926c8d69fcae55a2c3903,observed,within_series_coverage,False,False
TP.TRY.MT02,2021-03-05,2021-03-05,2021-03-05,05-03-2021,10,17.32,17.32000000,False,1614898800,short_term_deposit_rate,3 aya kadar vadeli TL mevduat faiz oranini alternatif getiri kanali olarak izlemek,"3 Aya Kadar Vadeli (TL Mevduat, Akım, %)","Up to 3 Months (TRY Deposits, Flow, %)",bie_mt100h,HAFTALIK(CUMA),Ağırlıklı ortalama,avg,Mevduat Bankaları,raw/TP_TRY_MT02_2021-01-01_2021-12-31_request.json,6a7029ac64b22a02cdc52f3c9fa77747a06daec9344bdc906d629080d483b027,raw/TP_TRY_MT02_2021-01-01_2021-12-31_response.json.gz,762afb41470558a68000dcbe9ce1b2468a1746258a8926c8d69fcae55a2c3903,observed,within_series_coverage,False,False
TP.TRY.MT02,2021-03-12,2021-03-12,2021-03-12,12-03-2021,11,17.39,17.39000000,False,1615503600,short_term_deposit_rate,3 aya kadar vadeli TL mevduat faiz oranini alternatif getiri kanali olarak izlemek,"3 Aya Kadar Vadeli (TL Mevduat, Akım, %)","Up to 3 Months (TRY Deposits, Flow, %)",bie_mt100h,HAFTALIK(CUMA),Ağırlıklı ortalama,avg,Mevduat Bankaları,raw/TP_TRY_MT02_2021-01-01_2021-12-31_request.json,6a7029ac64b22a02cdc52f3c9fa77747a06daec9344bdc906d629080d483b027,raw/TP_TRY_MT02_2021-01-01_2021-12-31_response.json.gz,762afb41470558a68000dcbe9ce1b2468a1746258a8926c8d69fcae55a2c3903,observed,within_series_coverage,False,False
TP.TRY.MT02,2021-03-19,2021-03-19,2021-03-19,19-03-2021,12,17.43,17.43000000,False,1616108400,short_term_deposit_rate,3 aya kadar vadeli TL mevduat faiz oranini alternatif getiri kanali olarak izlemek,"3 Aya Kadar Vadeli (TL Mevduat, Akım, %)","Up to 3 Months (TRY Deposits, Flow, %)",bie_mt100h,HAFTALIK(CUMA),Ağırlıklı ortalama,avg,Mevduat Bankaları,raw/TP_TRY_MT02_2021-01-01_2021-12-31_request.json,6a7029ac64b22a02cdc52f3c9fa77747a06daec9344bdc906d629080d483b027,raw/TP_TRY_MT02_2021-01-01_2021-12-31_response.json.gz,762afb41470558a68000dcbe9ce1b2468a1746258a8926c8d69fcae55a2c3903,observed,within_series_coverage,False,False
TP.TRY.MT02,2021-03-26,2021-03-26,2021-03-26,26-03-2021,13,18.51,18.51000000,False,1616713200,short_term_deposit_rate,3 aya kadar vadeli TL mevduat faiz oranini alternatif getiri kanali olarak izlemek,"3 Aya Kadar Vadeli (TL Mevduat, Akım, %)","Up to 3 Months (TRY Deposits, Flow, %)",bie_mt100h,HAFTALIK(CUMA),Ağırlıklı ortalama,avg,Mevduat Bankaları,raw/TP_TRY_MT02_2021-01-01_2021-12-31_request.json,6a7029ac64b22a02cdc52f3c9fa77747a06daec9344bdc906d629080d483b027,raw/TP_TRY_MT02_2021-01-01_2021-12-31_response.json.gz,762afb41470558a68000dcbe9ce1b2468a1746258a8926c8d69fcae55a2c3903,observed,within_series_coverage,False,False
TP.TRY.MT02,2021-04-02,2021-04-02,2021-04-02,02-04-2021,14,19.08,19.08000000,False,1617310800,short_term_deposit_rate,3 aya kadar vadeli TL mevduat faiz oranini alternatif getiri kanali olarak izlemek,"3 Aya Kadar Vadeli (TL Mevduat, Akım, %)","Up to 3 Months (TRY Deposits, Flow, %)",bie_mt100h,HAFTALIK(CUMA),Ağırlıklı ortalama,avg,Mevduat Bankaları,raw/TP_TRY_MT02_2021-01-01_2021-12-31_request.json,6a7029ac64b22a02cdc52f3c9fa77747a06daec9344bdc906d629080d483b027,raw/TP_TRY_MT02_2021-01-01_2021-12-31_response.json.gz,762afb41470558a68000dcbe9ce1b2468a1746258a8926c8d69fcae55a2c3903,observed,within_series_coverage,False,False
TP.TRY.MT02,2021-04-09,2021-04-09,2021-04-09,09-04-2021,15,18.86,18.86000000,False,1617915600,short_term_deposit_rate,3 aya kadar vadeli TL mevduat faiz oranini alternatif getiri kanali olarak izlemek,"3 Aya Kadar Vadeli (TL Mevduat, Akım, %)","Up to 3 Months (TRY Deposits, Flow, %)",bie_mt100h,HAFTALIK(CUMA),Ağırlıklı ortalama,avg,Mevduat Bankaları,raw/TP_TRY_MT02_2021-01-01_2021-12-31_request.json,6a7029ac64b22a02cdc52f3c9fa77747a06daec9344bdc906d629080d483b027,raw/TP_TRY_MT02_2021-01-01_2021-12-31_response.json.gz,762afb41470558a68000dcbe9ce1b2468a1746258a8926c8d69fcae55a2c3903,observed,within_series_coverage,False,False
TP.TRY.MT02,2021-04-16,2021-04-16,2021-04-16,16-04-2021,16,18.73,18.73000000,False,1618520400,short_term_deposit_rate,3 aya kadar vadeli TL mevduat faiz oranini alternatif getiri kanali olarak izlemek,"3 Aya Kadar Vadeli (TL Mevduat, Akım, %)","Up to 3 Months (TRY Deposits, Flow, %)",bie_mt100h,HAFTALIK(CUMA),Ağırlıklı ortalama,avg,Mevduat Bankaları,raw/TP_TRY_MT02_2021-01-01_2021-12-31_request.json,6a7029ac64b22a02cdc52f3c9fa77747a06daec9344bdc906d629080d483b027,raw/TP_TRY_MT02_2021-01-01_2021-12-31_response.json.gz,762afb41470558a68000dcbe9ce1b2468a1746258a8926c8d69fcae55a2c3903,observed,within_series_coverage,False,False
TP.TRY.MT02,2021-04-23,2021-04-23,2021-04-23,23-04-2021,17,18.65,18.65000000,False,1619125200,short_term_deposit_rate,3 aya kadar vadeli TL mevduat faiz oranini alternatif getiri kanali olarak izlemek,"3 Aya Kadar Vadeli (TL Mevduat, Akım, %)","Up to 3 Months (TRY Deposits, Flow, %)",bie_mt100h,HAFTALIK(CUMA),Ağırlıklı ortalama,avg,Mevduat Bankaları,raw/TP_TRY_MT02_2021-01-01_2021-12-31_request.json,6a7029ac64b22a02cdc52f3c9fa77747a06daec9344bdc906d629080d483b027,raw/TP_TRY_MT02_2021-01-01_2021-12-31_response.json.gz,762afb41470558a68000dcbe9ce1b2468a1746258a8926c8d69fcae55a2c3903,observed,within_series_coverage,False,False
TP.TRY.MT02,2021-04-30,2021-04-30,2021-04-30,30-04-2021,18,18.88,18.88000000,False,1619730000,short_term_deposit_rate,3 aya kadar vadeli TL mevduat faiz oranini alternatif getiri kanali olarak izlemek,"3 Aya Kadar Vadeli (TL Mevduat, Akım, %)","Up to 3 Months (TRY Deposits, Flow, %)",bie_mt100h,HAFTALIK(CUMA),Ağırlıklı ortalama,avg,Mevduat Bankaları,raw/TP_TRY_MT02_2021-01-01_2021-12-31_request.json,6a7029ac64b22a02cdc52f3c9fa77747a06daec9344bdc906d629080d483b027,raw/TP_TRY_MT02_2021-01-01_2021-12-31_response.json.gz,762afb41470558a68000dcbe9ce1b2468a1746258a8926c8d69fcae55a2c3903,observed,within_series_coverage,False,False
TP.TRY.MT02,2021-05-07,2021-05-07,2021-05-07,07-05-2021,19,18.84,18.84000000,False,1620334800,short_term_deposit_rate,3 aya kadar vadeli TL mevduat faiz oranini alternatif getiri kanali olarak izlemek,"3 Aya Kadar Vadeli (TL Mevduat, Akım, %)","Up to 3 Months (TRY Deposits, Flow, %)",bie_mt100h,HAFTALIK(CUMA),Ağırlıklı ortalama,avg,Mevduat Bankaları,raw/TP_TRY_MT02_2021-01-01_2021-12-31_request.json,6a7029ac64b22a02cdc52f3c9fa77747a06daec9344bdc906d629080d483b027,raw/TP_TRY_MT02_2021-01-01_2021-12-31_response.json.gz,762afb41470558a68000dcbe9ce1b2468a1746258a8926c8d69fcae55a2c3903,observed,within_series_coverage,False,False
TP.TRY.MT02,2021-05-14,2021-05-14,2021-05-14,14-05-2021,20,18.74,18.74000000,False,1620939600,short_term_deposit_rate,3 aya kadar vadeli TL mevduat faiz oranini alternatif getiri kanali olarak izlemek,"3 Aya Kadar Vadeli (TL Mevduat, Akım, %)","Up to 3 Months (TRY Deposits, Flow, %)",bie_mt100h,HAFTALIK(CUMA),Ağırlıklı ortalama,avg,Mevduat Bankaları,raw/TP_TRY_MT02_2021-01-01_2021-12-31_request.json,6a7029ac64b22a02cdc52f3c9fa77747a06daec9344bdc906d629080d483b027,raw/TP_TRY_MT02_2021-01-01_2021-12-31_response.json.gz,762afb41470558a68000dcbe9ce1b2468a1746258a8926c8d69fcae55a2c3903,observed,within_series_coverage,False,False
TP.TRY.MT02,2021-05-21,2021-05-21,2021-05-21,21-05-2021,21,18.68,18.68000000,False,1621544400,short_term_deposit_rate,3 aya kadar vadeli TL mevduat faiz oranini alternatif getiri kanali olarak izlemek,"3 Aya Kadar Vadeli (TL Mevduat, Akım, %)","Up to 3 Months (TRY Deposits, Flow, %)",bie_mt100h,HAFTALIK(CUMA),Ağırlıklı ortalama,avg,Mevduat Bankaları,raw/TP_TRY_MT02_2021-01-01_2021-12-31_request.json,6a7029ac64b22a02cdc52f3c9fa77747a06daec9344bdc906d629080d483b027,raw/TP_TRY_MT02_2021-01-01_2021-12-31_response.json.gz,762afb41470558a68000dcbe9ce1b2468a1746258a8926c8d69fcae55a2c3903,observed,within_series_coverage,False,False
TP.TRY.MT02,2021-05-28,2021-05-28,2021-05-28,28-05-2021,22,18.89,18.89000000,False,1622149200,short_term_deposit_rate,3 aya kadar vadeli TL mevduat faiz oranini alternatif getiri kanali olarak izlemek,"3 Aya Kadar Vadeli (TL Mevduat, Akım, %)","Up to 3 Months (TRY Deposits, Flow, %)",bie_mt100h,HAFTALIK(CUMA),Ağırlıklı ortalama,avg,Mevduat Bankaları,raw/TP_TRY_MT02_2021-01-01_2021-12-31_request.json,6a7029ac64b22a02cdc52f3c9fa77747a06daec9344bdc906d629080d483b027,raw/TP_TRY_MT02_2021-01-01_2021-12-31_response.json.gz,762afb41470558a68000dcbe9ce1b2468a1746258a8926c8d69fcae55a2c3903,observed,within_series_coverage,False,False
TP.TRY.MT02,2021-06-04,2021-06-04,2021-06-04,04-06-2021,23,18.93,18.93000000,False,1622754000,short_term_deposit_rate,3 aya kadar vadeli TL mevduat faiz oranini alternatif getiri kanali olarak izlemek,"3 Aya Kadar Vadeli (TL Mevduat, Akım, %)","Up to 3 Months (TRY Deposits, Flow, %)",bie_mt100h,HAFTALIK(CUMA),Ağırlıklı ortalama,avg,Mevduat Bankaları,raw/TP_TRY_MT02_2021-01-01_2021-12-31_request.json,6a7029ac64b22a02cdc52f3c9fa77747a06daec9344bdc906d629080d483b027,raw/TP_TRY_MT02_2021-01-01_2021-12-31_response.json.gz,762afb41470558a68000dcbe9ce1b2468a1746258a8926c8d69fcae55a2c3903,observed,within_series_coverage,False,False
TP.TRY.MT02,2021-06-11,2021-06-11,2021-06-11,11-06-2021,24,18.78,18.78000000,False,1623358800,short_term_deposit_rate,3 aya kadar vadeli TL mevduat faiz oranini alternatif getiri kanali olarak izlemek,"3 Aya Kadar Vadeli (TL Mevduat, Akım, %)","Up to 3 Months (TRY Deposits, Flow, %)",bie_mt100h,HAFTALIK(CUMA),Ağırlıklı ortalama,avg,Mevduat Bankaları,raw/TP_TRY_MT02_2021-01-01_2021-12-31_request.json,6a7029ac64b22a02cdc52f3c9fa77747a06daec9344bdc906d629080d483b027,raw/TP_TRY_MT02_2021-01-01_2021-12-31_response.json.gz,762afb41470558a68000dcbe9ce1b2468a1746258a8926c8d69fcae55a2c3903,observed,within_series_coverage,False,False
TP.TRY.MT02,2021-06-18,2021-06-18,2021-06-18,18-06-2021,25,18.78,18.78000000,False,1623963600,short_term_deposit_rate,3 aya kadar vadeli TL mevduat faiz oranini alternatif getiri kanali olarak izlemek,"3 Aya Kadar Vadeli (TL Mevduat, Akım, %)","Up to 3 Months (TRY Deposits, Flow, %)",bie_mt100h,HAFTALIK(CUMA),Ağırlıklı ortalama,avg,Mevduat Bankaları,raw/TP_TRY_MT02_2021-01-01_2021-12-31_request.json,6a7029ac64b22a02cdc52f3c9fa77747a06daec9344bdc906d629080d483b027,raw/TP_TRY_MT02_2021-01-01_2021-12-31_response.json.gz,762afb41470558a68000dcbe9ce1b2468a1746258a8926c8d69fcae55a2c3903,observed,within_series_coverage,False,False
TP.TRY.MT02,2021-06-25,2021-06-25,2021-06-25,25-06-2021,26,18.91,18.91000000,False,1624568400,short_term_deposit_rate,3 aya kadar vadeli TL mevduat faiz oranini alternatif getiri kanali olarak izlemek,"3 Aya Kadar Vadeli (TL Mevduat, Akım, %)","Up to 3 Months (TRY Deposits, Flow, %)",bie_mt100h,HAFTALIK(CUMA),Ağırlıklı ortalama,avg,Mevduat Bankaları,raw/TP_TRY_MT02_2021-01-01_2021-12-31_request.json,6a7029ac64b22a02cdc52f3c9fa77747a06daec9344bdc906d629080d483b027,raw/TP_TRY_MT02_2021-01-01_2021-12-31_response.json.gz,762afb41470558a68000dcbe9ce1b2468a1746258a8926c8d69fcae55a2c3903,observed,within_series_coverage,False,False
TP.TRY.MT02,2021-07-02,2021-07-02,2021-07-02,02-07-2021,27,18.94,18.94000000,False,1625173200,short_term_deposit_rate,3 aya kadar vadeli TL mevduat faiz oranini alternatif getiri kanali olarak izlemek,"3 Aya Kadar Vadeli (TL Mevduat, Akım, %)","Up to 3 Months (TRY Deposits, Flow, %)",bie_mt100h,HAFTALIK(CUMA),Ağırlıklı ortalama,avg,Mevduat Bankaları,raw/TP_TRY_MT02_2021-01-01_2021-12-31_request.json,6a7029ac64b22a02cdc52f3c9fa77747a06daec9344bdc906d629080d483b027,raw/TP_TRY_MT02_2021-01-01_2021-12-31_response.json.gz,762afb41470558a68000dcbe9ce1b2468a1746258a8926c8d69fcae55a2c3903,observed,within_series_coverage,False,False
TP.TRY.MT02,2021-07-09,2021-07-09,2021-07-09,09-07-2021,28,18.93,18.93000000,False,1625778000,short_term_deposit_rate,3 aya kadar vadeli TL mevduat faiz oranini alternatif getiri kanali olarak izlemek,"3 Aya Kadar Vadeli (TL Mevduat, Akım, %)","Up to 3 Months (TRY Deposits, Flow, %)",bie_mt100h,HAFTALIK(CUMA),Ağırlıklı ortalama,avg,Mevduat Bankaları,raw/TP_TRY_MT02_2021-01-01_2021-12-31_request.json,6a7029ac64b22a02cdc52f3c9fa77747a06daec9344bdc906d629080d483b027,raw/TP_TRY_MT02_2021-01-01_2021-12-31_response.json.gz,762afb41470558a68000dcbe9ce1b2468a1746258a8926c8d69fcae55a2c3903,observed,within_series_coverage,False,False
TP.TRY.MT02,2021-07-16,2021-07-16,2021-07-16,16-07-2021,29,18.94,18.94000000,False,1626382800,short_term_deposit_rate,3 aya kadar vadeli TL mevduat faiz oranini alternatif getiri kanali olarak izlemek,"3 Aya Kadar Vadeli (TL Mevduat, Akım, %)","Up to 3 Months (TRY Deposits, Flow, %)",bie_mt100h,HAFTALIK(CUMA),Ağırlıklı ortalama,avg,Mevduat Bankaları,raw/TP_TRY_MT02_2021-01-01_2021-12-31_request.json,6a7029ac64b22a02cdc52f3c9fa77747a06daec9344bdc906d629080d483b027,raw/TP_TRY_MT02_2021-01-01_2021-12-31_response.json.gz,762afb41470558a68000dcbe9ce1b2468a1746258a8926c8d69fcae55a2c3903,observed,within_series_coverage,False,False
TP.TRY.MT02,2021-07-23,2021-07-23,2021-07-23,23-07-2021,30,18.08,18.08000000,False,1626987600,short_term_deposit_rate,3 aya kadar vadeli TL mevduat faiz oranini alternatif getiri kanali olarak izlemek,"3 Aya Kadar Vadeli (TL Mevduat, Akım, %)","Up to 3 Months (TRY Deposits, Flow, %)",bie_mt100h,HAFTALIK(CUMA),Ağırlıklı ortalama,avg,Mevduat Bankaları,raw/TP_TRY_MT02_2021-01-01_2021-12-31_request.json,6a7029ac64b22a02cdc52f3c9fa77747a06daec9344bdc906d629080d483b027,raw/TP_TRY_MT02_2021-01-01_2021-12-31_response.json.gz,762afb41470558a68000dcbe9ce1b2468a1746258a8926c8d69fcae55a2c3903,observed,within_series_coverage,False,False
TP.TRY.MT02,2021-07-30,2021-07-30,2021-07-30,30-07-2021,31,19.11,19.11000000,False,1627592400,short_term_deposit_rate,3 aya kadar vadeli TL mevduat faiz oranini alternatif getiri kanali olarak izlemek,"3 Aya Kadar Vadeli (TL Mevduat, Akım, %)","Up to 3 Months (TRY Deposits, Flow, %)",bie_mt100h,HAFTALIK(CUMA),Ağırlıklı ortalama,avg,Mevduat Bankaları,raw/TP_TRY_MT02_2021-01-01_2021-12-31_request.json,6a7029ac64b22a02cdc52f3c9fa77747a06daec9344bdc906d629080d483b027,raw/TP_TRY_MT02_2021-01-01_2021-12-31_response.json.gz,762afb41470558a68000dcbe9ce1b2468a1746258a8926c8d69fcae55a2c3903,observed,within_series_coverage,False,False
TP.TRY.MT02,2021-08-06,2021-08-06,2021-08-06,06-08-2021,32,18.9,18.90000000,False,1628197200,short_term_deposit_rate,3 aya kadar vadeli TL mevduat faiz oranini alternatif getiri kanali olarak izlemek,"3 Aya Kadar Vadeli (TL Mevduat, Akım, %)","Up to 3 Months (TRY Deposits, Flow, %)",bie_mt100h,HAFTALIK(CUMA),Ağırlıklı ortalama,avg,Mevduat Bankaları,raw/TP_TRY_MT02_2021-01-01_2021-12-31_request.json,6a7029ac64b22a02cdc52f3c9fa77747a06daec9344bdc906d629080d483b027,raw/TP_TRY_MT02_2021-01-01_2021-12-31_response.json.gz,762afb41470558a68000dcbe9ce1b2468a1746258a8926c8d69fcae55a2c3903,observed,within_series_coverage,False,False
TP.TRY.MT02,2021-08-13,2021-08-13,2021-08-13,13-08-2021,33,18.95,18.95000000,False,1628802000,short_term_deposit_rate,3 aya kadar vadeli TL mevduat faiz oranini alternatif getiri kanali olarak izlemek,"3 Aya Kadar Vadeli (TL Mevduat, Akım, %)","Up to 3 Months (TRY Deposits, Flow, %)",bie_mt100h,HAFTALIK(CUMA),Ağırlıklı ortalama,avg,Mevduat Bankaları,raw/TP_TRY_MT02_2021-01-01_2021-12-31_request.json,6a7029ac64b22a02cdc52f3c9fa77747a06daec9344bdc906d629080d483b027,raw/TP_TRY_MT02_2021-01-01_2021-12-31_response.json.gz,762afb41470558a68000dcbe9ce1b2468a1746258a8926c8d69fcae55a2c3903,observed,within_series_coverage,False,False
TP.TRY.MT02,2021-08-20,2021-08-20,2021-08-20,20-08-2021,34,18.89,18.89000000,False,1629406800,short_term_deposit_rate,3 aya kadar vadeli TL mevduat faiz oranini alternatif getiri kanali olarak izlemek,"3 Aya Kadar Vadeli (TL Mevduat, Akım, %)","Up to 3 Months (TRY Deposits, Flow, %)",bie_mt100h,HAFTALIK(CUMA),Ağırlıklı ortalama,avg,Mevduat Bankaları,raw/TP_TRY_MT02_2021-01-01_2021-12-31_request.json,6a7029ac64b22a02cdc52f3c9fa77747a06daec9344bdc906d629080d483b027,raw/TP_TRY_MT02_2021-01-01_2021-12-31_response.json.gz,762afb41470558a68000dcbe9ce1b2468a1746258a8926c8d69fcae55a2c3903,observed,within_series_coverage,False,False
TP.TRY.MT02,2021-08-27,2021-08-27,2021-08-27,27-08-2021,35,18.9,18.90000000,False,1630011600,short_term_deposit_rate,3 aya kadar vadeli TL mevduat faiz oranini alternatif getiri kanali olarak izlemek,"3 Aya Kadar Vadeli (TL Mevduat, Akım, %)","Up to 3 Months (TRY Deposits, Flow, %)",bie_mt100h,HAFTALIK(CUMA),Ağırlıklı ortalama,avg,Mevduat Bankaları,raw/TP_TRY_MT02_2021-01-01_2021-12-31_request.json,6a7029ac64b22a02cdc52f3c9fa77747a06daec9344bdc906d629080d483b027,raw/TP_TRY_MT02_2021-01-01_2021-12-31_response.json.gz,762afb41470558a68000dcbe9ce1b2468a1746258a8926c8d69fcae55a2c3903,observed,within_series_coverage,False,False
TP.TRY.MT02,2021-09-03,2021-09-03,2021-09-03,03-09-2021,36,19.01,19.01000000,False,1630616400,short_term_deposit_rate,3 aya kadar vadeli TL mevduat faiz oranini alternatif getiri kanali olarak izlemek,"3 Aya Kadar Vadeli (TL Mevduat, Akım, %)","Up to 3 Months (TRY Deposits, Flow, %)",bie_mt100h,HAFTALIK(CUMA),Ağırlıklı ortalama,avg,Mevduat Bankaları,raw/TP_TRY_MT02_2021-01-01_2021-12-31_request.json,6a7029ac64b22a02cdc52f3c9fa77747a06daec9344bdc906d629080d483b027,raw/TP_TRY_MT02_2021-01-01_2021-12-31_response.json.gz,762afb41470558a68000dcbe9ce1b2468a1746258a8926c8d69fcae55a2c3903,observed,within_series_coverage,False,False
TP.TRY.MT02,2021-09-10,2021-09-10,2021-09-10,10-09-2021,37,19.07,19.07000000,False,1631221200,short_term_deposit_rate,3 aya kadar vadeli TL mevduat faiz oranini alternatif getiri kanali olarak izlemek,"3 Aya Kadar Vadeli (TL Mevduat, Akım, %)","Up to 3 Months (TRY Deposits, Flow, %)",bie_mt100h,HAFTALIK(CUMA),Ağırlıklı ortalama,avg,Mevduat Bankaları,raw/TP_TRY_MT02_2021-01-01_2021-12-31_request.json,6a7029ac64b22a02cdc52f3c9fa77747a06daec9344bdc906d629080d483b027,raw/TP_TRY_MT02_2021-01-01_2021-12-31_response.json.gz,762afb41470558a68000dcbe9ce1b2468a1746258a8926c8d69fcae55a2c3903,observed,within_series_coverage,False,False
TP.TRY.MT02,2021-09-17,2021-09-17,2021-09-17,17-09-2021,38,19.1,19.10000000,False,1631826000,short_term_deposit_rate,3 aya kadar vadeli TL mevduat faiz oranini alternatif getiri kanali olarak izlemek,"3 Aya Kadar Vadeli (TL Mevduat, Akım, %)","Up to 3 Months (TRY Deposits, Flow, %)",bie_mt100h,HAFTALIK(CUMA),Ağırlıklı ortalama,avg,Mevduat Bankaları,raw/TP_TRY_MT02_2021-01-01_2021-12-31_request.json,6a7029ac64b22a02cdc52f3c9fa77747a06daec9344bdc906d629080d483b027,raw/TP_TRY_MT02_2021-01-01_2021-12-31_response.json.gz,762afb41470558a68000dcbe9ce1b2468a1746258a8926c8d69fcae55a2c3903,observed,within_series_coverage,False,False
TP.TRY.MT02,2021-09-24,2021-09-24,2021-09-24,24-09-2021,39,18.96,18.96000000,False,1632430800,short_term_deposit_rate,3 aya kadar vadeli TL mevduat faiz oranini alternatif getiri kanali olarak izlemek,"3 Aya Kadar Vadeli (TL Mevduat, Akım, %)","Up to 3 Months (TRY Deposits, Flow, %)",bie_mt100h,HAFTALIK(CUMA),Ağırlıklı ortalama,avg,Mevduat Bankaları,raw/TP_TRY_MT02_2021-01-01_2021-12-31_request.json,6a7029ac64b22a02cdc52f3c9fa77747a06daec9344bdc906d629080d483b027,raw/TP_TRY_MT02_2021-01-01_2021-12-31_response.json.gz,762afb41470558a68000dcbe9ce1b2468a1746258a8926c8d69fcae55a2c3903,observed,within_series_coverage,False,False
TP.TRY.MT02,2021-10-01,2021-10-01,2021-10-01,01-10-2021,40,18.47,18.47000000,False,1633035600,short_term_deposit_rate,3 aya kadar vadeli TL mevduat faiz oranini alternatif getiri kanali olarak izlemek,"3 Aya Kadar Vadeli (TL Mevduat, Akım, %)","Up to 3 Months (TRY Deposits, Flow, %)",bie_mt100h,HAFTALIK(CUMA),Ağırlıklı ortalama,avg,Mevduat Bankaları,raw/TP_TRY_MT02_2021-01-01_2021-12-31_request.json,6a7029ac64b22a02cdc52f3c9fa77747a06daec9344bdc906d629080d483b027,raw/TP_TRY_MT02_2021-01-01_2021-12-31_response.json.gz,762afb41470558a68000dcbe9ce1b2468a1746258a8926c8d69fcae55a2c3903,observed,within_series_coverage,False,False
TP.TRY.MT02,2021-10-08,2021-10-08,2021-10-08,08-10-2021,41,18.18,18.18000000,False,1633640400,short_term_deposit_rate,3 aya kadar vadeli TL mevduat faiz oranini alternatif getiri kanali olarak izlemek,"3 Aya Kadar Vadeli (TL Mevduat, Akım, %)","Up to 3 Months (TRY Deposits, Flow, %)",bie_mt100h,HAFTALIK(CUMA),Ağırlıklı ortalama,avg,Mevduat Bankaları,raw/TP_TRY_MT02_2021-01-01_2021-12-31_request.json,6a7029ac64b22a02cdc52f3c9fa77747a06daec9344bdc906d629080d483b027,raw/TP_TRY_MT02_2021-01-01_2021-12-31_response.json.gz,762afb41470558a68000dcbe9ce1b2468a1746258a8926c8d69fcae55a2c3903,observed,within_series_coverage,False,False
TP.TRY.MT02,2021-10-15,2021-10-15,2021-10-15,15-10-2021,42,18.2,18.20000000,False,1634245200,short_term_deposit_rate,3 aya kadar vadeli TL mevduat faiz oranini alternatif getiri kanali olarak izlemek,"3 Aya Kadar Vadeli (TL Mevduat, Akım, %)","Up to 3 Months (TRY Deposits, Flow, %)",bie_mt100h,HAFTALIK(CUMA),Ağırlıklı ortalama,avg,Mevduat Bankaları,raw/TP_TRY_MT02_2021-01-01_2021-12-31_request.json,6a7029ac64b22a02cdc52f3c9fa77747a06daec9344bdc906d629080d483b027,raw/TP_TRY_MT02_2021-01-01_2021-12-31_response.json.gz,762afb41470558a68000dcbe9ce1b2468a1746258a8926c8d69fcae55a2c3903,observed,within_series_coverage,False,False
TP.TRY.MT02,2021-10-22,2021-10-22,2021-10-22,22-10-2021,43,17.89,17.89000000,False,1634850000,short_term_deposit_rate,3 aya kadar vadeli TL mevduat faiz oranini alternatif getiri kanali olarak izlemek,"3 Aya Kadar Vadeli (TL Mevduat, Akım, %)","Up to 3 Months (TRY Deposits, Flow, %)",bie_mt100h,HAFTALIK(CUMA),Ağırlıklı ortalama,avg,Mevduat Bankaları,raw/TP_TRY_MT02_2021-01-01_2021-12-31_request.json,6a7029ac64b22a02cdc52f3c9fa77747a06daec9344bdc906d629080d483b027,raw/TP_TRY_MT02_2021-01-01_2021-12-31_response.json.gz,762afb41470558a68000dcbe9ce1b2468a1746258a8926c8d69fcae55a2c3903,observed,within_series_coverage,False,False
TP.TRY.MT02,2021-10-29,2021-10-29,2021-10-29,29-10-2021,44,16.27,16.27000000,False,1635454800,short_term_deposit_rate,3 aya kadar vadeli TL mevduat faiz oranini alternatif getiri kanali olarak izlemek,"3 Aya Kadar Vadeli (TL Mevduat, Akım, %)","Up to 3 Months (TRY Deposits, Flow, %)",bie_mt100h,HAFTALIK(CUMA),Ağırlıklı ortalama,avg,Mevduat Bankaları,raw/TP_TRY_MT02_2021-01-01_2021-12-31_request.json,6a7029ac64b22a02cdc52f3c9fa77747a06daec9344bdc906d629080d483b027,raw/TP_TRY_MT02_2021-01-01_2021-12-31_response.json.gz,762afb41470558a68000dcbe9ce1b2468a1746258a8926c8d69fcae55a2c3903,observed,within_series_coverage,False,False
TP.TRY.MT02,2021-11-05,2021-11-05,2021-11-05,05-11-2021,45,16.36,16.36000000,False,1636059600,short_term_deposit_rate,3 aya kadar vadeli TL mevduat faiz oranini alternatif getiri kanali olarak izlemek,"3 Aya Kadar Vadeli (TL Mevduat, Akım, %)","Up to 3 Months (TRY Deposits, Flow, %)",bie_mt100h,HAFTALIK(CUMA),Ağırlıklı ortalama,avg,Mevduat Bankaları,raw/TP_TRY_MT02_2021-01-01_2021-12-31_request.json,6a7029ac64b22a02cdc52f3c9fa77747a06daec9344bdc906d629080d483b027,raw/TP_TRY_MT02_2021-01-01_2021-12-31_response.json.gz,762afb41470558a68000dcbe9ce1b2468a1746258a8926c8d69fcae55a2c3903,observed,within_series_coverage,False,False
TP.TRY.MT02,2021-11-12,2021-11-12,2021-11-12,12-11-2021,46,16.32,16.32000000,False,1636664400,short_term_deposit_rate,3 aya kadar vadeli TL mevduat faiz oranini alternatif getiri kanali olarak izlemek,"3 Aya Kadar Vadeli (TL Mevduat, Akım, %)","Up to 3 Months (TRY Deposits, Flow, %)",bie_mt100h,HAFTALIK(CUMA),Ağırlıklı ortalama,avg,Mevduat Bankaları,raw/TP_TRY_MT02_2021-01-01_2021-12-31_request.json,6a7029ac64b22a02cdc52f3c9fa77747a06daec9344bdc906d629080d483b027,raw/TP_TRY_MT02_2021-01-01_2021-12-31_response.json.gz,762afb41470558a68000dcbe9ce1b2468a1746258a8926c8d69fcae55a2c3903,observed,within_series_coverage,False,False
TP.TRY.MT02,2021-11-19,2021-11-19,2021-11-19,19-11-2021,47,16.29,16.29000000,False,1637269200,short_term_deposit_rate,3 aya kadar vadeli TL mevduat faiz oranini alternatif getiri kanali olarak izlemek,"3 Aya Kadar Vadeli (TL Mevduat, Akım, %)","Up to 3 Months (TRY Deposits, Flow, %)",bie_mt100h,HAFTALIK(CUMA),Ağırlıklı ortalama,avg,Mevduat Bankaları,raw/TP_TRY_MT02_2021-01-01_2021-12-31_request.json,6a7029ac64b22a02cdc52f3c9fa77747a06daec9344bdc906d629080d483b027,raw/TP_TRY_MT02_2021-01-01_2021-12-31_response.json.gz,762afb41470558a68000dcbe9ce1b2468a1746258a8926c8d69fcae55a2c3903,observed,within_series_coverage,False,False
TP.TRY.MT02,2021-11-26,2021-11-26,2021-11-26,26-11-2021,48,15.84,15.84000000,False,1637874000,short_term_deposit_rate,3 aya kadar vadeli TL mevduat faiz oranini alternatif getiri kanali olarak izlemek,"3 Aya Kadar Vadeli (TL Mevduat, Akım, %)","Up to 3 Months (TRY Deposits, Flow, %)",bie_mt100h,HAFTALIK(CUMA),Ağırlıklı ortalama,avg,Mevduat Bankaları,raw/TP_TRY_MT02_2021-01-01_2021-12-31_request.json,6a7029ac64b22a02cdc52f3c9fa77747a06daec9344bdc906d629080d483b027,raw/TP_TRY_MT02_2021-01-01_2021-12-31_response.json.gz,762afb41470558a68000dcbe9ce1b2468a1746258a8926c8d69fcae55a2c3903,observed,within_series_coverage,False,False
TP.TRY.MT02,2021-12-03,2021-12-03,2021-12-03,03-12-2021,49,15.99,15.99000000,False,1638478800,short_term_deposit_rate,3 aya kadar vadeli TL mevduat faiz oranini alternatif getiri kanali olarak izlemek,"3 Aya Kadar Vadeli (TL Mevduat, Akım, %)","Up to 3 Months (TRY Deposits, Flow, %)",bie_mt100h,HAFTALIK(CUMA),Ağırlıklı ortalama,avg,Mevduat Bankaları,raw/TP_TRY_MT02_2021-01-01_2021-12-31_request.json,6a7029ac64b22a02cdc52f3c9fa77747a06daec9344bdc906d629080d483b027,raw/TP_TRY_MT02_2021-01-01_2021-12-31_response.json.gz,762afb41470558a68000dcbe9ce1b2468a1746258a8926c8d69fcae55a2c3903,observed,within_series_coverage,False,False
TP.TRY.MT02,2021-12-10,2021-12-10,2021-12-10,10-12-2021,50,16.3,16.30000000,False,1639083600,short_term_deposit_rate,3 aya kadar vadeli TL mevduat faiz oranini alternatif getiri kanali olarak izlemek,"3 Aya Kadar Vadeli (TL Mevduat, Akım, %)","Up to 3 Months (TRY Deposits, Flow, %)",bie_mt100h,HAFTALIK(CUMA),Ağırlıklı ortalama,avg,Mevduat Bankaları,raw/TP_TRY_MT02_2021-01-01_2021-12-31_request.json,6a7029ac64b22a02cdc52f3c9fa77747a06daec9344bdc906d629080d483b027,raw/TP_TRY_MT02_2021-01-01_2021-12-31_response.json.gz,762afb41470558a68000dcbe9ce1b2468a1746258a8926c8d69fcae55a2c3903,observed,within_series_coverage,False,False
TP.TRY.MT02,2021-12-17,2021-12-17,2021-12-17,17-12-2021,51,16.41,16.41000000,False,1639688400,short_term_deposit_rate,3 aya kadar vadeli TL mevduat faiz oranini alternatif getiri kanali olarak izlemek,"3 Aya Kadar Vadeli (TL Mevduat, Akım, %)","Up to 3 Months (TRY Deposits, Flow, %)",bie_mt100h,HAFTALIK(CUMA),Ağırlıklı ortalama,avg,Mevduat Bankaları,raw/TP_TRY_MT02_2021-01-01_2021-12-31_request.json,6a7029ac64b22a02cdc52f3c9fa77747a06daec9344bdc906d629080d483b027,raw/TP_TRY_MT02_2021-01-01_2021-12-31_response.json.gz,762afb41470558a68000dcbe9ce1b2468a1746258a8926c8d69fcae55a2c3903,observed,within_series_coverage,False,False
TP.TRY.MT02,2021-12-24,2021-12-24,2021-12-24,24-12-2021,52,17.73,17.73000000,False,1640293200,short_term_deposit_rate,3 aya kadar vadeli TL mevduat faiz oranini alternatif getiri kanali olarak izlemek,"3 Aya Kadar Vadeli (TL Mevduat, Akım, %)","Up to 3 Months (TRY Deposits, Flow, %)",bie_mt100h,HAFTALIK(CUMA),Ağırlıklı ortalama,avg,Mevduat Bankaları,raw/TP_TRY_MT02_2021-01-01_2021-12-31_request.json,6a7029ac64b22a02cdc52f3c9fa77747a06daec9344bdc906d629080d483b027,raw/TP_TRY_MT02_2021-01-01_2021-12-31_response.json.gz,762afb41470558a68000dcbe9ce1b2468a1746258a8926c8d69fcae55a2c3903,observed,within_series_coverage,False,False
TP.TRY.MT02,2021-12-31,2021-12-31,2021-12-31,31-12-2021,53,20.77,20.77000000,False,1640898000,short_term_deposit_rate,3 aya kadar vadeli TL mevduat faiz oranini alternatif getiri kanali olarak izlemek,"3 Aya Kadar Vadeli (TL Mevduat, Akım, %)","Up to 3 Months (TRY Deposits, Flow, %)",bie_mt100h,HAFTALIK(CUMA),Ağırlıklı ortalama,avg,Mevduat Bankaları,raw/TP_TRY_MT02_2021-01-01_2021-12-31_request.json,6a7029ac64b22a02cdc52f3c9fa77747a06daec9344bdc906d629080d483b027,raw/TP_TRY_MT02_2021-01-01_2021-12-31_response.json.gz,762afb41470558a68000dcbe9ce1b2468a1746258a8926c8d69fcae55a2c3903,observed,within_series_coverage,False,False
TP.TRY.MT02,2022-01-07,2022-01-07,2022-01-07,07-01-2022,1,19.82,19.82000000,False,1641502800,short_term_deposit_rate,3 aya kadar vadeli TL mevduat faiz oranini alternatif getiri kanali olarak izlemek,"3 Aya Kadar Vadeli (TL Mevduat, Akım, %)","Up to 3 Months (TRY Deposits, Flow, %)",bie_mt100h,HAFTALIK(CUMA),Ağırlıklı ortalama,avg,Mevduat Bankaları,raw/TP_TRY_MT02_2022-01-01_2022-12-31_request.json,fb1ec29e434b792e1f0beb79fd069a33cd15bdfa95f8f5ac735bb5339bfb72f1,raw/TP_TRY_MT02_2022-01-01_2022-12-31_response.json.gz,05b380f2a6e34063c4eaf0a747babc2a9159ef9fd0b4d044a834afb05373e391,observed,within_series_coverage,False,False
TP.TRY.MT02,2022-01-14,2022-01-14,2022-01-14,14-01-2022,2,19.41,19.41000000,False,1642107600,short_term_deposit_rate,3 aya kadar vadeli TL mevduat faiz oranini alternatif getiri kanali olarak izlemek,"3 Aya Kadar Vadeli (TL Mevduat, Akım, %)","Up to 3 Months (TRY Deposits, Flow, %)",bie_mt100h,HAFTALIK(CUMA),Ağırlıklı ortalama,avg,Mevduat Bankaları,raw/TP_TRY_MT02_2022-01-01_2022-12-31_request.json,fb1ec29e434b792e1f0beb79fd069a33cd15bdfa95f8f5ac735bb5339bfb72f1,raw/TP_TRY_MT02_2022-01-01_2022-12-31_response.json.gz,05b380f2a6e34063c4eaf0a747babc2a9159ef9fd0b4d044a834afb05373e391,observed,within_series_coverage,False,False
TP.TRY.MT02,2022-01-21,2022-01-21,2022-01-21,21-01-2022,3,19.0,19.00000000,False,1642712400,short_term_deposit_rate,3 aya kadar vadeli TL mevduat faiz oranini alternatif getiri kanali olarak izlemek,"3 Aya Kadar Vadeli (TL Mevduat, Akım, %)","Up to 3 Months (TRY Deposits, Flow, %)",bie_mt100h,HAFTALIK(CUMA),Ağırlıklı ortalama,avg,Mevduat Bankaları,raw/TP_TRY_MT02_2022-01-01_2022-12-31_request.json,fb1ec29e434b792e1f0beb79fd069a33cd15bdfa95f8f5ac735bb5339bfb72f1,raw/TP_TRY_MT02_2022-01-01_2022-12-31_response.json.gz,05b380f2a6e34063c4eaf0a747babc2a9159ef9fd0b4d044a834afb05373e391,observed,within_series_coverage,False,False
TP.TRY.MT02,2022-01-28,2022-01-28,2022-01-28,28-01-2022,4,18.84,18.84000000,False,1643317200,short_term_deposit_rate,3 aya kadar vadeli TL mevduat faiz oranini alternatif getiri kanali olarak izlemek,"3 Aya Kadar Vadeli (TL Mevduat, Akım, %)","Up to 3 Months (TRY Deposits, Flow, %)",bie_mt100h,HAFTALIK(CUMA),Ağırlıklı ortalama,avg,Mevduat Bankaları,raw/TP_TRY_MT02_2022-01-01_2022-12-31_request.json,fb1ec29e434b792e1f0beb79fd069a33cd15bdfa95f8f5ac735bb5339bfb72f1,raw/TP_TRY_MT02_2022-01-01_2022-12-31_response.json.gz,05b380f2a6e34063c4eaf0a747babc2a9159ef9fd0b4d044a834afb05373e391,observed,within_series_coverage,False,False
TP.TRY.MT02,2022-02-04,2022-02-04,2022-02-04,04-02-2022,5,18.8,18.80000000,False,1643922000,short_term_deposit_rate,3 aya kadar vadeli TL mevduat faiz oranini alternatif getiri kanali olarak izlemek,"3 Aya Kadar Vadeli (TL Mevduat, Akım, %)","Up to 3 Months (TRY Deposits, Flow, %)",bie_mt100h,HAFTALIK(CUMA),Ağırlıklı ortalama,avg,Mevduat Bankaları,raw/TP_TRY_MT02_2022-01-01_2022-12-31_request.json,fb1ec29e434b792e1f0beb79fd069a33cd15bdfa95f8f5ac735bb5339bfb72f1,raw/TP_TRY_MT02_2022-01-01_2022-12-31_response.json.gz,05b380f2a6e34063c4eaf0a747babc2a9159ef9fd0b4d044a834afb05373e391,observed,within_series_coverage,False,False
TP.TRY.MT02,2022-02-11,2022-02-11,2022-02-11,11-02-2022,6,18.42,18.42000000,False,1644526800,short_term_deposit_rate,3 aya kadar vadeli TL mevduat faiz oranini alternatif getiri kanali olarak izlemek,"3 Aya Kadar Vadeli (TL Mevduat, Akım, %)","Up to 3 Months (TRY Deposits, Flow, %)",bie_mt100h,HAFTALIK(CUMA),Ağırlıklı ortalama,avg,Mevduat Bankaları,raw/TP_TRY_MT02_2022-01-01_2022-12-31_request.json,fb1ec29e434b792e1f0beb79fd069a33cd15bdfa95f8f5ac735bb5339bfb72f1,raw/TP_TRY_MT02_2022-01-01_2022-12-31_response.json.gz,05b380f2a6e34063c4eaf0a747babc2a9159ef9fd0b4d044a834afb05373e391,observed,within_series_coverage,False,False
TP.TRY.MT02,2022-02-18,2022-02-18,2022-02-18,18-02-2022,7,17.99,17.99000000,False,1645131600,short_term_deposit_rate,3 aya kadar vadeli TL mevduat faiz oranini alternatif getiri kanali olarak izlemek,"3 Aya Kadar Vadeli (TL Mevduat, Akım, %)","Up to 3 Months (TRY Deposits, Flow, %)",bie_mt100h,HAFTALIK(CUMA),Ağırlıklı ortalama,avg,Mevduat Bankaları,raw/TP_TRY_MT02_2022-01-01_2022-12-31_request.json,fb1ec29e434b792e1f0beb79fd069a33cd15bdfa95f8f5ac735bb5339bfb72f1,raw/TP_TRY_MT02_2022-01-01_2022-12-31_response.json.gz,05b380f2a6e34063c4eaf0a747babc2a9159ef9fd0b4d044a834afb05373e391,observed,within_series_coverage,False,False
TP.TRY.MT02,2022-02-25,2022-02-25,2022-02-25,25-02-2022,8,17.23,17.23000000,False,1645736400,short_term_deposit_rate,3 aya kadar vadeli TL mevduat faiz oranini alternatif getiri kanali olarak izlemek,"3 Aya Kadar Vadeli (TL Mevduat, Akım, %)","Up to 3 Months (TRY Deposits, Flow, %)",bie_mt100h,HAFTALIK(CUMA),Ağırlıklı ortalama,avg,Mevduat Bankaları,raw/TP_TRY_MT02_2022-01-01_2022-12-31_request.json,fb1ec29e434b792e1f0beb79fd069a33cd15bdfa95f8f5ac735bb5339bfb72f1,raw/TP_TRY_MT02_2022-01-01_2022-12-31_response.json.gz,05b380f2a6e34063c4eaf0a747babc2a9159ef9fd0b4d044a834afb05373e391,observed,within_series_coverage,False,False
TP.TRY.MT02,2022-03-04,2022-03-04,2022-03-04,04-03-2022,9,17.17,17.17000000,False,1646341200,short_term_deposit_rate,3 aya kadar vadeli TL mevduat faiz oranini alternatif getiri kanali olarak izlemek,"3 Aya Kadar Vadeli (TL Mevduat, Akım, %)","Up to 3 Months (TRY Deposits, Flow, %)",bie_mt100h,HAFTALIK(CUMA),Ağırlıklı ortalama,avg,Mevduat Bankaları,raw/TP_TRY_MT02_2022-01-01_2022-12-31_request.json,fb1ec29e434b792e1f0beb79fd069a33cd15bdfa95f8f5ac735bb5339bfb72f1,raw/TP_TRY_MT02_2022-01-01_2022-12-31_response.json.gz,05b380f2a6e34063c4eaf0a747babc2a9159ef9fd0b4d044a834afb05373e391,observed,within_series_coverage,False,False
TP.TRY.MT02,2022-03-11,2022-03-11,2022-03-11,11-03-2022,10,17.17,17.17000000,False,1646946000,short_term_deposit_rate,3 aya kadar vadeli TL mevduat faiz oranini alternatif getiri kanali olarak izlemek,"3 Aya Kadar Vadeli (TL Mevduat, Akım, %)","Up to 3 Months (TRY Deposits, Flow, %)",bie_mt100h,HAFTALIK(CUMA),Ağırlıklı ortalama,avg,Mevduat Bankaları,raw/TP_TRY_MT02_2022-01-01_2022-12-31_request.json,fb1ec29e434b792e1f0beb79fd069a33cd15bdfa95f8f5ac735bb5339bfb72f1,raw/TP_TRY_MT02_2022-01-01_2022-12-31_response.json.gz,05b380f2a6e34063c4eaf0a747babc2a9159ef9fd0b4d044a834afb05373e391,observed,within_series_coverage,False,False
TP.TRY.MT02,2022-03-18,2022-03-18,2022-03-18,18-03-2022,11,17.14,17.14000000,False,1647550800,short_term_deposit_rate,3 aya kadar vadeli TL mevduat faiz oranini alternatif getiri kanali olarak izlemek,"3 Aya Kadar Vadeli (TL Mevduat, Akım, %)","Up to 3 Months (TRY Deposits, Flow, %)",bie_mt100h,HAFTALIK(CUMA),Ağırlıklı ortalama,avg,Mevduat Bankaları,raw/TP_TRY_MT02_2022-01-01_2022-12-31_request.json,fb1ec29e434b792e1f0beb79fd069a33cd15bdfa95f8f5ac735bb5339bfb72f1,raw/TP_TRY_MT02_2022-01-01_2022-12-31_response.json.gz,05b380f2a6e34063c4eaf0a747babc2a9159ef9fd0b4d044a834afb05373e391,observed,within_series_coverage,False,False
TP.TRY.MT02,2022-03-25,2022-03-25,2022-03-25,25-03-2022,12,17.06,17.06000000,False,1648155600,short_term_deposit_rate,3 aya kadar vadeli TL mevduat faiz oranini alternatif getiri kanali olarak izlemek,"3 Aya Kadar Vadeli (TL Mevduat, Akım, %)","Up to 3 Months (TRY Deposits, Flow, %)",bie_mt100h,HAFTALIK(CUMA),Ağırlıklı ortalama,avg,Mevduat Bankaları,raw/TP_TRY_MT02_2022-01-01_2022-12-31_request.json,fb1ec29e434b792e1f0beb79fd069a33cd15bdfa95f8f5ac735bb5339bfb72f1,raw/TP_TRY_MT02_2022-01-01_2022-12-31_response.json.gz,05b380f2a6e34063c4eaf0a747babc2a9159ef9fd0b4d044a834afb05373e391,observed,within_series_coverage,False,False
TP.TRY.MT02,2022-04-01,2022-04-01,2022-04-01,01-04-2022,13,17.33,17.33000000,False,1648760400,short_term_deposit_rate,3 aya kadar vadeli TL mevduat faiz oranini alternatif getiri kanali olarak izlemek,"3 Aya Kadar Vadeli (TL Mevduat, Akım, %)","Up to 3 Months (TRY Deposits, Flow, %)",bie_mt100h,HAFTALIK(CUMA),Ağırlıklı ortalama,avg,Mevduat Bankaları,raw/TP_TRY_MT02_2022-01-01_2022-12-31_request.json,fb1ec29e434b792e1f0beb79fd069a33cd15bdfa95f8f5ac735bb5339bfb72f1,raw/TP_TRY_MT02_2022-01-01_2022-12-31_response.json.gz,05b380f2a6e34063c4eaf0a747babc2a9159ef9fd0b4d044a834afb05373e391,observed,within_series_coverage,False,False
TP.TRY.MT02,2022-04-08,2022-04-08,2022-04-08,08-04-2022,14,16.97,16.97000000,False,1649365200,short_term_deposit_rate,3 aya kadar vadeli TL mevduat faiz oranini alternatif getiri kanali olarak izlemek,"3 Aya Kadar Vadeli (TL Mevduat, Akım, %)","Up to 3 Months (TRY Deposits, Flow, %)",bie_mt100h,HAFTALIK(CUMA),Ağırlıklı ortalama,avg,Mevduat Bankaları,raw/TP_TRY_MT02_2022-01-01_2022-12-31_request.json,fb1ec29e434b792e1f0beb79fd069a33cd15bdfa95f8f5ac735bb5339bfb72f1,raw/TP_TRY_MT02_2022-01-01_2022-12-31_response.json.gz,05b380f2a6e34063c4eaf0a747babc2a9159ef9fd0b4d044a834afb05373e391,observed,within_series_coverage,False,False
TP.TRY.MT02,2022-04-15,2022-04-15,2022-04-15,15-04-2022,15,17.09,17.09000000,False,1649970000,short_term_deposit_rate,3 aya kadar vadeli TL mevduat faiz oranini alternatif getiri kanali olarak izlemek,"3 Aya Kadar Vadeli (TL Mevduat, Akım, %)","Up to 3 Months (TRY Deposits, Flow, %)",bie_mt100h,HAFTALIK(CUMA),Ağırlıklı ortalama,avg,Mevduat Bankaları,raw/TP_TRY_MT02_2022-01-01_2022-12-31_request.json,fb1ec29e434b792e1f0beb79fd069a33cd15bdfa95f8f5ac735bb5339bfb72f1,raw/TP_TRY_MT02_2022-01-01_2022-12-31_response.json.gz,05b380f2a6e34063c4eaf0a747babc2a9159ef9fd0b4d044a834afb05373e391,observed,within_series_coverage,False,False
TP.TRY.MT02,2022-04-22,2022-04-22,2022-04-22,22-04-2022,16,16.98,16.98000000,False,1650574800,short_term_deposit_rate,3 aya kadar vadeli TL mevduat faiz oranini alternatif getiri kanali olarak izlemek,"3 Aya Kadar Vadeli (TL Mevduat, Akım, %)","Up to 3 Months (TRY Deposits, Flow, %)",bie_mt100h,HAFTALIK(CUMA),Ağırlıklı ortalama,avg,Mevduat Bankaları,raw/TP_TRY_MT02_2022-01-01_2022-12-31_request.json,fb1ec29e434b792e1f0beb79fd069a33cd15bdfa95f8f5ac735bb5339bfb72f1,raw/TP_TRY_MT02_2022-01-01_2022-12-31_response.json.gz,05b380f2a6e34063c4eaf0a747babc2a9159ef9fd0b4d044a834afb05373e391,observed,within_series_coverage,False,False
TP.TRY.MT02,2022-04-29,2022-04-29,2022-04-29,29-04-2022,17,17.05,17.05000000,False,1651179600,short_term_deposit_rate,3 aya kadar vadeli TL mevduat faiz oranini alternatif getiri kanali olarak izlemek,"3 Aya Kadar Vadeli (TL Mevduat, Akım, %)","Up to 3 Months (TRY Deposits, Flow, %)",bie_mt100h,HAFTALIK(CUMA),Ağırlıklı ortalama,avg,Mevduat Bankaları,raw/TP_TRY_MT02_2022-01-01_2022-12-31_request.json,fb1ec29e434b792e1f0beb79fd069a33cd15bdfa95f8f5ac735bb5339bfb72f1,raw/TP_TRY_MT02_2022-01-01_2022-12-31_response.json.gz,05b380f2a6e34063c4eaf0a747babc2a9159ef9fd0b4d044a834afb05373e391,observed,within_series_coverage,False,False
TP.TRY.MT02,2022-05-06,2022-05-06,2022-05-06,06-05-2022,18,16.93,16.93000000,False,1651784400,short_term_deposit_rate,3 aya kadar vadeli TL mevduat faiz oranini alternatif getiri kanali olarak izlemek,"3 Aya Kadar Vadeli (TL Mevduat, Akım, %)","Up to 3 Months (TRY Deposits, Flow, %)",bie_mt100h,HAFTALIK(CUMA),Ağırlıklı ortalama,avg,Mevduat Bankaları,raw/TP_TRY_MT02_2022-01-01_2022-12-31_request.json,fb1ec29e434b792e1f0beb79fd069a33cd15bdfa95f8f5ac735bb5339bfb72f1,raw/TP_TRY_MT02_2022-01-01_2022-12-31_response.json.gz,05b380f2a6e34063c4eaf0a747babc2a9159ef9fd0b4d044a834afb05373e391,observed,within_series_coverage,False,False
TP.TRY.MT02,2022-05-13,2022-05-13,2022-05-13,13-05-2022,19,17.07,17.07000000,False,1652389200,short_term_deposit_rate,3 aya kadar vadeli TL mevduat faiz oranini alternatif getiri kanali olarak izlemek,"3 Aya Kadar Vadeli (TL Mevduat, Akım, %)","Up to 3 Months (TRY Deposits, Flow, %)",bie_mt100h,HAFTALIK(CUMA),Ağırlıklı ortalama,avg,Mevduat Bankaları,raw/TP_TRY_MT02_2022-01-01_2022-12-31_request.json,fb1ec29e434b792e1f0beb79fd069a33cd15bdfa95f8f5ac735bb5339bfb72f1,raw/TP_TRY_MT02_2022-01-01_2022-12-31_response.json.gz,05b380f2a6e34063c4eaf0a747babc2a9159ef9fd0b4d044a834afb05373e391,observed,within_series_coverage,False,False
TP.TRY.MT02,2022-05-20,2022-05-20,2022-05-20,20-05-2022,20,16.83,16.83000000,False,1652994000,short_term_deposit_rate,3 aya kadar vadeli TL mevduat faiz oranini alternatif getiri kanali olarak izlemek,"3 Aya Kadar Vadeli (TL Mevduat, Akım, %)","Up to 3 Months (TRY Deposits, Flow, %)",bie_mt100h,HAFTALIK(CUMA),Ağırlıklı ortalama,avg,Mevduat Bankaları,raw/TP_TRY_MT02_2022-01-01_2022-12-31_request.json,fb1ec29e434b792e1f0beb79fd069a33cd15bdfa95f8f5ac735bb5339bfb72f1,raw/TP_TRY_MT02_2022-01-01_2022-12-31_response.json.gz,05b380f2a6e34063c4eaf0a747babc2a9159ef9fd0b4d044a834afb05373e391,observed,within_series_coverage,False,False
TP.TRY.MT02,2022-05-27,2022-05-27,2022-05-27,27-05-2022,21,17.13,17.13000000,False,1653598800,short_term_deposit_rate,3 aya kadar vadeli TL mevduat faiz oranini alternatif getiri kanali olarak izlemek,"3 Aya Kadar Vadeli (TL Mevduat, Akım, %)","Up to 3 Months (TRY Deposits, Flow, %)",bie_mt100h,HAFTALIK(CUMA),Ağırlıklı ortalama,avg,Mevduat Bankaları,raw/TP_TRY_MT02_2022-01-01_2022-12-31_request.json,fb1ec29e434b792e1f0beb79fd069a33cd15bdfa95f8f5ac735bb5339bfb72f1,raw/TP_TRY_MT02_2022-01-01_2022-12-31_response.json.gz,05b380f2a6e34063c4eaf0a747babc2a9159ef9fd0b4d044a834afb05373e391,observed,within_series_coverage,False,False
TP.TRY.MT02,2022-06-03,2022-06-03,2022-06-03,03-06-2022,22,17.59,17.59000000,False,1654203600,short_term_deposit_rate,3 aya kadar vadeli TL mevduat faiz oranini alternatif getiri kanali olarak izlemek,"3 Aya Kadar Vadeli (TL Mevduat, Akım, %)","Up to 3 Months (TRY Deposits, Flow, %)",bie_mt100h,HAFTALIK(CUMA),Ağırlıklı ortalama,avg,Mevduat Bankaları,raw/TP_TRY_MT02_2022-01-01_2022-12-31_request.json,fb1ec29e434b792e1f0beb79fd069a33cd15bdfa95f8f5ac735bb5339bfb72f1,raw/TP_TRY_MT02_2022-01-01_2022-12-31_response.json.gz,05b380f2a6e34063c4eaf0a747babc2a9159ef9fd0b4d044a834afb05373e391,observed,within_series_coverage,False,False
TP.TRY.MT02,2022-06-10,2022-06-10,2022-06-10,10-06-2022,23,17.78,17.78000000,False,1654808400,short_term_deposit_rate,3 aya kadar vadeli TL mevduat faiz oranini alternatif getiri kanali olarak izlemek,"3 Aya Kadar Vadeli (TL Mevduat, Akım, %)","Up to 3 Months (TRY Deposits, Flow, %)",bie_mt100h,HAFTALIK(CUMA),Ağırlıklı ortalama,avg,Mevduat Bankaları,raw/TP_TRY_MT02_2022-01-01_2022-12-31_request.json,fb1ec29e434b792e1f0beb79fd069a33cd15bdfa95f8f5ac735bb5339bfb72f1,raw/TP_TRY_MT02_2022-01-01_2022-12-31_response.json.gz,05b380f2a6e34063c4eaf0a747babc2a9159ef9fd0b4d044a834afb05373e391,observed,within_series_coverage,False,False
TP.TRY.MT02,2022-06-17,2022-06-17,2022-06-17,17-06-2022,24,18.55,18.55000000,False,1655413200,short_term_deposit_rate,3 aya kadar vadeli TL mevduat faiz oranini alternatif getiri kanali olarak izlemek,"3 Aya Kadar Vadeli (TL Mevduat, Akım, %)","Up to 3 Months (TRY Deposits, Flow, %)",bie_mt100h,HAFTALIK(CUMA),Ağırlıklı ortalama,avg,Mevduat Bankaları,raw/TP_TRY_MT02_2022-01-01_2022-12-31_request.json,fb1ec29e434b792e1f0beb79fd069a33cd15bdfa95f8f5ac735bb5339bfb72f1,raw/TP_TRY_MT02_2022-01-01_2022-12-31_response.json.gz,05b380f2a6e34063c4eaf0a747babc2a9159ef9fd0b4d044a834afb05373e391,observed,within_series_coverage,False,False
TP.TRY.MT02,2022-06-24,2022-06-24,2022-06-24,24-06-2022,25,18.98,18.98000000,False,1656018000,short_term_deposit_rate,3 aya kadar vadeli TL mevduat faiz oranini alternatif getiri kanali olarak izlemek,"3 Aya Kadar Vadeli (TL Mevduat, Akım, %)","Up to 3 Months (TRY Deposits, Flow, %)",bie_mt100h,HAFTALIK(CUMA),Ağırlıklı ortalama,avg,Mevduat Bankaları,raw/TP_TRY_MT02_2022-01-01_2022-12-31_request.json,fb1ec29e434b792e1f0beb79fd069a33cd15bdfa95f8f5ac735bb5339bfb72f1,raw/TP_TRY_MT02_2022-01-01_2022-12-31_response.json.gz,05b380f2a6e34063c4eaf0a747babc2a9159ef9fd0b4d044a834afb05373e391,observed,within_series_coverage,False,False
TP.TRY.MT02,2022-07-01,2022-07-01,2022-07-01,01-07-2022,26,19.27,19.27000000,False,1656622800,short_term_deposit_rate,3 aya kadar vadeli TL mevduat faiz oranini alternatif getiri kanali olarak izlemek,"3 Aya Kadar Vadeli (TL Mevduat, Akım, %)","Up to 3 Months (TRY Deposits, Flow, %)",bie_mt100h,HAFTALIK(CUMA),Ağırlıklı ortalama,avg,Mevduat Bankaları,raw/TP_TRY_MT02_2022-01-01_2022-12-31_request.json,fb1ec29e434b792e1f0beb79fd069a33cd15bdfa95f8f5ac735bb5339bfb72f1,raw/TP_TRY_MT02_2022-01-01_2022-12-31_response.json.gz,05b380f2a6e34063c4eaf0a747babc2a9159ef9fd0b4d044a834afb05373e391,observed,within_series_coverage,False,False
TP.TRY.MT02,2022-07-08,2022-07-08,2022-07-08,08-07-2022,27,19.94,19.94000000,False,1657227600,short_term_deposit_rate,3 aya kadar vadeli TL mevduat faiz oranini alternatif getiri kanali olarak izlemek,"3 Aya Kadar Vadeli (TL Mevduat, Akım, %)","Up to 3 Months (TRY Deposits, Flow, %)",bie_mt100h,HAFTALIK(CUMA),Ağırlıklı ortalama,avg,Mevduat Bankaları,raw/TP_TRY_MT02_2022-01-01_2022-12-31_request.json,fb1ec29e434b792e1f0beb79fd069a33cd15bdfa95f8f5ac735bb5339bfb72f1,raw/TP_TRY_MT02_2022-01-01_2022-12-31_response.json.gz,05b380f2a6e34063c4eaf0a747babc2a9159ef9fd0b4d044a834afb05373e391,observed,within_series_coverage,False,False
TP.TRY.MT02,2022-07-15,2022-07-15,2022-07-15,15-07-2022,28,19.43,19.43000000,False,1657832400,short_term_deposit_rate,3 aya kadar vadeli TL mevduat faiz oranini alternatif getiri kanali olarak izlemek,"3 Aya Kadar Vadeli (TL Mevduat, Akım, %)","Up to 3 Months (TRY Deposits, Flow, %)",bie_mt100h,HAFTALIK(CUMA),Ağırlıklı ortalama,avg,Mevduat Bankaları,raw/TP_TRY_MT02_2022-01-01_2022-12-31_request.json,fb1ec29e434b792e1f0beb79fd069a33cd15bdfa95f8f5ac735bb5339bfb72f1,raw/TP_TRY_MT02_2022-01-01_2022-12-31_response.json.gz,05b380f2a6e34063c4eaf0a747babc2a9159ef9fd0b4d044a834afb05373e391,observed,within_series_coverage,False,False
TP.TRY.MT02,2022-07-22,2022-07-22,2022-07-22,22-07-2022,29,20.33,20.33000000,False,1658437200,short_term_deposit_rate,3 aya kadar vadeli TL mevduat faiz oranini alternatif getiri kanali olarak izlemek,"3 Aya Kadar Vadeli (TL Mevduat, Akım, %)","Up to 3 Months (TRY Deposits, Flow, %)",bie_mt100h,HAFTALIK(CUMA),Ağırlıklı ortalama,avg,Mevduat Bankaları,raw/TP_TRY_MT02_2022-01-01_2022-12-31_request.json,fb1ec29e434b792e1f0beb79fd069a33cd15bdfa95f8f5ac735bb5339bfb72f1,raw/TP_TRY_MT02_2022-01-01_2022-12-31_response.json.gz,05b380f2a6e34063c4eaf0a747babc2a9159ef9fd0b4d044a834afb05373e391,observed,within_series_coverage,False,False
TP.TRY.MT02,2022-07-29,2022-07-29,2022-07-29,29-07-2022,30,19.99,19.99000000,False,1659042000,short_term_deposit_rate,3 aya kadar vadeli TL mevduat faiz oranini alternatif getiri kanali olarak izlemek,"3 Aya Kadar Vadeli (TL Mevduat, Akım, %)","Up to 3 Months (TRY Deposits, Flow, %)",bie_mt100h,HAFTALIK(CUMA),Ağırlıklı ortalama,avg,Mevduat Bankaları,raw/TP_TRY_MT02_2022-01-01_2022-12-31_request.json,fb1ec29e434b792e1f0beb79fd069a33cd15bdfa95f8f5ac735bb5339bfb72f1,raw/TP_TRY_MT02_2022-01-01_2022-12-31_response.json.gz,05b380f2a6e34063c4eaf0a747babc2a9159ef9fd0b4d044a834afb05373e391,observed,within_series_coverage,False,False
TP.TRY.MT02,2022-08-05,2022-08-05,2022-08-05,05-08-2022,31,20.02,20.02000000,False,1659646800,short_term_deposit_rate,3 aya kadar vadeli TL mevduat faiz oranini alternatif getiri kanali olarak izlemek,"3 Aya Kadar Vadeli (TL Mevduat, Akım, %)","Up to 3 Months (TRY Deposits, Flow, %)",bie_mt100h,HAFTALIK(CUMA),Ağırlıklı ortalama,avg,Mevduat Bankaları,raw/TP_TRY_MT02_2022-01-01_2022-12-31_request.json,fb1ec29e434b792e1f0beb79fd069a33cd15bdfa95f8f5ac735bb5339bfb72f1,raw/TP_TRY_MT02_2022-01-01_2022-12-31_response.json.gz,05b380f2a6e34063c4eaf0a747babc2a9159ef9fd0b4d044a834afb05373e391,observed,within_series_coverage,False,False
TP.TRY.MT02,2022-08-12,2022-08-12,2022-08-12,12-08-2022,32,19.53,19.53000000,False,1660251600,short_term_deposit_rate,3 aya kadar vadeli TL mevduat faiz oranini alternatif getiri kanali olarak izlemek,"3 Aya Kadar Vadeli (TL Mevduat, Akım, %)","Up to 3 Months (TRY Deposits, Flow, %)",bie_mt100h,HAFTALIK(CUMA),Ağırlıklı ortalama,avg,Mevduat Bankaları,raw/TP_TRY_MT02_2022-01-01_2022-12-31_request.json,fb1ec29e434b792e1f0beb79fd069a33cd15bdfa95f8f5ac735bb5339bfb72f1,raw/TP_TRY_MT02_2022-01-01_2022-12-31_response.json.gz,05b380f2a6e34063c4eaf0a747babc2a9159ef9fd0b4d044a834afb05373e391,observed,within_series_coverage,False,False
TP.TRY.MT02,2022-08-19,2022-08-19,2022-08-19,19-08-2022,33,18.95,18.95000000,False,1660856400,short_term_deposit_rate,3 aya kadar vadeli TL mevduat faiz oranini alternatif getiri kanali olarak izlemek,"3 Aya Kadar Vadeli (TL Mevduat, Akım, %)","Up to 3 Months (TRY Deposits, Flow, %)",bie_mt100h,HAFTALIK(CUMA),Ağırlıklı ortalama,avg,Mevduat Bankaları,raw/TP_TRY_MT02_2022-01-01_2022-12-31_request.json,fb1ec29e434b792e1f0beb79fd069a33cd15bdfa95f8f5ac735bb5339bfb72f1,raw/TP_TRY_MT02_2022-01-01_2022-12-31_response.json.gz,05b380f2a6e34063c4eaf0a747babc2a9159ef9fd0b4d044a834afb05373e391,observed,within_series_coverage,False,False
TP.TRY.MT02,2022-08-26,2022-08-26,2022-08-26,26-08-2022,34,18.32,18.32000000,False,1661461200,short_term_deposit_rate,3 aya kadar vadeli TL mevduat faiz oranini alternatif getiri kanali olarak izlemek,"3 Aya Kadar Vadeli (TL Mevduat, Akım, %)","Up to 3 Months (TRY Deposits, Flow, %)",bie_mt100h,HAFTALIK(CUMA),Ağırlıklı ortalama,avg,Mevduat Bankaları,raw/TP_TRY_MT02_2022-01-01_2022-12-31_request.json,fb1ec29e434b792e1f0beb79fd069a33cd15bdfa95f8f5ac735bb5339bfb72f1,raw/TP_TRY_MT02_2022-01-01_2022-12-31_response.json.gz,05b380f2a6e34063c4eaf0a747babc2a9159ef9fd0b4d044a834afb05373e391,observed,within_series_coverage,False,False
TP.TRY.MT02,2022-09-02,2022-09-02,2022-09-02,02-09-2022,35,18.34,18.34000000,False,1662066000,short_term_deposit_rate,3 aya kadar vadeli TL mevduat faiz oranini alternatif getiri kanali olarak izlemek,"3 Aya Kadar Vadeli (TL Mevduat, Akım, %)","Up to 3 Months (TRY Deposits, Flow, %)",bie_mt100h,HAFTALIK(CUMA),Ağırlıklı ortalama,avg,Mevduat Bankaları,raw/TP_TRY_MT02_2022-01-01_2022-12-31_request.json,fb1ec29e434b792e1f0beb79fd069a33cd15bdfa95f8f5ac735bb5339bfb72f1,raw/TP_TRY_MT02_2022-01-01_2022-12-31_response.json.gz,05b380f2a6e34063c4eaf0a747babc2a9159ef9fd0b4d044a834afb05373e391,observed,within_series_coverage,False,False
TP.TRY.MT02,2022-09-09,2022-09-09,2022-09-09,09-09-2022,36,19.11,19.11000000,False,1662670800,short_term_deposit_rate,3 aya kadar vadeli TL mevduat faiz oranini alternatif getiri kanali olarak izlemek,"3 Aya Kadar Vadeli (TL Mevduat, Akım, %)","Up to 3 Months (TRY Deposits, Flow, %)",bie_mt100h,HAFTALIK(CUMA),Ağırlıklı ortalama,avg,Mevduat Bankaları,raw/TP_TRY_MT02_2022-01-01_2022-12-31_request.json,fb1ec29e434b792e1f0beb79fd069a33cd15bdfa95f8f5ac735bb5339bfb72f1,raw/TP_TRY_MT02_2022-01-01_2022-12-31_response.json.gz,05b380f2a6e34063c4eaf0a747babc2a9159ef9fd0b4d044a834afb05373e391,observed,within_series_coverage,False,False
TP.TRY.MT02,2022-09-16,2022-09-16,2022-09-16,16-09-2022,37,19.2,19.20000000,False,1663275600,short_term_deposit_rate,3 aya kadar vadeli TL mevduat faiz oranini alternatif getiri kanali olarak izlemek,"3 Aya Kadar Vadeli (TL Mevduat, Akım, %)","Up to 3 Months (TRY Deposits, Flow, %)",bie_mt100h,HAFTALIK(CUMA),Ağırlıklı ortalama,avg,Mevduat Bankaları,raw/TP_TRY_MT02_2022-01-01_2022-12-31_request.json,fb1ec29e434b792e1f0beb79fd069a33cd15bdfa95f8f5ac735bb5339bfb72f1,raw/TP_TRY_MT02_2022-01-01_2022-12-31_response.json.gz,05b380f2a6e34063c4eaf0a747babc2a9159ef9fd0b4d044a834afb05373e391,observed,within_series_coverage,False,False
TP.TRY.MT02,2022-09-23,2022-09-23,2022-09-23,23-09-2022,38,18.93,18.93000000,False,1663880400,short_term_deposit_rate,3 aya kadar vadeli TL mevduat faiz oranini alternatif getiri kanali olarak izlemek,"3 Aya Kadar Vadeli (TL Mevduat, Akım, %)","Up to 3 Months (TRY Deposits, Flow, %)",bie_mt100h,HAFTALIK(CUMA),Ağırlıklı ortalama,avg,Mevduat Bankaları,raw/TP_TRY_MT02_2022-01-01_2022-12-31_request.json,fb1ec29e434b792e1f0beb79fd069a33cd15bdfa95f8f5ac735bb5339bfb72f1,raw/TP_TRY_MT02_2022-01-01_2022-12-31_response.json.gz,05b380f2a6e34063c4eaf0a747babc2a9159ef9fd0b4d044a834afb05373e391,observed,within_series_coverage,False,False
TP.TRY.MT02,2022-09-30,2022-09-30,2022-09-30,30-09-2022,39,18.33,18.33000000,False,1664485200,short_term_deposit_rate,3 aya kadar vadeli TL mevduat faiz oranini alternatif getiri kanali olarak izlemek,"3 Aya Kadar Vadeli (TL Mevduat, Akım, %)","Up to 3 Months (TRY Deposits, Flow, %)",bie_mt100h,HAFTALIK(CUMA),Ağırlıklı ortalama,avg,Mevduat Bankaları,raw/TP_TRY_MT02_2022-01-01_2022-12-31_request.json,fb1ec29e434b792e1f0beb79fd069a33cd15bdfa95f8f5ac735bb5339bfb72f1,raw/TP_TRY_MT02_2022-01-01_2022-12-31_response.json.gz,05b380f2a6e34063c4eaf0a747babc2a9159ef9fd0b4d044a834afb05373e391,observed,within_series_coverage,False,False
TP.TRY.MT02,2022-10-07,2022-10-07,2022-10-07,07-10-2022,40,18.73,18.73000000,False,1665090000,short_term_deposit_rate,3 aya kadar vadeli TL mevduat faiz oranini alternatif getiri kanali olarak izlemek,"3 Aya Kadar Vadeli (TL Mevduat, Akım, %)","Up to 3 Months (TRY Deposits, Flow, %)",bie_mt100h,HAFTALIK(CUMA),Ağırlıklı ortalama,avg,Mevduat Bankaları,raw/TP_TRY_MT02_2022-01-01_2022-12-31_request.json,fb1ec29e434b792e1f0beb79fd069a33cd15bdfa95f8f5ac735bb5339bfb72f1,raw/TP_TRY_MT02_2022-01-01_2022-12-31_response.json.gz,05b380f2a6e34063c4eaf0a747babc2a9159ef9fd0b4d044a834afb05373e391,observed,within_series_coverage,False,False
TP.TRY.MT02,2022-10-14,2022-10-14,2022-10-14,14-10-2022,41,19.23,19.23000000,False,1665694800,short_term_deposit_rate,3 aya kadar vadeli TL mevduat faiz oranini alternatif getiri kanali olarak izlemek,"3 Aya Kadar Vadeli (TL Mevduat, Akım, %)","Up to 3 Months (TRY Deposits, Flow, %)",bie_mt100h,HAFTALIK(CUMA),Ağırlıklı ortalama,avg,Mevduat Bankaları,raw/TP_TRY_MT02_2022-01-01_2022-12-31_request.json,fb1ec29e434b792e1f0beb79fd069a33cd15bdfa95f8f5ac735bb5339bfb72f1,raw/TP_TRY_MT02_2022-01-01_2022-12-31_response.json.gz,05b380f2a6e34063c4eaf0a747babc2a9159ef9fd0b4d044a834afb05373e391,observed,within_series_coverage,False,False
TP.TRY.MT02,2022-10-21,2022-10-21,2022-10-21,21-10-2022,42,19.11,19.11000000,False,1666299600,short_term_deposit_rate,3 aya kadar vadeli TL mevduat faiz oranini alternatif getiri kanali olarak izlemek,"3 Aya Kadar Vadeli (TL Mevduat, Akım, %)","Up to 3 Months (TRY Deposits, Flow, %)",bie_mt100h,HAFTALIK(CUMA),Ağırlıklı ortalama,avg,Mevduat Bankaları,raw/TP_TRY_MT02_2022-01-01_2022-12-31_request.json,fb1ec29e434b792e1f0beb79fd069a33cd15bdfa95f8f5ac735bb5339bfb72f1,raw/TP_TRY_MT02_2022-01-01_2022-12-31_response.json.gz,05b380f2a6e34063c4eaf0a747babc2a9159ef9fd0b4d044a834afb05373e391,observed,within_series_coverage,False,False
TP.TRY.MT02,2022-10-28,2022-10-28,2022-10-28,28-10-2022,43,19.81,19.81000000,False,1666904400,short_term_deposit_rate,3 aya kadar vadeli TL mevduat faiz oranini alternatif getiri kanali olarak izlemek,"3 Aya Kadar Vadeli (TL Mevduat, Akım, %)","Up to 3 Months (TRY Deposits, Flow, %)",bie_mt100h,HAFTALIK(CUMA),Ağırlıklı ortalama,avg,Mevduat Bankaları,raw/TP_TRY_MT02_2022-01-01_2022-12-31_request.json,fb1ec29e434b792e1f0beb79fd069a33cd15bdfa95f8f5ac735bb5339bfb72f1,raw/TP_TRY_MT02_2022-01-01_2022-12-31_response.json.gz,05b380f2a6e34063c4eaf0a747babc2a9159ef9fd0b4d044a834afb05373e391,observed,within_series_coverage,False,False
TP.TRY.MT02,2022-11-04,2022-11-04,2022-11-04,04-11-2022,44,20.88,20.88000000,False,1667509200,short_term_deposit_rate,3 aya kadar vadeli TL mevduat faiz oranini alternatif getiri kanali olarak izlemek,"3 Aya Kadar Vadeli (TL Mevduat, Akım, %)","Up to 3 Months (TRY Deposits, Flow, %)",bie_mt100h,HAFTALIK(CUMA),Ağırlıklı ortalama,avg,Mevduat Bankaları,raw/TP_TRY_MT02_2022-01-01_2022-12-31_request.json,fb1ec29e434b792e1f0beb79fd069a33cd15bdfa95f8f5ac735bb5339bfb72f1,raw/TP_TRY_MT02_2022-01-01_2022-12-31_response.json.gz,05b380f2a6e34063c4eaf0a747babc2a9159ef9fd0b4d044a834afb05373e391,observed,within_series_coverage,False,False
TP.TRY.MT02,2022-11-11,2022-11-11,2022-11-11,11-11-2022,45,21.53,21.53000000,False,1668114000,short_term_deposit_rate,3 aya kadar vadeli TL mevduat faiz oranini alternatif getiri kanali olarak izlemek,"3 Aya Kadar Vadeli (TL Mevduat, Akım, %)","Up to 3 Months (TRY Deposits, Flow, %)",bie_mt100h,HAFTALIK(CUMA),Ağırlıklı ortalama,avg,Mevduat Bankaları,raw/TP_TRY_MT02_2022-01-01_2022-12-31_request.json,fb1ec29e434b792e1f0beb79fd069a33cd15bdfa95f8f5ac735bb5339bfb72f1,raw/TP_TRY_MT02_2022-01-01_2022-12-31_response.json.gz,05b380f2a6e34063c4eaf0a747babc2a9159ef9fd0b4d044a834afb05373e391,observed,within_series_coverage,False,False
TP.TRY.MT02,2022-11-18,2022-11-18,2022-11-18,18-11-2022,46,20.69,20.69000000,False,1668718800,short_term_deposit_rate,3 aya kadar vadeli TL mevduat faiz oranini alternatif getiri kanali olarak izlemek,"3 Aya Kadar Vadeli (TL Mevduat, Akım, %)","Up to 3 Months (TRY Deposits, Flow, %)",bie_mt100h,HAFTALIK(CUMA),Ağırlıklı ortalama,avg,Mevduat Bankaları,raw/TP_TRY_MT02_2022-01-01_2022-12-31_request.json,fb1ec29e434b792e1f0beb79fd069a33cd15bdfa95f8f5ac735bb5339bfb72f1,raw/TP_TRY_MT02_2022-01-01_2022-12-31_response.json.gz,05b380f2a6e34063c4eaf0a747babc2a9159ef9fd0b4d044a834afb05373e391,observed,within_series_coverage,False,False
TP.TRY.MT02,2022-11-25,2022-11-25,2022-11-25,25-11-2022,47,21.42,21.42000000,False,1669323600,short_term_deposit_rate,3 aya kadar vadeli TL mevduat faiz oranini alternatif getiri kanali olarak izlemek,"3 Aya Kadar Vadeli (TL Mevduat, Akım, %)","Up to 3 Months (TRY Deposits, Flow, %)",bie_mt100h,HAFTALIK(CUMA),Ağırlıklı ortalama,avg,Mevduat Bankaları,raw/TP_TRY_MT02_2022-01-01_2022-12-31_request.json,fb1ec29e434b792e1f0beb79fd069a33cd15bdfa95f8f5ac735bb5339bfb72f1,raw/TP_TRY_MT02_2022-01-01_2022-12-31_response.json.gz,05b380f2a6e34063c4eaf0a747babc2a9159ef9fd0b4d044a834afb05373e391,observed,within_series_coverage,False,False
TP.TRY.MT02,2022-12-02,2022-12-02,2022-12-02,02-12-2022,48,21.92,21.92000000,False,1669928400,short_term_deposit_rate,3 aya kadar vadeli TL mevduat faiz oranini alternatif getiri kanali olarak izlemek,"3 Aya Kadar Vadeli (TL Mevduat, Akım, %)","Up to 3 Months (TRY Deposits, Flow, %)",bie_mt100h,HAFTALIK(CUMA),Ağırlıklı ortalama,avg,Mevduat Bankaları,raw/TP_TRY_MT02_2022-01-01_2022-12-31_request.json,fb1ec29e434b792e1f0beb79fd069a33cd15bdfa95f8f5ac735bb5339bfb72f1,raw/TP_TRY_MT02_2022-01-01_2022-12-31_response.json.gz,05b380f2a6e34063c4eaf0a747babc2a9159ef9fd0b4d044a834afb05373e391,observed,within_series_coverage,False,False
TP.TRY.MT02,2022-12-09,2022-12-09,2022-12-09,09-12-2022,49,22.5,22.50000000,False,1670533200,short_term_deposit_rate,3 aya kadar vadeli TL mevduat faiz oranini alternatif getiri kanali olarak izlemek,"3 Aya Kadar Vadeli (TL Mevduat, Akım, %)","Up to 3 Months (TRY Deposits, Flow, %)",bie_mt100h,HAFTALIK(CUMA),Ağırlıklı ortalama,avg,Mevduat Bankaları,raw/TP_TRY_MT02_2022-01-01_2022-12-31_request.json,fb1ec29e434b792e1f0beb79fd069a33cd15bdfa95f8f5ac735bb5339bfb72f1,raw/TP_TRY_MT02_2022-01-01_2022-12-31_response.json.gz,05b380f2a6e34063c4eaf0a747babc2a9159ef9fd0b4d044a834afb05373e391,observed,within_series_coverage,False,False
TP.TRY.MT02,2022-12-16,2022-12-16,2022-12-16,16-12-2022,50,22.99,22.99000000,False,1671138000,short_term_deposit_rate,3 aya kadar vadeli TL mevduat faiz oranini alternatif getiri kanali olarak izlemek,"3 Aya Kadar Vadeli (TL Mevduat, Akım, %)","Up to 3 Months (TRY Deposits, Flow, %)",bie_mt100h,HAFTALIK(CUMA),Ağırlıklı ortalama,avg,Mevduat Bankaları,raw/TP_TRY_MT02_2022-01-01_2022-12-31_request.json,fb1ec29e434b792e1f0beb79fd069a33cd15bdfa95f8f5ac735bb5339bfb72f1,raw/TP_TRY_MT02_2022-01-01_2022-12-31_response.json.gz,05b380f2a6e34063c4eaf0a747babc2a9159ef9fd0b4d044a834afb05373e391,observed,within_series_coverage,False,False
TP.TRY.MT02,2022-12-23,2022-12-23,2022-12-23,23-12-2022,51,23.24,23.24000000,False,1671742800,short_term_deposit_rate,3 aya kadar vadeli TL mevduat faiz oranini alternatif getiri kanali olarak izlemek,"3 Aya Kadar Vadeli (TL Mevduat, Akım, %)","Up to 3 Months (TRY Deposits, Flow, %)",bie_mt100h,HAFTALIK(CUMA),Ağırlıklı ortalama,avg,Mevduat Bankaları,raw/TP_TRY_MT02_2022-01-01_2022-12-31_request.json,fb1ec29e434b792e1f0beb79fd069a33cd15bdfa95f8f5ac735bb5339bfb72f1,raw/TP_TRY_MT02_2022-01-01_2022-12-31_response.json.gz,05b380f2a6e34063c4eaf0a747babc2a9159ef9fd0b4d044a834afb05373e391,observed,within_series_coverage,False,False
TP.TRY.MT02,2022-12-30,2022-12-30,2022-12-30,30-12-2022,52,24.17,24.17000000,False,1672347600,short_term_deposit_rate,3 aya kadar vadeli TL mevduat faiz oranini alternatif getiri kanali olarak izlemek,"3 Aya Kadar Vadeli (TL Mevduat, Akım, %)","Up to 3 Months (TRY Deposits, Flow, %)",bie_mt100h,HAFTALIK(CUMA),Ağırlıklı ortalama,avg,Mevduat Bankaları,raw/TP_TRY_MT02_2022-01-01_2022-12-31_request.json,fb1ec29e434b792e1f0beb79fd069a33cd15bdfa95f8f5ac735bb5339bfb72f1,raw/TP_TRY_MT02_2022-01-01_2022-12-31_response.json.gz,05b380f2a6e34063c4eaf0a747babc2a9159ef9fd0b4d044a834afb05373e391,observed,within_series_coverage,False,False
TP.TRY.MT02,2023-01-06,2023-01-06,2023-01-06,06-01-2023,1,24.03,24.03000000,False,1672952400,short_term_deposit_rate,3 aya kadar vadeli TL mevduat faiz oranini alternatif getiri kanali olarak izlemek,"3 Aya Kadar Vadeli (TL Mevduat, Akım, %)","Up to 3 Months (TRY Deposits, Flow, %)",bie_mt100h,HAFTALIK(CUMA),Ağırlıklı ortalama,avg,Mevduat Bankaları,raw/TP_TRY_MT02_2023-01-01_2023-12-31_request.json,9dd299076f42fe15c98af46d8b33da3f27c92f1c5b44514882b3761577b62ba7,raw/TP_TRY_MT02_2023-01-01_2023-12-31_response.json.gz,3484bd9cfdb0cd3d41f457918af883da82351bac5cf1b23a15d6b2b75c4dfae7,observed,within_series_coverage,False,False
TP.TRY.MT02,2023-01-13,2023-01-13,2023-01-13,13-01-2023,2,24.02,24.02000000,False,1673557200,short_term_deposit_rate,3 aya kadar vadeli TL mevduat faiz oranini alternatif getiri kanali olarak izlemek,"3 Aya Kadar Vadeli (TL Mevduat, Akım, %)","Up to 3 Months (TRY Deposits, Flow, %)",bie_mt100h,HAFTALIK(CUMA),Ağırlıklı ortalama,avg,Mevduat Bankaları,raw/TP_TRY_MT02_2023-01-01_2023-12-31_request.json,9dd299076f42fe15c98af46d8b33da3f27c92f1c5b44514882b3761577b62ba7,raw/TP_TRY_MT02_2023-01-01_2023-12-31_response.json.gz,3484bd9cfdb0cd3d41f457918af883da82351bac5cf1b23a15d6b2b75c4dfae7,observed,within_series_coverage,False,False
TP.TRY.MT02,2023-01-20,2023-01-20,2023-01-20,20-01-2023,3,24.57,24.57000000,False,1674162000,short_term_deposit_rate,3 aya kadar vadeli TL mevduat faiz oranini alternatif getiri kanali olarak izlemek,"3 Aya Kadar Vadeli (TL Mevduat, Akım, %)","Up to 3 Months (TRY Deposits, Flow, %)",bie_mt100h,HAFTALIK(CUMA),Ağırlıklı ortalama,avg,Mevduat Bankaları,raw/TP_TRY_MT02_2023-01-01_2023-12-31_request.json,9dd299076f42fe15c98af46d8b33da3f27c92f1c5b44514882b3761577b62ba7,raw/TP_TRY_MT02_2023-01-01_2023-12-31_response.json.gz,3484bd9cfdb0cd3d41f457918af883da82351bac5cf1b23a15d6b2b75c4dfae7,observed,within_series_coverage,False,False
TP.TRY.MT02,2023-01-27,2023-01-27,2023-01-27,27-01-2023,4,25.31,25.31000000,False,1674766800,short_term_deposit_rate,3 aya kadar vadeli TL mevduat faiz oranini alternatif getiri kanali olarak izlemek,"3 Aya Kadar Vadeli (TL Mevduat, Akım, %)","Up to 3 Months (TRY Deposits, Flow, %)",bie_mt100h,HAFTALIK(CUMA),Ağırlıklı ortalama,avg,Mevduat Bankaları,raw/TP_TRY_MT02_2023-01-01_2023-12-31_request.json,9dd299076f42fe15c98af46d8b33da3f27c92f1c5b44514882b3761577b62ba7,raw/TP_TRY_MT02_2023-01-01_2023-12-31_response.json.gz,3484bd9cfdb0cd3d41f457918af883da82351bac5cf1b23a15d6b2b75c4dfae7,observed,within_series_coverage,False,False
TP.TRY.MT02,2023-02-03,2023-02-03,2023-02-03,03-02-2023,5,26.55,26.55000000,False,1675371600,short_term_deposit_rate,3 aya kadar vadeli TL mevduat faiz oranini alternatif getiri kanali olarak izlemek,"3 Aya Kadar Vadeli (TL Mevduat, Akım, %)","Up to 3 Months (TRY Deposits, Flow, %)",bie_mt100h,HAFTALIK(CUMA),Ağırlıklı ortalama,avg,Mevduat Bankaları,raw/TP_TRY_MT02_2023-01-01_2023-12-31_request.json,9dd299076f42fe15c98af46d8b33da3f27c92f1c5b44514882b3761577b62ba7,raw/TP_TRY_MT02_2023-01-01_2023-12-31_response.json.gz,3484bd9cfdb0cd3d41f457918af883da82351bac5cf1b23a15d6b2b75c4dfae7,observed,within_series_coverage,False,False
TP.TRY.MT02,2023-02-10,2023-02-10,2023-02-10,10-02-2023,6,26.88,26.88000000,False,1675976400,short_term_deposit_rate,3 aya kadar vadeli TL mevduat faiz oranini alternatif getiri kanali olarak izlemek,"3 Aya Kadar Vadeli (TL Mevduat, Akım, %)","Up to 3 Months (TRY Deposits, Flow, %)",bie_mt100h,HAFTALIK(CUMA),Ağırlıklı ortalama,avg,Mevduat Bankaları,raw/TP_TRY_MT02_2023-01-01_2023-12-31_request.json,9dd299076f42fe15c98af46d8b33da3f27c92f1c5b44514882b3761577b62ba7,raw/TP_TRY_MT02_2023-01-01_2023-12-31_response.json.gz,3484bd9cfdb0cd3d41f457918af883da82351bac5cf1b23a15d6b2b75c4dfae7,observed,within_series_coverage,False,False
TP.TRY.MT02,2023-02-17,2023-02-17,2023-02-17,17-02-2023,7,26.64,26.64000000,False,1676581200,short_term_deposit_rate,3 aya kadar vadeli TL mevduat faiz oranini alternatif getiri kanali olarak izlemek,"3 Aya Kadar Vadeli (TL Mevduat, Akım, %)","Up to 3 Months (TRY Deposits, Flow, %)",bie_mt100h,HAFTALIK(CUMA),Ağırlıklı ortalama,avg,Mevduat Bankaları,raw/TP_TRY_MT02_2023-01-01_2023-12-31_request.json,9dd299076f42fe15c98af46d8b33da3f27c92f1c5b44514882b3761577b62ba7,raw/TP_TRY_MT02_2023-01-01_2023-12-31_response.json.gz,3484bd9cfdb0cd3d41f457918af883da82351bac5cf1b23a15d6b2b75c4dfae7,observed,within_series_coverage,False,False
TP.TRY.MT02,2023-02-24,2023-02-24,2023-02-24,24-02-2023,8,26.95,26.95000000,False,1677186000,short_term_deposit_rate,3 aya kadar vadeli TL mevduat faiz oranini alternatif getiri kanali olarak izlemek,"3 Aya Kadar Vadeli (TL Mevduat, Akım, %)","Up to 3 Months (TRY Deposits, Flow, %)",bie_mt100h,HAFTALIK(CUMA),Ağırlıklı ortalama,avg,Mevduat Bankaları,raw/TP_TRY_MT02_2023-01-01_2023-12-31_request.json,9dd299076f42fe15c98af46d8b33da3f27c92f1c5b44514882b3761577b62ba7,raw/TP_TRY_MT02_2023-01-01_2023-12-31_response.json.gz,3484bd9cfdb0cd3d41f457918af883da82351bac5cf1b23a15d6b2b75c4dfae7,observed,within_series_coverage,False,False
TP.TRY.MT02,2023-03-03,2023-03-03,2023-03-03,03-03-2023,9,27.68,27.68000000,False,1677790800,short_term_deposit_rate,3 aya kadar vadeli TL mevduat faiz oranini alternatif getiri kanali olarak izlemek,"3 Aya Kadar Vadeli (TL Mevduat, Akım, %)","Up to 3 Months (TRY Deposits, Flow, %)",bie_mt100h,HAFTALIK(CUMA),Ağırlıklı ortalama,avg,Mevduat Bankaları,raw/TP_TRY_MT02_2023-01-01_2023-12-31_request.json,9dd299076f42fe15c98af46d8b33da3f27c92f1c5b44514882b3761577b62ba7,raw/TP_TRY_MT02_2023-01-01_2023-12-31_response.json.gz,3484bd9cfdb0cd3d41f457918af883da82351bac5cf1b23a15d6b2b75c4dfae7,observed,within_series_coverage,False,False
TP.TRY.MT02,2023-03-10,2023-03-10,2023-03-10,10-03-2023,10,27.83,27.83000000,False,1678395600,short_term_deposit_rate,3 aya kadar vadeli TL mevduat faiz oranini alternatif getiri kanali olarak izlemek,"3 Aya Kadar Vadeli (TL Mevduat, Akım, %)","Up to 3 Months (TRY Deposits, Flow, %)",bie_mt100h,HAFTALIK(CUMA),Ağırlıklı ortalama,avg,Mevduat Bankaları,raw/TP_TRY_MT02_2023-01-01_2023-12-31_request.json,9dd299076f42fe15c98af46d8b33da3f27c92f1c5b44514882b3761577b62ba7,raw/TP_TRY_MT02_2023-01-01_2023-12-31_response.json.gz,3484bd9cfdb0cd3d41f457918af883da82351bac5cf1b23a15d6b2b75c4dfae7,observed,within_series_coverage,False,False
TP.TRY.MT02,2023-03-17,2023-03-17,2023-03-17,17-03-2023,11,27.64,27.64000000,False,1679000400,short_term_deposit_rate,3 aya kadar vadeli TL mevduat faiz oranini alternatif getiri kanali olarak izlemek,"3 Aya Kadar Vadeli (TL Mevduat, Akım, %)","Up to 3 Months (TRY Deposits, Flow, %)",bie_mt100h,HAFTALIK(CUMA),Ağırlıklı ortalama,avg,Mevduat Bankaları,raw/TP_TRY_MT02_2023-01-01_2023-12-31_request.json,9dd299076f42fe15c98af46d8b33da3f27c92f1c5b44514882b3761577b62ba7,raw/TP_TRY_MT02_2023-01-01_2023-12-31_response.json.gz,3484bd9cfdb0cd3d41f457918af883da82351bac5cf1b23a15d6b2b75c4dfae7,observed,within_series_coverage,False,False
TP.TRY.MT02,2023-03-24,2023-03-24,2023-03-24,24-03-2023,12,28.1,28.10000000,False,1679605200,short_term_deposit_rate,3 aya kadar vadeli TL mevduat faiz oranini alternatif getiri kanali olarak izlemek,"3 Aya Kadar Vadeli (TL Mevduat, Akım, %)","Up to 3 Months (TRY Deposits, Flow, %)",bie_mt100h,HAFTALIK(CUMA),Ağırlıklı ortalama,avg,Mevduat Bankaları,raw/TP_TRY_MT02_2023-01-01_2023-12-31_request.json,9dd299076f42fe15c98af46d8b33da3f27c92f1c5b44514882b3761577b62ba7,raw/TP_TRY_MT02_2023-01-01_2023-12-31_response.json.gz,3484bd9cfdb0cd3d41f457918af883da82351bac5cf1b23a15d6b2b75c4dfae7,observed,within_series_coverage,False,False
TP.TRY.MT02,2023-03-31,2023-03-31,2023-03-31,31-03-2023,13,29.23,29.23000000,False,1680210000,short_term_deposit_rate,3 aya kadar vadeli TL mevduat faiz oranini alternatif getiri kanali olarak izlemek,"3 Aya Kadar Vadeli (TL Mevduat, Akım, %)","Up to 3 Months (TRY Deposits, Flow, %)",bie_mt100h,HAFTALIK(CUMA),Ağırlıklı ortalama,avg,Mevduat Bankaları,raw/TP_TRY_MT02_2023-01-01_2023-12-31_request.json,9dd299076f42fe15c98af46d8b33da3f27c92f1c5b44514882b3761577b62ba7,raw/TP_TRY_MT02_2023-01-01_2023-12-31_response.json.gz,3484bd9cfdb0cd3d41f457918af883da82351bac5cf1b23a15d6b2b75c4dfae7,observed,within_series_coverage,False,False
TP.TRY.MT02,2023-04-07,2023-04-07,2023-04-07,07-04-2023,14,28.96,28.96000000,False,1680814800,short_term_deposit_rate,3 aya kadar vadeli TL mevduat faiz oranini alternatif getiri kanali olarak izlemek,"3 Aya Kadar Vadeli (TL Mevduat, Akım, %)","Up to 3 Months (TRY Deposits, Flow, %)",bie_mt100h,HAFTALIK(CUMA),Ağırlıklı ortalama,avg,Mevduat Bankaları,raw/TP_TRY_MT02_2023-01-01_2023-12-31_request.json,9dd299076f42fe15c98af46d8b33da3f27c92f1c5b44514882b3761577b62ba7,raw/TP_TRY_MT02_2023-01-01_2023-12-31_response.json.gz,3484bd9cfdb0cd3d41f457918af883da82351bac5cf1b23a15d6b2b75c4dfae7,observed,within_series_coverage,False,False
TP.TRY.MT02,2023-04-14,2023-04-14,2023-04-14,14-04-2023,15,28.0,28.00000000,False,1681419600,short_term_deposit_rate,3 aya kadar vadeli TL mevduat faiz oranini alternatif getiri kanali olarak izlemek,"3 Aya Kadar Vadeli (TL Mevduat, Akım, %)","Up to 3 Months (TRY Deposits, Flow, %)",bie_mt100h,HAFTALIK(CUMA),Ağırlıklı ortalama,avg,Mevduat Bankaları,raw/TP_TRY_MT02_2023-01-01_2023-12-31_request.json,9dd299076f42fe15c98af46d8b33da3f27c92f1c5b44514882b3761577b62ba7,raw/TP_TRY_MT02_2023-01-01_2023-12-31_response.json.gz,3484bd9cfdb0cd3d41f457918af883da82351bac5cf1b23a15d6b2b75c4dfae7,observed,within_series_coverage,False,False
TP.TRY.MT02,2023-04-21,2023-04-21,2023-04-21,21-04-2023,16,27.68,27.68000000,False,1682024400,short_term_deposit_rate,3 aya kadar vadeli TL mevduat faiz oranini alternatif getiri kanali olarak izlemek,"3 Aya Kadar Vadeli (TL Mevduat, Akım, %)","Up to 3 Months (TRY Deposits, Flow, %)",bie_mt100h,HAFTALIK(CUMA),Ağırlıklı ortalama,avg,Mevduat Bankaları,raw/TP_TRY_MT02_2023-01-01_2023-12-31_request.json,9dd299076f42fe15c98af46d8b33da3f27c92f1c5b44514882b3761577b62ba7,raw/TP_TRY_MT02_2023-01-01_2023-12-31_response.json.gz,3484bd9cfdb0cd3d41f457918af883da82351bac5cf1b23a15d6b2b75c4dfae7,observed,within_series_coverage,False,False
TP.TRY.MT02,2023-04-28,2023-04-28,2023-04-28,28-04-2023,17,28.73,28.73000000,False,1682629200,short_term_deposit_rate,3 aya kadar vadeli TL mevduat faiz oranini alternatif getiri kanali olarak izlemek,"3 Aya Kadar Vadeli (TL Mevduat, Akım, %)","Up to 3 Months (TRY Deposits, Flow, %)",bie_mt100h,HAFTALIK(CUMA),Ağırlıklı ortalama,avg,Mevduat Bankaları,raw/TP_TRY_MT02_2023-01-01_2023-12-31_request.json,9dd299076f42fe15c98af46d8b33da3f27c92f1c5b44514882b3761577b62ba7,raw/TP_TRY_MT02_2023-01-01_2023-12-31_response.json.gz,3484bd9cfdb0cd3d41f457918af883da82351bac5cf1b23a15d6b2b75c4dfae7,observed,within_series_coverage,False,False
TP.TRY.MT02,2023-05-05,2023-05-05,2023-05-05,05-05-2023,18,29.05,29.05000000,False,1683234000,short_term_deposit_rate,3 aya kadar vadeli TL mevduat faiz oranini alternatif getiri kanali olarak izlemek,"3 Aya Kadar Vadeli (TL Mevduat, Akım, %)","Up to 3 Months (TRY Deposits, Flow, %)",bie_mt100h,HAFTALIK(CUMA),Ağırlıklı ortalama,avg,Mevduat Bankaları,raw/TP_TRY_MT02_2023-01-01_2023-12-31_request.json,9dd299076f42fe15c98af46d8b33da3f27c92f1c5b44514882b3761577b62ba7,raw/TP_TRY_MT02_2023-01-01_2023-12-31_response.json.gz,3484bd9cfdb0cd3d41f457918af883da82351bac5cf1b23a15d6b2b75c4dfae7,observed,within_series_coverage,False,False
TP.TRY.MT02,2023-05-12,2023-05-12,2023-05-12,12-05-2023,19,30.47,30.47000000,False,1683838800,short_term_deposit_rate,3 aya kadar vadeli TL mevduat faiz oranini alternatif getiri kanali olarak izlemek,"3 Aya Kadar Vadeli (TL Mevduat, Akım, %)","Up to 3 Months (TRY Deposits, Flow, %)",bie_mt100h,HAFTALIK(CUMA),Ağırlıklı ortalama,avg,Mevduat Bankaları,raw/TP_TRY_MT02_2023-01-01_2023-12-31_request.json,9dd299076f42fe15c98af46d8b33da3f27c92f1c5b44514882b3761577b62ba7,raw/TP_TRY_MT02_2023-01-01_2023-12-31_response.json.gz,3484bd9cfdb0cd3d41f457918af883da82351bac5cf1b23a15d6b2b75c4dfae7,observed,within_series_coverage,False,False
TP.TRY.MT02,2023-05-19,2023-05-19,2023-05-19,19-05-2023,20,32.45,32.45000000,False,1684443600,short_term_deposit_rate,3 aya kadar vadeli TL mevduat faiz oranini alternatif getiri kanali olarak izlemek,"3 Aya Kadar Vadeli (TL Mevduat, Akım, %)","Up to 3 Months (TRY Deposits, Flow, %)",bie_mt100h,HAFTALIK(CUMA),Ağırlıklı ortalama,avg,Mevduat Bankaları,raw/TP_TRY_MT02_2023-01-01_2023-12-31_request.json,9dd299076f42fe15c98af46d8b33da3f27c92f1c5b44514882b3761577b62ba7,raw/TP_TRY_MT02_2023-01-01_2023-12-31_response.json.gz,3484bd9cfdb0cd3d41f457918af883da82351bac5cf1b23a15d6b2b75c4dfae7,observed,within_series_coverage,False,False
TP.TRY.MT02,2023-05-26,2023-05-26,2023-05-26,26-05-2023,21,33.88,33.88000000,False,1685048400,short_term_deposit_rate,3 aya kadar vadeli TL mevduat faiz oranini alternatif getiri kanali olarak izlemek,"3 Aya Kadar Vadeli (TL Mevduat, Akım, %)","Up to 3 Months (TRY Deposits, Flow, %)",bie_mt100h,HAFTALIK(CUMA),Ağırlıklı ortalama,avg,Mevduat Bankaları,raw/TP_TRY_MT02_2023-01-01_2023-12-31_request.json,9dd299076f42fe15c98af46d8b33da3f27c92f1c5b44514882b3761577b62ba7,raw/TP_TRY_MT02_2023-01-01_2023-12-31_response.json.gz,3484bd9cfdb0cd3d41f457918af883da82351bac5cf1b23a15d6b2b75c4dfae7,observed,within_series_coverage,False,False
TP.TRY.MT02,2023-06-02,2023-06-02,2023-06-02,02-06-2023,22,37.39,37.39000000,False,1685653200,short_term_deposit_rate,3 aya kadar vadeli TL mevduat faiz oranini alternatif getiri kanali olarak izlemek,"3 Aya Kadar Vadeli (TL Mevduat, Akım, %)","Up to 3 Months (TRY Deposits, Flow, %)",bie_mt100h,HAFTALIK(CUMA),Ağırlıklı ortalama,avg,Mevduat Bankaları,raw/TP_TRY_MT02_2023-01-01_2023-12-31_request.json,9dd299076f42fe15c98af46d8b33da3f27c92f1c5b44514882b3761577b62ba7,raw/TP_TRY_MT02_2023-01-01_2023-12-31_response.json.gz,3484bd9cfdb0cd3d41f457918af883da82351bac5cf1b23a15d6b2b75c4dfae7,observed,within_series_coverage,False,False
TP.TRY.MT02,2023-06-09,2023-06-09,2023-06-09,09-06-2023,23,39.42,39.42000000,False,1686258000,short_term_deposit_rate,3 aya kadar vadeli TL mevduat faiz oranini alternatif getiri kanali olarak izlemek,"3 Aya Kadar Vadeli (TL Mevduat, Akım, %)","Up to 3 Months (TRY Deposits, Flow, %)",bie_mt100h,HAFTALIK(CUMA),Ağırlıklı ortalama,avg,Mevduat Bankaları,raw/TP_TRY_MT02_2023-01-01_2023-12-31_request.json,9dd299076f42fe15c98af46d8b33da3f27c92f1c5b44514882b3761577b62ba7,raw/TP_TRY_MT02_2023-01-01_2023-12-31_response.json.gz,3484bd9cfdb0cd3d41f457918af883da82351bac5cf1b23a15d6b2b75c4dfae7,observed,within_series_coverage,False,False
TP.TRY.MT02,2023-06-16,2023-06-16,2023-06-16,16-06-2023,24,40.72,40.72000000,False,1686862800,short_term_deposit_rate,3 aya kadar vadeli TL mevduat faiz oranini alternatif getiri kanali olarak izlemek,"3 Aya Kadar Vadeli (TL Mevduat, Akım, %)","Up to 3 Months (TRY Deposits, Flow, %)",bie_mt100h,HAFTALIK(CUMA),Ağırlıklı ortalama,avg,Mevduat Bankaları,raw/TP_TRY_MT02_2023-01-01_2023-12-31_request.json,9dd299076f42fe15c98af46d8b33da3f27c92f1c5b44514882b3761577b62ba7,raw/TP_TRY_MT02_2023-01-01_2023-12-31_response.json.gz,3484bd9cfdb0cd3d41f457918af883da82351bac5cf1b23a15d6b2b75c4dfae7,observed,within_series_coverage,False,False
TP.TRY.MT02,2023-06-23,2023-06-23,2023-06-23,23-06-2023,25,41.98,41.98000000,False,1687467600,short_term_deposit_rate,3 aya kadar vadeli TL mevduat faiz oranini alternatif getiri kanali olarak izlemek,"3 Aya Kadar Vadeli (TL Mevduat, Akım, %)","Up to 3 Months (TRY Deposits, Flow, %)",bie_mt100h,HAFTALIK(CUMA),Ağırlıklı ortalama,avg,Mevduat Bankaları,raw/TP_TRY_MT02_2023-01-01_2023-12-31_request.json,9dd299076f42fe15c98af46d8b33da3f27c92f1c5b44514882b3761577b62ba7,raw/TP_TRY_MT02_2023-01-01_2023-12-31_response.json.gz,3484bd9cfdb0cd3d41f457918af883da82351bac5cf1b23a15d6b2b75c4dfae7,observed,within_series_coverage,False,False
TP.TRY.MT02,2023-06-30,2023-06-30,2023-06-30,30-06-2023,26,38.45,38.45000000,False,1688072400,short_term_deposit_rate,3 aya kadar vadeli TL mevduat faiz oranini alternatif getiri kanali olarak izlemek,"3 Aya Kadar Vadeli (TL Mevduat, Akım, %)","Up to 3 Months (TRY Deposits, Flow, %)",bie_mt100h,HAFTALIK(CUMA),Ağırlıklı ortalama,avg,Mevduat Bankaları,raw/TP_TRY_MT02_2023-01-01_2023-12-31_request.json,9dd299076f42fe15c98af46d8b33da3f27c92f1c5b44514882b3761577b62ba7,raw/TP_TRY_MT02_2023-01-01_2023-12-31_response.json.gz,3484bd9cfdb0cd3d41f457918af883da82351bac5cf1b23a15d6b2b75c4dfae7,observed,within_series_coverage,False,False
TP.TRY.MT02,2023-07-07,2023-07-07,2023-07-07,07-07-2023,27,37.83,37.83000000,False,1688677200,short_term_deposit_rate,3 aya kadar vadeli TL mevduat faiz oranini alternatif getiri kanali olarak izlemek,"3 Aya Kadar Vadeli (TL Mevduat, Akım, %)","Up to 3 Months (TRY Deposits, Flow, %)",bie_mt100h,HAFTALIK(CUMA),Ağırlıklı ortalama,avg,Mevduat Bankaları,raw/TP_TRY_MT02_2023-01-01_2023-12-31_request.json,9dd299076f42fe15c98af46d8b33da3f27c92f1c5b44514882b3761577b62ba7,raw/TP_TRY_MT02_2023-01-01_2023-12-31_response.json.gz,3484bd9cfdb0cd3d41f457918af883da82351bac5cf1b23a15d6b2b75c4dfae7,observed,within_series_coverage,False,False
TP.TRY.MT02,2023-07-14,2023-07-14,2023-07-14,14-07-2023,28,34.99,34.99000000,False,1689282000,short_term_deposit_rate,3 aya kadar vadeli TL mevduat faiz oranini alternatif getiri kanali olarak izlemek,"3 Aya Kadar Vadeli (TL Mevduat, Akım, %)","Up to 3 Months (TRY Deposits, Flow, %)",bie_mt100h,HAFTALIK(CUMA),Ağırlıklı ortalama,avg,Mevduat Bankaları,raw/TP_TRY_MT02_2023-01-01_2023-12-31_request.json,9dd299076f42fe15c98af46d8b33da3f27c92f1c5b44514882b3761577b62ba7,raw/TP_TRY_MT02_2023-01-01_2023-12-31_response.json.gz,3484bd9cfdb0cd3d41f457918af883da82351bac5cf1b23a15d6b2b75c4dfae7,observed,within_series_coverage,False,False
TP.TRY.MT02,2023-07-21,2023-07-21,2023-07-21,21-07-2023,29,30.36,30.36000000,False,1689886800,short_term_deposit_rate,3 aya kadar vadeli TL mevduat faiz oranini alternatif getiri kanali olarak izlemek,"3 Aya Kadar Vadeli (TL Mevduat, Akım, %)","Up to 3 Months (TRY Deposits, Flow, %)",bie_mt100h,HAFTALIK(CUMA),Ağırlıklı ortalama,avg,Mevduat Bankaları,raw/TP_TRY_MT02_2023-01-01_2023-12-31_request.json,9dd299076f42fe15c98af46d8b33da3f27c92f1c5b44514882b3761577b62ba7,raw/TP_TRY_MT02_2023-01-01_2023-12-31_response.json.gz,3484bd9cfdb0cd3d41f457918af883da82351bac5cf1b23a15d6b2b75c4dfae7,observed,within_series_coverage,False,False
TP.TRY.MT02,2023-07-28,2023-07-28,2023-07-28,28-07-2023,30,29.32,29.32000000,False,1690491600,short_term_deposit_rate,3 aya kadar vadeli TL mevduat faiz oranini alternatif getiri kanali olarak izlemek,"3 Aya Kadar Vadeli (TL Mevduat, Akım, %)","Up to 3 Months (TRY Deposits, Flow, %)",bie_mt100h,HAFTALIK(CUMA),Ağırlıklı ortalama,avg,Mevduat Bankaları,raw/TP_TRY_MT02_2023-01-01_2023-12-31_request.json,9dd299076f42fe15c98af46d8b33da3f27c92f1c5b44514882b3761577b62ba7,raw/TP_TRY_MT02_2023-01-01_2023-12-31_response.json.gz,3484bd9cfdb0cd3d41f457918af883da82351bac5cf1b23a15d6b2b75c4dfae7,observed,within_series_coverage,False,False
TP.TRY.MT02,2023-08-04,2023-08-04,2023-08-04,04-08-2023,31,27.77,27.77000000,False,1691096400,short_term_deposit_rate,3 aya kadar vadeli TL mevduat faiz oranini alternatif getiri kanali olarak izlemek,"3 Aya Kadar Vadeli (TL Mevduat, Akım, %)","Up to 3 Months (TRY Deposits, Flow, %)",bie_mt100h,HAFTALIK(CUMA),Ağırlıklı ortalama,avg,Mevduat Bankaları,raw/TP_TRY_MT02_2023-01-01_2023-12-31_request.json,9dd299076f42fe15c98af46d8b33da3f27c92f1c5b44514882b3761577b62ba7,raw/TP_TRY_MT02_2023-01-01_2023-12-31_response.json.gz,3484bd9cfdb0cd3d41f457918af883da82351bac5cf1b23a15d6b2b75c4dfae7,observed,within_series_coverage,False,False
TP.TRY.MT02,2023-08-11,2023-08-11,2023-08-11,11-08-2023,32,29.06,29.06000000,False,1691701200,short_term_deposit_rate,3 aya kadar vadeli TL mevduat faiz oranini alternatif getiri kanali olarak izlemek,"3 Aya Kadar Vadeli (TL Mevduat, Akım, %)","Up to 3 Months (TRY Deposits, Flow, %)",bie_mt100h,HAFTALIK(CUMA),Ağırlıklı ortalama,avg,Mevduat Bankaları,raw/TP_TRY_MT02_2023-01-01_2023-12-31_request.json,9dd299076f42fe15c98af46d8b33da3f27c92f1c5b44514882b3761577b62ba7,raw/TP_TRY_MT02_2023-01-01_2023-12-31_response.json.gz,3484bd9cfdb0cd3d41f457918af883da82351bac5cf1b23a15d6b2b75c4dfae7,observed,within_series_coverage,False,False
TP.TRY.MT02,2023-08-18,2023-08-18,2023-08-18,18-08-2023,33,30.06,30.06000000,False,1692306000,short_term_deposit_rate,3 aya kadar vadeli TL mevduat faiz oranini alternatif getiri kanali olarak izlemek,"3 Aya Kadar Vadeli (TL Mevduat, Akım, %)","Up to 3 Months (TRY Deposits, Flow, %)",bie_mt100h,HAFTALIK(CUMA),Ağırlıklı ortalama,avg,Mevduat Bankaları,raw/TP_TRY_MT02_2023-01-01_2023-12-31_request.json,9dd299076f42fe15c98af46d8b33da3f27c92f1c5b44514882b3761577b62ba7,raw/TP_TRY_MT02_2023-01-01_2023-12-31_response.json.gz,3484bd9cfdb0cd3d41f457918af883da82351bac5cf1b23a15d6b2b75c4dfae7,observed,within_series_coverage,False,False
TP.TRY.MT02,2023-08-25,2023-08-25,2023-08-25,25-08-2023,34,30.76,30.76000000,False,1692910800,short_term_deposit_rate,3 aya kadar vadeli TL mevduat faiz oranini alternatif getiri kanali olarak izlemek,"3 Aya Kadar Vadeli (TL Mevduat, Akım, %)","Up to 3 Months (TRY Deposits, Flow, %)",bie_mt100h,HAFTALIK(CUMA),Ağırlıklı ortalama,avg,Mevduat Bankaları,raw/TP_TRY_MT02_2023-01-01_2023-12-31_request.json,9dd299076f42fe15c98af46d8b33da3f27c92f1c5b44514882b3761577b62ba7,raw/TP_TRY_MT02_2023-01-01_2023-12-31_response.json.gz,3484bd9cfdb0cd3d41f457918af883da82351bac5cf1b23a15d6b2b75c4dfae7,observed,within_series_coverage,False,False
TP.TRY.MT02,2023-09-01,2023-09-01,2023-09-01,01-09-2023,35,37.59,37.59000000,False,1693515600,short_term_deposit_rate,3 aya kadar vadeli TL mevduat faiz oranini alternatif getiri kanali olarak izlemek,"3 Aya Kadar Vadeli (TL Mevduat, Akım, %)","Up to 3 Months (TRY Deposits, Flow, %)",bie_mt100h,HAFTALIK(CUMA),Ağırlıklı ortalama,avg,Mevduat Bankaları,raw/TP_TRY_MT02_2023-01-01_2023-12-31_request.json,9dd299076f42fe15c98af46d8b33da3f27c92f1c5b44514882b3761577b62ba7,raw/TP_TRY_MT02_2023-01-01_2023-12-31_response.json.gz,3484bd9cfdb0cd3d41f457918af883da82351bac5cf1b23a15d6b2b75c4dfae7,observed,within_series_coverage,False,False
TP.TRY.MT02,2023-09-08,2023-09-08,2023-09-08,08-09-2023,36,40.87,40.87000000,False,1694120400,short_term_deposit_rate,3 aya kadar vadeli TL mevduat faiz oranini alternatif getiri kanali olarak izlemek,"3 Aya Kadar Vadeli (TL Mevduat, Akım, %)","Up to 3 Months (TRY Deposits, Flow, %)",bie_mt100h,HAFTALIK(CUMA),Ağırlıklı ortalama,avg,Mevduat Bankaları,raw/TP_TRY_MT02_2023-01-01_2023-12-31_request.json,9dd299076f42fe15c98af46d8b33da3f27c92f1c5b44514882b3761577b62ba7,raw/TP_TRY_MT02_2023-01-01_2023-12-31_response.json.gz,3484bd9cfdb0cd3d41f457918af883da82351bac5cf1b23a15d6b2b75c4dfae7,observed,within_series_coverage,False,False
TP.TRY.MT02,2023-09-15,2023-09-15,2023-09-15,15-09-2023,37,41.87,41.87000000,False,1694725200,short_term_deposit_rate,3 aya kadar vadeli TL mevduat faiz oranini alternatif getiri kanali olarak izlemek,"3 Aya Kadar Vadeli (TL Mevduat, Akım, %)","Up to 3 Months (TRY Deposits, Flow, %)",bie_mt100h,HAFTALIK(CUMA),Ağırlıklı ortalama,avg,Mevduat Bankaları,raw/TP_TRY_MT02_2023-01-01_2023-12-31_request.json,9dd299076f42fe15c98af46d8b33da3f27c92f1c5b44514882b3761577b62ba7,raw/TP_TRY_MT02_2023-01-01_2023-12-31_response.json.gz,3484bd9cfdb0cd3d41f457918af883da82351bac5cf1b23a15d6b2b75c4dfae7,observed,within_series_coverage,False,False
TP.TRY.MT02,2023-09-22,2023-09-22,2023-09-22,22-09-2023,38,42.74,42.74000000,False,1695330000,short_term_deposit_rate,3 aya kadar vadeli TL mevduat faiz oranini alternatif getiri kanali olarak izlemek,"3 Aya Kadar Vadeli (TL Mevduat, Akım, %)","Up to 3 Months (TRY Deposits, Flow, %)",bie_mt100h,HAFTALIK(CUMA),Ağırlıklı ortalama,avg,Mevduat Bankaları,raw/TP_TRY_MT02_2023-01-01_2023-12-31_request.json,9dd299076f42fe15c98af46d8b33da3f27c92f1c5b44514882b3761577b62ba7,raw/TP_TRY_MT02_2023-01-01_2023-12-31_response.json.gz,3484bd9cfdb0cd3d41f457918af883da82351bac5cf1b23a15d6b2b75c4dfae7,observed,within_series_coverage,False,False
TP.TRY.MT02,2023-09-29,2023-09-29,2023-09-29,29-09-2023,39,45.21,45.21000000,False,1695934800,short_term_deposit_rate,3 aya kadar vadeli TL mevduat faiz oranini alternatif getiri kanali olarak izlemek,"3 Aya Kadar Vadeli (TL Mevduat, Akım, %)","Up to 3 Months (TRY Deposits, Flow, %)",bie_mt100h,HAFTALIK(CUMA),Ağırlıklı ortalama,avg,Mevduat Bankaları,raw/TP_TRY_MT02_2023-01-01_2023-12-31_request.json,9dd299076f42fe15c98af46d8b33da3f27c92f1c5b44514882b3761577b62ba7,raw/TP_TRY_MT02_2023-01-01_2023-12-31_response.json.gz,3484bd9cfdb0cd3d41f457918af883da82351bac5cf1b23a15d6b2b75c4dfae7,observed,within_series_coverage,False,False
TP.TRY.MT02,2023-10-06,2023-10-06,2023-10-06,06-10-2023,40,45.49,45.49000000,False,1696539600,short_term_deposit_rate,3 aya kadar vadeli TL mevduat faiz oranini alternatif getiri kanali olarak izlemek,"3 Aya Kadar Vadeli (TL Mevduat, Akım, %)","Up to 3 Months (TRY Deposits, Flow, %)",bie_mt100h,HAFTALIK(CUMA),Ağırlıklı ortalama,avg,Mevduat Bankaları,raw/TP_TRY_MT02_2023-01-01_2023-12-31_request.json,9dd299076f42fe15c98af46d8b33da3f27c92f1c5b44514882b3761577b62ba7,raw/TP_TRY_MT02_2023-01-01_2023-12-31_response.json.gz,3484bd9cfdb0cd3d41f457918af883da82351bac5cf1b23a15d6b2b75c4dfae7,observed,within_series_coverage,False,False
TP.TRY.MT02,2023-10-13,2023-10-13,2023-10-13,13-10-2023,41,44.62,44.62000000,False,1697144400,short_term_deposit_rate,3 aya kadar vadeli TL mevduat faiz oranini alternatif getiri kanali olarak izlemek,"3 Aya Kadar Vadeli (TL Mevduat, Akım, %)","Up to 3 Months (TRY Deposits, Flow, %)",bie_mt100h,HAFTALIK(CUMA),Ağırlıklı ortalama,avg,Mevduat Bankaları,raw/TP_TRY_MT02_2023-01-01_2023-12-31_request.json,9dd299076f42fe15c98af46d8b33da3f27c92f1c5b44514882b3761577b62ba7,raw/TP_TRY_MT02_2023-01-01_2023-12-31_response.json.gz,3484bd9cfdb0cd3d41f457918af883da82351bac5cf1b23a15d6b2b75c4dfae7,observed,within_series_coverage,False,False
TP.TRY.MT02,2023-10-20,2023-10-20,2023-10-20,20-10-2023,42,43.74,43.74000000,False,1697749200,short_term_deposit_rate,3 aya kadar vadeli TL mevduat faiz oranini alternatif getiri kanali olarak izlemek,"3 Aya Kadar Vadeli (TL Mevduat, Akım, %)","Up to 3 Months (TRY Deposits, Flow, %)",bie_mt100h,HAFTALIK(CUMA),Ağırlıklı ortalama,avg,Mevduat Bankaları,raw/TP_TRY_MT02_2023-01-01_2023-12-31_request.json,9dd299076f42fe15c98af46d8b33da3f27c92f1c5b44514882b3761577b62ba7,raw/TP_TRY_MT02_2023-01-01_2023-12-31_response.json.gz,3484bd9cfdb0cd3d41f457918af883da82351bac5cf1b23a15d6b2b75c4dfae7,observed,within_series_coverage,False,False
TP.TRY.MT02,2023-10-27,2023-10-27,2023-10-27,27-10-2023,43,41.72,41.72000000,False,1698354000,short_term_deposit_rate,3 aya kadar vadeli TL mevduat faiz oranini alternatif getiri kanali olarak izlemek,"3 Aya Kadar Vadeli (TL Mevduat, Akım, %)","Up to 3 Months (TRY Deposits, Flow, %)",bie_mt100h,HAFTALIK(CUMA),Ağırlıklı ortalama,avg,Mevduat Bankaları,raw/TP_TRY_MT02_2023-01-01_2023-12-31_request.json,9dd299076f42fe15c98af46d8b33da3f27c92f1c5b44514882b3761577b62ba7,raw/TP_TRY_MT02_2023-01-01_2023-12-31_response.json.gz,3484bd9cfdb0cd3d41f457918af883da82351bac5cf1b23a15d6b2b75c4dfae7,observed,within_series_coverage,False,False
TP.TRY.MT02,2023-11-03,2023-11-03,2023-11-03,03-11-2023,44,44.49,44.49000000,False,1698958800,short_term_deposit_rate,3 aya kadar vadeli TL mevduat faiz oranini alternatif getiri kanali olarak izlemek,"3 Aya Kadar Vadeli (TL Mevduat, Akım, %)","Up to 3 Months (TRY Deposits, Flow, %)",bie_mt100h,HAFTALIK(CUMA),Ağırlıklı ortalama,avg,Mevduat Bankaları,raw/TP_TRY_MT02_2023-01-01_2023-12-31_request.json,9dd299076f42fe15c98af46d8b33da3f27c92f1c5b44514882b3761577b62ba7,raw/TP_TRY_MT02_2023-01-01_2023-12-31_response.json.gz,3484bd9cfdb0cd3d41f457918af883da82351bac5cf1b23a15d6b2b75c4dfae7,observed,within_series_coverage,False,False
TP.TRY.MT02,2023-11-10,2023-11-10,2023-11-10,10-11-2023,45,45.85,45.85000000,False,1699563600,short_term_deposit_rate,3 aya kadar vadeli TL mevduat faiz oranini alternatif getiri kanali olarak izlemek,"3 Aya Kadar Vadeli (TL Mevduat, Akım, %)","Up to 3 Months (TRY Deposits, Flow, %)",bie_mt100h,HAFTALIK(CUMA),Ağırlıklı ortalama,avg,Mevduat Bankaları,raw/TP_TRY_MT02_2023-01-01_2023-12-31_request.json,9dd299076f42fe15c98af46d8b33da3f27c92f1c5b44514882b3761577b62ba7,raw/TP_TRY_MT02_2023-01-01_2023-12-31_response.json.gz,3484bd9cfdb0cd3d41f457918af883da82351bac5cf1b23a15d6b2b75c4dfae7,observed,within_series_coverage,False,False
TP.TRY.MT02,2023-11-17,2023-11-17,2023-11-17,17-11-2023,46,46.25,46.25000000,False,1700168400,short_term_deposit_rate,3 aya kadar vadeli TL mevduat faiz oranini alternatif getiri kanali olarak izlemek,"3 Aya Kadar Vadeli (TL Mevduat, Akım, %)","Up to 3 Months (TRY Deposits, Flow, %)",bie_mt100h,HAFTALIK(CUMA),Ağırlıklı ortalama,avg,Mevduat Bankaları,raw/TP_TRY_MT02_2023-01-01_2023-12-31_request.json,9dd299076f42fe15c98af46d8b33da3f27c92f1c5b44514882b3761577b62ba7,raw/TP_TRY_MT02_2023-01-01_2023-12-31_response.json.gz,3484bd9cfdb0cd3d41f457918af883da82351bac5cf1b23a15d6b2b75c4dfae7,observed,within_series_coverage,False,False
TP.TRY.MT02,2023-11-24,2023-11-24,2023-11-24,24-11-2023,47,46.07,46.07000000,False,1700773200,short_term_deposit_rate,3 aya kadar vadeli TL mevduat faiz oranini alternatif getiri kanali olarak izlemek,"3 Aya Kadar Vadeli (TL Mevduat, Akım, %)","Up to 3 Months (TRY Deposits, Flow, %)",bie_mt100h,HAFTALIK(CUMA),Ağırlıklı ortalama,avg,Mevduat Bankaları,raw/TP_TRY_MT02_2023-01-01_2023-12-31_request.json,9dd299076f42fe15c98af46d8b33da3f27c92f1c5b44514882b3761577b62ba7,raw/TP_TRY_MT02_2023-01-01_2023-12-31_response.json.gz,3484bd9cfdb0cd3d41f457918af883da82351bac5cf1b23a15d6b2b75c4dfae7,observed,within_series_coverage,False,False
TP.TRY.MT02,2023-12-01,2023-12-01,2023-12-01,01-12-2023,48,49.33,49.33000000,False,1701378000,short_term_deposit_rate,3 aya kadar vadeli TL mevduat faiz oranini alternatif getiri kanali olarak izlemek,"3 Aya Kadar Vadeli (TL Mevduat, Akım, %)","Up to 3 Months (TRY Deposits, Flow, %)",bie_mt100h,HAFTALIK(CUMA),Ağırlıklı ortalama,avg,Mevduat Bankaları,raw/TP_TRY_MT02_2023-01-01_2023-12-31_request.json,9dd299076f42fe15c98af46d8b33da3f27c92f1c5b44514882b3761577b62ba7,raw/TP_TRY_MT02_2023-01-01_2023-12-31_response.json.gz,3484bd9cfdb0cd3d41f457918af883da82351bac5cf1b23a15d6b2b75c4dfae7,observed,within_series_coverage,False,False
TP.TRY.MT02,2023-12-08,2023-12-08,2023-12-08,08-12-2023,49,50.49,50.49000000,False,1701982800,short_term_deposit_rate,3 aya kadar vadeli TL mevduat faiz oranini alternatif getiri kanali olarak izlemek,"3 Aya Kadar Vadeli (TL Mevduat, Akım, %)","Up to 3 Months (TRY Deposits, Flow, %)",bie_mt100h,HAFTALIK(CUMA),Ağırlıklı ortalama,avg,Mevduat Bankaları,raw/TP_TRY_MT02_2023-01-01_2023-12-31_request.json,9dd299076f42fe15c98af46d8b33da3f27c92f1c5b44514882b3761577b62ba7,raw/TP_TRY_MT02_2023-01-01_2023-12-31_response.json.gz,3484bd9cfdb0cd3d41f457918af883da82351bac5cf1b23a15d6b2b75c4dfae7,observed,within_series_coverage,False,False
TP.TRY.MT02,2023-12-15,2023-12-15,2023-12-15,15-12-2023,50,52.17,52.17000000,False,1702587600,short_term_deposit_rate,3 aya kadar vadeli TL mevduat faiz oranini alternatif getiri kanali olarak izlemek,"3 Aya Kadar Vadeli (TL Mevduat, Akım, %)","Up to 3 Months (TRY Deposits, Flow, %)",bie_mt100h,HAFTALIK(CUMA),Ağırlıklı ortalama,avg,Mevduat Bankaları,raw/TP_TRY_MT02_2023-01-01_2023-12-31_request.json,9dd299076f42fe15c98af46d8b33da3f27c92f1c5b44514882b3761577b62ba7,raw/TP_TRY_MT02_2023-01-01_2023-12-31_response.json.gz,3484bd9cfdb0cd3d41f457918af883da82351bac5cf1b23a15d6b2b75c4dfae7,observed,within_series_coverage,False,False
TP.TRY.MT02,2023-12-22,2023-12-22,2023-12-22,22-12-2023,51,52.6,52.60000000,False,1703192400,short_term_deposit_rate,3 aya kadar vadeli TL mevduat faiz oranini alternatif getiri kanali olarak izlemek,"3 Aya Kadar Vadeli (TL Mevduat, Akım, %)","Up to 3 Months (TRY Deposits, Flow, %)",bie_mt100h,HAFTALIK(CUMA),Ağırlıklı ortalama,avg,Mevduat Bankaları,raw/TP_TRY_MT02_2023-01-01_2023-12-31_request.json,9dd299076f42fe15c98af46d8b33da3f27c92f1c5b44514882b3761577b62ba7,raw/TP_TRY_MT02_2023-01-01_2023-12-31_response.json.gz,3484bd9cfdb0cd3d41f457918af883da82351bac5cf1b23a15d6b2b75c4dfae7,observed,within_series_coverage,False,False
TP.TRY.MT02,2023-12-29,2023-12-29,2023-12-29,29-12-2023,52,52.5,52.50000000,False,1703797200,short_term_deposit_rate,3 aya kadar vadeli TL mevduat faiz oranini alternatif getiri kanali olarak izlemek,"3 Aya Kadar Vadeli (TL Mevduat, Akım, %)","Up to 3 Months (TRY Deposits, Flow, %)",bie_mt100h,HAFTALIK(CUMA),Ağırlıklı ortalama,avg,Mevduat Bankaları,raw/TP_TRY_MT02_2023-01-01_2023-12-31_request.json,9dd299076f42fe15c98af46d8b33da3f27c92f1c5b44514882b3761577b62ba7,raw/TP_TRY_MT02_2023-01-01_2023-12-31_response.json.gz,3484bd9cfdb0cd3d41f457918af883da82351bac5cf1b23a15d6b2b75c4dfae7,observed,within_series_coverage,False,False
TP.TRY.MT02,2024-01-05,2024-01-05,2024-01-05,05-01-2024,1,51.29,51.29000000,False,1704402000,short_term_deposit_rate,3 aya kadar vadeli TL mevduat faiz oranini alternatif getiri kanali olarak izlemek,"3 Aya Kadar Vadeli (TL Mevduat, Akım, %)","Up to 3 Months (TRY Deposits, Flow, %)",bie_mt100h,HAFTALIK(CUMA),Ağırlıklı ortalama,avg,Mevduat Bankaları,raw/TP_TRY_MT02_2024-01-01_2024-12-31_request.json,bab963c83baed0bc517f57fb8f3851f5c940e18ea6c8ecc3e0b7fc083b5fc373,raw/TP_TRY_MT02_2024-01-01_2024-12-31_response.json.gz,15e27d6a645170b9375345bcbb9285002940e4d188456c4d35fdb6bbb013bbb8,observed,within_series_coverage,False,False
TP.TRY.MT02,2024-01-12,2024-01-12,2024-01-12,12-01-2024,2,51.05,51.05000000,False,1705006800,short_term_deposit_rate,3 aya kadar vadeli TL mevduat faiz oranini alternatif getiri kanali olarak izlemek,"3 Aya Kadar Vadeli (TL Mevduat, Akım, %)","Up to 3 Months (TRY Deposits, Flow, %)",bie_mt100h,HAFTALIK(CUMA),Ağırlıklı ortalama,avg,Mevduat Bankaları,raw/TP_TRY_MT02_2024-01-01_2024-12-31_request.json,bab963c83baed0bc517f57fb8f3851f5c940e18ea6c8ecc3e0b7fc083b5fc373,raw/TP_TRY_MT02_2024-01-01_2024-12-31_response.json.gz,15e27d6a645170b9375345bcbb9285002940e4d188456c4d35fdb6bbb013bbb8,observed,within_series_coverage,False,False
TP.TRY.MT02,2024-01-19,2024-01-19,2024-01-19,19-01-2024,3,49.98,49.98000000,False,1705611600,short_term_deposit_rate,3 aya kadar vadeli TL mevduat faiz oranini alternatif getiri kanali olarak izlemek,"3 Aya Kadar Vadeli (TL Mevduat, Akım, %)","Up to 3 Months (TRY Deposits, Flow, %)",bie_mt100h,HAFTALIK(CUMA),Ağırlıklı ortalama,avg,Mevduat Bankaları,raw/TP_TRY_MT02_2024-01-01_2024-12-31_request.json,bab963c83baed0bc517f57fb8f3851f5c940e18ea6c8ecc3e0b7fc083b5fc373,raw/TP_TRY_MT02_2024-01-01_2024-12-31_response.json.gz,15e27d6a645170b9375345bcbb9285002940e4d188456c4d35fdb6bbb013bbb8,observed,within_series_coverage,False,False
TP.TRY.MT02,2024-01-26,2024-01-26,2024-01-26,26-01-2024,4,49.61,49.61000000,False,1706216400,short_term_deposit_rate,3 aya kadar vadeli TL mevduat faiz oranini alternatif getiri kanali olarak izlemek,"3 Aya Kadar Vadeli (TL Mevduat, Akım, %)","Up to 3 Months (TRY Deposits, Flow, %)",bie_mt100h,HAFTALIK(CUMA),Ağırlıklı ortalama,avg,Mevduat Bankaları,raw/TP_TRY_MT02_2024-01-01_2024-12-31_request.json,bab963c83baed0bc517f57fb8f3851f5c940e18ea6c8ecc3e0b7fc083b5fc373,raw/TP_TRY_MT02_2024-01-01_2024-12-31_response.json.gz,15e27d6a645170b9375345bcbb9285002940e4d188456c4d35fdb6bbb013bbb8,observed,within_series_coverage,False,False
TP.TRY.MT02,2024-02-02,2024-02-02,2024-02-02,02-02-2024,5,50.99,50.99000000,False,1706821200,short_term_deposit_rate,3 aya kadar vadeli TL mevduat faiz oranini alternatif getiri kanali olarak izlemek,"3 Aya Kadar Vadeli (TL Mevduat, Akım, %)","Up to 3 Months (TRY Deposits, Flow, %)",bie_mt100h,HAFTALIK(CUMA),Ağırlıklı ortalama,avg,Mevduat Bankaları,raw/TP_TRY_MT02_2024-01-01_2024-12-31_request.json,bab963c83baed0bc517f57fb8f3851f5c940e18ea6c8ecc3e0b7fc083b5fc373,raw/TP_TRY_MT02_2024-01-01_2024-12-31_response.json.gz,15e27d6a645170b9375345bcbb9285002940e4d188456c4d35fdb6bbb013bbb8,observed,within_series_coverage,False,False
TP.TRY.MT02,2024-02-09,2024-02-09,2024-02-09,09-02-2024,6,50.93,50.93000000,False,1707426000,short_term_deposit_rate,3 aya kadar vadeli TL mevduat faiz oranini alternatif getiri kanali olarak izlemek,"3 Aya Kadar Vadeli (TL Mevduat, Akım, %)","Up to 3 Months (TRY Deposits, Flow, %)",bie_mt100h,HAFTALIK(CUMA),Ağırlıklı ortalama,avg,Mevduat Bankaları,raw/TP_TRY_MT02_2024-01-01_2024-12-31_request.json,bab963c83baed0bc517f57fb8f3851f5c940e18ea6c8ecc3e0b7fc083b5fc373,raw/TP_TRY_MT02_2024-01-01_2024-12-31_response.json.gz,15e27d6a645170b9375345bcbb9285002940e4d188456c4d35fdb6bbb013bbb8,observed,within_series_coverage,False,False
TP.TRY.MT02,2024-02-16,2024-02-16,2024-02-16,16-02-2024,7,52.03,52.03000000,False,1708030800,short_term_deposit_rate,3 aya kadar vadeli TL mevduat faiz oranini alternatif getiri kanali olarak izlemek,"3 Aya Kadar Vadeli (TL Mevduat, Akım, %)","Up to 3 Months (TRY Deposits, Flow, %)",bie_mt100h,HAFTALIK(CUMA),Ağırlıklı ortalama,avg,Mevduat Bankaları,raw/TP_TRY_MT02_2024-01-01_2024-12-31_request.json,bab963c83baed0bc517f57fb8f3851f5c940e18ea6c8ecc3e0b7fc083b5fc373,raw/TP_TRY_MT02_2024-01-01_2024-12-31_response.json.gz,15e27d6a645170b9375345bcbb9285002940e4d188456c4d35fdb6bbb013bbb8,observed,within_series_coverage,False,False
TP.TRY.MT02,2024-02-23,2024-02-23,2024-02-23,23-02-2024,8,51.89,51.89000000,False,1708635600,short_term_deposit_rate,3 aya kadar vadeli TL mevduat faiz oranini alternatif getiri kanali olarak izlemek,"3 Aya Kadar Vadeli (TL Mevduat, Akım, %)","Up to 3 Months (TRY Deposits, Flow, %)",bie_mt100h,HAFTALIK(CUMA),Ağırlıklı ortalama,avg,Mevduat Bankaları,raw/TP_TRY_MT02_2024-01-01_2024-12-31_request.json,bab963c83baed0bc517f57fb8f3851f5c940e18ea6c8ecc3e0b7fc083b5fc373,raw/TP_TRY_MT02_2024-01-01_2024-12-31_response.json.gz,15e27d6a645170b9375345bcbb9285002940e4d188456c4d35fdb6bbb013bbb8,observed,within_series_coverage,False,False
TP.TRY.MT02,2024-03-01,2024-03-01,2024-03-01,01-03-2024,9,53.25,53.25000000,False,1709240400,short_term_deposit_rate,3 aya kadar vadeli TL mevduat faiz oranini alternatif getiri kanali olarak izlemek,"3 Aya Kadar Vadeli (TL Mevduat, Akım, %)","Up to 3 Months (TRY Deposits, Flow, %)",bie_mt100h,HAFTALIK(CUMA),Ağırlıklı ortalama,avg,Mevduat Bankaları,raw/TP_TRY_MT02_2024-01-01_2024-12-31_request.json,bab963c83baed0bc517f57fb8f3851f5c940e18ea6c8ecc3e0b7fc083b5fc373,raw/TP_TRY_MT02_2024-01-01_2024-12-31_response.json.gz,15e27d6a645170b9375345bcbb9285002940e4d188456c4d35fdb6bbb013bbb8,observed,within_series_coverage,False,False
TP.TRY.MT02,2024-03-08,2024-03-08,2024-03-08,08-03-2024,10,53.63,53.63000000,False,1709845200,short_term_deposit_rate,3 aya kadar vadeli TL mevduat faiz oranini alternatif getiri kanali olarak izlemek,"3 Aya Kadar Vadeli (TL Mevduat, Akım, %)","Up to 3 Months (TRY Deposits, Flow, %)",bie_mt100h,HAFTALIK(CUMA),Ağırlıklı ortalama,avg,Mevduat Bankaları,raw/TP_TRY_MT02_2024-01-01_2024-12-31_request.json,bab963c83baed0bc517f57fb8f3851f5c940e18ea6c8ecc3e0b7fc083b5fc373,raw/TP_TRY_MT02_2024-01-01_2024-12-31_response.json.gz,15e27d6a645170b9375345bcbb9285002940e4d188456c4d35fdb6bbb013bbb8,observed,within_series_coverage,False,False
TP.TRY.MT02,2024-03-15,2024-03-15,2024-03-15,15-03-2024,11,55.66,55.66000000,False,1710450000,short_term_deposit_rate,3 aya kadar vadeli TL mevduat faiz oranini alternatif getiri kanali olarak izlemek,"3 Aya Kadar Vadeli (TL Mevduat, Akım, %)","Up to 3 Months (TRY Deposits, Flow, %)",bie_mt100h,HAFTALIK(CUMA),Ağırlıklı ortalama,avg,Mevduat Bankaları,raw/TP_TRY_MT02_2024-01-01_2024-12-31_request.json,bab963c83baed0bc517f57fb8f3851f5c940e18ea6c8ecc3e0b7fc083b5fc373,raw/TP_TRY_MT02_2024-01-01_2024-12-31_response.json.gz,15e27d6a645170b9375345bcbb9285002940e4d188456c4d35fdb6bbb013bbb8,observed,within_series_coverage,False,False
TP.TRY.MT02,2024-03-22,2024-03-22,2024-03-22,22-03-2024,12,59.52,59.52000000,False,1711054800,short_term_deposit_rate,3 aya kadar vadeli TL mevduat faiz oranini alternatif getiri kanali olarak izlemek,"3 Aya Kadar Vadeli (TL Mevduat, Akım, %)","Up to 3 Months (TRY Deposits, Flow, %)",bie_mt100h,HAFTALIK(CUMA),Ağırlıklı ortalama,avg,Mevduat Bankaları,raw/TP_TRY_MT02_2024-01-01_2024-12-31_request.json,bab963c83baed0bc517f57fb8f3851f5c940e18ea6c8ecc3e0b7fc083b5fc373,raw/TP_TRY_MT02_2024-01-01_2024-12-31_response.json.gz,15e27d6a645170b9375345bcbb9285002940e4d188456c4d35fdb6bbb013bbb8,observed,within_series_coverage,False,False
TP.TRY.MT02,2024-03-29,2024-03-29,2024-03-29,29-03-2024,13,64.3,64.30000000,False,1711659600,short_term_deposit_rate,3 aya kadar vadeli TL mevduat faiz oranini alternatif getiri kanali olarak izlemek,"3 Aya Kadar Vadeli (TL Mevduat, Akım, %)","Up to 3 Months (TRY Deposits, Flow, %)",bie_mt100h,HAFTALIK(CUMA),Ağırlıklı ortalama,avg,Mevduat Bankaları,raw/TP_TRY_MT02_2024-01-01_2024-12-31_request.json,bab963c83baed0bc517f57fb8f3851f5c940e18ea6c8ecc3e0b7fc083b5fc373,raw/TP_TRY_MT02_2024-01-01_2024-12-31_response.json.gz,15e27d6a645170b9375345bcbb9285002940e4d188456c4d35fdb6bbb013bbb8,observed,within_series_coverage,False,False
TP.TRY.MT02,2024-04-05,2024-04-05,2024-04-05,05-04-2024,14,67.48,67.48000000,False,1712264400,short_term_deposit_rate,3 aya kadar vadeli TL mevduat faiz oranini alternatif getiri kanali olarak izlemek,"3 Aya Kadar Vadeli (TL Mevduat, Akım, %)","Up to 3 Months (TRY Deposits, Flow, %)",bie_mt100h,HAFTALIK(CUMA),Ağırlıklı ortalama,avg,Mevduat Bankaları,raw/TP_TRY_MT02_2024-01-01_2024-12-31_request.json,bab963c83baed0bc517f57fb8f3851f5c940e18ea6c8ecc3e0b7fc083b5fc373,raw/TP_TRY_MT02_2024-01-01_2024-12-31_response.json.gz,15e27d6a645170b9375345bcbb9285002940e4d188456c4d35fdb6bbb013bbb8,observed,within_series_coverage,False,False
TP.TRY.MT02,2024-04-12,2024-04-12,2024-04-12,12-04-2024,15,65.85,65.85000000,False,1712869200,short_term_deposit_rate,3 aya kadar vadeli TL mevduat faiz oranini alternatif getiri kanali olarak izlemek,"3 Aya Kadar Vadeli (TL Mevduat, Akım, %)","Up to 3 Months (TRY Deposits, Flow, %)",bie_mt100h,HAFTALIK(CUMA),Ağırlıklı ortalama,avg,Mevduat Bankaları,raw/TP_TRY_MT02_2024-01-01_2024-12-31_request.json,bab963c83baed0bc517f57fb8f3851f5c940e18ea6c8ecc3e0b7fc083b5fc373,raw/TP_TRY_MT02_2024-01-01_2024-12-31_response.json.gz,15e27d6a645170b9375345bcbb9285002940e4d188456c4d35fdb6bbb013bbb8,observed,within_series_coverage,False,False
TP.TRY.MT02,2024-04-19,2024-04-19,2024-04-19,19-04-2024,16,68.88,68.88000000,False,1713474000,short_term_deposit_rate,3 aya kadar vadeli TL mevduat faiz oranini alternatif getiri kanali olarak izlemek,"3 Aya Kadar Vadeli (TL Mevduat, Akım, %)","Up to 3 Months (TRY Deposits, Flow, %)",bie_mt100h,HAFTALIK(CUMA),Ağırlıklı ortalama,avg,Mevduat Bankaları,raw/TP_TRY_MT02_2024-01-01_2024-12-31_request.json,bab963c83baed0bc517f57fb8f3851f5c940e18ea6c8ecc3e0b7fc083b5fc373,raw/TP_TRY_MT02_2024-01-01_2024-12-31_response.json.gz,15e27d6a645170b9375345bcbb9285002940e4d188456c4d35fdb6bbb013bbb8,observed,within_series_coverage,False,False
TP.TRY.MT02,2024-04-26,2024-04-26,2024-04-26,26-04-2024,17,68.06,68.06000000,False,1714078800,short_term_deposit_rate,3 aya kadar vadeli TL mevduat faiz oranini alternatif getiri kanali olarak izlemek,"3 Aya Kadar Vadeli (TL Mevduat, Akım, %)","Up to 3 Months (TRY Deposits, Flow, %)",bie_mt100h,HAFTALIK(CUMA),Ağırlıklı ortalama,avg,Mevduat Bankaları,raw/TP_TRY_MT02_2024-01-01_2024-12-31_request.json,bab963c83baed0bc517f57fb8f3851f5c940e18ea6c8ecc3e0b7fc083b5fc373,raw/TP_TRY_MT02_2024-01-01_2024-12-31_response.json.gz,15e27d6a645170b9375345bcbb9285002940e4d188456c4d35fdb6bbb013bbb8,observed,within_series_coverage,False,False
TP.TRY.MT02,2024-05-03,2024-05-03,2024-05-03,03-05-2024,18,68.03,68.03000000,False,1714683600,short_term_deposit_rate,3 aya kadar vadeli TL mevduat faiz oranini alternatif getiri kanali olarak izlemek,"3 Aya Kadar Vadeli (TL Mevduat, Akım, %)","Up to 3 Months (TRY Deposits, Flow, %)",bie_mt100h,HAFTALIK(CUMA),Ağırlıklı ortalama,avg,Mevduat Bankaları,raw/TP_TRY_MT02_2024-01-01_2024-12-31_request.json,bab963c83baed0bc517f57fb8f3851f5c940e18ea6c8ecc3e0b7fc083b5fc373,raw/TP_TRY_MT02_2024-01-01_2024-12-31_response.json.gz,15e27d6a645170b9375345bcbb9285002940e4d188456c4d35fdb6bbb013bbb8,observed,within_series_coverage,False,False
TP.TRY.MT02,2024-05-10,2024-05-10,2024-05-10,10-05-2024,19,68.18,68.18000000,False,1715288400,short_term_deposit_rate,3 aya kadar vadeli TL mevduat faiz oranini alternatif getiri kanali olarak izlemek,"3 Aya Kadar Vadeli (TL Mevduat, Akım, %)","Up to 3 Months (TRY Deposits, Flow, %)",bie_mt100h,HAFTALIK(CUMA),Ağırlıklı ortalama,avg,Mevduat Bankaları,raw/TP_TRY_MT02_2024-01-01_2024-12-31_request.json,bab963c83baed0bc517f57fb8f3851f5c940e18ea6c8ecc3e0b7fc083b5fc373,raw/TP_TRY_MT02_2024-01-01_2024-12-31_response.json.gz,15e27d6a645170b9375345bcbb9285002940e4d188456c4d35fdb6bbb013bbb8,observed,within_series_coverage,False,False
TP.TRY.MT02,2024-05-17,2024-05-17,2024-05-17,17-05-2024,20,63.71,63.71000000,False,1715893200,short_term_deposit_rate,3 aya kadar vadeli TL mevduat faiz oranini alternatif getiri kanali olarak izlemek,"3 Aya Kadar Vadeli (TL Mevduat, Akım, %)","Up to 3 Months (TRY Deposits, Flow, %)",bie_mt100h,HAFTALIK(CUMA),Ağırlıklı ortalama,avg,Mevduat Bankaları,raw/TP_TRY_MT02_2024-01-01_2024-12-31_request.json,bab963c83baed0bc517f57fb8f3851f5c940e18ea6c8ecc3e0b7fc083b5fc373,raw/TP_TRY_MT02_2024-01-01_2024-12-31_response.json.gz,15e27d6a645170b9375345bcbb9285002940e4d188456c4d35fdb6bbb013bbb8,observed,within_series_coverage,False,False
TP.TRY.MT02,2024-05-24,2024-05-24,2024-05-24,24-05-2024,21,61.77,61.77000000,False,1716498000,short_term_deposit_rate,3 aya kadar vadeli TL mevduat faiz oranini alternatif getiri kanali olarak izlemek,"3 Aya Kadar Vadeli (TL Mevduat, Akım, %)","Up to 3 Months (TRY Deposits, Flow, %)",bie_mt100h,HAFTALIK(CUMA),Ağırlıklı ortalama,avg,Mevduat Bankaları,raw/TP_TRY_MT02_2024-01-01_2024-12-31_request.json,bab963c83baed0bc517f57fb8f3851f5c940e18ea6c8ecc3e0b7fc083b5fc373,raw/TP_TRY_MT02_2024-01-01_2024-12-31_response.json.gz,15e27d6a645170b9375345bcbb9285002940e4d188456c4d35fdb6bbb013bbb8,observed,within_series_coverage,False,False
TP.TRY.MT02,2024-05-31,2024-05-31,2024-05-31,31-05-2024,22,61.0,61.00000000,False,1717102800,short_term_deposit_rate,3 aya kadar vadeli TL mevduat faiz oranini alternatif getiri kanali olarak izlemek,"3 Aya Kadar Vadeli (TL Mevduat, Akım, %)","Up to 3 Months (TRY Deposits, Flow, %)",bie_mt100h,HAFTALIK(CUMA),Ağırlıklı ortalama,avg,Mevduat Bankaları,raw/TP_TRY_MT02_2024-01-01_2024-12-31_request.json,bab963c83baed0bc517f57fb8f3851f5c940e18ea6c8ecc3e0b7fc083b5fc373,raw/TP_TRY_MT02_2024-01-01_2024-12-31_response.json.gz,15e27d6a645170b9375345bcbb9285002940e4d188456c4d35fdb6bbb013bbb8,observed,within_series_coverage,False,False
TP.TRY.MT02,2024-06-07,2024-06-07,2024-06-07,07-06-2024,23,60.95,60.95000000,False,1717707600,short_term_deposit_rate,3 aya kadar vadeli TL mevduat faiz oranini alternatif getiri kanali olarak izlemek,"3 Aya Kadar Vadeli (TL Mevduat, Akım, %)","Up to 3 Months (TRY Deposits, Flow, %)",bie_mt100h,HAFTALIK(CUMA),Ağırlıklı ortalama,avg,Mevduat Bankaları,raw/TP_TRY_MT02_2024-01-01_2024-12-31_request.json,bab963c83baed0bc517f57fb8f3851f5c940e18ea6c8ecc3e0b7fc083b5fc373,raw/TP_TRY_MT02_2024-01-01_2024-12-31_response.json.gz,15e27d6a645170b9375345bcbb9285002940e4d188456c4d35fdb6bbb013bbb8,observed,within_series_coverage,False,False
TP.TRY.MT02,2024-06-14,2024-06-14,2024-06-14,14-06-2024,24,60.28,60.28000000,False,1718312400,short_term_deposit_rate,3 aya kadar vadeli TL mevduat faiz oranini alternatif getiri kanali olarak izlemek,"3 Aya Kadar Vadeli (TL Mevduat, Akım, %)","Up to 3 Months (TRY Deposits, Flow, %)",bie_mt100h,HAFTALIK(CUMA),Ağırlıklı ortalama,avg,Mevduat Bankaları,raw/TP_TRY_MT02_2024-01-01_2024-12-31_request.json,bab963c83baed0bc517f57fb8f3851f5c940e18ea6c8ecc3e0b7fc083b5fc373,raw/TP_TRY_MT02_2024-01-01_2024-12-31_response.json.gz,15e27d6a645170b9375345bcbb9285002940e4d188456c4d35fdb6bbb013bbb8,observed,within_series_coverage,False,False
TP.TRY.MT02,2024-06-21,2024-06-21,2024-06-21,21-06-2024,25,58.38,58.38000000,False,1718917200,short_term_deposit_rate,3 aya kadar vadeli TL mevduat faiz oranini alternatif getiri kanali olarak izlemek,"3 Aya Kadar Vadeli (TL Mevduat, Akım, %)","Up to 3 Months (TRY Deposits, Flow, %)",bie_mt100h,HAFTALIK(CUMA),Ağırlıklı ortalama,avg,Mevduat Bankaları,raw/TP_TRY_MT02_2024-01-01_2024-12-31_request.json,bab963c83baed0bc517f57fb8f3851f5c940e18ea6c8ecc3e0b7fc083b5fc373,raw/TP_TRY_MT02_2024-01-01_2024-12-31_response.json.gz,15e27d6a645170b9375345bcbb9285002940e4d188456c4d35fdb6bbb013bbb8,observed,within_series_coverage,False,False
TP.TRY.MT02,2024-06-28,2024-06-28,2024-06-28,28-06-2024,26,59.17,59.17000000,False,1719522000,short_term_deposit_rate,3 aya kadar vadeli TL mevduat faiz oranini alternatif getiri kanali olarak izlemek,"3 Aya Kadar Vadeli (TL Mevduat, Akım, %)","Up to 3 Months (TRY Deposits, Flow, %)",bie_mt100h,HAFTALIK(CUMA),Ağırlıklı ortalama,avg,Mevduat Bankaları,raw/TP_TRY_MT02_2024-01-01_2024-12-31_request.json,bab963c83baed0bc517f57fb8f3851f5c940e18ea6c8ecc3e0b7fc083b5fc373,raw/TP_TRY_MT02_2024-01-01_2024-12-31_response.json.gz,15e27d6a645170b9375345bcbb9285002940e4d188456c4d35fdb6bbb013bbb8,observed,within_series_coverage,False,False
TP.TRY.MT02,2024-07-05,2024-07-05,2024-07-05,05-07-2024,27,59.45,59.45000000,False,1720126800,short_term_deposit_rate,3 aya kadar vadeli TL mevduat faiz oranini alternatif getiri kanali olarak izlemek,"3 Aya Kadar Vadeli (TL Mevduat, Akım, %)","Up to 3 Months (TRY Deposits, Flow, %)",bie_mt100h,HAFTALIK(CUMA),Ağırlıklı ortalama,avg,Mevduat Bankaları,raw/TP_TRY_MT02_2024-01-01_2024-12-31_request.json,bab963c83baed0bc517f57fb8f3851f5c940e18ea6c8ecc3e0b7fc083b5fc373,raw/TP_TRY_MT02_2024-01-01_2024-12-31_response.json.gz,15e27d6a645170b9375345bcbb9285002940e4d188456c4d35fdb6bbb013bbb8,observed,within_series_coverage,False,False
TP.TRY.MT02,2024-07-12,2024-07-12,2024-07-12,12-07-2024,28,59.56,59.56000000,False,1720731600,short_term_deposit_rate,3 aya kadar vadeli TL mevduat faiz oranini alternatif getiri kanali olarak izlemek,"3 Aya Kadar Vadeli (TL Mevduat, Akım, %)","Up to 3 Months (TRY Deposits, Flow, %)",bie_mt100h,HAFTALIK(CUMA),Ağırlıklı ortalama,avg,Mevduat Bankaları,raw/TP_TRY_MT02_2024-01-01_2024-12-31_request.json,bab963c83baed0bc517f57fb8f3851f5c940e18ea6c8ecc3e0b7fc083b5fc373,raw/TP_TRY_MT02_2024-01-01_2024-12-31_response.json.gz,15e27d6a645170b9375345bcbb9285002940e4d188456c4d35fdb6bbb013bbb8,observed,within_series_coverage,False,False
TP.TRY.MT02,2024-07-19,2024-07-19,2024-07-19,19-07-2024,29,59.27,59.27000000,False,1721336400,short_term_deposit_rate,3 aya kadar vadeli TL mevduat faiz oranini alternatif getiri kanali olarak izlemek,"3 Aya Kadar Vadeli (TL Mevduat, Akım, %)","Up to 3 Months (TRY Deposits, Flow, %)",bie_mt100h,HAFTALIK(CUMA),Ağırlıklı ortalama,avg,Mevduat Bankaları,raw/TP_TRY_MT02_2024-01-01_2024-12-31_request.json,bab963c83baed0bc517f57fb8f3851f5c940e18ea6c8ecc3e0b7fc083b5fc373,raw/TP_TRY_MT02_2024-01-01_2024-12-31_response.json.gz,15e27d6a645170b9375345bcbb9285002940e4d188456c4d35fdb6bbb013bbb8,observed,within_series_coverage,False,False
TP.TRY.MT02,2024-07-26,2024-07-26,2024-07-26,26-07-2024,30,59.25,59.25000000,False,1721941200,short_term_deposit_rate,3 aya kadar vadeli TL mevduat faiz oranini alternatif getiri kanali olarak izlemek,"3 Aya Kadar Vadeli (TL Mevduat, Akım, %)","Up to 3 Months (TRY Deposits, Flow, %)",bie_mt100h,HAFTALIK(CUMA),Ağırlıklı ortalama,avg,Mevduat Bankaları,raw/TP_TRY_MT02_2024-01-01_2024-12-31_request.json,bab963c83baed0bc517f57fb8f3851f5c940e18ea6c8ecc3e0b7fc083b5fc373,raw/TP_TRY_MT02_2024-01-01_2024-12-31_response.json.gz,15e27d6a645170b9375345bcbb9285002940e4d188456c4d35fdb6bbb013bbb8,observed,within_series_coverage,False,False
TP.TRY.MT02,2024-08-02,2024-08-02,2024-08-02,02-08-2024,31,59.09,59.09000000,False,1722546000,short_term_deposit_rate,3 aya kadar vadeli TL mevduat faiz oranini alternatif getiri kanali olarak izlemek,"3 Aya Kadar Vadeli (TL Mevduat, Akım, %)","Up to 3 Months (TRY Deposits, Flow, %)",bie_mt100h,HAFTALIK(CUMA),Ağırlıklı ortalama,avg,Mevduat Bankaları,raw/TP_TRY_MT02_2024-01-01_2024-12-31_request.json,bab963c83baed0bc517f57fb8f3851f5c940e18ea6c8ecc3e0b7fc083b5fc373,raw/TP_TRY_MT02_2024-01-01_2024-12-31_response.json.gz,15e27d6a645170b9375345bcbb9285002940e4d188456c4d35fdb6bbb013bbb8,observed,within_series_coverage,False,False
TP.TRY.MT02,2024-08-09,2024-08-09,2024-08-09,09-08-2024,32,58.48,58.48000000,False,1723150800,short_term_deposit_rate,3 aya kadar vadeli TL mevduat faiz oranini alternatif getiri kanali olarak izlemek,"3 Aya Kadar Vadeli (TL Mevduat, Akım, %)","Up to 3 Months (TRY Deposits, Flow, %)",bie_mt100h,HAFTALIK(CUMA),Ağırlıklı ortalama,avg,Mevduat Bankaları,raw/TP_TRY_MT02_2024-01-01_2024-12-31_request.json,bab963c83baed0bc517f57fb8f3851f5c940e18ea6c8ecc3e0b7fc083b5fc373,raw/TP_TRY_MT02_2024-01-01_2024-12-31_response.json.gz,15e27d6a645170b9375345bcbb9285002940e4d188456c4d35fdb6bbb013bbb8,observed,within_series_coverage,False,False
TP.TRY.MT02,2024-08-16,2024-08-16,2024-08-16,16-08-2024,33,59.23,59.23000000,False,1723755600,short_term_deposit_rate,3 aya kadar vadeli TL mevduat faiz oranini alternatif getiri kanali olarak izlemek,"3 Aya Kadar Vadeli (TL Mevduat, Akım, %)","Up to 3 Months (TRY Deposits, Flow, %)",bie_mt100h,HAFTALIK(CUMA),Ağırlıklı ortalama,avg,Mevduat Bankaları,raw/TP_TRY_MT02_2024-01-01_2024-12-31_request.json,bab963c83baed0bc517f57fb8f3851f5c940e18ea6c8ecc3e0b7fc083b5fc373,raw/TP_TRY_MT02_2024-01-01_2024-12-31_response.json.gz,15e27d6a645170b9375345bcbb9285002940e4d188456c4d35fdb6bbb013bbb8,observed,within_series_coverage,False,False
TP.TRY.MT02,2024-08-23,2024-08-23,2024-08-23,23-08-2024,34,59.06,59.06000000,False,1724360400,short_term_deposit_rate,3 aya kadar vadeli TL mevduat faiz oranini alternatif getiri kanali olarak izlemek,"3 Aya Kadar Vadeli (TL Mevduat, Akım, %)","Up to 3 Months (TRY Deposits, Flow, %)",bie_mt100h,HAFTALIK(CUMA),Ağırlıklı ortalama,avg,Mevduat Bankaları,raw/TP_TRY_MT02_2024-01-01_2024-12-31_request.json,bab963c83baed0bc517f57fb8f3851f5c940e18ea6c8ecc3e0b7fc083b5fc373,raw/TP_TRY_MT02_2024-01-01_2024-12-31_response.json.gz,15e27d6a645170b9375345bcbb9285002940e4d188456c4d35fdb6bbb013bbb8,observed,within_series_coverage,False,False
TP.TRY.MT02,2024-08-30,2024-08-30,2024-08-30,30-08-2024,35,59.36,59.36000000,False,1724965200,short_term_deposit_rate,3 aya kadar vadeli TL mevduat faiz oranini alternatif getiri kanali olarak izlemek,"3 Aya Kadar Vadeli (TL Mevduat, Akım, %)","Up to 3 Months (TRY Deposits, Flow, %)",bie_mt100h,HAFTALIK(CUMA),Ağırlıklı ortalama,avg,Mevduat Bankaları,raw/TP_TRY_MT02_2024-01-01_2024-12-31_request.json,bab963c83baed0bc517f57fb8f3851f5c940e18ea6c8ecc3e0b7fc083b5fc373,raw/TP_TRY_MT02_2024-01-01_2024-12-31_response.json.gz,15e27d6a645170b9375345bcbb9285002940e4d188456c4d35fdb6bbb013bbb8,observed,within_series_coverage,False,False
TP.TRY.MT02,2024-09-06,2024-09-06,2024-09-06,06-09-2024,36,59.27,59.27000000,False,1725570000,short_term_deposit_rate,3 aya kadar vadeli TL mevduat faiz oranini alternatif getiri kanali olarak izlemek,"3 Aya Kadar Vadeli (TL Mevduat, Akım, %)","Up to 3 Months (TRY Deposits, Flow, %)",bie_mt100h,HAFTALIK(CUMA),Ağırlıklı ortalama,avg,Mevduat Bankaları,raw/TP_TRY_MT02_2024-01-01_2024-12-31_request.json,bab963c83baed0bc517f57fb8f3851f5c940e18ea6c8ecc3e0b7fc083b5fc373,raw/TP_TRY_MT02_2024-01-01_2024-12-31_response.json.gz,15e27d6a645170b9375345bcbb9285002940e4d188456c4d35fdb6bbb013bbb8,observed,within_series_coverage,False,False
TP.TRY.MT02,2024-09-13,2024-09-13,2024-09-13,13-09-2024,37,60.18,60.18000000,False,1726174800,short_term_deposit_rate,3 aya kadar vadeli TL mevduat faiz oranini alternatif getiri kanali olarak izlemek,"3 Aya Kadar Vadeli (TL Mevduat, Akım, %)","Up to 3 Months (TRY Deposits, Flow, %)",bie_mt100h,HAFTALIK(CUMA),Ağırlıklı ortalama,avg,Mevduat Bankaları,raw/TP_TRY_MT02_2024-01-01_2024-12-31_request.json,bab963c83baed0bc517f57fb8f3851f5c940e18ea6c8ecc3e0b7fc083b5fc373,raw/TP_TRY_MT02_2024-01-01_2024-12-31_response.json.gz,15e27d6a645170b9375345bcbb9285002940e4d188456c4d35fdb6bbb013bbb8,observed,within_series_coverage,False,False
TP.TRY.MT02,2024-09-20,2024-09-20,2024-09-20,20-09-2024,38,59.84,59.84000000,False,1726779600,short_term_deposit_rate,3 aya kadar vadeli TL mevduat faiz oranini alternatif getiri kanali olarak izlemek,"3 Aya Kadar Vadeli (TL Mevduat, Akım, %)","Up to 3 Months (TRY Deposits, Flow, %)",bie_mt100h,HAFTALIK(CUMA),Ağırlıklı ortalama,avg,Mevduat Bankaları,raw/TP_TRY_MT02_2024-01-01_2024-12-31_request.json,bab963c83baed0bc517f57fb8f3851f5c940e18ea6c8ecc3e0b7fc083b5fc373,raw/TP_TRY_MT02_2024-01-01_2024-12-31_response.json.gz,15e27d6a645170b9375345bcbb9285002940e4d188456c4d35fdb6bbb013bbb8,observed,within_series_coverage,False,False
TP.TRY.MT02,2024-09-27,2024-09-27,2024-09-27,27-09-2024,39,59.5,59.50000000,False,1727384400,short_term_deposit_rate,3 aya kadar vadeli TL mevduat faiz oranini alternatif getiri kanali olarak izlemek,"3 Aya Kadar Vadeli (TL Mevduat, Akım, %)","Up to 3 Months (TRY Deposits, Flow, %)",bie_mt100h,HAFTALIK(CUMA),Ağırlıklı ortalama,avg,Mevduat Bankaları,raw/TP_TRY_MT02_2024-01-01_2024-12-31_request.json,bab963c83baed0bc517f57fb8f3851f5c940e18ea6c8ecc3e0b7fc083b5fc373,raw/TP_TRY_MT02_2024-01-01_2024-12-31_response.json.gz,15e27d6a645170b9375345bcbb9285002940e4d188456c4d35fdb6bbb013bbb8,observed,within_series_coverage,False,False
TP.TRY.MT02,2024-10-04,2024-10-04,2024-10-04,04-10-2024,40,59.76,59.76000000,False,1727989200,short_term_deposit_rate,3 aya kadar vadeli TL mevduat faiz oranini alternatif getiri kanali olarak izlemek,"3 Aya Kadar Vadeli (TL Mevduat, Akım, %)","Up to 3 Months (TRY Deposits, Flow, %)",bie_mt100h,HAFTALIK(CUMA),Ağırlıklı ortalama,avg,Mevduat Bankaları,raw/TP_TRY_MT02_2024-01-01_2024-12-31_request.json,bab963c83baed0bc517f57fb8f3851f5c940e18ea6c8ecc3e0b7fc083b5fc373,raw/TP_TRY_MT02_2024-01-01_2024-12-31_response.json.gz,15e27d6a645170b9375345bcbb9285002940e4d188456c4d35fdb6bbb013bbb8,observed,within_series_coverage,False,False
TP.TRY.MT02,2024-10-11,2024-10-11,2024-10-11,11-10-2024,41,59.19,59.19000000,False,1728594000,short_term_deposit_rate,3 aya kadar vadeli TL mevduat faiz oranini alternatif getiri kanali olarak izlemek,"3 Aya Kadar Vadeli (TL Mevduat, Akım, %)","Up to 3 Months (TRY Deposits, Flow, %)",bie_mt100h,HAFTALIK(CUMA),Ağırlıklı ortalama,avg,Mevduat Bankaları,raw/TP_TRY_MT02_2024-01-01_2024-12-31_request.json,bab963c83baed0bc517f57fb8f3851f5c940e18ea6c8ecc3e0b7fc083b5fc373,raw/TP_TRY_MT02_2024-01-01_2024-12-31_response.json.gz,15e27d6a645170b9375345bcbb9285002940e4d188456c4d35fdb6bbb013bbb8,observed,within_series_coverage,False,False
TP.TRY.MT02,2024-10-18,2024-10-18,2024-10-18,18-10-2024,42,59.64,59.64000000,False,1729198800,short_term_deposit_rate,3 aya kadar vadeli TL mevduat faiz oranini alternatif getiri kanali olarak izlemek,"3 Aya Kadar Vadeli (TL Mevduat, Akım, %)","Up to 3 Months (TRY Deposits, Flow, %)",bie_mt100h,HAFTALIK(CUMA),Ağırlıklı ortalama,avg,Mevduat Bankaları,raw/TP_TRY_MT02_2024-01-01_2024-12-31_request.json,bab963c83baed0bc517f57fb8f3851f5c940e18ea6c8ecc3e0b7fc083b5fc373,raw/TP_TRY_MT02_2024-01-01_2024-12-31_response.json.gz,15e27d6a645170b9375345bcbb9285002940e4d188456c4d35fdb6bbb013bbb8,observed,within_series_coverage,False,False
TP.TRY.MT02,2024-10-25,2024-10-25,2024-10-25,25-10-2024,43,59.47,59.47000000,False,1729803600,short_term_deposit_rate,3 aya kadar vadeli TL mevduat faiz oranini alternatif getiri kanali olarak izlemek,"3 Aya Kadar Vadeli (TL Mevduat, Akım, %)","Up to 3 Months (TRY Deposits, Flow, %)",bie_mt100h,HAFTALIK(CUMA),Ağırlıklı ortalama,avg,Mevduat Bankaları,raw/TP_TRY_MT02_2024-01-01_2024-12-31_request.json,bab963c83baed0bc517f57fb8f3851f5c940e18ea6c8ecc3e0b7fc083b5fc373,raw/TP_TRY_MT02_2024-01-01_2024-12-31_response.json.gz,15e27d6a645170b9375345bcbb9285002940e4d188456c4d35fdb6bbb013bbb8,observed,within_series_coverage,False,False
TP.TRY.MT02,2024-11-01,2024-11-01,2024-11-01,01-11-2024,44,58.98,58.98000000,False,1730408400,short_term_deposit_rate,3 aya kadar vadeli TL mevduat faiz oranini alternatif getiri kanali olarak izlemek,"3 Aya Kadar Vadeli (TL Mevduat, Akım, %)","Up to 3 Months (TRY Deposits, Flow, %)",bie_mt100h,HAFTALIK(CUMA),Ağırlıklı ortalama,avg,Mevduat Bankaları,raw/TP_TRY_MT02_2024-01-01_2024-12-31_request.json,bab963c83baed0bc517f57fb8f3851f5c940e18ea6c8ecc3e0b7fc083b5fc373,raw/TP_TRY_MT02_2024-01-01_2024-12-31_response.json.gz,15e27d6a645170b9375345bcbb9285002940e4d188456c4d35fdb6bbb013bbb8,observed,within_series_coverage,False,False
TP.TRY.MT02,2024-11-08,2024-11-08,2024-11-08,08-11-2024,45,59.01,59.01000000,False,1731013200,short_term_deposit_rate,3 aya kadar vadeli TL mevduat faiz oranini alternatif getiri kanali olarak izlemek,"3 Aya Kadar Vadeli (TL Mevduat, Akım, %)","Up to 3 Months (TRY Deposits, Flow, %)",bie_mt100h,HAFTALIK(CUMA),Ağırlıklı ortalama,avg,Mevduat Bankaları,raw/TP_TRY_MT02_2024-01-01_2024-12-31_request.json,bab963c83baed0bc517f57fb8f3851f5c940e18ea6c8ecc3e0b7fc083b5fc373,raw/TP_TRY_MT02_2024-01-01_2024-12-31_response.json.gz,15e27d6a645170b9375345bcbb9285002940e4d188456c4d35fdb6bbb013bbb8,observed,within_series_coverage,False,False
TP.TRY.MT02,2024-11-15,2024-11-15,2024-11-15,15-11-2024,46,58.97,58.97000000,False,1731618000,short_term_deposit_rate,3 aya kadar vadeli TL mevduat faiz oranini alternatif getiri kanali olarak izlemek,"3 Aya Kadar Vadeli (TL Mevduat, Akım, %)","Up to 3 Months (TRY Deposits, Flow, %)",bie_mt100h,HAFTALIK(CUMA),Ağırlıklı ortalama,avg,Mevduat Bankaları,raw/TP_TRY_MT02_2024-01-01_2024-12-31_request.json,bab963c83baed0bc517f57fb8f3851f5c940e18ea6c8ecc3e0b7fc083b5fc373,raw/TP_TRY_MT02_2024-01-01_2024-12-31_response.json.gz,15e27d6a645170b9375345bcbb9285002940e4d188456c4d35fdb6bbb013bbb8,observed,within_series_coverage,False,False
TP.TRY.MT02,2024-11-22,2024-11-22,2024-11-22,22-11-2024,47,59.3,59.30000000,False,1732222800,short_term_deposit_rate,3 aya kadar vadeli TL mevduat faiz oranini alternatif getiri kanali olarak izlemek,"3 Aya Kadar Vadeli (TL Mevduat, Akım, %)","Up to 3 Months (TRY Deposits, Flow, %)",bie_mt100h,HAFTALIK(CUMA),Ağırlıklı ortalama,avg,Mevduat Bankaları,raw/TP_TRY_MT02_2024-01-01_2024-12-31_request.json,bab963c83baed0bc517f57fb8f3851f5c940e18ea6c8ecc3e0b7fc083b5fc373,raw/TP_TRY_MT02_2024-01-01_2024-12-31_response.json.gz,15e27d6a645170b9375345bcbb9285002940e4d188456c4d35fdb6bbb013bbb8,observed,within_series_coverage,False,False
TP.TRY.MT02,2024-11-29,2024-11-29,2024-11-29,29-11-2024,48,59.18,59.18000000,False,1732827600,short_term_deposit_rate,3 aya kadar vadeli TL mevduat faiz oranini alternatif getiri kanali olarak izlemek,"3 Aya Kadar Vadeli (TL Mevduat, Akım, %)","Up to 3 Months (TRY Deposits, Flow, %)",bie_mt100h,HAFTALIK(CUMA),Ağırlıklı ortalama,avg,Mevduat Bankaları,raw/TP_TRY_MT02_2024-01-01_2024-12-31_request.json,bab963c83baed0bc517f57fb8f3851f5c940e18ea6c8ecc3e0b7fc083b5fc373,raw/TP_TRY_MT02_2024-01-01_2024-12-31_response.json.gz,15e27d6a645170b9375345bcbb9285002940e4d188456c4d35fdb6bbb013bbb8,observed,within_series_coverage,False,False
TP.TRY.MT02,2024-12-06,2024-12-06,2024-12-06,06-12-2024,49,59.54,59.54000000,False,1733432400,short_term_deposit_rate,3 aya kadar vadeli TL mevduat faiz oranini alternatif getiri kanali olarak izlemek,"3 Aya Kadar Vadeli (TL Mevduat, Akım, %)","Up to 3 Months (TRY Deposits, Flow, %)",bie_mt100h,HAFTALIK(CUMA),Ağırlıklı ortalama,avg,Mevduat Bankaları,raw/TP_TRY_MT02_2024-01-01_2024-12-31_request.json,bab963c83baed0bc517f57fb8f3851f5c940e18ea6c8ecc3e0b7fc083b5fc373,raw/TP_TRY_MT02_2024-01-01_2024-12-31_response.json.gz,15e27d6a645170b9375345bcbb9285002940e4d188456c4d35fdb6bbb013bbb8,observed,within_series_coverage,False,False
TP.TRY.MT02,2024-12-13,2024-12-13,2024-12-13,13-12-2024,50,59.24,59.24000000,False,1734037200,short_term_deposit_rate,3 aya kadar vadeli TL mevduat faiz oranini alternatif getiri kanali olarak izlemek,"3 Aya Kadar Vadeli (TL Mevduat, Akım, %)","Up to 3 Months (TRY Deposits, Flow, %)",bie_mt100h,HAFTALIK(CUMA),Ağırlıklı ortalama,avg,Mevduat Bankaları,raw/TP_TRY_MT02_2024-01-01_2024-12-31_request.json,bab963c83baed0bc517f57fb8f3851f5c940e18ea6c8ecc3e0b7fc083b5fc373,raw/TP_TRY_MT02_2024-01-01_2024-12-31_response.json.gz,15e27d6a645170b9375345bcbb9285002940e4d188456c4d35fdb6bbb013bbb8,observed,within_series_coverage,False,False
TP.TRY.MT02,2024-12-20,2024-12-20,2024-12-20,20-12-2024,51,59.45,59.45000000,False,1734642000,short_term_deposit_rate,3 aya kadar vadeli TL mevduat faiz oranini alternatif getiri kanali olarak izlemek,"3 Aya Kadar Vadeli (TL Mevduat, Akım, %)","Up to 3 Months (TRY Deposits, Flow, %)",bie_mt100h,HAFTALIK(CUMA),Ağırlıklı ortalama,avg,Mevduat Bankaları,raw/TP_TRY_MT02_2024-01-01_2024-12-31_request.json,bab963c83baed0bc517f57fb8f3851f5c940e18ea6c8ecc3e0b7fc083b5fc373,raw/TP_TRY_MT02_2024-01-01_2024-12-31_response.json.gz,15e27d6a645170b9375345bcbb9285002940e4d188456c4d35fdb6bbb013bbb8,observed,within_series_coverage,False,False
TP.TRY.MT02,2024-12-27,2024-12-27,2024-12-27,27-12-2024,52,59.16,59.16000000,False,1735246800,short_term_deposit_rate,3 aya kadar vadeli TL mevduat faiz oranini alternatif getiri kanali olarak izlemek,"3 Aya Kadar Vadeli (TL Mevduat, Akım, %)","Up to 3 Months (TRY Deposits, Flow, %)",bie_mt100h,HAFTALIK(CUMA),Ağırlıklı ortalama,avg,Mevduat Bankaları,raw/TP_TRY_MT02_2024-01-01_2024-12-31_request.json,bab963c83baed0bc517f57fb8f3851f5c940e18ea6c8ecc3e0b7fc083b5fc373,raw/TP_TRY_MT02_2024-01-01_2024-12-31_response.json.gz,15e27d6a645170b9375345bcbb9285002940e4d188456c4d35fdb6bbb013bbb8,observed,within_series_coverage,False,False
TP.TRY.MT02,2025-01-03,2025-01-03,2025-01-03,03-01-2025,1,56.88,56.88000000,False,1735851600,short_term_deposit_rate,3 aya kadar vadeli TL mevduat faiz oranini alternatif getiri kanali olarak izlemek,"3 Aya Kadar Vadeli (TL Mevduat, Akım, %)","Up to 3 Months (TRY Deposits, Flow, %)",bie_mt100h,HAFTALIK(CUMA),Ağırlıklı ortalama,avg,Mevduat Bankaları,raw/TP_TRY_MT02_2025-01-01_2025-12-31_request.json,298d58e221bc3e41b1c15b3ae02c99e71cf4541bf52b62856dea37b5799f4d41,raw/TP_TRY_MT02_2025-01-01_2025-12-31_response.json.gz,1416fbd15c1c71971c23083496da1ecc127b5410a42562c9d4c8da479fbc4868,observed,within_series_coverage,False,False
TP.TRY.MT02,2025-01-10,2025-01-10,2025-01-10,10-01-2025,2,55.64,55.64000000,False,1736456400,short_term_deposit_rate,3 aya kadar vadeli TL mevduat faiz oranini alternatif getiri kanali olarak izlemek,"3 Aya Kadar Vadeli (TL Mevduat, Akım, %)","Up to 3 Months (TRY Deposits, Flow, %)",bie_mt100h,HAFTALIK(CUMA),Ağırlıklı ortalama,avg,Mevduat Bankaları,raw/TP_TRY_MT02_2025-01-01_2025-12-31_request.json,298d58e221bc3e41b1c15b3ae02c99e71cf4541bf52b62856dea37b5799f4d41,raw/TP_TRY_MT02_2025-01-01_2025-12-31_response.json.gz,1416fbd15c1c71971c23083496da1ecc127b5410a42562c9d4c8da479fbc4868,observed,within_series_coverage,False,False
TP.TRY.MT02,2025-01-17,2025-01-17,2025-01-17,17-01-2025,3,55.0,55.00000000,False,1737061200,short_term_deposit_rate,3 aya kadar vadeli TL mevduat faiz oranini alternatif getiri kanali olarak izlemek,"3 Aya Kadar Vadeli (TL Mevduat, Akım, %)","Up to 3 Months (TRY Deposits, Flow, %)",bie_mt100h,HAFTALIK(CUMA),Ağırlıklı ortalama,avg,Mevduat Bankaları,raw/TP_TRY_MT02_2025-01-01_2025-12-31_request.json,298d58e221bc3e41b1c15b3ae02c99e71cf4541bf52b62856dea37b5799f4d41,raw/TP_TRY_MT02_2025-01-01_2025-12-31_response.json.gz,1416fbd15c1c71971c23083496da1ecc127b5410a42562c9d4c8da479fbc4868,observed,within_series_coverage,False,False
TP.TRY.MT02,2025-01-24,2025-01-24,2025-01-24,24-01-2025,4,53.58,53.58000000,False,1737666000,short_term_deposit_rate,3 aya kadar vadeli TL mevduat faiz oranini alternatif getiri kanali olarak izlemek,"3 Aya Kadar Vadeli (TL Mevduat, Akım, %)","Up to 3 Months (TRY Deposits, Flow, %)",bie_mt100h,HAFTALIK(CUMA),Ağırlıklı ortalama,avg,Mevduat Bankaları,raw/TP_TRY_MT02_2025-01-01_2025-12-31_request.json,298d58e221bc3e41b1c15b3ae02c99e71cf4541bf52b62856dea37b5799f4d41,raw/TP_TRY_MT02_2025-01-01_2025-12-31_response.json.gz,1416fbd15c1c71971c23083496da1ecc127b5410a42562c9d4c8da479fbc4868,observed,within_series_coverage,False,False
TP.TRY.MT02,2025-01-31,2025-01-31,2025-01-31,31-01-2025,5,52.5,52.50000000,False,1738270800,short_term_deposit_rate,3 aya kadar vadeli TL mevduat faiz oranini alternatif getiri kanali olarak izlemek,"3 Aya Kadar Vadeli (TL Mevduat, Akım, %)","Up to 3 Months (TRY Deposits, Flow, %)",bie_mt100h,HAFTALIK(CUMA),Ağırlıklı ortalama,avg,Mevduat Bankaları,raw/TP_TRY_MT02_2025-01-01_2025-12-31_request.json,298d58e221bc3e41b1c15b3ae02c99e71cf4541bf52b62856dea37b5799f4d41,raw/TP_TRY_MT02_2025-01-01_2025-12-31_response.json.gz,1416fbd15c1c71971c23083496da1ecc127b5410a42562c9d4c8da479fbc4868,observed,within_series_coverage,False,False
TP.TRY.MT02,2025-02-07,2025-02-07,2025-02-07,07-02-2025,6,52.5,52.50000000,False,1738875600,short_term_deposit_rate,3 aya kadar vadeli TL mevduat faiz oranini alternatif getiri kanali olarak izlemek,"3 Aya Kadar Vadeli (TL Mevduat, Akım, %)","Up to 3 Months (TRY Deposits, Flow, %)",bie_mt100h,HAFTALIK(CUMA),Ağırlıklı ortalama,avg,Mevduat Bankaları,raw/TP_TRY_MT02_2025-01-01_2025-12-31_request.json,298d58e221bc3e41b1c15b3ae02c99e71cf4541bf52b62856dea37b5799f4d41,raw/TP_TRY_MT02_2025-01-01_2025-12-31_response.json.gz,1416fbd15c1c71971c23083496da1ecc127b5410a42562c9d4c8da479fbc4868,observed,within_series_coverage,False,False
TP.TRY.MT02,2025-02-14,2025-02-14,2025-02-14,14-02-2025,7,52.11,52.11000000,False,1739480400,short_term_deposit_rate,3 aya kadar vadeli TL mevduat faiz oranini alternatif getiri kanali olarak izlemek,"3 Aya Kadar Vadeli (TL Mevduat, Akım, %)","Up to 3 Months (TRY Deposits, Flow, %)",bie_mt100h,HAFTALIK(CUMA),Ağırlıklı ortalama,avg,Mevduat Bankaları,raw/TP_TRY_MT02_2025-01-01_2025-12-31_request.json,298d58e221bc3e41b1c15b3ae02c99e71cf4541bf52b62856dea37b5799f4d41,raw/TP_TRY_MT02_2025-01-01_2025-12-31_response.json.gz,1416fbd15c1c71971c23083496da1ecc127b5410a42562c9d4c8da479fbc4868,observed,within_series_coverage,False,False
TP.TRY.MT02,2025-02-21,2025-02-21,2025-02-21,21-02-2025,8,51.76,51.76000000,False,1740085200,short_term_deposit_rate,3 aya kadar vadeli TL mevduat faiz oranini alternatif getiri kanali olarak izlemek,"3 Aya Kadar Vadeli (TL Mevduat, Akım, %)","Up to 3 Months (TRY Deposits, Flow, %)",bie_mt100h,HAFTALIK(CUMA),Ağırlıklı ortalama,avg,Mevduat Bankaları,raw/TP_TRY_MT02_2025-01-01_2025-12-31_request.json,298d58e221bc3e41b1c15b3ae02c99e71cf4541bf52b62856dea37b5799f4d41,raw/TP_TRY_MT02_2025-01-01_2025-12-31_response.json.gz,1416fbd15c1c71971c23083496da1ecc127b5410a42562c9d4c8da479fbc4868,observed,within_series_coverage,False,False
TP.TRY.MT02,2025-02-28,2025-02-28,2025-02-28,28-02-2025,9,52.03,52.03000000,False,1740690000,short_term_deposit_rate,3 aya kadar vadeli TL mevduat faiz oranini alternatif getiri kanali olarak izlemek,"3 Aya Kadar Vadeli (TL Mevduat, Akım, %)","Up to 3 Months (TRY Deposits, Flow, %)",bie_mt100h,HAFTALIK(CUMA),Ağırlıklı ortalama,avg,Mevduat Bankaları,raw/TP_TRY_MT02_2025-01-01_2025-12-31_request.json,298d58e221bc3e41b1c15b3ae02c99e71cf4541bf52b62856dea37b5799f4d41,raw/TP_TRY_MT02_2025-01-01_2025-12-31_response.json.gz,1416fbd15c1c71971c23083496da1ecc127b5410a42562c9d4c8da479fbc4868,observed,within_series_coverage,False,False
TP.TRY.MT02,2025-03-07,2025-03-07,2025-03-07,07-03-2025,10,51.45,51.45000000,False,1741294800,short_term_deposit_rate,3 aya kadar vadeli TL mevduat faiz oranini alternatif getiri kanali olarak izlemek,"3 Aya Kadar Vadeli (TL Mevduat, Akım, %)","Up to 3 Months (TRY Deposits, Flow, %)",bie_mt100h,HAFTALIK(CUMA),Ağırlıklı ortalama,avg,Mevduat Bankaları,raw/TP_TRY_MT02_2025-01-01_2025-12-31_request.json,298d58e221bc3e41b1c15b3ae02c99e71cf4541bf52b62856dea37b5799f4d41,raw/TP_TRY_MT02_2025-01-01_2025-12-31_response.json.gz,1416fbd15c1c71971c23083496da1ecc127b5410a42562c9d4c8da479fbc4868,observed,within_series_coverage,False,False
TP.TRY.MT02,2025-03-14,2025-03-14,2025-03-14,14-03-2025,11,49.91,49.91000000,False,1741899600,short_term_deposit_rate,3 aya kadar vadeli TL mevduat faiz oranini alternatif getiri kanali olarak izlemek,"3 Aya Kadar Vadeli (TL Mevduat, Akım, %)","Up to 3 Months (TRY Deposits, Flow, %)",bie_mt100h,HAFTALIK(CUMA),Ağırlıklı ortalama,avg,Mevduat Bankaları,raw/TP_TRY_MT02_2025-01-01_2025-12-31_request.json,298d58e221bc3e41b1c15b3ae02c99e71cf4541bf52b62856dea37b5799f4d41,raw/TP_TRY_MT02_2025-01-01_2025-12-31_response.json.gz,1416fbd15c1c71971c23083496da1ecc127b5410a42562c9d4c8da479fbc4868,observed,within_series_coverage,False,False
TP.TRY.MT02,2025-03-21,2025-03-21,2025-03-21,21-03-2025,12,49.98,49.98000000,False,1742504400,short_term_deposit_rate,3 aya kadar vadeli TL mevduat faiz oranini alternatif getiri kanali olarak izlemek,"3 Aya Kadar Vadeli (TL Mevduat, Akım, %)","Up to 3 Months (TRY Deposits, Flow, %)",bie_mt100h,HAFTALIK(CUMA),Ağırlıklı ortalama,avg,Mevduat Bankaları,raw/TP_TRY_MT02_2025-01-01_2025-12-31_request.json,298d58e221bc3e41b1c15b3ae02c99e71cf4541bf52b62856dea37b5799f4d41,raw/TP_TRY_MT02_2025-01-01_2025-12-31_response.json.gz,1416fbd15c1c71971c23083496da1ecc127b5410a42562c9d4c8da479fbc4868,observed,within_series_coverage,False,False
TP.TRY.MT02,2025-03-28,2025-03-28,2025-03-28,28-03-2025,13,53.59,53.59000000,False,1743109200,short_term_deposit_rate,3 aya kadar vadeli TL mevduat faiz oranini alternatif getiri kanali olarak izlemek,"3 Aya Kadar Vadeli (TL Mevduat, Akım, %)","Up to 3 Months (TRY Deposits, Flow, %)",bie_mt100h,HAFTALIK(CUMA),Ağırlıklı ortalama,avg,Mevduat Bankaları,raw/TP_TRY_MT02_2025-01-01_2025-12-31_request.json,298d58e221bc3e41b1c15b3ae02c99e71cf4541bf52b62856dea37b5799f4d41,raw/TP_TRY_MT02_2025-01-01_2025-12-31_response.json.gz,1416fbd15c1c71971c23083496da1ecc127b5410a42562c9d4c8da479fbc4868,observed,within_series_coverage,False,False
TP.TRY.MT02,2025-04-04,2025-04-04,2025-04-04,04-04-2025,14,53.75,53.75000000,False,1743714000,short_term_deposit_rate,3 aya kadar vadeli TL mevduat faiz oranini alternatif getiri kanali olarak izlemek,"3 Aya Kadar Vadeli (TL Mevduat, Akım, %)","Up to 3 Months (TRY Deposits, Flow, %)",bie_mt100h,HAFTALIK(CUMA),Ağırlıklı ortalama,avg,Mevduat Bankaları,raw/TP_TRY_MT02_2025-01-01_2025-12-31_request.json,298d58e221bc3e41b1c15b3ae02c99e71cf4541bf52b62856dea37b5799f4d41,raw/TP_TRY_MT02_2025-01-01_2025-12-31_response.json.gz,1416fbd15c1c71971c23083496da1ecc127b5410a42562c9d4c8da479fbc4868,observed,within_series_coverage,False,False
TP.TRY.MT02,2025-04-11,2025-04-11,2025-04-11,11-04-2025,15,54.6,54.60000000,False,1744318800,short_term_deposit_rate,3 aya kadar vadeli TL mevduat faiz oranini alternatif getiri kanali olarak izlemek,"3 Aya Kadar Vadeli (TL Mevduat, Akım, %)","Up to 3 Months (TRY Deposits, Flow, %)",bie_mt100h,HAFTALIK(CUMA),Ağırlıklı ortalama,avg,Mevduat Bankaları,raw/TP_TRY_MT02_2025-01-01_2025-12-31_request.json,298d58e221bc3e41b1c15b3ae02c99e71cf4541bf52b62856dea37b5799f4d41,raw/TP_TRY_MT02_2025-01-01_2025-12-31_response.json.gz,1416fbd15c1c71971c23083496da1ecc127b5410a42562c9d4c8da479fbc4868,observed,within_series_coverage,False,False
TP.TRY.MT02,2025-04-18,2025-04-18,2025-04-18,18-04-2025,16,55.68,55.68000000,False,1744923600,short_term_deposit_rate,3 aya kadar vadeli TL mevduat faiz oranini alternatif getiri kanali olarak izlemek,"3 Aya Kadar Vadeli (TL Mevduat, Akım, %)","Up to 3 Months (TRY Deposits, Flow, %)",bie_mt100h,HAFTALIK(CUMA),Ağırlıklı ortalama,avg,Mevduat Bankaları,raw/TP_TRY_MT02_2025-01-01_2025-12-31_request.json,298d58e221bc3e41b1c15b3ae02c99e71cf4541bf52b62856dea37b5799f4d41,raw/TP_TRY_MT02_2025-01-01_2025-12-31_response.json.gz,1416fbd15c1c71971c23083496da1ecc127b5410a42562c9d4c8da479fbc4868,observed,within_series_coverage,False,False
TP.TRY.MT02,2025-04-25,2025-04-25,2025-04-25,25-04-2025,17,56.58,56.58000000,False,1745528400,short_term_deposit_rate,3 aya kadar vadeli TL mevduat faiz oranini alternatif getiri kanali olarak izlemek,"3 Aya Kadar Vadeli (TL Mevduat, Akım, %)","Up to 3 Months (TRY Deposits, Flow, %)",bie_mt100h,HAFTALIK(CUMA),Ağırlıklı ortalama,avg,Mevduat Bankaları,raw/TP_TRY_MT02_2025-01-01_2025-12-31_request.json,298d58e221bc3e41b1c15b3ae02c99e71cf4541bf52b62856dea37b5799f4d41,raw/TP_TRY_MT02_2025-01-01_2025-12-31_response.json.gz,1416fbd15c1c71971c23083496da1ecc127b5410a42562c9d4c8da479fbc4868,observed,within_series_coverage,False,False
TP.TRY.MT02,2025-05-02,2025-05-02,2025-05-02,02-05-2025,18,57.9,57.90000000,False,1746133200,short_term_deposit_rate,3 aya kadar vadeli TL mevduat faiz oranini alternatif getiri kanali olarak izlemek,"3 Aya Kadar Vadeli (TL Mevduat, Akım, %)","Up to 3 Months (TRY Deposits, Flow, %)",bie_mt100h,HAFTALIK(CUMA),Ağırlıklı ortalama,avg,Mevduat Bankaları,raw/TP_TRY_MT02_2025-01-01_2025-12-31_request.json,298d58e221bc3e41b1c15b3ae02c99e71cf4541bf52b62856dea37b5799f4d41,raw/TP_TRY_MT02_2025-01-01_2025-12-31_response.json.gz,1416fbd15c1c71971c23083496da1ecc127b5410a42562c9d4c8da479fbc4868,observed,within_series_coverage,False,False
TP.TRY.MT02,2025-05-09,2025-05-09,2025-05-09,09-05-2025,19,58.3,58.30000000,False,1746738000,short_term_deposit_rate,3 aya kadar vadeli TL mevduat faiz oranini alternatif getiri kanali olarak izlemek,"3 Aya Kadar Vadeli (TL Mevduat, Akım, %)","Up to 3 Months (TRY Deposits, Flow, %)",bie_mt100h,HAFTALIK(CUMA),Ağırlıklı ortalama,avg,Mevduat Bankaları,raw/TP_TRY_MT02_2025-01-01_2025-12-31_request.json,298d58e221bc3e41b1c15b3ae02c99e71cf4541bf52b62856dea37b5799f4d41,raw/TP_TRY_MT02_2025-01-01_2025-12-31_response.json.gz,1416fbd15c1c71971c23083496da1ecc127b5410a42562c9d4c8da479fbc4868,observed,within_series_coverage,False,False
TP.TRY.MT02,2025-05-16,2025-05-16,2025-05-16,16-05-2025,20,59.24,59.24000000,False,1747342800,short_term_deposit_rate,3 aya kadar vadeli TL mevduat faiz oranini alternatif getiri kanali olarak izlemek,"3 Aya Kadar Vadeli (TL Mevduat, Akım, %)","Up to 3 Months (TRY Deposits, Flow, %)",bie_mt100h,HAFTALIK(CUMA),Ağırlıklı ortalama,avg,Mevduat Bankaları,raw/TP_TRY_MT02_2025-01-01_2025-12-31_request.json,298d58e221bc3e41b1c15b3ae02c99e71cf4541bf52b62856dea37b5799f4d41,raw/TP_TRY_MT02_2025-01-01_2025-12-31_response.json.gz,1416fbd15c1c71971c23083496da1ecc127b5410a42562c9d4c8da479fbc4868,observed,within_series_coverage,False,False
TP.TRY.MT02,2025-05-23,2025-05-23,2025-05-23,23-05-2025,21,59.21,59.21000000,False,1747947600,short_term_deposit_rate,3 aya kadar vadeli TL mevduat faiz oranini alternatif getiri kanali olarak izlemek,"3 Aya Kadar Vadeli (TL Mevduat, Akım, %)","Up to 3 Months (TRY Deposits, Flow, %)",bie_mt100h,HAFTALIK(CUMA),Ağırlıklı ortalama,avg,Mevduat Bankaları,raw/TP_TRY_MT02_2025-01-01_2025-12-31_request.json,298d58e221bc3e41b1c15b3ae02c99e71cf4541bf52b62856dea37b5799f4d41,raw/TP_TRY_MT02_2025-01-01_2025-12-31_response.json.gz,1416fbd15c1c71971c23083496da1ecc127b5410a42562c9d4c8da479fbc4868,observed,within_series_coverage,False,False
TP.TRY.MT02,2025-05-30,2025-05-30,2025-05-30,30-05-2025,22,59.32,59.32000000,False,1748552400,short_term_deposit_rate,3 aya kadar vadeli TL mevduat faiz oranini alternatif getiri kanali olarak izlemek,"3 Aya Kadar Vadeli (TL Mevduat, Akım, %)","Up to 3 Months (TRY Deposits, Flow, %)",bie_mt100h,HAFTALIK(CUMA),Ağırlıklı ortalama,avg,Mevduat Bankaları,raw/TP_TRY_MT02_2025-01-01_2025-12-31_request.json,298d58e221bc3e41b1c15b3ae02c99e71cf4541bf52b62856dea37b5799f4d41,raw/TP_TRY_MT02_2025-01-01_2025-12-31_response.json.gz,1416fbd15c1c71971c23083496da1ecc127b5410a42562c9d4c8da479fbc4868,observed,within_series_coverage,False,False
TP.TRY.MT02,2025-06-06,2025-06-06,2025-06-06,06-06-2025,23,59.6,59.60000000,False,1749157200,short_term_deposit_rate,3 aya kadar vadeli TL mevduat faiz oranini alternatif getiri kanali olarak izlemek,"3 Aya Kadar Vadeli (TL Mevduat, Akım, %)","Up to 3 Months (TRY Deposits, Flow, %)",bie_mt100h,HAFTALIK(CUMA),Ağırlıklı ortalama,avg,Mevduat Bankaları,raw/TP_TRY_MT02_2025-01-01_2025-12-31_request.json,298d58e221bc3e41b1c15b3ae02c99e71cf4541bf52b62856dea37b5799f4d41,raw/TP_TRY_MT02_2025-01-01_2025-12-31_response.json.gz,1416fbd15c1c71971c23083496da1ecc127b5410a42562c9d4c8da479fbc4868,observed,within_series_coverage,False,False
TP.TRY.MT02,2025-06-13,2025-06-13,2025-06-13,13-06-2025,24,58.64,58.64000000,False,1749762000,short_term_deposit_rate,3 aya kadar vadeli TL mevduat faiz oranini alternatif getiri kanali olarak izlemek,"3 Aya Kadar Vadeli (TL Mevduat, Akım, %)","Up to 3 Months (TRY Deposits, Flow, %)",bie_mt100h,HAFTALIK(CUMA),Ağırlıklı ortalama,avg,Mevduat Bankaları,raw/TP_TRY_MT02_2025-01-01_2025-12-31_request.json,298d58e221bc3e41b1c15b3ae02c99e71cf4541bf52b62856dea37b5799f4d41,raw/TP_TRY_MT02_2025-01-01_2025-12-31_response.json.gz,1416fbd15c1c71971c23083496da1ecc127b5410a42562c9d4c8da479fbc4868,observed,within_series_coverage,False,False
TP.TRY.MT02,2025-06-20,2025-06-20,2025-06-20,20-06-2025,25,58.59,58.59000000,False,1750366800,short_term_deposit_rate,3 aya kadar vadeli TL mevduat faiz oranini alternatif getiri kanali olarak izlemek,"3 Aya Kadar Vadeli (TL Mevduat, Akım, %)","Up to 3 Months (TRY Deposits, Flow, %)",bie_mt100h,HAFTALIK(CUMA),Ağırlıklı ortalama,avg,Mevduat Bankaları,raw/TP_TRY_MT02_2025-01-01_2025-12-31_request.json,298d58e221bc3e41b1c15b3ae02c99e71cf4541bf52b62856dea37b5799f4d41,raw/TP_TRY_MT02_2025-01-01_2025-12-31_response.json.gz,1416fbd15c1c71971c23083496da1ecc127b5410a42562c9d4c8da479fbc4868,observed,within_series_coverage,False,False
TP.TRY.MT02,2025-06-27,2025-06-27,2025-06-27,27-06-2025,26,57.8,57.80000000,False,1750971600,short_term_deposit_rate,3 aya kadar vadeli TL mevduat faiz oranini alternatif getiri kanali olarak izlemek,"3 Aya Kadar Vadeli (TL Mevduat, Akım, %)","Up to 3 Months (TRY Deposits, Flow, %)",bie_mt100h,HAFTALIK(CUMA),Ağırlıklı ortalama,avg,Mevduat Bankaları,raw/TP_TRY_MT02_2025-01-01_2025-12-31_request.json,298d58e221bc3e41b1c15b3ae02c99e71cf4541bf52b62856dea37b5799f4d41,raw/TP_TRY_MT02_2025-01-01_2025-12-31_response.json.gz,1416fbd15c1c71971c23083496da1ecc127b5410a42562c9d4c8da479fbc4868,observed,within_series_coverage,False,False
TP.TRY.MT02,2025-07-04,2025-07-04,2025-07-04,04-07-2025,27,57.86,57.86000000,False,1751576400,short_term_deposit_rate,3 aya kadar vadeli TL mevduat faiz oranini alternatif getiri kanali olarak izlemek,"3 Aya Kadar Vadeli (TL Mevduat, Akım, %)","Up to 3 Months (TRY Deposits, Flow, %)",bie_mt100h,HAFTALIK(CUMA),Ağırlıklı ortalama,avg,Mevduat Bankaları,raw/TP_TRY_MT02_2025-01-01_2025-12-31_request.json,298d58e221bc3e41b1c15b3ae02c99e71cf4541bf52b62856dea37b5799f4d41,raw/TP_TRY_MT02_2025-01-01_2025-12-31_response.json.gz,1416fbd15c1c71971c23083496da1ecc127b5410a42562c9d4c8da479fbc4868,observed,within_series_coverage,False,False
TP.TRY.MT02,2025-07-11,2025-07-11,2025-07-11,11-07-2025,28,57.03,57.03000000,False,1752181200,short_term_deposit_rate,3 aya kadar vadeli TL mevduat faiz oranini alternatif getiri kanali olarak izlemek,"3 Aya Kadar Vadeli (TL Mevduat, Akım, %)","Up to 3 Months (TRY Deposits, Flow, %)",bie_mt100h,HAFTALIK(CUMA),Ağırlıklı ortalama,avg,Mevduat Bankaları,raw/TP_TRY_MT02_2025-01-01_2025-12-31_request.json,298d58e221bc3e41b1c15b3ae02c99e71cf4541bf52b62856dea37b5799f4d41,raw/TP_TRY_MT02_2025-01-01_2025-12-31_response.json.gz,1416fbd15c1c71971c23083496da1ecc127b5410a42562c9d4c8da479fbc4868,observed,within_series_coverage,False,False
TP.TRY.MT02,2025-07-18,2025-07-18,2025-07-18,18-07-2025,29,56.66,56.66000000,False,1752786000,short_term_deposit_rate,3 aya kadar vadeli TL mevduat faiz oranini alternatif getiri kanali olarak izlemek,"3 Aya Kadar Vadeli (TL Mevduat, Akım, %)","Up to 3 Months (TRY Deposits, Flow, %)",bie_mt100h,HAFTALIK(CUMA),Ağırlıklı ortalama,avg,Mevduat Bankaları,raw/TP_TRY_MT02_2025-01-01_2025-12-31_request.json,298d58e221bc3e41b1c15b3ae02c99e71cf4541bf52b62856dea37b5799f4d41,raw/TP_TRY_MT02_2025-01-01_2025-12-31_response.json.gz,1416fbd15c1c71971c23083496da1ecc127b5410a42562c9d4c8da479fbc4868,observed,within_series_coverage,False,False
TP.TRY.MT02,2025-07-25,2025-07-25,2025-07-25,25-07-2025,30,54.97,54.97000000,False,1753390800,short_term_deposit_rate,3 aya kadar vadeli TL mevduat faiz oranini alternatif getiri kanali olarak izlemek,"3 Aya Kadar Vadeli (TL Mevduat, Akım, %)","Up to 3 Months (TRY Deposits, Flow, %)",bie_mt100h,HAFTALIK(CUMA),Ağırlıklı ortalama,avg,Mevduat Bankaları,raw/TP_TRY_MT02_2025-01-01_2025-12-31_request.json,298d58e221bc3e41b1c15b3ae02c99e71cf4541bf52b62856dea37b5799f4d41,raw/TP_TRY_MT02_2025-01-01_2025-12-31_response.json.gz,1416fbd15c1c71971c23083496da1ecc127b5410a42562c9d4c8da479fbc4868,observed,within_series_coverage,False,False
TP.TRY.MT02,2025-08-01,2025-08-01,2025-08-01,01-08-2025,31,52.56,52.56000000,False,1753995600,short_term_deposit_rate,3 aya kadar vadeli TL mevduat faiz oranini alternatif getiri kanali olarak izlemek,"3 Aya Kadar Vadeli (TL Mevduat, Akım, %)","Up to 3 Months (TRY Deposits, Flow, %)",bie_mt100h,HAFTALIK(CUMA),Ağırlıklı ortalama,avg,Mevduat Bankaları,raw/TP_TRY_MT02_2025-01-01_2025-12-31_request.json,298d58e221bc3e41b1c15b3ae02c99e71cf4541bf52b62856dea37b5799f4d41,raw/TP_TRY_MT02_2025-01-01_2025-12-31_response.json.gz,1416fbd15c1c71971c23083496da1ecc127b5410a42562c9d4c8da479fbc4868,observed,within_series_coverage,False,False
TP.TRY.MT02,2025-08-08,2025-08-08,2025-08-08,08-08-2025,32,52.32,52.32000000,False,1754600400,short_term_deposit_rate,3 aya kadar vadeli TL mevduat faiz oranini alternatif getiri kanali olarak izlemek,"3 Aya Kadar Vadeli (TL Mevduat, Akım, %)","Up to 3 Months (TRY Deposits, Flow, %)",bie_mt100h,HAFTALIK(CUMA),Ağırlıklı ortalama,avg,Mevduat Bankaları,raw/TP_TRY_MT02_2025-01-01_2025-12-31_request.json,298d58e221bc3e41b1c15b3ae02c99e71cf4541bf52b62856dea37b5799f4d41,raw/TP_TRY_MT02_2025-01-01_2025-12-31_response.json.gz,1416fbd15c1c71971c23083496da1ecc127b5410a42562c9d4c8da479fbc4868,observed,within_series_coverage,False,False
TP.TRY.MT02,2025-08-15,2025-08-15,2025-08-15,15-08-2025,33,51.55,51.55000000,False,1755205200,short_term_deposit_rate,3 aya kadar vadeli TL mevduat faiz oranini alternatif getiri kanali olarak izlemek,"3 Aya Kadar Vadeli (TL Mevduat, Akım, %)","Up to 3 Months (TRY Deposits, Flow, %)",bie_mt100h,HAFTALIK(CUMA),Ağırlıklı ortalama,avg,Mevduat Bankaları,raw/TP_TRY_MT02_2025-01-01_2025-12-31_request.json,298d58e221bc3e41b1c15b3ae02c99e71cf4541bf52b62856dea37b5799f4d41,raw/TP_TRY_MT02_2025-01-01_2025-12-31_response.json.gz,1416fbd15c1c71971c23083496da1ecc127b5410a42562c9d4c8da479fbc4868,observed,within_series_coverage,False,False
TP.TRY.MT02,2025-08-22,2025-08-22,2025-08-22,22-08-2025,34,51.68,51.68000000,False,1755810000,short_term_deposit_rate,3 aya kadar vadeli TL mevduat faiz oranini alternatif getiri kanali olarak izlemek,"3 Aya Kadar Vadeli (TL Mevduat, Akım, %)","Up to 3 Months (TRY Deposits, Flow, %)",bie_mt100h,HAFTALIK(CUMA),Ağırlıklı ortalama,avg,Mevduat Bankaları,raw/TP_TRY_MT02_2025-01-01_2025-12-31_request.json,298d58e221bc3e41b1c15b3ae02c99e71cf4541bf52b62856dea37b5799f4d41,raw/TP_TRY_MT02_2025-01-01_2025-12-31_response.json.gz,1416fbd15c1c71971c23083496da1ecc127b5410a42562c9d4c8da479fbc4868,observed,within_series_coverage,False,False
TP.TRY.MT02,2025-08-29,2025-08-29,2025-08-29,29-08-2025,35,51.64,51.64000000,False,1756414800,short_term_deposit_rate,3 aya kadar vadeli TL mevduat faiz oranini alternatif getiri kanali olarak izlemek,"3 Aya Kadar Vadeli (TL Mevduat, Akım, %)","Up to 3 Months (TRY Deposits, Flow, %)",bie_mt100h,HAFTALIK(CUMA),Ağırlıklı ortalama,avg,Mevduat Bankaları,raw/TP_TRY_MT02_2025-01-01_2025-12-31_request.json,298d58e221bc3e41b1c15b3ae02c99e71cf4541bf52b62856dea37b5799f4d41,raw/TP_TRY_MT02_2025-01-01_2025-12-31_response.json.gz,1416fbd15c1c71971c23083496da1ecc127b5410a42562c9d4c8da479fbc4868,observed,within_series_coverage,False,False
TP.TRY.MT02,2025-09-05,2025-09-05,2025-09-05,05-09-2025,36,51.0,51.00000000,False,1757019600,short_term_deposit_rate,3 aya kadar vadeli TL mevduat faiz oranini alternatif getiri kanali olarak izlemek,"3 Aya Kadar Vadeli (TL Mevduat, Akım, %)","Up to 3 Months (TRY Deposits, Flow, %)",bie_mt100h,HAFTALIK(CUMA),Ağırlıklı ortalama,avg,Mevduat Bankaları,raw/TP_TRY_MT02_2025-01-01_2025-12-31_request.json,298d58e221bc3e41b1c15b3ae02c99e71cf4541bf52b62856dea37b5799f4d41,raw/TP_TRY_MT02_2025-01-01_2025-12-31_response.json.gz,1416fbd15c1c71971c23083496da1ecc127b5410a42562c9d4c8da479fbc4868,observed,within_series_coverage,False,False
TP.TRY.MT02,2025-09-12,2025-09-12,2025-09-12,12-09-2025,37,50.89,50.89000000,False,1757624400,short_term_deposit_rate,3 aya kadar vadeli TL mevduat faiz oranini alternatif getiri kanali olarak izlemek,"3 Aya Kadar Vadeli (TL Mevduat, Akım, %)","Up to 3 Months (TRY Deposits, Flow, %)",bie_mt100h,HAFTALIK(CUMA),Ağırlıklı ortalama,avg,Mevduat Bankaları,raw/TP_TRY_MT02_2025-01-01_2025-12-31_request.json,298d58e221bc3e41b1c15b3ae02c99e71cf4541bf52b62856dea37b5799f4d41,raw/TP_TRY_MT02_2025-01-01_2025-12-31_response.json.gz,1416fbd15c1c71971c23083496da1ecc127b5410a42562c9d4c8da479fbc4868,observed,within_series_coverage,False,False
TP.TRY.MT02,2025-09-19,2025-09-19,2025-09-19,19-09-2025,38,49.49,49.49000000,False,1758229200,short_term_deposit_rate,3 aya kadar vadeli TL mevduat faiz oranini alternatif getiri kanali olarak izlemek,"3 Aya Kadar Vadeli (TL Mevduat, Akım, %)","Up to 3 Months (TRY Deposits, Flow, %)",bie_mt100h,HAFTALIK(CUMA),Ağırlıklı ortalama,avg,Mevduat Bankaları,raw/TP_TRY_MT02_2025-01-01_2025-12-31_request.json,298d58e221bc3e41b1c15b3ae02c99e71cf4541bf52b62856dea37b5799f4d41,raw/TP_TRY_MT02_2025-01-01_2025-12-31_response.json.gz,1416fbd15c1c71971c23083496da1ecc127b5410a42562c9d4c8da479fbc4868,observed,within_series_coverage,False,False
TP.TRY.MT02,2025-09-26,2025-09-26,2025-09-26,26-09-2025,39,50.24,50.24000000,False,1758834000,short_term_deposit_rate,3 aya kadar vadeli TL mevduat faiz oranini alternatif getiri kanali olarak izlemek,"3 Aya Kadar Vadeli (TL Mevduat, Akım, %)","Up to 3 Months (TRY Deposits, Flow, %)",bie_mt100h,HAFTALIK(CUMA),Ağırlıklı ortalama,avg,Mevduat Bankaları,raw/TP_TRY_MT02_2025-01-01_2025-12-31_request.json,298d58e221bc3e41b1c15b3ae02c99e71cf4541bf52b62856dea37b5799f4d41,raw/TP_TRY_MT02_2025-01-01_2025-12-31_response.json.gz,1416fbd15c1c71971c23083496da1ecc127b5410a42562c9d4c8da479fbc4868,observed,within_series_coverage,False,False
TP.TRY.MT02,2025-10-03,2025-10-03,2025-10-03,03-10-2025,40,49.95,49.95000000,False,1759438800,short_term_deposit_rate,3 aya kadar vadeli TL mevduat faiz oranini alternatif getiri kanali olarak izlemek,"3 Aya Kadar Vadeli (TL Mevduat, Akım, %)","Up to 3 Months (TRY Deposits, Flow, %)",bie_mt100h,HAFTALIK(CUMA),Ağırlıklı ortalama,avg,Mevduat Bankaları,raw/TP_TRY_MT02_2025-01-01_2025-12-31_request.json,298d58e221bc3e41b1c15b3ae02c99e71cf4541bf52b62856dea37b5799f4d41,raw/TP_TRY_MT02_2025-01-01_2025-12-31_response.json.gz,1416fbd15c1c71971c23083496da1ecc127b5410a42562c9d4c8da479fbc4868,observed,within_series_coverage,False,False
TP.TRY.MT02,2025-10-10,2025-10-10,2025-10-10,10-10-2025,41,49.82,49.82000000,False,1760043600,short_term_deposit_rate,3 aya kadar vadeli TL mevduat faiz oranini alternatif getiri kanali olarak izlemek,"3 Aya Kadar Vadeli (TL Mevduat, Akım, %)","Up to 3 Months (TRY Deposits, Flow, %)",bie_mt100h,HAFTALIK(CUMA),Ağırlıklı ortalama,avg,Mevduat Bankaları,raw/TP_TRY_MT02_2025-01-01_2025-12-31_request.json,298d58e221bc3e41b1c15b3ae02c99e71cf4541bf52b62856dea37b5799f4d41,raw/TP_TRY_MT02_2025-01-01_2025-12-31_response.json.gz,1416fbd15c1c71971c23083496da1ecc127b5410a42562c9d4c8da479fbc4868,observed,within_series_coverage,False,False
TP.TRY.MT02,2025-10-17,2025-10-17,2025-10-17,17-10-2025,42,50.14,50.14000000,False,1760648400,short_term_deposit_rate,3 aya kadar vadeli TL mevduat faiz oranini alternatif getiri kanali olarak izlemek,"3 Aya Kadar Vadeli (TL Mevduat, Akım, %)","Up to 3 Months (TRY Deposits, Flow, %)",bie_mt100h,HAFTALIK(CUMA),Ağırlıklı ortalama,avg,Mevduat Bankaları,raw/TP_TRY_MT02_2025-01-01_2025-12-31_request.json,298d58e221bc3e41b1c15b3ae02c99e71cf4541bf52b62856dea37b5799f4d41,raw/TP_TRY_MT02_2025-01-01_2025-12-31_response.json.gz,1416fbd15c1c71971c23083496da1ecc127b5410a42562c9d4c8da479fbc4868,observed,within_series_coverage,False,False
TP.TRY.MT02,2025-10-24,2025-10-24,2025-10-24,24-10-2025,43,49.89,49.89000000,False,1761253200,short_term_deposit_rate,3 aya kadar vadeli TL mevduat faiz oranini alternatif getiri kanali olarak izlemek,"3 Aya Kadar Vadeli (TL Mevduat, Akım, %)","Up to 3 Months (TRY Deposits, Flow, %)",bie_mt100h,HAFTALIK(CUMA),Ağırlıklı ortalama,avg,Mevduat Bankaları,raw/TP_TRY_MT02_2025-01-01_2025-12-31_request.json,298d58e221bc3e41b1c15b3ae02c99e71cf4541bf52b62856dea37b5799f4d41,raw/TP_TRY_MT02_2025-01-01_2025-12-31_response.json.gz,1416fbd15c1c71971c23083496da1ecc127b5410a42562c9d4c8da479fbc4868,observed,within_series_coverage,False,False
TP.TRY.MT02,2025-10-31,2025-10-31,2025-10-31,31-10-2025,44,48.13,48.13000000,False,1761858000,short_term_deposit_rate,3 aya kadar vadeli TL mevduat faiz oranini alternatif getiri kanali olarak izlemek,"3 Aya Kadar Vadeli (TL Mevduat, Akım, %)","Up to 3 Months (TRY Deposits, Flow, %)",bie_mt100h,HAFTALIK(CUMA),Ağırlıklı ortalama,avg,Mevduat Bankaları,raw/TP_TRY_MT02_2025-01-01_2025-12-31_request.json,298d58e221bc3e41b1c15b3ae02c99e71cf4541bf52b62856dea37b5799f4d41,raw/TP_TRY_MT02_2025-01-01_2025-12-31_response.json.gz,1416fbd15c1c71971c23083496da1ecc127b5410a42562c9d4c8da479fbc4868,observed,within_series_coverage,False,False
TP.TRY.MT02,2025-11-07,2025-11-07,2025-11-07,07-11-2025,45,48.1,48.10000000,False,1762462800,short_term_deposit_rate,3 aya kadar vadeli TL mevduat faiz oranini alternatif getiri kanali olarak izlemek,"3 Aya Kadar Vadeli (TL Mevduat, Akım, %)","Up to 3 Months (TRY Deposits, Flow, %)",bie_mt100h,HAFTALIK(CUMA),Ağırlıklı ortalama,avg,Mevduat Bankaları,raw/TP_TRY_MT02_2025-01-01_2025-12-31_request.json,298d58e221bc3e41b1c15b3ae02c99e71cf4541bf52b62856dea37b5799f4d41,raw/TP_TRY_MT02_2025-01-01_2025-12-31_response.json.gz,1416fbd15c1c71971c23083496da1ecc127b5410a42562c9d4c8da479fbc4868,observed,within_series_coverage,False,False
TP.TRY.MT02,2025-11-14,2025-11-14,2025-11-14,14-11-2025,46,47.58,47.58000000,False,1763067600,short_term_deposit_rate,3 aya kadar vadeli TL mevduat faiz oranini alternatif getiri kanali olarak izlemek,"3 Aya Kadar Vadeli (TL Mevduat, Akım, %)","Up to 3 Months (TRY Deposits, Flow, %)",bie_mt100h,HAFTALIK(CUMA),Ağırlıklı ortalama,avg,Mevduat Bankaları,raw/TP_TRY_MT02_2025-01-01_2025-12-31_request.json,298d58e221bc3e41b1c15b3ae02c99e71cf4541bf52b62856dea37b5799f4d41,raw/TP_TRY_MT02_2025-01-01_2025-12-31_response.json.gz,1416fbd15c1c71971c23083496da1ecc127b5410a42562c9d4c8da479fbc4868,observed,within_series_coverage,False,False
TP.TRY.MT02,2025-11-21,2025-11-21,2025-11-21,21-11-2025,47,47.91,47.91000000,False,1763672400,short_term_deposit_rate,3 aya kadar vadeli TL mevduat faiz oranini alternatif getiri kanali olarak izlemek,"3 Aya Kadar Vadeli (TL Mevduat, Akım, %)","Up to 3 Months (TRY Deposits, Flow, %)",bie_mt100h,HAFTALIK(CUMA),Ağırlıklı ortalama,avg,Mevduat Bankaları,raw/TP_TRY_MT02_2025-01-01_2025-12-31_request.json,298d58e221bc3e41b1c15b3ae02c99e71cf4541bf52b62856dea37b5799f4d41,raw/TP_TRY_MT02_2025-01-01_2025-12-31_response.json.gz,1416fbd15c1c71971c23083496da1ecc127b5410a42562c9d4c8da479fbc4868,observed,within_series_coverage,False,False
TP.TRY.MT02,2025-11-28,2025-11-28,2025-11-28,28-11-2025,48,47.84,47.84000000,False,1764277200,short_term_deposit_rate,3 aya kadar vadeli TL mevduat faiz oranini alternatif getiri kanali olarak izlemek,"3 Aya Kadar Vadeli (TL Mevduat, Akım, %)","Up to 3 Months (TRY Deposits, Flow, %)",bie_mt100h,HAFTALIK(CUMA),Ağırlıklı ortalama,avg,Mevduat Bankaları,raw/TP_TRY_MT02_2025-01-01_2025-12-31_request.json,298d58e221bc3e41b1c15b3ae02c99e71cf4541bf52b62856dea37b5799f4d41,raw/TP_TRY_MT02_2025-01-01_2025-12-31_response.json.gz,1416fbd15c1c71971c23083496da1ecc127b5410a42562c9d4c8da479fbc4868,observed,within_series_coverage,False,False
TP.TRY.MT02,2025-12-05,2025-12-05,2025-12-05,05-12-2025,49,47.74,47.74000000,False,1764882000,short_term_deposit_rate,3 aya kadar vadeli TL mevduat faiz oranini alternatif getiri kanali olarak izlemek,"3 Aya Kadar Vadeli (TL Mevduat, Akım, %)","Up to 3 Months (TRY Deposits, Flow, %)",bie_mt100h,HAFTALIK(CUMA),Ağırlıklı ortalama,avg,Mevduat Bankaları,raw/TP_TRY_MT02_2025-01-01_2025-12-31_request.json,298d58e221bc3e41b1c15b3ae02c99e71cf4541bf52b62856dea37b5799f4d41,raw/TP_TRY_MT02_2025-01-01_2025-12-31_response.json.gz,1416fbd15c1c71971c23083496da1ecc127b5410a42562c9d4c8da479fbc4868,observed,within_series_coverage,False,False
TP.TRY.MT02,2025-12-12,2025-12-12,2025-12-12,12-12-2025,50,46.92,46.92000000,False,1765486800,short_term_deposit_rate,3 aya kadar vadeli TL mevduat faiz oranini alternatif getiri kanali olarak izlemek,"3 Aya Kadar Vadeli (TL Mevduat, Akım, %)","Up to 3 Months (TRY Deposits, Flow, %)",bie_mt100h,HAFTALIK(CUMA),Ağırlıklı ortalama,avg,Mevduat Bankaları,raw/TP_TRY_MT02_2025-01-01_2025-12-31_request.json,298d58e221bc3e41b1c15b3ae02c99e71cf4541bf52b62856dea37b5799f4d41,raw/TP_TRY_MT02_2025-01-01_2025-12-31_response.json.gz,1416fbd15c1c71971c23083496da1ecc127b5410a42562c9d4c8da479fbc4868,observed,within_series_coverage,False,False
TP.TRY.MT02,2025-12-19,2025-12-19,2025-12-19,19-12-2025,51,46.15,46.15000000,False,1766091600,short_term_deposit_rate,3 aya kadar vadeli TL mevduat faiz oranini alternatif getiri kanali olarak izlemek,"3 Aya Kadar Vadeli (TL Mevduat, Akım, %)","Up to 3 Months (TRY Deposits, Flow, %)",bie_mt100h,HAFTALIK(CUMA),Ağırlıklı ortalama,avg,Mevduat Bankaları,raw/TP_TRY_MT02_2025-01-01_2025-12-31_request.json,298d58e221bc3e41b1c15b3ae02c99e71cf4541bf52b62856dea37b5799f4d41,raw/TP_TRY_MT02_2025-01-01_2025-12-31_response.json.gz,1416fbd15c1c71971c23083496da1ecc127b5410a42562c9d4c8da479fbc4868,observed,within_series_coverage,False,False
TP.TRY.MT02,2025-12-26,2025-12-26,2025-12-26,26-12-2025,52,45.73,45.73000000,False,1766696400,short_term_deposit_rate,3 aya kadar vadeli TL mevduat faiz oranini alternatif getiri kanali olarak izlemek,"3 Aya Kadar Vadeli (TL Mevduat, Akım, %)","Up to 3 Months (TRY Deposits, Flow, %)",bie_mt100h,HAFTALIK(CUMA),Ağırlıklı ortalama,avg,Mevduat Bankaları,raw/TP_TRY_MT02_2025-01-01_2025-12-31_request.json,298d58e221bc3e41b1c15b3ae02c99e71cf4541bf52b62856dea37b5799f4d41,raw/TP_TRY_MT02_2025-01-01_2025-12-31_response.json.gz,1416fbd15c1c71971c23083496da1ecc127b5410a42562c9d4c8da479fbc4868,observed,within_series_coverage,False,False
TP.TRY.MT02,2026-01-02,2026-01-02,2026-01-02,02-01-2026,1,46.09,46.09000000,False,1767301200,short_term_deposit_rate,3 aya kadar vadeli TL mevduat faiz oranini alternatif getiri kanali olarak izlemek,"3 Aya Kadar Vadeli (TL Mevduat, Akım, %)","Up to 3 Months (TRY Deposits, Flow, %)",bie_mt100h,HAFTALIK(CUMA),Ağırlıklı ortalama,avg,Mevduat Bankaları,raw/TP_TRY_MT02_2026-01-01_2026-06-30_request.json,169ae7734ba1015313741800350ac98d019b0955fc6d497ae2932eb473997c6d,raw/TP_TRY_MT02_2026-01-01_2026-06-30_response.json.gz,906a35896741cdc3a06964000b3520bedfa8af6930b0dba1893d7571e4b5f5eb,observed,within_series_coverage,False,False
TP.TRY.MT02,2026-01-09,2026-01-09,2026-01-09,09-01-2026,2,45.79,45.79000000,False,1767906000,short_term_deposit_rate,3 aya kadar vadeli TL mevduat faiz oranini alternatif getiri kanali olarak izlemek,"3 Aya Kadar Vadeli (TL Mevduat, Akım, %)","Up to 3 Months (TRY Deposits, Flow, %)",bie_mt100h,HAFTALIK(CUMA),Ağırlıklı ortalama,avg,Mevduat Bankaları,raw/TP_TRY_MT02_2026-01-01_2026-06-30_request.json,169ae7734ba1015313741800350ac98d019b0955fc6d497ae2932eb473997c6d,raw/TP_TRY_MT02_2026-01-01_2026-06-30_response.json.gz,906a35896741cdc3a06964000b3520bedfa8af6930b0dba1893d7571e4b5f5eb,observed,within_series_coverage,False,False
TP.TRY.MT02,2026-01-16,2026-01-16,2026-01-16,16-01-2026,3,46.21,46.21000000,False,1768510800,short_term_deposit_rate,3 aya kadar vadeli TL mevduat faiz oranini alternatif getiri kanali olarak izlemek,"3 Aya Kadar Vadeli (TL Mevduat, Akım, %)","Up to 3 Months (TRY Deposits, Flow, %)",bie_mt100h,HAFTALIK(CUMA),Ağırlıklı ortalama,avg,Mevduat Bankaları,raw/TP_TRY_MT02_2026-01-01_2026-06-30_request.json,169ae7734ba1015313741800350ac98d019b0955fc6d497ae2932eb473997c6d,raw/TP_TRY_MT02_2026-01-01_2026-06-30_response.json.gz,906a35896741cdc3a06964000b3520bedfa8af6930b0dba1893d7571e4b5f5eb,observed,within_series_coverage,False,False
TP.TRY.MT02,2026-01-23,2026-01-23,2026-01-23,23-01-2026,4,45.09,45.09000000,False,1769115600,short_term_deposit_rate,3 aya kadar vadeli TL mevduat faiz oranini alternatif getiri kanali olarak izlemek,"3 Aya Kadar Vadeli (TL Mevduat, Akım, %)","Up to 3 Months (TRY Deposits, Flow, %)",bie_mt100h,HAFTALIK(CUMA),Ağırlıklı ortalama,avg,Mevduat Bankaları,raw/TP_TRY_MT02_2026-01-01_2026-06-30_request.json,169ae7734ba1015313741800350ac98d019b0955fc6d497ae2932eb473997c6d,raw/TP_TRY_MT02_2026-01-01_2026-06-30_response.json.gz,906a35896741cdc3a06964000b3520bedfa8af6930b0dba1893d7571e4b5f5eb,observed,within_series_coverage,False,False
TP.TRY.MT02,2026-01-30,2026-01-30,2026-01-30,30-01-2026,5,44.38,44.38000000,False,1769720400,short_term_deposit_rate,3 aya kadar vadeli TL mevduat faiz oranini alternatif getiri kanali olarak izlemek,"3 Aya Kadar Vadeli (TL Mevduat, Akım, %)","Up to 3 Months (TRY Deposits, Flow, %)",bie_mt100h,HAFTALIK(CUMA),Ağırlıklı ortalama,avg,Mevduat Bankaları,raw/TP_TRY_MT02_2026-01-01_2026-06-30_request.json,169ae7734ba1015313741800350ac98d019b0955fc6d497ae2932eb473997c6d,raw/TP_TRY_MT02_2026-01-01_2026-06-30_response.json.gz,906a35896741cdc3a06964000b3520bedfa8af6930b0dba1893d7571e4b5f5eb,observed,within_series_coverage,False,False
TP.TRY.MT02,2026-02-06,2026-02-06,2026-02-06,06-02-2026,6,44.8,44.80000000,False,1770325200,short_term_deposit_rate,3 aya kadar vadeli TL mevduat faiz oranini alternatif getiri kanali olarak izlemek,"3 Aya Kadar Vadeli (TL Mevduat, Akım, %)","Up to 3 Months (TRY Deposits, Flow, %)",bie_mt100h,HAFTALIK(CUMA),Ağırlıklı ortalama,avg,Mevduat Bankaları,raw/TP_TRY_MT02_2026-01-01_2026-06-30_request.json,169ae7734ba1015313741800350ac98d019b0955fc6d497ae2932eb473997c6d,raw/TP_TRY_MT02_2026-01-01_2026-06-30_response.json.gz,906a35896741cdc3a06964000b3520bedfa8af6930b0dba1893d7571e4b5f5eb,observed,within_series_coverage,False,False
TP.TRY.MT02,2026-02-13,2026-02-13,2026-02-13,13-02-2026,7,44.65,44.65000000,False,1770930000,short_term_deposit_rate,3 aya kadar vadeli TL mevduat faiz oranini alternatif getiri kanali olarak izlemek,"3 Aya Kadar Vadeli (TL Mevduat, Akım, %)","Up to 3 Months (TRY Deposits, Flow, %)",bie_mt100h,HAFTALIK(CUMA),Ağırlıklı ortalama,avg,Mevduat Bankaları,raw/TP_TRY_MT02_2026-01-01_2026-06-30_request.json,169ae7734ba1015313741800350ac98d019b0955fc6d497ae2932eb473997c6d,raw/TP_TRY_MT02_2026-01-01_2026-06-30_response.json.gz,906a35896741cdc3a06964000b3520bedfa8af6930b0dba1893d7571e4b5f5eb,observed,within_series_coverage,False,False
TP.TRY.MT02,2026-02-20,2026-02-20,2026-02-20,20-02-2026,8,44.8,44.80000000,False,1771534800,short_term_deposit_rate,3 aya kadar vadeli TL mevduat faiz oranini alternatif getiri kanali olarak izlemek,"3 Aya Kadar Vadeli (TL Mevduat, Akım, %)","Up to 3 Months (TRY Deposits, Flow, %)",bie_mt100h,HAFTALIK(CUMA),Ağırlıklı ortalama,avg,Mevduat Bankaları,raw/TP_TRY_MT02_2026-01-01_2026-06-30_request.json,169ae7734ba1015313741800350ac98d019b0955fc6d497ae2932eb473997c6d,raw/TP_TRY_MT02_2026-01-01_2026-06-30_response.json.gz,906a35896741cdc3a06964000b3520bedfa8af6930b0dba1893d7571e4b5f5eb,observed,within_series_coverage,False,False
TP.TRY.MT02,2026-02-27,2026-02-27,2026-02-27,27-02-2026,9,44.38,44.38000000,False,1772139600,short_term_deposit_rate,3 aya kadar vadeli TL mevduat faiz oranini alternatif getiri kanali olarak izlemek,"3 Aya Kadar Vadeli (TL Mevduat, Akım, %)","Up to 3 Months (TRY Deposits, Flow, %)",bie_mt100h,HAFTALIK(CUMA),Ağırlıklı ortalama,avg,Mevduat Bankaları,raw/TP_TRY_MT02_2026-01-01_2026-06-30_request.json,169ae7734ba1015313741800350ac98d019b0955fc6d497ae2932eb473997c6d,raw/TP_TRY_MT02_2026-01-01_2026-06-30_response.json.gz,906a35896741cdc3a06964000b3520bedfa8af6930b0dba1893d7571e4b5f5eb,observed,within_series_coverage,False,False
TP.TRY.MT02,2026-03-06,2026-03-06,2026-03-06,06-03-2026,10,44.82,44.82000000,False,1772744400,short_term_deposit_rate,3 aya kadar vadeli TL mevduat faiz oranini alternatif getiri kanali olarak izlemek,"3 Aya Kadar Vadeli (TL Mevduat, Akım, %)","Up to 3 Months (TRY Deposits, Flow, %)",bie_mt100h,HAFTALIK(CUMA),Ağırlıklı ortalama,avg,Mevduat Bankaları,raw/TP_TRY_MT02_2026-01-01_2026-06-30_request.json,169ae7734ba1015313741800350ac98d019b0955fc6d497ae2932eb473997c6d,raw/TP_TRY_MT02_2026-01-01_2026-06-30_response.json.gz,906a35896741cdc3a06964000b3520bedfa8af6930b0dba1893d7571e4b5f5eb,observed,within_series_coverage,False,False
TP.TRY.MT02,2026-03-13,2026-03-13,2026-03-13,13-03-2026,11,45.24,45.24000000,False,1773349200,short_term_deposit_rate,3 aya kadar vadeli TL mevduat faiz oranini alternatif getiri kanali olarak izlemek,"3 Aya Kadar Vadeli (TL Mevduat, Akım, %)","Up to 3 Months (TRY Deposits, Flow, %)",bie_mt100h,HAFTALIK(CUMA),Ağırlıklı ortalama,avg,Mevduat Bankaları,raw/TP_TRY_MT02_2026-01-01_2026-06-30_request.json,169ae7734ba1015313741800350ac98d019b0955fc6d497ae2932eb473997c6d,raw/TP_TRY_MT02_2026-01-01_2026-06-30_response.json.gz,906a35896741cdc3a06964000b3520bedfa8af6930b0dba1893d7571e4b5f5eb,observed,within_series_coverage,False,False
TP.TRY.MT02,2026-03-20,2026-03-20,2026-03-20,20-03-2026,12,45.68,45.68000000,False,1773954000,short_term_deposit_rate,3 aya kadar vadeli TL mevduat faiz oranini alternatif getiri kanali olarak izlemek,"3 Aya Kadar Vadeli (TL Mevduat, Akım, %)","Up to 3 Months (TRY Deposits, Flow, %)",bie_mt100h,HAFTALIK(CUMA),Ağırlıklı ortalama,avg,Mevduat Bankaları,raw/TP_TRY_MT02_2026-01-01_2026-06-30_request.json,169ae7734ba1015313741800350ac98d019b0955fc6d497ae2932eb473997c6d,raw/TP_TRY_MT02_2026-01-01_2026-06-30_response.json.gz,906a35896741cdc3a06964000b3520bedfa8af6930b0dba1893d7571e4b5f5eb,observed,within_series_coverage,False,False
TP.TRY.MT02,2026-03-27,2026-03-27,2026-03-27,27-03-2026,13,46.59,46.59000000,False,1774558800,short_term_deposit_rate,3 aya kadar vadeli TL mevduat faiz oranini alternatif getiri kanali olarak izlemek,"3 Aya Kadar Vadeli (TL Mevduat, Akım, %)","Up to 3 Months (TRY Deposits, Flow, %)",bie_mt100h,HAFTALIK(CUMA),Ağırlıklı ortalama,avg,Mevduat Bankaları,raw/TP_TRY_MT02_2026-01-01_2026-06-30_request.json,169ae7734ba1015313741800350ac98d019b0955fc6d497ae2932eb473997c6d,raw/TP_TRY_MT02_2026-01-01_2026-06-30_response.json.gz,906a35896741cdc3a06964000b3520bedfa8af6930b0dba1893d7571e4b5f5eb,observed,within_series_coverage,False,False
TP.TRY.MT02,2026-04-03,2026-04-03,2026-04-03,03-04-2026,14,48.8,48.80000000,False,1775163600,short_term_deposit_rate,3 aya kadar vadeli TL mevduat faiz oranini alternatif getiri kanali olarak izlemek,"3 Aya Kadar Vadeli (TL Mevduat, Akım, %)","Up to 3 Months (TRY Deposits, Flow, %)",bie_mt100h,HAFTALIK(CUMA),Ağırlıklı ortalama,avg,Mevduat Bankaları,raw/TP_TRY_MT02_2026-01-01_2026-06-30_request.json,169ae7734ba1015313741800350ac98d019b0955fc6d497ae2932eb473997c6d,raw/TP_TRY_MT02_2026-01-01_2026-06-30_response.json.gz,906a35896741cdc3a06964000b3520bedfa8af6930b0dba1893d7571e4b5f5eb,observed,within_series_coverage,False,False
TP.TRY.MT02,2026-04-10,2026-04-10,2026-04-10,10-04-2026,15,49.02,49.02000000,False,1775768400,short_term_deposit_rate,3 aya kadar vadeli TL mevduat faiz oranini alternatif getiri kanali olarak izlemek,"3 Aya Kadar Vadeli (TL Mevduat, Akım, %)","Up to 3 Months (TRY Deposits, Flow, %)",bie_mt100h,HAFTALIK(CUMA),Ağırlıklı ortalama,avg,Mevduat Bankaları,raw/TP_TRY_MT02_2026-01-01_2026-06-30_request.json,169ae7734ba1015313741800350ac98d019b0955fc6d497ae2932eb473997c6d,raw/TP_TRY_MT02_2026-01-01_2026-06-30_response.json.gz,906a35896741cdc3a06964000b3520bedfa8af6930b0dba1893d7571e4b5f5eb,observed,within_series_coverage,False,False
TP.TRY.MT02,2026-04-17,2026-04-17,2026-04-17,17-04-2026,16,49.09,49.09000000,False,1776373200,short_term_deposit_rate,3 aya kadar vadeli TL mevduat faiz oranini alternatif getiri kanali olarak izlemek,"3 Aya Kadar Vadeli (TL Mevduat, Akım, %)","Up to 3 Months (TRY Deposits, Flow, %)",bie_mt100h,HAFTALIK(CUMA),Ağırlıklı ortalama,avg,Mevduat Bankaları,raw/TP_TRY_MT02_2026-01-01_2026-06-30_request.json,169ae7734ba1015313741800350ac98d019b0955fc6d497ae2932eb473997c6d,raw/TP_TRY_MT02_2026-01-01_2026-06-30_response.json.gz,906a35896741cdc3a06964000b3520bedfa8af6930b0dba1893d7571e4b5f5eb,observed,within_series_coverage,False,False
TP.TRY.MT02,2026-04-24,2026-04-24,2026-04-24,24-04-2026,17,48.64,48.64000000,False,1776978000,short_term_deposit_rate,3 aya kadar vadeli TL mevduat faiz oranini alternatif getiri kanali olarak izlemek,"3 Aya Kadar Vadeli (TL Mevduat, Akım, %)","Up to 3 Months (TRY Deposits, Flow, %)",bie_mt100h,HAFTALIK(CUMA),Ağırlıklı ortalama,avg,Mevduat Bankaları,raw/TP_TRY_MT02_2026-01-01_2026-06-30_request.json,169ae7734ba1015313741800350ac98d019b0955fc6d497ae2932eb473997c6d,raw/TP_TRY_MT02_2026-01-01_2026-06-30_response.json.gz,906a35896741cdc3a06964000b3520bedfa8af6930b0dba1893d7571e4b5f5eb,observed,within_series_coverage,False,False
TP.TRY.MT02,2026-05-01,2026-05-01,2026-05-01,01-05-2026,18,49.08,49.08000000,False,1777582800,short_term_deposit_rate,3 aya kadar vadeli TL mevduat faiz oranini alternatif getiri kanali olarak izlemek,"3 Aya Kadar Vadeli (TL Mevduat, Akım, %)","Up to 3 Months (TRY Deposits, Flow, %)",bie_mt100h,HAFTALIK(CUMA),Ağırlıklı ortalama,avg,Mevduat Bankaları,raw/TP_TRY_MT02_2026-01-01_2026-06-30_request.json,169ae7734ba1015313741800350ac98d019b0955fc6d497ae2932eb473997c6d,raw/TP_TRY_MT02_2026-01-01_2026-06-30_response.json.gz,906a35896741cdc3a06964000b3520bedfa8af6930b0dba1893d7571e4b5f5eb,observed,within_series_coverage,False,False
TP.TRY.MT02,2026-05-08,2026-05-08,2026-05-08,08-05-2026,19,48.85,48.85000000,False,1778187600,short_term_deposit_rate,3 aya kadar vadeli TL mevduat faiz oranini alternatif getiri kanali olarak izlemek,"3 Aya Kadar Vadeli (TL Mevduat, Akım, %)","Up to 3 Months (TRY Deposits, Flow, %)",bie_mt100h,HAFTALIK(CUMA),Ağırlıklı ortalama,avg,Mevduat Bankaları,raw/TP_TRY_MT02_2026-01-01_2026-06-30_request.json,169ae7734ba1015313741800350ac98d019b0955fc6d497ae2932eb473997c6d,raw/TP_TRY_MT02_2026-01-01_2026-06-30_response.json.gz,906a35896741cdc3a06964000b3520bedfa8af6930b0dba1893d7571e4b5f5eb,observed,within_series_coverage,False,False
TP.TRY.MT02,2026-05-15,2026-05-15,2026-05-15,15-05-2026,20,48.96,48.96000000,False,1778792400,short_term_deposit_rate,3 aya kadar vadeli TL mevduat faiz oranini alternatif getiri kanali olarak izlemek,"3 Aya Kadar Vadeli (TL Mevduat, Akım, %)","Up to 3 Months (TRY Deposits, Flow, %)",bie_mt100h,HAFTALIK(CUMA),Ağırlıklı ortalama,avg,Mevduat Bankaları,raw/TP_TRY_MT02_2026-01-01_2026-06-30_request.json,169ae7734ba1015313741800350ac98d019b0955fc6d497ae2932eb473997c6d,raw/TP_TRY_MT02_2026-01-01_2026-06-30_response.json.gz,906a35896741cdc3a06964000b3520bedfa8af6930b0dba1893d7571e4b5f5eb,observed,within_series_coverage,False,False
TP.TRY.MT02,2026-05-22,2026-05-22,2026-05-22,22-05-2026,21,48.81,48.81000000,False,1779397200,short_term_deposit_rate,3 aya kadar vadeli TL mevduat faiz oranini alternatif getiri kanali olarak izlemek,"3 Aya Kadar Vadeli (TL Mevduat, Akım, %)","Up to 3 Months (TRY Deposits, Flow, %)",bie_mt100h,HAFTALIK(CUMA),Ağırlıklı ortalama,avg,Mevduat Bankaları,raw/TP_TRY_MT02_2026-01-01_2026-06-30_request.json,169ae7734ba1015313741800350ac98d019b0955fc6d497ae2932eb473997c6d,raw/TP_TRY_MT02_2026-01-01_2026-06-30_response.json.gz,906a35896741cdc3a06964000b3520bedfa8af6930b0dba1893d7571e4b5f5eb,observed,within_series_coverage,False,False
TP.TRY.MT02,2026-05-29,2026-05-29,2026-05-29,29-05-2026,22,48.5,48.50000000,False,1780002000,short_term_deposit_rate,3 aya kadar vadeli TL mevduat faiz oranini alternatif getiri kanali olarak izlemek,"3 Aya Kadar Vadeli (TL Mevduat, Akım, %)","Up to 3 Months (TRY Deposits, Flow, %)",bie_mt100h,HAFTALIK(CUMA),Ağırlıklı ortalama,avg,Mevduat Bankaları,raw/TP_TRY_MT02_2026-01-01_2026-06-30_request.json,169ae7734ba1015313741800350ac98d019b0955fc6d497ae2932eb473997c6d,raw/TP_TRY_MT02_2026-01-01_2026-06-30_response.json.gz,906a35896741cdc3a06964000b3520bedfa8af6930b0dba1893d7571e4b5f5eb,observed,within_series_coverage,False,False
TP.TRY.MT02,2026-06-05,2026-06-05,2026-06-05,05-06-2026,23,49.3,49.30000000,False,1780606800,short_term_deposit_rate,3 aya kadar vadeli TL mevduat faiz oranini alternatif getiri kanali olarak izlemek,"3 Aya Kadar Vadeli (TL Mevduat, Akım, %)","Up to 3 Months (TRY Deposits, Flow, %)",bie_mt100h,HAFTALIK(CUMA),Ağırlıklı ortalama,avg,Mevduat Bankaları,raw/TP_TRY_MT02_2026-01-01_2026-06-30_request.json,169ae7734ba1015313741800350ac98d019b0955fc6d497ae2932eb473997c6d,raw/TP_TRY_MT02_2026-01-01_2026-06-30_response.json.gz,906a35896741cdc3a06964000b3520bedfa8af6930b0dba1893d7571e4b5f5eb,observed,within_series_coverage,False,False
TP.TRY.MT02,2026-06-12,2026-06-12,2026-06-12,12-06-2026,24,49.36,49.36000000,False,1781211600,short_term_deposit_rate,3 aya kadar vadeli TL mevduat faiz oranini alternatif getiri kanali olarak izlemek,"3 Aya Kadar Vadeli (TL Mevduat, Akım, %)","Up to 3 Months (TRY Deposits, Flow, %)",bie_mt100h,HAFTALIK(CUMA),Ağırlıklı ortalama,avg,Mevduat Bankaları,raw/TP_TRY_MT02_2026-01-01_2026-06-30_request.json,169ae7734ba1015313741800350ac98d019b0955fc6d497ae2932eb473997c6d,raw/TP_TRY_MT02_2026-01-01_2026-06-30_response.json.gz,906a35896741cdc3a06964000b3520bedfa8af6930b0dba1893d7571e4b5f5eb,observed,within_series_coverage,False,False
TP.TRY.MT02,2026-06-19,2026-06-19,2026-06-19,19-06-2026,25,49.5,49.50000000,False,1781816400,short_term_deposit_rate,3 aya kadar vadeli TL mevduat faiz oranini alternatif getiri kanali olarak izlemek,"3 Aya Kadar Vadeli (TL Mevduat, Akım, %)","Up to 3 Months (TRY Deposits, Flow, %)",bie_mt100h,HAFTALIK(CUMA),Ağırlıklı ortalama,avg,Mevduat Bankaları,raw/TP_TRY_MT02_2026-01-01_2026-06-30_request.json,169ae7734ba1015313741800350ac98d019b0955fc6d497ae2932eb473997c6d,raw/TP_TRY_MT02_2026-01-01_2026-06-30_response.json.gz,906a35896741cdc3a06964000b3520bedfa8af6930b0dba1893d7571e4b5f5eb,observed,within_series_coverage,False,False
TP.TRY.MT02,2026-06-26,2026-06-26,2026-06-26,26-06-2026,26,49.2,49.20000000,False,1782421200,short_term_deposit_rate,3 aya kadar vadeli TL mevduat faiz oranini alternatif getiri kanali olarak izlemek,"3 Aya Kadar Vadeli (TL Mevduat, Akım, %)","Up to 3 Months (TRY Deposits, Flow, %)",bie_mt100h,HAFTALIK(CUMA),Ağırlıklı ortalama,avg,Mevduat Bankaları,raw/TP_TRY_MT02_2026-01-01_2026-06-30_request.json,169ae7734ba1015313741800350ac98d019b0955fc6d497ae2932eb473997c6d,raw/TP_TRY_MT02_2026-01-01_2026-06-30_response.json.gz,906a35896741cdc3a06964000b3520bedfa8af6930b0dba1893d7571e4b5f5eb,observed,within_series_coverage,False,False
